time,wheel_l,wheel_r,roll,pitch,yaw,beta_l,beta_r,alpha
0.0,-18.0,-18.0,0.0,0.0,0.0,-1.5015619151244224,-1.5015619151244224,0.0
0.01,-18.0,-18.0,0.0,0.0,1.5789838572446672e-19,-1.4623241369684612,-1.4623241369684612,0.0
0.02,-18.0,-18.0,0.0,0.0,3.1462350613159355e-19,-1.4230842660750764,-1.4230842660750764,0.0
0.03,-18.0,-18.0,0.0,0.0,4.70151971130507e-19,-1.3838444283899003,-1.3838444283899003,0.0
0.04,-18.0,-18.0,0.0,0.0,7.823576343185481e-19,-1.3446046324545584,-1.3446046324545584,0.0
0.05,-18.0,-18.0,0.0,0.0,1.0920403731454178e-18,-1.3053648890076843,-1.3053648890076843,0.0
0.06,-18.0,-18.0,0.0,0.0,1.3991453611108884e-18,-1.266125211550005,-1.266125211550005,0.0
0.07,-18.0,-18.0,0.0,0.0,1.8615132330896943e-18,-1.2268856170547657,-1.2268856170547657,0.0
0.08,-18.0,-18.0,0.0,0.0,2.3197862996479833e-18,-1.1876461268608733,-1.1876461268608733,0.0
0.09,-18.0,-18.0,0.0,0.0,2.9317651608075578e-18,-1.148406767795747,-1.148406767795747,0.0
0.1,-18.0,-18.0,0.0,0.0,3.5379539966251314e-18,-1.1091675735869613,-1.1091675735869613,0.0
0.11,-18.0,-18.0,0.0,0.0,4.296103174690993e-18,-1.0699285866369506,-1.0699285866369506,0.0
0.12,-18.0,-18.0,0.0,0.0,5.046553540331674e-18,-1.0306898602541685,-1.0306898602541685,0.0
0.13,-18.0,-18.0,0.0,0.0,5.7890933638487565e-18,-0.9914514614581384,-0.9914514614581384,0.0
0.14,-18.0,-18.0,0.0,0.0,6.5234965344925765e-18,-0.9522134745060898,-0.9522134745060898,0.0
0.15,-18.0,-18.0,0.0,0.0,7.249520962562033e-18,-0.912976005327011,-0.912976005327011,0.0
0.16,-18.0,-18.0,0.0,0.0,7.966906730074974e-18,-0.8737391870970415,-0.8737391870970415,0.0
0.17,-18.0,-18.0,0.0,0.0,8.675373937787236e-18,-0.834503187250942,-0.834503187250942,0.0
0.18,-18.0,-18.0,0.0,0.0,9.374620182558242e-18,-0.7952682163015402,-0.7952682163015402,0.0
0.19,-18.0,-18.0,0.0,0.0,1.0064317580770777e-17,-0.7560345389375194,-0.7560345389375194,0.0
0.2,-18.0,-18.0,0.0,0.0,1.074410922891604e-17,-0.7168024879966559,-0.7168024879966559,0.0
0.21,-18.0,-18.0,0.0,0.0,1.141360495890106e-17,-0.6775724820769421,-0.6775724820769421,0.0
0.22,-18.0,-18.0,0.0,0.0,1.2072376199138417e-17,-0.638345047767948,-0.638345047767948,0.0
0.23,-18.0,-18.0,0.0,0.0,1.2719949686923922e-17,-0.5991208477855714,-0.5991208477855714,0.0
0.24,-18.0,-18.0,0.0,0.0,1.3355799683411887e-17,-0.5599007167203796,-0.5599007167203796,0.0
0.25,-18.0,-18.0,0.0,0.0,1.3979338204262633e-17,-0.5206857067450967,-0.5206857067450967,0.0
0.26,-18.0,-18.0,0.0,0.0,1.45899025713542e-17,-0.48147714662429286,-0.48147714662429286,0.0
0.27,-18.0,-18.0,0.0,0.0,1.5186739270593312e-17,-0.44227671902673715,-0.44227671902673715,0.0
0.28,-18.0,-18.0,0.0,0.0,1.5768982591705505e-17,-0.40308656405096244,-0.40308656405096244,0.0
0.29,-18.0,-18.0,0.0,0.0,1.63356256884323e-17,-0.3639094222523691,-0.3639094222523691,0.0
0.3,-18.0,-18.0,0.0,0.0,1.6885480264050803e-17,-0.3247488408845698,-0.3247488408845698,0.0
0.31,-18.0,-18.0,0.0,0.0,1.741711851469515e-17,-0.28560948826610955,-0.28560948826610955,0.0
0.32,-18.0,-18.0,0.0,0.0,1.792878607647327e-17,-0.24649766667618556,-0.24649766667618556,0.0
0.33,-18.0,-18.0,0.0,0.0,1.8418264766603573e-17,-0.20742221859814958,-0.20742221859814958,0.0
0.34,-18.0,-18.0,0.0,0.0,1.8882641747044198e-17,-0.16839628323034495,-0.16839628323034495,0.0
0.35,-18.0,-18.0,0.0,0.0,1.931788635300418e-17,-0.12944110433618095,-0.12944110433618095,0.0
0.36,-18.0,-18.0,0.0,0.0,1.9560075199371876e-17,-0.09059560525358323,-0.09059560525358323,0.0
0.37,-18.0,-18.0,0.0,0.0,1.9775034718169554e-17,-0.051946477267296176,-0.051946477267296176,0.0
0.38,-18.0,-18.0,0.0,0.0,1.9949521123159224e-17,-0.01376927054472854,-0.01376927054472854,0.0
0.39,-18.0,-18.0,0.0,0.0,1.9863646713097787e-17,0.02140419129715898,0.02140419129715898,0.0
0.4,-18.0,-18.0,0.0,0.0,1.965645302589822e-17,-0.01522362219226614,-0.01522362219226614,0.0
0.41,-18.0,-18.0,0.0,0.0,1.988240746180874e-17,0.02033905241659073,0.02033905241659073,0.0
0.42,-18.0,-18.0,0.0,0.0,1.9687598775811005e-17,-0.01615127144981421,-0.01615127144981421,0.0
0.43,-18.0,-18.0,0.0,0.0,1.9924581851600536e-17,0.019623143350813388,0.019623143350813388,0.0
0.44,-18.0,-18.0,0.0,0.0,1.972345177642649e-17,-0.016766403552521014,-0.016766403552521014,0.0
0.45,-18.0,-18.0,0.0,0.0,1.9806482053743623e-17,0.01913552668921703,0.01913552668921703,0.0
0.46,-18.0,-18.0,0.0,0.0,1.9670056437565917e-17,-0.017181072427223665,-0.017181072427223665,0.0
0.47,-18.0,-18.0,0.0,0.0,1.9788509057177627e-17,0.018801676164520442,0.018801676164520442,0.0
0.48,-18.0,-18.0,0.0,0.0,1.9664735081018622e-17,-0.01746280145381096,-0.01746280145381096,0.0
0.49,-18.0,-18.0,0.0,0.0,1.9794006901268914e-17,0.018572670515783818,0.018572670515783818,0.0
0.5,-18.0,-18.0,0.0,0.0,1.9669580001005883e-17,-0.017654973077462,-0.017654973077462,0.0
0.51,-18.0,-18.0,0.0,0.0,1.980349331425503e-17,0.018415498946307673,0.018415498946307673,0.0
0.52,-18.0,-18.0,0.0,0.0,1.9675122115110284e-17,-0.017786335664983,-0.017786335664983,0.0
0.53,-18.0,-18.0,0.0,0.0,1.965446709546869e-17,0.018307627015941907,0.018307627015941907,0.0
0.54,-18.0,-18.0,0.0,0.0,1.9441134856749763e-17,-0.017876238159628022,-0.017876238159628022,0.0
0.55,-18.0,-18.0,0.0,0.0,1.9695947473966013e-17,0.018233602579808217,0.018233602579808217,0.0
0.56,-18.0,-18.0,0.0,0.0,1.9459881090842884e-17,-0.017937808763049068,-0.017937808763049068,0.0
0.57,-18.0,-18.0,0.0,0.0,1.955561132946727e-17,0.01818281458471871,0.01818281458471871,0.0
0.58,-18.0,-18.0,0.0,0.0,1.9385590701226404e-17,-0.017979993683393092,-0.017979993683393092,0.0
0.59,-18.0,-18.0,0.0,0.0,1.9679474348659625e-17,0.01814797479443664,0.01814797479443664,0.0
0.6,-18.0,-18.0,0.0,0.0,1.9603346102140875e-17,-0.018008904108603563,-0.018008904108603563,0.0
0.61,-18.0,-18.0,0.0,0.0,1.979671467584046e-17,0.018124078347228734,0.018124078347228734,0.0
0.62,-18.0,-18.0,0.0,0.0,1.966134403152947e-17,-0.01802872048000692,-0.01802872048000692,0.0
0.63,-18.0,-18.0,0.0,0.0,1.9988856630635668e-17,0.018107689489222034,0.018107689489222034,0.0
0.64,-18.0,-18.0,0.0,0.0,1.9597755859304894e-17,-0.018042304894505756,-0.018042304894505756,0.0
0.65,-18.0,-18.0,0.0,0.0,1.9807162115601077e-17,0.018096450345007842,0.018096450345007842,0.0
0.66,-18.0,-18.0,0.0,0.0,1.949817736901272e-17,-0.01805161787855658,-0.01805161787855658,0.0
0.67,-18.0,-18.0,0.0,0.0,1.9762269045911584e-17,0.018088743158394704,0.018088743158394704,0.0
0.68,-18.0,-18.0,0.0,0.0,1.9469074730346865e-17,-0.01805800282994463,-0.01805800282994463,0.0
0.69,-18.0,-18.0,0.0,0.0,1.9596052053519654e-17,0.018083458181429313,0.018083458181429313,0.0
0.7,-18.0,-18.0,0.0,0.0,1.937913379374941e-17,-0.018062380472869455,-0.018062380472869455,0.0
0.71,-18.0,-18.0,0.0,0.0,1.9553876670804905e-17,0.018079834253249993,0.018079834253249993,0.0
0.72,-18.0,-18.0,0.0,0.0,1.935322254899555e-17,-0.018065381932824476,-0.018065381932824476,0.0
0.73,-18.0,-18.0,0.0,0.0,1.9544939525149385e-17,0.018077349354957528,0.018077349354957528,0.0
0.74,-18.0,-18.0,0.0,0.0,1.9344345116541254e-17,-0.01806743986574766,-0.01806743986574766,0.0
0.75,-18.0,-18.0,0.0,0.0,1.9702812468431164e-17,0.018075645500451598,0.018075645500451598,0.0
0.76,-18.0,-18.0,0.0,0.0,1.9419360636191343e-17,-0.018068850889314758,-0.018068850889314758,0.0
0.77,-18.0,-18.0,0.0,0.0,1.990664556872362e-17,0.018074477204559347,0.018074477204559347,0.0
0.78,-18.0,-18.0,0.0,0.0,1.951561799146345e-17,-0.018069818365575863,-0.018069818365575863,0.0
0.79,-18.0,-18.0,0.0,0.0,1.9808264239143133e-17,0.018073676134035654,0.018073676134035654,0.0
0.8,-18.0,-18.0,0.0,0.0,1.9457400486305646e-17,-0.018070481724257625,-0.018070481724257625,0.0
0.81,-18.0,-18.0,0.0,0.0,1.9785641405647775e-17,0.018073126862648614,0.018073126862648614,0.0
0.82,-18.0,-18.0,0.0,0.0,1.9280279803155077e-17,-0.01807093656349168,-0.01807093656349168,0.0
0.83,-18.0,-18.0,0.0,0.0,1.9703998748975294e-17,0.01807275024380295,0.01807275024380295,0.0
0.84,-18.0,-18.0,0.0,0.0,1.9227888136865532e-17,-0.018071248429744058,-0.018071248429744058,0.0
0.85,-18.0,-18.0,0.0,0.0,1.9845147206107734e-17,0.018072492008074148,0.018072492008074148,0.0
0.86,-18.0,-18.0,0.0,0.0,1.9446119436194935e-17,-0.01807146226509415,-0.01807146226509415,0.0
0.87,-18.0,-18.0,0.0,0.0,1.9968901427530322e-17,0.018072314944156842,0.018072314944156842,0.0
0.88,-18.0,-18.0,0.0,0.0,1.949942488717694e-17,-0.018071608884371315,-0.018071608884371315,0.0
0.89,-18.0,-18.0,0.0,0.0,2.0007547398696432e-17,0.018072193537238546,0.018072193537238546,0.0
0.9,-18.0,-18.0,0.0,0.0,1.9508328273944495e-17,-0.018071709416054738,-0.018071709416054738,0.0
0.91,-18.0,-18.0,0.0,0.0,1.9865622526775753e-17,0.018072110292547405,0.018072110292547405,0.0
0.92,-18.0,-18.0,0.0,0.0,1.9267823918039326e-17,-0.01807177834712892,-0.01807177834712892,0.0
0.93,-18.0,-18.0,0.0,0.0,2.0068515656551115e-17,0.018072053214450712,0.018072053214450712,0.0
0.94,-18.0,-18.0,0.0,0.0,1.9198564213270242e-17,-0.018071825610781467,-0.018071825610781467,0.0
0.95,-18.0,-18.0,0.0,0.0,1.989387822740764e-17,0.01807201407792247,0.01807201407792247,0.0
0.96,-18.0,-18.0,0.0,0.0,1.9249065439029977e-17,-0.018071858017840725,-0.018071858017840725,0.0
0.97,-18.0,-18.0,0.0,0.0,1.993500098127412e-17,0.018071987243328147,0.018071987243328147,0.0
0.98,-18.0,-18.0,0.0,0.0,1.909736614635163e-17,-0.018071880238248683,-0.018071880238248683,0.0
0.99,-18.0,-18.0,0.0,0.0,1.987419326011164e-17,0.018071968843756725,0.018071968843756725,0.0
1.0,-18.0,-18.0,0.0,0.0,1.9047954415772564e-17,-0.018071895474021105,-0.018071895474021105,0.0
1.01,-18.0,-18.0,0.0,0.0,1.9866894472186636e-17,0.01807195622779534,0.01807195622779534,0.0
1.02,-18.0,-18.0,0.0,0.0,1.8867817253857073e-17,-0.018071905920669096,-0.018071905920669096,0.0
1.03,-18.0,-18.0,0.0,0.0,1.979478504706161e-17,0.01807194757745978,0.01807194757745978,0.0
1.04,-18.0,-18.0,0.0,0.0,1.880909033781293e-17,-0.018071913083578472,-0.018071913083578472,0.0
1.05,-18.0,-18.0,0.0,0.0,1.9944090333301717e-17,0.01807194164621917,0.01807194164621917,0.0
1.06,-18.0,-18.0,0.0,0.0,1.8862046762727034e-17,-0.0180719179949409,-0.0180719179949409,0.0
1.07,-18.0,-18.0,0.0,0.0,1.9996380569643122e-17,0.018071937579369424,0.018071937579369424,0.0
1.08,-18.0,-18.0,0.0,0.0,1.8706135434471435e-17,-0.01807192136249447,-0.01807192136249447,0.0
1.09,-18.0,-18.0,0.0,0.0,1.994358417301398e-17,0.018071934790869104,0.018071934790869104,0.0
1.1,-18.0,-18.0,0.0,0.0,1.8650578971012737e-17,-0.018071923671511003,-0.018071923671511003,0.0
1.11,-18.0,-18.0,0.0,0.0,1.9785703069259178e-17,0.01807193287888942,0.01807193287888942,0.0
1.12,-18.0,-18.0,0.0,0.0,1.838419882210789e-17,-0.018071925254725008,-0.018071925254725008,0.0
1.13,-18.0,-18.0,0.0,0.0,1.999314935089767e-17,0.018071931567910093,0.018071931567910093,0.0
1.14,-18.0,-18.0,0.0,0.0,1.8299158621521568e-17,-0.018071926340280875,-0.018071926340280875,0.0
1.15,-18.0,-18.0,0.0,0.0,1.998672987202261e-17,0.018071930669016245,0.018071930669016245,0.0
1.16,-18.0,-18.0,0.0,0.0,1.8099959232218918e-17,-0.018071927084609474,-0.018071927084609474,0.0
1.17,-18.0,-18.0,0.0,0.0,1.9924659029653278e-17,0.018071930052675267,0.018071930052675267,0.0
1.18,-18.0,-18.0,0.0,0.0,1.7868431571439652e-17,-0.01807192759497034,-0.01807192759497034,0.0
1.19,-18.0,-18.0,0.0,0.0,2.0007322599470903e-17,0.018071929630071315,0.018071929630071315,0.0
1.2,-18.0,-18.0,0.0,0.0,1.8021701013215742e-17,-0.018071927944907307,-0.018071927944907307,0.0
1.21,-18.0,-18.0,0.0,0.0,2.0132760782428505e-17,0.018071929340306214,0.018071929340306214,0.0
1.22,-18.0,-18.0,0.0,0.0,1.772437993218492e-17,-0.018071928184847152,-0.018071928184847152,0.0
1.23,-18.0,-18.0,0.0,0.0,2.0030899666492637e-17,0.018071929141624032,0.018071929141624032,0.0
1.24,-18.0,-18.0,0.0,0.0,1.7619010894487873e-17,-0.018071928349365773,-0.018071928349365773,0.0
1.25,-18.0,-18.0,0.0,0.0,2.0187915789059415e-17,0.01807192900539456,0.01807192900539456,0.0
1.26,-18.0,-18.0,0.0,0.0,1.7485893231829015e-17,-0.018071928462170428,-0.018071928462170428,0.0
1.27,-18.0,-18.0,0.0,0.0,2.0179004004723032e-17,0.018071928911986612,0.018071928911986612,0.0
1.28,-18.0,-18.0,0.0,0.0,1.7262784557326987e-17,-0.01807192853951678,-0.01807192853951678,0.0
1.29,-18.0,-18.0,0.0,0.0,2.028552731754537e-17,0.018071928847940066,0.018071928847940066,0.0
1.3,-18.0,-18.0,0.0,0.0,1.7408728439221387e-17,-0.01807192859255058,-0.01807192859255058,0.0
1.31,-18.0,-18.0,0.0,0.0,2.0585152287932513e-17,0.018071928804025417,0.018071928804025417,0.0
1.32,-18.0,-18.0,0.0,0.0,1.717900323098362e-17,-0.018071928628914158,-0.018071928628914158,0.0
1.33,-18.0,-18.0,0.0,0.0,2.1330862779488912e-17,0.018071928773914836,0.018071928773914392,0.0
1.34,-18.0,-18.0,0.0,0.0,1.637229314709415e-17,-0.018071928653847547,-0.018071928653847102,0.0
1.35,-18.0,-18.0,0.0,0.0,2.1650464988321106e-17,0.01807192875326935,0.018071928753268907,0.0
1.36,-18.0,-18.0,0.0,0.0,1.5947931868003456e-17,-0.018071928670942983,-0.01807192867094254,0.0
1.37,-18.0,-18.0,0.0,0.0,2.155626774275066e-17,0.01807192873911312,0.018071928739112675,0.0
1.38,-18.0,-18.0,0.0,0.0,1.545658607565322e-17,-0.01807192868266516,-0.018071928682664717,0.0
1.39,-18.0,-18.0,0.0,0.0,2.1751631780827623e-17,0.01807192872940666,0.018071928729406217,0.0
1.4,-18.0,-18.0,0.0,0.0,1.5101978756673106e-17,-0.01807192869070251,-0.018071928690702066,0.0
1.41,-18.0,-18.0,0.0,0.0,2.2031300896116955e-17,0.01807192872275154,0.018071928722751096,0.0
1.42,-18.0,-18.0,0.0,0.0,1.493531916679371e-17,-0.018071928696213213,-0.01807192869621277,0.0
1.43,-18.0,-18.0,0.0,0.0,2.2419851078682108e-17,0.018071928718188524,0.01807192871818808,0.0
1.44,-18.0,-18.0,0.0,0.0,1.4497604484111606e-17,-0.018071928699991746,-0.018071928699991302,0.0
1.45,-18.0,-18.0,0.0,0.0,2.284249179558636e-17,0.018071928715059693,0.01807192871505925,0.0
1.46,-18.0,-18.0,0.0,0.0,1.4216367397045265e-17,-0.01807192870258212,-0.018071928702581674,0.0
1.47,-18.0,-18.0,0.0,0.0,2.3363291506890647e-17,0.018071928712914742,0.018071928712914298,0.0
1.48,-18.0,-18.0,0.0,0.0,1.38107914979389e-17,-0.018071928704358253,-0.01807192870435781,0.0
1.49,-18.0,-18.0,0.0,0.0,2.3839667140798486e-17,0.01807192871144392,0.018071928711443475,0.0
1.5,-18.0,-18.0,0.0,0.0,1.336204793959874e-17,-0.018071928705576168,-0.018071928705575724,0.0
1.51,-18.0,-18.0,0.0,0.0,2.447215631482409e-17,0.018071928710435614,0.018071928710434726,0.0
1.52,-18.0,-18.0,0.0,0.0,1.2497350586554395e-17,-0.018071928706411944,-0.018071928706411056,0.0
1.53,-18.0,-18.0,0.0,0.0,2.5235630168017896e-17,0.018071928709743723,0.018071928709742835,0.0
1.54,-18.0,-18.0,0.0,0.0,1.1664896415504184e-17,-0.01807192870698482,-0.01807192870698393,0.0
1.55,-18.0,-18.0,0.0,0.0,2.589421973172463e-17,0.018071928709268992,0.018071928709268104,0.0
1.56,-18.0,-18.0,0.0,0.0,1.1059608729358592e-17,-0.018071928707377838,-0.01807192870737695,0.0
1.57,-18.0,-18.0,0.0,0.0,2.670078101988905e-17,0.01807192870894392,0.01807192870894303,0.0
1.58,-18.0,-18.0,0.0,0.0,1.050035315249529e-17,-0.018071928707646734,-0.018071928707645846,0.0
1.59,-18.0,-18.0,0.0,0.0,2.7878201176410827e-17,0.01807192870872143,0.01807192870872054,0.0
1.6,-18.0,-18.0,0.0,0.0,9.781165597523172e-18,-0.01807192870783103,-0.018071928707830143,0.0
1.61,-18.0,-18.0,0.0,0.0,2.91723118112773e-17,0.018071928708568885,0.018071928708567553,0.0
1.62,-18.0,-18.0,0.0,0.0,9.23595200131477e-18,-0.01807192870795804,-0.018071928707956708,0.0
1.63,-18.0,-18.0,0.0,0.0,3.028364093993614e-17,0.018071928708463636,0.018071928708462304,0.0
1.64,-18.0,-18.0,0.0,0.0,8.083756369826044e-18,-0.018071928708045082,-0.01807192870804375,0.0
1.65,-18.0,-18.0,0.0,0.0,3.1600757159674753e-17,0.01807192870839147,0.01807192870839014,0.0
1.66,-18.0,-18.0,0.0,0.0,6.668413374388565e-18,-0.01807192870810459,-0.018071928708103258,0.0
1.67,-18.0,-18.0,0.0,0.0,3.284129922440762e-17,0.018071928708342844,0.018071928708341067,0.0
1.68,-18.0,-18.0,0.0,0.0,5.4689350805497674e-18,-0.018071928708145668,-0.018071928708143892,0.0
1.69,-18.0,-18.0,0.0,0.0,3.4250451215935964e-17,0.01807192870830865,0.018071928708306872,0.0
1.7,-18.0,-18.0,0.0,0.0,3.825742309568985e-18,-0.018071928708173868,-0.01807192870817209,0.0
1.71,-18.0,-18.0,0.0,0.0,3.581113961336064e-17,0.018071928708285334,0.018071928708283558,0.0
1.72,-18.0,-18.0,0.0,0.0,2.032281137307437e-18,-0.018071928708193186,-0.018071928708190965,0.0
1.73,-18.0,-18.0,0.0,0.0,3.768443469014558e-17,0.018071928708270013,0.018071928708267793,0.0
1.74,-18.0,-18.0,0.0,0.0,4.785920207504137e-19,-0.018071928708206286,-0.018071928708204066,0.0
1.75,-18.0,-18.0,0.0,0.0,3.9919108813908294e-17,0.01807192870825891,0.01807192870825669,0.0
1.76,-18.0,-18.0,0.0,0.0,-2.0756140441100273e-18,-0.01807192870821539,-0.018071928708212726,0.0
1.77,-18.0,-18.0,0.0,0.0,4.205187903991786e-17,0.018071928708252027,0.018071928708249363,0.0
1.78,-18.0,-18.0,0.0,0.0,-4.472915105450514e-18,-0.018071928708221163,-0.0180719287082185,0.0
1.79,-18.0,-18.0,0.0,0.0,4.421160050164994e-17,0.018071928708247142,0.018071928708244034,0.0
1.8,-18.0,-18.0,0.0,0.0,-7.116368867070181e-18,-0.018071928708226048,-0.01807192870822294,0.0
1.81,-18.0,-18.0,0.0,0.0,4.698206952500401e-17,0.018071928708243368,0.01807192870824026,0.0
1.82,-18.0,-18.0,0.0,0.0,-1.0034230322748267e-17,-0.018071928708228935,-0.018071928708225382,0.0
1.83,-18.0,-18.0,0.0,0.0,5.02105386014166e-17,0.01807192870824137,0.018071928708237817,0.0
1.84,-18.0,-18.0,0.0,0.0,-1.2849537839976936e-17,-0.018071928708231155,-0.01807192870822716,0.0
1.85,-18.0,-18.0,0.0,0.0,5.362949501712828e-17,0.018071928708239815,0.018071928708235818,0.0
1.86,-18.0,-18.0,0.0,0.0,-1.6494344624687657e-17,-0.01807192870823271,-0.01807192870822827,0.0
1.87,-18.0,-18.0,0.0,0.0,5.724575016225403e-17,0.01807192870823937,0.01807192870823493,0.0
1.88,-18.0,-18.0,0.0,0.0,-2.051445297329184e-17,-0.018071928708234042,-0.018071928708229157,0.0
1.89,-18.0,-18.0,0.0,0.0,6.146889135755519e-17,0.01807192870823826,0.018071928708233376,0.0
1.9,-18.0,-18.0,0.0,0.0,-2.4716688342491407e-17,-0.018071928708235374,-0.018071928708230045,0.0
1.91,-18.0,-18.0,0.0,0.0,6.626039289055811e-17,0.01807192870823804,0.01807192870823271,0.0
1.92,-18.0,-18.0,0.0,0.0,-2.9453960792203277e-17,-0.018071928708235596,-0.018071928708229823,0.0
1.93,-18.0,-18.0,0.0,0.0,7.114388582875784e-17,0.01807192870823804,0.01807192870823182,0.0
1.94,-18.0,-18.0,0.0,0.0,-3.530650385303935e-17,-0.018071928708236262,-0.0180719287082296,0.0
1.95,-18.0,-18.0,0.0,0.0,7.694694128265986e-17,0.01807192870823804,0.018071928708231377,0.0
1.96,-18.0,-18.0,0.0,0.0,-4.125354585230271e-17,-0.018071928708236706,-0.0180719287082296,0.0
1.97,-18.0,-18.0,0.0,0.0,8.312375547921609e-17,0.018071928708238483,0.018071928708230933,0.0
1.98,-18.0,-18.0,0.0,0.0,-4.7908241830599575e-17,-0.01807192870823715,-0.018071928708229157,0.0
1.99,-18.0,-18.0,0.0,0.0,8.953436002331331e-17,0.018071928708238705,0.018071928708230267,0.0
2.0,-18.0,-18.0,0.0,0.0,-5.5365307593926273e-17,-0.018071928708237817,-0.018071928708228935,0.0
2.01,-18.0,-18.0,0.0,0.0,9.709977344671757e-17,0.01807192870823915,0.018071928708229823,0.0
2.02,-18.0,-18.0,0.0,0.0,-6.413210097479001e-17,-0.018071928708238705,-0.018071928708228935,0.0
2.03,-18.0,-18.0,0.0,0.0,1.0592479447638083e-16,0.01807192870823915,0.018071928708228935,0.0
2.04,-18.0,-18.0,0.0,0.0,-7.310600391767845e-17,-0.01807192870823915,-0.01807192870822849,0.0
2.05,-18.0,-18.0,0.0,0.0,1.1520107443476645e-16,0.01807192870824026,0.018071928708228713,0.0
2.06,-18.0,-18.0,0.0,0.0,-8.32003168220324e-17,-0.01807192870823937,-0.01807192870822738,0.0
2.07,-18.0,-18.0,0.0,0.0,1.259051395934377e-16,0.018071928708240925,0.018071928708228047,0.0
2.08,-18.0,-18.0,0.0,0.0,-9.427491613674196e-17,-0.01807192870824048,-0.01807192870822716,0.0
2.09,-18.0,-18.0,0.0,0.0,1.3816506454441462e-16,0.018071928708241147,0.018071928708226936,0.0
2.1,-18.0,-18.0,0.0,0.0,-1.0616159612411786e-16,-0.01807192870824137,-0.018071928708226714,0.0
2.11,-18.0,-18.0,0.0,0.0,1.5133328645447406e-16,0.01807192870824159,0.018071928708226048,0.0
2.12,-18.0,-18.0,0.0,0.0,-1.1971302835592594e-16,-0.01807192870824248,-0.018071928708226048,0.0
2.13,-18.0,-18.0,0.0,0.0,1.6628293237986213e-16,0.018071928708242257,0.018071928708224938,0.0
2.14,-18.0,-18.0,0.0,0.0,-1.350215085781181e-16,-0.018071928708243146,-0.018071928708224938,0.0
2.15,-18.0,-18.0,0.0,0.0,1.8241385741504785e-16,0.018071928708243368,0.018071928708224272,0.0
2.16,-18.0,-18.0,0.0,0.0,-1.518368733877171e-16,-0.018071928708244478,-0.01807192870822405,0.0
2.17,-18.0,-18.0,0.0,0.0,2.0007620663785947e-16,0.0180719287082447,0.018071928708223384,0.0
2.18,-18.0,-18.0,0.0,0.0,-1.7083288942927307e-16,-0.018071928708245366,-0.018071928708222718,0.0
2.19,-18.0,-18.0,0.0,0.0,2.199470919281809e-16,0.018071928708245588,0.01807192870822205,0.0
2.2,-18.0,-18.0,0.0,0.0,-1.9175236237292484e-16,-0.018071928708246254,-0.018071928708221385,0.0
2.21,-18.0,-18.0,0.0,0.0,2.420971856718742e-16,0.018071928708247587,0.018071928708221385,0.0
2.22,-18.0,-18.0,0.0,0.0,-2.1465260582845228e-16,-0.018071928708247142,-0.01807192870821961,0.0
2.23,-18.0,-18.0,0.0,0.0,2.66434731407224e-16,0.018071928708249363,0.018071928708220053,0.0
2.24,-18.0,-18.0,0.0,0.0,-2.404650118897249e-16,-0.018071928708248475,-0.018071928708217833,0.0
2.25,-18.0,-18.0,0.0,0.0,2.9353277637527723e-16,0.01807192870825114,0.01807192870821872,0.0
2.26,-18.0,-18.0,0.0,0.0,-2.693317174725089e-16,-0.01807192870825003,-0.018071928708215834,0.0
2.27,-18.0,-18.0,0.0,0.0,3.232901132183109e-16,0.018071928708253138,0.018071928708217166,0.0
2.28,-18.0,-18.0,0.0,0.0,-3.0127642281737584e-16,-0.018071928708251583,-0.018071928708213836,0.0
2.29,-18.0,-18.0,0.0,0.0,3.5661342960412486e-16,0.018071928708255358,0.01807192870821539,0.0
2.3,-18.0,-18.0,0.0,0.0,-3.358140629346251e-16,-0.018071928708253804,-0.01807192870821206,0.0
2.31,-18.0,-18.0,0.0,0.0,3.9373898339030595e-16,0.018071928708256912,0.018071928708212504,0.0
2.32,-18.0,-18.0,0.0,0.0,-3.745431917751414e-16,-0.01807192870825647,-0.01807192870820984,0.0
2.33,-18.0,-18.0,0.0,0.0,4.3479663210650686e-16,0.018071928708259355,0.018071928708210505,0.0
2.34,-18.0,-18.0,0.0,0.0,-4.180518363726489e-16,-0.01807192870825869,-0.018071928708207174,0.0
2.35,-18.0,-18.0,0.0,0.0,4.806215383064115e-16,0.01807192870826202,0.018071928708207396,0.0
2.36,-18.0,-18.0,0.0,0.0,-4.659577596158805e-16,-0.018071928708261797,-0.01807192870820451,0.0
2.37,-18.0,-18.0,0.0,0.0,5.317796274630551e-16,0.018071928708264684,0.018071928708204288,0.0
2.38,-18.0,-18.0,0.0,0.0,-5.184980390963922e-16,-0.018071928708265572,-0.018071928708202067,0.0
2.39,-18.0,-18.0,0.0,0.0,5.882136320495556e-16,0.01807192870826757,0.018071928708200513,0.0
2.4,-18.0,-18.0,0.0,0.0,-5.77662383443877e-16,-0.018071928708269125,-0.018071928708198515,0.0
2.41,-18.0,-18.0,0.0,0.0,6.502518710753489e-16,0.018071928708271345,0.01807192870819674,0.0
2.42,-18.0,-18.0,0.0,0.0,-6.435530802062554e-16,-0.01807192870827312,-0.018071928708194518,0.0
2.43,-18.0,-18.0,0.0,0.0,7.193824160479014e-16,0.018071928708275342,0.01807192870819274,0.0
2.44,-18.0,-18.0,0.0,0.0,-7.160144760404438e-16,-0.018071928708277563,-0.01807192870819052,0.0
2.45,-18.0,-18.0,0.0,0.0,7.96311645371676e-16,0.018071928708280005,0.018071928708188523,0.0
2.46,-18.0,-18.0,0.0,0.0,-7.965772824649798e-16,-0.01807192870828178,-0.018071928708185414,0.0
2.47,-18.0,-18.0,0.0,0.0,8.813837494657071e-16,0.018071928708285334,0.018071928708183638,0.0
2.48,-18.0,-18.0,0.0,0.0,-8.863730947433677e-16,-0.018071928708287333,-0.018071928708180307,0.0
2.49,-18.0,-18.0,0.0,0.0,9.759755566140378e-16,0.01807192870829044,0.018071928708177643,0.0
2.5,-18.0,-18.0,0.0,0.0,-9.85573510678573e-16,-0.018071928708293328,-0.018071928708174312,0.0
2.51,-18.0,-18.0,0.0,0.0,1.0810561195430866e-15,0.01807192870829666,0.018071928708171425,0.0
2.52,-18.0,-18.0,0.0,0.0,-1.0961690445818613e-15,-0.01807192870829999,-0.018071928708168095,0.0
2.53,-18.0,-18.0,0.0,0.0,1.1976526492122022e-15,0.01807192870830332,0.01807192870816432,0.0
2.54,-18.0,-18.0,0.0,0.0,-1.2184505874280622e-15,-0.018071928708307095,-0.018071928708160545,0.0
2.55,-18.0,-18.0,0.0,0.0,1.3269260588609126e-15,0.01807192870831109,0.018071928708156992,0.0
2.56,-18.0,-18.0,0.0,0.0,-1.3544082772784795e-15,-0.01807192870831531,-0.018071928708152774,0.0
2.57,-18.0,-18.0,0.0,0.0,1.4704784482198958e-15,0.01807192870831975,0.018071928708148777,0.0
2.58,-18.0,-18.0,0.0,0.0,-1.5046179445687622e-15,-0.01807192870832397,-0.01807192870814367,0.0
2.59,-18.0,-18.0,0.0,0.0,1.6297571754492612e-15,0.018071928708329077,0.018071928708139007,0.0
2.6,-18.0,-18.0,0.0,0.0,-1.6718348901707836e-15,-0.018071928708334184,-0.0180719287081339,0.0
2.61,-18.0,-18.0,0.0,0.0,1.8067379172008945e-15,0.018071928708339735,0.018071928708128793,0.0
2.62,-18.0,-18.0,0.0,0.0,-1.8575378084291375e-15,-0.018071928708344842,-0.018071928708122798,0.0
2.63,-18.0,-18.0,0.0,0.0,2.0027243763597543e-15,0.01807192870835106,0.018071928708117024,0.0
2.64,-18.0,-18.0,0.0,0.0,-2.063147372151216e-15,-0.018071928708357277,-0.018071928708110807,0.0
2.65,-18.0,-18.0,0.0,0.0,2.2208492036883223e-15,0.01807192870836416,0.018071928708104368,0.0
2.66,-18.0,-18.0,0.0,0.0,-2.291751802666611e-15,-0.0180719287083706,-0.01807192870809704,0.0
2.67,-18.0,-18.0,0.0,0.0,2.4622458977472445e-15,0.018071928708378593,0.01807192870809038,0.0
2.68,-18.0,-18.0,0.0,0.0,-2.5453742332510037e-15,-0.018071928708385476,-0.018071928708082163,0.0
2.69,-18.0,-18.0,0.0,0.0,2.730416037900052e-15,0.018071928708394358,0.018071928708074614,0.0
2.7,-18.0,-18.0,0.0,0.0,-2.826812255284473e-15,-0.01807192870840213,-0.01807192870806551,0.0
2.71,-18.0,-18.0,0.0,0.0,3.0278069689591276e-15,0.0180719287084119,0.018071928708057072,0.0
2.72,-18.0,-18.0,0.0,0.0,-3.1392195700600598e-15,-0.01807192870842078,-0.018071928708046858,0.0
2.73,-18.0,-18.0,0.0,0.0,3.3575949132922354e-15,0.01807192870843144,0.018071928708037532,0.0
2.74,-18.0,-18.0,0.0,0.0,-3.4856669962442177e-15,-0.018071928708440765,-0.018071928708025986,0.0
2.75,-18.0,-18.0,0.0,0.0,3.72424612253632e-15,0.0180719287084532,0.018071928708016216,0.0
2.76,-18.0,-18.0,0.0,0.0,-3.870453683994033e-15,-0.018071928708463192,-0.018071928708003115,0.0
2.77,-18.0,-18.0,0.0,0.0,4.130831869746028e-15,0.018071928708477403,0.018071928707992457,0.0
2.78,-18.0,-18.0,0.0,0.0,-4.297040647667087e-15,-0.018071928708488283,-0.01807192870797758,0.0
2.79,-18.0,-18.0,0.0,0.0,4.581959003885243e-15,0.01807192870850427,0.018071928707966034,0.0
2.8,-18.0,-18.0,0.0,0.0,-4.77078961323115e-15,-0.018071928708516483,-0.018071928707949825,0.0
2.81,-18.0,-18.0,0.0,0.0,5.082723725880127e-15,0.01807192870853358,0.01807192870793628,0.0
2.82,-18.0,-18.0,0.0,0.0,-5.296724381700202e-15,-0.01807192870854779,-0.01807192870791896,0.0
2.83,-18.0,-18.0,0.0,0.0,5.637839071150845e-15,0.018071928708565776,0.018071928707903195,0.0
2.84,-18.0,-18.0,0.0,0.0,-5.879657357015472e-15,-0.01807192870858243,-0.01807192870788432,0.0
2.85,-18.0,-18.0,0.0,0.0,6.254870830138209e-15,0.018071928708602414,0.018071928707867002,0.0
2.86,-18.0,-18.0,0.0,0.0,-6.526337909431638e-15,-0.018071928708620844,-0.018071928707846352,0.0
2.87,-18.0,-18.0,0.0,0.0,6.939426939794201e-15,0.018071928708642382,0.018071928707826146,0.0
2.88,-18.0,-18.0,0.0,0.0,-7.244664141818467e-15,-0.018071928708663476,-0.01807192870780372,0.0
2.89,-18.0,-18.0,0.0,0.0,7.698711501552656e-15,0.018071928708687235,0.018071928707781737,0.0
2.9,-18.0,-18.0,0.0,0.0,-8.041718951808974e-15,-0.018071928708710328,-0.018071928707756424,0.0
2.91,-18.0,-18.0,0.0,0.0,8.541627383602238e-15,0.018071928708737195,0.01807192870773222,0.0
2.92,-18.0,-18.0,0.0,0.0,-8.926262343582166e-15,-0.018071928708762952,-0.018071928707704243,0.0
2.93,-18.0,-18.0,0.0,0.0,9.476279239288618e-15,0.018071928708791818,0.01807192870767671,0.0
2.94,-18.0,-18.0,0.0,0.0,-9.908168629883495e-15,-0.018071928708821128,-0.018071928707646512,0.0
2.95,-18.0,-18.0,0.0,0.0,1.0513750249634383e-14,0.01807192870885288,0.018071928707615204,0.0
2.96,-18.0,-18.0,0.0,0.0,-1.099763892820791e-14,-0.018071928708885743,-0.01807192870758234,0.0
2.97,-18.0,-18.0,0.0,0.0,1.1665590700791214e-14,0.018071928708921048,0.01807192870754748,0.0
2.98,-18.0,-18.0,0.0,0.0,-1.2206538822602663e-14,-0.01807192870895702,-0.018071928707510176,0.0
2.99,-18.0,-18.0,0.0,0.0,1.2943636707307811e-14,0.01807192870899632,0.018071928707472207,0.0
3.0,-18.0,-18.0,0.0,0.0,-1.354774796981915e-14,-0.01807192870903629,-0.018071928707430907,0.0
3.01,-18.0,-16.434782608695652,0.0,0.0,0.0015401808136231397,0.02726999846758349,0.06791764985685256,3.140052472776587
3.02,-18.0,-16.434782608695652,0.0,0.0,0.0026976239759159684,-0.01596989495717449,0.04787165810353211,3.1384534222530545
3.03,-18.0,-16.434782608695652,0.0,0.0,0.004518885275451061,-0.0008594663664147628,0.022754707577410604,3.137550914612922
3.04,-18.0,-16.434782608695652,0.0,0.0,0.006027592656675436,-0.021671786373775426,0.020883155019679744,3.136817603389709
3.05,-18.0,-16.434782608695652,0.0,0.0,0.007855630024856963,-0.011799212490484878,0.01140433169336652,3.136648398050869
3.06,-18.0,-16.434782608695652,0.0,0.0,0.009504590811620669,-0.0170581705934576,0.016997414424313906,3.136333630871705
3.07,-18.0,-16.434782608695652,0.0,0.0,0.01126561555083554,-0.013658636372698929,0.013605873126532053,3.136352217013686
3.08,-18.0,-16.434782608695652,0.0,0.0,0.012960920128398437,-0.015646483354713414,0.01560066794062731,3.136262463749294
3.09,-18.0,-16.434782608695652,0.0,0.0,0.014696320571646064,-0.014432231879204727,0.014385109955641129,3.136284355600171
3.1,-18.0,-16.434782608695652,0.0,0.0,0.016407837081737618,-0.01515540905964552,0.015109299124458575,3.13625763587012
3.11,-18.0,-16.434782608695652,0.0,0.0,0.018133792486834905,-0.014718238025905883,0.01467147312085082,3.136268244684771
3.12,-18.0,-16.434782608695652,0.0,0.0,0.019851097187609114,-0.01498018436780213,0.014933759460933116,3.136259655103335
3.13,-18.0,-16.434782608695652,0.0,0.0,0.02157361355900945,-0.014822387678059101,0.014775728910732866,3.1362639425458045
3.14,-18.0,-16.434782608695652,0.0,0.0,0.02329300073955257,-0.014917138455310619,0.014870607099428446,3.1362610178994355
3.15,-18.0,-16.434782608695652,0.0,0.0,0.025014270657633467,-0.014860132605645893,0.014813519054303947,3.1362626403683564
3.16,-18.0,-16.434782608695652,0.0,0.0,0.02673440922905849,-0.01489438882775218,0.01484782243954319,3.136261611976423
3.17,-18.0,-16.434782608695652,0.0,0.0,0.028455228161946608,-0.014873788499719431,0.014827192862912675,3.1362622097228736
3.18,-18.0,-16.434782608695652,0.0,0.0,0.03017563813846302,-0.014886171259819392,0.014839592858938211,3.1362618424408613
3.19,-18.0,-16.434782608695652,0.0,0.0,0.031896294004922526,-0.014878726043005441,0.014832137145200486,3.136262060206483
3.2,-18.0,-16.434782608695652,0.0,0.0,0.03361680205342053,-0.01488320179774072,0.014836619158932196,3.1362619281214243
3.21,-18.0,-16.434782608695652,0.0,0.0,0.035337398973098066,-0.014880510892325782,0.014833924470867954,3.1362620070855725
3.22,-18.0,-16.434782608695652,0.0,0.0,0.03705794246516175,-0.014882128615730572,0.014835544460862327,3.136261959443345
3.23,-18.0,-16.434782608695652,0.0,0.0,0.03877851807816746,-0.01488115603394724,0.014834570513559298,3.1362619880213516
3.24,-18.0,-16.434782608695652,0.0,0.0,0.04049907438038586,-0.014881740740870564,0.014835156040346353,3.136261970816024
3.25,-18.0,-16.434782608695652,0.0,0.0,0.04221964229223148,-0.014881389215819052,0.014834804021988557,3.136261981150585
3.26,-18.0,-16.434782608695652,0.0,0.0,0.04394020322444475,-0.014881600550469276,0.014835015653058115,3.136261974934019
3.27,-18.0,-16.434782608695652,0.0,0.0,0.04566076835279129,-0.014881473496763498,0.014834888421088266,3.1362619786700834
3.28,-18.0,-16.434782608695652,0.0,0.0,0.04738133095844421,-0.014881549880805256,0.014834964912279869,3.1362619764234867
3.29,-18.0,-16.434782608695652,0.0,0.0,0.04910189508073071,-0.01488150395902088,0.014834918926069252,3.1362619777739456
3.3,-18.0,-16.434782608695652,0.0,0.0,0.050822458291224226,-0.014881531566983686,0.01483494657276152,3.1362619769619857
3.31,-18.0,-16.434782608695652,0.0,0.0,0.05254302204988384,-0.014881514969193432,0.014834929951685893,3.136261977450106
3.32,-18.0,-16.434782608695652,0.0,0.0,0.054263585478988435,-0.014881524947711444,0.014834939944202485,3.136261977156641
3.33,-18.0,-16.434782608695652,0.0,0.0,0.055984149106220106,-0.014881518948668626,0.014834933936744177,3.136261977333067
3.34,-18.0,-16.434782608695652,0.0,0.0,0.05770471261433865,-0.014881522555267201,0.014834937548401372,3.136261977226999
3.35,-18.0,-16.434782608695652,0.0,0.0,0.05942527619406746,-0.01488152038699675,0.01483493537708891,3.1362619772907667
3.36,-18.0,-16.434782608695652,0.0,0.0,0.061145839730744486,-0.014881521690551791,0.01483493668247271,3.1362619772524303
3.37,-18.0,-16.434782608695652,0.0,0.0,0.06286640329330406,-0.014881520906859569,0.014834935897681811,3.136261977275478
3.38,-18.0,-16.434782608695652,0.0,0.0,0.06458696684030317,-0.014881521378012241,0.014834936369493956,3.1362619772616216
3.39,-18.0,-16.434782608695652,0.0,0.0,0.0663075303966572,-0.014881521094756822,0.014834936085841521,3.1362619772699514
3.4,-18.0,-16.434782608695652,0.0,0.0,0.06802809394738707,-0.014881521265049047,0.01483493625637311,3.1362619772649434
3.41,-18.0,-16.434782608695652,0.0,0.0,0.06974865750149817,-0.014881521162669609,0.014834936153850231,3.1362619772679543
3.42,-18.0,-16.434782608695652,0.0,0.0,0.07146922105357646,-0.014881521224220817,0.014834936215486705,3.1362619772661446
3.43,-18.0,-16.434782608695652,0.0,0.0,0.07318978460687689,-0.014881521187215752,0.014834936178430125,3.136261977267232
3.44,-18.0,-16.434782608695652,0.0,0.0,0.07491034815944257,-0.014881521209463067,0.01483493620070897,3.136261977266578
3.45,-18.0,-16.434782608695652,0.0,0.0,0.07663091171244998,-0.014881521196087988,0.014834936187314796,3.1362619772669715
3.46,-18.0,-16.434782608695652,0.0,0.0,0.07835147526519183,-0.014881521204129111,0.014834936195367465,3.136261977266735
3.47,-18.0,-16.434782608695652,0.0,0.0,0.08007203881809333,-0.014881521199294978,0.01483493619052667,3.1362619772668774
3.48,-18.0,-16.434782608695652,0.0,0.0,0.08179260237089885,-0.014881521202201098,0.014834936193436343,3.1362619772667917
3.49,-18.0,-16.434782608695652,0.0,0.0,0.08351316592376208,-0.014881521200454051,0.014834936191686188,3.1362619772668427
3.5,-18.0,-16.434782608695652,0.0,0.0,0.08523372947659058,-0.01488152120150521,0.014834936192739567,3.1362619772668126
3.51,-18.0,-16.434782608695652,0.0,0.0,0.08695429302944,-0.014881521200872161,0.014834936192105186,3.1362619772668303
3.52,-18.0,-16.434782608695652,0.0,0.0,0.0886748565822768,-0.01488152120125319,0.014834936192487547,3.1362619772668197
3.53,-18.0,-16.434782608695652,0.0,0.0,0.0903954201351212,-0.01488152120102404,0.014834936192257953,3.1362619772668263
3.54,-18.0,-16.434782608695652,0.0,0.0,0.09211598368796102,-0.014881521201162817,0.014834936192396286,3.1362619772668228
3.55,-18.0,-16.434782608695652,0.0,0.0,0.0938365472408036,-0.014881521201078662,0.014834936192312576,3.136261977266825
3.56,-18.0,-16.434782608695652,0.0,0.0,0.09555711079364453,-0.01488152120112951,0.01483493619236298,3.1362619772668237
3.57,-18.0,-16.434782608695652,0.0,0.0,0.09727767434648647,-0.014881521201098424,0.014834936192331893,3.136261977266824
3.58,-18.0,-16.434782608695652,0.0,0.0,0.0989982378993278,-0.014881521201116632,0.01483493619235099,3.1362619772668237
3.59,-18.0,-16.434782608695652,0.0,0.0,0.10071880145216949,-0.014881521201105974,0.014834936192339443,3.1362619772668237
3.6,-18.0,-16.434782608695652,0.0,0.0,0.10243936500501097,-0.014881521201112413,0.014834936192346326,3.1362619772668237
3.61,-18.0,-16.434782608695652,0.0,0.0,0.10415992855785257,-0.014881521201108638,0.014834936192342107,3.1362619772668237
3.62,-18.0,-16.434782608695652,0.0,0.0,0.1058804921106941,-0.014881521201110859,0.014834936192344772,3.1362619772668237
3.63,-18.0,-16.434782608695652,0.0,0.0,0.10760105566353567,-0.014881521201109527,0.014834936192342996,3.1362619772668237
3.64,-18.0,-16.434782608695652,0.0,0.0,0.10932161921637722,-0.014881521201110415,0.014834936192343884,3.1362619772668237
3.65,-18.0,-16.434782608695652,0.0,0.0,0.11104218276921878,-0.014881521201109749,0.014834936192343662,3.1362619772668237
3.66,-18.0,-16.434782608695652,0.0,0.0,0.11276274632206033,-0.014881521201109749,0.014834936192343662,3.1362619772668237
3.67,-18.0,-16.434782608695652,0.0,0.0,0.11448330987490189,-0.014881521201109749,0.014834936192343662,3.1362619772668237
3.68,-18.0,-16.434782608695652,0.0,0.0,0.11620387342774345,-0.014881521201110193,0.014834936192343662,3.1362619772668237
3.69,-18.0,-16.434782608695652,0.0,0.0,0.11792443698058501,-0.014881521201110193,0.014834936192343662,3.1362619772668237
3.7,-18.0,-16.434782608695652,0.0,0.0,0.11964500053342657,-0.014881521201110193,0.014834936192343662,3.1362619772668237
3.71,-18.0,-16.434782608695652,0.0,0.0,0.12136556408626813,-0.014881521201109749,0.014834936192344106,3.1362619772668237
3.72,-18.0,-16.434782608695652,0.0,0.0,0.12308612763910967,-0.014881521201110193,0.014834936192344106,3.1362619772668237
3.73,-18.0,-16.434782608695652,0.0,0.0,0.12480669119195123,-0.01488152120110997,0.01483493619234344,3.1362619772668237
3.74,-18.0,-16.434782608695652,0.0,0.0,0.1265272547447928,-0.01488152120110997,0.014834936192343884,3.1362619772668237
3.75,-18.0,-16.434782608695652,0.0,0.0,0.12824781829763435,-0.014881521201110415,0.014834936192343884,3.1362619772668237
3.76,-18.0,-16.434782608695652,0.0,0.0,0.12996838185047593,-0.014881521201109305,0.014834936192343218,3.1362619772668237
3.77,-18.0,-16.434782608695652,0.0,0.0,0.1316889454033175,-0.014881521201110193,0.014834936192344106,3.1362619772668237
3.78,-18.0,-16.434782608695652,0.0,0.0,0.13340950895615905,-0.014881521201109749,0.014834936192343662,3.1362619772668237
3.79,-18.0,-16.434782608695652,0.0,0.0,0.1351300725090006,-0.014881521201109749,0.014834936192343662,3.1362619772668237
3.8,-18.0,-16.434782608695652,0.0,0.0,0.13685063606184217,-0.014881521201110415,0.01483493619234344,3.1362619772668237
3.81,-18.0,-16.434782608695652,0.0,0.0,0.13857119961468373,-0.01488152120110997,0.014834936192343884,3.1362619772668237
3.82,-18.0,-16.434782608695652,0.0,0.0,0.14029176316752529,-0.014881521201109749,0.014834936192344106,3.1362619772668237
3.83,-18.0,-16.434782608695652,0.0,0.0,0.14201232672036684,-0.01488152120110997,0.014834936192343884,3.1362619772668237
3.84,-18.0,-16.434782608695652,0.0,0.0,0.1437328902732084,-0.01488152120110997,0.01483493619234344,3.1362619772668237
3.85,-18.0,-16.434782608695652,0.0,0.0,0.14545345382604996,-0.01488152120110997,0.01483493619234344,3.1362619772668237
3.86,-18.0,-16.434782608695652,0.0,0.0,0.14717401737889152,-0.01488152120110997,0.014834936192343884,3.1362619772668237
3.87,-18.0,-16.434782608695652,0.0,0.0,0.14889458093173308,-0.014881521201110193,0.014834936192344106,3.1362619772668237
3.88,-18.0,-16.434782608695652,0.0,0.0,0.15061514448457464,-0.014881521201109527,0.01483493619234344,3.1362619772668237
3.89,-18.0,-16.434782608695652,0.0,0.0,0.15233570803741622,-0.014881521201109082,0.014834936192342996,3.136261977266823
3.9,-18.0,-16.434782608695652,0.0,0.0,0.15405627159025778,-0.01488152120110997,0.014834936192343884,3.136261977266823
3.91,-18.0,-16.434782608695652,0.0,0.0,0.15577683514309934,-0.014881521201109749,0.014834936192344106,3.1362619772668237
3.92,-18.0,-16.434782608695652,0.0,0.0,0.1574973986959409,-0.014881521201109527,0.014834936192343884,3.1362619772668237
3.93,-18.0,-16.434782608695652,0.0,0.0,0.15921796224878246,-0.014881521201109749,0.014834936192344106,3.1362619772668237
3.94,-18.0,-16.434782608695652,0.0,0.0,0.16093852580162402,-0.014881521201109749,0.014834936192344106,3.1362619772668237
3.95,-18.0,-16.434782608695652,0.0,0.0,0.16265908935446557,-0.01488152120110997,0.014834936192343884,3.1362619772668237
3.96,-18.0,-16.434782608695652,0.0,0.0,0.16437965290730713,-0.014881521201109527,0.014834936192344328,3.1362619772668237
3.97,-18.0,-16.434782608695652,0.0,0.0,0.1661002164601487,-0.014881521201109749,0.014834936192344106,3.1362619772668237
3.98,-18.0,-16.434782608695652,0.0,0.0,0.16782078001299025,-0.014881521201109305,0.01483493619234455,3.1362619772668237
3.99,-18.0,-16.434782608695652,0.0,0.0,0.1695413435658318,-0.014881521201109527,0.014834936192343884,3.1362619772668237
4.0,-18.0,-16.434782608695652,0.0,0.0,0.17126190711867337,-0.014881521201109527,0.014834936192343884,3.1362619772668237
4.01,-18.0,-16.434782608695652,0.0,0.0,0.17298247067151493,-0.014881521201109749,0.014834936192344106,3.1362619772668237
4.02,-18.0,-16.434782608695652,0.0,0.0,0.17470303422435648,-0.014881521201109749,0.01483493619234455,3.1362619772668237
4.03,-18.0,-16.434782608695652,0.0,0.0,0.17642359777719804,-0.014881521201109082,0.014834936192343884,3.1362619772668237
4.04,-18.0,-16.434782608695652,0.0,0.0,0.17814416133003963,-0.014881521201108638,0.01483493619234344,3.136261977266823
4.05,-18.0,-16.434782608695652,0.0,0.0,0.1798647248828812,-0.014881521201109527,0.014834936192344328,3.136261977266823
4.06,-18.0,-16.434782608695652,0.0,0.0,0.18158528843572275,-0.014881521201109527,0.014834936192344328,3.1362619772668237
4.07,-18.0,-16.434782608695652,0.0,0.0,0.1833058519885643,-0.014881521201109082,0.014834936192344328,3.1362619772668237
4.08,-18.0,-16.434782608695652,0.0,0.0,0.18502641554140586,-0.014881521201109305,0.014834936192344106,3.1362619772668237
4.09,-18.0,-16.434782608695652,0.0,0.0,0.18674697909424742,-0.014881521201109527,0.014834936192344328,3.1362619772668237
4.1,-18.0,-16.434782608695652,0.0,0.0,0.18846754264708898,-0.014881521201109527,0.014834936192344328,3.1362619772668237
4.11,-18.0,-16.434782608695652,0.0,0.0,0.19018810619993054,-0.014881521201109527,0.014834936192344328,3.1362619772668237
4.12,-18.0,-16.434782608695652,0.0,0.0,0.1919086697527721,-0.014881521201109527,0.014834936192344328,3.1362619772668237
4.13,-18.0,-16.434782608695652,0.0,0.0,0.19362923330561366,-0.014881521201109305,0.01483493619234455,3.1362619772668237
4.14,-18.0,-16.434782608695652,0.0,0.0,0.19534979685845522,-0.014881521201109305,0.014834936192344106,3.1362619772668237
4.15,-18.0,-16.434782608695652,0.0,0.0,0.19707036041129677,-0.014881521201109082,0.014834936192344328,3.1362619772668237
4.16,-18.0,-16.434782608695652,0.0,0.0,0.19879092396413833,-0.014881521201109527,0.014834936192344328,3.1362619772668237
4.17,-18.0,-16.434782608695652,0.0,0.0,0.2005114875169799,-0.014881521201109749,0.01483493619234455,3.1362619772668237
4.18,-18.0,-16.434782608695652,0.0,0.0,0.20223205106982145,-0.014881521201109082,0.014834936192343884,3.1362619772668237
4.19,-18.0,-16.434782608695652,0.0,0.0,0.20395261462266304,-0.014881521201108638,0.01483493619234344,3.136261977266823
4.2,-18.0,-16.434782608695652,0.0,0.0,0.2056731781755046,-0.014881521201109305,0.01483493619234455,3.136261977266823
4.21,-18.0,-16.434782608695652,0.0,0.0,0.20739374172834615,-0.014881521201109527,0.014834936192344328,3.1362619772668237
4.22,-18.0,-16.434782608695652,0.0,0.0,0.2091143052811877,-0.014881521201109527,0.014834936192343884,3.1362619772668237
4.23,-18.0,-16.434782608695652,0.0,0.0,0.21083486883402927,-0.014881521201109305,0.014834936192344106,3.136261977266823
4.24,-18.0,-16.434782608695652,0.0,0.0,0.21255543238687083,-0.014881521201109527,0.014834936192344328,3.1362619772668237
4.25,-18.0,-16.434782608695652,0.0,0.0,0.2142759959397124,-0.014881521201109305,0.01483493619234455,3.1362619772668237
4.26,-18.0,-16.434782608695652,0.0,0.0,0.21599655949255395,-0.014881521201109305,0.01483493619234455,3.1362619772668237
4.27,-18.0,-16.434782608695652,0.0,0.0,0.2177171230453955,-0.014881521201109527,0.014834936192344328,3.1362619772668237
4.28,-18.0,-16.434782608695652,0.0,0.0,0.21943768659823706,-0.014881521201109305,0.01483493619234455,3.1362619772668237
4.29,-18.0,-16.434782608695652,0.0,0.0,0.22115825015107862,-0.014881521201109082,0.014834936192344328,3.1362619772668237
4.3,-18.0,-16.434782608695652,0.0,0.0,0.22287881370392018,-0.014881521201109082,0.014834936192344328,3.1362619772668237
4.31,-18.0,-16.434782608695652,0.0,0.0,0.22459937725676174,-0.014881521201109082,0.014834936192344772,3.1362619772668237
4.32,-18.0,-16.434782608695652,0.0,0.0,0.2263199408096033,-0.014881521201109527,0.014834936192344772,3.1362619772668237
4.33,-18.0,-16.434782608695652,0.0,0.0,0.22804050436244486,-0.01488152120110886,0.014834936192344106,3.1362619772668237
4.34,-18.0,-16.434782608695652,0.0,0.0,0.22976106791528644,-0.014881521201108416,0.014834936192343662,3.136261977266823
4.35,-18.0,-16.434782608695652,0.0,0.0,0.231481631468128,-0.014881521201109305,0.01483493619234455,3.136261977266823
4.36,-18.0,-16.434782608695652,0.0,0.0,0.23320219502096956,-0.014881521201109082,0.014834936192344772,3.1362619772668237
4.37,-18.0,-16.434782608695652,0.0,0.0,0.23492275857381112,-0.01488152120110886,0.01483493619234455,3.1362619772668237
4.38,-18.0,-16.434782608695652,0.0,0.0,0.23664332212665268,-0.014881521201109305,0.01483493619234455,3.136261977266823
4.39,-18.0,-16.434782608695652,0.0,0.0,0.23836388567949424,-0.014881521201109305,0.01483493619234455,3.1362619772668237
4.4,-18.0,-16.434782608695652,0.0,0.0,0.2400844492323358,-0.014881521201109082,0.014834936192344772,3.1362619772668237
4.41,-18.0,-16.434782608695652,0.0,0.0,0.24180501278517735,-0.014881521201109082,0.014834936192344772,3.1362619772668237
4.42,-18.0,-16.434782608695652,0.0,0.0,0.2435255763380189,-0.014881521201109082,0.014834936192344772,3.1362619772668237
4.43,-18.0,-16.434782608695652,0.0,0.0,0.24524613989086047,-0.014881521201109082,0.014834936192344772,3.1362619772668237
4.44,-18.0,-16.434782608695652,0.0,0.0,0.24696670344370203,-0.01488152120110886,0.01483493619234455,3.1362619772668237
4.45,-18.0,-16.434782608695652,0.0,0.0,0.2486872669965436,-0.014881521201109082,0.014834936192344328,3.1362619772668237
4.46,-18.0,-16.434782608695652,0.0,0.0,0.25040783054938515,-0.014881521201109082,0.014834936192344772,3.1362619772668237
4.47,-18.0,-16.434782608695652,0.0,0.0,0.2521283941022267,-0.014881521201109527,0.014834936192344772,3.1362619772668237
4.48,-18.0,-16.434782608695652,0.0,0.0,0.25384895765506826,-0.01488152120110886,0.014834936192344106,3.1362619772668237
4.49,-18.0,-16.434782608695652,0.0,0.0,0.2555695212079098,-0.014881521201108194,0.014834936192343884,3.136261977266823
4.5,-18.0,-16.434782608695652,0.0,0.0,0.2572900847607514,-0.014881521201109305,0.01483493619234455,3.136261977266823
4.51,-18.0,-16.434782608695652,0.0,0.0,0.25901064831359294,-0.014881521201109305,0.01483493619234455,3.1362619772668237
4.52,-18.0,-16.434782608695652,0.0,0.0,0.2607312118664345,-0.014881521201109305,0.014834936192344106,3.1362619772668237
4.53,-18.0,-16.434782608695652,0.0,0.0,0.26245177541927606,-0.014881521201109305,0.01483493619234455,3.1362619772668237
4.54,-18.0,-16.434782608695652,0.0,0.0,0.2641723389721176,-0.014881521201109082,0.014834936192344772,3.1362619772668237
4.55,-18.0,-16.434782608695652,0.0,0.0,0.2658929025249592,-0.014881521201109305,0.01483493619234455,3.1362619772668237
4.56,-18.0,-16.434782608695652,0.0,0.0,0.26761346607780073,-0.014881521201109527,0.014834936192344328,3.1362619772668237
4.57,-18.0,-16.434782608695652,0.0,0.0,0.2693340296306423,-0.014881521201109082,0.014834936192344772,3.1362619772668237
4.58,-18.0,-16.434782608695652,0.0,0.0,0.27105459318348385,-0.014881521201109305,0.01483493619234455,3.1362619772668237
4.59,-18.0,-16.434782608695652,0.0,0.0,0.2727751567363254,-0.01488152120110886,0.01483493619234455,3.1362619772668237
4.6,-18.0,-16.434782608695652,0.0,0.0,0.27449572028916697,-0.01488152120110886,0.01483493619234455,3.1362619772668237
4.61,-18.0,-16.434782608695652,0.0,0.0,0.2762162838420085,-0.014881521201109305,0.01483493619234455,3.1362619772668237
4.62,-18.0,-16.434782608695652,0.0,0.0,0.2779368473948501,-0.014881521201109527,0.014834936192344772,3.1362619772668237
4.63,-18.0,-16.434782608695652,0.0,0.0,0.27965741094769164,-0.01488152120110886,0.014834936192344106,3.1362619772668237
4.64,-18.0,-16.434782608695652,0.0,0.0,0.2813779745005332,-0.014881521201108194,0.014834936192343884,3.136261977266823
4.65,-18.0,-16.434782608695652,0.0,0.0,0.28309853805337476,-0.014881521201109082,0.014834936192344772,3.136261977266823
4.66,-18.0,-16.434782608695652,0.0,0.0,0.2848191016062163,-0.014881521201109305,0.01483493619234455,3.1362619772668237
4.67,-18.0,-16.434782608695652,0.0,0.0,0.2865396651590579,-0.014881521201109082,0.014834936192344328,3.1362619772668237
4.68,-18.0,-16.434782608695652,0.0,0.0,0.28826022871189944,-0.014881521201109305,0.01483493619234455,3.136261977266823
4.69,-18.0,-16.434782608695652,0.0,0.0,0.289980792264741,-0.014881521201109527,0.014834936192344328,3.1362619772668237
4.7,-18.0,-16.434782608695652,0.0,0.0,0.29170135581758255,-0.014881521201109082,0.014834936192344772,3.1362619772668237
4.71,-18.0,-16.434782608695652,0.0,0.0,0.2934219193704241,-0.014881521201109305,0.01483493619234455,3.1362619772668237
4.72,-18.0,-16.434782608695652,0.0,0.0,0.29514248292326567,-0.014881521201109527,0.014834936192344328,3.1362619772668237
4.73,-18.0,-16.434782608695652,0.0,0.0,0.29686304647610723,-0.014881521201109305,0.01483493619234455,3.1362619772668237
4.74,-18.0,-16.434782608695652,0.0,0.0,0.2985836100289488,-0.014881521201109082,0.014834936192344328,3.1362619772668237
4.75,-18.0,-16.434782608695652,0.0,0.0,0.30030417358179035,-0.014881521201109082,0.014834936192344328,3.1362619772668237
4.76,-18.0,-16.434782608695652,0.0,0.0,0.3020247371346319,-0.014881521201109082,0.014834936192344772,3.1362619772668237
4.77,-18.0,-16.434782608695652,0.0,0.0,0.30374530068747346,-0.014881521201109527,0.014834936192344772,3.136261977266824
4.78,-18.0,-16.434782608695652,0.0,0.0,0.305465864240315,-0.01488152120110886,0.014834936192344106,3.1362619772668237
4.79,-18.0,-16.434782608695652,0.0,0.0,0.3071864277931566,-0.014881521201108638,0.01483493619234344,3.136261977266823
4.8,-18.0,-16.434782608695652,0.0,0.0,0.30890699134599814,-0.014881521201109305,0.01483493619234455,3.136261977266823
4.81,-18.0,-16.434782608695652,0.0,0.0,0.3106275548988397,-0.014881521201109082,0.014834936192344772,3.1362619772668237
4.82,-18.0,-16.434782608695652,0.0,0.0,0.31234811845168126,-0.014881521201109305,0.014834936192344106,3.1362619772668237
4.83,-18.0,-16.434782608695652,0.0,0.0,0.3140686820045228,-0.014881521201109305,0.014834936192344106,3.1362619772668237
4.84,-18.0,-16.434782608695652,0.0,0.0,0.3157892455573644,-0.014881521201109305,0.01483493619234455,3.1362619772668237
4.85,-18.0,-16.434782608695652,0.0,0.0,0.31750980911020593,-0.014881521201109527,0.014834936192344328,3.1362619772668237
4.86,-18.0,-16.434782608695652,0.0,0.0,0.3192303726630475,-0.014881521201109527,0.014834936192344328,3.1362619772668237
4.87,-18.0,-16.434782608695652,0.0,0.0,0.32095093621588905,-0.014881521201109749,0.014834936192344106,3.1362619772668237
4.88,-18.0,-16.434782608695652,0.0,0.0,0.3226714997687306,-0.014881521201109527,0.014834936192344328,3.1362619772668237
4.89,-18.0,-16.434782608695652,0.0,0.0,0.32439206332157217,-0.014881521201109082,0.014834936192344328,3.1362619772668237
4.9,-18.0,-16.434782608695652,0.0,0.0,0.3261126268744137,-0.014881521201109305,0.014834936192344106,3.1362619772668237
4.91,-18.0,-16.434782608695652,0.0,0.0,0.3278331904272553,-0.014881521201109527,0.014834936192344328,3.1362619772668237
4.92,-18.0,-16.434782608695652,0.0,0.0,0.32955375398009684,-0.014881521201109749,0.01483493619234455,3.1362619772668237
4.93,-18.0,-16.434782608695652,0.0,0.0,0.3312743175329384,-0.014881521201109082,0.014834936192343884,3.1362619772668237
4.94,-18.0,-16.434782608695652,0.0,0.0,0.33299488108577996,-0.014881521201108638,0.01483493619234344,3.136261977266823
4.95,-18.0,-16.434782608695652,0.0,0.0,0.3347154446386215,-0.014881521201109527,0.014834936192344328,3.136261977266823
4.96,-18.0,-16.434782608695652,0.0,0.0,0.3364360081914631,-0.014881521201109527,0.014834936192344328,3.1362619772668237
4.97,-18.0,-16.434782608695652,0.0,0.0,0.33815657174430463,-0.014881521201109527,0.014834936192343884,3.1362619772668237
4.98,-18.0,-16.434782608695652,0.0,0.0,0.3398771352971462,-0.014881521201109749,0.014834936192344106,3.1362619772668237
4.99,-18.0,-16.434782608695652,0.0,0.0,0.34159769884998775,-0.014881521201109749,0.014834936192344106,3.1362619772668237
5.0,-18.0,-16.434782608695652,0.0,0.0,0.3433182624028293,-0.014881521201109749,0.014834936192344106,3.1362619772668237
5.01,-18.0,-16.434782608695652,0.0,0.0,0.34503882595567087,-0.014881521201109527,0.014834936192344328,3.1362619772668237
5.02,-18.0,-16.434782608695652,0.0,0.0,0.34675938950851243,-0.014881521201109749,0.014834936192344106,3.1362619772668237
5.03,-18.0,-16.434782608695652,0.0,0.0,0.348479953061354,-0.014881521201109527,0.014834936192344328,3.1362619772668237
5.04,-18.0,-16.434782608695652,0.0,0.0,0.35020051661419555,-0.014881521201109527,0.014834936192343884,3.1362619772668237
5.05,-18.0,-16.434782608695652,0.0,0.0,0.3519210801670371,-0.014881521201109527,0.014834936192343884,3.1362619772668237
5.06,-18.0,-16.434782608695652,0.0,0.0,0.35364164371987866,-0.01488152120110997,0.014834936192343884,3.1362619772668237
5.07,-18.0,-16.434782608695652,0.0,0.0,0.3553622072727202,-0.014881521201110193,0.014834936192344106,3.1362619772668237
5.08,-18.0,-16.434782608695652,0.0,0.0,0.3570827708255618,-0.014881521201109305,0.014834936192343662,3.1362619772668237
5.09,-18.0,-16.434782608695652,0.0,0.0,0.35880333437840334,-0.01488152120110886,0.014834936192343218,3.1362619772668228
5.1,-18.0,-16.434782608695652,0.0,0.0,0.3605238979312449,-0.014881521201109749,0.014834936192344106,3.136261977266823
5.11,-18.0,-16.434782608695652,0.0,0.0,0.36224446148408646,-0.014881521201109749,0.014834936192344106,3.1362619772668237
5.12,-18.0,-16.434782608695652,0.0,0.0,0.363965025036928,-0.014881521201109527,0.014834936192343884,3.1362619772668237
5.13,-18.0,-16.434782608695652,0.0,0.0,0.3656855885897696,-0.014881521201109305,0.014834936192344106,3.136261977266823
5.14,-18.0,-16.434782608695652,0.0,0.0,0.36740615214261113,-0.014881521201109749,0.014834936192344106,3.1362619772668237
5.15,-18.0,-16.434782608695652,0.0,0.0,0.3691267156954527,-0.014881521201109749,0.014834936192344106,3.1362619772668237
5.16,-18.0,-16.434782608695652,0.0,0.0,0.37084727924829425,-0.014881521201109749,0.014834936192344106,3.1362619772668237
5.17,-18.0,-16.434782608695652,0.0,0.0,0.3725678428011358,-0.014881521201109749,0.014834936192344106,3.1362619772668237
5.18,-18.0,-16.434782608695652,0.0,0.0,0.37428840635397737,-0.014881521201109749,0.014834936192344106,3.1362619772668237
5.19,-18.0,-16.434782608695652,0.0,0.0,0.3760089699068189,-0.014881521201109749,0.014834936192343662,3.1362619772668237
5.2,-18.0,-16.434782608695652,0.0,0.0,0.3777295334596605,-0.014881521201109749,0.014834936192343662,3.1362619772668237
5.21,-18.0,-16.434782608695652,0.0,0.0,0.37945009701250204,-0.014881521201109749,0.014834936192344106,3.1362619772668237
5.22,-18.0,-16.434782608695652,0.0,0.0,0.3811706605653436,-0.014881521201110193,0.014834936192344106,3.1362619772668237
5.23,-18.0,-16.434782608695652,0.0,0.0,0.38289122411818516,-0.014881521201109527,0.01483493619234344,3.1362619772668237
5.24,-18.0,-16.434782608695652,0.0,0.0,0.3846117876710267,-0.014881521201109082,0.014834936192342996,3.136261977266823
5.25,-18.0,-16.434782608695652,0.0,0.0,0.3863323512238683,-0.014881521201109749,0.014834936192344106,3.136261977266823
5.26,-18.0,-16.434782608695652,0.0,0.0,0.38805291477670983,-0.01488152120110997,0.014834936192343884,3.1362619772668237
5.27,-18.0,-16.434782608695652,0.0,0.0,0.3897734783295514,-0.014881521201109527,0.014834936192343884,3.1362619772668237
5.28,-18.0,-16.434782608695652,0.0,0.0,0.39149404188239295,-0.014881521201110193,0.014834936192343662,3.1362619772668237
5.29,-18.0,-16.434782608695652,0.0,0.0,0.3932146054352345,-0.01488152120110997,0.014834936192343884,3.1362619772668237
5.3,-18.0,-16.434782608695652,0.0,0.0,0.39493516898807607,-0.014881521201109749,0.014834936192344106,3.1362619772668237
5.31,-18.0,-16.434782608695652,0.0,0.0,0.3966557325409176,-0.01488152120110997,0.014834936192343884,3.1362619772668237
5.32,-18.0,-16.434782608695652,0.0,0.0,0.3983762960937592,-0.01488152120110997,0.014834936192343884,3.1362619772668237
5.33,-18.0,-16.434782608695652,0.0,0.0,0.40009685964660074,-0.01488152120110997,0.014834936192343884,3.1362619772668237
5.34,-18.0,-16.434782608695652,0.0,0.0,0.4018174231994423,-0.014881521201109527,0.014834936192343884,3.1362619772668237
5.35,-18.0,-16.434782608695652,0.0,0.0,0.40353798675228386,-0.014881521201109749,0.014834936192343662,3.1362619772668237
5.36,-18.0,-16.434782608695652,0.0,0.0,0.4052585503051254,-0.01488152120110997,0.014834936192343884,3.1362619772668237
5.37,-18.0,-16.434782608695652,0.0,0.0,0.406979113857967,-0.014881521201110193,0.014834936192344106,3.1362619772668237
5.38,-18.0,-16.434782608695652,0.0,0.0,0.40869967741080854,-0.014881521201109305,0.014834936192343662,3.1362619772668237
5.39,-18.0,-16.434782608695652,0.0,0.0,0.4104202409636501,-0.014881521201109082,0.014834936192342996,3.136261977266823
5.4,-18.0,-16.434782608695652,0.0,0.0,0.41214080451649165,-0.01488152120110997,0.014834936192343884,3.136261977266823
5.41,-18.0,-16.434782608695652,0.0,0.0,0.4138613680693332,-0.014881521201110193,0.014834936192343662,3.1362619772668237
5.42,-18.0,-16.434782608695652,0.0,0.0,0.41558193162217477,-0.014881521201109749,0.014834936192343662,3.1362619772668237
5.43,-18.0,-16.434782608695652,0.0,0.0,0.41730249517501633,-0.014881521201109749,0.014834936192343662,3.136261977266823
5.44,-18.0,-16.434782608695652,0.0,0.0,0.4190230587278579,-0.01488152120110997,0.014834936192343884,3.1362619772668237
5.45,-18.0,-16.434782608695652,0.0,0.0,0.42074362228069945,-0.01488152120110997,0.014834936192343884,3.1362619772668237
5.46,-18.0,-16.434782608695652,0.0,0.0,0.422464185833541,-0.014881521201110193,0.014834936192343662,3.1362619772668237
5.47,-18.0,-16.434782608695652,0.0,0.0,0.42418474938638256,-0.01488152120110997,0.014834936192343884,3.1362619772668237
5.48,-18.0,-16.434782608695652,0.0,0.0,0.4259053129392241,-0.01488152120110997,0.014834936192343884,3.1362619772668237
5.49,-18.0,-16.434782608695652,0.0,0.0,0.4276258764920657,-0.014881521201109749,0.014834936192343662,3.1362619772668237
5.5,-18.0,-16.434782608695652,0.0,0.0,0.42934644004490724,-0.014881521201109749,0.014834936192343662,3.1362619772668237
5.51,-18.0,-16.434782608695652,0.0,0.0,0.4310670035977488,-0.01488152120110997,0.014834936192343884,3.1362619772668237
5.52,-18.0,-16.434782608695652,0.0,0.0,0.43278756715059036,-0.014881521201110193,0.014834936192344106,3.1362619772668237
5.53,-18.0,-16.434782608695652,0.0,0.0,0.4345081307034319,-0.014881521201109527,0.01483493619234344,3.1362619772668237
5.54,-18.0,-16.434782608695652,0.0,0.0,0.4362286942562735,-0.014881521201109082,0.014834936192342996,3.136261977266823
5.55,-18.0,-16.434782608695652,0.0,0.0,0.43794925780911503,-0.01488152120110997,0.014834936192343884,3.136261977266823
5.56,-18.0,-16.434782608695652,0.0,0.0,0.4396698213619566,-0.01488152120110997,0.014834936192343884,3.1362619772668237
5.57,-18.0,-16.434782608695652,0.0,0.0,0.44139038491479815,-0.01488152120110997,0.01483493619234344,3.1362619772668237
5.58,-18.0,-16.434782608695652,0.0,0.0,0.4431109484676397,-0.014881521201110193,0.014834936192343662,3.1362619772668237
5.59,-18.0,-16.434782608695652,0.0,0.0,0.44483151202048127,-0.01488152120110997,0.014834936192343884,3.1362619772668237
5.6,-18.0,-16.434782608695652,0.0,0.0,0.4465520755733228,-0.014881521201110193,0.014834936192343662,3.1362619772668237
5.61,-18.0,-16.434782608695652,0.0,0.0,0.4482726391261644,-0.01488152120110997,0.014834936192343884,3.1362619772668237
5.62,-18.0,-16.434782608695652,0.0,0.0,0.44999320267900594,-0.014881521201110193,0.014834936192343662,3.1362619772668237
5.63,-18.0,-16.434782608695652,0.0,0.0,0.4517137662318475,-0.014881521201110193,0.014834936192343662,3.1362619772668237
5.64,-18.0,-16.434782608695652,0.0,0.0,0.45343432978468906,-0.014881521201109749,0.014834936192343662,3.1362619772668237
5.65,-18.0,-16.434782608695652,0.0,0.0,0.4551548933375306,-0.01488152120110997,0.01483493619234344,3.1362619772668237
5.66,-18.0,-16.434782608695652,0.0,0.0,0.4568754568903722,-0.014881521201110193,0.014834936192343662,3.1362619772668237
5.67,-18.0,-16.434782608695652,0.0,0.0,0.45859602044321374,-0.014881521201110193,0.014834936192344106,3.1362619772668237
5.68,-18.0,-16.434782608695652,0.0,0.0,0.4603165839960553,-0.014881521201109527,0.01483493619234344,3.1362619772668237
5.69,-18.0,-16.434782608695652,0.0,0.0,0.46203714754889685,-0.014881521201109305,0.014834936192342774,3.136261977266823
5.7,-18.0,-16.434782608695652,0.0,0.0,0.4637577111017384,-0.01488152120110997,0.014834936192343884,3.136261977266823
5.71,-18.0,-16.434782608695652,0.0,0.0,0.46547827465457997,-0.01488152120110997,0.014834936192343884,3.1362619772668237
5.72,-18.0,-16.434782608695652,0.0,0.0,0.46719883820742153,-0.014881521201109749,0.014834936192343662,3.1362619772668237
5.73,-18.0,-16.434782608695652,0.0,0.0,0.4689194017602631,-0.014881521201109749,0.014834936192343662,3.1362619772668237
5.74,-18.0,-16.434782608695652,0.0,0.0,0.47063996531310465,-0.01488152120110997,0.014834936192343884,3.1362619772668237
5.75,-18.0,-16.434782608695652,0.0,0.0,0.4723605288659462,-0.014881521201110193,0.014834936192343662,3.1362619772668237
5.76,-18.0,-16.434782608695652,0.0,0.0,0.47408109241878776,-0.014881521201110193,0.014834936192343662,3.1362619772668237
5.77,-18.0,-16.434782608695652,0.0,0.0,0.4758016559716293,-0.014881521201110193,0.014834936192343662,3.1362619772668237
5.78,-18.0,-16.434782608695652,0.0,0.0,0.4775222195244709,-0.01488152120110997,0.014834936192343884,3.1362619772668237
5.79,-18.0,-16.434782608695652,0.0,0.0,0.47924278307731244,-0.014881521201109749,0.014834936192343662,3.1362619772668237
5.8,-18.0,-16.434782608695652,0.0,0.0,0.480963346630154,-0.014881521201109749,0.014834936192343662,3.1362619772668237
5.81,-18.0,-16.434782608695652,0.0,0.0,0.48268391018299556,-0.014881521201110193,0.014834936192343662,3.1362619772668237
5.82,-18.0,-16.434782608695652,0.0,0.0,0.4844044737358371,-0.014881521201110415,0.014834936192343884,3.1362619772668237
5.83,-18.0,-16.434782608695652,0.0,0.0,0.4861250372886787,-0.014881521201109527,0.01483493619234344,3.1362619772668237
5.84,-18.0,-16.434782608695652,0.0,0.0,0.48784560084152023,-0.014881521201109082,0.014834936192342996,3.136261977266823
5.85,-18.0,-16.434782608695652,0.0,0.0,0.4895661643943618,-0.01488152120110997,0.014834936192343884,3.136261977266823
5.86,-18.0,-16.434782608695652,0.0,0.0,0.49128672794720335,-0.01488152120110997,0.014834936192343884,3.1362619772668237
5.87,-18.0,-16.434782608695652,0.0,0.0,0.4930072915000449,-0.01488152120110997,0.01483493619234344,3.1362619772668237
5.88,-18.0,-16.434782608695652,0.0,0.0,0.49472785505288647,-0.014881521201109749,0.014834936192343662,3.1362619772668237
5.89,-18.0,-16.434782608695652,0.0,0.0,0.496448418605728,-0.01488152120110997,0.014834936192343884,3.1362619772668237
5.9,-18.0,-16.434782608695652,0.0,0.0,0.4981689821585696,-0.01488152120110997,0.014834936192343884,3.1362619772668237
5.91,-18.0,-16.434782608695652,0.0,0.0,0.49988954571141114,-0.01488152120110997,0.014834936192343884,3.1362619772668237
5.92,-18.0,-16.434782608695652,0.0,0.0,0.5016101092642526,-0.01488152120110997,0.014834936192343884,3.1362619772668237
5.93,-18.0,-16.434782608695652,0.0,0.0,0.5033306728170942,-0.01488152120110997,0.014834936192343884,3.1362619772668237
5.94,-18.0,-16.434782608695652,0.0,0.0,0.5050512363699358,-0.014881521201109749,0.014834936192343662,3.1362619772668237
5.95,-18.0,-16.434782608695652,0.0,0.0,0.5067717999227773,-0.01488152120110997,0.01483493619234344,3.1362619772668237
5.96,-18.0,-16.434782608695652,0.0,0.0,0.5084923634756189,-0.014881521201110193,0.014834936192343662,3.1362619772668237
5.97,-18.0,-16.434782608695652,0.0,0.0,0.5102129270284604,-0.014881521201110193,0.014834936192344106,3.1362619772668237
5.98,-18.0,-16.434782608695652,0.0,0.0,0.511933490581302,-0.014881521201109527,0.01483493619234344,3.1362619772668237
5.99,-18.0,-16.434782608695652,0.0,0.0,0.5136540541341436,-0.014881521201109082,0.014834936192342996,3.136261977266823
6.0,-18.0,-16.434782608695652,0.0,0.0,0.5153746176869851,-0.014881521201110193,0.014834936192343662,3.136261977266823
6.01,-18.0,-14.869565217391305,0.0,0.0,0.5177580760896353,-0.0039405537173176075,0.11958708447338728,3.1351145072644826
6.02,-18.0,-14.869565217391305,0.0,0.0,0.5203422993125405,-0.013610390015450058,0.09775090006780074,3.133706052562878
6.03,-18.0,-14.869565217391305,0.0,0.0,0.5232675527261308,-0.013549289670815146,0.07714557085691975,3.1323750948456763
6.04,-18.0,-14.869565217391305,0.0,0.0,0.5263866701127209,-0.01726370672374311,0.06168299704019975,3.1310935045125126
6.05,-18.0,-14.869565217391305,0.0,0.0,0.5296454810829626,-0.020284221687831394,0.05019705090682569,3.129982336310418
6.06,-18.0,-14.869565217391305,0.0,0.0,0.5329876426205792,-0.023016605352955688,0.04241362285878325,3.129063039815824
6.07,-18.0,-14.869565217391305,0.0,0.0,0.5363750009737824,-0.025237162851038164,0.03745413833614597,3.1283412778882895
6.08,-18.0,-14.869565217391305,0.0,0.0,0.5397848462563178,-0.026904216324605157,0.03442437694505407,3.127799076447287
6.09,-18.0,-14.869565217391305,0.0,0.0,0.543205240583218,-0.028079801072373733,0.03260952010878437,3.1274056736540405
6.1,-18.0,-14.869565217391305,0.0,0.0,0.5466304683790395,-0.02887133055828528,0.03152508240623009,3.127127226017079
6.11,-18.0,-14.869565217391305,0.0,0.0,0.550057942332823,-0.029387439254121794,0.03087285653790417,3.126933302669953
6.12,-18.0,-14.869565217391305,0.0,0.0,0.5534865114244315,-0.029716893444864834,0.030477036994966955,3.126799552334054
6.13,-18.0,-14.869565217391305,0.0,0.0,0.5569156535072596,-0.029924349554331542,0.030234857617589483,3.1267078018930605
6.14,-18.0,-14.869565217391305,0.0,0.0,0.5603451191592544,-0.030053859090315882,0.030085739790096433,3.126645035314778
6.15,-18.0,-14.869565217391305,0.0,0.0,0.5637747801442979,-0.0301342660496704,0.029993495647995916,3.1266021473514285
6.16,-18.0,-14.869565217391305,0.0,0.0,0.5672045650654585,-0.030184011318572512,0.02993623985040328,3.126572851197738
6.17,-18.0,-14.869565217391305,0.0,0.0,0.5706344312682519,-0.030214715315026952,0.0299006101870003,3.1265528360629644
6.18,-18.0,-14.869565217391305,0.0,0.0,0.574064351876957,-0.03023363591599071,0.029878392587777247,3.1265391561988074
6.19,-18.0,-14.869565217391305,0.0,0.0,0.5774943093417532,-0.030245281331310103,0.02986451369334553,3.1265298015874503
6.2,-18.0,-14.869565217391305,0.0,0.0,0.5809242919457641,-0.030252442065973773,0.029855829522269284,3.1265234012287033
6.21,-18.0,-14.869565217391305,0.0,0.0,0.5843542917633677,-0.03025684147194241,0.02985038697258391,3.1265190198109165
6.22,-18.0,-14.869565217391305,0.0,0.0,0.5877843033931069,-0.03025954220931215,0.02984697041979656,3.1265160189523864
6.23,-18.0,-14.869565217391305,0.0,0.0,0.5912143231382063,-0.03026119881040512,0.02984482202787997,3.126513962674775
6.24,-18.0,-14.869565217391305,0.0,0.0,0.5946443484626027,-0.030262214076657967,0.029843468656226113,3.1265125530391695
6.25,-18.0,-14.869565217391305,0.0,0.0,0.5980743776242164,-0.03026283571061983,0.029842614486895513,3.1265115863109894
6.26,-18.0,-14.869565217391305,0.0,0.0,0.6015044094254934,-0.03026321593288661,0.029842074301033916,3.1265109230896426
6.27,-18.0,-14.869565217391305,0.0,0.0,0.6049344430428603,-0.0302634482242099,0.02984173195466555,3.1265104679397764
6.28,-18.0,-14.869565217391305,0.0,0.0,0.6083644779097996,-0.03026358995184064,0.02984151450293404,3.1265101554912467
6.29,-18.0,-14.869565217391305,0.0,0.0,0.6117945136365622,-0.030263676294078,0.029841376055413482,3.126509940946352
6.3,-18.0,-14.869565217391305,0.0,0.0,0.6152245499549867,-0.03026372880457684,0.02984128769021055,3.126509793592286
6.31,-18.0,-14.869565217391305,0.0,0.0,0.6186545866805575,-0.030263760676843443,0.029841231144868807,3.126509692364448
6.32,-18.0,-14.869565217391305,0.0,0.0,0.622084623686309,-0.030263779978426886,0.029841194864338227,3.126509622810412
6.33,-18.0,-14.869565217391305,0.0,0.0,0.6255146608848726,-0.030263791636583548,0.029841171521766352,3.1265095750111955
6.34,-18.0,-14.869565217391305,0.0,0.0,0.6289446982161262,-0.030263798656559926,0.029841156460777674,3.1265095421572418
6.35,-18.0,-14.869565217391305,0.0,0.0,0.6323747356386962,-0.030263802868491396,0.029841146715074096,3.1265095195724526
6.36,-18.0,-14.869565217391305,0.0,0.0,0.6358047731241103,-0.030263805384923792,0.029841140390283627,3.1265095040450164
6.37,-18.0,-14.869565217391305,0.0,0.0,0.6392348106527745,-0.030263806880802324,0.029841136273449198,3.1265094933684114
6.38,-18.0,-14.869565217391305,0.0,0.0,0.6426648482112043,-0.030263807764634665,0.02984113358582552,3.126509486026464
6.39,-18.0,-14.869565217391305,0.0,0.0,0.6460948857901195,-0.030263808282994242,0.029841131826049194,3.126509480977184
6.4,-18.0,-14.869565217391305,0.0,0.0,0.6495249233831335,-0.030263808584240603,0.02984113067042049,3.126509477504352
6.41,-18.0,-14.869565217391305,0.0,0.0,0.6529549609858507,-0.030263808757306165,0.02984112990933596,3.1265094751156037
6.42,-18.0,-14.869565217391305,0.0,0.0,0.6563849985952461,-0.03026380885526736,0.029841129406675382,3.1265094734724204
6.43,-18.0,-14.869565217391305,0.0,0.0,0.6598150362092378,-0.030263808909633205,0.02984112907377634,3.1265094723420317
6.44,-18.0,-14.869565217391305,0.0,0.0,0.6632450738263929,-0.030263808938991277,0.029841128852716947,3.1265094715643658
6.45,-18.0,-14.869565217391305,0.0,0.0,0.6666751114457251,-0.030263808954222426,0.02984112870554645,3.126509471029334
6.46,-18.0,-14.869565217391305,0.0,0.0,0.6701051490665558,-0.030263808961634497,0.029841128607325684,3.1265094706612184
6.47,-18.0,-14.869565217391305,0.0,0.0,0.6735351866884179,-0.030263808964841044,0.0298411285416198,3.1265094704079353
6.48,-18.0,-14.869565217391305,0.0,0.0,0.6769652243109899,-0.030263808965877326,0.029841128497566816,3.1265094702336564
6.49,-18.0,-14.869565217391305,0.0,0.0,0.6803952619340504,-0.030263808965868444,0.02984112846796827,3.1265094701137355
6.5,-18.0,-14.869565217391305,0.0,0.0,0.6838252995574472,-0.030263808965417027,0.029841128448043097,3.126509470031216
6.51,-18.0,-14.869565217391305,0.0,0.0,0.6872553371810755,-0.03026380896483105,0.02984112843460429,3.1265094699744314
6.52,-18.0,-14.869565217391305,0.0,0.0,0.6906853748048629,-0.03026380896425729,0.029841128425524,3.1265094699353546
6.53,-18.0,-14.869565217391305,0.0,0.0,0.6941154124287601,-0.030263808963758132,0.02984112841937958,3.1265094699084637
6.54,-18.0,-14.869565217391305,0.0,0.0,0.6975454500527327,-0.03026380896334957,0.029841128415214913,3.1265094698899576
6.55,-18.0,-14.869565217391305,0.0,0.0,0.7009754876767572,-0.030263808963028493,0.029841128412388285,3.126509469877222
6.56,-18.0,-14.869565217391305,0.0,0.0,0.7044055253008175,-0.03026380896278269,0.02984112841046782,3.1265094698684575
6.57,-18.0,-14.869565217391305,0.0,0.0,0.7078355629249024,-0.030263808962598615,0.02984112840916109,3.1265094698624254
6.58,-18.0,-14.869565217391305,0.0,0.0,0.7112656005490042,-0.03026380896246228,0.029841128408271134,3.126509469858274
6.59,-18.0,-14.869565217391305,0.0,0.0,0.7146956381731178,-0.03026380896236236,0.029841128407664508,3.1265094698554172
6.6,-18.0,-14.869565217391305,0.0,0.0,0.7181256757972393,-0.030263808962290417,0.029841128407250617,3.126509469853451
6.61,-18.0,-14.869565217391305,0.0,0.0,0.7215557134213663,-0.03026380896223868,0.029841128406967954,3.1265094698520977
6.62,-18.0,-14.869565217391305,0.0,0.0,0.7249857510454971,-0.0302638089622016,0.029841128406774553,3.1265094698511664
6.63,-18.0,-14.869565217391305,0.0,0.0,0.7284157886696305,-0.030263808962175398,0.029841128406642214,3.1265094698505256
6.64,-18.0,-14.869565217391305,0.0,0.0,0.7318458262937658,-0.030263808962156524,0.029841128406551842,3.126509469850084
6.65,-18.0,-14.869565217391305,0.0,0.0,0.7352758639179023,-0.0302638089621432,0.029841128406490114,3.126509469849781
6.66,-18.0,-14.869565217391305,0.0,0.0,0.7387059015420396,-0.030263808962133876,0.02984112840644748,3.1265094698495717
6.67,-18.0,-14.869565217391305,0.0,0.0,0.7421359391661776,-0.03026380896212788,0.029841128406418393,3.126509469849428
6.68,-18.0,-14.869565217391305,0.0,0.0,0.7455659767903159,-0.030263808962123218,0.02984112840639863,3.1265094698493288
6.69,-18.0,-14.869565217391305,0.0,0.0,0.7489960144144545,-0.030263808962119887,0.029841128406385087,3.126509469849261
6.7,-18.0,-14.869565217391305,0.0,0.0,0.7524260520385934,-0.030263808962117444,0.02984112840637554,3.1265094698492137
6.71,-18.0,-14.869565217391305,0.0,0.0,0.7558560896627323,-0.030263808962116112,0.02984112840636932,3.1265094698491818
6.72,-18.0,-14.869565217391305,0.0,0.0,0.7592861272868714,-0.030263808962115002,0.02984112840636466,3.126509469849159
6.73,-18.0,-14.869565217391305,0.0,0.0,0.7627161649110105,-0.030263808962114114,0.02984112840636155,3.126509469849144
6.74,-18.0,-14.869565217391305,0.0,0.0,0.7661462025351496,-0.03026380896211389,0.029841128406359108,3.1265094698491334
6.75,-18.0,-14.869565217391305,0.0,0.0,0.7695762401592888,-0.030263808962113448,0.029841128406357775,3.126509469849126
6.76,-18.0,-14.869565217391305,0.0,0.0,0.773006277783428,-0.030263808962113226,0.029841128406356665,3.126509469849121
6.77,-18.0,-14.869565217391305,0.0,0.0,0.7764363154075672,-0.030263808962113004,0.029841128406356,3.126509469849118
6.78,-18.0,-14.869565217391305,0.0,0.0,0.7798663530317064,-0.03026380896211278,0.029841128406355777,3.126509469849115
6.79,-18.0,-14.869565217391305,0.0,0.0,0.7832963906558456,-0.03026380896211256,0.029841128406355555,3.126509469849114
6.8,-18.0,-14.869565217391305,0.0,0.0,0.7867264282799847,-0.03026380896211278,0.029841128406355333,3.1265094698491125
6.81,-18.0,-14.869565217391305,0.0,0.0,0.7901564659041239,-0.03026380896211256,0.02984112840635511,3.126509469849112
6.82,-18.0,-14.869565217391305,0.0,0.0,0.7935865035282631,-0.03026380896211256,0.02984112840635511,3.126509469849111
6.83,-18.0,-14.869565217391305,0.0,0.0,0.7970165411524023,-0.030263808962112337,0.029841128406355333,3.126509469849111
6.84,-18.0,-14.869565217391305,0.0,0.0,0.8004465787765415,-0.03026380896211256,0.02984112840635511,3.1265094698491107
6.85,-18.0,-14.869565217391305,0.0,0.0,0.8038766164006806,-0.03026380896211256,0.02984112840635511,3.1265094698491107
6.86,-18.0,-14.869565217391305,0.0,0.0,0.8073066540248198,-0.030263808962112337,0.029841128406355333,3.1265094698491107
6.87,-18.0,-14.869565217391305,0.0,0.0,0.810736691648959,-0.03026380896211256,0.02984112840635511,3.1265094698491103
6.88,-18.0,-14.869565217391305,0.0,0.0,0.8141667292730982,-0.03026380896211256,0.02984112840635511,3.1265094698491103
6.89,-18.0,-14.869565217391305,0.0,0.0,0.8175967668972374,-0.03026380896211256,0.02984112840635511,3.1265094698491103
6.9,-18.0,-14.869565217391305,0.0,0.0,0.8210268045213766,-0.030263808962112337,0.029841128406355333,3.1265094698491103
6.91,-18.0,-14.869565217391305,0.0,0.0,0.8244568421455157,-0.030263808962112337,0.029841128406355333,3.1265094698491103
6.92,-18.0,-14.869565217391305,0.0,0.0,0.8278868797696549,-0.030263808962112337,0.029841128406355333,3.1265094698491103
6.93,-18.0,-14.869565217391305,0.0,0.0,0.8313169173937941,-0.03026380896211256,0.02984112840635511,3.1265094698491103
6.94,-18.0,-14.869565217391305,0.0,0.0,0.8347469550179333,-0.03026380896211256,0.02984112840635511,3.1265094698491103
6.95,-18.0,-14.869565217391305,0.0,0.0,0.8381769926420725,-0.03026380896211256,0.02984112840635511,3.1265094698491103
6.96,-18.0,-14.869565217391305,0.0,0.0,0.8416070302662116,-0.03026380896211278,0.02984112840635489,3.1265094698491103
6.97,-18.0,-14.869565217391305,0.0,0.0,0.8450370678903508,-0.03026380896211256,0.02984112840635511,3.1265094698491103
6.98,-18.0,-14.869565217391305,0.0,0.0,0.84846710551449,-0.03026380896211256,0.02984112840635511,3.1265094698491103
6.99,-18.0,-14.869565217391305,0.0,0.0,0.8518971431386292,-0.030263808962112337,0.029841128406355333,3.1265094698491103
7.0,-18.0,-14.869565217391305,0.0,0.0,0.8553271807627684,-0.03026380896211256,0.02984112840635511,3.1265094698491103
7.01,-18.0,-14.869565217391305,0.0,0.0,0.8587572183869076,-0.03026380896211256,0.02984112840635511,3.1265094698491103
7.02,-18.0,-14.869565217391305,0.0,0.0,0.8621872560110467,-0.03026380896211256,0.02984112840635511,3.1265094698491103
7.03,-18.0,-14.869565217391305,0.0,0.0,0.8656172936351859,-0.030263808962112337,0.029841128406355333,3.1265094698491103
7.04,-18.0,-14.869565217391305,0.0,0.0,0.8690473312593251,-0.03026380896211256,0.02984112840635511,3.1265094698491103
7.05,-18.0,-14.869565217391305,0.0,0.0,0.8724773688834643,-0.03026380896211256,0.02984112840635511,3.1265094698491103
7.06,-18.0,-14.869565217391305,0.0,0.0,0.8759074065076035,-0.03026380896211256,0.02984112840635511,3.1265094698491103
7.07,-18.0,-14.869565217391305,0.0,0.0,0.8793374441317426,-0.03026380896211256,0.02984112840635511,3.1265094698491103
7.08,-18.0,-14.869565217391305,0.0,0.0,0.8827674817558818,-0.030263808962112337,0.029841128406355333,3.1265094698491103
7.09,-18.0,-14.869565217391305,0.0,0.0,0.886197519380021,-0.03026380896211256,0.02984112840635511,3.1265094698491103
7.1,-18.0,-14.869565217391305,0.0,0.0,0.8896275570041602,-0.03026380896211278,0.02984112840635489,3.1265094698491103
7.11,-18.0,-14.869565217391305,0.0,0.0,0.8930575946282994,-0.03026380896211256,0.02984112840635511,3.1265094698491103
7.12,-18.0,-14.869565217391305,0.0,0.0,0.8964876322524385,-0.03026380896211256,0.02984112840635511,3.1265094698491103
7.13,-18.0,-14.869565217391305,0.0,0.0,0.8999176698765777,-0.03026380896211256,0.02984112840635511,3.1265094698491103
7.14,-18.0,-14.869565217391305,0.0,0.0,0.9033477075007169,-0.030263808962112337,0.029841128406355333,3.1265094698491103
7.15,-18.0,-14.869565217391305,0.0,0.0,0.9067777451248561,-0.030263808962112337,0.029841128406355333,3.1265094698491103
7.16,-18.0,-14.869565217391305,0.0,0.0,0.9102077827489953,-0.030263808962112337,0.029841128406355333,3.1265094698491103
7.17,-18.0,-14.869565217391305,0.0,0.0,0.9136378203731345,-0.030263808962112337,0.029841128406355333,3.1265094698491103
7.18,-18.0,-14.869565217391305,0.0,0.0,0.9170678579972736,-0.03026380896211256,0.02984112840635511,3.1265094698491103
7.19,-18.0,-14.869565217391305,0.0,0.0,0.9204978956214128,-0.03026380896211256,0.02984112840635511,3.1265094698491103
7.2,-18.0,-14.869565217391305,0.0,0.0,0.923927933245552,-0.03026380896211256,0.02984112840635511,3.1265094698491103
7.21,-18.0,-14.869565217391305,0.0,0.0,0.9273579708696912,-0.03026380896211256,0.02984112840635511,3.1265094698491103
7.22,-18.0,-14.869565217391305,0.0,0.0,0.9307880084938304,-0.03026380896211256,0.02984112840635511,3.1265094698491103
7.23,-18.0,-14.869565217391305,0.0,0.0,0.9342180461179695,-0.03026380896211256,0.02984112840635511,3.1265094698491103
7.24,-18.0,-14.869565217391305,0.0,0.0,0.9376480837421087,-0.03026380896211278,0.02984112840635489,3.1265094698491103
7.25,-18.0,-14.869565217391305,0.0,0.0,0.9410781213662479,-0.03026380896211278,0.02984112840635489,3.1265094698491103
7.26,-18.0,-14.869565217391305,0.0,0.0,0.9445081589903871,-0.03026380896211256,0.02984112840635511,3.1265094698491103
7.27,-18.0,-14.869565217391305,0.0,0.0,0.9479381966145263,-0.03026380896211256,0.02984112840635511,3.1265094698491103
7.28,-18.0,-14.869565217391305,0.0,0.0,0.9513682342386655,-0.03026380896211278,0.02984112840635489,3.1265094698491103
7.29,-18.0,-14.869565217391305,0.0,0.0,0.9547982718628046,-0.03026380896211256,0.02984112840635511,3.1265094698491103
7.3,-18.0,-14.869565217391305,0.0,0.0,0.9582283094869438,-0.03026380896211278,0.02984112840635489,3.1265094698491103
7.31,-18.0,-14.869565217391305,0.0,0.0,0.961658347111083,-0.03026380896211278,0.02984112840635489,3.1265094698491103
7.32,-18.0,-14.869565217391305,0.0,0.0,0.9650883847352222,-0.03026380896211278,0.02984112840635489,3.1265094698491103
7.33,-18.0,-14.869565217391305,0.0,0.0,0.9685184223593614,-0.03026380896211256,0.02984112840635511,3.1265094698491103
7.34,-18.0,-14.869565217391305,0.0,0.0,0.9719484599835005,-0.03026380896211256,0.02984112840635511,3.1265094698491103
7.35,-18.0,-14.869565217391305,0.0,0.0,0.9753784976076397,-0.03026380896211278,0.02984112840635489,3.1265094698491103
7.36,-18.0,-14.869565217391305,0.0,0.0,0.9788085352317789,-0.03026380896211278,0.02984112840635489,3.1265094698491103
7.37,-18.0,-14.869565217391305,0.0,0.0,0.9822385728559181,-0.03026380896211278,0.02984112840635489,3.1265094698491103
7.38,-18.0,-14.869565217391305,0.0,0.0,0.9856686104800573,-0.03026380896211278,0.02984112840635489,3.1265094698491103
7.39,-18.0,-14.869565217391305,0.0,0.0,0.9890986481041965,-0.03026380896211256,0.02984112840635511,3.1265094698491103
7.4,-18.0,-14.869565217391305,0.0,0.0,0.9925286857283356,-0.03026380896211278,0.02984112840635489,3.1265094698491103
7.41,-18.0,-14.869565217391305,0.0,0.0,0.9959587233524748,-0.03026380896211278,0.02984112840635489,3.1265094698491103
7.42,-18.0,-14.869565217391305,0.0,0.0,0.999388760976614,-0.030263808962113004,0.029841128406354667,3.1265094698491103
7.43,-18.0,-14.869565217391305,0.0,0.0,1.0028187986007533,-0.03026380896211256,0.02984112840635511,3.1265094698491103
7.44,-18.0,-14.869565217391305,0.0,0.0,1.0062488362248925,-0.03026380896211256,0.02984112840635511,3.1265094698491103
7.45,-18.0,-14.869565217391305,0.0,0.0,1.0096788738490317,-0.03026380896211256,0.02984112840635511,3.1265094698491103
7.46,-18.0,-14.869565217391305,0.0,0.0,1.0131089114731708,-0.03026380896211256,0.02984112840635511,3.1265094698491103
7.47,-18.0,-14.869565217391305,0.0,0.0,1.01653894909731,-0.03026380896211278,0.02984112840635489,3.1265094698491103
7.48,-18.0,-14.869565217391305,0.0,0.0,1.0199689867214492,-0.03026380896211278,0.02984112840635489,3.1265094698491103
7.49,-18.0,-14.869565217391305,0.0,0.0,1.0233990243455884,-0.030263808962113004,0.029841128406354667,3.1265094698491103
7.5,-18.0,-14.869565217391305,0.0,0.0,1.0268290619697276,-0.030263808962113004,0.029841128406354667,3.1265094698491103
7.51,-18.0,-14.869565217391305,0.0,0.0,1.0302590995938667,-0.03026380896211278,0.02984112840635489,3.1265094698491103
7.52,-18.0,-14.869565217391305,0.0,0.0,1.033689137218006,-0.03026380896211278,0.02984112840635489,3.1265094698491103
7.53,-18.0,-14.869565217391305,0.0,0.0,1.037119174842145,-0.03026380896211278,0.02984112840635489,3.1265094698491103
7.54,-18.0,-14.869565217391305,0.0,0.0,1.0405492124662843,-0.030263808962113004,0.029841128406354667,3.1265094698491103
7.55,-18.0,-14.869565217391305,0.0,0.0,1.0439792500904235,-0.03026380896211278,0.02984112840635489,3.1265094698491103
7.56,-18.0,-14.869565217391305,0.0,0.0,1.0474092877145627,-0.03026380896211278,0.02984112840635489,3.1265094698491103
7.57,-18.0,-14.869565217391305,0.0,0.0,1.0508393253387018,-0.03026380896211278,0.02984112840635489,3.1265094698491103
7.58,-18.0,-14.869565217391305,0.0,0.0,1.054269362962841,-0.030263808962113004,0.029841128406354667,3.1265094698491103
7.59,-18.0,-14.869565217391305,0.0,0.0,1.0576994005869802,-0.030263808962113226,0.029841128406354445,3.1265094698491103
7.6,-18.0,-14.869565217391305,0.0,0.0,1.0611294382111194,-0.03026380896211278,0.02984112840635489,3.1265094698491103
7.61,-18.0,-14.869565217391305,0.0,0.0,1.0645594758352586,-0.03026380896211278,0.02984112840635489,3.1265094698491103
7.62,-18.0,-14.869565217391305,0.0,0.0,1.0679895134593977,-0.03026380896211278,0.02984112840635489,3.1265094698491103
7.63,-18.0,-14.869565217391305,0.0,0.0,1.071419551083537,-0.030263808962113004,0.029841128406354667,3.1265094698491103
7.64,-18.0,-14.869565217391305,0.0,0.0,1.074849588707676,-0.030263808962113004,0.029841128406354667,3.1265094698491103
7.65,-18.0,-14.869565217391305,0.0,0.0,1.0782796263318153,-0.030263808962113226,0.029841128406354445,3.1265094698491103
7.66,-18.0,-14.869565217391305,0.0,0.0,1.0817096639559545,-0.030263808962113004,0.029841128406354667,3.1265094698491103
7.67,-18.0,-14.869565217391305,0.0,0.0,1.0851397015800937,-0.030263808962113226,0.029841128406354445,3.1265094698491103
7.68,-18.0,-14.869565217391305,0.0,0.0,1.0885697392042328,-0.030263808962113004,0.029841128406354667,3.1265094698491103
7.69,-18.0,-14.869565217391305,0.0,0.0,1.091999776828372,-0.030263808962113004,0.029841128406354667,3.1265094698491103
7.7,-18.0,-14.869565217391305,0.0,0.0,1.0954298144525112,-0.030263808962113004,0.029841128406354667,3.1265094698491103
7.71,-18.0,-14.869565217391305,0.0,0.0,1.0988598520766504,-0.030263808962113004,0.029841128406354667,3.1265094698491103
7.72,-18.0,-14.869565217391305,0.0,0.0,1.1022898897007896,-0.030263808962113226,0.029841128406354445,3.1265094698491103
7.73,-18.0,-14.869565217391305,0.0,0.0,1.1057199273249287,-0.030263808962113226,0.029841128406354445,3.1265094698491103
7.74,-18.0,-14.869565217391305,0.0,0.0,1.109149964949068,-0.030263808962113226,0.029841128406354445,3.1265094698491103
7.75,-18.0,-14.869565217391305,0.0,0.0,1.112580002573207,-0.030263808962113004,0.029841128406354667,3.1265094698491103
7.76,-18.0,-14.869565217391305,0.0,0.0,1.1160100401973463,-0.030263808962113004,0.029841128406354667,3.1265094698491103
7.77,-18.0,-14.869565217391305,0.0,0.0,1.1194400778214855,-0.030263808962113226,0.029841128406354445,3.1265094698491103
7.78,-18.0,-14.869565217391305,0.0,0.0,1.1228701154456247,-0.030263808962113004,0.029841128406354667,3.1265094698491103
7.79,-18.0,-14.869565217391305,0.0,0.0,1.1263001530697638,-0.030263808962113004,0.029841128406354667,3.1265094698491103
7.8,-18.0,-14.869565217391305,0.0,0.0,1.129730190693903,-0.030263808962113004,0.029841128406354667,3.1265094698491103
7.81,-18.0,-14.869565217391305,0.0,0.0,1.1331602283180422,-0.030263808962113004,0.029841128406354667,3.1265094698491103
7.82,-18.0,-14.869565217391305,0.0,0.0,1.1365902659421814,-0.030263808962113226,0.029841128406354445,3.1265094698491103
7.83,-18.0,-14.869565217391305,0.0,0.0,1.1400203035663206,-0.030263808962113004,0.029841128406354667,3.1265094698491103
7.84,-18.0,-14.869565217391305,0.0,0.0,1.1434503411904597,-0.030263808962113226,0.029841128406354445,3.1265094698491103
7.85,-18.0,-14.869565217391305,0.0,0.0,1.146880378814599,-0.030263808962113004,0.029841128406354667,3.1265094698491103
7.86,-18.0,-14.869565217391305,0.0,0.0,1.150310416438738,-0.030263808962113004,0.029841128406354667,3.1265094698491103
7.87,-18.0,-14.869565217391305,0.0,0.0,1.1537404540628773,-0.030263808962113004,0.029841128406354667,3.1265094698491103
7.88,-18.0,-14.869565217391305,0.0,0.0,1.1571704916870165,-0.030263808962113226,0.029841128406354445,3.1265094698491103
7.89,-18.0,-14.869565217391305,0.0,0.0,1.1606005293111556,-0.030263808962113004,0.029841128406354667,3.1265094698491103
7.9,-18.0,-14.869565217391305,0.0,0.0,1.1640305669352948,-0.030263808962113004,0.029841128406354667,3.1265094698491103
7.91,-18.0,-14.869565217391305,0.0,0.0,1.167460604559434,-0.030263808962113004,0.029841128406354667,3.1265094698491103
7.92,-18.0,-14.869565217391305,0.0,0.0,1.1708906421835732,-0.030263808962113004,0.029841128406354667,3.1265094698491103
7.93,-18.0,-14.869565217391305,0.0,0.0,1.1743206798077124,-0.030263808962113004,0.029841128406354667,3.1265094698491103
7.94,-18.0,-14.869565217391305,0.0,0.0,1.1777507174318516,-0.03026380896211278,0.02984112840635489,3.1265094698491103
7.95,-18.0,-14.869565217391305,0.0,0.0,1.1811807550559907,-0.03026380896211278,0.02984112840635489,3.1265094698491103
7.96,-18.0,-14.869565217391305,0.0,0.0,1.18461079268013,-0.030263808962113004,0.029841128406354667,3.1265094698491103
7.97,-18.0,-14.869565217391305,0.0,0.0,1.188040830304269,-0.030263808962113004,0.029841128406354667,3.1265094698491103
7.98,-18.0,-14.869565217391305,0.0,0.0,1.1914708679284083,-0.03026380896211278,0.02984112840635489,3.1265094698491103
7.99,-18.0,-14.869565217391305,0.0,0.0,1.1949009055525475,-0.030263808962113004,0.029841128406354667,3.1265094698491103
8.0,-18.0,-14.869565217391305,0.0,0.0,1.1983309431766866,-0.030263808962113004,0.029841128406354667,3.1265094698491103
8.01,-18.0,-14.869565217391305,0.0,0.0,1.2017609808008258,-0.03026380896211278,0.02984112840635489,3.1265094698491103
8.02,-18.0,-14.869565217391305,0.0,0.0,1.205191018424965,-0.03026380896211278,0.02984112840635489,3.1265094698491103
8.03,-18.0,-14.869565217391305,0.0,0.0,1.2086210560491042,-0.030263808962113004,0.029841128406354667,3.1265094698491103
8.04,-18.0,-14.869565217391305,0.0,0.0,1.2120510936732434,-0.03026380896211278,0.02984112840635489,3.1265094698491103
8.05,-18.0,-14.869565217391305,0.0,0.0,1.2154811312973826,-0.030263808962113004,0.029841128406354667,3.1265094698491103
8.06,-18.0,-14.869565217391305,0.0,0.0,1.2189111689215217,-0.03026380896211256,0.02984112840635511,3.1265094698491103
8.07,-18.0,-14.869565217391305,0.0,0.0,1.222341206545661,-0.03026380896211278,0.02984112840635489,3.1265094698491103
8.08,-18.0,-14.869565217391305,0.0,0.0,1.2257712441698,-0.03026380896211278,0.02984112840635489,3.1265094698491103
8.09,-18.0,-14.869565217391305,0.0,0.0,1.2292012817939393,-0.03026380896211256,0.02984112840635511,3.1265094698491103
8.1,-18.0,-14.869565217391305,0.0,0.0,1.2326313194180785,-0.03026380896211256,0.02984112840635511,3.1265094698491103
8.11,-18.0,-14.869565217391305,0.0,0.0,1.2360613570422176,-0.03026380896211256,0.02984112840635511,3.1265094698491103
8.12,-18.0,-14.869565217391305,0.0,0.0,1.2394913946663568,-0.03026380896211256,0.02984112840635511,3.1265094698491103
8.13,-18.0,-14.869565217391305,0.0,0.0,1.242921432290496,-0.03026380896211256,0.02984112840635511,3.1265094698491103
8.14,-18.0,-14.869565217391305,0.0,0.0,1.2463514699146352,-0.03026380896211256,0.02984112840635511,3.1265094698491103
8.15,-18.0,-14.869565217391305,0.0,0.0,1.2497815075387744,-0.030263808962112337,0.029841128406355333,3.1265094698491103
8.16,-18.0,-14.869565217391305,0.0,0.0,1.2532115451629136,-0.030263808962112337,0.029841128406355333,3.1265094698491103
8.17,-18.0,-14.869565217391305,0.0,0.0,1.2566415827870527,-0.03026380896211256,0.02984112840635511,3.1265094698491103
8.18,-18.0,-14.869565217391305,0.0,0.0,1.260071620411192,-0.03026380896211256,0.02984112840635511,3.1265094698491103
8.19,-18.0,-14.869565217391305,0.0,0.0,1.263501658035331,-0.03026380896211256,0.02984112840635511,3.1265094698491103
8.2,-18.0,-14.869565217391305,0.0,0.0,1.2669316956594703,-0.030263808962112337,0.029841128406355333,3.1265094698491103
8.21,-18.0,-14.869565217391305,0.0,0.0,1.2703617332836095,-0.030263808962112337,0.029841128406355333,3.1265094698491103
8.22,-18.0,-14.869565217391305,0.0,0.0,1.2737917709077486,-0.03026380896211256,0.02984112840635511,3.1265094698491103
8.23,-18.0,-14.869565217391305,0.0,0.0,1.2772218085318878,-0.030263808962112337,0.029841128406355333,3.1265094698491103
8.24,-18.0,-14.869565217391305,0.0,0.0,1.280651846156027,-0.03026380896211256,0.02984112840635511,3.1265094698491103
8.25,-18.0,-14.869565217391305,0.0,0.0,1.2840818837801662,-0.030263808962112337,0.029841128406355333,3.1265094698491103
8.26,-18.0,-14.869565217391305,0.0,0.0,1.2875119214043054,-0.030263808962112337,0.029841128406355333,3.1265094698491103
8.27,-18.0,-14.869565217391305,0.0,0.0,1.2909419590284446,-0.03026380896211256,0.02984112840635511,3.1265094698491103
8.28,-18.0,-14.869565217391305,0.0,0.0,1.2943719966525837,-0.030263808962112337,0.029841128406355333,3.1265094698491103
8.29,-18.0,-14.869565217391305,0.0,0.0,1.297802034276723,-0.030263808962112337,0.029841128406355333,3.1265094698491103
8.3,-18.0,-14.869565217391305,0.0,0.0,1.301232071900862,-0.030263808962112337,0.029841128406355333,3.1265094698491103
8.31,-18.0,-14.869565217391305,0.0,0.0,1.3046621095250013,-0.030263808962112337,0.029841128406355333,3.1265094698491103
8.32,-18.0,-14.869565217391305,0.0,0.0,1.3080921471491405,-0.030263808962112337,0.029841128406355333,3.1265094698491103
8.33,-18.0,-14.869565217391305,0.0,0.0,1.3115221847732796,-0.03026380896211256,0.02984112840635511,3.1265094698491103
8.34,-18.0,-14.869565217391305,0.0,0.0,1.3149522223974188,-0.030263808962112337,0.029841128406355333,3.1265094698491103
8.35,-18.0,-14.869565217391305,0.0,0.0,1.318382260021558,-0.030263808962112337,0.029841128406355333,3.1265094698491103
8.36,-18.0,-14.869565217391305,0.0,0.0,1.3218122976456972,-0.030263808962112337,0.029841128406355333,3.1265094698491103
8.37,-18.0,-14.869565217391305,0.0,0.0,1.3252423352698364,-0.030263808962112337,0.029841128406355333,3.1265094698491103
8.38,-18.0,-14.869565217391305,0.0,0.0,1.3286723728939756,-0.030263808962112337,0.029841128406355333,3.1265094698491103
8.39,-18.0,-14.869565217391305,0.0,0.0,1.3321024105181147,-0.030263808962112337,0.029841128406355333,3.1265094698491103
8.4,-18.0,-14.869565217391305,0.0,0.0,1.335532448142254,-0.030263808962112337,0.029841128406355333,3.1265094698491103
8.41,-18.0,-14.869565217391305,0.0,0.0,1.338962485766393,-0.030263808962112115,0.029841128406355555,3.1265094698491103
8.42,-18.0,-14.869565217391305,0.0,0.0,1.3423925233905323,-0.030263808962112337,0.029841128406355333,3.1265094698491103
8.43,-18.0,-14.869565217391305,0.0,0.0,1.3458225610146715,-0.030263808962112337,0.029841128406355333,3.1265094698491103
8.44,-18.0,-14.869565217391305,0.0,0.0,1.3492525986388106,-0.03026380896211256,0.02984112840635511,3.1265094698491103
8.45,-18.0,-14.869565217391305,0.0,0.0,1.3526826362629498,-0.030263808962112337,0.029841128406355333,3.1265094698491103
8.46,-18.0,-14.869565217391305,0.0,0.0,1.356112673887089,-0.030263808962112337,0.029841128406355333,3.1265094698491103
8.47,-18.0,-14.869565217391305,0.0,0.0,1.3595427115112282,-0.030263808962112337,0.029841128406355333,3.1265094698491103
8.48,-18.0,-14.869565217391305,0.0,0.0,1.3629727491353674,-0.03026380896211256,0.02984112840635511,3.1265094698491103
8.49,-18.0,-14.869565217391305,0.0,0.0,1.3664027867595065,-0.030263808962112337,0.029841128406355333,3.1265094698491103
8.5,-18.0,-14.869565217391305,0.0,0.0,1.3698328243836457,-0.03026380896211256,0.02984112840635511,3.1265094698491103
8.51,-18.0,-14.869565217391305,0.0,0.0,1.373262862007785,-0.03026380896211278,0.02984112840635489,3.1265094698491103
8.52,-18.0,-14.869565217391305,0.0,0.0,1.376692899631924,-0.03026380896211256,0.02984112840635511,3.1265094698491103
8.53,-18.0,-14.869565217391305,0.0,0.0,1.3801229372560633,-0.03026380896211256,0.02984112840635511,3.1265094698491103
8.54,-18.0,-14.869565217391305,0.0,0.0,1.3835529748802025,-0.03026380896211256,0.02984112840635511,3.1265094698491103
8.55,-18.0,-14.869565217391305,0.0,0.0,1.3869830125043416,-0.03026380896211278,0.02984112840635489,3.1265094698491103
8.56,-18.0,-14.869565217391305,0.0,0.0,1.3904130501284808,-0.03026380896211278,0.02984112840635489,3.1265094698491103
8.57,-18.0,-14.869565217391305,0.0,0.0,1.39384308775262,-0.03026380896211278,0.02984112840635489,3.1265094698491103
8.58,-18.0,-14.869565217391305,0.0,0.0,1.3972731253767592,-0.030263808962113004,0.029841128406354667,3.1265094698491103
8.59,-18.0,-14.869565217391305,0.0,0.0,1.4007031630008984,-0.03026380896211278,0.02984112840635489,3.1265094698491103
8.6,-18.0,-14.869565217391305,0.0,0.0,1.4041332006250375,-0.03026380896211278,0.02984112840635489,3.1265094698491103
8.61,-18.0,-14.869565217391305,0.0,0.0,1.4075632382491767,-0.03026380896211278,0.02984112840635489,3.1265094698491103
8.62,-18.0,-14.869565217391305,0.0,0.0,1.410993275873316,-0.03026380896211278,0.02984112840635489,3.1265094698491103
8.63,-18.0,-14.869565217391305,0.0,0.0,1.414423313497455,-0.03026380896211278,0.02984112840635489,3.1265094698491103
8.64,-18.0,-14.869565217391305,0.0,0.0,1.4178533511215943,-0.030263808962113004,0.029841128406354667,3.1265094698491103
8.65,-18.0,-14.869565217391305,0.0,0.0,1.4212833887457335,-0.030263808962113226,0.029841128406354445,3.1265094698491103
8.66,-18.0,-14.869565217391305,0.0,0.0,1.4247134263698726,-0.03026380896211278,0.02984112840635489,3.1265094698491103
8.67,-18.0,-14.869565217391305,0.0,0.0,1.4281434639940118,-0.030263808962113004,0.029841128406354667,3.1265094698491103
8.68,-18.0,-14.869565217391305,0.0,0.0,1.431573501618151,-0.030263808962113004,0.029841128406354667,3.1265094698491103
8.69,-18.0,-14.869565217391305,0.0,0.0,1.4350035392422902,-0.03026380896211278,0.02984112840635489,3.1265094698491103
8.7,-18.0,-14.869565217391305,0.0,0.0,1.4384335768664294,-0.030263808962113004,0.029841128406354667,3.1265094698491103
8.71,-18.0,-14.869565217391305,0.0,0.0,1.4418636144905685,-0.030263808962113226,0.029841128406354445,3.1265094698491103
8.72,-18.0,-14.869565217391305,0.0,0.0,1.4452936521147077,-0.030263808962113226,0.029841128406354445,3.1265094698491103
8.73,-18.0,-14.869565217391305,0.0,0.0,1.448723689738847,-0.030263808962113226,0.029841128406354445,3.1265094698491103
8.74,-18.0,-14.869565217391305,0.0,0.0,1.452153727362986,-0.030263808962113226,0.029841128406354445,3.1265094698491103
8.75,-18.0,-14.869565217391305,0.0,0.0,1.4555837649871253,-0.030263808962113226,0.029841128406354445,3.1265094698491103
8.76,-18.0,-14.869565217391305,0.0,0.0,1.4590138026112645,-0.030263808962113004,0.029841128406354667,3.1265094698491103
8.77,-18.0,-14.869565217391305,0.0,0.0,1.4624438402354036,-0.030263808962113004,0.029841128406354667,3.1265094698491103
8.78,-18.0,-14.869565217391305,0.0,0.0,1.4658738778595428,-0.030263808962113004,0.029841128406354667,3.1265094698491103
8.79,-18.0,-14.869565217391305,0.0,0.0,1.469303915483682,-0.030263808962113004,0.029841128406354667,3.1265094698491103
8.8,-18.0,-14.869565217391305,0.0,0.0,1.4727339531078212,-0.030263808962113004,0.029841128406354667,3.1265094698491103
8.81,-18.0,-14.869565217391305,0.0,0.0,1.4761639907319604,-0.030263808962113226,0.029841128406354445,3.1265094698491103
8.82,-18.0,-14.869565217391305,0.0,0.0,1.4795940283560995,-0.030263808962113004,0.029841128406354667,3.1265094698491103
8.83,-18.0,-14.869565217391305,0.0,0.0,1.4830240659802387,-0.030263808962113004,0.029841128406354667,3.1265094698491103
8.84,-18.0,-14.869565217391305,0.0,0.0,1.486454103604378,-0.030263808962113226,0.029841128406354445,3.1265094698491103
8.85,-18.0,-14.869565217391305,0.0,0.0,1.489884141228517,-0.030263808962113226,0.029841128406354445,3.1265094698491103
8.86,-18.0,-14.869565217391305,0.0,0.0,1.4933141788526563,-0.030263808962113004,0.029841128406354667,3.1265094698491103
8.87,-18.0,-14.869565217391305,0.0,0.0,1.4967442164767955,-0.03026380896211278,0.02984112840635489,3.1265094698491103
8.88,-18.0,-14.869565217391305,0.0,0.0,1.5001742541009346,-0.03026380896211256,0.02984112840635511,3.1265094698491103
8.89,-18.0,-14.869565217391305,0.0,0.0,1.5036042917250738,-0.03026380896211256,0.02984112840635511,3.1265094698491103
8.9,-18.0,-14.869565217391305,0.0,0.0,1.507034329349213,-0.03026380896211278,0.02984112840635489,3.1265094698491103
8.91,-18.0,-14.869565217391305,0.0,0.0,1.5104643669733522,-0.03026380896211278,0.02984112840635489,3.1265094698491103
8.92,-18.0,-14.869565217391305,0.0,0.0,1.5138944045974914,-0.03026380896211278,0.02984112840635489,3.1265094698491103
8.93,-18.0,-14.869565217391305,0.0,0.0,1.5173244422216305,-0.03026380896211256,0.02984112840635511,3.1265094698491103
8.94,-18.0,-14.869565217391305,0.0,0.0,1.5207544798457697,-0.03026380896211256,0.02984112840635511,3.1265094698491103
8.95,-18.0,-14.869565217391305,0.0,0.0,1.524184517469909,-0.030263808962112337,0.029841128406355333,3.1265094698491103
8.96,-18.0,-14.869565217391305,0.0,0.0,1.527614555094048,-0.030263808962112337,0.029841128406355333,3.1265094698491103
8.97,-18.0,-14.869565217391305,0.0,0.0,1.5310445927181873,-0.030263808962112337,0.029841128406355333,3.1265094698491103
8.98,-18.0,-14.869565217391305,0.0,0.0,1.5344746303423265,-0.03026380896211256,0.02984112840635511,3.1265094698491103
8.99,-18.0,-14.869565217391305,0.0,0.0,1.5379046679664656,-0.03026380896211256,0.02984112840635511,3.1265094698491103
9.0,-18.0,-14.869565217391305,0.0,0.0,1.5413347055906048,-0.030263808962112337,0.029841128406355333,3.1265094698491103
9.01,-18.0,-13.304347826086957,0.0,0.0,1.5453133772129248,-0.021776107123212096,0.13906421865115126,3.1252516899921465
9.02,-18.0,-13.304347826086957,0.0,0.0,1.5496178190703755,-0.021799692049793817,0.11929895747565022,3.1236299526827755
9.03,-18.0,-13.304347826086957,0.0,0.0,1.5541538354756745,-0.02420548935275857,0.10285974257307595,3.121975291443782
9.04,-18.0,-13.304347826086957,0.0,0.0,1.5588667613673075,-0.027078314425047045,0.08926620262895146,3.1204000529577067
9.05,-18.0,-13.304347826086957,0.0,0.0,1.5637133698210917,-0.029952670478073706,0.0782906833095689,3.1189521114453456
9.06,-18.0,-13.304347826086957,0.0,0.0,1.568657932681626,-0.032651863863771835,0.0696554528748059,3.117655600729447
9.07,-18.0,-13.304347826086957,0.0,0.0,1.5736719301509687,-0.035081537868822066,0.06301804157595803,3.1165206819454068
9.08,-18.0,-13.304347826086957,0.0,0.0,1.5787336534754424,-0.0371947366256864,0.058012655998167295,3.115546979777555
9.09,-18.0,-13.304347826086957,0.0,0.0,1.583827328921952,-0.0389799045241328,0.054291189504346526,3.1147261480923554
9.1,-18.0,-13.304347826086957,0.0,0.0,1.5889419617730878,-0.04045112274220375,0.05154995256592776,3.1140444718642915
9.11,-18.0,-13.304347826086957,0.0,0.0,1.594070152252132,-0.04163869938750708,0.049540783669362876,3.113485330861921
9.12,-18.0,-13.304347826086957,0.0,0.0,1.599207056218143,-0.04258100726129066,0.04807043848540293,3.113031240836986
9.13,-18.0,-13.304347826086957,0.0,0.0,1.6043495654758966,-0.04331831800432995,0.04699344706277109,3.112665319946307
9.14,-18.0,-13.304347826086957,0.0,0.0,1.6094957100624823,-0.04388877677724401,0.04620268736262445,3.112372184811793
9.15,-18.0,-13.304347826086957,0.0,0.0,1.6146442471787081,-0.04432621225934574,0.04562026458432222,3.112138380458401
9.16,-18.0,-13.304347826086957,0.0,0.0,1.6197943905205414,-0.04465928793824947,0.04518985163360556,3.1119524819519864
9.17,-18.0,-13.304347826086957,0.0,0.0,1.6249456376137474,-0.044911506291078984,0.044870745947588775,3.1118049947856856
9.18,-18.0,-13.304347826086957,0.0,0.0,1.6300976620670002,-0.0451016780707012,0.0446334661491421,3.1116881511819394
9.19,-18.0,-13.304347826086957,0.0,0.0,1.6352502472615267,-0.04524459032995498,0.044456572968704755,3.1115956674725567
9.2,-18.0,-13.304347826086957,0.0,0.0,1.6404032458114137,-0.045351711102735726,0.04432440286106032,3.1115225014808447
9.21,-18.0,-13.304347826086957,0.0,0.0,1.645556554776219,-0.04543184419845003,0.04422545862131333,3.1114646302651394
9.22,-18.0,-13.304347826086957,0.0,0.0,1.6507101004045155,-0.045491696249278624,0.04415126476290898,3.1114188567632692
9.23,-18.0,-13.304347826086957,0.0,0.0,1.6558638286218041,-0.04553634651909522,0.0440955496001727,3.111382647026784
9.24,-18.0,-13.304347826086957,0.0,0.0,1.661017698987818,-0.04556962476008941,0.044053657146422065,3.1113539961686376
9.25,-18.0,-13.304347826086957,0.0,0.0,1.6661716807659765,-0.04559440887448463,0.044022121456063656,3.111331319584262
9.26,-18.0,-13.304347826086957,0.0,0.0,1.671325750296577,-0.04561285594139908,0.043998356591164134,3.111313365572046
9.27,-18.0,-13.304347826086957,0.0,0.0,1.6764798891904795,-0.04562657959374583,0.043980429522723075,3.1112991456281986
9.28,-18.0,-13.304347826086957,0.0,0.0,1.681634083051819,-0.04563678512089031,0.04396689296889744,3.111287879101048
9.29,-18.0,-13.304347826086957,0.0,0.0,1.6867883205514078,-0.04564437176362324,0.04395666184825897,3.1112789493830766
9.3,-18.0,-13.304347826086957,0.0,0.0,1.6919425927395297,-0.04565000982569822,0.04394892166106734,3.1112718693044297
9.31,-18.0,-13.304347826086957,0.0,0.0,1.697096892526945,-0.04565419860856634,0.04394306036102513,3.111266253827991
9.32,-18.0,-13.304347826086957,0.0,0.0,1.7022512142872774,-0.045657309829331805,0.04393861758147111,3.1112617985193225
9.33,-18.0,-13.304347826086957,0.0,0.0,1.7074055535490462,-0.04565962009772839,0.04393524672603455,3.111258262574379
9.34,-18.0,-13.304347826086957,0.0,0.0,1.7125599067551756,-0.045661335174140616,0.04393268662137362,3.111255455439899
9.35,-18.0,-13.304347826086957,0.0,0.0,1.7177142710740745,-0.04566260806870126,0.04393074029297406,3.1112532262638255
9.36,-18.0,-13.304347826086957,0.0,0.0,1.7228686442505867,-0.045663552533716345,0.04392925905659606,3.111251455574437
9.37,-18.0,-13.304347826086957,0.0,0.0,1.728023024488033,-0.04566425311532063,0.043928130582394864,3.1112500487146915
9.38,-18.0,-13.304347826086957,0.0,0.0,1.7331774103546556,-0.045664772637929785,0.04392726993170082,3.111248930659181
9.39,-18.0,-13.304347826086957,0.0,0.0,1.7383318007093023,-0.04566515777485569,0.04392661282051402,3.111248041920588
9.4,-18.0,-13.304347826086957,0.0,0.0,1.7434861946423281,-0.04566544319307142,0.04392611055252149,3.1112473353150434
9.41,-18.0,-13.304347826086957,0.0,0.0,1.748640591428563,-0.04566565463621397,0.04392572620490953,3.1112467734049196
9.42,-18.0,-13.304347826086957,0.0,0.0,1.7537949904898613,-0.04566581121726432,0.04392543175501484,3.111246326476223
9.43,-18.0,-13.304347826086957,0.0,0.0,1.7589493913652698,-0.04566592712313455,0.043925205914065346,3.1112459709380613
9.44,-18.0,-13.304347826086957,0.0,0.0,1.764103793687258,-0.045666012881762974,0.04392503249271762,3.111245688055554
9.45,-18.0,-13.304347826086957,0.0,0.0,1.769258197162774,-0.04566607630382857,0.04392489916685194,3.111245462946272
9.46,-18.0,-13.304347826086957,0.0,0.0,1.774412601558147,-0.04566612318251462,0.043924796544842604,3.111245283785075
9.47,-18.0,-13.304347826086957,0.0,0.0,1.7795670066870497,-0.04566615781338701,0.04392471746205917,3.1112451411738222
9.48,-18.0,-13.304347826086957,0.0,0.0,1.7847214124009045,-0.04566618338056605,0.04392465644678323,3.1112450276415857
9.49,-18.0,-13.304347826086957,0.0,0.0,1.7898758185812331,-0.04566620224351903,0.04392460931551856,3.1112449372482023
9.5,-18.0,-13.304347826086957,0.0,0.0,1.7950302251335577,-0.045666216150009875,0.04392457286607088,3.1112448652696942
9.51,-18.0,-13.304347826086957,0.0,0.0,1.8001846319825383,-0.04566622639418494,0.043924544644546426,3.11124480794857
9.52,-18.0,-13.304347826086957,0.0,0.0,1.8053390390680952,-0.04566623393390512,0.04392452276830183,3.1112447622955735
9.53,-18.0,-13.304347826086957,0.0,0.0,1.8104934463423177,-0.04566623947780801,0.04392450579126361,3.111244725932223
9.54,-18.0,-13.304347826086957,0.0,0.0,1.8156478537669989,-0.04566624354989535,0.04392449260138176,3.111244696965729
9.55,-18.0,-13.304347826086957,0.0,0.0,1.82080226131167,-0.04566624653743445,0.0439244823424596,3.1112446738895976
9.56,-18.0,-13.304347826086957,0.0,0.0,1.8259566689520326,-0.045666248726471625,0.04392447435450597,3.111244655504631
9.57,-18.0,-13.304347826086957,0.0,0.0,1.8311110766687098,-0.045666250328153524,0.043924468128170524,3.1112446408561243
9.58,-18.0,-13.304347826086957,0.0,0.0,1.836265484446248,-0.04566625149823533,0.043924463269894964,3.11124462918393
9.59,-18.0,-13.304347826086957,0.0,0.0,1.841419892272324,-0.04566625235152322,0.04392445947523149,3.1112446198827404
9.6,-18.0,-13.304347826086957,0.0,0.0,1.8465743001371093,-0.04566625297257243,0.04392445650839205,3.111244612470499
9.61,-18.0,-13.304347826086957,0.0,0.0,1.8517287080327662,-0.045666253423601644,0.043924454186552664,3.1112446065632664
9.62,-18.0,-13.304347826086957,0.0,0.0,1.8568831159530437,-0.04566625375034872,0.04392445236779463,3.111244601855223
9.63,-18.0,-13.304347826086957,0.0,0.0,1.8620375238929567,-0.045666253986399896,0.043924450941828175,3.111244598102752
9.64,-18.0,-13.304347826086957,0.0,0.0,1.8671919318485297,-0.045666254156388586,0.04392444982285015,3.111244595111773
9.65,-18.0,-13.304347826086957,0.0,0.0,1.8723463398165918,-0.04566625427835924,0.04392444894403247,3.1112445927276573
9.66,-18.0,-13.304347826086957,0.0,0.0,1.8775007477946146,-0.04566625436550931,0.04392444825327235,3.111244590827201
9.67,-18.0,-13.304347826086957,0.0,0.0,1.8826551557805813,-0.04566625442747552,0.04392444770990589,3.1112445893122302
9.68,-18.0,-13.304347826086957,0.0,0.0,1.8878095637728833,-0.04566625447128381,0.04392444728216338,3.1112445881045137
9.69,-18.0,-13.304347826086957,0.0,0.0,1.8929639717702382,-0.04566625450204409,0.04392444694520137,3.111244587141706
9.7,-18.0,-13.304347826086957,0.0,0.0,1.898118379771623,-0.04566625452346629,0.04392444667957052,3.1112445863741205
9.71,-18.0,-13.304347826086957,0.0,0.0,1.9032727877762219,-0.04566625453823536,0.04392444647003457,3.1112445857621562
9.72,-18.0,-13.304347826086957,0.0,0.0,1.908427195783384,-0.04566625454829021,0.04392444630464443,3.11124458527425
9.73,-18.0,-13.304347826086957,0.0,0.0,1.9135816037925903,-0.04566625455502593,0.043924446174022025,3.111244584885244
9.74,-18.0,-13.304347826086957,0.0,0.0,1.9187360118034271,-0.04566625455944262,0.04392444607079993,3.111244584575083
9.75,-18.0,-13.304347826086957,0.0,0.0,1.9238904198155644,-0.04566625456225348,0.04392444598918721,3.1112445843277814
9.76,-18.0,-13.304347826086957,0.0,0.0,1.9290448278287387,-0.04566625456396589,0.04392444592462641,3.1112445841305965
9.77,-18.0,-13.304347826086957,0.0,0.0,1.9341992358427402,-0.045666254564937336,0.04392444587353017,3.111244583973368
9.78,-18.0,-13.304347826086957,0.0,0.0,1.9393536438574013,-0.04566625456541806,0.04392444583307209,3.1112445838479985
9.79,-18.0,-13.304347826086957,0.0,0.0,1.9445080518725886,-0.045666254565583486,0.04392444580102284,3.1112445837480296
9.8,-18.0,-13.304347826086957,0.0,0.0,1.9496624598881955,-0.04566625456555262,0.04392444577562471,3.1112445836683147
9.81,-18.0,-13.304347826086957,0.0,0.0,1.9548168679041371,-0.04566625456540674,0.04392444575548948,3.111244583604749
9.82,-18.0,-13.304347826086957,0.0,0.0,1.9599712759203456,-0.04566625456520024,0.04392444573952092,3.1112445835540607
9.83,-18.0,-13.304347826086957,0.0,0.0,1.965125683936767,-0.04566625456496842,0.043924445726851946,3.11124458351364
9.84,-18.0,-13.304347826086957,0.0,0.0,1.9702800919533583,-0.04566625456473372,0.043924445716797544,3.111244583481407
9.85,-18.0,-13.304347826086957,0.0,0.0,1.9754344999700848,-0.045666254564509234,0.04392444570881615,3.1112445834557025
9.86,-18.0,-13.304347826086957,0.0,0.0,1.9805889079869194,-0.04566625456430229,0.04392444570247811,3.1112445834352047
9.87,-18.0,-13.304347826086957,0.0,0.0,1.9857433160038402,-0.04566625456411688,0.04392444569744325,3.1112445834188582
9.88,-18.0,-13.304347826086957,0.0,0.0,1.9908977240208297,-0.04566625456395346,0.04392444569344378,3.1112445834058224
9.89,-18.0,-13.304347826086957,0.0,0.0,1.996052132037874,-0.04566625456381179,0.04392444569026499,3.1112445833954268
9.9,-18.0,-13.304347826086957,0.0,0.0,2.001206540054962,-0.045666254563690334,0.043924445687738345,3.111244583387136
9.91,-18.0,-13.304347826086957,0.0,0.0,2.0063609480720848,-0.045666254563587305,0.043924445685729285,3.1112445833805245
9.92,-18.0,-13.304347826086957,0.0,0.0,2.011515356089235,-0.045666254563500264,0.043924445684131896,3.1112445833752522
9.93,-18.0,-13.304347826086957,0.0,0.0,2.0166697641064077,-0.04566625456342721,0.043924445682861135,3.111244583371047
9.94,-18.0,-13.304347826086957,0.0,0.0,2.021824172123598,-0.04566625456336593,0.04392444568185083,3.111244583367694
9.95,-18.0,-13.304347826086957,0.0,0.0,2.0269785801408027,-0.045666254563315745,0.04392444568104659,3.111244583365019
9.96,-18.0,-13.304347826086957,0.0,0.0,2.0321329881580183,-0.045666254563274,0.043924445680406654,3.1112445833628866
9.97,-18.0,-13.304347826086957,0.0,0.0,2.037287396175243,-0.045666254563239805,0.043924445679897284,3.1112445833611857
9.98,-18.0,-13.304347826086957,0.0,0.0,2.042441804192475,-0.045666254563211606,0.04392444567949161,3.1112445833598286
9.99,-18.0,-13.304347826086957,0.0,0.0,2.0475962122097124,-0.04566625456318851,0.043924445679168755,3.1112445833587468
10.0,-18.0,-13.304347826086957,0.0,0.0,2.0527506202269548,-0.04566625456316986,0.04392444567891207,3.111244583357884
10.01,-18.0,-13.304347826086957,0.0,0.0,2.0579050282442006,-0.04566625456315432,0.04392444567870735,3.1112445833571956
10.02,-18.0,-13.304347826086957,0.0,0.0,2.063059436261449,-0.04566625456314144,0.043924445678544366,3.111244583356647
10.03,-18.0,-13.304347826086957,0.0,0.0,2.0682138442787004,-0.04566625456313167,0.04392444567841469,3.111244583356209
10.04,-18.0,-13.304347826086957,0.0,0.0,2.0733682522959533,-0.045666254563123454,0.04392444567831144,3.11124458335586
10.05,-18.0,-13.304347826086957,0.0,0.0,2.0785226603132076,-0.04566625456311657,0.04392444567822906,3.1112445833555817
10.06,-18.0,-13.304347826086957,0.0,0.0,2.0836770683304633,-0.045666254563111686,0.04392444567816334,3.1112445833553597
10.07,-18.0,-13.304347826086957,0.0,0.0,2.08883147634772,-0.04566625456310702,0.04392444567811116,3.1112445833551825
10.08,-18.0,-13.304347826086957,0.0,0.0,2.093985884364977,-0.04566625456310369,0.043924445678069635,3.1112445833550417
10.09,-18.0,-13.304347826086957,0.0,0.0,2.0991402923822347,-0.04566625456310058,0.04392444567803633,3.111244583354929
10.1,-18.0,-13.304347826086957,0.0,0.0,2.104294700399493,-0.04566625456309836,0.04392444567800968,3.1112445833548388
10.11,-18.0,-13.304347826086957,0.0,0.0,2.1094491084167517,-0.045666254563096365,0.04392444567798903,3.1112445833547673
10.12,-18.0,-13.304347826086957,0.0,0.0,2.1146035164340105,-0.04566625456309503,0.04392444567797216,3.1112445833547104
10.13,-18.0,-13.304347826086957,0.0,0.0,2.1197579244512696,-0.04566625456309392,0.04392444567795861,3.1112445833546647
10.14,-18.0,-13.304347826086957,0.0,0.0,2.124912332468529,-0.045666254563093256,0.04392444567794773,3.1112445833546283
10.15,-18.0,-13.304347826086957,0.0,0.0,2.1300667404857885,-0.04566625456309237,0.043924445677939294,3.1112445833545994
10.16,-18.0,-13.304347826086957,0.0,0.0,2.135221148503048,-0.04566625456309148,0.04392444567793263,3.1112445833545763
10.17,-18.0,-13.304347826086957,0.0,0.0,2.1403755565203078,-0.04566625456309081,0.043924445677927526,3.1112445833545577
10.18,-18.0,-13.304347826086957,0.0,0.0,2.1455299645375674,-0.04566625456309037,0.043924445677923085,3.111244583354543
10.19,-18.0,-13.304347826086957,0.0,0.0,2.150684372554827,-0.045666254563089925,0.04392444567791953,3.1112445833545315
10.2,-18.0,-13.304347826086957,0.0,0.0,2.155838780572087,-0.0456662545630897,0.04392444567791709,3.1112445833545217
10.21,-18.0,-13.304347826086957,0.0,0.0,2.160993188589347,-0.04566625456308948,0.04392444567791465,3.111244583354514
10.22,-18.0,-13.304347826086957,0.0,0.0,2.1661475966066073,-0.0456662545630897,0.04392444567791265,3.1112445833545084
10.23,-18.0,-13.304347826086957,0.0,0.0,2.1713020046238674,-0.04566625456308926,0.04392444567791132,3.1112445833545035
10.24,-18.0,-13.304347826086957,0.0,0.0,2.1764564126411274,-0.04566625456308948,0.04392444567791021,3.1112445833545
10.25,-18.0,-13.304347826086957,0.0,0.0,2.1816108206583875,-0.04566625456308904,0.04392444567790932,3.111244583354497
10.26,-18.0,-13.304347826086957,0.0,0.0,2.1867652286756476,-0.04566625456308904,0.043924445677908874,3.111244583354494
10.27,-18.0,-13.304347826086957,0.0,0.0,2.1919196366929077,-0.045666254563088815,0.04392444567790821,3.1112445833544924
10.28,-18.0,-13.304347826086957,0.0,0.0,2.1970740447101678,-0.045666254563088815,0.043924445677907764,3.111244583354491
10.29,-18.0,-13.304347826086957,0.0,0.0,2.202228452727428,-0.045666254563088815,0.04392444567790732,3.1112445833544897
10.3,-18.0,-13.304347826086957,0.0,0.0,2.207382860744688,-0.04566625456308859,0.0439244456779071,3.1112445833544884
10.31,-18.0,-13.304347826086957,0.0,0.0,2.212537268761948,-0.04566625456308859,0.0439244456779071,3.111244583354488
10.32,-18.0,-13.304347826086957,0.0,0.0,2.217691676779208,-0.04566625456308837,0.043924445677906876,3.111244583354487
10.33,-18.0,-13.304347826086957,0.0,0.0,2.222846084796468,-0.04566625456308859,0.043924445677906654,3.1112445833544866
10.34,-18.0,-13.304347826086957,0.0,0.0,2.2280004928137283,-0.04566625456308859,0.043924445677906654,3.111244583354486
10.35,-18.0,-13.304347826086957,0.0,0.0,2.2331549008309883,-0.04566625456308837,0.04392444567790643,3.1112445833544857
10.36,-18.0,-13.304347826086957,0.0,0.0,2.2383093088482484,-0.04566625456308837,0.04392444567790643,3.1112445833544857
10.37,-18.0,-13.304347826086957,0.0,0.0,2.2434637168655085,-0.04566625456308837,0.04392444567790643,3.1112445833544857
10.38,-18.0,-13.304347826086957,0.0,0.0,2.2486181248827686,-0.04566625456308859,0.04392444567790621,3.1112445833544853
10.39,-18.0,-13.304347826086957,0.0,0.0,2.2537725329000287,-0.04566625456308837,0.04392444567790643,3.1112445833544853
10.4,-18.0,-13.304347826086957,0.0,0.0,2.2589269409172887,-0.04566625456308837,0.04392444567790643,3.1112445833544853
10.41,-18.0,-13.304347826086957,0.0,0.0,2.264081348934549,-0.04566625456308837,0.04392444567790643,3.111244583354485
10.42,-18.0,-13.304347826086957,0.0,0.0,2.269235756951809,-0.04566625456308837,0.04392444567790643,3.1112445833544853
10.43,-18.0,-13.304347826086957,0.0,0.0,2.274390164969069,-0.04566625456308837,0.04392444567790643,3.111244583354485
10.44,-18.0,-13.304347826086957,0.0,0.0,2.279544572986329,-0.04566625456308837,0.04392444567790643,3.111244583354485
10.45,-18.0,-13.304347826086957,0.0,0.0,2.284698981003589,-0.04566625456308837,0.04392444567790643,3.111244583354485
10.46,-18.0,-13.304347826086957,0.0,0.0,2.2898533890208492,-0.04566625456308837,0.04392444567790643,3.111244583354485
10.47,-18.0,-13.304347826086957,0.0,0.0,2.2950077970381093,-0.04566625456308837,0.04392444567790643,3.111244583354485
10.48,-18.0,-13.304347826086957,0.0,0.0,2.3001622050553694,-0.04566625456308815,0.04392444567790621,3.111244583354485
10.49,-18.0,-13.304347826086957,0.0,0.0,2.3053166130726295,-0.04566625456308815,0.04392444567790621,3.111244583354485
10.5,-18.0,-13.304347826086957,0.0,0.0,2.3104710210898896,-0.04566625456308815,0.04392444567790621,3.111244583354485
10.51,-18.0,-13.304347826086957,0.0,0.0,2.3156254291071496,-0.04566625456308815,0.04392444567790621,3.111244583354485
10.52,-18.0,-13.304347826086957,0.0,0.0,2.3207798371244097,-0.04566625456308815,0.04392444567790621,3.111244583354485
10.53,-18.0,-13.304347826086957,0.0,0.0,2.32593424514167,-0.04566625456308815,0.04392444567790621,3.111244583354485
10.54,-18.0,-13.304347826086957,0.0,0.0,2.33108865315893,-0.04566625456308815,0.04392444567790621,3.1112445833544844
10.55,-18.0,-13.304347826086957,0.0,0.0,2.33624306117619,-0.04566625456308815,0.04392444567790621,3.1112445833544844
10.56,-18.0,-13.304347826086957,0.0,0.0,2.34139746919345,-0.04566625456308815,0.04392444567790621,3.111244583354485
10.57,-18.0,-13.304347826086957,0.0,0.0,2.34655187721071,-0.04566625456308815,0.04392444567790621,3.111244583354485
10.58,-18.0,-13.304347826086957,0.0,0.0,2.35170628522797,-0.04566625456308815,0.04392444567790621,3.1112445833544844
10.59,-18.0,-13.304347826086957,0.0,0.0,2.3568606932452303,-0.04566625456308815,0.04392444567790621,3.111244583354485
10.6,-18.0,-13.304347826086957,0.0,0.0,2.3620151012624904,-0.04566625456308815,0.04392444567790621,3.111244583354485
10.61,-18.0,-13.304347826086957,0.0,0.0,2.3671695092797505,-0.04566625456308793,0.04392444567790643,3.1112445833544844
10.62,-18.0,-13.304347826086957,0.0,0.0,2.3723239172970105,-0.04566625456308815,0.04392444567790621,3.111244583354485
10.63,-18.0,-13.304347826086957,0.0,0.0,2.3774783253142706,-0.04566625456308815,0.04392444567790621,3.1112445833544844
10.64,-18.0,-13.304347826086957,0.0,0.0,2.3826327333315307,-0.04566625456308815,0.04392444567790621,3.1112445833544844
10.65,-18.0,-13.304347826086957,0.0,0.0,2.3877871413487908,-0.04566625456308815,0.04392444567790621,3.111244583354485
10.66,-18.0,-13.304347826086957,0.0,0.0,2.392941549366051,-0.04566625456308793,0.04392444567790643,3.111244583354485
10.67,-18.0,-13.304347826086957,0.0,0.0,2.398095957383311,-0.04566625456308793,0.04392444567790643,3.1112445833544844
10.68,-18.0,-13.304347826086957,0.0,0.0,2.403250365400571,-0.04566625456308815,0.04392444567790621,3.111244583354485
10.69,-18.0,-13.304347826086957,0.0,0.0,2.408404773417831,-0.04566625456308815,0.04392444567790621,3.111244583354485
10.7,-18.0,-13.304347826086957,0.0,0.0,2.413559181435091,-0.04566625456308815,0.04392444567790621,3.1112445833544844
10.71,-18.0,-13.304347826086957,0.0,0.0,2.4187135894523513,-0.04566625456308815,0.04392444567790621,3.111244583354485
10.72,-18.0,-13.304347826086957,0.0,0.0,2.4238679974696113,-0.04566625456308837,0.04392444567790599,3.1112445833544844
10.73,-18.0,-13.304347826086957,0.0,0.0,2.4290224054868714,-0.04566625456308815,0.04392444567790621,3.1112445833544844
10.74,-18.0,-13.304347826086957,0.0,0.0,2.4341768135041315,-0.04566625456308815,0.04392444567790621,3.111244583354485
10.75,-18.0,-13.304347826086957,0.0,0.0,2.4393312215213916,-0.04566625456308815,0.04392444567790621,3.1112445833544844
10.76,-18.0,-13.304347826086957,0.0,0.0,2.4444856295386517,-0.04566625456308793,0.04392444567790643,3.1112445833544844
10.77,-18.0,-13.304347826086957,0.0,0.0,2.4496400375559118,-0.04566625456308815,0.04392444567790621,3.111244583354485
10.78,-18.0,-13.304347826086957,0.0,0.0,2.454794445573172,-0.04566625456308815,0.04392444567790621,3.111244583354485
10.79,-18.0,-13.304347826086957,0.0,0.0,2.459948853590432,-0.04566625456308815,0.04392444567790621,3.111244583354485
10.8,-18.0,-13.304347826086957,0.0,0.0,2.465103261607692,-0.04566625456308815,0.04392444567790621,3.1112445833544844
10.81,-18.0,-13.304347826086957,0.0,0.0,2.470257669624952,-0.04566625456308837,0.04392444567790599,3.1112445833544844
10.82,-18.0,-13.304347826086957,0.0,0.0,2.475412077642212,-0.04566625456308815,0.04392444567790621,3.111244583354485
10.83,-18.0,-13.304347826086957,0.0,0.0,2.4805664856594722,-0.04566625456308815,0.04392444567790621,3.1112445833544844
10.84,-18.0,-13.304347826086957,0.0,0.0,2.4857208936767323,-0.04566625456308815,0.04392444567790621,3.111244583354485
10.85,-18.0,-13.304347826086957,0.0,0.0,2.4908753016939924,-0.04566625456308815,0.04392444567790621,3.111244583354485
10.86,-18.0,-13.304347826086957,0.0,0.0,2.4960297097112525,-0.04566625456308815,0.04392444567790621,3.1112445833544844
10.87,-18.0,-13.304347826086957,0.0,0.0,2.5011841177285126,-0.04566625456308815,0.04392444567790621,3.111244583354485
10.88,-18.0,-13.304347826086957,0.0,0.0,2.5063385257457726,-0.04566625456308815,0.04392444567790621,3.1112445833544844
10.89,-18.0,-13.304347826086957,0.0,0.0,2.5114929337630327,-0.04566625456308815,0.04392444567790621,3.1112445833544844
10.9,-18.0,-13.304347826086957,0.0,0.0,2.516647341780293,-0.04566625456308815,0.04392444567790621,3.111244583354485
10.91,-18.0,-13.304347826086957,0.0,0.0,2.521801749797553,-0.04566625456308815,0.04392444567790621,3.1112445833544844
10.92,-18.0,-13.304347826086957,0.0,0.0,2.526956157814813,-0.04566625456308837,0.04392444567790599,3.1112445833544844
10.93,-18.0,-13.304347826086957,0.0,0.0,2.532110565832073,-0.04566625456308837,0.04392444567790599,3.111244583354485
10.94,-18.0,-13.304347826086957,0.0,0.0,2.537264973849333,-0.04566625456308815,0.04392444567790621,3.111244583354485
10.95,-18.0,-13.304347826086957,0.0,0.0,2.542419381866593,-0.04566625456308837,0.04392444567790599,3.111244583354485
10.96,-18.0,-13.304347826086957,0.0,0.0,2.5475737898838533,-0.04566625456308837,0.04392444567790599,3.111244583354485
10.97,-18.0,-13.304347826086957,0.0,0.0,2.5527281979011134,-0.04566625456308837,0.04392444567790599,3.1112445833544844
10.98,-18.0,-13.304347826086957,0.0,0.0,2.5578826059183735,-0.04566625456308837,0.04392444567790599,3.111244583354485
10.99,-18.0,-13.304347826086957,0.0,0.0,2.5630370139356335,-0.04566625456308837,0.04392444567790599,3.111244583354485
11.0,-18.0,-13.304347826086957,0.0,0.0,2.5681914219528936,-0.04566625456308815,0.04392444567790621,3.111244583354485
11.01,-18.0,-13.304347826086957,0.0,0.0,2.5733458299701537,-0.04566625456308837,0.04392444567790599,3.111244583354485
11.02,-18.0,-13.304347826086957,0.0,0.0,2.578500237987414,-0.04566625456308837,0.04392444567790599,3.111244583354485
11.03,-18.0,-13.304347826086957,0.0,0.0,2.583654646004674,-0.04566625456308815,0.04392444567790621,3.111244583354485
11.04,-18.0,-13.304347826086957,0.0,0.0,2.588809054021934,-0.04566625456308837,0.04392444567790599,3.111244583354485
11.05,-18.0,-13.304347826086957,0.0,0.0,2.593963462039194,-0.04566625456308815,0.04392444567790621,3.111244583354485
11.06,-18.0,-13.304347826086957,0.0,0.0,2.599117870056454,-0.04566625456308837,0.04392444567790599,3.1112445833544844
11.07,-18.0,-13.304347826086957,0.0,0.0,2.604272278073714,-0.04566625456308837,0.04392444567790599,3.111244583354485
11.08,-18.0,-13.304347826086957,0.0,0.0,2.6094266860909743,-0.04566625456308837,0.04392444567790599,3.1112445833544844
11.09,-18.0,-13.304347826086957,0.0,0.0,2.6145810941082344,-0.04566625456308837,0.04392444567790599,3.111244583354485
11.1,-18.0,-13.304347826086957,0.0,0.0,2.6197355021254944,-0.04566625456308837,0.04392444567790599,3.111244583354485
11.11,-18.0,-13.304347826086957,0.0,0.0,2.6248899101427545,-0.04566625456308815,0.04392444567790621,3.111244583354485
11.12,-18.0,-13.304347826086957,0.0,0.0,2.6300443181600146,-0.04566625456308837,0.04392444567790599,3.111244583354485
11.13,-18.0,-13.304347826086957,0.0,0.0,2.6351987261772747,-0.04566625456308837,0.04392444567790599,3.111244583354485
11.14,-18.0,-13.304347826086957,0.0,0.0,2.6403531341945348,-0.04566625456308859,0.043924445677905766,3.111244583354485
11.15,-18.0,-13.304347826086957,0.0,0.0,2.645507542211795,-0.04566625456308837,0.04392444567790599,3.111244583354485
11.16,-18.0,-13.304347826086957,0.0,0.0,2.650661950229055,-0.04566625456308837,0.04392444567790599,3.111244583354485
11.17,-18.0,-13.304347826086957,0.0,0.0,2.655816358246315,-0.04566625456308837,0.04392444567790599,3.111244583354485
11.18,-18.0,-13.304347826086957,0.0,0.0,2.660970766263575,-0.04566625456308837,0.04392444567790599,3.111244583354485
11.19,-18.0,-13.304347826086957,0.0,0.0,2.666125174280835,-0.04566625456308837,0.04392444567790599,3.1112445833544844
11.2,-18.0,-13.304347826086957,0.0,0.0,2.6712795822980953,-0.04566625456308837,0.04392444567790599,3.111244583354485
11.21,-18.0,-13.304347826086957,0.0,0.0,2.6764339903153553,-0.04566625456308859,0.043924445677905766,3.1112445833544844
11.22,-18.0,-13.304347826086957,0.0,0.0,2.6815883983326154,-0.04566625456308859,0.043924445677905766,3.1112445833544844
11.23,-18.0,-13.304347826086957,0.0,0.0,2.6867428063498755,-0.045666254563088815,0.043924445677905544,3.111244583354485
11.24,-18.0,-13.304347826086957,0.0,0.0,2.6918972143671356,-0.045666254563088815,0.043924445677905544,3.1112445833544844
11.25,-18.0,-13.304347826086957,0.0,0.0,2.6970516223843957,-0.04566625456308859,0.043924445677905766,3.111244583354485
11.26,-18.0,-13.304347826086957,0.0,0.0,2.7022060304016557,-0.04566625456308837,0.04392444567790599,3.111244583354485
11.27,-18.0,-13.304347826086957,0.0,0.0,2.707360438418916,-0.04566625456308837,0.04392444567790599,3.111244583354485
11.28,-18.0,-13.304347826086957,0.0,0.0,2.712514846436176,-0.04566625456308859,0.043924445677905766,3.1112445833544844
11.29,-18.0,-13.304347826086957,0.0,0.0,2.717669254453436,-0.04566625456308859,0.043924445677905766,3.111244583354485
11.3,-18.0,-13.304347826086957,0.0,0.0,2.722823662470696,-0.04566625456308859,0.043924445677905766,3.1112445833544844
11.31,-18.0,-13.304347826086957,0.0,0.0,2.727978070487956,-0.04566625456308859,0.043924445677905766,3.1112445833544844
11.32,-18.0,-13.304347826086957,0.0,0.0,2.7331324785052162,-0.04566625456308859,0.043924445677905766,3.1112445833544844
11.33,-18.0,-13.304347826086957,0.0,0.0,2.7382868865224763,-0.04566625456308859,0.043924445677905766,3.1112445833544844
11.34,-18.0,-13.304347826086957,0.0,0.0,2.7434412945397364,-0.04566625456308859,0.043924445677905766,3.111244583354485
11.35,-18.0,-13.304347826086957,0.0,0.0,2.7485957025569965,-0.04566625456308859,0.043924445677905766,3.1112445833544844
11.36,-18.0,-13.304347826086957,0.0,0.0,2.7537501105742566,-0.04566625456308837,0.04392444567790599,3.111244583354485
11.37,-18.0,-13.304347826086957,0.0,0.0,2.7589045185915166,-0.04566625456308837,0.04392444567790599,3.1112445833544844
11.38,-18.0,-13.304347826086957,0.0,0.0,2.7640589266087767,-0.04566625456308837,0.04392444567790599,3.111244583354485
11.39,-18.0,-13.304347826086957,0.0,0.0,2.769213334626037,-0.04566625456308815,0.04392444567790621,3.111244583354485
11.4,-18.0,-13.304347826086957,0.0,0.0,2.774367742643297,-0.04566625456308815,0.04392444567790621,3.111244583354485
11.41,-18.0,-13.304347826086957,0.0,0.0,2.779522150660557,-0.04566625456308837,0.04392444567790599,3.111244583354485
11.42,-18.0,-13.304347826086957,0.0,0.0,2.784676558677817,-0.04566625456308837,0.04392444567790599,3.111244583354485
11.43,-18.0,-13.304347826086957,0.0,0.0,2.789830966695077,-0.04566625456308837,0.04392444567790599,3.1112445833544844
11.44,-18.0,-13.304347826086957,0.0,0.0,2.794985374712337,-0.04566625456308815,0.04392444567790621,3.1112445833544844
11.45,-18.0,-13.304347826086957,0.0,0.0,2.8001397827295973,-0.04566625456308793,0.04392444567790643,3.111244583354485
11.46,-18.0,-13.304347826086957,0.0,0.0,2.8052941907468574,-0.04566625456308793,0.04392444567790643,3.111244583354485
11.47,-18.0,-13.304347826086957,0.0,0.0,2.8104485987641175,-0.04566625456308793,0.04392444567790643,3.111244583354485
11.48,-18.0,-13.304347826086957,0.0,0.0,2.8156030067813775,-0.04566625456308815,0.04392444567790621,3.1112445833544844
11.49,-18.0,-13.304347826086957,0.0,0.0,2.8207574147986376,-0.04566625456308815,0.04392444567790621,3.1112445833544844
11.5,-18.0,-13.304347826086957,0.0,0.0,2.8259118228158977,-0.04566625456308793,0.04392444567790643,3.111244583354485
11.51,-18.0,-13.304347826086957,0.0,0.0,2.831066230833158,-0.04566625456308793,0.04392444567790643,3.1112445833544844
11.52,-18.0,-13.304347826086957,0.0,0.0,2.836220638850418,-0.04566625456308793,0.04392444567790643,3.111244583354485
11.53,-18.0,-13.304347826086957,0.0,0.0,2.841375046867678,-0.04566625456308793,0.04392444567790643,3.1112445833544844
11.54,-18.0,-13.304347826086957,0.0,0.0,2.846529454884938,-0.045666254563087705,0.043924445677906654,3.111244583354485
11.55,-18.0,-13.304347826086957,0.0,0.0,2.851683862902198,-0.045666254563087705,0.043924445677906654,3.111244583354485
11.56,-18.0,-13.304347826086957,0.0,0.0,2.856838270919458,-0.04566625456308748,0.043924445677906876,3.111244583354485
11.57,-18.0,-13.304347826086957,0.0,0.0,2.8619926789367183,-0.04566625456308748,0.043924445677906876,3.111244583354485
11.58,-18.0,-13.304347826086957,0.0,0.0,2.8671470869539784,-0.04566625456308793,0.04392444567790643,3.111244583354485
11.59,-18.0,-13.304347826086957,0.0,0.0,2.8723014949712384,-0.04566625456308793,0.04392444567790643,3.1112445833544844
11.6,-18.0,-13.304347826086957,0.0,0.0,2.8774559029884985,-0.04566625456308793,0.04392444567790643,3.111244583354485
11.61,-18.0,-13.304347826086957,0.0,0.0,2.8826103110057586,-0.04566625456308793,0.04392444567790643,3.111244583354485
11.62,-18.0,-13.304347826086957,0.0,0.0,2.8877647190230187,-0.045666254563087705,0.043924445677906654,3.1112445833544844
11.63,-18.0,-13.304347826086957,0.0,0.0,2.8929191270402788,-0.045666254563087705,0.043924445677906654,3.1112445833544844
11.64,-18.0,-13.304347826086957,0.0,0.0,2.898073535057539,-0.045666254563087705,0.043924445677906654,3.111244583354485
11.65,-18.0,-13.304347826086957,0.0,0.0,2.903227943074799,-0.04566625456308793,0.04392444567790643,3.111244583354485
11.66,-18.0,-13.304347826086957,0.0,0.0,2.908382351092059,-0.045666254563087705,0.043924445677906654,3.111244583354485
11.67,-18.0,-13.304347826086957,0.0,0.0,2.913536759109319,-0.04566625456308793,0.04392444567790643,3.1112445833544844
11.68,-18.0,-13.304347826086957,0.0,0.0,2.918691167126579,-0.04566625456308793,0.04392444567790643,3.111244583354485
11.69,-18.0,-13.304347826086957,0.0,0.0,2.9238455751438392,-0.04566625456308793,0.04392444567790643,3.111244583354485
11.7,-18.0,-13.304347826086957,0.0,0.0,2.9289999831610993,-0.04566625456308793,0.04392444567790643,3.111244583354485
11.71,-18.0,-13.304347826086957,0.0,0.0,2.9341543911783594,-0.04566625456308793,0.04392444567790643,3.111244583354485
11.72,-18.0,-13.304347826086957,0.0,0.0,2.9393087991956195,-0.04566625456308793,0.04392444567790643,3.111244583354485
11.73,-18.0,-13.304347826086957,0.0,0.0,2.9444632072128796,-0.04566625456308815,0.04392444567790621,3.111244583354485
11.74,-18.0,-13.304347826086957,0.0,0.0,2.9496176152301397,-0.04566625456308815,0.04392444567790621,3.111244583354485
11.75,-18.0,-13.304347826086957,0.0,0.0,2.9547720232473997,-0.04566625456308815,0.04392444567790621,3.1112445833544844
11.76,-18.0,-13.304347826086957,0.0,0.0,2.95992643126466,-0.04566625456308815,0.04392444567790621,3.111244583354485
11.77,-18.0,-13.304347826086957,0.0,0.0,2.96508083928192,-0.04566625456308815,0.04392444567790621,3.111244583354485
11.78,-18.0,-13.304347826086957,0.0,0.0,2.97023524729918,-0.04566625456308837,0.04392444567790599,3.1112445833544844
11.79,-18.0,-13.304347826086957,0.0,0.0,2.97538965531644,-0.04566625456308837,0.04392444567790599,3.111244583354485
11.8,-18.0,-13.304347826086957,0.0,0.0,2.9805440633337,-0.04566625456308837,0.04392444567790599,3.1112445833544844
11.81,-18.0,-13.304347826086957,0.0,0.0,2.9856984713509602,-0.04566625456308837,0.04392444567790599,3.1112445833544844
11.82,-18.0,-13.304347826086957,0.0,0.0,2.9908528793682203,-0.04566625456308837,0.04392444567790599,3.111244583354485
11.83,-18.0,-13.304347826086957,0.0,0.0,2.9960072873854804,-0.04566625456308837,0.04392444567790599,3.111244583354485
11.84,-18.0,-13.304347826086957,0.0,0.0,3.0011616954027405,-0.045666254563088815,0.043924445677905544,3.1112445833544844
11.85,-18.0,-13.304347826086957,0.0,0.0,3.0063161034200006,-0.04566625456308859,0.043924445677905766,3.111244583354485
11.86,-18.0,-13.304347826086957,0.0,0.0,3.0114705114372606,-0.04566625456308859,0.043924445677905766,3.111244583354485
11.87,-18.0,-13.304347826086957,0.0,0.0,3.0166249194545207,-0.045666254563088815,0.043924445677905544,3.111244583354485
11.88,-18.0,-13.304347826086957,0.0,0.0,3.021779327471781,-0.04566625456308859,0.043924445677905766,3.111244583354485
11.89,-18.0,-13.304347826086957,0.0,0.0,3.026933735489041,-0.04566625456308859,0.043924445677905766,3.1112445833544844
11.9,-18.0,-13.304347826086957,0.0,0.0,3.032088143506301,-0.04566625456308859,0.043924445677905766,3.111244583354485
11.91,-18.0,-13.304347826086957,0.0,0.0,3.037242551523561,-0.04566625456308859,0.043924445677905766,3.111244583354485
11.92,-18.0,-13.304347826086957,0.0,0.0,3.042396959540821,-0.04566625456308904,0.04392444567790532,3.1112445833544844
11.93,-18.0,-13.304347826086957,0.0,0.0,3.047551367558081,-0.04566625456308859,0.043924445677905766,3.111244583354485
11.94,-18.0,-13.304347826086957,0.0,0.0,3.0527057755753413,-0.04566625456308859,0.043924445677905766,3.111244583354485
11.95,-18.0,-13.304347826086957,0.0,0.0,3.0578601835926014,-0.04566625456308859,0.043924445677905766,3.111244583354485
11.96,-18.0,-13.304347826086957,0.0,0.0,3.0630145916098614,-0.04566625456308859,0.043924445677905766,3.1112445833544844
11.97,-18.0,-13.304347826086957,0.0,0.0,3.0681689996271215,-0.04566625456308859,0.043924445677905766,3.1112445833544844
11.98,-18.0,-13.304347826086957,0.0,0.0,3.0733234076443816,-0.04566625456308837,0.04392444567790599,3.111244583354485
11.99,-18.0,-13.304347826086957,0.0,0.0,3.0784778156616417,-0.04566625456308837,0.04392444567790599,3.111244583354485
12.0,-18.0,-13.304347826086957,0.0,0.0,3.0836322236789018,-0.04566625456308837,0.04392444567790599,3.1112445833544844
12.01,-18.0,-11.73913043478261,0.0,0.0,3.089248807285131,-0.03894172156119491,0.15662374668389867,3.1099672698785676
12.02,-18.0,-11.73913043478261,0.0,0.0,3.09518659577319,-0.03707160261433118,0.13902884979191366,3.108322830194056
12.03,-18.0,-11.73913043478261,0.0,0.0,3.101357271470868,-0.03768573331818681,0.1243017541851219,3.106550582507437
12.04,-18.0,-11.73913043478261,0.0,0.0,3.107702881586299,-0.039443991118292,0.11194247066922558,3.104781059473657
12.05,-18.0,-11.73913043478261,0.0,0.0,3.114182355347425,-0.04166155891644152,0.10161276594193414,3.103085152027104
12.06,-18.0,-11.73913043478261,0.0,0.0,3.120764721257742,-0.04399558832730999,0.09304347229009857,3.1015013674549743
12.07,-18.0,-11.73913043478261,0.0,0.0,3.127425868859708,-0.04627064022005167,0.08599424988341675,3.1000496283575494
12.08,-18.0,-11.73913043478261,0.0,0.0,3.1341468702678585,-0.04839586696435072,0.08024188248432074,3.0987382736861195
12.09,-18.0,-11.73913043478261,0.0,0.0,3.1409129379041,-0.05032652741858712,0.07558020860778836,3.0975679456857526
12.1,-18.0,-11.73913043478261,0.0,0.0,3.1477126461200644,-0.0520449787964361,0.07182313809872443,3.0965340616397095
12.11,-18.0,-11.73913043478261,0.0,0.0,3.154537283249669,-0.053550262794450854,0.06880716193410863,3.0956285812792617
12.12,-18.0,-11.73913043478261,0.0,0.0,3.1613802942571105,-0.05485173854029979,0.06639222919134546,3.0948413521469043
12.13,-18.0,-11.73913043478261,0.0,0.0,3.1682368055019636,-0.05596485453041122,0.0644609988141065,3.094161144489051
12.14,-18.0,-11.73913043478261,0.0,0.0,3.1751032295527346,-0.05690822378127858,0.06291691352462103,3.093576427909837
12.15,-18.0,-11.73913043478261,0.0,0.0,3.181976945960105,-0.057701595969975816,0.06168162452597237,3.0930759269056027
12.16,-18.0,-11.73913043478261,0.0,0.0,3.1888560504590573,-0.05836449147645095,0.06069221066964858,3.0926489914080832
12.17,-18.0,-11.73913043478261,0.0,0.0,3.195739162736047,-0.05891533343990307,0.059898497357132374,3.0922858192282034
12.18,-18.0,-11.73913043478261,0.0,0.0,3.2026252821526895,-0.059370949450197275,0.05926064868388514,3.091977565884313
12.19,-18.0,-11.73913043478261,0.0,0.0,3.2095136813311083,-0.0597463386934185,0.058747105877008154,3.0917163734558977
12.2,-18.0,-11.73913043478261,0.0,0.0,3.216403828757053,-0.06005462109294468,0.05833287967742429,3.0914953447954443
12.21,-18.0,-11.73913043478261,0.0,0.0,3.2232953330973215,-0.06030710379132165,0.05799816797099444,3.09130848373259
12.22,-18.0,-11.73913043478261,0.0,0.0,3.2301879034587655,-0.06051341689669365,0.057727253982408966,3.0911506165888247
12.23,-18.0,-11.73913043478261,0.0,0.0,3.237081321175508,-0.06068168429766696,0.057507636850351096,3.0910173058009556
12.24,-18.0,-11.73913043478261,0.0,0.0,3.243975419835892,-0.06081870637945208,0.05732934958387048,3.09090476286005
12.25,-18.0,-11.73913043478261,0.0,0.0,3.250870071147342,-0.06093013982765383,0.05718442548107072,3.090809765068509
12.26,-18.0,-11.73913043478261,0.0,0.0,3.2577651749120395,-0.0610206657605219,0.057066480881432735,3.0907295786743094
12.27,-18.0,-11.73913043478261,0.0,0.0,3.264660651886371,-0.06109414163557392,0.056970388502574965,3.090661889604256
12.28,-18.0,-11.73913043478261,0.0,0.0,3.2715564386603133,-0.061153735169536816,0.05689202111215241,3.0906047421396075
12.29,-18.0,-11.73913043478261,0.0,0.0,3.2784524839526576,-0.061202040270836866,0.05682804979571565,3.0905564853314114
12.3,-18.0,-11.73913043478261,0.0,0.0,3.2853487459014787,-0.0612411760174596,0.05677578466658417,3.0905157266390004
12.31,-18.0,-11.73913043478261,0.0,0.0,3.2922451900577525,-0.06127287025389472,0.05673304865851647,3.0904812921174365
12.32,-18.0,-11.73913043478261,0.0,0.0,3.2991417878793223,-0.061298529600761764,0.05669807719472386,3.090452192423253
12.33,-18.0,-11.73913043478261,0.0,0.0,3.306038515584227,-0.06131929769122513,0.056669438174154596,3.090427593913787
12.34,-18.0,-11.73913043478261,0.0,0.0,3.3129353532650265,-0.061336103352839455,0.05664596797331667,3.090406794157362
12.35,-18.0,-11.73913043478261,0.0,0.0,3.3198322841951162,-0.061349700297494536,0.05662672012167258,3.0903892012321106
12.36,-18.0,-11.73913043478261,0.0,0.0,3.326729294278262,-0.06136069970110758,0.0566109240428585,3.090374316259055
12.37,-18.0,-11.73913043478261,0.0,0.0,3.3336263716065533,-0.061369596870455956,0.05659795181769067,3.0903617186834467
12.38,-18.0,-11.73913043478261,0.0,0.0,3.3405235061016594,-0.061376793019556564,0.05658729135963081,3.0903510538832717
12.39,-18.0,-11.73913043478261,0.0,0.0,3.3474206892210243,-0.061382613018801546,0.05657852473030189,3.0903420227432474
12.4,-18.0,-11.73913043478261,0.0,0.0,3.3543179137153847,-0.06138731983929424,0.056571310585085355,3.0903343728856716
12.41,-18.0,-11.73913043478261,0.0,0.0,3.3612151734273543,-0.061391126292923204,0.0565653699443156,3.090327891296043
12.42,-18.0,-11.73913043478261,0.0,0.0,3.3681124631232406,-0.06139420456465006,0.056560474647238124,3.090322398121703
12.43,-18.0,-11.73913043478261,0.0,0.0,3.375009778352007,-0.06139669394570979,0.05655643797363763,3.0903177414563916
12.44,-18.0,-11.73913043478261,0.0,0.0,3.3819071153265985,-0.061398707102979344,0.0565531070193952,3.090313792953141
12.45,-18.0,-11.73913043478261,0.0,0.0,3.388804470823808,-0.06140033515877974,0.0565503564929406,3.090310444133016
12.46,-18.0,-11.73913043478261,0.0,0.0,3.39570184209961,-0.06140165180494761,0.05654808366405217,3.0903076032783727
12.47,-18.0,-11.73913043478261,0.0,0.0,3.4025992268174474,-0.06140271663354868,0.056546204248093535,3.0903051928171963
12.48,-18.0,-11.73913043478261,0.0,0.0,3.4094966229874104,-0.0614035778325861,0.05654464905025813,3.0903031471200726
12.49,-18.0,-11.73913043478261,0.0,0.0,3.416394028914598,-0.061404274367238276,0.05654336122777659,3.0903014106440008
12.5,-18.0,-11.73913043478261,0.0,0.0,3.423291443155245,-0.06140483774447181,0.056542294054940045,3.090299936367812
12.51,-18.0,-11.73913043478261,0.0,0.0,3.430188864479415,-0.06140529344038015,0.056541409097519146,3.0902986844728693
12.52,-18.0,-11.73913043478261,0.0,0.0,3.4370862918392717,-0.06140566205457265,0.056540674720725104,3.0902976212301403
12.53,-18.0,-11.73913043478261,0.0,0.0,3.443983724342074,-0.06140596024371492,0.056540064869071927,3.090296718061001
12.54,-18.0,-11.73913043478261,0.0,0.0,3.4508811612271924,-0.06140620147641718,0.05653955806801925,3.0902959507443253
12.55,-18.0,-11.73913043478261,0.0,0.0,3.4577786018465386,-0.06140639664362246,0.056539136606610585,3.090295298746833
12.56,-18.0,-11.73913043478261,0.0,0.0,3.464676045647901,-0.0614065545521334,0.05653878586790961,3.0902947446573137
12.57,-18.0,-11.73913043478261,0.0,0.0,3.471573492160752,-0.06140668232364099,0.05653849378018627,3.0902942737084373
12.58,-18.0,-11.73913043478261,0.0,0.0,3.4784709409841588,-0.061406785717337486,0.05653825036681215,3.0902938733724556
12.59,-18.0,-11.73913043478261,0.0,0.0,3.485368391776485,-0.061406869390753016,0.05653804737688661,3.0902935330192536
12.6,-18.0,-11.73913043478261,0.0,0.0,3.4922658442466177,-0.061406937110636495,0.05653787798193166,3.090293243627037
12.61,-18.0,-11.73913043478261,0.0,0.0,3.4991632981464935,-0.06140699192345256,0.05653773652668592,3.0902929975374804
12.62,-18.0,-11.73913043478261,0.0,0.0,3.5060607532647308,-0.0614070362932293,0.056537618324212335,3.090292788248433
12.63,-18.0,-11.73913043478261,0.0,0.0,3.5129582094212037,-0.06140707221300912,0.0565375194873432,3.090292610238373
12.64,-18.0,-11.73913043478261,0.0,0.0,3.5198556664624205,-0.0614071012949613,0.05653743678991807,3.0902924588177014
12.65,-18.0,-11.73913043478261,0.0,0.0,3.5267531242575836,-0.061407124843239735,0.05653736755248229,3.09029233000274
12.66,-18.0,-11.73913043478261,0.0,0.0,3.5336505826952345,-0.061407143912894036,0.056537309548063686,3.0902922204089367
12.67,-18.0,-11.73913043478261,0.0,0.0,3.5405480416803936,-0.061407159357505625,0.056537260924456545,3.0902921271603265
12.68,-18.0,-11.73913043478261,0.0,0.0,3.5474455011321235,-0.06140717186770406,0.056537220140071565,3.0902920478127585
12.69,-18.0,-11.73913043478261,0.0,0.0,3.5543429609814527,-0.06140718200231543,0.05653718591094803,3.0902919802887765
12.7,-18.0,-11.73913043478261,0.0,0.0,3.561240421169606,-0.061407190213550455,0.05653715716695884,3.090291922822374
12.71,-18.0,-11.73913043478261,0.0,0.0,3.568137881646498,-0.06140719686737284,0.05653713301558505,3.0902918739121144
12.72,-18.0,-11.73913043478261,0.0,0.0,3.575035342369447,-0.061407202259973204,0.05653711271193229,3.0902918322813453
12.73,-18.0,-11.73913043478261,0.0,0.0,3.5819328033020814,-0.06140720663109356,0.05653709563389464,3.0902917968444235
12.74,-18.0,-11.73913043478261,0.0,0.0,3.5888302644134056,-0.06140721017480244,0.05653708126156998,3.090291766678037
12.75,-18.0,-11.73913043478261,0.0,0.0,3.5957277256770066,-0.061407213048210396,0.05653706916018497,3.090291740996852
12.76,-18.0,-11.73913043478261,0.0,0.0,3.602625187070376,-0.061407215378523006,0.05653705896592065,3.090291719132829
12.77,-18.0,-11.73913043478261,0.0,0.0,3.6095226485743317,-0.06140721726874321,0.056537050374141584,3.090291700517652
12.78,-18.0,-11.73913043478261,0.0,0.0,3.616420110172528,-0.061407218802284946,0.05653704312960772,3.090291684667799
12.79,-18.0,-11.73913043478261,0.0,0.0,3.623317571851036,-0.06140722004670751,0.05653703701833557,3.0902916711718555
12.8,-18.0,-11.73913043478261,0.0,0.0,3.630215033597984,-0.06140722105673402,0.05653703186082315,3.090291659679735
12.81,-18.0,-11.73913043478261,0.0,0.0,3.6371124954032563,-0.061407221876699,0.056537027506403215,3.0902916498935133
12.82,-18.0,-11.73913043478261,0.0,0.0,3.6440099572582323,-0.061407222542523066,0.05653702382854009,3.0902916415596375
12.83,-18.0,-11.73913043478261,0.0,0.0,3.6509074191555655,-0.061407223083314255,0.056537020720906606,3.0902916344623046
12.84,-18.0,-11.73913043478261,0.0,0.0,3.657804881088995,-0.061407223522664145,0.05653701809410561,3.090291628417828
12.85,-18.0,-11.73913043478261,0.0,0.0,3.664702343053186,-0.06140722387969633,0.05653701587293569,3.090291623269848
12.86,-18.0,-11.73913043478261,0.0,0.0,3.671599805043592,-0.061407224169913954,0.05653701399410527,3.090291618885259
12.87,-18.0,-11.73913043478261,0.0,0.0,3.6784972670563376,-0.061407224405889194,0.05653701240431741,3.0902916151507456
12.88,-18.0,-11.73913043478261,0.0,0.0,3.685394729088122,-0.06140722459781767,0.05653701105867137,3.090291611969833
12.89,-18.0,-11.73913043478261,0.0,0.0,3.6922921911361306,-0.061407224753970535,0.056537009919321424,3.0902916092603827
12.9,-18.0,-11.73913043478261,0.0,0.0,3.6991896531979656,-0.06140722488105732,0.05653700895435332,3.0902916069524564
12.91,-18.0,-11.73913043478261,0.0,0.0,3.7060871152715835,-0.061407224984523445,0.05653700813684415,3.090291604986502
12.92,-18.0,-11.73913043478261,0.0,0.0,3.712984577355243,-0.06140722506878915,0.056537007444070086,3.0902916033118095
12.93,-18.0,-11.73913043478261,0.0,0.0,3.719882039447459,-0.061407225137442234,0.05653700685684471,3.090291601885197
12.94,-18.0,-11.73913043478261,0.0,0.0,3.7267795015469685,-0.061407225193396586,0.05653700635896164,3.090291600669888
12.95,-18.0,-11.73913043478261,0.0,0.0,3.7336769636526923,-0.06140722523901898,0.05653700593672584,3.090291599634566
12.96,-18.0,-11.73913043478261,0.0,0.0,3.7405744257637124,-0.06140722527623255,0.056537005578561006,3.090291598752558
12.97,-18.0,-11.73913043478261,0.0,0.0,3.7474718878792457,-0.06140722530660003,0.05653700527467764,3.090291598001147
12.98,-18.0,-11.73913043478261,0.0,0.0,3.7543693499986257,-0.061407225331391535,0.05653700501679437,3.0902915973609844
12.99,-18.0,-11.73913043478261,0.0,0.0,3.7612668121212836,-0.061407225351640005,0.05653700479790391,3.0902915968155917
13.0,-18.0,-11.73913043478261,0.0,0.0,3.7681642742467347,-0.06140722536818566,0.05653700461207456,3.0902915963509314
13.01,-18.0,-11.73913043478261,0.0,0.0,3.7750617363745667,-0.06140722538171195,0.05653700445428367,3.090291595955047
13.02,-18.0,-11.73913043478261,0.0,0.0,3.781959198504427,-0.061407225392775544,0.05653700432027664,3.0902915956177552
13.03,-18.0,-11.73913043478261,0.0,0.0,3.7888566606360166,-0.061407225401829635,0.056537004206449915,3.09029159533038
13.04,-18.0,-11.73913043478261,0.0,0.0,3.7957541227690794,-0.061407225409242816,0.05653700410974816,3.09029159508553
13.05,-18.0,-11.73913043478261,0.0,0.0,3.802651584903398,-0.06140722541531529,0.056537004027583215,3.0902915948769105
13.06,-18.0,-11.73913043478261,0.0,0.0,3.8095490470387867,-0.061407225420292866,0.05653700395775929,3.090291594699159
13.07,-18.0,-11.73913043478261,0.0,0.0,3.8164465091750874,-0.06140722542437538,0.05653700389841432,3.090291594547706
13.08,-18.0,-11.73913043478261,0.0,0.0,3.8233439713121653,-0.06140722542772559,0.05653700384796889,3.0902915944186593
13.09,-18.0,-11.73913043478261,0.0,0.0,3.8302414334499053,-0.061407225430476275,0.0565370038050832,3.0902915943087037
13.1,-18.0,-11.73913043478261,0.0,0.0,3.8371388955882098,-0.061407225432736245,0.05653700376861992,3.0902915942150133
13.11,-18.0,-11.73913043478261,0.0,0.0,3.844036357726995,-0.06140722543459387,0.05653700373761361,3.0902915941351816
13.12,-18.0,-11.73913043478261,0.0,0.0,3.8509338198661904,-0.06140722543612176,0.05653700371124515,3.0902915940671583
13.13,-18.0,-11.73913043478261,0.0,0.0,3.857831282005735,-0.061407225437379864,0.056537003688817755,3.0902915940091957
13.14,-18.0,-11.73913043478261,0.0,0.0,3.8647287441455775,-0.061407225438415924,0.056537003669741015,3.0902915939598063
13.15,-18.0,-11.73913043478261,0.0,0.0,3.871626206285674,-0.061407225439269686,0.05653700365351244,3.090291593917721
13.16,-18.0,-11.73913043478261,0.0,0.0,3.878523668425986,-0.06140722543997423,0.05653700363970593,3.09029159388186
13.17,-18.0,-11.73913043478261,0.0,0.0,3.8854211305664825,-0.061407225440555324,0.05653700362795866,3.090291593851302
13.18,-18.0,-11.73913043478261,0.0,0.0,3.892318592707136,-0.061407225441035385,0.0565370036179631,3.0902915938252624
13.19,-18.0,-11.73913043478261,0.0,0.0,3.8992160548479236,-0.06140722544143218,0.05653700360945679,3.0902915938030744
13.2,-18.0,-11.73913043478261,0.0,0.0,3.906113516988825,-0.06140722544176014,0.05653700360221792,3.090291593784167
13.21,-18.0,-11.73913043478261,0.0,0.0,3.9130109791298238,-0.06140722544203192,0.05653700359605662,3.090291593768055
13.22,-18.0,-11.73913043478261,0.0,0.0,3.919908441270905,-0.06140722544225685,0.056537003590812596,3.0902915937543254
13.23,-18.0,-11.73913043478261,0.0,0.0,3.926805903412057,-0.06140722544244315,0.05653700358634883,3.090291593742626
13.24,-18.0,-11.73913043478261,0.0,0.0,3.9337033655532694,-0.06140722544259791,0.056537003582548984,3.090291593732656
13.25,-18.0,-11.73913043478261,0.0,0.0,3.940600827694533,-0.06140722544272603,0.056537003579314016,3.0902915937241606
13.26,-18.0,-11.73913043478261,0.0,0.0,3.94749828983584,-0.061407225442832836,0.05653700357656,3.0902915937169206
13.27,-18.0,-11.73913043478261,0.0,0.0,3.9543957519771844,-0.06140722544292143,0.05653700357421543,3.090291593710752
13.28,-18.0,-11.73913043478261,0.0,0.0,3.9612932141185606,-0.06140722544299493,0.056537003572219025,3.090291593705494
13.29,-18.0,-11.73913043478261,0.0,0.0,3.968190676259964,-0.06140722544305621,0.05653700357051905,3.0902915937010142
13.3,-18.0,-11.73913043478261,0.0,0.0,3.9750881384013903,-0.06140722544310728,0.056537003569071764,3.090291593697197
13.31,-18.0,-11.73913043478261,0.0,0.0,3.9819856005428362,-0.06140722544314969,0.056537003567839195,3.0902915936939435
13.32,-18.0,-11.73913043478261,0.0,0.0,3.988883062684299,-0.06140722544318522,0.05653700356678981,3.090291593691171
13.33,-18.0,-11.73913043478261,0.0,0.0,3.995780524825776,-0.06140722544321475,0.05653700356589608,3.0902915936888085
13.34,-18.0,-11.73913043478261,0.0,0.0,4.0026779869672655,-0.06140722544323962,0.05653700356513447,3.090291593686795
13.35,-18.0,-11.73913043478261,0.0,0.0,4.009575449108765,-0.06140722544326027,0.05653700356448632,3.0902915936850794
13.36,-18.0,-11.73913043478261,0.0,0.0,4.016472911250274,-0.06140722544327759,0.056537003563933874,3.0902915936836175
13.37,-18.0,-11.73913043478261,0.0,0.0,4.023370373391789,-0.06140722544329247,0.05653700356346336,3.090291593682372
13.38,-18.0,-11.73913043478261,0.0,0.0,4.030267835533311,-0.06140722544330446,0.05653700356306279,3.0902915936813105
13.39,-18.0,-11.73913043478261,0.0,0.0,4.0371652976748384,-0.06140722544331445,0.05653700356272151,3.0902915936804054
13.4,-18.0,-11.73913043478261,0.0,0.0,4.044062759816371,-0.06140722544332311,0.056537003562430854,3.090291593679634
13.41,-18.0,-11.73913043478261,0.0,0.0,4.050960221957907,-0.061407225443329994,0.056537003562183274,3.090291593678977
13.42,-18.0,-11.73913043478261,0.0,0.0,4.057857684099447,-0.06140722544333599,0.056537003561972554,3.090291593678417
13.43,-18.0,-11.73913043478261,0.0,0.0,4.064755146240989,-0.061407225443340874,0.05653700356179314,3.09029159367794
13.44,-18.0,-11.73913043478261,0.0,0.0,4.071652608382534,-0.06140722544334509,0.05653700356163971,3.090291593677533
13.45,-18.0,-11.73913043478261,0.0,0.0,4.078550070524081,-0.061407225443348645,0.05653700356150959,3.090291593677187
13.46,-18.0,-11.73913043478261,0.0,0.0,4.085447532665629,-0.06140722544335153,0.05653700356139835,3.0902915936768918
13.47,-18.0,-11.73913043478261,0.0,0.0,4.0923449948071795,-0.061407225443354196,0.056537003561303756,3.0902915936766395
13.48,-18.0,-11.73913043478261,0.0,0.0,4.099242456948732,-0.06140722544335664,0.05653700356122271,3.0902915936764246
13.49,-18.0,-11.73913043478261,0.0,0.0,4.1061399190902845,-0.061407225443358415,0.05653700356115432,3.090291593676242
13.5,-18.0,-11.73913043478261,0.0,0.0,4.113037381231838,-0.06140722544335997,0.05653700356109548,3.0902915936760866
13.51,-18.0,-11.73913043478261,0.0,0.0,4.119934843373393,-0.0614072254433613,0.05653700356104574,3.0902915936759534
13.52,-18.0,-11.73913043478261,0.0,0.0,4.126832305514948,-0.06140722544336197,0.05653700356100333,3.090291593675841
13.53,-18.0,-11.73913043478261,0.0,0.0,4.1337297676565035,-0.0614072254433633,0.056537003560966914,3.0902915936757442
13.54,-18.0,-11.73913043478261,0.0,0.0,4.14062722979806,-0.061407225443363966,0.05653700356093605,3.0902915936756616
13.55,-18.0,-11.73913043478261,0.0,0.0,4.1475246919396165,-0.061407225443364855,0.05653700356090985,3.0902915936755924
13.56,-18.0,-11.73913043478261,0.0,0.0,4.154422154081174,-0.06140722544336552,0.05653700356088742,3.090291593675532
13.57,-18.0,-11.73913043478261,0.0,0.0,4.161319616222731,-0.061407225443365965,0.056537003560868326,3.0902915936754813
13.58,-18.0,-11.73913043478261,0.0,0.0,4.168217078364289,-0.06140722544336619,0.05653700356085212,3.0902915936754387
13.59,-18.0,-11.73913043478261,0.0,0.0,4.175114540505846,-0.06140722544336619,0.05653700356083835,3.090291593675402
13.6,-18.0,-11.73913043478261,0.0,0.0,4.182012002647404,-0.06140722544336663,0.05653700356082636,3.0902915936753694
13.61,-18.0,-11.73913043478261,0.0,0.0,4.188909464788963,-0.061407225443367075,0.056537003560816146,3.090291593675343
13.62,-18.0,-11.73913043478261,0.0,0.0,4.195806926930521,-0.061407225443367075,0.05653700356080771,3.09029159367532
13.63,-18.0,-11.73913043478261,0.0,0.0,4.202704389072079,-0.0614072254433673,0.05653700356080038,3.090291593675301
13.64,-18.0,-11.73913043478261,0.0,0.0,4.2096018512136375,-0.06140722544336774,0.05653700356079416,3.0902915936752846
13.65,-18.0,-11.73913043478261,0.0,0.0,4.216499313355196,-0.06140722544336796,0.05653700356078861,3.0902915936752704
13.66,-18.0,-11.73913043478261,0.0,0.0,4.223396775496754,-0.06140722544336796,0.05653700356078417,3.0902915936752584
13.67,-18.0,-11.73913043478261,0.0,0.0,4.230294237638313,-0.061407225443368185,0.0565370035607804,3.0902915936752473
13.68,-18.0,-11.73913043478261,0.0,0.0,4.237191699779872,-0.06140722544336796,0.056537003560777066,3.0902915936752384
13.69,-18.0,-11.73913043478261,0.0,0.0,4.244089161921432,-0.061407225443368185,0.05653700356077418,3.090291593675231
13.7,-18.0,-11.73913043478261,0.0,0.0,4.250986624062991,-0.06140722544336796,0.05653700356077218,3.0902915936752247
13.71,-18.0,-11.73913043478261,0.0,0.0,4.25788408620455,-0.06140722544336796,0.05653700356076996,3.0902915936752193
13.72,-18.0,-11.73913043478261,0.0,0.0,4.264781548346109,-0.061407225443368185,0.056537003560768406,3.090291593675215
13.73,-18.0,-11.73913043478261,0.0,0.0,4.271679010487668,-0.06140722544336796,0.05653700356076685,3.090291593675211
13.74,-18.0,-11.73913043478261,0.0,0.0,4.2785764726292275,-0.06140722544336841,0.05653700356076552,3.0902915936752073
13.75,-18.0,-11.73913043478261,0.0,0.0,4.285473934770787,-0.061407225443368185,0.05653700356076441,3.0902915936752047
13.76,-18.0,-11.73913043478261,0.0,0.0,4.292371396912346,-0.06140722544336796,0.05653700356076374,3.0902915936752025
13.77,-18.0,-11.73913043478261,0.0,0.0,4.299268859053905,-0.061407225443368185,0.05653700356076308,3.0902915936752002
13.78,-18.0,-11.73913043478261,0.0,0.0,4.306166321195464,-0.06140722544336796,0.05653700356076241,3.0902915936751985
13.79,-18.0,-11.73913043478261,0.0,0.0,4.313063783337023,-0.061407225443368185,0.056537003560761745,3.090291593675197
13.8,-18.0,-11.73913043478261,0.0,0.0,4.3199612454785825,-0.061407225443368185,0.0565370035607613,3.090291593675196
13.81,-18.0,-11.73913043478261,0.0,0.0,4.326858707620142,-0.06140722544336796,0.05653700356076108,3.0902915936751945
13.82,-18.0,-11.73913043478261,0.0,0.0,4.333756169761701,-0.06140722544336796,0.056537003560760635,3.0902915936751936
13.83,-18.0,-11.73913043478261,0.0,0.0,4.34065363190326,-0.061407225443368185,0.05653700356076041,3.0902915936751927
13.84,-18.0,-11.73913043478261,0.0,0.0,4.347551094044819,-0.061407225443368185,0.05653700356075997,3.0902915936751922
13.85,-18.0,-11.73913043478261,0.0,0.0,4.354448556186378,-0.06140722544336841,0.05653700356075975,3.090291593675192
13.86,-18.0,-11.73913043478261,0.0,0.0,4.361346018327938,-0.06140722544336774,0.05653700356075997,3.0902915936751914
13.87,-18.0,-11.73913043478261,0.0,0.0,4.368243480469497,-0.06140722544336796,0.05653700356075975,3.090291593675191
13.88,-18.0,-11.73913043478261,0.0,0.0,4.375140942611056,-0.06140722544336774,0.05653700356075997,3.0902915936751905
13.89,-18.0,-11.73913043478261,0.0,0.0,4.382038404752615,-0.06140722544336774,0.056537003560759524,3.09029159367519
13.9,-18.0,-11.73913043478261,0.0,0.0,4.388935866894174,-0.06140722544336774,0.056537003560759524,3.09029159367519
13.91,-18.0,-11.73913043478261,0.0,0.0,4.395833329035733,-0.06140722544336774,0.056537003560759524,3.0902915936751896
13.92,-18.0,-11.73913043478261,0.0,0.0,4.402730791177293,-0.06140722544336796,0.0565370035607593,3.0902915936751896
13.93,-18.0,-11.73913043478261,0.0,0.0,4.409628253318852,-0.06140722544336774,0.056537003560759524,3.090291593675189
13.94,-18.0,-11.73913043478261,0.0,0.0,4.416525715460411,-0.06140722544336752,0.0565370035607593,3.090291593675189
13.95,-18.0,-11.73913043478261,0.0,0.0,4.42342317760197,-0.0614072254433673,0.056537003560759524,3.090291593675189
13.96,-18.0,-11.73913043478261,0.0,0.0,4.430320639743529,-0.0614072254433673,0.056537003560759524,3.090291593675189
13.97,-18.0,-11.73913043478261,0.0,0.0,4.4372181018850885,-0.0614072254433673,0.056537003560759524,3.0902915936751887
13.98,-18.0,-11.73913043478261,0.0,0.0,4.444115564026648,-0.0614072254433673,0.056537003560759524,3.0902915936751887
13.99,-18.0,-11.73913043478261,0.0,0.0,4.451013026168207,-0.0614072254433673,0.056537003560759524,3.0902915936751887
14.0,-18.0,-11.73913043478261,0.0,0.0,4.457910488309766,-0.0614072254433673,0.056537003560759524,3.0902915936751887
14.01,-18.0,-11.73913043478261,0.0,0.0,4.464807950451325,-0.0614072254433673,0.056537003560759524,3.0902915936751887
14.02,-18.0,-11.73913043478261,0.0,0.0,4.471705412592884,-0.0614072254433673,0.056537003560759524,3.0902915936751887
14.03,-18.0,-11.73913043478261,0.0,0.0,4.4786028747344435,-0.0614072254433673,0.056537003560759524,3.0902915936751887
14.04,-18.0,-11.73913043478261,0.0,0.0,4.485500336876003,-0.0614072254433673,0.056537003560759524,3.0902915936751887
14.05,-18.0,-11.73913043478261,0.0,0.0,4.492397799017562,-0.0614072254433673,0.056537003560759524,3.0902915936751887
14.06,-18.0,-11.73913043478261,0.0,0.0,4.499295261159121,-0.06140722544336752,0.0565370035607593,3.0902915936751882
14.07,-18.0,-11.73913043478261,0.0,0.0,4.50619272330068,-0.0614072254433673,0.056537003560759524,3.0902915936751887
14.08,-18.0,-11.73913043478261,0.0,0.0,4.513090185442239,-0.0614072254433673,0.056537003560759524,3.0902915936751882
14.09,-18.0,-11.73913043478261,0.0,0.0,4.519987647583799,-0.06140722544336752,0.0565370035607593,3.0902915936751882
14.1,-18.0,-11.73913043478261,0.0,0.0,4.526885109725358,-0.06140722544336752,0.0565370035607593,3.0902915936751882
14.11,-18.0,-11.73913043478261,0.0,0.0,4.533782571866917,-0.06140722544336752,0.0565370035607593,3.0902915936751882
14.12,-18.0,-11.73913043478261,0.0,0.0,4.540680034008476,-0.06140722544336752,0.0565370035607593,3.0902915936751882
14.13,-18.0,-11.73913043478261,0.0,0.0,4.547577496150035,-0.06140722544336774,0.05653700356075908,3.0902915936751882
14.14,-18.0,-11.73913043478261,0.0,0.0,4.554474958291594,-0.06140722544336752,0.0565370035607593,3.0902915936751882
14.15,-18.0,-11.73913043478261,0.0,0.0,4.561372420433154,-0.06140722544336774,0.05653700356075908,3.0902915936751882
14.16,-18.0,-11.73913043478261,0.0,0.0,4.568269882574713,-0.06140722544336796,0.05653700356075886,3.0902915936751882
14.17,-18.0,-11.73913043478261,0.0,0.0,4.575167344716272,-0.06140722544336796,0.05653700356075886,3.0902915936751882
14.18,-18.0,-11.73913043478261,0.0,0.0,4.582064806857831,-0.06140722544336796,0.05653700356075886,3.0902915936751882
14.19,-18.0,-11.73913043478261,0.0,0.0,4.58896226899939,-0.06140722544336796,0.05653700356075886,3.0902915936751882
14.2,-18.0,-11.73913043478261,0.0,0.0,4.5958597311409495,-0.06140722544336796,0.05653700356075886,3.0902915936751882
14.21,-18.0,-11.73913043478261,0.0,0.0,4.602757193282509,-0.06140722544336796,0.05653700356075886,3.0902915936751882
14.22,-18.0,-11.73913043478261,0.0,0.0,4.609654655424068,-0.06140722544336774,0.05653700356075908,3.0902915936751882
14.23,-18.0,-11.73913043478261,0.0,0.0,4.616552117565627,-0.06140722544336774,0.05653700356075908,3.0902915936751882
14.24,-18.0,-11.73913043478261,0.0,0.0,4.623449579707186,-0.06140722544336796,0.05653700356075886,3.0902915936751882
14.25,-18.0,-11.73913043478261,0.0,0.0,4.630347041848745,-0.06140722544336796,0.05653700356075886,3.0902915936751882
14.26,-18.0,-11.73913043478261,0.0,0.0,4.6372445039903045,-0.06140722544336774,0.05653700356075908,3.0902915936751882
14.27,-18.0,-11.73913043478261,0.0,0.0,4.644141966131864,-0.06140722544336774,0.05653700356075908,3.0902915936751882
14.28,-18.0,-11.73913043478261,0.0,0.0,4.651039428273423,-0.06140722544336752,0.0565370035607593,3.0902915936751882
14.29,-18.0,-11.73913043478261,0.0,0.0,4.657936890414982,-0.0614072254433673,0.056537003560759524,3.0902915936751882
14.3,-18.0,-11.73913043478261,0.0,0.0,4.664834352556541,-0.061407225443367075,0.05653700356075975,3.0902915936751882
14.31,-18.0,-11.73913043478261,0.0,0.0,4.6717318146981,-0.061407225443367075,0.05653700356075975,3.0902915936751882
14.32,-18.0,-11.73913043478261,0.0,0.0,4.67862927683966,-0.061407225443367075,0.05653700356075975,3.0902915936751882
14.33,-18.0,-11.73913043478261,0.0,0.0,4.685526738981219,-0.0614072254433673,0.056537003560759524,3.0902915936751882
14.34,-18.0,-11.73913043478261,0.0,0.0,4.692424201122778,-0.061407225443367075,0.05653700356075975,3.0902915936751882
14.35,-18.0,-11.73913043478261,0.0,0.0,4.699321663264337,-0.0614072254433673,0.056537003560759524,3.0902915936751882
14.36,-18.0,-11.73913043478261,0.0,0.0,4.706219125405896,-0.0614072254433673,0.056537003560759524,3.0902915936751882
14.37,-18.0,-11.73913043478261,0.0,0.0,4.713116587547455,-0.06140722544336774,0.05653700356075908,3.0902915936751882
14.38,-18.0,-11.73913043478261,0.0,0.0,4.720014049689015,-0.06140722544336752,0.0565370035607593,3.0902915936751882
14.39,-18.0,-11.73913043478261,0.0,0.0,4.726911511830574,-0.06140722544336752,0.0565370035607593,3.0902915936751882
14.4,-18.0,-11.73913043478261,0.0,0.0,4.733808973972133,-0.06140722544336752,0.0565370035607593,3.0902915936751882
14.41,-18.0,-11.73913043478261,0.0,0.0,4.740706436113692,-0.061407225443367075,0.05653700356075975,3.0902915936751882
14.42,-18.0,-11.73913043478261,0.0,0.0,4.747603898255251,-0.061407225443367075,0.05653700356075975,3.0902915936751882
14.43,-18.0,-11.73913043478261,0.0,0.0,4.7545013603968105,-0.061407225443367075,0.05653700356075975,3.0902915936751882
14.44,-18.0,-11.73913043478261,0.0,0.0,4.76139882253837,-0.0614072254433673,0.056537003560759524,3.0902915936751882
14.45,-18.0,-11.73913043478261,0.0,0.0,4.768296284679929,-0.0614072254433673,0.056537003560759524,3.0902915936751882
14.46,-18.0,-11.73913043478261,0.0,0.0,4.775193746821488,-0.06140722544336752,0.0565370035607593,3.0902915936751882
14.47,-18.0,-11.73913043478261,0.0,0.0,4.782091208963047,-0.06140722544336774,0.05653700356075908,3.0902915936751882
14.48,-18.0,-11.73913043478261,0.0,0.0,4.788988671104606,-0.06140722544336796,0.05653700356075886,3.0902915936751882
14.49,-18.0,-11.73913043478261,0.0,0.0,4.7958861332461655,-0.06140722544336796,0.05653700356075886,3.0902915936751882
14.5,-18.0,-11.73913043478261,0.0,0.0,4.802783595387725,-0.06140722544336774,0.05653700356075908,3.0902915936751882
14.51,-18.0,-11.73913043478261,0.0,0.0,4.809681057529284,-0.06140722544336774,0.05653700356075908,3.0902915936751882
14.52,-18.0,-11.73913043478261,0.0,0.0,4.816578519670843,-0.06140722544336774,0.05653700356075908,3.0902915936751882
14.53,-18.0,-11.73913043478261,0.0,0.0,4.823475981812402,-0.06140722544336796,0.05653700356075886,3.0902915936751882
14.54,-18.0,-11.73913043478261,0.0,0.0,4.830373443953961,-0.06140722544336796,0.05653700356075886,3.0902915936751882
14.55,-18.0,-11.73913043478261,0.0,0.0,4.837270906095521,-0.06140722544336796,0.05653700356075886,3.0902915936751882
14.56,-18.0,-11.73913043478261,0.0,0.0,4.84416836823708,-0.06140722544336796,0.05653700356075886,3.0902915936751882
14.57,-18.0,-11.73913043478261,0.0,0.0,4.851065830378639,-0.06140722544336796,0.05653700356075886,3.0902915936751882
14.58,-18.0,-11.73913043478261,0.0,0.0,4.857963292520198,-0.06140722544336796,0.05653700356075886,3.0902915936751882
14.59,-18.0,-11.73913043478261,0.0,0.0,4.864860754661757,-0.06140722544336774,0.05653700356075908,3.0902915936751882
14.6,-18.0,-11.73913043478261,0.0,0.0,4.871758216803316,-0.06140722544336796,0.05653700356075886,3.0902915936751882
14.61,-18.0,-11.73913043478261,0.0,0.0,4.878655678944876,-0.06140722544336774,0.05653700356075908,3.0902915936751882
14.62,-18.0,-11.73913043478261,0.0,0.0,4.885553141086435,-0.06140722544336774,0.05653700356075908,3.0902915936751882
14.63,-18.0,-11.73913043478261,0.0,0.0,4.892450603227994,-0.06140722544336774,0.05653700356075908,3.0902915936751882
14.64,-18.0,-11.73913043478261,0.0,0.0,4.899348065369553,-0.06140722544336774,0.05653700356075908,3.0902915936751882
14.65,-18.0,-11.73913043478261,0.0,0.0,4.906245527511112,-0.06140722544336752,0.0565370035607593,3.0902915936751882
14.66,-18.0,-11.73913043478261,0.0,0.0,4.9131429896526715,-0.06140722544336774,0.05653700356075908,3.0902915936751882
14.67,-18.0,-11.73913043478261,0.0,0.0,4.920040451794231,-0.06140722544336752,0.0565370035607593,3.0902915936751882
14.68,-18.0,-11.73913043478261,0.0,0.0,4.92693791393579,-0.06140722544336752,0.0565370035607593,3.0902915936751882
14.69,-18.0,-11.73913043478261,0.0,0.0,4.933835376077349,-0.0614072254433673,0.056537003560759524,3.0902915936751882
14.7,-18.0,-11.73913043478261,0.0,0.0,4.940732838218908,-0.0614072254433673,0.056537003560759524,3.0902915936751882
14.71,-18.0,-11.73913043478261,0.0,0.0,4.947630300360467,-0.061407225443367075,0.05653700356075975,3.0902915936751882
14.72,-18.0,-11.73913043478261,0.0,0.0,4.9545277625020265,-0.0614072254433673,0.056537003560759524,3.0902915936751882
14.73,-18.0,-11.73913043478261,0.0,0.0,4.961425224643586,-0.0614072254433673,0.056537003560759524,3.0902915936751882
14.74,-18.0,-11.73913043478261,0.0,0.0,4.968322686785145,-0.0614072254433673,0.056537003560759524,3.0902915936751882
14.75,-18.0,-11.73913043478261,0.0,0.0,4.975220148926704,-0.0614072254433673,0.056537003560759524,3.0902915936751882
14.76,-18.0,-11.73913043478261,0.0,0.0,4.982117611068263,-0.061407225443367075,0.05653700356075975,3.0902915936751882
14.77,-18.0,-11.73913043478261,0.0,0.0,4.989015073209822,-0.0614072254433673,0.056537003560759524,3.0902915936751882
14.78,-18.0,-11.73913043478261,0.0,0.0,4.995912535351382,-0.0614072254433673,0.056537003560759524,3.0902915936751882
14.79,-18.0,-11.73913043478261,0.0,0.0,5.002809997492941,-0.0614072254433673,0.056537003560759524,3.0902915936751882
14.8,-18.0,-11.73913043478261,0.0,0.0,5.0097074596345,-0.0614072254433673,0.056537003560759524,3.0902915936751882
14.81,-18.0,-11.73913043478261,0.0,0.0,5.016604921776059,-0.0614072254433673,0.056537003560759524,3.0902915936751882
14.82,-18.0,-11.73913043478261,0.0,0.0,5.023502383917618,-0.0614072254433673,0.056537003560759524,3.0902915936751882
14.83,-18.0,-11.73913043478261,0.0,0.0,5.0303998460591774,-0.0614072254433673,0.056537003560759524,3.0902915936751882
14.84,-18.0,-11.73913043478261,0.0,0.0,5.037297308200737,-0.06140722544336752,0.0565370035607593,3.0902915936751882
14.85,-18.0,-11.73913043478261,0.0,0.0,5.044194770342296,-0.06140722544336774,0.05653700356075908,3.0902915936751882
14.86,-18.0,-11.73913043478261,0.0,0.0,5.051092232483855,-0.06140722544336752,0.0565370035607593,3.0902915936751882
14.87,-18.0,-11.73913043478261,0.0,0.0,5.057989694625414,-0.06140722544336752,0.0565370035607593,3.0902915936751882
14.88,-18.0,-11.73913043478261,0.0,0.0,5.064887156766973,-0.06140722544336752,0.0565370035607593,3.0902915936751882
14.89,-18.0,-11.73913043478261,0.0,0.0,5.0717846189085325,-0.06140722544336774,0.05653700356075908,3.0902915936751882
14.9,-18.0,-11.73913043478261,0.0,0.0,5.078682081050092,-0.06140722544336774,0.05653700356075908,3.0902915936751882
14.91,-18.0,-11.73913043478261,0.0,0.0,5.085579543191651,-0.06140722544336774,0.05653700356075908,3.0902915936751882
14.92,-18.0,-11.73913043478261,0.0,0.0,5.09247700533321,-0.06140722544336774,0.05653700356075908,3.0902915936751882
14.93,-18.0,-11.73913043478261,0.0,0.0,5.099374467474769,-0.06140722544336774,0.05653700356075908,3.0902915936751882
14.94,-18.0,-11.73913043478261,0.0,0.0,5.106271929616328,-0.06140722544336774,0.05653700356075908,3.0902915936751882
14.95,-18.0,-11.73913043478261,0.0,0.0,5.1131693917578875,-0.06140722544336774,0.05653700356075908,3.0902915936751882
14.96,-18.0,-11.73913043478261,0.0,0.0,5.120066853899447,-0.06140722544336796,0.05653700356075886,3.0902915936751882
14.97,-18.0,-11.73913043478261,0.0,0.0,5.126964316041006,-0.06140722544336796,0.05653700356075886,3.0902915936751882
14.98,-18.0,-11.73913043478261,0.0,0.0,5.133861778182565,-0.06140722544336774,0.05653700356075908,3.0902915936751882
14.99,-18.0,-11.73913043478261,0.0,0.0,5.140759240324124,-0.06140722544336774,0.05653700356075908,3.0902915936751882
15.0,-18.0,-11.73913043478261,0.0,0.0,5.147656702465683,-0.06140722544336796,0.05653700356075886,3.0902915936751882
15.01,-18.0,-10.173913043478262,0.0,0.0,5.154952831586752,-0.055922754019442245,0.1718448647220745,3.0889919458177615
15.02,-18.0,-10.173913043478262,0.0,0.0,5.162548466048638,-0.053607023333600345,0.15601057175437605,3.0873423753137517
15.03,-18.0,-10.173913043478262,0.0,0.0,5.170372462237971,-0.053263090267023916,0.14251578413766275,3.085522367242747
15.04,-18.0,-10.173913043478262,0.0,0.0,5.178373137078125,-0.054083010806635246,0.13098913735827655,3.083648829580992
15.05,-18.0,-10.173913043478262,0.0,0.0,5.1865120588048566,-0.05554933922950123,0.12114504760886435,3.0817967791302032
15.06,-18.0,-10.173913043478262,0.0,0.0,5.194759926349965,-0.057339582707709,0.112752687536955,3.080013603978785
15.07,-18.0,-10.173913043478262,0.0,0.0,5.2030939391327955,-0.05925505121365182,0.10561681762508668,3.0783283547509366
15.08,-18.0,-10.173913043478262,0.0,0.0,5.211496112133405,-0.06117419682479075,0.09956716281650935,3.076757698775353
15.09,-18.0,-10.173913043478262,0.0,0.0,5.219952156649979,-0.06302374280677459,0.09445300296707815,3.075309784750167
15.1,-18.0,-10.173913043478262,0.0,0.0,5.228450695004576,-0.06476109180787493,0.09014052738179856,3.0739868334006513
15.11,-18.0,-10.173913043478262,0.0,0.0,5.236982677160281,-0.06636348814008519,0.08651143670246897,3.072786944563552
15.12,-18.0,-10.173913043478262,0.0,0.0,5.245540926518533,-0.06782116747792855,0.08346196489028057,3.0717054041421017
15.13,-18.0,-10.173913043478262,0.0,0.0,5.2541197750958455,-0.06913288867815326,0.08090193101499055,3.0707356535973442
15.14,-18.0,-10.173913043478262,0.0,0.0,5.262714765715991,-0.07030293008374766,0.0787536818136787,3.069870017606222
15.15,-18.0,-10.173913043478262,0.0,0.0,5.27132240772246,-0.07133902171253936,0.07695091617370065,3.069100249393439
15.16,-18.0,-10.173913043478262,0.0,0.0,5.279939977081042,-0.07225090123927425,0.07543743910891632,3.0684179339623223
15.17,-18.0,-10.173913043478262,0.0,0.0,5.288565353878422,-0.07304930221714634,0.07416590733987172,3.0678147789120134
15.18,-18.0,-10.173913043478262,0.0,0.0,5.297196891345094,-0.07374525105816021,0.07309662193975308,3.067282816310865
15.19,-18.0,-10.173913043478262,0.0,0.0,5.305833311248725,-0.07434958889970344,0.07219640841850727,3.066814534916175
15.2,-18.0,-10.173913043478262,0.0,0.0,5.31447362109233,-0.07487265863908865,0.07143760831673784,3.066402958796409
15.21,-18.0,-10.173913043478262,0.0,0.0,5.323117049111985,-0.07532411307719489,0.07079719240999838,3.0660416856573467
15.22,-18.0,-10.173913043478262,0.0,0.0,5.331762993621733,-0.07571281095121574,0.0702559952363,3.065724895733939
15.23,-18.0,-10.173913043478262,0.0,0.0,5.34041098378772,-0.07604677557916983,0.06979806384028042,3.065447339948054
15.24,-18.0,-10.173913043478262,0.0,0.0,5.349060649411527,-0.07633319689712526,0.06941010977841966,3.065204314150892
15.25,-18.0,-10.173913043478262,0.0,0.0,5.35771169774984,-0.07657846239337895,0.06908105178306889,3.0649916246710744
15.26,-18.0,-10.173913043478262,0.0,0.0,5.366363895786259,-0.0767882061527172,0.0688016363185806,3.0648055490670463
15.27,-18.0,-10.173913043478262,0.0,0.0,5.375017056699667,-0.07696736812782046,0.06856412399794731,3.064642794914961
15.28,-18.0,-10.173913043478262,0.0,0.0,5.383671029545117,-0.07712025800770994,0.06836203103626626,3.06450045862175
15.29,-18.0,-10.173913043478262,0.0,0.0,5.392325691383242,-0.07725061977822212,0.06818991630966598,3.06437598560468
15.3,-18.0,-10.173913043478262,0.0,0.0,5.400980941269759,-0.0773616943700679,0.06804320598524738,3.0642671326900666
15.31,-18.0,-10.173913043478262,0.0,0.0,5.409636695654858,-0.07745627875335215,0.06791804898788822,3.064171933224022
15.32,-18.0,-10.173913043478262,0.0,0.0,5.418292884849854,-0.07753678053676571,0.06781119772471811,3.0640886651297055
15.33,-18.0,-10.173913043478262,0.0,0.0,5.4269494503015085,-0.07760526762563469,0.06771990948234208,3.0640158219652505
15.34,-18.0,-10.173913043478262,0.0,0.0,5.43560634247798,-0.07766351283473671,0.0676418647493594,3.063952086915354
15.35,-18.0,-10.173913043478262,0.0,0.0,5.444263519218712,-0.07771303357859383,0.06757509941130391,3.0638963095719953
15.36,-18.0,-10.173913043478262,0.0,0.0,5.452920944437172,-0.07775512690451802,0.06751794833504898,3.063847485314066
15.37,-18.0,-10.173913043478262,0.0,0.0,5.461578587092925,-0.07779090021579371,0.06746899832383724,3.06380473707254
15.38,-18.0,-10.173913043478262,0.0,0.0,5.470236420370251,-0.07782129807197613,0.06742704880030559,3.063767299260298
15.39,-18.0,-10.173913043478262,0.0,0.0,5.478894421016051,-0.0778471254638855,0.06739107887893181,3.0637345036486168
15.4,-18.0,-10.173913043478262,0.0,0.0,5.487552568801382,-0.07786906795233928,0.06736021973484863,3.0637057669819994
15.41,-18.0,-10.173913043478262,0.0,0.0,5.49621084607968,-0.07788770903918874,0.06733373137421772,3.0636805801365563
15.42,-18.0,-10.173913043478262,0.0,0.0,5.504869237421177,-0.07790354511188546,0.06731098307161976,3.0636584986428588
15.43,-18.0,-10.173913043478262,0.0,0.0,5.513527729307915,-0.07791699827216103,0.06729143686975858,3.063639134410595
15.44,-18.0,-10.173913043478262,0.0,0.0,5.522186309877358,-0.07792842732784044,0.06727463364217567,3.063622148508694
15.45,-18.0,-10.173913043478262,0.0,0.0,5.530844968705358,-0.07793813719591913,0.06726018130553169,3.063607244870269
15.46,-18.0,-10.173913043478262,0.0,0.0,5.539503696621272,-0.07794638693575728,0.06724774483813589,3.0635941648063882
15.47,-18.0,-10.173913043478262,0.0,0.0,5.548162485549575,-0.07795339660417078,0.06723703781888357,3.063582682226222
15.48,-18.0,-10.173913043478262,0.0,0.0,5.5568213283735135,-0.07795935309956636,0.06722781524801891,3.0635725994733627
15.49,-18.0,-10.173913043478262,0.0,0.0,5.56548021881721,-0.0779644151401464,0.06721986745013597,3.0635637436991985
15.5,-18.0,-10.173913043478262,0.0,0.0,5.574139151343358,-0.07796871750157175,0.0672130148920802,3.0635559637040397
15.51,-18.0,-10.173913043478262,0.0,0.0,5.582798121064165,-0.07797237462214568,0.06720710377519934,3.0635491271854725
15.52,-18.0,-10.173913043478262,0.0,0.0,5.5914571236636075,-0.07797548366841744,0.06720200228367212,3.063543118341124
15.53,-18.0,-10.173913043478262,0.0,0.0,5.6001161553294185,-0.07797812714089192,0.06719759738923647,3.0635378357798144
15.54,-18.0,-10.173913043478262,0.0,0.0,5.608775212693478,-0.07798037508808586,0.06719379212818999,3.0635331907010257
15.55,-18.0,-10.173913043478262,0.0,0.0,5.617434292779475,-0.07798228698725707,0.06719050327957332,3.0635291053078233
15.56,-18.0,-10.173913043478262,0.0,0.0,5.626093392956904,-0.07798391334162647,0.06718765938438576,3.063525511422922
15.57,-18.0,-10.173913043478262,0.0,0.0,5.634752510900581,-0.07798529703656332,0.06718519905489861,3.0635223492815187
15.58,-18.0,-10.173913043478262,0.0,0.0,5.643411644554978,-0.07798647449094442,0.06718306953088327,3.063519566478012
15.59,-18.0,-10.173913043478262,0.0,0.0,5.652070792102793,-0.07798747663449657,0.06718122544611971,3.0635171170466675
15.6,-18.0,-10.173913043478262,0.0,0.0,5.660729951937229,-0.07798832973735648,0.06717962777408604,3.0635149606589533
15.61,-18.0,-10.173913043478262,0.0,0.0,5.669389122637522,-0.07798905611414342,0.06717824292639762,3.0635130619224924
15.62,-18.0,-10.173913043478262,0.0,0.0,5.678048302947344,-0.07798967472150409,0.06717704198152896,3.0635113897685544
15.63,-18.0,-10.173913043478262,0.0,0.0,5.686707491755732,-0.07799020166523629,0.0671760000247108,3.06350991691673
15.64,-18.0,-10.173913043478262,0.0,0.0,5.695366688080235,-0.07799065063066601,0.06717509558273449,3.0635086194069054
15.65,-18.0,-10.173913043478262,0.0,0.0,5.7040258910520265,-0.07799103324790435,0.06717431013980868,3.0635074761899235
15.66,-18.0,-10.173913043478262,0.0,0.0,5.712685099902749,-0.07799135940183599,0.06717362772267221,3.0635064687694578
15.67,-18.0,-10.173913043478262,0.0,0.0,5.7213443139528835,-0.07799163749521676,0.06717303454490398,3.063505580888602
15.68,-18.0,-10.173913043478262,0.0,0.0,5.730003532601471,-0.07799187467198121,0.06717251870185081,3.0635047982554724
15.69,-18.0,-10.173913043478262,0.0,0.0,5.738662755317026,-0.07799207700679034,0.06717206990885927,3.0635041083029146
15.7,-18.0,-10.173913043478262,0.0,0.0,5.747321981629498,-0.07799224966593044,0.0671716792765682,3.0635034999779975
15.71,-18.0,-10.173913043478262,0.0,0.0,5.755981211123168,-0.07799239704390781,0.0671713391179265,3.0635029635575437
15.72,-18.0,-10.173913043478262,0.0,0.0,5.764640443430371,-0.07799252287941583,0.06717104278239094,3.0635024904864263
15.73,-18.0,-10.173913043478262,0.0,0.0,5.773299678225933,-0.07799263035380122,0.06717078451340575,3.063502073235791
15.74,-18.0,-10.173913043478262,0.0,0.0,5.7819589152222655,-0.07799272217467945,0.06717055932584404,3.0635017051786915
15.75,-18.0,-10.173913043478262,0.0,0.0,5.790618154165017,-0.07799280064693992,0.06717036290056955,3.0635013804809863
15.76,-18.0,-10.173913043478262,0.0,0.0,5.799277394829233,-0.0779928677330608,0.06717019149367931,3.0635010940055873
15.77,-18.0,-10.173913043478262,0.0,0.0,5.807936637015959,-0.07799292510433808,0.06717004185835362,3.06350084122841
15.78,-18.0,-10.173913043478262,0.0,0.0,5.816595880549231,-0.07799297418440831,0.06716991117752913,3.0635006181645674
15.79,-18.0,-10.173913043478262,0.0,0.0,5.825255125273426,-0.07799301618623034,0.067169797005867,3.063500421303551
15.8,-18.0,-10.173913043478262,0.0,0.0,5.833914371050901,-0.07799305214351016,0.06716969721971333,3.0635002475522883
15.81,-18.0,-10.173913043478262,0.0,0.0,5.842573617759927,-0.07799308293740825,0.06716960997392618,3.0635000941850965
15.82,-18.0,-10.173913043478262,0.0,0.0,5.851232865292838,-0.07799310931924253,0.06716953366461564,3.0634999587997105
15.83,-18.0,-10.173913043478262,0.0,0.0,5.859892113554414,-0.07799313192979085,0.06716946689696357,3.0634998392786112
15.84,-18.0,-10.173913043478262,0.0,0.0,5.8685513624604395,-0.0779931513157015,0.0671694084574267,3.06349973375503
15.85,-18.0,-10.173913043478262,0.0,0.0,5.877210611936431,-0.07799316794345046,0.06716935728970608,3.0634996405830437
15.86,-18.0,-10.173913043478262,0.0,0.0,5.885869861916515,-0.07799318221121543,0.06716931247396807,3.063499558311273
15.87,-18.0,-10.173913043478262,0.0,0.0,5.894529112342429,-0.0779931944589749,0.06716927320886512,3.063499485659733
15.88,-18.0,-10.173913043478262,0.0,0.0,5.903188363162647,-0.07799320497710172,0.06716923879597658,3.063499421499468
15.89,-18.0,-10.173913043478262,0.0,0.0,5.911847614331595,-0.07799321401367987,0.06716920862632803,3.063499364834619
15.9,-18.0,-10.173913043478262,0.0,0.0,5.920506865808968,-0.0779932217807302,0.06716918216871748,3.0634993147866436
15.91,-18.0,-10.173913043478262,0.0,0.0,5.929166117559119,-0.07799322845951151,0.06716915895959297,3.063499270580411
15.92,-18.0,-10.173913043478262,0.0,0.0,5.937825369550521,-0.07799323420503734,0.0671691385942732,3.0634992315319702
15.93,-18.0,-10.173913043478262,0.0,0.0,5.94648462175529,-0.07799323914991962,0.06716912071933223,3.0634991970377627
15.94,-18.0,-10.173913043478262,0.0,0.0,5.9551438741487654,-0.07799324340764802,0.06716910502598772,3.0634991665651268
15.95,-18.0,-10.173913043478262,0.0,0.0,5.963803126709137,-0.07799324707538013,0.06716909124435921,3.0634991396439286
15.96,-18.0,-10.173913043478262,0.0,0.0,5.972462379417115,-0.07799325023632364,0.06716907913847847,3.0634991158591878
15.97,-18.0,-10.173913043478262,0.0,0.0,5.981121632255639,-0.0779932529617664,0.06716906850195248,3.0634990948445777
15.98,-18.0,-10.173913043478262,0.0,0.0,5.98978088520962,-0.07799325531280554,0.06716905915419358,3.0634990762766976
15.99,-18.0,-10.173913043478262,0.0,0.0,5.998440138265714,-0.07799325734182627,0.0671690509371361,3.0634990598700176
16.0,-18.0,-10.173913043478262,0.0,0.0,6.007099391412119,-0.07799325909376131,0.06716904371238108,3.0634990453724305
16.01,-18.0,-10.173913043478262,0.0,0.0,6.015758644638396,-0.07799326060716649,0.0671690373587086,3.0634990325613223
16.02,-18.0,-10.173913043478262,0.0,0.0,6.024417897935313,-0.07799326191514,0.06716903176991096,3.063499021240109
16.03,-18.0,-10.173913043478262,0.0,0.0,6.033077151294707,-0.07799326304610621,0.06716902685290349,3.063499011235181
16.04,-18.0,-10.173913043478262,0.0,0.0,6.041736404709355,-0.07799326402448603,0.06716902252607848,3.0634990023932125
16.05,-18.0,-10.173913043478262,0.0,0.0,6.050395658172872,-0.07799326487127045,0.06716901871786751,3.063498994578779
16.06,-18.0,-10.173913043478262,0.0,0.0,6.059054911679609,-0.07799326560450925,0.06716901536548914,3.0634989876722636
16.07,-18.0,-10.173913043478262,0.0,0.0,6.0677141652245705,-0.07799326623973002,0.0671690124138542,3.0634989815680065
16.08,-18.0,-10.173913043478262,0.0,0.0,6.076373418803339,-0.07799326679029805,0.06716900981460805,3.06349897617267
16.09,-18.0,-10.173913043478262,0.0,0.0,6.085032672412006,-0.07799326726772016,0.06716900752529897,3.063498971403799
16.1,-18.0,-10.173913043478262,0.0,0.0,6.093691926047117,-0.07799326768191017,0.06716900550864446,3.0634989671885453
16.11,-18.0,-10.173913043478262,0.0,0.0,6.1023511797056145,-0.0779932680414106,0.06716900373189638,3.0634989634625516
16.12,-18.0,-10.173913043478262,0.0,0.0,6.111010433384796,-0.07799326835358933,0.06716900216627975,3.0634989601689533
16.13,-18.0,-10.173913043478262,0.0,0.0,6.11966968708227,-0.07799326862480038,0.06716900078650656,3.0634989572575075
16.14,-18.0,-10.173913043478262,0.0,0.0,6.128328940795924,-0.07799326886052826,0.0671689995703475,3.0634989546838183
16.15,-18.0,-10.173913043478262,0.0,0.0,6.1369881945238856,-0.07799326906550896,0.06716899849825686,3.0634989524086573
16.16,-18.0,-10.173913043478262,0.0,0.0,6.145647448264502,-0.07799326924383365,0.06716899755304606,3.063498950397358
16.17,-18.0,-10.173913043478262,0.0,0.0,6.154306702016311,-0.07799326939903728,0.0671689967195952,3.0634989486192863
16.18,-18.0,-10.173913043478262,0.0,0.0,6.162965955778018,-0.07799326953417784,0.06716899598460191,3.0634989470473686
16.19,-18.0,-10.173913043478262,0.0,0.0,6.1716252095484805,-0.07799326965189946,0.06716899533636034,3.0634989456576793
16.2,-18.0,-10.173913043478262,0.0,0.0,6.180284463326685,-0.07799326975449183,0.06716899476456772,3.063498944429074
16.21,-18.0,-10.173913043478262,0.0,0.0,6.188943717111737,-0.07799326984393762,0.06716899426015388,3.0634989433428625
16.22,-18.0,-10.173913043478262,0.0,0.0,6.197602970902846,-0.07799326992195321,0.06716899381513364,3.0634989423825276
16.23,-18.0,-10.173913043478262,0.0,0.0,6.20626222469931,-0.07799326999002743,0.06716899342247462,3.0634989415334704
16.24,-18.0,-10.173913043478262,0.0,0.0,6.2149214785005125,-0.07799327004945145,0.06716899307598256,3.063498940782785
16.25,-18.0,-10.173913043478262,0.0,0.0,6.223580732305904,-0.07799327010134505,0.06716899277020172,3.0634989401190666
16.26,-18.0,-10.173913043478262,0.0,0.0,6.232239986115001,-0.07799327014667945,0.06716899250032515,3.0634989395322316
16.27,-18.0,-10.173913043478262,0.0,0.0,6.240899239927375,-0.07799327018629931,0.0671689922621167,3.0634989390133693
16.28,-18.0,-10.173913043478262,0.0,0.0,6.249558493742646,-0.07799327022093805,0.06716899205184323,3.0634989385545994
16.29,-18.0,-10.173913043478262,0.0,0.0,6.258217747560481,-0.07799327025123359,0.06716899186621361,3.0634989381489586
16.3,-18.0,-10.173913043478262,0.0,0.0,6.266877001380584,-0.07799327027773906,0.06716899170232826,3.0634989377902895
16.31,-18.0,-10.173913043478262,0.0,0.0,6.275536255202691,-0.07799327030093717,0.06716899155762923,3.063498937473151
16.32,-18.0,-10.173913043478262,0.0,0.0,6.2841955090265715,-0.07799327032124781,0.0671689914298611,3.0634989371927306
16.33,-18.0,-10.173913043478262,0.0,0.0,6.29285476285202,-0.0779932703390358,0.06716899131703624,3.0634989369447756
16.34,-18.0,-10.173913043478262,0.0,0.0,6.301514016678856,-0.07799327035461978,0.06716899121740028,3.0634989367255243
16.35,-18.0,-10.173913043478262,0.0,0.0,6.310173270506918,-0.07799327036827752,0.06716899112940555,3.063498936531653
16.36,-18.0,-10.173913043478262,0.0,0.0,6.318832524336066,-0.07799327038025039,0.06716899105168805,3.063498936360222
16.37,-18.0,-10.173913043478262,0.0,0.0,6.327491778166173,-0.07799327039074999,0.06716899098304285,3.063498936208633
16.38,-18.0,-10.173913043478262,0.0,0.0,6.336151031997128,-0.07799327039995974,0.06716899092240847,3.0634989360745886
16.39,-18.0,-10.173913043478262,0.0,0.0,6.344810285828833,-0.07799327040804083,0.06716899086884642,3.0634989359560563
16.4,-18.0,-10.173913043478262,0.0,0.0,6.353469539661203,-0.07799327041513338,0.0671689908215296,3.0634989358512406
16.41,-18.0,-10.173913043478262,0.0,0.0,6.36212879349416,-0.07799327042136017,0.06716899077972815,3.0634989357585547
16.42,-18.0,-10.173913043478262,0.0,0.0,6.370788047327636,-0.07799327042682824,0.06716899074279759,3.063498935676594
16.43,-18.0,-10.173913043478262,0.0,0.0,6.379447301161571,-0.07799327043163062,0.0671689907101688,3.063498935604116
16.44,-18.0,-10.173913043478262,0.0,0.0,6.388106554995912,-0.07799327043585058,0.06716899068133908,3.063498935540024
16.45,-18.0,-10.173913043478262,0.0,0.0,6.3967658088306125,-0.07799327043955895,0.06716899065586546,3.063498935483347
16.46,-18.0,-10.173913043478262,0.0,0.0,6.40542506266563,-0.07799327044281856,0.06716899063335624,3.0634989354332274
16.47,-18.0,-10.173913043478262,0.0,0.0,6.414084316500929,-0.07799327044568427,0.06716899061346593,3.0634989353889055
16.48,-18.0,-10.173913043478262,0.0,0.0,6.422743570336476,-0.07799327044820448,0.06716899059588888,3.0634989353497115
16.49,-18.0,-10.173913043478262,0.0,0.0,6.431402824172244,-0.07799327045042137,0.06716899058035553,3.063498935315051
16.5,-18.0,-10.173913043478262,0.0,0.0,6.440062078008205,-0.07799327045237137,0.06716899056662806,3.0634989352843993
16.51,-18.0,-10.173913043478262,0.0,0.0,6.448721331844339,-0.07799327045408733,0.06716899055449632,3.0634989352572943
16.52,-18.0,-10.173913043478262,0.0,0.0,6.457380585680624,-0.07799327045559745,0.06716899054377401,3.063498935233324
16.53,-18.0,-10.173913043478262,0.0,0.0,6.466039839517044,-0.07799327045692683,0.06716899053429737,3.0634989352121256
16.54,-18.0,-10.173913043478262,0.0,0.0,6.474699093353582,-0.07799327045809745,0.06716899052592107,3.06349893519338
16.55,-18.0,-10.173913043478262,0.0,0.0,6.483358347190226,-0.07799327045912818,0.06716899051851788,3.063498935176802
16.56,-18.0,-10.173913043478262,0.0,0.0,6.492017601026963,-0.0779932704600359,0.06716899051197389,3.0634989351621407
16.57,-18.0,-10.173913043478262,0.0,0.0,6.500676854863782,-0.07799327046083615,0.06716899050618907,3.0634989351491764
16.58,-18.0,-10.173913043478262,0.0,0.0,6.509336108700674,-0.07799327046154025,0.06716899050107616,3.0634989351377104
16.59,-18.0,-10.173913043478262,0.0,0.0,6.51799536253763,-0.07799327046216109,0.06716899049655667,3.06349893512757
16.6,-18.0,-10.173913043478262,0.0,0.0,6.5266546163746435,-0.07799327046270821,0.0671689904925612,3.063498935118603
16.61,-18.0,-10.173913043478262,0.0,0.0,6.535313870211707,-0.07799327046319027,0.06716899048902925,3.0634989351106734
16.62,-18.0,-10.173913043478262,0.0,0.0,6.543973124048814,-0.07799327046361548,0.06716899048590697,3.0634989351036603
16.63,-18.0,-10.173913043478262,0.0,0.0,6.552632377885962,-0.07799327046399052,0.06716899048314662,3.0634989350974573
16.64,-18.0,-10.173913043478262,0.0,0.0,6.561291631723144,-0.07799327046432092,0.06716899048070646,3.0634989350919724
16.65,-18.0,-10.173913043478262,0.0,0.0,6.569950885560357,-0.07799327046461224,0.06716899047854907,3.0634989350871216
16.66,-18.0,-10.173913043478262,0.0,0.0,6.578610139397597,-0.07799327046486915,0.06716899047664193,3.063498935082832
16.67,-18.0,-10.173913043478262,0.0,0.0,6.587269393234861,-0.07799327046509585,0.06716899047495595,3.0634989350790383
16.68,-18.0,-10.173913043478262,0.0,0.0,6.595928647072146,-0.07799327046529592,0.06716899047346492,3.063498935075683
16.69,-18.0,-10.173913043478262,0.0,0.0,6.604587900909451,-0.07799327046547289,0.06716899047214653,3.0634989350727153
16.7,-18.0,-10.173913043478262,0.0,0.0,6.613247154746771,-0.07799327046562832,0.06716899047098135,3.0634989350700916
16.71,-18.0,-10.173913043478262,0.0,0.0,6.621906408584107,-0.07799327046576554,0.06716899046995106,3.063498935067771
16.72,-18.0,-10.173913043478262,0.0,0.0,6.630565662421456,-0.077993270465887,0.06716899046904001,3.063498935065718
16.73,-18.0,-10.173913043478262,0.0,0.0,6.639224916258817,-0.07799327046599402,0.06716899046823444,3.063498935063903
16.74,-18.0,-10.173913043478262,0.0,0.0,6.647884170096187,-0.0779932704660884,0.06716899046752245,3.063498935062298
16.75,-18.0,-10.173913043478262,0.0,0.0,6.656543423933567,-0.07799327046617166,0.06716899046689284,3.0634989350608786
16.76,-18.0,-10.173913043478262,0.0,0.0,6.665202677770954,-0.07799327046624538,0.06716899046633595,3.063498935059623
16.77,-18.0,-10.173913043478262,0.0,0.0,6.673861931608348,-0.07799327046631044,0.06716899046584368,3.0634989350585125
16.78,-18.0,-10.173913043478262,0.0,0.0,6.682521185445749,-0.0779932704663675,0.0671689904654087,3.0634989350575306
16.79,-18.0,-10.173913043478262,0.0,0.0,6.691180439283155,-0.07799327046641857,0.06716899046502323,3.0634989350566624
16.8,-18.0,-10.173913043478262,0.0,0.0,6.699839693120566,-0.07799327046646365,0.06716899046468283,3.0634989350558937
16.81,-18.0,-10.173913043478262,0.0,0.0,6.708498946957982,-0.07799327046650273,0.06716899046438218,3.063498935055214
16.82,-18.0,-10.173913043478262,0.0,0.0,6.717158200795401,-0.07799327046653759,0.06716899046411595,3.063498935054614
16.83,-18.0,-10.173913043478262,0.0,0.0,6.725817454632824,-0.07799327046656868,0.06716899046388058,3.063498935054082
16.84,-18.0,-10.173913043478262,0.0,0.0,6.7344767084702495,-0.07799327046659554,0.06716899046367264,3.063498935053613
16.85,-18.0,-10.173913043478262,0.0,0.0,6.743135962307678,-0.07799327046661975,0.06716899046348845,3.063498935053197
16.86,-18.0,-10.173913043478262,0.0,0.0,6.7517952161451085,-0.07799327046664106,0.06716899046332592,3.0634989350528294
16.87,-18.0,-10.173913043478262,0.0,0.0,6.760454469982541,-0.07799327046665994,0.06716899046318181,3.063498935052505
16.88,-18.0,-10.173913043478262,0.0,0.0,6.7691137238199754,-0.07799327046667637,0.0671689904630548,3.063498935052217
16.89,-18.0,-10.173913043478262,0.0,0.0,6.777772977657412,-0.07799327046669102,0.06716899046294234,3.063498935051963
16.9,-18.0,-10.173913043478262,0.0,0.0,6.7864322314948495,-0.0779932704667039,0.06716899046284264,3.0634989350517374
16.91,-18.0,-10.173913043478262,0.0,0.0,6.795091485332288,-0.07799327046671545,0.0671689904627546,3.0634989350515394
16.92,-18.0,-10.173913043478262,0.0,0.0,6.803750739169728,-0.07799327046672522,0.06716899046267699,3.0634989350513635
16.93,-18.0,-10.173913043478262,0.0,0.0,6.812409993007169,-0.07799327046673432,0.06716899046260827,3.063498935051208
16.94,-18.0,-10.173913043478262,0.0,0.0,6.82106924684461,-0.07799327046674209,0.06716899046254765,3.0634989350510704
16.95,-18.0,-10.173913043478262,0.0,0.0,6.8297285006820525,-0.07799327046674898,0.0671689904624937,3.0634989350509487
16.96,-18.0,-10.173913043478262,0.0,0.0,6.838387754519496,-0.0779932704667552,0.06716899046244618,3.063498935050841
16.97,-18.0,-10.173913043478262,0.0,0.0,6.84704700835694,-0.0779932704667603,0.06716899046240421,3.0634989350507453
16.98,-18.0,-10.173913043478262,0.0,0.0,6.855706262194384,-0.07799327046676563,0.0671689904623668,3.063498935050662
16.99,-18.0,-10.173913043478262,0.0,0.0,6.864365516031829,-0.0779932704667694,0.06716899046233427,3.0634989350505872
17.0,-18.0,-10.173913043478262,0.0,0.0,6.873024769869274,-0.0779932704667734,0.06716899046230496,3.063498935050522
17.01,-18.0,-10.173913043478262,0.0,0.0,6.88168402370672,-0.07799327046677673,0.06716899046227931,3.063498935050463
17.02,-18.0,-10.173913043478262,0.0,0.0,6.890343277544166,-0.07799327046677962,0.06716899046225655,3.063498935050412
17.03,-18.0,-10.173913043478262,0.0,0.0,6.899002531381612,-0.07799327046678206,0.06716899046223646,3.0634989350503665
17.04,-18.0,-10.173913043478262,0.0,0.0,6.907661785219059,-0.07799327046678428,0.06716899046221869,3.0634989350503257
17.05,-18.0,-10.173913043478262,0.0,0.0,6.9163210390565055,-0.0779932704667865,0.06716899046220304,3.0634989350502906
17.06,-18.0,-10.173913043478262,0.0,0.0,6.924980292893952,-0.07799327046678828,0.06716899046218894,3.063498935050259
17.07,-18.0,-10.173913043478262,0.0,0.0,6.933639546731399,-0.07799327046678983,0.06716899046217661,3.0634989350502315
17.08,-18.0,-10.173913043478262,0.0,0.0,6.942298800568846,-0.07799327046679094,0.06716899046216618,3.0634989350502067
17.09,-18.0,-10.173913043478262,0.0,0.0,6.950958054406294,-0.07799327046679227,0.06716899046215641,3.0634989350501844
17.1,-18.0,-10.173913043478262,0.0,0.0,6.959617308243741,-0.07799327046679339,0.06716899046214775,3.0634989350501654
17.11,-18.0,-10.173913043478262,0.0,0.0,6.968276562081189,-0.07799327046679405,0.06716899046214053,3.0634989350501485
17.12,-18.0,-10.173913043478262,0.0,0.0,6.976935815918637,-0.07799327046679494,0.06716899046213376,3.0634989350501334
17.13,-18.0,-10.173913043478262,0.0,0.0,6.9855950697560845,-0.0779932704667956,0.06716899046212821,3.06349893505012
17.14,-18.0,-10.173913043478262,0.0,0.0,6.994254323593532,-0.07799327046679627,0.06716899046212277,3.063498935050108
17.15,-18.0,-10.173913043478262,0.0,0.0,7.00291357743098,-0.07799327046679716,0.0671689904621181,3.063498935050098
17.16,-18.0,-10.173913043478262,0.0,0.0,7.011572831268428,-0.0779932704667976,0.06716899046211411,3.0634989350500885
17.17,-18.0,-10.173913043478262,0.0,0.0,7.020232085105875,-0.07799327046679805,0.06716899046211033,3.0634989350500805
17.18,-18.0,-10.173913043478262,0.0,0.0,7.028891338943323,-0.07799327046679849,0.06716899046210711,3.0634989350500734
17.19,-18.0,-10.173913043478262,0.0,0.0,7.037550592780771,-0.07799327046679894,0.06716899046210445,3.063498935050067
17.2,-18.0,-10.173913043478262,0.0,0.0,7.046209846618219,-0.07799327046679938,0.06716899046210179,3.0634989350500605
17.21,-18.0,-10.173913043478262,0.0,0.0,7.054869100455668,-0.0779932704667996,0.06716899046209979,3.0634989350500557
17.22,-18.0,-10.173913043478262,0.0,0.0,7.063528354293116,-0.07799327046679982,0.06716899046209779,3.063498935050051
17.23,-18.0,-10.173913043478262,0.0,0.0,7.072187608130565,-0.07799327046679982,0.06716899046209601,3.0634989350500477
17.24,-18.0,-10.173913043478262,0.0,0.0,7.080846861968014,-0.07799327046680027,0.06716899046209457,3.063498935050044
17.25,-18.0,-10.173913043478262,0.0,0.0,7.089506115805462,-0.07799327046680027,0.06716899046209335,3.063498935050041
17.26,-18.0,-10.173913043478262,0.0,0.0,7.098165369642911,-0.07799327046680027,0.06716899046209202,3.0634989350500383
17.27,-18.0,-10.173913043478262,0.0,0.0,7.106824623480359,-0.07799327046680049,0.0671689904620909,3.063498935050036
17.28,-18.0,-10.173913043478262,0.0,0.0,7.115483877317808,-0.07799327046680071,0.0671689904620898,3.063498935050034
17.29,-18.0,-10.173913043478262,0.0,0.0,7.1241431311552565,-0.07799327046680093,0.06716899046208913,3.0634989350500317
17.3,-18.0,-10.173913043478262,0.0,0.0,7.132802384992705,-0.07799327046680093,0.06716899046208824,3.0634989350500303
17.31,-18.0,-10.173913043478262,0.0,0.0,7.141461638830154,-0.07799327046680116,0.06716899046208757,3.063498935050029
17.32,-18.0,-10.173913043478262,0.0,0.0,7.150120892667602,-0.07799327046680116,0.06716899046208713,3.0634989350500277
17.33,-18.0,-10.173913043478262,0.0,0.0,7.158780146505051,-0.07799327046680116,0.06716899046208669,3.0634989350500264
17.34,-18.0,-10.173913043478262,0.0,0.0,7.1674394003424995,-0.07799327046680116,0.06716899046208624,3.0634989350500255
17.35,-18.0,-10.173913043478262,0.0,0.0,7.176098654179948,-0.07799327046680116,0.0671689904620858,3.0634989350500246
17.36,-18.0,-10.173913043478262,0.0,0.0,7.184757908017397,-0.0779932704668016,0.06716899046208524,3.0634989350500237
17.37,-18.0,-10.173913043478262,0.0,0.0,7.193417161854845,-0.0779932704668016,0.06716899046208491,3.0634989350500232
17.38,-18.0,-10.173913043478262,0.0,0.0,7.202076415692294,-0.07799327046680138,0.06716899046208469,3.0634989350500224
17.39,-18.0,-10.173913043478262,0.0,0.0,7.210735669529742,-0.0779932704668016,0.06716899046208447,3.063498935050022
17.4,-18.0,-10.173913043478262,0.0,0.0,7.219394923367191,-0.0779932704668016,0.06716899046208413,3.0634989350500215
17.41,-18.0,-10.173913043478262,0.0,0.0,7.22805417720464,-0.0779932704668016,0.06716899046208402,3.063498935050021
17.42,-18.0,-10.173913043478262,0.0,0.0,7.236713431042088,-0.0779932704668016,0.06716899046208402,3.0634989350500206
17.43,-18.0,-10.173913043478262,0.0,0.0,7.245372684879537,-0.07799327046680138,0.0671689904620838,3.06349893505002
17.44,-18.0,-10.173913043478262,0.0,0.0,7.254031938716985,-0.07799327046680138,0.0671689904620838,3.06349893505002
17.45,-18.0,-10.173913043478262,0.0,0.0,7.262691192554434,-0.07799327046680138,0.0671689904620838,3.0634989350500197
17.46,-18.0,-10.173913043478262,0.0,0.0,7.2713504463918825,-0.0779932704668016,0.06716899046208347,3.0634989350500197
17.47,-18.0,-10.173913043478262,0.0,0.0,7.280009700229331,-0.0779932704668016,0.06716899046208324,3.0634989350500192
17.48,-18.0,-10.173913043478262,0.0,0.0,7.28866895406678,-0.0779932704668016,0.06716899046208324,3.063498935050019
17.49,-18.0,-10.173913043478262,0.0,0.0,7.297328207904228,-0.07799327046680138,0.06716899046208336,3.063498935050019
17.5,-18.0,-10.173913043478262,0.0,0.0,7.305987461741677,-0.0779932704668016,0.06716899046208313,3.063498935050019
17.51,-18.0,-10.173913043478262,0.0,0.0,7.3146467155791255,-0.0779932704668016,0.06716899046208313,3.063498935050019
17.52,-18.0,-10.173913043478262,0.0,0.0,7.323305969416574,-0.0779932704668016,0.06716899046208313,3.063498935050019
17.53,-18.0,-10.173913043478262,0.0,0.0,7.331965223254023,-0.07799327046680182,0.06716899046208291,3.0634989350500184
17.54,-18.0,-10.173913043478262,0.0,0.0,7.340624477091471,-0.0779932704668016,0.06716899046208313,3.0634989350500184
17.55,-18.0,-10.173913043478262,0.0,0.0,7.34928373092892,-0.0779932704668016,0.06716899046208313,3.0634989350500184
17.56,-18.0,-10.173913043478262,0.0,0.0,7.357942984766368,-0.07799327046680182,0.06716899046208291,3.0634989350500184
17.57,-18.0,-10.173913043478262,0.0,0.0,7.366602238603817,-0.0779932704668016,0.06716899046208313,3.0634989350500184
17.58,-18.0,-10.173913043478262,0.0,0.0,7.375261492441266,-0.0779932704668016,0.06716899046208313,3.0634989350500184
17.59,-18.0,-10.173913043478262,0.0,0.0,7.383920746278714,-0.07799327046680182,0.06716899046208291,3.0634989350500184
17.6,-18.0,-10.173913043478262,0.0,0.0,7.392580000116163,-0.07799327046680182,0.06716899046208291,3.063498935050018
17.61,-18.0,-10.173913043478262,0.0,0.0,7.401239253953611,-0.07799327046680182,0.06716899046208291,3.063498935050018
17.62,-18.0,-10.173913043478262,0.0,0.0,7.40989850779106,-0.07799327046680182,0.06716899046208291,3.063498935050018
17.63,-18.0,-10.173913043478262,0.0,0.0,7.4185577616285086,-0.07799327046680182,0.06716899046208291,3.063498935050018
17.64,-18.0,-10.173913043478262,0.0,0.0,7.427217015465957,-0.07799327046680182,0.06716899046208291,3.063498935050018
17.65,-18.0,-10.173913043478262,0.0,0.0,7.435876269303406,-0.07799327046680182,0.06716899046208291,3.063498935050018
17.66,-18.0,-10.173913043478262,0.0,0.0,7.444535523140854,-0.0779932704668016,0.06716899046208302,3.063498935050018
17.67,-18.0,-10.173913043478262,0.0,0.0,7.453194776978303,-0.0779932704668016,0.0671689904620828,3.063498935050018
17.68,-18.0,-10.173913043478262,0.0,0.0,7.4618540308157515,-0.0779932704668016,0.06716899046208302,3.063498935050018
17.69,-18.0,-10.173913043478262,0.0,0.0,7.4705132846532,-0.0779932704668016,0.0671689904620828,3.063498935050018
17.7,-18.0,-10.173913043478262,0.0,0.0,7.479172538490649,-0.0779932704668016,0.06716899046208302,3.063498935050018
17.71,-18.0,-10.173913043478262,0.0,0.0,7.487831792328097,-0.0779932704668016,0.06716899046208302,3.063498935050018
17.72,-18.0,-10.173913043478262,0.0,0.0,7.496491046165546,-0.0779932704668016,0.06716899046208302,3.063498935050018
17.73,-18.0,-10.173913043478262,0.0,0.0,7.505150300002994,-0.0779932704668016,0.06716899046208302,3.063498935050018
17.74,-18.0,-10.173913043478262,0.0,0.0,7.513809553840443,-0.0779932704668016,0.06716899046208302,3.063498935050018
17.75,-18.0,-10.173913043478262,0.0,0.0,7.522468807677892,-0.07799327046680116,0.06716899046208324,3.063498935050018
17.76,-18.0,-10.173913043478262,0.0,0.0,7.53112806151534,-0.07799327046680116,0.06716899046208324,3.063498935050018
17.77,-18.0,-10.173913043478262,0.0,0.0,7.539787315352789,-0.07799327046680116,0.06716899046208324,3.063498935050018
17.78,-18.0,-10.173913043478262,0.0,0.0,7.548446569190237,-0.07799327046680116,0.06716899046208347,3.063498935050018
17.79,-18.0,-10.173913043478262,0.0,0.0,7.557105823027686,-0.07799327046680116,0.06716899046208347,3.063498935050018
17.8,-18.0,-10.173913043478262,0.0,0.0,7.5657650768651346,-0.07799327046680116,0.06716899046208347,3.063498935050018
17.81,-18.0,-10.173913043478262,0.0,0.0,7.574424330702583,-0.07799327046680116,0.06716899046208324,3.063498935050018
17.82,-18.0,-10.173913043478262,0.0,0.0,7.583083584540032,-0.07799327046680116,0.06716899046208347,3.063498935050018
17.83,-18.0,-10.173913043478262,0.0,0.0,7.59174283837748,-0.07799327046680071,0.06716899046208369,3.063498935050018
17.84,-18.0,-10.173913043478262,0.0,0.0,7.600402092214929,-0.07799327046680116,0.06716899046208347,3.063498935050018
17.85,-18.0,-10.173913043478262,0.0,0.0,7.6090613460523775,-0.07799327046680116,0.06716899046208347,3.063498935050018
17.86,-18.0,-10.173913043478262,0.0,0.0,7.617720599889826,-0.07799327046680071,0.06716899046208369,3.063498935050018
17.87,-18.0,-10.173913043478262,0.0,0.0,7.626379853727275,-0.07799327046680116,0.06716899046208347,3.063498935050018
17.88,-18.0,-10.173913043478262,0.0,0.0,7.635039107564723,-0.07799327046680116,0.06716899046208324,3.063498935050018
17.89,-18.0,-10.173913043478262,0.0,0.0,7.643698361402172,-0.07799327046680116,0.06716899046208347,3.063498935050018
17.9,-18.0,-10.173913043478262,0.0,0.0,7.65235761523962,-0.07799327046680116,0.06716899046208347,3.063498935050018
17.91,-18.0,-10.173913043478262,0.0,0.0,7.661016869077069,-0.07799327046680116,0.06716899046208347,3.063498935050018
17.92,-18.0,-10.173913043478262,0.0,0.0,7.669676122914518,-0.07799327046680116,0.06716899046208324,3.063498935050018
17.93,-18.0,-10.173913043478262,0.0,0.0,7.678335376751966,-0.0779932704668016,0.06716899046208302,3.063498935050018
17.94,-18.0,-10.173913043478262,0.0,0.0,7.686994630589415,-0.0779932704668016,0.06716899046208302,3.063498935050018
17.95,-18.0,-10.173913043478262,0.0,0.0,7.695653884426863,-0.0779932704668016,0.06716899046208302,3.063498935050018
17.96,-18.0,-10.173913043478262,0.0,0.0,7.704313138264312,-0.0779932704668016,0.06716899046208302,3.063498935050018
17.97,-18.0,-10.173913043478262,0.0,0.0,7.7129723921017606,-0.0779932704668016,0.06716899046208302,3.063498935050018
17.98,-18.0,-10.173913043478262,0.0,0.0,7.721631645939209,-0.0779932704668016,0.0671689904620828,3.063498935050018
17.99,-18.0,-10.173913043478262,0.0,0.0,7.730290899776658,-0.0779932704668016,0.0671689904620828,3.063498935050018
18.0,-18.0,-10.173913043478262,0.0,0.0,7.738950153614106,-0.07799327046680204,0.06716899046208258,3.063498935050018
18.01,-18.0,-8.608695652173912,0.0,0.0,7.747961573535248,-0.07339706889753894,0.18440653605521895,3.062148507260505
18.02,-18.0,-8.608695652173912,0.0,0.0,7.757250652087635,-0.0710464445431982,0.16993104735603803,3.060472496762652
18.03,-18.0,-8.608695652173912,0.0,0.0,7.766759975889949,-0.0702443313029395,0.15738629845075702,3.058610874850795
18.04,-18.0,-8.608695652173912,0.0,0.0,7.7764451378133375,-0.0704763957922947,0.1464984438242818,3.056663842566701
18.05,-18.0,-8.608695652173912,0.0,0.0,7.786271500003147,-0.07137506203737876,0.13704304143409107,3.0547020892003367
18.06,-18.0,-8.608695652173912,0.0,0.0,7.79621176602252,-0.07268294864821079,0.12883258275169895,3.05277471894006
18.07,-18.0,-8.608695652173912,0.0,0.0,7.8062442100526885,-0.07422216133305604,0.12170738261261094,3.050915109941332
18.08,-18.0,-8.608695652173912,0.0,0.0,7.816351395761218,-0.07587091095896636,0.1155292872780862,3.0491451655424866
18.09,-18.0,-8.608695652173912,0.0,0.0,7.826519242972853,-0.0775466538326115,0.11017745731622042,3.0474783892463835
18.1,-18.0,-8.608695652173912,0.0,0.0,7.836736335991774,-0.07919426933487861,0.10554554589237364,3.0459221242165744
18.11,-18.0,-8.608695652173912,0.0,0.0,7.846993399435724,-0.08077785622577172,0.10153975124476355,3.0444792045141074
18.12,-18.0,-8.608695652173912,0.0,0.0,7.8572828917082775,-0.08227503564399208,0.0980773848131955,3.043149189535934
18.13,-18.0,-8.608695652173912,0.0,0.0,7.867598683105772,-0.08367296509963396,0.09508572838613039,3.0419292982024446
18.14,-18.0,-8.608695652173912,0.0,0.0,7.877935796713809,-0.08496551921979201,0.09250104830711237,3.0408151220084916
18.15,-18.0,-8.608695652173912,0.0,0.0,7.888290197412668,-0.08615127250259791,0.0902676973204396,3.0398011713829964
18.16,-18.0,-8.608695652173912,0.0,0.0,7.898658618837455,-0.08723204087669689,0.08833727295512728,3.038881293783798
18.17,-18.0,-8.608695652173912,0.0,0.0,7.909038420987689,-0.08821181905816244,0.08666782281158192,3.0380489915392377
18.18,-18.0,-8.608695652173912,0.0,0.0,7.919427472993048,-0.0890960030650394,0.08522309758409985,3.037297660559203
18.19,-18.0,-8.608695652173912,0.0,0.0,7.929824056727302,-0.08989082144899241,0.08397185642914562,3.0366207663331073
18.2,-18.0,-8.608695652173912,0.0,0.0,7.940226787775021,-0.09060292132005321,0.0828872293620776,3.0360119702748314
18.21,-18.0,-8.608695652173912,0.0,0.0,7.950634550847516,-0.09123907028853884,0.08194613969217124,3.0354652169608807
18.22,-18.0,-8.608695652173912,0.0,0.0,7.9610464472035325,-0.09180594571451262,0.08112878728482587,3.0349747908411584
18.23,-18.0,-8.608695652173912,0.0,0.0,7.971461752005613,-0.09230998983393679,0.08041819133387818,3.03453534941014
18.24,-18.0,-8.608695652173912,0.0,0.0,7.981879879861115,-0.09275731448466429,0.07979978964584145,3.034141938510628
18.25,-18.0,-8.608695652173912,0.0,0.0,7.992300357071478,-0.09315364295158046,0.07926109027430894,3.0337899943437585
18.26,-18.0,-8.608695652173912,0.0,0.0,8.002722799351925,-0.09350427930977645,0.07879137066901964,3.0334753358398823
18.27,-18.0,-8.608695652173912,0.0,0.0,8.013146893990541,-0.09381409783757344,0.07838141923622555,3.0331941502791198
18.28,-18.0,-8.608695652173912,0.0,0.0,8.023572385593761,-0.09408754677451103,0.0780233142442659,3.0329429744166387
18.29,-18.0,-8.608695652173912,0.0,0.0,8.033999064717296,-0.09432866203288426,0.07771023525479936,3.0327186728481204
18.3,-18.0,-8.608695652173912,0.0,0.0,8.044426758810028,-0.09454108751910173,0.077436302635287,3.032518414929285
18.31,-18.0,-8.608695652173912,0.0,0.0,8.054855325006068,-0.09472809954446926,0.07719644114945012,3.0323396512249214
18.32,-18.0,-8.608695652173912,0.0,0.0,8.065284644389553,-0.09489263345033927,0.07698626408439235,3.0321800901943474
18.33,-18.0,-8.608695652173912,0.0,0.0,8.075714617430354,-0.09503731107604452,0.0768019748253248,3.0320376756097054
18.34,-18.0,-8.608695652173912,0.0,0.0,8.086145160349052,-0.09516446808821999,0.07664028321259231,3.0319105650404996
18.35,-18.0,-8.608695652173912,0.0,0.0,8.096576202218412,-0.09527618049012299,0.07649833440058518,3.031797109613377
18.36,-18.0,-8.608695652173912,0.0,0.0,8.10700768264805,-0.09537428985792729,0.0763736482799291,3.031695835162571
18.37,-18.0,-8.608695652173912,0.0,0.0,8.117439549930696,-0.09546042702279012,0.07626406782277395,3.031605424817453
18.38,-18.0,-8.608695652173912,0.0,0.0,8.12787175955381,-0.09553603404497801,0.07616771496819275,3.0315247030237824
18.39,-18.0,-8.608695652173912,0.0,0.0,8.138304273000518,-0.09560238441926017,0.07608295288418532,3.031452620960343
18.4,-18.0,-8.608695652173912,0.0,0.0,8.14873705677986,-0.09566060151703004,0.0760083536287286,3.031388243289159
18.41,-18.0,-8.608695652173912,0.0,0.0,8.159170081639077,-0.09571167531644043,0.0759426703889079,3.0313307361626562
18.42,-18.0,-8.608695652173912,0.0,0.0,8.169603321920647,-0.09575647750220173,0.07588481360858479,3.031279356402729
18.43,-18.0,-8.608695652173912,0.0,0.0,8.180036755034731,-0.095795775035461,0.07583383042499603,3.0312334417629834
18.44,-18.0,-8.608695652173912,0.0,0.0,8.19047036102389,-0.09583024230443216,0.07578888692652752,3.03119240218522
18.45,-18.0,-8.608695652173912,0.0,0.0,8.200904122201825,-0.0958604719704752,0.07574925282056422,3.0311557119632453
18.46,-18.0,-8.608695652173912,0.0,0.0,8.211338022851752,-0.09588698462398826,0.07571428816431658,3.0311229027308517
18.47,-18.0,-8.608695652173912,0.0,0.0,8.221772048973003,-0.0959102373611036,0.07568343186495885,3.031093557195465
18.48,-18.0,-8.608695652173912,0.0,0.0,8.232206188066847,-0.09593063138682245,0.07565619170010929,3.0310673035442735
18.49,-18.0,-8.608695652173912,0.0,0.0,8.242640428954358,-0.09594851874364574,0.07563213564710813,3.0310438104551363
18.5,-18.0,-8.608695652173912,0.0,0.0,8.253074761620619,-0.09596420825754315,0.07561088434092667,3.0310227826501936
18.51,-18.0,-8.608695652173912,0.0,0.0,8.263509177080707,-0.09597797078559123,0.0755921045069643,3.031003956935493
18.52,-18.0,-8.608695652173912,0.0,0.0,8.273943667263785,-0.09599004384219212,0.07557550323720996,3.0309870986752205
18.53,-18.0,-8.608695652173912,0.0,0.0,8.284378224912354,-0.09600063567354011,0.07556082299705091,3.030971998653995
18.54,-18.0,-8.608695652173912,0.0,0.0,8.294812843494283,-0.09600992884316972,0.07554783726590397,3.0309584702853054
18.55,-18.0,-8.608695652173912,0.0,0.0,8.305247517125645,-0.09601808338496576,0.07553634672836829,3.030946347128442
18.56,-18.0,-8.608695652173912,0.0,0.0,8.315682240502802,-0.09602523957408948,0.07552617594407296,3.0309354806800837
18.57,-18.0,-8.608695652173912,0.0,0.0,8.326117008842388,-0.0960315203607982,0.07551717043421124,3.030925738410365
18.58,-18.0,-8.608695652173912,0.0,0.0,8.336551817828125,-0.09603703350717696,0.07550919413111745,3.0309170020163645
18.59,-18.0,-8.608695652173912,0.0,0.0,8.346986663563557,-0.0960418734622861,0.07550212714443894,3.0309091658689353
18.6,-18.0,-8.608695652173912,0.0,0.0,8.357421542529945,-0.09604612300718496,0.07549586380360918,3.03090213563138
18.61,-18.0,-8.608695652173912,0.0,0.0,8.367856451548668,-0.09604985469763894,0.07549031094163983,3.030895827030865
18.62,-18.0,-8.608695652173912,0.0,0.0,8.378291387747597,-0.09605313212908118,0.07548538638981839,3.030890164765532
18.63,-18.0,-8.608695652173912,0.0,0.0,8.388726348530955,-0.09605601104548578,0.07548101765684145,3.030885081532189
18.64,-18.0,-8.608695652173912,0.0,0.0,8.399161331552298,-0.09605854031124661,0.07547714076933576,3.03088051716112
18.65,-18.0,-8.608695652173912,0.0,0.0,8.409596334690209,-0.09606076276284803,0.07547369925367031,3.0308764178460934
18.66,-18.0,-8.608695652173912,0.0,0.0,8.420031356026467,-0.09606271595512461,0.07547064324151709,3.0308727354589142
18.67,-18.0,-8.608695652173912,0.0,0.0,8.430466393826384,-0.09606443281507548,0.07546792868386343,3.030869426939148
18.68,-18.0,-8.608695652173912,0.0,0.0,8.44090144652109,-0.09606594221465214,0.07546551666009194,3.0308664537506154
18.69,-18.0,-8.608695652173912,0.0,0.0,8.451336512691569,-0.09606726947253463,0.07546337277044057,3.0308637813972537
18.7,-18.0,-8.608695652173912,0.0,0.0,8.461771591054251,-0.09606843679367572,0.07546146660161412,3.030861378991745
18.71,-18.0,-8.608695652173912,0.0,0.0,8.47220668044803,-0.09606946365433222,0.07545977125659742,3.0308592188710644
18.72,-18.0,-8.608695652173912,0.0,0.0,8.482641779822515,-0.09607036713933192,0.07545826294083835,3.0308572762537667
18.73,-18.0,-8.608695652173912,0.0,0.0,8.49307688822744,-0.09607116223751189,0.07545692059793074,3.0308555289343766
18.74,-18.0,-8.608695652173912,0.0,0.0,8.503512004803094,-0.09607186210051277,0.07545572558878888,3.030853957010806
18.75,-18.0,-8.608695652173912,0.0,0.0,8.513947128771665,-0.09607247826948484,0.07545466140903945,3.0308525426411683
18.76,-18.0,-8.608695652173912,0.0,0.0,8.524382259429425,-0.09607302087368796,0.07545371344001017,3.0308512698267522
18.77,-18.0,-8.608695652173912,0.0,0.0,8.534817396139658,-0.09607349880448446,0.07545286872925117,3.030850124218279
18.78,-18.0,-8.608695652173912,0.0,0.0,8.545252538326277,-0.0960739198677727,0.07545211579704669,3.030849092942916
18.79,-18.0,-8.608695652173912,0.0,0.0,8.555687685468037,-0.09607429091754893,0.075451444465777,3.0308481644497767
18.8,-18.0,-8.608695652173912,0.0,0.0,8.56612283709331,-0.09607461797293793,0.07545084570939875,3.030847328371873
18.81,-18.0,-8.608695652173912,0.0,0.0,8.576557992775365,-0.09607490632074756,0.07545031152063031,3.03084657540276
18.82,-18.0,-8.608695652173912,0.0,0.0,8.586993152128086,-0.0960751606053436,0.07544983479372758,3.0308458971862704
18.83,-18.0,-8.608695652173912,0.0,0.0,8.597428314802103,-0.09607538490742318,0.07544940922099141,3.0308452862179163
18.84,-18.0,-8.608695652173912,0.0,0.0,8.607863480481303,-0.09607558281306017,0.07544902920136964,3.0308447357567005
18.85,-18.0,-8.608695652173912,0.0,0.0,8.618298648879652,-0.09607575747423125,0.07544868975972097,3.0308442397462385
18.86,-18.0,-8.608695652173912,0.0,0.0,8.62873381973834,-0.09607591166188323,0.07544838647547158,3.0308437927441516
18.87,-18.0,-8.608695652173912,0.0,0.0,8.63916899282319,-0.09607604781245871,0.0754481154195572,3.0308433898588825
18.88,-18.0,-8.608695652173912,0.0,0.0,8.649604167922309,-0.09607616806869812,0.07544787309867007,3.030843026693126
18.89,-18.0,-8.608695652173912,0.0,0.0,8.660039344843968,-0.09607627431542243,0.07544765640595075,3.0308426992931508
18.9,-18.0,-8.608695652173912,0.0,0.0,8.670474523414688,-0.09607636821091847,0.07544746257736623,3.030842404103423
18.91,-18.0,-8.608695652173912,0.0,0.0,8.680909703477498,-0.09607645121447184,0.0754472891531095,3.0308421379259403
18.92,-18.0,-8.608695652173912,0.0,0.0,8.691344884890368,-0.09607652461052485,0.07544713394342561,3.030841897883782
18.93,-18.0,-8.608695652173912,0.0,0.0,8.701780067524785,-0.09607658952987075,0.07544699499835716,3.030841681388442
18.94,-18.0,-8.608695652173912,0.0,0.0,8.712215251264467,-0.0960766469682568,0.07544687058094346,3.030841486110532
18.95,-18.0,-8.608695652173912,0.0,0.0,8.7226504360042,-0.09607669780271255,0.07544675914347487,3.030841309953512
18.96,-18.0,-8.608695652173912,0.0,0.0,8.73308562164878,-0.09607674280588174,0.07544665930644956,3.030841151030116
18.97,-18.0,-8.608695652173912,0.0,0.0,8.74352080811207,-0.09607678265861042,0.07544656983991305,3.0308410076412033
18.98,-18.0,-8.608695652173912,0.0,0.0,8.75395599531613,-0.0960768179609941,0.0754464896469147,3.0308408782567877
18.99,-18.0,-8.608695652173912,0.0,0.0,8.764391183190437,-0.09607684924208759,0.07544641774882921,3.03084076149899
19.0,-18.0,-8.608695652173912,0.0,0.0,8.774826371671182,-0.09607687696842881,0.07544635327232996,3.030840656126749
19.01,-18.0,-8.608695652173912,0.0,0.0,8.78526156070063,-0.09607690155153281,0.07544629543782788,3.0308405610220746
19.02,-18.0,-8.608695652173912,0.0,0.0,8.79569675022654,-0.09607692335447249,0.07544624354920537,3.030840475177717
19.03,-18.0,-8.608695652173912,0.0,0.0,8.806131940201649,-0.09607694269766553,0.07544619698469557,3.0308403976860747
19.04,-18.0,-8.608695652173912,0.0,0.0,8.816567130583186,-0.09607695986395948,0.07544615518878295,3.030840327729239
19.05,-18.0,-8.608695652173912,0.0,0.0,8.827002321332456,-0.09607697510310675,0.07544611766499876,3.0308402645700308
19.06,-18.0,-8.608695652173912,0.0,0.0,8.837437512414448,-0.09607698863569425,0.07544608396952124,3.0308402075439576
19.07,-18.0,-8.608695652173912,0.0,0.0,8.847872703797481,-0.09607700065660385,0.07544605370548185,3.0308401560519824
19.08,-18.0,-8.608695652173912,0.0,0.0,8.858307895452894,-0.09607701133805624,0.07544602651789756,3.0308401095540036
19.09,-18.0,-8.608695652173912,0.0,0.0,8.86874308735475,-0.09607702083228853,0.07544600208916674,3.0308400675630156
19.1,-18.0,-8.608695652173912,0.0,0.0,8.879178279479584,-0.09607702927391237,0.07544598013505188,3.0308400296398297
19.11,-18.0,-8.608695652173912,0.0,0.0,8.889613471806165,-0.09607703678198809,0.07544596040111129,3.0308399953883494
19.12,-18.0,-8.608695652173912,0.0,0.0,8.900048664315282,-0.09607704346185164,0.07544594265951299,3.030839964451299
19.13,-18.0,-8.608695652173912,0.0,0.0,8.910483856989556,-0.09607704940672468,0.0754459267062011,3.0308399365063896
19.14,-18.0,-8.608695652173912,0.0,0.0,8.920919049813259,-0.09607705469913297,0.07544591235836573,3.030839911262869
19.15,-18.0,-8.608695652173912,0.0,0.0,8.931354242772162,-0.09607705941215383,0.07544589945219249,3.030839888458404
19.16,-18.0,-8.608695652173912,0.0,0.0,8.941789435853392,-0.09607706361051904,0.07544588784085082,3.030839867856287
19.17,-18.0,-8.608695652173912,0.0,0.0,8.9522246290453,-0.09607706735158383,0.07544587739270181,3.0308398492429154
19.18,-18.0,-8.608695652173912,0.0,0.0,8.962659822337347,-0.09607707068618421,0.07544586798969821,3.0308398324255137
19.19,-18.0,-8.608695652173912,0.0,0.0,8.973095015719997,-0.09607707365939055,0.0754458595259564,3.0308398172300954
19.2,-18.0,-8.608695652173912,0.0,0.0,8.983530209184622,-0.09607707631117623,0.07544585190648034,3.0308398034996156
19.21,-18.0,-8.608695652173912,0.0,0.0,8.993965402723415,-0.09607707867700177,0.07544584504602492,3.0308397910923115
19.22,-18.0,-8.608695652173912,0.0,0.0,9.004400596329313,-0.09607708078833643,0.0754458388680761,3.030839779880205
19.23,-18.0,-8.608695652173912,0.0,0.0,9.014835789995928,-0.0960770826731161,0.07544583330394194,3.0308397697477543
19.24,-18.0,-8.608695652173912,0.0,0.0,9.025270983717476,-0.09607708435614648,0.07544582829194191,3.030839760590639
19.25,-18.0,-8.608695652173912,0.0,0.0,9.035706177488727,-0.09607708585946173,0.07544582377667641,3.0308397523146637
19.26,-18.0,-8.608695652173912,0.0,0.0,9.046141371304946,-0.09607708720263952,0.07544581970837994,3.030839744834769
19.27,-18.0,-8.608695652173912,0.0,0.0,9.056576565161851,-0.0960770884030826,0.07544581604233702,3.0308397380741403
19.28,-18.0,-8.608695652173912,0.0,0.0,9.06701175905557,-0.09607708947626215,0.07544581273836326,3.030839731963402
19.29,-18.0,-8.608695652173912,0.0,0.0,9.077446952982593,-0.09607709043593737,0.07544580976033943,3.030839726439904
19.3,-18.0,-8.608695652173912,0.0,0.0,9.08788214693975,-0.09607709129435094,0.07544580707579274,3.0308397214470504
19.31,-18.0,-8.608695652173912,0.0,0.0,9.098317340924172,-0.09607709206239701,0.07544580465552408,3.030839716933722
19.32,-18.0,-8.608695652173912,0.0,0.0,9.108752534933263,-0.09607709274977383,0.07544580247327448,3.030839712853745
19.33,-18.0,-8.608695652173912,0.0,0.0,9.119187728964672,-0.09607709336511716,0.07544580050542371,3.030839709165405
19.34,-18.0,-8.608695652173912,0.0,0.0,9.129622923016274,-0.09607709391612085,0.0754457987307201,3.0308397058310135
19.35,-18.0,-8.608695652173912,0.0,0.0,9.140058117086147,-0.09607709440963852,0.07544579713004373,3.0308397028165253
19.36,-18.0,-8.608695652173912,0.0,0.0,9.150493311172548,-0.0960770948517804,0.07544579568618581,3.0308397000911778
19.37,-18.0,-8.608695652173912,0.0,0.0,9.160928505273906,-0.09607709524799413,0.07544579438365706,3.0308396976271723
19.38,-18.0,-8.608695652173912,0.0,0.0,9.171363699388795,-0.0960770956031376,0.07544579320851441,3.0308396953993983
19.39,-18.0,-8.608695652173912,0.0,0.0,9.181798893515927,-0.09607709592154512,0.07544579214820346,3.0308396933851576
19.4,-18.0,-8.608695652173912,0.0,0.0,9.192234087654136,-0.09607709620708471,0.07544579119141859,3.030839691563941
19.41,-18.0,-8.608695652173912,0.0,0.0,9.202669281802365,-0.09607709646320828,0.0754457903279786,3.0308396899172183
19.42,-18.0,-8.608695652173912,0.0,0.0,9.213104475959662,-0.09607709669300046,0.07544578954871084,3.030839688428235
19.43,-18.0,-8.608695652173912,0.0,0.0,9.223539670125163,-0.09607709689921329,0.0754457888453548,3.0308396870818575
19.44,-18.0,-8.608695652173912,0.0,0.0,9.233974864298085,-0.09607709708430767,0.07544578821046555,3.0308396858644024
19.45,-18.0,-8.608695652173912,0.0,0.0,9.244410058477724,-0.09607709725048275,0.07544578763733423,3.0308396847635017
19.46,-18.0,-8.608695652173912,0.0,0.0,9.254845252663438,-0.09607709739970294,0.07544578711991701,3.0308396837679825
19.47,-18.0,-8.608695652173912,0.0,0.0,9.26528044685465,-0.09607709753372684,0.07544578665276358,3.0308396828677373
19.48,-18.0,-8.608695652173912,0.0,0.0,9.275715641050835,-0.09607709765412653,0.07544578623096232,3.0308396820536365
19.49,-18.0,-8.608695652173912,0.0,0.0,9.28615083525152,-0.09607709776230844,0.07544578585008521,3.0308396813174245
19.5,-18.0,-8.608695652173912,0.0,0.0,9.296586029456277,-0.09607709785953134,0.07544578550613934,3.030839680651638
19.51,-18.0,-8.608695652173912,0.0,0.0,9.307021223664718,-0.09607709794692187,0.07544578519552458,3.0308396800495303
19.52,-18.0,-8.608695652173912,0.0,0.0,9.31745641787649,-0.09607709802548925,0.07544578491499343,3.0308396795050045
19.53,-18.0,-8.608695652173912,0.0,0.0,9.327891612091278,-0.09607709809613674,0.07544578466161755,3.030839679012546
19.54,-18.0,-8.608695652173912,0.0,0.0,9.338326806308794,-0.0960770981596748,0.07544578443275518,3.0308396785671685
19.55,-18.0,-8.608695652173912,0.0,0.0,9.34876200052878,-0.09607709821682864,0.07544578422602322,3.030839678164366
19.56,-18.0,-8.608695652173912,0.0,0.0,9.359197194750998,-0.09607709826824795,0.07544578403927249,3.030839677800065
19.57,-18.0,-8.608695652173912,0.0,0.0,9.369632388975235,-0.09607709831451605,0.075445783870562,3.030839677470581
19.58,-18.0,-8.608695652173912,0.0,0.0,9.380067583201301,-0.09607709835615608,0.07544578371814215,3.030839677172582
19.59,-18.0,-8.608695652173912,0.0,0.0,9.39050277742902,-0.09607709839363654,0.07544578358043286,3.0308396769030566
19.6,-18.0,-8.608695652173912,0.0,0.0,9.400937971658237,-0.09607709842737822,0.07544578345600872,3.0308396766592796
19.61,-18.0,-8.608695652173912,0.0,0.0,9.411373165888808,-0.09607709845775858,0.07544578334358287,3.030839676438792
19.62,-18.0,-8.608695652173912,0.0,0.0,9.421808360120604,-0.0960770984851167,0.07544578324199347,3.0308396762393643
19.63,-18.0,-8.608695652173912,0.0,0.0,9.432243554353507,-0.09607709850975654,0.07544578315019301,3.030839676058986
19.64,-18.0,-8.608695652173912,0.0,0.0,9.442678748587413,-0.09607709853195101,0.07544578306723437,3.0308396758958316
19.65,-18.0,-8.608695652173912,0.0,0.0,9.453113942822228,-0.09607709855194613,0.07544578299226279,3.0308396757482576
19.66,-18.0,-8.608695652173912,0.0,0.0,9.463549137057862,-0.09607709856996172,0.07544578292450699,3.030839675614775
19.67,-18.0,-8.608695652173912,0.0,0.0,9.47398433129424,-0.09607709858619606,0.07544578286326997,3.030839675494037
19.68,-18.0,-8.608695652173912,0.0,0.0,9.484419525531289,-0.09607709860082725,0.0754457828079228,3.0308396753848257
19.69,-18.0,-8.608695652173912,0.0,0.0,9.494854719768945,-0.09607709861401492,0.07544578275789704,3.03083967528604
19.7,-18.0,-8.608695652173912,0.0,0.0,9.505289914007152,-0.09607709862590275,0.07544578271267965,3.0308396751966824
19.71,-18.0,-8.608695652173912,0.0,0.0,9.515725108245856,-0.09607709863662062,0.07544578267180713,3.030839675115855
19.72,-18.0,-8.608695652173912,0.0,0.0,9.52616030248501,-0.09607709864628422,0.0754457826348609,3.030839675042742
19.73,-18.0,-8.608695652173912,0.0,0.0,9.536595496724573,-0.09607709865499836,0.07544578260146251,3.0308396749766047
19.74,-18.0,-8.608695652173912,0.0,0.0,9.547030690964503,-0.09607709866285719,0.07544578257127077,3.03083967491678
19.75,-18.0,-8.608695652173912,0.0,0.0,9.557465885204767,-0.09607709866994507,0.07544578254397694,3.0308396748626634
19.76,-18.0,-8.608695652173912,0.0,0.0,9.567901079445333,-0.09607709867633862,0.07544578251930201,3.03083967481371
19.77,-18.0,-8.608695652173912,0.0,0.0,9.57833627368617,-0.09607709868210623,0.0754457824969944,3.0308396747694286
19.78,-18.0,-8.608695652173912,0.0,0.0,9.588771467927256,-0.09607709868731007,0.07544578247682598,3.030839674729371
19.79,-18.0,-8.608695652173912,0.0,0.0,9.599206662168564,-0.09607709869200587,0.07544578245859113,3.030839674693134
19.8,-18.0,-8.608695652173912,0.0,0.0,9.609641856410075,-0.09607709869624248,0.07544578244210476,3.030839674660354
19.81,-18.0,-8.608695652173912,0.0,0.0,9.62007705065177,-0.09607709870006587,0.07544578242719835,3.0308396746307014
19.82,-18.0,-8.608695652173912,0.0,0.0,9.630512244893628,-0.09607709870351622,0.07544578241372057,3.030839674603877
19.83,-18.0,-8.608695652173912,0.0,0.0,9.640947439135637,-0.09607709870663106,0.07544578240153377,3.0308396745796116
19.84,-18.0,-8.608695652173912,0.0,0.0,9.651382633377782,-0.09607709870944237,0.07544578239051436,3.030839674557659
19.85,-18.0,-8.608695652173912,0.0,0.0,9.66181782762005,-0.09607709871198011,0.07544578238055011,3.030839674537801
19.86,-18.0,-8.608695652173912,0.0,0.0,9.672253021862428,-0.09607709871427161,0.07544578237153987,3.030839674519837
19.87,-18.0,-8.608695652173912,0.0,0.0,9.682688216104905,-0.09607709871634018,0.07544578236339228,3.030839674503587
19.88,-18.0,-8.608695652173912,0.0,0.0,9.693123410347475,-0.09607709871820802,0.0754457823560244,3.0308396744888837
19.89,-18.0,-8.608695652173912,0.0,0.0,9.703558604590127,-0.09607709871989467,0.07544578234936172,3.0308396744755846
19.9,-18.0,-8.608695652173912,0.0,0.0,9.713993798832853,-0.0960770987214179,0.07544578234333643,3.030839674463553
19.91,-18.0,-8.608695652173912,0.0,0.0,9.724428993075644,-0.09607709872279346,0.07544578233788757,3.03083967445267
19.92,-18.0,-8.608695652173912,0.0,0.0,9.734864187318498,-0.0960770987240358,0.07544578233296018,3.0308396744428223
19.93,-18.0,-8.608695652173912,0.0,0.0,9.745299381561408,-0.0960770987251578,0.07544578232850396,3.0308396744339143
19.94,-18.0,-8.608695652173912,0.0,0.0,9.755734575804366,-0.09607709872617143,0.07544578232447363,3.030839674425856
19.95,-18.0,-8.608695652173912,0.0,0.0,9.76616977004737,-0.0960770987270867,0.07544578232082899,3.030839674418566
19.96,-18.0,-8.608695652173912,0.0,0.0,9.776604964290414,-0.09607709872791359,0.07544578231753252,3.030839674411971
19.97,-18.0,-8.608695652173912,0.0,0.0,9.787040158533495,-0.09607709872866055,0.07544578231455135,3.0308396744060038
19.98,-18.0,-8.608695652173912,0.0,0.0,9.79747535277661,-0.09607709872933601,0.07544578231185439,3.0308396744006054
19.99,-18.0,-8.608695652173912,0.0,0.0,9.807910547019754,-0.0960770987299453,0.07544578230941634,3.030839674395724
20.0,-18.0,-8.608695652173912,0.0,0.0,9.818345741262926,-0.09607709873049641,0.07544578230721055,3.0308396743913053
20.01,-18.0,-8.608695652173912,0.0,0.0,9.828780935506122,-0.09607709873099446,0.07544578230521548,3.0308396743873085
20.02,-18.0,-8.608695652173912,0.0,0.0,9.83921612974934,-0.0960770987314441,0.07544578230341137,3.0308396743836936
20.03,-18.0,-8.608695652173912,0.0,0.0,9.84965132399258,-0.09607709873185066,0.07544578230177956,3.0308396743804216
20.04,-18.0,-8.608695652173912,0.0,0.0,9.860086518235837,-0.09607709873221792,0.07544578230030341,3.0308396743774626
20.05,-18.0,-8.608695652173912,0.0,0.0,9.87052171247911,-0.09607709873254988,0.07544578229896826,3.030839674374786
20.06,-18.0,-8.608695652173912,0.0,0.0,9.8809569067224,-0.09607709873285009,0.07544578229776078,3.0308396743723627
20.07,-18.0,-8.608695652173912,0.0,0.0,9.891392100965701,-0.09607709873312142,0.07544578229666832,3.030839674370173
20.08,-18.0,-8.608695652173912,0.0,0.0,9.901827295209015,-0.09607709873336656,0.07544578229568022,3.03083967436819
20.09,-18.0,-8.608695652173912,0.0,0.0,9.912262489452342,-0.09607709873358816,0.0754457822947866,3.0308396743663955
20.1,-18.0,-8.608695652173912,0.0,0.0,9.922697683695677,-0.09607709873378778,0.07544578229397869,3.030839674364774
20.11,-18.0,-8.608695652173912,0.0,0.0,9.933132877939022,-0.09607709873396897,0.07544578229324728,3.030839674363306
20.12,-18.0,-8.608695652173912,0.0,0.0,9.943568072182375,-0.09607709873413262,0.07544578229258614,3.0308396743619777
20.13,-18.0,-8.608695652173912,0.0,0.0,9.954003266425735,-0.09607709873428028,0.07544578229198784,3.0308396743607764
20.14,-18.0,-8.608695652173912,0.0,0.0,9.964438460669102,-0.09607709873441417,0.0754457822914466,3.030839674359689
20.15,-18.0,-8.608695652173912,0.0,0.0,9.974873654912475,-0.09607709873453474,0.07544578229095711,3.030839674358706
20.16,-18.0,-8.608695652173912,0.0,0.0,9.985308849155853,-0.0960770987346442,0.07544578229051413,3.0308396743578165
20.17,-18.0,-8.608695652173912,0.0,0.0,9.995744043399236,-0.0960770987347428,0.07544578229011367,3.0308396743570114
20.18,-18.0,-8.608695652173912,0.0,0.0,10.006179237642625,-0.0960770987348325,0.07544578228975118,3.0308396743562827
20.19,-18.0,-8.608695652173912,0.0,0.0,10.016614431886017,-0.09607709873491288,0.07544578228942345,3.030839674355624
20.2,-18.0,-8.608695652173912,0.0,0.0,10.027049626129413,-0.09607709873498593,0.07544578228912702,3.030839674355028
20.21,-18.0,-8.608695652173912,0.0,0.0,10.037484820372812,-0.0960770987350521,0.07544578228885879,3.0308396743544885
20.22,-18.0,-8.608695652173912,0.0,0.0,10.047920014616215,-0.09607709873511161,0.07544578228861631,3.030839674354
20.23,-18.0,-8.608695652173912,0.0,0.0,10.05835520885962,-0.09607709873516534,0.07544578228839693,3.0308396743535595
20.24,-18.0,-8.608695652173912,0.0,0.0,10.068790403103028,-0.09607709873521442,0.0754457822881982,3.0308396743531594
20.25,-18.0,-8.608695652173912,0.0,0.0,10.079225597346438,-0.09607709873525838,0.07544578228801879,3.0308396743527983
20.26,-18.0,-8.608695652173912,0.0,0.0,10.08966079158985,-0.09607709873529835,0.07544578228785626,3.030839674352472
20.27,-18.0,-8.608695652173912,0.0,0.0,10.100095985833264,-0.09607709873533432,0.07544578228770926,3.030839674352176
20.28,-18.0,-8.608695652173912,0.0,0.0,10.110531180076679,-0.09607709873536718,0.07544578228757604,3.0308396743519084
20.29,-18.0,-8.608695652173912,0.0,0.0,10.120966374320096,-0.0960770987353965,0.0754457822874558,3.0308396743516663
20.3,-18.0,-8.608695652173912,0.0,0.0,10.131401568563515,-0.09607709873542314,0.075445782287347,3.030839674351447
20.31,-18.0,-8.608695652173912,0.0,0.0,10.141836762806934,-0.09607709873544712,0.07544578228724874,3.03083967435125
20.32,-18.0,-8.608695652173912,0.0,0.0,10.152271957050354,-0.0960770987354691,0.0754457822871597,3.03083967435107
20.33,-18.0,-8.608695652173912,0.0,0.0,10.162707151293775,-0.09607709873548886,0.0754457822870791,3.0308396743509087
20.34,-18.0,-8.608695652173912,0.0,0.0,10.173142345537197,-0.09607709873550685,0.07544578228700605,3.0308396743507613
20.35,-18.0,-8.608695652173912,0.0,0.0,10.18357753978062,-0.09607709873552261,0.07544578228694054,3.0308396743506294
20.36,-18.0,-8.608695652173912,0.0,0.0,10.194012734024044,-0.09607709873553749,0.07544578228688037,3.030839674350508
20.37,-18.0,-8.608695652173912,0.0,0.0,10.204447928267468,-0.09607709873555059,0.07544578228682652,3.0308396743504002
20.38,-18.0,-8.608695652173912,0.0,0.0,10.214883122510894,-0.09607709873556258,0.07544578228677756,3.0308396743503008
20.39,-18.0,-8.608695652173912,0.0,0.0,10.22531831675432,-0.09607709873557346,0.07544578228673338,3.0308396743502124
20.4,-18.0,-8.608695652173912,0.0,0.0,10.235753510997746,-0.09607709873558323,0.07544578228669341,3.0308396743501325
20.41,-18.0,-8.608695652173912,0.0,0.0,10.246188705241172,-0.09607709873559189,0.07544578228665766,3.03083967435006
20.42,-18.0,-8.608695652173912,0.0,0.0,10.2566238994846,-0.09607709873560033,0.07544578228662469,3.030839674349993
20.43,-18.0,-8.608695652173912,0.0,0.0,10.267059093728028,-0.09607709873560744,0.07544578228659504,3.0308396743499335
20.44,-18.0,-8.608695652173912,0.0,0.0,10.277494287971455,-0.09607709873561365,0.0754457822865684,3.0308396743498798
20.45,-18.0,-8.608695652173912,0.0,0.0,10.287929482214883,-0.09607709873561965,0.0754457822865442,3.0308396743498314
20.46,-18.0,-8.608695652173912,0.0,0.0,10.298364676458311,-0.09607709873562498,0.07544578228652243,3.0308396743497874
20.47,-18.0,-8.608695652173912,0.0,0.0,10.30879987070174,-0.09607709873563008,0.07544578228650223,3.030839674349746
20.48,-18.0,-8.608695652173912,0.0,0.0,10.31923506494517,-0.0960770987356343,0.07544578228648469,3.03083967434971
20.49,-18.0,-8.608695652173912,0.0,0.0,10.3296702591886,-0.09607709873563852,0.07544578228646803,3.0308396743496777
20.5,-18.0,-8.608695652173912,0.0,0.0,10.34010545343203,-0.09607709873564185,0.0754457822864536,3.0308396743496484
20.51,-18.0,-8.608695652173912,0.0,0.0,10.350540647675459,-0.09607709873564518,0.07544578228644017,3.0308396743496218
20.52,-18.0,-8.608695652173912,0.0,0.0,10.360975841918888,-0.09607709873564807,0.07544578228642829,3.030839674349598
20.53,-18.0,-8.608695652173912,0.0,0.0,10.371411036162318,-0.09607709873565051,0.07544578228641752,3.030839674349576
20.54,-18.0,-8.608695652173912,0.0,0.0,10.381846230405747,-0.09607709873565318,0.07544578228640764,3.0308396743495565
20.55,-18.0,-8.608695652173912,0.0,0.0,10.392281424649177,-0.0960770987356554,0.07544578228639864,3.0308396743495387
20.56,-18.0,-8.608695652173912,0.0,0.0,10.402716618892606,-0.09607709873565717,0.07544578228639076,3.0308396743495223
20.57,-18.0,-8.608695652173912,0.0,0.0,10.413151813136036,-0.0960770987356594,0.0754457822863831,3.0308396743495076
20.58,-18.0,-8.608695652173912,0.0,0.0,10.423587007379465,-0.09607709873566073,0.07544578228637655,3.0308396743494948
20.59,-18.0,-8.608695652173912,0.0,0.0,10.434022201622895,-0.0960770987356625,0.07544578228637033,3.0308396743494828
20.6,-18.0,-8.608695652173912,0.0,0.0,10.444457395866326,-0.09607709873566384,0.075445782286365,3.03083967434947
20.61,-18.0,-8.608695652173912,0.0,0.0,10.454892590109758,-0.09607709873566517,0.07544578228636012,3.0308396743494606
20.62,-18.0,-8.608695652173912,0.0,0.0,10.465327784353189,-0.09607709873566606,0.07544578228635568,3.0308396743494512
20.63,-18.0,-8.608695652173912,0.0,0.0,10.47576297859662,-0.09607709873566717,0.07544578228635146,3.0308396743494437
20.64,-18.0,-8.608695652173912,0.0,0.0,10.486198172840052,-0.09607709873566828,0.07544578228634768,3.030839674349436
20.65,-18.0,-8.608695652173912,0.0,0.0,10.496633367083483,-0.09607709873566939,0.07544578228634435,3.03083967434943
20.66,-18.0,-8.608695652173912,0.0,0.0,10.507068561326914,-0.09607709873567005,0.07544578228634136,3.0308396743494237
20.67,-18.0,-8.608695652173912,0.0,0.0,10.517503755570345,-0.0960770987356705,0.0754457822863388,3.0308396743494184
20.68,-18.0,-8.608695652173912,0.0,0.0,10.527938949813777,-0.09607709873567094,0.07544578228633658,3.0308396743494135
20.69,-18.0,-8.608695652173912,0.0,0.0,10.538374144057208,-0.09607709873567183,0.07544578228633425,3.0308396743494095
20.7,-18.0,-8.608695652173912,0.0,0.0,10.54880933830064,-0.09607709873567205,0.07544578228633236,3.030839674349405
20.71,-18.0,-8.608695652173912,0.0,0.0,10.55924453254407,-0.0960770987356725,0.07544578228633059,3.0308396743494015
20.72,-18.0,-8.608695652173912,0.0,0.0,10.569679726787502,-0.0960770987356725,0.07544578228632925,3.0308396743493984
20.73,-18.0,-8.608695652173912,0.0,0.0,10.580114921030933,-0.09607709873567316,0.0754457822863277,3.0308396743493957
20.74,-18.0,-8.608695652173912,0.0,0.0,10.590550115274365,-0.0960770987356736,0.07544578228632626,3.030839674349393
20.75,-18.0,-8.608695652173912,0.0,0.0,10.600985309517796,-0.0960770987356736,0.07544578228632504,3.0308396743493904
20.76,-18.0,-8.608695652173912,0.0,0.0,10.611420503761227,-0.09607709873567405,0.07544578228632404,3.030839674349388
20.77,-18.0,-8.608695652173912,0.0,0.0,10.621855698004659,-0.09607709873567427,0.07544578228632304,3.0308396743493864
20.78,-18.0,-8.608695652173912,0.0,0.0,10.63229089224809,-0.09607709873567427,0.07544578228632215,3.0308396743493846
20.79,-18.0,-8.608695652173912,0.0,0.0,10.642726086491521,-0.0960770987356745,0.07544578228632148,3.030839674349383
20.8,-18.0,-8.608695652173912,0.0,0.0,10.653161280734952,-0.0960770987356745,0.07544578228632104,3.0308396743493815
20.81,-18.0,-8.608695652173912,0.0,0.0,10.663596474978384,-0.09607709873567494,0.07544578228632004,3.03083967434938
20.82,-18.0,-8.608695652173912,0.0,0.0,10.674031669221815,-0.0960770987356745,0.07544578228632015,3.030839674349379
20.83,-18.0,-8.608695652173912,0.0,0.0,10.684466863465246,-0.0960770987356745,0.07544578228631971,3.030839674349378
20.84,-18.0,-8.608695652173912,0.0,0.0,10.694902057708678,-0.09607709873567472,0.07544578228631904,3.0308396743493766
20.85,-18.0,-8.608695652173912,0.0,0.0,10.705337251952109,-0.09607709873567472,0.0754457822863186,3.0308396743493757
20.86,-18.0,-8.608695652173912,0.0,0.0,10.71577244619554,-0.09607709873567472,0.0754457822863186,3.0308396743493753
20.87,-18.0,-8.608695652173912,0.0,0.0,10.726207640438972,-0.09607709873567472,0.07544578228631815,3.0308396743493744
20.88,-18.0,-8.608695652173912,0.0,0.0,10.736642834682403,-0.09607709873567494,0.0754457822863176,3.030839674349374
20.89,-18.0,-8.608695652173912,0.0,0.0,10.747078028925834,-0.09607709873567516,0.07544578228631726,3.030839674349373
20.9,-18.0,-8.608695652173912,0.0,0.0,10.757513223169266,-0.09607709873567494,0.07544578228631704,3.0308396743493726
20.91,-18.0,-8.608695652173912,0.0,0.0,10.767948417412697,-0.09607709873567516,0.07544578228631682,3.030839674349372
20.92,-18.0,-8.608695652173912,0.0,0.0,10.778383611656128,-0.09607709873567538,0.07544578228631627,3.0308396743493717
20.93,-18.0,-8.608695652173912,0.0,0.0,10.78881880589956,-0.09607709873567516,0.07544578228631638,3.0308396743493713
20.94,-18.0,-8.608695652173912,0.0,0.0,10.79925400014299,-0.09607709873567516,0.07544578228631638,3.030839674349371
20.95,-18.0,-8.608695652173912,0.0,0.0,10.809689194386422,-0.09607709873567538,0.07544578228631615,3.030839674349371
20.96,-18.0,-8.608695652173912,0.0,0.0,10.820124388629853,-0.09607709873567538,0.07544578228631582,3.0308396743493704
20.97,-18.0,-8.608695652173912,0.0,0.0,10.830559582873285,-0.09607709873567538,0.07544578228631571,3.03083967434937
20.98,-18.0,-8.608695652173912,0.0,0.0,10.840994777116716,-0.0960770987356756,0.07544578228631549,3.03083967434937
20.99,-18.0,-8.608695652173912,0.0,0.0,10.851429971360147,-0.09607709873567538,0.07544578228631538,3.0308396743493695
21.0,-18.0,-8.608695652173912,0.0,0.0,10.861865165603579,-0.09607709873567583,0.07544578228631516,3.0308396743493695
21.01,-18.0,-7.0434782608695645,0.0,0.0,10.872618487650401,-0.09212923039784648,0.19409771443423873,3.029401366323733
21.02,-18.0,-7.0434782608695645,0.0,0.0,10.883631039406117,-0.08987208261529434,0.1806455418578874,3.027664297612453
21.03,-18.0,-7.0434782608695645,0.0,0.0,10.894855332785973,-0.088859285491375,0.16882679655887856,3.0257412241066284
21.04,-18.0,-7.0434782608695645,0.0,0.0,10.906253055386937,-0.0887427160392793,0.15843355521188252,3.0237177553953143
21.05,-18.0,-7.0434782608695645,0.0,0.0,10.917793204607607,-0.08925662722751171,0.1492885908694901,3.021658031778744
21.06,-18.0,-7.0434782608695645,0.0,0.0,10.92945058704594,-0.0902011929605786,0.14123969214604526,3.0196094427372704
21.07,-18.0,-7.0434782608695645,0.0,0.0,10.941204637083382,-0.0914277875609324,0.13415504103967224,3.01760639904664
21.08,-18.0,-7.0434782608695645,0.0,0.0,10.953038495774683,-0.09282681525400305,0.12791960892278653,3.0156732910175963
21.09,-18.0,-7.0434782608695645,0.0,0.0,10.964938293574342,-0.0943181099217476,0.12243240428849123,3.01382678924959
21.1,-18.0,-7.0434782608695645,0.0,0.0,10.976892589119446,-0.09584357285463607,0.11760437798165613,3.0120776309640718
21.11,-18.0,-7.0434782608695645,0.0,0.0,10.988891926343122,-0.09736161536390076,0.11335680975086726,3.0104320099219084
21.12,-18.0,-7.0434782608695645,0.0,0.0,11.000928481313526,-0.09884299472731817,0.10962003493571193,3.0088926621930807
21.13,-18.0,-7.0434782608695645,0.0,0.0,11.012995777591701,-0.10026769965035531,0.10633240676173861,3.007459717915438
21.14,-18.0,-7.0434782608695645,0.0,0.0,11.025088454539013,-0.10162261652015347,0.10343942134235662,3.006131371705971
21.15,-18.0,-7.0434782608695645,0.0,0.0,11.037202077142187,-0.10289977405126582,0.10089295706599888,3.0049044112265126
21.16,-18.0,-7.0434782608695645,0.0,0.0,11.049332978893908,-0.10409501689144696,0.09865059782383734,3.0037746337399653
21.17,-18.0,-7.0434782608695645,0.0,0.0,11.061478131375052,-0.10520699887114526,0.09667502164105302,3.0027371734689607
21.18,-18.0,-7.0434782608695645,0.0,0.0,11.073635035677885,-0.1062364160760021,0.09493344404187487,3.0017867574600943
21.19,-18.0,-7.0434782608695645,0.0,0.0,11.085801631873853,-0.10718542126932107,0.09339711012456842,3.0009179039042704
21.2,-18.0,-7.0434782608695645,0.0,0.0,11.097976223499003,-0.10805717653718627,0.0920408318482211,3.000125074060719
21.21,-18.0,-7.0434782608695645,0.0,0.0,11.11015741459817,-0.1088555120552761,0.09084256820473313,2.999402786794261
21.22,-18.0,-7.0434782608695645,0.0,0.0,11.122344057299726,-0.10958466683378942,0.08978304632153455,2.998745703067725
21.23,-18.0,-7.0434782608695645,0.0,0.0,11.134535208228606,-0.11024909308574138,0.08884542149372465,2.9981486864030673
21.24,-18.0,-7.0434782608695645,0.0,0.0,11.146730092334623,-0.11085331012060196,0.08801497392429258,2.9976068442476755
21.25,-18.0,-7.0434782608695645,0.0,0.0,11.158928072934131,-0.11140179683463569,0.0872788397047235,2.9971155542974697
21.26,-18.0,-7.0434782608695645,0.0,0.0,11.171128626947915,-0.11189891426065524,0.08662577337361432,2.9966704790947283
21.27,-18.0,-7.0434782608695645,0.0,0.0,11.18333132447466,-0.11234885146797469,0.08604593928084747,2.99626757160755
21.28,-18.0,-7.0434782608695645,0.0,0.0,11.195535811972794,-0.11275558951800568,0.08553072896460456,2.995903073987953
21.29,-18.0,-7.0434782608695645,0.0,0.0,11.207741798437711,-0.11312287928727116,0.0850726018083302,2.9955735112807402
21.3,-18.0,-7.0434782608695645,0.0,0.0,11.219949044059149,-0.11345422984246678,0.08466494636791855,2.995275681501957
21.31,-18.0,-7.0434782608695645,0.0,0.0,11.232157350927078,-0.11375290474541089,0.08430195992763267,2.9950066432134466
21.32,-18.0,-7.0434782608695645,0.0,0.0,11.244366555425614,-0.11402192421883894,0.08397854403945326,2.9947637014791653
21.33,-18.0,-7.0434782608695645,0.0,0.0,11.256576522014932,-0.11426407154663454,0.08369021401026355,2.9945443928916773
21.34,-18.0,-7.0434782608695645,0.0,0.0,11.26878713815222,-0.11448190243662837,0.08343302051329227,2.994346470196795
21.35,-18.0,-7.0434782608695645,0.0,0.0,11.280998310145705,-0.11467775635811583,0.0832034817062155,2.994167886914555
21.36,-18.0,-7.0434782608695645,0.0,0.0,11.293209959771835,-0.1148537690933682,0.0829985244327458,2.9940067822505863
21.37,-18.0,-7.0434782608695645,0.0,0.0,11.305422021515762,-0.11501188592356648,0.08281543326401786,2.99386146650908
21.38,-18.0,-7.0434782608695645,0.0,0.0,11.317634440320335,-0.11515387501363539,0.08265180629879776,2.9937304071530577
21.39,-18.0,-7.0434782608695645,0.0,0.0,11.32984716974951,-0.11528134067440243,0.08250551678712692,2.9936122156065403
21.4,-18.0,-7.0434782608695645,0.0,0.0,11.342060170489257,-0.11539573627020205,0.08237467977072543,2.993505634853658
21.41,-18.0,-7.0434782608695645,0.0,0.0,11.354273409123136,-0.11549837661019646,0.08225762304629547,2.993409527859576
21.42,-18.0,-7.0434782608695645,0.0,0.0,11.366486857131346,-0.11559044971607513,0.08215286185601145,2.993322866815468
21.43,-18.0,-7.0434782608695645,0.0,0.0,11.37870049007152,-0.11567302790064615,0.08205907679438074,2.9932447231931407
21.44,-18.0,-7.0434782608695645,0.0,0.0,11.390914286907366,-0.11574707812358342,0.08197509449374363,2.9931742585830046
21.45,-18.0,-7.0434782608695645,0.0,0.0,11.40312822945756,-0.1158134716144339,0.08189987071337046,2.993110716280868
21.46,-18.0,-7.0434782608695645,0.0,0.0,11.415342301942514,-0.11587299277048024,0.0818324755107609,2.9930534135837594
21.47,-18.0,-7.0434782608695645,0.0,0.0,11.427556490610838,-0.1159263473496297,0.08177208021953675,2.9930017347519007
21.48,-18.0,-7.0434782608695645,0.0,0.0,11.439770783430722,-0.11597416998722476,0.0817179459973768,2.992955124592517
21.49,-18.0,-7.0434782608695645,0.0,0.0,11.45198516983431,-0.11601703107139727,0.08166941374071857,2.9929130826210493
21.5,-18.0,-7.0434782608695645,0.0,0.0,11.46419964050532,-0.11605544301505422,0.08162589519130159,2.9928751577561226
21.51,-18.0,-7.0434782608695645,0.0,0.0,11.476414187202044,-0.1160898659643057,0.08158686508378843,2.9928409435060095
21.52,-18.0,-7.0434782608695645,0.0,0.0,11.488628802609332,-0.11612071298359394,0.08155185420430278,2.9928100736062437
21.53,-18.0,-7.0434782608695645,0.0,0.0,11.500843480214366,-0.11614835475727814,0.08152044324730334,2.9927822180701784
21.54,-18.0,-7.0434782608695645,0.0,0.0,11.51305821420199,-0.11617312384625711,0.08149225737324561,2.9927570796166267
21.55,-18.0,-7.0434782608695645,0.0,0.0,11.525272999366193,-0.11619531853657694,0.08146696138233867,2.9927343904411012
21.56,-18.0,-7.0434782608695645,0.0,0.0,11.537487831034902,-0.11621520631503213,0.08144425543073741,2.9927139092996247
21.57,-18.0,-7.0434782608695645,0.0,0.0,11.549702705005858,-0.11623302700465743,0.08142387122496975,2.9926954188763895
21.58,-18.0,-7.0434782608695645,0.0,0.0,11.56191761749167,-0.1162489955908006,0.08140556863855786,2.9926787234088796
21.59,-18.0,-7.0434782608695645,0.0,0.0,11.574132565072553,-0.11626330476625157,0.08138913270181147,2.992663646546207
21.6,-18.0,-7.0434782608695645,0.0,0.0,11.58634754465549,-0.11627612722172209,0.08137437092184097,2.9926500294185243
21.61,-18.0,-7.0434782608695645,0.0,0.0,11.598562553438802,-0.11628761770585339,0.08136111089509834,2.9926377288972534
21.62,-18.0,-7.0434782608695645,0.0,0.0,11.610777588881266,-0.11629791487690322,0.08134919817931241,2.992626616027734
21.63,-18.0,-7.0434782608695645,0.0,0.0,11.62299264867512,-0.11630714296636424,0.08133849439564722,2.992616574617515
21.64,-18.0,-7.0434782608695645,0.0,0.0,11.635207730722335,-0.11631541327295247,0.08132887553537116,2.992607499965104
21.65,-18.0,-7.0434782608695645,0.0,0.0,11.647422833113714,-0.11632282550375228,0.08132023044832892,2.992599297715363
21.66,-18.0,-7.0434782608695645,0.0,0.0,11.65963795411039,-0.11632946897773233,0.08131245949316579,2.992591882829097
21.67,-18.0,-7.0434782608695645,0.0,0.0,11.67185309212743,-0.11633542370544458,0.08130547333152904,2.992585178655503
21.68,-18.0,-7.0434782608695645,0.0,0.0,11.684068245719207,-0.1163407613573697,0.08129919185054024,2.9925791160973163
21.69,-18.0,-7.0434782608695645,0.0,0.0,11.696283413566364,-0.11634554613220272,0.08129354319957649,2.992573632859408
21.7,-18.0,-7.0434782608695645,0.0,0.0,11.708498594464142,-0.11634983553525102,0.08128846292898739,2.99256867277251
21.71,-18.0,-7.0434782608695645,0.0,0.0,11.720713787311894,-0.11635368107612187,0.08128389321975882,2.9925641851846017
21.72,-18.0,-7.0434782608695645,0.0,0.0,11.732928991103664,-0.11635712889397354,0.08127978219434229,2.9925601244131514
21.73,-18.0,-7.0434782608695645,0.0,0.0,11.7451442049197,-0.11636022031777316,0.08127608329995328,2.992556449252144
21.74,-18.0,-7.0434782608695645,0.0,0.0,11.757359427918788,-0.11636299236824876,0.08127275475660767,2.9925531225283946
21.75,-18.0,-7.0434782608695645,0.0,0.0,11.769574659331312,-0.11636547820756693,0.08126975906299516,2.992550110702218
21.76,-18.0,-7.0434782608695645,0.0,0.0,11.781789898452985,-0.11636770754213543,0.08126706255404581,2.9925473835079806
21.77,-18.0,-7.0434782608695645,0.0,0.0,11.794005144639147,-0.11636970698339688,0.08126463500471115,2.9925449136305557
21.78,-18.0,-7.0434782608695645,0.0,0.0,11.806220397299601,-0.11637150037096577,0.08126244927507731,2.9925426764140566
21.79,-18.0,-7.0434782608695645,0.0,0.0,11.818435655893909,-0.11637310906203258,0.0812604809924421,2.992540649599622
21.8,-18.0,-7.0434782608695645,0.0,0.0,11.83065091992712,-0.11637455219053594,0.08125870826646708,2.9925388130893302
21.81,-18.0,-7.0434782608695645,0.0,0.0,11.842866188945871,-0.11637584689925795,0.08125711143392578,2.9925371487336188
21.82,-18.0,-7.0434782608695645,0.0,0.0,11.855081462534848,-0.11637700854766742,0.08125567282993917,2.9925356401398466
21.83,-18.0,-7.0434782608695645,0.0,0.0,11.867296740313538,-0.11637805089803432,0.08125437658292634,2.9925342724998973
21.84,-18.0,-7.0434782608695645,0.0,0.0,11.879512021933285,-0.11637898628209231,0.0812532084307862,2.9925330324348813
21.85,-18.0,-7.0434782608695645,0.0,0.0,11.891727307074593,-0.11637982575027706,0.08125215555608811,2.992531907855254
21.86,-18.0,-7.0434782608695645,0.0,0.0,11.903942595444658,-0.11638057920536204,0.08125120643829531,2.992530887834793
21.87,-18.0,-7.0434782608695645,0.0,0.0,11.916157886775123,-0.11638125552212508,0.08125035072123721,2.992529962497046
21.88,-18.0,-7.0434782608695645,0.0,0.0,11.92837318082002,-0.11638186265450345,0.08124957909424846,2.9925291229129987
21.89,-18.0,-7.0434782608695645,0.0,0.0,11.94058847735389,-0.11638240773155051,0.08124888318555068,2.9925283610088647
21.9,-18.0,-7.0434782608695645,0.0,0.0,11.952803776170054,-0.11638289714336403,0.08124825546660475,2.99252766948295
21.91,-18.0,-7.0434782608695645,0.0,0.0,11.96501907707905,-0.11638333661803357,0.08124768916629721,2.992527041730719
21.92,-18.0,-7.0434782608695645,0.0,0.0,11.977234379907188,-0.11638373129055002,0.08124717819394034,2.992526471777229
21.93,-18.0,-7.0434782608695645,0.0,0.0,11.989449684495222,-0.11638408576451686,0.08124671707017117,2.992525954216208
21.94,-18.0,-7.0434782608695645,0.0,0.0,12.001664990697156,-0.11638440416741869,0.08124630086493412,2.9925254841550952
21.95,-18.0,-7.0434782608695645,0.0,0.0,12.01388029837913,-0.11638469020011666,0.08124592514181539,2.9925250571654884
21.96,-18.0,-7.0434782608695645,0.0,0.0,12.026095607418409,-0.11638494718118175,0.08124558590807185,2.992524669238423
21.97,-18.0,-7.0434782608695645,0.0,0.0,12.038310917702455,-0.11638517808660054,0.08124527956976602,2.9925243167440323
21.98,-18.0,-7.0434782608695645,0.0,0.0,12.050526229128078,-0.11638538558533762,0.08124500289148595,2.9925239963951413
21.99,-18.0,-7.0434782608695645,0.0,0.0,12.062741541600655,-0.11638557207119526,0.08124475296016787,2.9925237052144005
22.0,-18.0,-7.0434782608695645,0.0,0.0,12.07495685503342,-0.11638573969134747,0.08124452715261143,2.9925234405046317
22.01,-18.0,-7.0434782608695645,0.0,0.0,12.08717216934681,-0.11638589037190328,0.08124432310629848,2.9925231998220454
22.02,-18.0,-7.0434782608695645,0.0,0.0,12.099387484467858,-0.11638602584080737,0.08124413869318126,2.9925229809520606
22.03,-18.0,-7.0434782608695645,0.0,0.0,12.111602800329658,-0.11638614764835764,0.08124397199613265,2.9925227818874616
22.04,-18.0,-7.0434782608695645,0.0,0.0,12.123818116870849,-0.1163862571855856,0.08124382128778795,2.99252260080868
22.05,-18.0,-7.0434782608695645,0.0,0.0,12.136033434035161,-0.11638635570072764,0.08124368501152857,2.992522436065963
22.06,-18.0,-7.0434782608695645,0.0,0.0,12.14824875177099,-0.11638644431398126,0.08124356176439829,2.992522286163282
22.07,-18.0,-7.0434782608695645,0.0,0.0,12.160464070031008,-0.11638652403073113,0.0812434502817393,2.9925221497437735
22.08,-18.0,-7.0434782608695645,0.0,0.0,12.172679388771813,-0.11638659575339738,0.08124334942338907,2.992522025576589
22.09,-18.0,-7.0434782608695645,0.0,0.0,12.1848947079536,-0.1163866602920578,0.08124325816126576,2.9925219125450044
22.1,-18.0,-7.0434782608695645,0.0,0.0,12.19711002753986,-0.11638671837396641,0.0812431755682066,2.992521809635667
22.11,-18.0,-7.0434782608695645,0.0,0.0,12.209325347497114,-0.1163867706520838,0.08124310080793218,2.9925217159288784
22.12,-18.0,-7.0434782608695645,0.0,0.0,12.221540667794653,-0.11638681771272585,0.08124303312601833,2.9925216305897946
22.13,-18.0,-7.0434782608695645,0.0,0.0,12.233755988404312,-0.11638686008241717,0.08124297184177764,2.9925215528604814
22.14,-18.0,-7.0434782608695645,0.0,0.0,12.245971309300261,-0.11638689823403925,0.08124291634095337,2.9925214820527044
22.15,-18.0,-7.0434782608695645,0.0,0.0,12.25818663045881,-0.11638693259233812,0.08124286606914843,2.992521417541425
22.16,-18.0,-7.0434782608695645,0.0,0.0,12.27040195185823,-0.11638696353886391,0.08124282052591125,2.9925213587589092
22.17,-18.0,-7.0434782608695645,0.0,0.0,12.282617273478587,-0.11638699141640285,0.08124277925941215,2.992521305189379
22.18,-18.0,-7.0434782608695645,0.0,0.0,12.294832595301607,-0.11638701653294858,0.08124274186165392,2.992521256364191
22.19,-18.0,-7.0434782608695645,0.0,0.0,12.30704791731052,-0.11638703916526283,0.08124270796415889,2.992521211857463
22.2,-18.0,-7.0434782608695645,0.0,0.0,12.319263239489949,-0.1163870595620713,0.08124267723408685,2.9925211712821036
22.21,-18.0,-7.0434782608695645,0.0,0.0,12.331478561825788,-0.11638707794693026,0.08124264937073655,2.9925211342862297
22.22,-18.0,-7.0434782608695645,0.0,0.0,12.343693884305102,-0.11638709452079721,0.08124262410239824,2.9925211005499097
22.23,-18.0,-7.0434782608695645,0.0,0.0,12.35590920691602,-0.1163871094643334,0.081242601183519,2.992521069782226
22.24,-18.0,-7.0434782608695645,0.0,0.0,12.368124529647663,-0.11638712293997755,0.08124258039214372,2.99252104171859
22.25,-18.0,-7.0434782608695645,0.0,0.0,12.38033985249004,-0.11638713509379794,0.081242561527618,2.9925210161183378
22.26,-18.0,-7.0434782608695645,0.0,0.0,12.392555175434,-0.1163871460571615,0.0812425444085092,2.9925209927625174
22.27,-18.0,-7.0434782608695645,0.0,0.0,12.404770498471137,-0.1163871559482259,0.08124252887074035,2.9925209714519183
22.28,-18.0,-7.0434782608695645,0.0,0.0,12.416985821593752,-0.1163871648732826,0.08124251476590261,2.9925209520052465
22.29,-18.0,-7.0434782608695645,0.0,0.0,12.429201144794773,-0.11638717292795975,0.08124250195973781,2.992520934257507
22.3,-18.0,-7.0434782608695645,0.0,0.0,12.441416468067718,-0.1163871801983043,0.0812424903307668,2.992520918058501
22.31,-18.0,-7.0434782608695645,0.0,0.0,12.453631791406641,-0.1163871867617503,0.08124247976905696,2.99252090327149
22.32,-18.0,-7.0434782608695645,0.0,0.0,12.465847114806088,-0.11638719268799402,0.081242470175104,2.992520889771965
22.33,-18.0,-7.0434782608695645,0.0,0.0,12.478062438261055,-0.11638719803977171,0.08124246145882996,2.9925208774465433
22.34,-18.0,-7.0434782608695645,0.0,0.0,12.490277761766952,-0.11638720287356308,0.08124245353867643,2.9925208661919553
22.35,-18.0,-7.0434782608695645,0.0,0.0,12.50249308531957,-0.116387207240225,0.08124244634078426,2.99252085591413
22.36,-18.0,-7.0434782608695645,0.0,0.0,12.514708408915045,-0.11638721118555417,0.08124243979825696,2.9925208465273663
22.37,-18.0,-7.0434782608695645,0.0,0.0,12.526923732549834,-0.11638721475079872,0.0812424338504929,2.992520837953577
22.38,-18.0,-7.0434782608695645,0.0,0.0,12.53913905622069,-0.11638721797311513,0.08124242844258345,2.992520830121598
22.39,-18.0,-7.0434782608695645,0.0,0.0,12.551354379924632,-0.11638722088597775,0.08124242352477085,2.992520822966578
22.4,-18.0,-7.0434782608695645,0.0,0.0,12.563569703658924,-0.11638722351954889,0.08124241905195628,2.9925208164293964
22.41,-18.0,-7.0434782608695645,0.0,0.0,12.575785027421057,-0.11638722590100992,0.08124241498325824,2.9925208104561634
22.42,-18.0,-7.0434782608695645,0.0,0.0,12.588000351208732,-0.11638722805486057,0.0812424112816088,2.992520804997737
22.43,-18.0,-7.0434782608695645,0.0,0.0,12.600215675019838,-0.11638723000318651,0.0812424079133951,2.992520800009315
22.44,-18.0,-7.0434782608695645,0.0,0.0,12.612430998852437,-0.1163872317658996,0.08124240484813106,2.992520795450034
22.45,-18.0,-7.0434782608695645,0.0,0.0,12.624646322704754,-0.11638723336095502,0.08124240205816124,2.992520791282624
22.46,-18.0,-7.0434782608695645,0.0,0.0,12.63686164657516,-0.11638723480454605,0.08124239951839518,2.992520787473088
22.47,-18.0,-7.0434782608695645,0.0,0.0,12.64907697046216,-0.11638723611127899,0.08124239720606474,2.9925207839904098
22.48,-18.0,-7.0434782608695645,0.0,0.0,12.661292294364383,-0.11638723729433154,0.08124239510050524,2.9925207808062924
22.49,-18.0,-7.0434782608695645,0.0,0.0,12.67350761828057,-0.1163872383655924,0.08124239318296,2.9925207778949137
22.5,-18.0,-7.0434782608695645,0.0,0.0,12.685722942209571,-0.11638723933579298,0.08124239143639855,2.9925207752327045
22.51,-18.0,-7.0434782608695645,0.0,0.0,12.697938266150324,-0.11638724021461577,0.08124238984535848,2.99252077279816
22.52,-18.0,-7.0434782608695645,0.0,0.0,12.710153590101857,-0.11638724101080444,0.08124238839579556,2.9925207705716463
22.53,-18.0,-7.0434782608695645,0.0,0.0,12.722368914063281,-0.11638724173225246,0.08124238707495368,2.9925207685352384
22.54,-18.0,-7.0434782608695645,0.0,0.0,12.734584238033781,-0.11638724238608722,0.08124238587124366,2.992520766672571
22.55,-18.0,-7.0434782608695645,0.0,0.0,12.746799562012605,-0.11638724297874647,0.08124238477413637,2.992520764968706
22.56,-18.0,-7.0434782608695645,0.0,0.0,12.759014885999065,-0.11638724351604512,0.08124238377406257,2.9925207634099973
22.57,-18.0,-7.0434782608695645,0.0,0.0,12.771230209992531,-0.11638724400323763,0.08124238286232477,2.992520761983983
22.58,-18.0,-7.0434782608695645,0.0,0.0,12.783445533992424,-0.11638724444507154,0.08124238203101619,2.9925207606792816
22.59,-18.0,-7.0434782608695645,0.0,0.0,12.795660857998213,-0.1163872448458374,0.08124238127294847,2.992520759485497
22.6,-18.0,-7.0434782608695645,0.0,0.0,12.80787618200941,-0.11638724520941324,0.0812423805815855,2.9925207583931304
22.61,-18.0,-7.0434782608695645,0.0,0.0,12.82009150602557,-0.11638724553930513,0.08124237995098227,2.992520757393506
22.62,-18.0,-7.0434782608695645,0.0,0.0,12.832306830046281,-0.11638724583868498,0.08124237937573031,2.992520756478692
22.63,-18.0,-7.0434782608695645,0.0,0.0,12.84452215407117,-0.1163872461104194,0.08124237885091068,2.992520755641446
22.64,-18.0,-7.0434782608695645,0.0,0.0,12.85673747809989,-0.11638724635710207,0.08124237837204706,2.9925207548751462
22.65,-18.0,-7.0434782608695645,0.0,0.0,12.868952802132124,-0.11638724658107957,0.08124237793506572,2.99252075417374
22.66,-18.0,-7.0434782608695645,0.0,0.0,12.881168126167584,-0.11638724678447421,0.0812423775362604,2.992520753531699
22.67,-18.0,-7.0434782608695645,0.0,0.0,12.893383450206,-0.11638724696920866,0.08124237717225502,2.9925207529439657
22.68,-18.0,-7.0434782608695645,0.0,0.0,12.905598774247132,-0.11638724713702153,0.08124237683997737,2.9925207524059165
22.69,-18.0,-7.0434782608695645,0.0,0.0,12.917814098290753,-0.11638724728948802,0.08124237653662969,2.992520751913327
22.7,-18.0,-7.0434782608695645,0.0,0.0,12.93002942233666,-0.11638724742803253,0.0812423762596648,2.9925207514623335
22.71,-18.0,-7.0434782608695645,0.0,0.0,12.94224474638466,-0.11638724755394647,0.08124237600676221,2.9925207510494047
22.72,-18.0,-7.0434782608695645,0.0,0.0,12.954460070434584,-0.11638724766840003,0.08124237577580773,2.992520750671306
22.73,-18.0,-7.0434782608695645,0.0,0.0,12.96667539448627,-0.11638724777245191,0.08124237556487635,2.9925207503250872
22.74,-18.0,-7.0434782608695645,0.0,0.0,12.978890718539574,-0.11638724786706245,0.08124237537221268,2.992520750008042
22.75,-18.0,-7.0434782608695645,0.0,0.0,12.991106042594364,-0.1163872479531014,0.08124237519621813,2.9925207497177
22.76,-18.0,-7.0434782608695645,0.0,0.0,13.003321366650516,-0.11638724803135769,0.08124237503543508,2.992520749451801
22.77,-18.0,-7.0434782608695645,0.0,0.0,13.015536690707917,-0.11638724810254542,0.0812423748885358,2.9925207492082775
22.78,-18.0,-7.0434782608695645,0.0,0.0,13.027752014766463,-0.11638724816731338,0.08124237475430862,2.992520748985236
22.79,-18.0,-7.0434782608695645,0.0,0.0,13.039967338826061,-0.11638724822624846,0.08124237463164996,2.992520748780945
22.8,-18.0,-7.0434782608695645,0.0,0.0,13.052182662886624,-0.11638724827988467,0.08124237451955241,2.9925207485938214
22.81,-18.0,-7.0434782608695645,0.0,0.0,13.064397986948073,-0.11638724832870517,0.08124237441709803,2.992520748422414
22.82,-18.0,-7.0434782608695645,0.0,0.0,13.076613311010334,-0.11638724837314851,0.0812423743234496,2.9925207482653993
22.83,-18.0,-7.0434782608695645,0.0,0.0,13.08882863507334,-0.11638724841361325,0.0812423742378432,2.992520748121563
22.84,-18.0,-7.0434782608695645,0.0,0.0,13.101043959137028,-0.11638724845046045,0.08124237415958158,2.992520747989792
22.85,-18.0,-7.0434782608695645,0.0,0.0,13.113259283201344,-0.11638724848401871,0.08124237408802881,2.9925207478690723
22.86,-18.0,-7.0434782608695645,0.0,0.0,13.125474607266234,-0.11638724851458515,0.08124237402260492,2.9925207477584737
22.87,-18.0,-7.0434782608695645,0.0,0.0,13.137689931331654,-0.1163872485424311,0.08124237396278,2.992520747657139
22.88,-18.0,-7.0434782608695645,0.0,0.0,13.149905255397556,-0.1163872485678008,0.08124237390807165,2.992520747564296
22.89,-18.0,-7.0434782608695645,0.0,0.0,13.162120579463902,-0.11638724859091854,0.08124237385803768,2.992520747479226
22.9,-18.0,-7.0434782608695645,0.0,0.0,13.174335903530656,-0.1163872486119868,0.08124237381227584,2.9925207474012776
22.91,-18.0,-7.0434782608695645,0.0,0.0,13.186551227597784,-0.1163872486311901,0.08124237377041776,2.99252074732985
22.92,-18.0,-7.0434782608695645,0.0,0.0,13.198766551665255,-0.11638724864869499,0.08124237373212861,2.992520747264398
22.93,-18.0,-7.0434782608695645,0.0,0.0,13.21098187573304,-0.11638724866465422,0.08124237369710152,2.9925207472044195
22.94,-18.0,-7.0434782608695645,0.0,0.0,13.223197199801115,-0.11638724867920613,0.0812423736650556,2.992520747149454
22.95,-18.0,-7.0434782608695645,0.0,0.0,13.235412523869455,-0.11638724869247596,0.08124237363573639,2.992520747099083
22.96,-18.0,-7.0434782608695645,0.0,0.0,13.247627847938038,-0.11638724870457895,0.08124237360890918,2.992520747052919
22.97,-18.0,-7.0434782608695645,0.0,0.0,13.259843172006843,-0.11638724871561812,0.0812423735843617,2.992520747010612
22.98,-18.0,-7.0434782608695645,0.0,0.0,13.272058496075852,-0.11638724872568851,0.08124237356189778,2.9925207469718367
22.99,-18.0,-7.0434782608695645,0.0,0.0,13.28427382014505,-0.11638724873487671,0.0812423735413399,2.9925207469362975
23.0,-18.0,-7.0434782608695645,0.0,0.0,13.29648914421442,-0.11638724874326023,0.08124237352252506,2.992520746903724
23.01,-18.0,-7.0434782608695645,0.0,0.0,13.308704468283947,-0.11638724875091055,0.08124237350530461,2.9925207468738684
23.02,-18.0,-7.0434782608695645,0.0,0.0,13.32091979235362,-0.11638724875789253,0.08124237348954266,2.9925207468465036
23.03,-18.0,-7.0434782608695645,0.0,0.0,13.333135116423424,-0.11638724876426543,0.08124237347511443,2.992520746821419
23.04,-18.0,-7.0434782608695645,0.0,0.0,13.345350440493352,-0.11638724877008344,0.08124237346190633,2.9925207467984256
23.05,-18.0,-7.0434782608695645,0.0,0.0,13.357565764563391,-0.11638724877539475,0.08124237344981511,2.992520746777349
23.06,-18.0,-7.0434782608695645,0.0,0.0,13.369781088633532,-0.11638724878024442,0.08124237343874552,2.99252074675803
23.07,-18.0,-7.0434782608695645,0.0,0.0,13.381996412703767,-0.11638724878467244,0.08124237342861085,2.9925207467403188
23.08,-18.0,-7.0434782608695645,0.0,0.0,13.39421173677409,-0.11638724878871631,0.08124237341933127,2.992520746724082
23.09,-18.0,-7.0434782608695645,0.0,0.0,13.406427060844491,-0.11638724879241025,0.08124237341083407,2.992520746709197
23.1,-18.0,-7.0434782608695645,0.0,0.0,13.418642384914966,-0.11638724879578399,0.08124237340305362,2.9925207466955515
23.11,-18.0,-7.0434782608695645,0.0,0.0,13.430857708985506,-0.11638724879886553,0.0812423733959291,2.992520746683043
23.12,-18.0,-7.0434782608695645,0.0,0.0,13.443073033056109,-0.11638724880168105,0.08124237338940421,2.9925207466715733
23.13,-18.0,-7.0434782608695645,0.0,0.0,13.455288357126767,-0.11638724880425366,0.08124237338342888,2.9925207466610595
23.14,-18.0,-7.0434782608695645,0.0,0.0,13.467503681197476,-0.11638724880660423,0.08124237337795603,2.9925207466514196
23.15,-18.0,-7.0434782608695645,0.0,0.0,13.479719005268233,-0.11638724880875229,0.08124237337294393,2.9925207466425805
23.16,-18.0,-7.0434782608695645,0.0,0.0,13.491934329339033,-0.1163872488107156,0.08124237336835283,2.9925207466344776
23.17,-18.0,-7.0434782608695645,0.0,0.0,13.504149653409874,-0.11638724881251017,0.08124237336414741,2.9925207466270467
23.18,-18.0,-7.0434782608695645,0.0,0.0,13.51636497748075,-0.11638724881415019,0.08124237336029538,2.9925207466202353
23.19,-18.0,-7.0434782608695645,0.0,0.0,13.52858030155166,-0.11638724881564944,0.08124237335676698,2.992520746613989
23.2,-18.0,-7.0434782608695645,0.0,0.0,13.5407956256226,-0.1163872488170199,0.08124237335353457,2.992520746608262
23.21,-18.0,-7.0434782608695645,0.0,0.0,13.553010949693569,-0.11638724881827334,0.08124237335057316,2.9925207466030104
23.22,-18.0,-7.0434782608695645,0.0,0.0,13.565226273764564,-0.11638724881941909,0.08124237334786022,2.9925207465981942
23.23,-18.0,-7.0434782608695645,0.0,0.0,13.577441597835582,-0.11638724882046692,0.08124237334537454,2.9925207465937795
23.24,-18.0,-7.0434782608695645,0.0,0.0,13.589656921906622,-0.11638724882142526,0.08124237334309747,2.992520746589731
23.25,-18.0,-7.0434782608695645,0.0,0.0,13.601872245977683,-0.11638724882230189,0.08124237334101081,2.9925207465860173
23.26,-18.0,-7.0434782608695645,0.0,0.0,13.614087570048762,-0.11638724882310347,0.0812423733390989,2.9925207465826134
23.27,-18.0,-7.0434782608695645,0.0,0.0,13.626302894119856,-0.11638724882383644,0.0812423733373473,2.9925207465794923
23.28,-18.0,-7.0434782608695645,0.0,0.0,13.638518218190967,-0.11638724882450724,0.08124237333574202,2.992520746576629
23.29,-18.0,-7.0434782608695645,0.0,0.0,13.650733542262092,-0.11638724882512075,0.08124237333427109,2.9925207465740034
23.3,-18.0,-7.0434782608695645,0.0,0.0,13.66294886633323,-0.11638724882568185,0.0812423733329235,2.9925207465715964
23.31,-18.0,-7.0434782608695645,0.0,0.0,13.675164190404379,-0.11638724882619544,0.08124237333168827,2.992520746569388
23.32,-18.0,-7.0434782608695645,0.0,0.0,13.68737951447554,-0.11638724882666529,0.08124237333055628,2.9925207465673638
23.33,-18.0,-7.0434782608695645,0.0,0.0,13.69959483854671,-0.11638724882709517,0.08124237332951889,2.992520746565506
23.34,-18.0,-7.0434782608695645,0.0,0.0,13.71181016261789,-0.11638724882748841,0.08124237332856832,2.992520746563804
23.35,-18.0,-7.0434782608695645,0.0,0.0,13.72402548668908,-0.11638724882784879,0.08124237332769679,2.9925207465622417
23.36,-18.0,-7.0434782608695645,0.0,0.0,13.736240810760275,-0.1163872488281783,0.08124237332689832,2.9925207465608104
23.37,-18.0,-7.0434782608695645,0.0,0.0,13.748456134831478,-0.11638724882848006,0.08124237332616624,2.9925207465594967
23.38,-18.0,-7.0434782608695645,0.0,0.0,13.760671458902689,-0.11638724882875628,0.08124237332549522,2.9925207465582915
23.39,-18.0,-7.0434782608695645,0.0,0.0,13.772886782973904,-0.11638724882900875,0.08124237332488038,2.9925207465571875
23.4,-18.0,-7.0434782608695645,0.0,0.0,13.785102107045125,-0.1163872488292399,0.08124237332431672,2.9925207465561745
23.41,-18.0,-7.0434782608695645,0.0,0.0,13.797317431116351,-0.11638724882945173,0.08124237332380013,2.9925207465552446
23.42,-18.0,-7.0434782608695645,0.0,0.0,13.809532755187583,-0.1163872488296458,0.08124237332332629,2.992520746554392
23.43,-18.0,-7.0434782608695645,0.0,0.0,13.821748079258818,-0.11638724882982321,0.08124237332289219,2.9925207465536108
23.44,-18.0,-7.0434782608695645,0.0,0.0,13.833963403330056,-0.11638724882998597,0.08124237332249407,2.992520746552894
23.45,-18.0,-7.0434782608695645,0.0,0.0,13.846178727401298,-0.11638724883013474,0.08124237332212947,2.9925207465522368
23.46,-18.0,-7.0434782608695645,0.0,0.0,13.858394051472544,-0.11638724883027085,0.08124237332179485,2.9925207465516332
23.47,-18.0,-7.0434782608695645,0.0,0.0,13.870609375543793,-0.11638724883039586,0.0812423733214882,2.9925207465510795
23.48,-18.0,-7.0434782608695645,0.0,0.0,13.882824699615044,-0.11638724883050999,0.0812423733212071,2.992520746550573
23.49,-18.0,-7.0434782608695645,0.0,0.0,13.895040023686299,-0.11638724883061502,0.0812423733209493,2.992520746550107
23.5,-18.0,-7.0434782608695645,0.0,0.0,13.907255347757555,-0.11638724883071072,0.08124237332071316,2.9925207465496806
23.51,-18.0,-7.0434782608695645,0.0,0.0,13.919470671828813,-0.11638724883079865,0.08124237332049644,2.9925207465492893
23.52,-18.0,-7.0434782608695645,0.0,0.0,13.931685995900073,-0.11638724883087903,0.08124237332029793,2.9925207465489305
23.53,-18.0,-7.0434782608695645,0.0,0.0,13.943901319971335,-0.11638724883095253,0.08124237332011575,2.9925207465486015
23.54,-18.0,-7.0434782608695645,0.0,0.0,13.956116644042599,-0.11638724883102025,0.08124237331994855,2.992520746548299
23.55,-18.0,-7.0434782608695645,0.0,0.0,13.968331968113864,-0.11638724883108198,0.08124237331979567,2.992520746548022
23.56,-18.0,-7.0434782608695645,0.0,0.0,13.98054729218513,-0.11638724883113905,0.08124237331965478,2.992520746547767
23.57,-18.0,-7.0434782608695645,0.0,0.0,13.9927626162564,-0.116387248831191,0.081242373319526,2.9925207465475334
23.58,-18.0,-7.0434782608695645,0.0,0.0,14.004977940327668,-0.1163872488312383,0.08124237331940809,2.9925207465473207
23.59,-18.0,-7.0434782608695645,0.0,0.0,14.017193264398939,-0.11638724883128226,0.08124237331929962,2.992520746547124
23.6,-18.0,-7.0434782608695645,0.0,0.0,14.02940858847021,-0.11638724883132179,0.0812423733192007,2.992520746546945
23.61,-18.0,-7.0434782608695645,0.0,0.0,14.041623912541482,-0.11638724883135843,0.08124237331910944,2.992520746546779
23.62,-18.0,-7.0434782608695645,0.0,0.0,14.053839236612754,-0.11638724883139173,0.0812423733190264,2.9925207465466284
23.63,-18.0,-7.0434782608695645,0.0,0.0,14.066054560684028,-0.1163872488314226,0.08124237331894979,2.9925207465464885
23.64,-18.0,-7.0434782608695645,0.0,0.0,14.078269884755302,-0.11638724883145057,0.08124237331887962,2.992520746546362
23.65,-18.0,-7.0434782608695645,0.0,0.0,14.090485208826578,-0.11638724883147611,0.08124237331881545,2.9925207465462442
23.66,-18.0,-7.0434782608695645,0.0,0.0,14.102700532897854,-0.11638724883149987,0.0812423733187565,2.9925207465461376
23.67,-18.0,-7.0434782608695645,0.0,0.0,14.11491585696913,-0.11638724883152163,0.08124237331870232,2.9925207465460395
23.68,-18.0,-7.0434782608695645,0.0,0.0,14.127131181040406,-0.11638724883154117,0.0812423733186528,2.99252074654595
23.69,-18.0,-7.0434782608695645,0.0,0.0,14.139346505111684,-0.11638724883155982,0.08124237331860695,2.992520746545866
23.7,-18.0,-7.0434782608695645,0.0,0.0,14.151561829182961,-0.11638724883157647,0.08124237331856543,2.9925207465457904
23.71,-18.0,-7.0434782608695645,0.0,0.0,14.16377715325424,-0.11638724883159135,0.08124237331852746,2.992520746545721
23.72,-18.0,-7.0434782608695645,0.0,0.0,14.175992477325517,-0.11638724883160512,0.08124237331849238,2.9925207465456576
23.73,-18.0,-7.0434782608695645,0.0,0.0,14.188207801396796,-0.11638724883161844,0.08124237331845996,2.9925207465455976
23.74,-18.0,-7.0434782608695645,0.0,0.0,14.200423125468076,-0.11638724883163021,0.08124237331843043,2.9925207465455443
23.75,-18.0,-7.0434782608695645,0.0,0.0,14.212638449539355,-0.11638724883164109,0.08124237331840312,2.992520746545495
23.76,-18.0,-7.0434782608695645,0.0,0.0,14.224853773610635,-0.11638724883165086,0.08124237331837836,2.99252074654545
23.77,-18.0,-7.0434782608695645,0.0,0.0,14.237069097681914,-0.11638724883166018,0.08124237331835549,2.992520746545409
23.78,-18.0,-7.0434782608695645,0.0,0.0,14.249284421753194,-0.11638724883166818,0.08124237331833473,2.992520746545371
23.79,-18.0,-7.0434782608695645,0.0,0.0,14.261499745824473,-0.11638724883167595,0.08124237331831541,2.9925207465453365
23.8,-18.0,-7.0434782608695645,0.0,0.0,14.273715069895752,-0.11638724883168261,0.08124237331829809,2.9925207465453045
23.81,-18.0,-7.0434782608695645,0.0,0.0,14.285930393967034,-0.11638724883168927,0.08124237331828166,2.992520746545274
23.82,-18.0,-7.0434782608695645,0.0,0.0,14.298145718038315,-0.11638724883169504,0.081242373318267,2.992520746545247
23.83,-18.0,-7.0434782608695645,0.0,0.0,14.310361042109596,-0.11638724883170037,0.08124237331825368,2.9925207465452224
23.84,-18.0,-7.0434782608695645,0.0,0.0,14.322576366180877,-0.11638724883170526,0.08124237331824125,2.9925207465451997
23.85,-18.0,-7.0434782608695645,0.0,0.0,14.334791690252159,-0.11638724883170948,0.08124237331822992,2.992520746545179
23.86,-18.0,-7.0434782608695645,0.0,0.0,14.34700701432344,-0.1163872488317137,0.08124237331821949,2.99252074654516
23.87,-18.0,-7.0434782608695645,0.0,0.0,14.359222338394721,-0.11638724883171747,0.08124237331820994,2.9925207465451424
23.88,-18.0,-7.0434782608695645,0.0,0.0,14.371437662466002,-0.11638724883172102,0.08124237331820106,2.9925207465451265
23.89,-18.0,-7.0434782608695645,0.0,0.0,14.383652986537284,-0.11638724883172391,0.08124237331819328,2.9925207465451122
23.9,-18.0,-7.0434782608695645,0.0,0.0,14.395868310608565,-0.11638724883172702,0.08124237331818573,2.9925207465450985
23.91,-18.0,-7.0434782608695645,0.0,0.0,14.408083634679846,-0.11638724883172968,0.08124237331817907,2.992520746545086
23.92,-18.0,-7.0434782608695645,0.0,0.0,14.420298958751127,-0.11638724883173213,0.08124237331817274,2.992520746545075
23.93,-18.0,-7.0434782608695645,0.0,0.0,14.432514282822408,-0.11638724883173479,0.08124237331816675,2.9925207465450647
23.94,-18.0,-7.0434782608695645,0.0,0.0,14.44472960689369,-0.11638724883173657,0.08124237331816153,2.992520746545055
23.95,-18.0,-7.0434782608695645,0.0,0.0,14.456944930964971,-0.11638724883173857,0.08124237331815687,2.9925207465450465
23.96,-18.0,-7.0434782608695645,0.0,0.0,14.469160255036252,-0.11638724883174012,0.08124237331815232,2.9925207465450385
23.97,-18.0,-7.0434782608695645,0.0,0.0,14.481375579107533,-0.1163872488317419,0.08124237331814821,2.992520746545031
23.98,-18.0,-7.0434782608695645,0.0,0.0,14.493590903178815,-0.11638724883174323,0.08124237331814466,2.9925207465450243
23.99,-18.0,-7.0434782608695645,0.0,0.0,14.505806227250096,-0.11638724883174478,0.08124237331814133,2.992520746545018
24.0,-18.0,-7.0434782608695645,0.0,0.0,14.518021551321377,-0.1163872488317459,0.0812423733181381,2.9925207465450123
24.01,-18.0,-5.478260869565217,0.0,0.0,14.530530196174581,-0.11291779678651315,0.2009191946745098,2.990951449465349
24.02,-18.0,-5.478260869565217,0.0,0.0,14.54328358720083,-0.11078487950749905,0.1882204938669696,2.9891112944362113
24.03,-18.0,-5.478260869565217,0.0,0.0,14.556241294313859,-0.1096816409996646,0.17694217751603936,2.987093587380119
24.04,-18.0,-5.478260869565217,0.0,0.0,14.569369691256087,-0.10935929770333996,0.166920717162804,2.9849720677966918
24.05,-18.0,-5.478260869565217,0.0,0.0,14.582640793419433,-0.10961923295393805,0.1580128455125478,2.9828043046794193
24.06,-18.0,-5.478260869565217,0.0,0.0,14.596031278867665,-0.11030469197718773,0.15009275942516231,2.980634673090129
24.07,-18.0,-5.478260869565217,0.0,0.0,14.60952167779305,-0.11129305039790771,0.14304964428902078,2.9784968697829237
24.08,-18.0,-5.478260869565217,0.0,0.0,14.623095707763516,-0.11248907950005371,0.13678557385485557,2.9764159974116406
24.09,-18.0,-5.478260869565217,0.0,0.0,14.636739730669843,-0.11381931510986298,0.13121376633194148,2.974410272619923
24.1,-18.0,-5.478260869565217,0.0,0.0,14.650442309074744,-0.1152274710384471,0.12625714718971448,2.9724924180736845
24.11,-18.0,-5.478260869565217,0.0,0.0,14.664193842786101,-0.11667076496691209,0.12184716169005116,2.9706707941151946
24.12,-18.0,-5.478260869565217,0.0,0.0,14.677986269860824,-0.11811700474949549,0.1179227840875523,2.9689503180310006
24.13,-18.0,-5.478260869565217,0.0,0.0,14.691812819368602,-0.11954229040481157,0.11442967898907375,2.9673332107353727
24.14,-18.0,-5.478260869565217,0.0,0.0,14.705667805898857,-0.12092920592086487,0.1113194799109154,2.9658196032094963
24.15,-18.0,-5.478260869565217,0.0,0.0,14.71954645794372,-0.12226539682798965,0.10854915881855409,2.96440802872896
24.16,-18.0,-5.478260869565217,0.0,0.0,14.733444773979892,-0.12354245010968912,0.10608046766346557,2.963095821790674
24.17,-18.0,-5.478260869565217,0.0,0.0,14.747359401377597,-0.12475501075291984,0.10387943851132841,2.961879440580267
24.18,-18.0,-5.478260869565217,0.0,0.0,14.761287534263841,-0.12590008372300776,0.10191593293576529,2.960754726615921
24.19,-18.0,-5.478260869565217,0.0,0.0,14.77522682722999,-0.12697648162291997,0.10016323419376394,2.9597171126826862
24.2,-18.0,-5.478260869565217,0.0,0.0,14.789175322357993,-0.12798438722314653,0.09859767758509375,2.958761788176479
24.21,-18.0,-5.478260869565217,0.0,0.0,14.803131387490954,-0.1289250069221095,0.09719831558571479,2.9578838293848912
24.22,-18.0,-5.478260869565217,0.0,0.0,14.817093664026451,-0.1298002964652638,0.09594661504875845,2.957078300947445
24.23,-18.0,-5.478260869565217,0.0,0.0,14.831061022790893,-0.13061274428631964,0.0948261841537934,2.956340333689825
24.24,-18.0,-5.478260869565217,0.0,0.0,14.845032526778564,-0.13136520093223547,0.09382252698009641,2.955665183162746
24.25,-18.0,-5.478260869565217,0.0,0.0,14.859007399723643,-0.13206074542334378,0.09292282367004367,2.9550482724977756
24.26,-18.0,-5.478260869565217,0.0,0.0,14.87298499962658,-0.13270258125456835,0.09211573419264374,2.9544852225914173
24.27,-18.0,-5.478260869565217,0.0,0.0,14.886964796485023,-0.13329395619322426,0.09139122375037911,2.953971872123322
24.28,-18.0,-5.478260869565217,0.0,0.0,14.900946353588656,-0.13383810117033956,0.09074040791470095,2.953504289488664
24.29,-18.0,-5.478260869565217,0.0,0.0,14.9149293118306,-0.13433818446795764,0.09015541563549401,2.953078778365337
24.3,-18.0,-5.478260869565217,0.0,0.0,14.928913376568016,-0.13479727812826137,0.08962926834952079,2.952691878333707
24.31,-18.0,-5.478260869565217,0.0,0.0,14.942898306633415,-0.1352183340918578,0.08915577351013526,2.9523403617115247
24.32,-18.0,-5.478260869565217,0.0,0.0,14.956883905157365,-0.1356041680425193,0.08872943097135777,2.9520212275523847
24.33,-18.0,-5.478260869565217,0.0,0.0,14.97087001191428,-0.1359574493171365,0.08834535077896666,2.951731693576723
24.34,-18.0,-5.478260869565217,0.0,0.0,14.984856496946787,-0.1362806955503455,0.08799918104500792,2.951469186654638
24.35,-18.0,-5.478260869565217,0.0,0.0,14.998843255261676,-0.1365762709769387,0.08768704470602118,2.951231332335444
24.36,-18.0,-5.478260869565217,0.0,0.0,15.012830202422675,-0.1368463875226018,0.08740548408606574,2.951015943815798
24.37,-18.0,-5.478260869565217,0.0,0.0,15.02681727089266,-0.13709310798321628,0.08715141230090684,2.9508210106534296
24.38,-18.0,-5.478260869565217,0.0,0.0,15.040804407001334,-0.13731835073184495,0.08692207064775026,2.9506446874638668
24.39,-18.0,-5.478260869565217,0.0,0.0,15.054791568434245,-0.13752389550603716,0.08671499122469095,2.950485282780726
24.4,-18.0,-5.478260869565217,0.0,0.0,15.068778722155852,-0.1377113899208151,0.08652796411505337,2.950341248214087
24.41,-18.0,-5.478260869565217,0.0,0.0,15.082765842693526,-0.1378823564282441,0.08635900855395118,2.950211168004238
24.42,-18.0,-5.478260869565217,0.0,0.0,15.096752910721436,-0.1380381995059412,0.08620634756791068,2.9500937490383454
24.43,-18.0,-5.478260869565217,0.0,0.0,15.1107399118933,-0.1381802129066667,0.08606838564369024,2.9499878113739126
24.44,-18.0,-5.478260869565217,0.0,0.0,15.12472683588148,-0.13830958684139705,0.08594368904006733,2.949892279294266
24.45,-18.0,-5.478260869565217,0.0,0.0,15.138713675587052,-0.13842741500064104,0.08583096840696369,2.949806172906772
24.46,-18.0,-5.478260869565217,0.0,0.0,15.152700426491343,-0.1385347013447067,0.08572906342053899,2.94972860028335
24.47,-18.0,-5.478260869565217,0.0,0.0,15.166687086124504,-0.13863236661426193,0.08563692918141985,2.9496587501343843
24.48,-18.0,-5.478260869565217,0.0,0.0,15.180673653630768,-0.1387212545288805,0.08555362415672862,2.949595885000933
24.49,-18.0,-5.478260869565217,0.0,0.0,15.194660129413533,-0.13880213765409555,0.08547829947559227,2.94953933494561
24.5,-18.0,-5.478260869565217,0.0,0.0,15.208646514846286,-0.13887572292743888,0.08541018941293754,2.9494884917195305
24.51,-18.0,-5.478260869565217,0.0,0.0,15.222632812037796,-0.13894265684163787,0.08534860291805946,2.9494428033806246
24.52,-18.0,-5.478260869565217,0.0,0.0,15.236619023641973,-0.13900353028892098,0.08529291606320932,2.9494017693376824
24.53,-18.0,-5.478260869565217,0.0,0.0,15.250605152704463,-0.13905888307470482,0.08524256530360708,2.949364935793979
24.54,-18.0,-5.478260869565217,0.0,0.0,15.264591202539428,-0.13910920811205663,0.08519704145423401,2.9493318915644475
24.55,-18.0,-5.478260869565217,0.0,0.0,15.278577176631076,-0.1391549553104705,0.0851558843008251,2.9493022642409197
24.56,-18.0,-5.478260869565217,0.0,0.0,15.292563078555473,-0.13919653517394748,0.08511867777286108,2.9492757166806225
24.57,-18.0,-5.478260869565217,0.0,0.0,15.306548911918933,-0.13923432212417097,0.08508504561537067,2.949251943794211
24.58,-18.0,-5.478260869565217,0.0,0.0,15.320534680309958,-0.1392686575649702,0.08505464750411762,2.949230669610618
24.59,-18.0,-5.478260869565217,0.0,0.0,15.334520387262193,-0.1392998527042868,0.08502717555549166,2.9492116445972956
24.6,-18.0,-5.478260869565217,0.0,0.0,15.34850603622634,-0.1393281911496307,0.08500235118826571,2.9491946432155993
24.61,-18.0,-5.478260869565217,0.0,0.0,15.362491630549329,-0.1393539312925931,0.08497992229945173,2.949179461692337
24.62,-18.0,-5.478260869565217,0.0,0.0,15.376477173459344,-0.13937730849741148,0.08495966072091266,2.949165915989791
24.63,-18.0,-5.478260869565217,0.0,0.0,15.39046266805555,-0.1393985371079416,0.08494135992722596,2.949153839957681
24.64,-18.0,-5.478260869565217,0.0,0.0,15.404448117301587,-0.13941781228665784,0.08492483296866116,2.949143083651742
24.65,-18.0,-5.478260869565217,0.0,0.0,15.41843352402206,-0.1394353116985516,0.08490991060607489,2.949133511804756
24.66,-18.0,-5.478260869565217,0.0,0.0,15.432418890901369,-0.13945119705203757,0.08489643962709681,2.949125002436905
24.67,-18.0,-5.478260869565217,0.0,0.0,15.446404220484402,-0.13946561550820613,0.08488428132524262,2.9491174455933393
24.68,-18.0,-5.478260869565217,0.0,0.0,15.460389515178637,-0.13947870096900217,0.08487331012558452,2.9491107421978517
24.69,-18.0,-5.478260869565217,0.0,0.0,15.474374777257328,-0.1394905752541844,0.08486341234235772,2.949104803012407
24.7,-18.0,-5.478260869565217,0.0,0.0,15.488360008863493,-0.13950134917621382,0.08485448505543502,2.9490995476931294
24.71,-18.0,-5.478260869565217,0.0,0.0,15.502345212014479,-0.13951112352154182,0.08484643509396328,2.9490949039341463
24.72,-18.0,-5.478260869565217,0.0,0.0,15.516330388606928,-0.13951998994614168,0.08483917811667996,2.9490908066913732
24.73,-18.0,-5.478260869565217,0.0,0.0,15.530315540421997,-0.13952803179250628,0.08483263777949646,2.94908719747905
24.74,-18.0,-5.478260869565217,0.0,0.0,15.544300669130719,-0.13953532483479192,0.0848267449818979,2.949084023732406
24.75,-18.0,-5.478260869565217,0.0,0.0,15.558285776299405,-0.13954193795823389,0.08482143718456281,2.9490812382304457
24.76,-18.0,-5.478260869565217,0.0,0.0,15.572270863395039,-0.13954793377849306,0.08481665779135827,2.9490787985733284
24.77,-18.0,-5.478260869565217,0.0,0.0,15.586255931790577,-0.1395533692061004,0.08481235558956479,2.949076666709359
24.78,-18.0,-5.478260869565217,0.0,0.0,15.600240982770142,-0.1395582959607693,0.08480848424276832,2.949074808506983
24.79,-18.0,-5.478260869565217,0.0,0.0,15.614226017534067,-0.13956276103993615,0.08480500183142237,2.949073193367635
24.8,-18.0,-5.478260869565217,0.0,0.0,15.628211037203755,-0.13956680714551606,0.08480187043656284,2.9490717938756634
24.81,-18.0,-5.478260869565217,0.0,0.0,15.642196042826363,-0.13957047307254844,0.08479905576259128,2.9490705854818384
24.82,-18.0,-5.478260869565217,0.0,0.0,15.656181035379278,-0.13957379406306902,0.08479652679544736,2.94906954621735
24.83,-18.0,-5.478260869565217,0.0,0.0,15.670166015774395,-0.13957680212827728,0.08479425549283359,2.9490686564354016
24.84,-18.0,-5.478260869565217,0.0,0.0,15.684150984862184,-0.13957952634179738,0.08479221650348512,2.9490678985778325
24.85,-18.0,-5.478260869565217,0.0,0.0,15.698135943435547,-0.1395819931065918,0.08479038691275587,2.949067256964398
24.86,-18.0,-5.478260869565217,0.0,0.0,15.71212089223349,-0.13958422639786483,0.08478874601205177,2.949066717602559
24.87,-18.0,-5.478260869565217,0.0,0.0,15.726105831944565,-0.13958624798408525,0.08478727508988937,2.949066268015867
24.88,-18.0,-5.478260869565217,0.0,0.0,15.740090763210153,-0.13958807762808534,0.08478595724253934,2.949065897089137
24.89,-18.0,-5.478260869565217,0.0,0.0,15.754075686627525,-0.1395897332700029,0.08478477720244271,2.9490655949288516
24.9,-18.0,-5.478260869565217,0.0,0.0,15.768060602752753,-0.139591231193694,0.0847837211827247,2.9490653527372985
24.91,-18.0,-5.478260869565217,0.0,0.0,15.782045512103426,-0.13959258617809134,0.08478277673631363,2.9490651626991773
24.92,-18.0,-5.478260869565217,0.0,0.0,15.796030415161216,-0.13959381163485962,0.08478193262829303,2.9490650178794255
24.93,-18.0,-5.478260869565217,0.0,0.0,15.810015312374274,-0.1395949197335753,0.08478117872025803,2.9490649121312265
24.94,-18.0,-5.478260869565217,0.0,0.0,15.824000204159491,-0.13959592151554934,0.0847805058655513,2.949064840013195
24.95,-18.0,-5.478260869565217,0.0,0.0,15.8379850909046,-0.1395968269973149,0.0847799058143679,2.949064796714865
24.96,-18.0,-5.478260869565217,0.0,0.0,15.851969972970155,-0.13959764526471252,0.08477937112779954,2.9490647779896566
24.97,-18.0,-5.478260869565217,0.0,0.0,15.86595485069139,-0.13959838455841367,0.08477889509999326,2.9490647800946137
24.98,-18.0,-5.478260869565217,0.0,0.0,15.879939724379936,-0.13959905235166103,0.08477847168766073,2.9490647997362553
24.99,-18.0,-5.478260869565217,0.0,0.0,15.893924594325448,-0.139599655420924,0.08477809544625026,2.9490648340219123
25.0,-18.0,-5.478260869565217,0.0,0.0,15.907909460797113,-0.1396001999101113,0.08477776147216287,2.9490648804160475
25.01,-18.0,-5.478260869565217,0.0,0.0,15.921894324045065,-0.1396006913889225,0.08477746535044317,2.9490649367010504
25.02,-18.0,-5.478260869565217,0.0,0.0,15.935879184301697,-0.13960113490586568,0.08477720310743697,2.949065000942073
25.03,-18.0,-5.478260869565217,0.0,0.0,15.949864041782899,-0.1396015350364339,0.08477697116794358,2.9490650714554936
25.04,-18.0,-5.478260869565217,0.0,0.0,15.963848896689202,-0.1396018959268681,0.08477676631644693,2.9490651467806615
25.05,-18.0,-5.478260869565217,0.0,0.0,15.977833749206846,-0.1396022213339121,0.08477658566204438,2.9490652256546097
25.06,-18.0,-5.478260869565217,0.0,0.0,15.991818599508786,-0.13960251466092677,0.08477642660671414,2.949065306989392
25.07,-18.0,-5.478260869565217,0.0,0.0,16.005803447755618,-0.13960277899068663,0.08477628681662641,2.9490653898518366
25.08,-18.0,-5.478260869565217,0.0,0.0,16.01978829409644,-0.13960301711516632,0.08477616419619438,2.9490654734454482
25.09,-18.0,-5.478260869565217,0.0,0.0,16.033773138669673,-0.13960323156259125,0.08477605686461431,2.949065557094216
25.1,-18.0,-5.478260869565217,0.0,0.0,16.04775798160381,-0.13960342462199682,0.08477596313466262,2.9490656402281963
25.11,-18.0,-5.478260869565217,0.0,0.0,16.0617428230181,-0.13960359836552527,0.08477588149353399,2.94906572237064
25.12,-18.0,-5.478260869565217,0.0,0.0,16.075727663023233,-0.13960375466867547,0.08477581058551964,2.9490658031264987
25.13,-18.0,-5.478260869565217,0.0,0.0,16.089712501721916,-0.13960389522867223,0.08477574919637232,2.9490658821722393
25.14,-18.0,-5.478260869565217,0.0,0.0,16.103697339209454,-0.13960402158115026,0.08477569623917192,2.9490659592467363
25.15,-18.0,-5.478260869565217,0.0,0.0,16.117682175574277,-0.13960413511529168,0.08477565074156967,2.9490660341432005
25.16,-18.0,-5.478260869565217,0.0,0.0,16.131667010898425,-0.1396042370875603,0.08477561183427307,2.949066106702021
25.17,-18.0,-5.478260869565217,0.0,0.0,16.145651845258,-0.13960432863416927,0.08477557874064923,2.949066176804404
25.18,-18.0,-5.478260869565217,0.0,0.0,16.159636678723604,-0.13960441078239083,0.08477555076734289,2.9490662443667315
25.19,-18.0,-5.478260869565217,0.0,0.0,16.17362151136071,-0.13960448446081286,0.08477552729582039,2.9490663093356075
25.2,-18.0,-5.478260869565217,0.0,0.0,16.187606343230048,-0.1396045505086485,0.0847755077747343,2.949066371683439
25.21,-18.0,-5.478260869565217,0.0,0.0,16.201591174387936,-0.13960460968417765,0.084775491713044,2.94906643140456
25.22,-18.0,-5.478260869565217,0.0,0.0,16.2155760048866,-0.13960466267239835,0.08477547867381618,2.949066488511828
25.23,-18.0,-5.478260869565217,0.0,0.0,16.229560834774464,-0.13960471009197217,0.0847754682686358,2.949066543033615
25.24,-18.0,-5.478260869565217,0.0,0.0,16.24354566409643,-0.13960475250151694,0.08477546015257142,2.949066595011167
25.25,-18.0,-5.478260869565217,0.0,0.0,16.257530492894123,-0.13960479040530926,0.0847754540196457,2.9490666444963183
25.26,-18.0,-5.478260869565217,0.0,0.0,16.271515321206135,-0.13960482425846288,0.08477544959875116,2.9490666915494548
25.27,-18.0,-5.478260869565217,0.0,0.0,16.28550014906824,-0.13960485447161064,0.08477544664998071,2.949066736237777
25.28,-18.0,-5.478260869565217,0.0,0.0,16.2994849765136,-0.13960488141515404,0.08477544496132572,2.949066778633779
25.29,-18.0,-5.478260869565217,0.0,0.0,16.313469803572946,-0.1396049054231132,0.08477544434570361,2.949066818813914
25.3,-18.0,-5.478260869565217,0.0,0.0,16.327454630274765,-0.13960492679661352,0.08477544463828912,2.9490668568574687
25.31,-18.0,-5.478260869565217,0.0,0.0,16.34143945664546,-0.1396049458070452,0.08477544569411455,2.9490668928455777
25.32,-18.0,-5.478260869565217,0.0,0.0,16.355424282709492,-0.13960496269892086,0.08477544738591969,2.949066926860405
25.33,-18.0,-5.478260869565217,0.0,0.0,16.369409108489535,-0.13960497769247193,0.0847754496022124,2.949066958984404
25.34,-18.0,-5.478260869565217,0.0,0.0,16.38339393400659,-0.13960499098598977,0.08477545224553795,2.9490669892997445
25.35,-18.0,-5.478260869565217,0.0,0.0,16.397378759280127,-0.13960500275795185,0.0847754552309199,2.9490670178877854
25.36,-18.0,-5.478260869565217,0.0,0.0,16.411363584328175,-0.13960501316894391,0.08477545848446666,2.949067044828671
25.37,-18.0,-5.478260869565217,0.0,0.0,16.425348409167444,-0.13960502236339778,0.08477546194212249,2.9490670702009765
25.38,-18.0,-5.478260869565217,0.0,0.0,16.43933323381341,-0.13960503047116757,0.08477546554854842,2.9490670940814345
25.39,-18.0,-5.478260869565217,0.0,0.0,16.45331805828041,-0.1396050376089526,0.08477546925612045,2.949067116544704
25.4,-18.0,-5.478260869565217,0.0,0.0,16.467302882581723,-0.139605043881587,0.0847754730240331,2.9490671376631927
25.41,-18.0,-5.478260869565217,0.0,0.0,16.481287706729653,-0.1396050493832024,0.08477547681750319,2.9490671575069403
25.42,-18.0,-5.478260869565217,0.0,0.0,16.49527253073559,-0.13960505419828317,0.08477548060705131,2.9490671761435054
25.43,-18.0,-5.478260869565217,0.0,0.0,16.509257354610092,-0.1396050584026185,0.08477548436786653,2.9490671936379096
25.44,-18.0,-5.478260869565217,0.0,0.0,16.523242178362928,-0.13960506206416023,0.0847754880792384,2.9490672100526067
25.45,-18.0,-5.478260869565217,0.0,0.0,16.53722700200315,-0.1396050652438059,0.08477549172404708,2.949067225447454
25.46,-18.0,-5.478260869565217,0.0,0.0,16.551211825539138,-0.1396050679960963,0.08477549528831696,2.9490672398797315
25.47,-18.0,-5.478260869565217,0.0,0.0,16.565196648978652,-0.13960507036985148,0.0847754987608127,2.949067253404161
25.48,-18.0,-5.478260869565217,0.0,0.0,16.57918147232888,-0.13960507240874653,0.08477550213268348,2.9490672660729347
25.49,-18.0,-5.478260869565217,0.0,0.0,16.593166295596475,-0.13960507415182555,0.08477550539714751,2.949067277935771
25.5,-18.0,-5.478260869565217,0.0,0.0,16.6071511187876,-0.13960507563396973,0.08477550854921168,2.9490672890399687
25.51,-18.0,-5.478260869565217,0.0,0.0,16.62113594190795,-0.13960507688631907,0.0847755115854234,2.9490672994304705
25.52,-18.0,-5.478260869565217,0.0,0.0,16.635120764962817,-0.1396050779366531,0.0847755145036504,2.9490673091499255
25.53,-18.0,-5.478260869565217,0.0,0.0,16.649105587957084,-0.1396050788097316,0.08477551730288868,2.9490673182387774
25.54,-18.0,-5.478260869565217,0.0,0.0,16.66309041089528,-0.1396050795276067,0.08477551998309019,2.9490673267353293
25.55,-18.0,-5.478260869565217,0.0,0.0,16.677075233781586,-0.13960508010989736,0.08477552254501419,2.9490673346758345
25.56,-18.0,-5.478260869565217,0.0,0.0,16.69106005661989,-0.13960508057404697,0.084775524990092,2.949067342094554
25.57,-18.0,-5.478260869565217,0.0,0.0,16.705044879413773,-0.13960508093554092,0.08477552732031624,2.949067349023874
25.58,-18.0,-5.478260869565217,0.0,0.0,16.719029702166562,-0.13960508120811843,0.08477552953813394,2.9490673554943507
25.59,-18.0,-5.478260869565217,0.0,0.0,16.73301452488133,-0.13960508140394978,0.08477553164636331,2.949067361534817
25.6,-18.0,-5.478260869565217,0.0,0.0,16.746999347560923,-0.1396050815338059,0.08477553364811241,2.949067367172447
25.61,-18.0,-5.478260869565217,0.0,0.0,16.760984170207973,-0.13960508160720297,0.08477553554671591,2.949067372432841
25.62,-18.0,-5.478260869565217,0.0,0.0,16.77496899282492,-0.13960508163253915,0.08477553734567334,2.9490673773400946
25.63,-18.0,-5.478260869565217,0.0,0.0,16.78895381541402,-0.13960508161721075,0.08477553904860491,2.9490673819168896
25.64,-18.0,-5.478260869565217,0.0,0.0,16.802938637977356,-0.1396050815677241,0.08477554065920256,2.9490673861845433
25.65,-18.0,-5.478260869565217,0.0,0.0,16.816923460516865,-0.13960508148978956,0.08477554218119732,2.9490673901630946
25.66,-18.0,-5.478260869565217,0.0,0.0,16.830908283034333,-0.13960508138840955,0.08477554361832773,2.9490673938713696
25.67,-18.0,-5.478260869565217,0.0,0.0,16.844893105531412,-0.139605081267955,0.08477554497431328,2.9490673973270427
25.68,-18.0,-5.478260869565217,0.0,0.0,16.858877928009633,-0.13960508113223868,0.08477554625283112,2.9490674005466975
25.69,-18.0,-5.478260869565217,0.0,0.0,16.87286275047041,-0.13960508098457303,0.08477554745750049,2.9490674035458944
25.7,-18.0,-5.478260869565217,0.0,0.0,16.886847572915055,-0.13960508082783174,0.08477554859186531,2.9490674063392177
25.71,-18.0,-5.478260869565217,0.0,0.0,16.900832395344782,-0.13960508066449528,0.08477554965938316,2.949067408940338
25.72,-18.0,-5.478260869565217,0.0,0.0,16.914817217760707,-0.13960508049669684,0.08477555066341802,2.9490674113620727
25.73,-18.0,-5.478260869565217,0.0,0.0,16.92880204016387,-0.13960508032626673,0.0847755516072266,2.9490674136164086
25.74,-18.0,-5.478260869565217,0.0,0.0,16.94278686255523,-0.13960508015476192,0.08477555249395952,2.9490674157145804
25.75,-18.0,-5.478260869565217,0.0,0.0,16.956771684935678,-0.1396050799835027,0.08477555332665321,2.9490674176670963
25.76,-18.0,-5.478260869565217,0.0,0.0,16.97075650730603,-0.13960507981359926,0.08477555410822957,2.9490674194837907
25.77,-18.0,-5.478260869565217,0.0,0.0,16.98474132966705,-0.13960507964597824,0.08477555484149302,2.9490674211738614
25.78,-18.0,-5.478260869565217,0.0,0.0,16.998726152019437,-0.13960507948140588,0.08477555552912885,2.9490674227458986
25.79,-18.0,-5.478260869565217,0.0,0.0,17.01271097436384,-0.13960507932050503,0.08477555617370913,2.9490674242079455
25.8,-18.0,-5.478260869565217,0.0,0.0,17.026695796700867,-0.1396050791637784,0.08477555677768644,2.9490674255675042
25.81,-18.0,-5.478260869565217,0.0,0.0,17.04068061903107,-0.1396050790116199,0.08477555734340214,2.9490674268315944
25.82,-18.0,-5.478260869565217,0.0,0.0,17.05466544135496,-0.1396050788643315,0.08477555787308422,2.9490674280067624
25.83,-18.0,-5.478260869565217,0.0,0.0,17.068650263673018,-0.13960507872213457,0.08477555836885209,2.949067429099125
25.84,-18.0,-5.478260869565217,0.0,0.0,17.08263508598568,-0.13960507858518123,0.08477555883271948,2.9490674301143933
25.85,-18.0,-5.478260869565217,0.0,0.0,17.096619908293352,-0.1396050784535654,0.08477555926659652,2.9490674310578897
25.86,-18.0,-5.478260869565217,0.0,0.0,17.110604730596414,-0.1396050783273295,0.08477555967229355,2.949067431934585
25.87,-18.0,-5.478260869565217,0.0,0.0,17.124589552895213,-0.13960507820647394,0.08477556005152587,2.9490674327491146
25.88,-18.0,-5.478260869565217,0.0,0.0,17.13857437519007,-0.13960507809096212,0.08477556040591527,2.9490674335058005
25.89,-18.0,-5.478260869565217,0.0,0.0,17.152559197481285,-0.1396050779807274,0.08477556073699621,2.9490674342086765
25.9,-18.0,-5.478260869565217,0.0,0.0,17.166544019769127,-0.13960507787567855,0.08477556104621708,2.949067434861498
25.91,-18.0,-5.478260869565217,0.0,0.0,17.180528842053857,-0.1396050777757052,0.08477556133494368,2.94906743546776
25.92,-18.0,-5.478260869565217,0.0,0.0,17.194513664335705,-0.13960507768067743,0.08477556160446709,2.9490674360307336
25.93,-18.0,-5.478260869565217,0.0,0.0,17.208498486614893,-0.13960507759045493,0.08477556185600155,2.949067436553451
25.94,-18.0,-5.478260869565217,0.0,0.0,17.22248330889162,-0.13960507750488627,0.08477556209069226,2.9490674370387477
25.95,-18.0,-5.478260869565217,0.0,0.0,17.23646813116607,-0.13960507742381312,0.0847755623096158,2.9490674374892554
25.96,-18.0,-5.478260869565217,0.0,0.0,17.25045295343842,-0.1396050773470714,0.08477556251378648,2.949067437907432
25.97,-18.0,-5.478260869565217,0.0,0.0,17.264437775708824,-0.13960507727449434,0.08477556270415676,2.94906743829556
25.98,-18.0,-5.478260869565217,0.0,0.0,17.278422597977432,-0.1396050772059132,0.08477556288162214,2.9490674386557685
25.99,-18.0,-5.478260869565217,0.0,0.0,17.29240742024438,-0.13960507714115922,0.0847755630470236,2.949067438990033
26.0,-18.0,-5.478260869565217,0.0,0.0,17.306392242509794,-0.1396050770800632,0.08477556320115176,2.9490674393001988
26.01,-18.0,-5.478260869565217,0.0,0.0,17.320377064773787,-0.1396050770224595,0.08477556334474734,2.9490674395879806
26.02,-18.0,-5.478260869565217,0.0,0.0,17.33436188703647,-0.1396050769681858,0.08477556347850368,2.949067439854967
26.03,-18.0,-5.478260869565217,0.0,0.0,17.34834670929794,-0.13960507691708113,0.08477556360307359,2.9490674401026427
26.04,-18.0,-5.478260869565217,0.0,0.0,17.362331531558286,-0.13960507686898938,0.08477556371906803,2.94906744033239
26.05,-18.0,-5.478260869565217,0.0,0.0,17.3763163538176,-0.13960507682375933,0.08477556382705775,2.949067440545483
26.06,-18.0,-5.478260869565217,0.0,0.0,17.39030117607596,-0.1396050767812438,0.08477556392757912,2.9490674407431188
26.07,-18.0,-5.478260869565217,0.0,0.0,17.40428599833343,-0.13960507674130018,0.08477556402113384,2.949067440926405
26.08,-18.0,-5.478260869565217,0.0,0.0,17.418270820590084,-0.1396050767037913,0.08477556410819176,2.949067441096374
26.09,-18.0,-5.478260869565217,0.0,0.0,17.432255642845984,-0.1396050766685868,0.08477556418918941,2.9490674412539737
26.1,-18.0,-5.478260869565217,0.0,0.0,17.446240465101184,-0.13960507663555877,0.08477556426453992,2.9490674414001026
26.11,-18.0,-5.478260869565217,0.0,0.0,17.460225287355737,-0.1396050766045862,0.08477556433462563,2.9490674415355826
26.12,-18.0,-5.478260869565217,0.0,0.0,17.474210109609697,-0.13960507657555477,0.08477556439980483,2.9490674416611777
26.13,-18.0,-5.478260869565217,0.0,0.0,17.488194931863102,-0.1396050765483512,0.08477556446041423,2.9490674417776113
26.14,-18.0,-5.478260869565217,0.0,0.0,17.502179754116,-0.13960507652287268,0.08477556451676516,2.9490674418855347
26.15,-18.0,-5.478260869565217,0.0,0.0,17.516164576368425,-0.13960507649901666,0.08477556456915103,2.949067441985571
26.16,-18.0,-5.478260869565217,0.0,0.0,17.530149398620416,-0.1396050764766894,0.08477556461784352,2.9490674420782845
26.17,-18.0,-5.478260869565217,0.0,0.0,17.544134220872007,-0.13960507645579878,0.08477556466309832,2.94906744216421
26.18,-18.0,-5.478260869565217,0.0,0.0,17.558119043123224,-0.13960507643625908,0.08477556470515313,2.949067442243841
26.19,-18.0,-5.478260869565217,0.0,0.0,17.5721038653741,-0.13960507641798925,0.08477556474422876,2.9490674423176286
26.2,-18.0,-5.478260869565217,0.0,0.0,17.586088687624656,-0.1396050764009107,0.0847755647805335,2.949067442386006
26.21,-18.0,-5.478260869565217,0.0,0.0,17.60007350987492,-0.13960507638495212,0.08477556481425808,2.9490674424493575
26.22,-18.0,-5.478260869565217,0.0,0.0,17.614058332124916,-0.13960507637004316,0.08477556484558402,2.949067442508054
26.23,-18.0,-5.478260869565217,0.0,0.0,17.62804315437466,-0.1396050763561183,0.08477556487467863,2.9490674425624372
26.24,-18.0,-5.478260869565217,0.0,0.0,17.64202797662417,-0.13960507634311714,0.08477556490169735,2.949067442612816
26.25,-18.0,-5.478260869565217,0.0,0.0,17.65601279887347,-0.13960507633098063,0.08477556492678628,2.9490674426594845
26.26,-18.0,-5.478260869565217,0.0,0.0,17.66999762112257,-0.1396050763196539,0.08477556495008098,2.9490674427027166
26.27,-18.0,-5.478260869565217,0.0,0.0,17.683982443371487,-0.13960507630908614,0.08477556497170724,2.949067442742759
26.28,-18.0,-5.478260869565217,0.0,0.0,17.697967265620235,-0.13960507629922825,0.08477556499178307,2.9490674427798496
26.29,-18.0,-5.478260869565217,0.0,0.0,17.71195208786883,-0.13960507629003538,0.08477556501041694,2.9490674428141976
26.3,-18.0,-5.478260869565217,0.0,0.0,17.72593691011728,-0.13960507628146313,0.08477556502771244,2.9490674428460126
26.31,-18.0,-5.478260869565217,0.0,0.0,17.739921732365598,-0.13960507627347285,0.08477556504376271,2.9490674428754735
26.32,-18.0,-5.478260869565217,0.0,0.0,17.753906554613792,-0.13960507626602525,0.08477556505865746,2.9490674429027584
26.33,-18.0,-5.478260869565217,0.0,0.0,17.767891376861872,-0.13960507625908547,0.08477556507247774,2.9490674429280235
26.34,-18.0,-5.478260869565217,0.0,0.0,17.781876199109846,-0.13960507625261975,0.0847755650853006,2.9490674429514194
26.35,-18.0,-5.478260869565217,0.0,0.0,17.795861021357723,-0.13960507624659768,0.08477556509719641,2.94906744297308
26.36,-18.0,-5.478260869565217,0.0,0.0,17.809845843605512,-0.13960507624098906,0.08477556510823159,2.949067442993135
26.37,-18.0,-5.478260869565217,0.0,0.0,17.82383066585322,-0.1396050762357668,0.08477556511846762,2.9490674430117028
26.38,-18.0,-5.478260869565217,0.0,0.0,17.837815488100848,-0.13960507623090423,0.08477556512796203,2.9490674430288957
26.39,-18.0,-5.478260869565217,0.0,0.0,17.851800310348406,-0.1396050762263783,0.08477556513676743,2.949067443044811
26.4,-18.0,-5.478260869565217,0.0,0.0,17.8657851325959,-0.13960507622216634,0.08477556514493323,2.9490674430595427
26.41,-18.0,-5.478260869565217,0.0,0.0,17.879769954843333,-0.1396050762182468,0.08477556515250528,2.949067443073181
26.42,-18.0,-5.478260869565217,0.0,0.0,17.89375477709071,-0.13960507621459994,0.08477556515952667,2.949067443085807
26.43,-18.0,-5.478260869565217,0.0,0.0,17.907739599338036,-0.139605076211208,0.08477556516603646,2.9490674430974906
26.44,-18.0,-5.478260869565217,0.0,0.0,17.921724421585314,-0.13960507620805207,0.0847755651720723,2.949067443108309
26.45,-18.0,-5.478260869565217,0.0,0.0,17.935709243832548,-0.13960507620511775,0.08477556517766727,2.949067443118319
26.46,-18.0,-5.478260869565217,0.0,0.0,17.949694066079743,-0.1396050762023895,0.08477556518285367,2.9490674431275825
26.47,-18.0,-5.478260869565217,0.0,0.0,17.9636788883269,-0.1396050761998524,0.08477556518766183,2.949067443136159
26.48,-18.0,-5.478260869565217,0.0,0.0,17.97766371057402,-0.13960507619749363,0.08477556519211815,2.949067443144096
26.49,-18.0,-5.478260869565217,0.0,0.0,17.99164853282111,-0.1396050761953016,0.08477556519624807,2.94906744315144
26.5,-18.0,-5.478260869565217,0.0,0.0,18.00563335506817,-0.13960507619326457,0.08477556520007568,2.949067443158235
26.51,-18.0,-5.478260869565217,0.0,0.0,18.019618177315202,-0.1396050761913712,0.08477556520362284,2.949067443164525
26.52,-18.0,-5.478260869565217,0.0,0.0,18.03360299956221,-0.13960507618961215,0.08477556520690976,2.9490674431703443
26.53,-18.0,-5.478260869565217,0.0,0.0,18.047587821809195,-0.13960507618797813,0.08477556520995488,2.9490674431757267
26.54,-18.0,-5.478260869565217,0.0,0.0,18.06157264405616,-0.1396050761864598,0.08477556521277685,2.949067443180709
26.55,-18.0,-5.478260869565217,0.0,0.0,18.075557466303103,-0.13960507618504936,0.08477556521539187,2.9490674431853203
26.56,-18.0,-5.478260869565217,0.0,0.0,18.089542288550028,-0.13960507618373974,0.08477556521781371,2.949067443189585
26.57,-18.0,-5.478260869565217,0.0,0.0,18.103527110796936,-0.13960507618252338,0.08477556522005769,2.9490674431935315
26.58,-18.0,-5.478260869565217,0.0,0.0,18.11751193304383,-0.13960507618139406,0.08477556522213625,2.949067443197181
26.59,-18.0,-5.478260869565217,0.0,0.0,18.13149675529071,-0.13960507618034534,0.08477556522406182,2.9490674432005584
26.6,-18.0,-5.478260869565217,0.0,0.0,18.145481577537574,-0.13960507617937168,0.0847755652258455,2.9490674432036834
26.61,-18.0,-5.478260869565217,0.0,0.0,18.159466399784424,-0.1396050761784675,0.08477556522749774,2.9490674432065758
26.62,-18.0,-5.478260869565217,0.0,0.0,18.173451222031265,-0.13960507617762885,0.0847755652290274,2.949067443209249
26.63,-18.0,-5.478260869565217,0.0,0.0,18.187436044278094,-0.13960507617685036,0.0847755652304445,2.9490674432117228
26.64,-18.0,-5.478260869565217,0.0,0.0,18.201420866524916,-0.13960507617612827,0.08477556523175611,2.9490674432140076
26.65,-18.0,-5.478260869565217,0.0,0.0,18.215405688771728,-0.1396050761754577,0.08477556523297136,2.949067443216126
26.66,-18.0,-5.478260869565217,0.0,0.0,18.229390511018533,-0.13960507617483553,0.08477556523409646,2.949067443218082
26.67,-18.0,-5.478260869565217,0.0,0.0,18.243375333265327,-0.139605076174258,0.08477556523513885,2.9490674432198953
26.68,-18.0,-5.478260869565217,0.0,0.0,18.257360155512114,-0.13960507617372242,0.08477556523610352,2.94906744322157
26.69,-18.0,-5.478260869565217,0.0,0.0,18.271344977758897,-0.13960507617322615,0.08477556523699614,2.949067443223116
26.7,-18.0,-5.478260869565217,0.0,0.0,18.285329800005673,-0.13960507617276519,0.08477556523782326,2.9490674432245494
26.71,-18.0,-5.478260869565217,0.0,0.0,18.299314622252442,-0.13960507617233775,0.0847755652385892,2.9490674432258754
26.72,-18.0,-5.478260869565217,0.0,0.0,18.313299444499208,-0.13960507617194184,0.08477556523929741,2.949067443227099
26.73,-18.0,-5.478260869565217,0.0,0.0,18.32728426674597,-0.13960507617157436,0.08477556523995333,2.949067443228231
26.74,-18.0,-5.478260869565217,0.0,0.0,18.341269088992725,-0.13960507617123308,0.08477556524056129,2.9490674432292816
26.75,-18.0,-5.478260869565217,0.0,0.0,18.355253911239476,-0.1396050761709171,0.08477556524112329,2.9490674432302497
26.76,-18.0,-5.478260869565217,0.0,0.0,18.369238733486224,-0.13960507617062423,0.08477556524164354,2.949067443231146
26.77,-18.0,-5.478260869565217,0.0,0.0,18.383223555732968,-0.13960507617035267,0.08477556524212537,2.949067443231974
26.78,-18.0,-5.478260869565217,0.0,0.0,18.39720837797971,-0.13960507617010087,0.08477556524257102,2.9490674432327406
26.79,-18.0,-5.478260869565217,0.0,0.0,18.411193200226446,-0.13960507616986728,0.08477556524298369,2.94906744323345
26.8,-18.0,-5.478260869565217,0.0,0.0,18.425178022473183,-0.13960507616965123,0.08477556524336505,2.949067443234102
26.81,-18.0,-5.478260869565217,0.0,0.0,18.439162844719917,-0.1396050761694505,0.08477556524371876,2.949067443234709
26.82,-18.0,-5.478260869565217,0.0,0.0,18.453147666966647,-0.13960507616926443,0.08477556524404606,2.94906744323527
26.83,-18.0,-5.478260869565217,0.0,0.0,18.467132489213377,-0.13960507616909235,0.08477556524434837,2.9490674432357857
26.84,-18.0,-5.478260869565217,0.0,0.0,18.481117311460103,-0.13960507616893247,0.0847755652446287,2.9490674432362662
26.85,-18.0,-5.478260869565217,0.0,0.0,18.49510213370683,-0.13960507616878481,0.08477556524488739,2.9490674432367068
26.86,-18.0,-5.478260869565217,0.0,0.0,18.509086955953553,-0.13960507616864715,0.08477556524512764,2.949067443237118
26.87,-18.0,-5.478260869565217,0.0,0.0,18.523071778200276,-0.13960507616852036,0.08477556524534946,2.949067443237495
26.88,-18.0,-5.478260869565217,0.0,0.0,18.537056600446995,-0.13960507616840223,0.0847755652455553,2.9490674432378468
26.89,-18.0,-5.478260869565217,0.0,0.0,18.551041422693714,-0.13960507616829343,0.0847755652457447,2.9490674432381687
26.9,-18.0,-5.478260869565217,0.0,0.0,18.565026244940434,-0.13960507616819262,0.08477556524592034,2.9490674432384667
26.91,-18.0,-5.478260869565217,0.0,0.0,18.57901106718715,-0.1396050761680987,0.08477556524608332,2.9490674432387456
26.92,-18.0,-5.478260869565217,0.0,0.0,18.592995889433865,-0.13960507616801232,0.08477556524623353,2.9490674432389996
26.93,-18.0,-5.478260869565217,0.0,0.0,18.60698071168058,-0.13960507616793216,0.08477556524637242,2.949067443239235
26.94,-18.0,-5.478260869565217,0.0,0.0,18.620965533927293,-0.13960507616785733,0.08477556524650165,2.949067443239456
26.95,-18.0,-5.478260869565217,0.0,0.0,18.634950356174006,-0.1396050761677885,0.08477556524662044,2.949067443239657
26.96,-18.0,-5.478260869565217,0.0,0.0,18.648935178420718,-0.139605076167725,0.08477556524673036,2.9490674432398425
26.97,-18.0,-5.478260869565217,0.0,0.0,18.66292000066743,-0.13960507616766615,0.08477556524683205,2.9490674432400144
26.98,-18.0,-5.478260869565217,0.0,0.0,18.676904822914143,-0.13960507616761175,0.08477556524692609,2.9490674432401733
26.99,-18.0,-5.478260869565217,0.0,0.0,18.69088964516085,-0.13960507616756046,0.0847755652470139,2.9490674432403234
27.0,-18.0,-5.478260869565217,0.0,0.0,18.70487446740756,-0.13960507616751383,0.08477556524709429,2.9490674432404593
27.01,-18.0,-3.913043478260869,0.0,0.0,18.71913465367722,-0.1364896907613593,0.20518649955806745,2.9473173893253755
27.02,-18.0,-3.913043478260869,0.0,0.0,18.73362867451678,-0.13447463032624762,0.19303118505722383,2.9453256969075707
27.03,-18.0,-3.913043478260869,0.0,0.0,18.748321133973757,-0.13333665232599934,0.18214378284194543,2.9431712768061327
27.04,-18.0,-3.913043478260869,0.0,0.0,18.763181906526384,-0.13288942287547356,0.17239123869626227,2.9409183044411837
27.05,-18.0,-3.913043478260869,0.0,0.0,18.778185367282603,-0.1329792208327294,0.1636545356013333,2.938618375290309
27.06,-18.0,-3.913043478260869,0.0,0.0,18.793309721187935,-0.13348037236309884,0.15582725923463264,2.9363124756730388
27.07,-18.0,-3.913043478260869,0.0,0.0,18.80853642705932,-0.1342908768142066,0.1488142256407961,2.9340327216544715
27.08,-18.0,-3.913043478260869,0.0,0.0,18.82384970745092,-0.1353284534205954,0.14253023310939444,2.931803861813446
27.09,-18.0,-3.913043478260869,0.0,0.0,18.83923613359751,-0.1365270969143273,0.13689895686309694,2.9296445596146685
27.1,-18.0,-3.913043478260869,0.0,0.0,18.854684274642644,-0.1378341483172827,0.1318519826084486,2.9275684790801626
27.11,-18.0,-3.913043478260869,0.0,0.0,18.87018440120247,-0.13920784402507014,0.12732796471036606,2.9255851992607935
27.12,-18.0,-3.913043478260869,0.0,0.0,18.885728234530827,-0.14061528715635796,0.12327189140607997,2.92370098184315
27.13,-18.0,-3.913043478260869,0.0,0.0,18.901308733843507,-0.1420307801041174,0.11963443980838184,2.921919413797602
27.14,-18.0,-3.913043478260869,0.0,0.0,18.916919915575665,-0.1434344597957251,0.11637140549644942,2.920241944173804
27.15,-18.0,-3.913043478260869,0.0,0.0,18.9325566994177,-0.14481118331308385,0.1134431941206191,2.918668331422114
27.16,-18.0,-3.913043478260869,0.0,0.0,18.948214776881983,-0.14614961888211986,0.11081436504320608,2.9171970151560576
27.17,-18.0,-3.913043478260869,0.0,0.0,18.963890498902053,-0.14744150453580174,0.1084532193087418,2.9158254241333648
27.18,-18.0,-3.913043478260869,0.0,0.0,18.979580779575485,-0.14868104337200339,0.10633142607881813,2.914550230416153
27.19,-18.0,-3.913043478260869,0.0,0.0,18.99528301365382,-0.14986441003618034,0.10442368307750999,2.9133675581418315
27.2,-18.0,-3.913043478260869,0.0,0.0,19.01099500577929,-0.1509893478345683,0.10270740762287656,2.912273154053294
27.21,-18.0,-3.913043478260869,0.0,0.0,19.026714909787863,-0.1520548398022763,0.10116245553898029,2.9112625258595544
27.22,-18.0,-3.913043478260869,0.0,0.0,19.04244117665764,-0.15306084022787947,0.0997708657245941,2.910331053589987
27.23,-18.0,-3.913043478260869,0.0,0.0,19.058172509893623,-0.15400805569470122,0.09851662846557657,2.909474078336498
27.24,-18.0,-3.913043478260869,0.0,0.0,19.073907827315004,-0.15489776675276756,0.0973854757724898,2.908686972123857
27.25,-18.0,-3.913043478260869,0.0,0.0,19.08964622835679,-0.15573168298313878,0.09636469214534882,2.9079651920893155
27.26,-18.0,-3.913043478260869,0.0,0.0,19.105386966120435,-0.15651182554000376,0.09544294424405564,2.907304321673024
27.27,-18.0,-3.913043478260869,0.0,0.0,19.121129423512205,-0.1572404323219816,0.0946101279975774,2.9067001011090374
27.28,-18.0,-3.913043478260869,0.0,0.0,19.13687309289741,-0.15791988178585603,0.09385723173149296,2.9061484491526275
27.29,-18.0,-3.913043478260869,0.0,0.0,19.15261755877537,-0.1585526321154056,0.09317621394126996,2.9056454776760594
27.3,-18.0,-3.913043478260869,0.0,0.0,19.168362483046657,-0.15914117302833652,0.09255989439236811,2.9051875005047134
27.31,-18.0,-3.913043478260869,0.0,0.0,19.18410759250209,-0.15968798797152517,0.09200185728998761,2.9047710376428824
27.32,-18.0,-3.913043478260869,0.0,0.0,19.19985266821316,-0.1601955248391178,0.09149636533089656,2.9043928158489214
27.33,-18.0,-3.913043478260869,0.0,0.0,19.215597536547644,-0.16066617366552682,0.09103828352574345,2.904049766357639
27.34,-18.0,-3.913043478260869,0.0,0.0,19.23134206157226,-0.16110225000843226,0.09062301176063492,2.9037390204107445
27.35,-18.0,-3.913043478260869,0.0,0.0,19.247086138637545,-0.1615059829555039,0.09024642514915837,2.9034579031397856
27.36,-18.0,-3.913043478260869,0.0,0.0,19.26282968896893,-0.16187950687052655,0.08990482130843258,2.903203926247906
27.37,-18.0,-3.913043478260869,0.0,0.0,19.278572655113177,-0.16222485614637128,0.08959487377328246,2.9029747798538206
27.38,-18.0,-3.913043478260869,0.0,0.0,19.294314997110902,-0.1625439623587941,0.0893135908399772,2.9027683237921345
27.39,-18.0,-3.913043478260869,0.0,0.0,19.310056689284767,-0.16283865332073577,0.08905827920399739,2.902582578605875
27.4,-18.0,-3.913043478260869,0.0,0.0,19.325797717548983,-0.16311065362495847,0.08882651182444262,2.902415716418671
27.41,-18.0,-3.913043478260869,0.0,0.0,19.341538077159775,-0.1633615863364266,0.08861609951054877,2.9022660518338315
27.42,-18.0,-3.913043478260869,0.0,0.0,19.35727777083833,-0.1635929755571599,0.0884250657832304,2.902132032974304
27.43,-18.0,-3.913043478260869,0.0,0.0,19.37301680720808,-0.16380624963737955,0.088251624616626,2.9020122327500726
27.44,-18.0,-3.913043478260869,0.0,0.0,19.388755199496863,-0.16400274484922384,0.0880941607115509,2.9019053404172985
27.45,-18.0,-3.913043478260869,0.0,0.0,19.40449296446207,-0.16418370937464166,0.08795121199468442,2.901810153475047
27.46,-18.0,-3.913043478260869,0.0,0.0,19.420230121503288,-0.1643503074882786,0.08782145407474218,2.9017255699308944
27.47,-18.0,-3.913043478260869,0.0,0.0,19.43596669193234,-0.16450362384039696,0.08770368642000065,2.9016505809547355
27.48,-18.0,-3.913043478260869,0.0,0.0,19.45170269837533,-0.16464466776485764,0.08759682005079805,2.9015842639306424
27.49,-18.0,-3.913043478260869,0.0,0.0,19.467438164285245,-0.16477437755361946,0.0874998665664165,2.9015257759092323
27.5,-18.0,-3.913043478260869,0.0,0.0,19.483173113546957,-0.1648936246526982,0.08741192834837996,2.9014743474572176
27.51,-18.0,-3.913043478260869,0.0,0.0,19.49890757015939,-0.16500321774560667,0.08733218980196811,2.901429276896193
27.52,-18.0,-3.913043478260869,0.0,0.0,19.51464155798194,-0.16510390669923147,0.08725990951512336,2.901389924919608
27.53,-18.0,-3.913043478260869,0.0,0.0,19.53037510053437,-0.16519638635442724,0.08719441322899396,2.9013557095742053
27.54,-18.0,-3.913043478260869,0.0,0.0,19.546108220841035,-0.16528130014946996,0.08713508752756027,2.9013261015906253
27.55,-18.0,-3.913043478260869,0.0,0.0,19.561840941311768,-0.16535924356921172,0.08708137416526057,2.901300620046698
27.56,-18.0,-3.913043478260869,0.0,0.0,19.57757328365307,-0.1654307674165305,0.08703276496152068,2.901278828346286
27.57,-18.0,-3.913043478260869,0.0,0.0,19.59330526880415,-0.16549638090560292,0.0869887971997878,2.901260330496253
27.58,-18.0,-3.913043478260869,0.0,0.0,19.609036916893356,-0.16555655457881802,0.0869490494762376,2.9012447676641715
27.59,-18.0,-3.913043478260869,0.0,0.0,19.62476824721118,-0.16561172305091332,0.08691313794990324,2.901231814999559
27.6,-18.0,-3.913043478260869,0.0,0.0,19.64049927819672,-0.1656622875852145,0.0868807129517159,2.9012211787019093
27.61,-18.0,-3.913043478260869,0.0,0.0,19.656230027434972,-0.16570861850784535,0.08685145591492616,2.9012125933191997
27.62,-18.0,-3.913043478260869,0.0,0.0,19.671960511662707,-0.16575105746642071,0.08682507659375993,2.9012058192613552
27.63,-18.0,-3.913043478260869,0.0,0.0,19.687690746781186,-0.16578991954020394,0.08680131054093215,2.9012006405136384
27.64,-18.0,-3.913043478260869,0.0,0.0,19.703420747874155,-0.1658254952089555,0.08677991681798802,2.901196862535812
27.65,-18.0,-3.913043478260869,0.0,0.0,19.719150529229893,-0.16585805218781413,0.08676067591533887,2.901194310333589
27.66,-18.0,-3.913043478260869,0.0,0.0,19.734880104366262,-0.1658878371355419,0.08674338786141311,2.9011928266896887
27.67,-18.0,-3.913043478260869,0.0,0.0,19.750609486057925,-0.16591507724339571,0.08672787050256725,2.9011922705425155
27.68,-18.0,-3.913043478260869,0.0,0.0,19.76633868636505,-0.16593998171170155,0.08671395793737613,2.9011925155012386
27.69,-18.0,-3.913043478260869,0.0,0.0,19.78206771666289,-0.16596274312100578,0.08670149909065789,2.9011934484868203
27.7,-18.0,-3.913043478260869,0.0,0.0,19.79779658767184,-0.1659835387044455,0.08669035641409212,2.9011949684891145
27.71,-18.0,-3.913043478260869,0.0,0.0,19.81352530948754,-0.1660025315276854,0.08668040470166222,2.9011969854309485
27.72,-18.0,-3.913043478260869,0.0,0.0,19.829253891610794,-0.16601987158249498,0.08667153000933298,2.9011994191306396
27.73,-18.0,-3.913043478260869,0.0,0.0,19.844982342976994,-0.16603569679972985,0.08666362866943766,2.9012021983550786
27.74,-18.0,-3.913043478260869,0.0,0.0,19.860710671984958,-0.16605013398719515,0.08665660639118378,2.901205259956005
27.75,-18.0,-3.913043478260869,0.0,0.0,19.876438886524955,-0.16606329969754707,0.08665037743953097,2.901208548082713
27.76,-18.0,-3.913043478260869,0.0,0.0,19.892166994005883,-0.166075301031114,0.08664486388543413,2.901212013464867
27.77,-18.0,-3.913043478260869,0.0,0.0,19.907895001381487,-0.16608623637820985,0.08663999492111563,2.901215612759629
27.78,-18.0,-3.913043478260869,0.0,0.0,19.923622915175564,-0.16609619610524362,0.08663570623462791,2.9012193079577386
27.79,-18.0,-3.913043478260869,0.0,0.0,19.939350741506153,-0.16610526318865726,0.0866319394384934,2.901223065843545
27.8,-18.0,-3.913043478260869,0.0,0.0,19.955078486108672,-0.16611351380046147,0.08662864154770145,2.9012268575044664
27.81,-18.0,-3.913043478260869,0.0,0.0,19.970806154357998,-0.16612101784889188,0.08662576450276638,2.9012306578856406
27.82,-18.0,-3.913043478260869,0.0,0.0,19.986533751289507,-0.166127839477475,0.08662326473394233,2.901234445385916
27.83,-18.0,-3.913043478260869,0.0,0.0,20.00226128161908,-0.1661340375255762,0.08662110276303553,2.9012382014915814
27.84,-18.0,-3.913043478260869,0.0,0.0,20.017988749762118,-0.1661396659532819,0.08661924283957934,2.901241910444589
27.85,-18.0,-3.913043478260869,0.0,0.0,20.033716159851544,-0.16614477423326957,0.08661765260842447,2.901245558942261
27.86,-18.0,-3.913043478260869,0.0,0.0,20.049443515754888,-0.16614940771215236,0.08661630280604199,2.9012491358656822
27.87,-18.0,-3.913043478260869,0.0,0.0,20.065170821090437,-0.16615360794357859,0.0866151669830928,2.901252632034281
27.88,-18.0,-3.913043478260869,0.0,0.0,20.080898079242495,-0.16615741299523124,0.08661422125101725,2.9012560399842635
27.89,-18.0,-3.913043478260869,0.0,0.0,20.096625293375805,-0.16616085773170308,0.08661344405059135,2.901259353768747
27.9,-18.0,-3.913043478260869,0.0,0.0,20.11235246644916,-0.16616397407508487,0.08661281594058123,2.9012625687776636
27.91,-18.0,-3.913043478260869,0.0,0.0,20.128079601228222,-0.16616679124496603,0.08661231940478736,2.901265681575652
27.92,-18.0,-3.913043478260869,0.0,0.0,20.14380670029762,-0.1661693359794305,0.08661193867590278,2.9012686897562667
27.93,-18.0,-3.913043478260869,0.0,0.0,20.159533766072332,-0.1661716327385081,0.08661165957476047,2.901271591811045
27.94,-18.0,-3.913043478260869,0.0,0.0,20.175260800808402,-0.16617370389143038,0.08661146936365816,2.901274387012046
27.95,-18.0,-3.913043478260869,0.0,0.0,20.190987806613013,-0.16617556988894489,0.08661135661256175,2.901277075306624
27.96,-18.0,-3.913043478260869,0.0,0.0,20.20671478545397,-0.16617724942185497,0.08661131107708198,2.901279657223258
27.97,-18.0,-3.913043478260869,0.0,0.0,20.2224417391686,-0.16617875956684225,0.08661132358722928,2.901282133787455
27.98,-18.0,-3.913043478260869,0.0,0.0,20.238168669472138,-0.16618011592057336,0.08661138594602108,2.901284506446723
27.99,-18.0,-3.913043478260869,0.0,0.0,20.25389557796555,-0.16618133272300395,0.08661149083709668,2.9012867770037807
28.0,-18.0,-3.913043478260869,0.0,0.0,20.269622466142938,-0.1661824229707265,0.08661163174057196,2.901288947557186
28.01,-18.0,-3.913043478260869,0.0,0.0,20.285349335398436,-0.16618339852114206,0.08661180285642356,2.9012910204486944
28.02,-18.0,-3.913043478260869,0.0,0.0,20.301076187032727,-0.1661842701881846,0.08661199903475492,2.9012929982166495
28.03,-18.0,-3.913043478260869,0.0,0.0,20.3168030222591,-0.16618504783025068,0.08661221571235878,2.901294883554883
28.04,-18.0,-3.913043478260869,0.0,0.0,20.332529842209183,-0.16618574043097412,0.08661244885501501,2.9012966792764656
28.05,-18.0,-3.913043478260869,0.0,0.0,20.348256647938268,-0.16618635617338628,0.08661269490504903,2.9012983882819467
28.06,-18.0,-3.913043478260869,0.0,0.0,20.363983440430335,-0.1661869025080096,0.0866129507336772,2.901300013531528
28.07,-18.0,-3.913043478260869,0.0,0.0,20.379710220602743,-0.1661873862153529,0.08661321359773122,2.901301558020832
28.08,-18.0,-3.913043478260869,0.0,0.0,20.395436989310618,-0.1661878134632635,0.08661348110037798,2.90130302475986
28.09,-18.0,-3.913043478260869,0.0,0.0,20.41116374735098,-0.1661881898595472,0.08661375115548048,2.901304416754813
28.1,-18.0,-3.913043478260869,0.0,0.0,20.42689049546658,-0.16618852050022515,0.08661402195529183,2.9013057369924997
28.11,-18.0,-3.913043478260869,0.0,0.0,20.442617234349516,-0.16618881001379604,0.0866142919411731,2.9013069884269953
28.12,-18.0,-3.913043478260869,0.0,0.0,20.458343964644598,-0.16618906260181032,0.0866145597770791,2.901308173968373
28.13,-18.0,-3.913043478260869,0.0,0.0,20.474070686952505,-0.16618928207605932,0.08661482432556428,2.9013092964732317
28.14,-18.0,-3.913043478260869,0.0,0.0,20.48979740183274,-0.16618947189265598,0.08661508462608064,2.9013103587368385
28.15,-18.0,-3.913043478260869,0.0,0.0,20.505524109806373,-0.16618963518325036,0.08661533987537018,2.901311363486719
28.16,-18.0,-3.913043478260869,0.0,0.0,20.52125081135864,-0.16618977478362962,0.08661558940975067,2.90131231337747
28.17,-18.0,-3.913043478260869,0.0,0.0,20.536977506941344,-0.16618989325989353,0.08661583268914103,2.901313210986725
28.18,-18.0,-3.913043478260869,0.0,0.0,20.552704196975103,-0.1661899929324202,0.08661606928265653,2.9013140588120865
28.19,-18.0,-3.913043478260869,0.0,0.0,20.568430881851462,-0.1661900758977981,0.08661629885563343,2.90131485926891
28.2,-18.0,-3.913043478260869,0.0,0.0,20.584157561934862,-0.1661901440488891,0.0866165211579556,2.9013156146888432
28.21,-18.0,-3.913043478260869,0.0,0.0,20.599884237564467,-0.16619019909317378,0.08661673601356507,2.901316327319035
28.22,-18.0,-3.913043478260869,0.0,0.0,20.615610909055892,-0.16619024256953518,0.08661694331103287,2.9013169993218724
28.23,-18.0,-3.913043478260869,0.0,0.0,20.631337576702794,-0.16619027586358492,0.08661714299511786,2.9013176327752594
28.24,-18.0,-3.913043478260869,0.0,0.0,20.64706424077837,-0.16619030022167913,0.08661733505919322,2.901318229673266
28.25,-18.0,-3.913043478260869,0.0,0.0,20.662790901536763,-0.16619031676371687,0.08661751953847646,2.9013187919271486
28.26,-18.0,-3.913043478260869,0.0,0.0,20.678517559214356,-0.16619032649482257,0.08661769650398543,2.901319321366696
28.27,-18.0,-3.913043478260869,0.0,0.0,20.694244214030984,-0.1661903303160126,0.08661786605714672,2.9013198197418015
28.28,-18.0,-3.913043478260869,0.0,0.0,20.70997086619108,-0.16619032903393194,0.08661802832498888,2.901320288724233
28.29,-18.0,-3.913043478260869,0.0,0.0,20.725697515884733,-0.16619032336972794,0.08661818345588251,2.9013207299096098
28.3,-18.0,-3.913043478260869,0.0,0.0,20.74142416328866,-0.16619031396714457,0.08661833161575389,2.9013211448194824
28.31,-18.0,-3.913043478260869,0.0,0.0,20.757150808567147,-0.16619030139990132,0.08661847298473585,2.9013215349035315
28.32,-18.0,-3.913043478260869,0.0,0.0,20.772877451872894,-0.16619028617840947,0.0866186077542152,2.9013219015418468
28.33,-18.0,-3.913043478260869,0.0,0.0,20.788604093347825,-0.1661902687558965,0.08661873612422549,2.901322246047245
28.34,-18.0,-3.913043478260869,0.0,0.0,20.804330733123827,-0.16619024953397266,0.08661885830116672,2.90132256966765
28.35,-18.0,-3.913043478260869,0.0,0.0,20.820057371323454,-0.16619022886770174,0.0866189744958023,2.9013228735884615
28.36,-18.0,-3.913043478260869,0.0,0.0,20.835784008060568,-0.16619020707020482,0.08661908492152104,2.9013231589349546
28.37,-18.0,-3.913043478260869,0.0,0.0,20.85151064344095,-0.16619018441685518,0.08661918979281907,2.9013234267746375
28.38,-18.0,-3.913043478260869,0.0,0.0,20.86723727756286,-0.16619016114907836,0.08661928932399648,2.9013236781196166
28.39,-18.0,-3.913043478260869,0.0,0.0,20.882963910517564,-0.16619013747780786,0.08661938372803402,2.901323913928913
28.4,-18.0,-3.913043478260869,0.0,0.0,20.89869054238982,-0.16619011358662328,0.08661947321563096,2.901324135110736
28.41,-18.0,-3.913043478260869,0.0,0.0,20.914417173258332,-0.16619008963458892,0.08661955799439769,2.9013243425247297
28.42,-18.0,-3.913043478260869,0.0,0.0,20.930143803196184,-0.16619006575883355,0.08661963826817026,2.901324536984145
28.43,-18.0,-3.913043478260869,0.0,0.0,20.945870432271228,-0.16619004207688426,0.08661971423644332,2.901324719257965
28.44,-18.0,-3.913043478260869,0.0,0.0,20.961597060546445,-0.16619001868877636,0.08661978609391124,2.901324890072987
28.45,-18.0,-3.913043478260869,0.0,0.0,20.977323688080304,-0.16618999567896808,0.0866198540300886,2.9013250501158008
28.46,-18.0,-3.913043478260869,0.0,0.0,20.993050314927068,-0.1661899731180645,0.08661991822902176,2.9013252000347483
28.47,-18.0,-3.913043478260869,0.0,0.0,21.008776941137093,-0.16618995106437806,0.08661997886906514,2.90132534044179
28.48,-18.0,-3.913043478260869,0.0,0.0,21.024503566757105,-0.16618992956533596,0.08662003612271951,2.9013254719143093
28.49,-18.0,-3.913043478260869,0.0,0.0,21.040230191830464,-0.1661899086587506,0.08662009015652389,2.9013255949968446
28.5,-18.0,-3.913043478260869,0.0,0.0,21.055956816397394,-0.16618988837395943,0.0866201411309987,2.90132571020278
28.51,-18.0,-3.913043478260869,0.0,0.0,21.071683440495207,-0.16618986873285513,0.08662018920062514,2.9013258180159376
28.52,-18.0,-3.913043478260869,0.0,0.0,21.08741006415851,-0.16618984975081053,0.0866202345138593,2.9013259188921148
28.53,-18.0,-3.913043478260869,0.0,0.0,21.103136687419404,-0.16618983143750654,0.08662027721318066,2.9013260132605687
28.54,-18.0,-3.913043478260869,0.0,0.0,21.118863310307656,-0.1661898137976816,0.0866203174351603,2.90132610152541
28.55,-18.0,-3.913043478260869,0.0,0.0,21.134589932850865,-0.16618979683179003,0.0866203553105599,2.9013261840669777
28.56,-18.0,-3.913043478260869,0.0,0.0,21.150316555074625,-0.16618978053660793,0.08662039096443663,2.901326261243095
28.57,-18.0,-3.913043478260869,0.0,0.0,21.16604317700266,-0.1661897649057591,0.08662042451627444,2.901326333390322
28.58,-18.0,-3.913043478260869,0.0,0.0,21.18176979865696,-0.16618974993019164,0.08662045608012175,2.901326400825119
28.59,-18.0,-3.913043478260869,0.0,0.0,21.19749642005791,-0.1661897355986055,0.08662048576473608,2.9013264638449434
28.6,-18.0,-3.913043478260869,0.0,0.0,21.2132230412244,-0.1661897218978199,0.08662051367374801,2.901326522729345
28.61,-18.0,-3.913043478260869,0.0,0.0,21.228949662173935,-0.16618970881311523,0.08662053990581392,2.9013265777409374
28.62,-18.0,-3.913043478260869,0.0,0.0,21.24467628292274,-0.16618969632852276,0.08662056455478861,2.9013266291263795
28.63,-18.0,-3.913043478260869,0.0,0.0,21.26040290348584,-0.16618968442708604,0.0866205877098909,2.9013266771172788
28.64,-18.0,-3.913043478260869,0.0,0.0,21.27612952387716,-0.166189673091091,0.08662060945587335,2.9013267219310523
28.65,-18.0,-3.913043478260869,0.0,0.0,21.29185614410959,-0.16618966230226606,0.08662062987319408,2.9013267637717504
28.66,-18.0,-3.913043478260869,0.0,0.0,21.307582764195082,-0.166189652041961,0.08662064903818173,2.901326802830819
28.67,-18.0,-3.913043478260869,0.0,0.0,21.323309384144693,-0.16618964229129474,0.08662066702320931,2.9013268392878553
28.68,-18.0,-3.913043478260869,0.0,0.0,21.339036003968666,-0.16618963303129464,0.08662068389685462,2.901326873311287
28.69,-18.0,-3.913043478260869,0.0,0.0,21.354762623676486,-0.16618962424300876,0.08662069972406422,2.9013269050590327
28.7,-18.0,-3.913043478260869,0.0,0.0,21.370489243276932,-0.1661896159076035,0.0866207145663152,2.9013269346791346
28.71,-18.0,-3.913043478260869,0.0,0.0,21.38621586277813,-0.16618960800645,0.08662072848176855,2.9013269623103364
28.72,-18.0,-3.913043478260869,0.0,0.0,21.401942482187607,-0.1661896005211967,0.08662074152541904,2.9013269880826345
28.73,-18.0,-3.913043478260869,0.0,0.0,21.417669101512324,-0.16618959343382445,0.08662075374924938,2.901327012117826
28.74,-18.0,-3.913043478260869,0.0,0.0,21.433395720758725,-0.1661895867267018,0.08662076520236556,2.9013270345299786
28.75,-18.0,-3.913043478260869,0.0,0.0,21.44912233993277,-0.1661895803826221,0.0866207759311407,2.901327055425914
28.76,-18.0,-3.913043478260869,0.0,0.0,21.464848959039976,-0.16618957438483806,0.08662078597934653,2.901327074905645
28.77,-18.0,-3.913043478260869,0.0,0.0,21.480575578085446,-0.16618956871708734,0.08662079538828193,2.9013270930627852
28.78,-18.0,-3.913043478260869,0.0,0.0,21.496302197073902,-0.16618956336361146,0.08662080419689855,2.901327109984952
28.79,-18.0,-3.913043478260869,0.0,0.0,21.512028816009707,-0.1661895583091686,0.08662081244192071,2.901327125754134
28.8,-18.0,-3.913043478260869,0.0,0.0,21.5277554348969,-0.1661895535390463,0.08662082015795736,2.901327140447028
28.81,-18.0,-3.913043478260869,0.0,0.0,21.543482053739215,-0.16618954903906413,0.08662082737761512,2.9013271541353802
28.82,-18.0,-3.913043478260869,0.0,0.0,21.5592086725401,-0.1661895447955748,0.08662083413160193,2.9013271668862908
28.83,-18.0,-3.913043478260869,0.0,0.0,21.57493529130275,-0.166189540795465,0.08662084044882828,2.9013271787624975
28.84,-18.0,-3.913043478260869,0.0,0.0,21.590661910030114,-0.1661895370261508,0.08662084635650247,2.901327189822654
28.85,-18.0,-3.913043478260869,0.0,0.0,21.606388528724917,-0.16618953347556742,0.08662085188022584,2.9013272001215906
28.86,-18.0,-3.913043478260869,0.0,0.0,21.622115147389678,-0.16618953013216675,0.08662085704407652,2.9013272097105487
28.87,-18.0,-3.913043478260869,0.0,0.0,21.637841766026728,-0.1661895269849043,0.08662086187069484,2.9013272186374066
28.88,-18.0,-3.913043478260869,0.0,0.0,21.653568384638216,-0.16618952402322607,0.08662086638136485,2.9013272269469046
28.89,-18.0,-3.913043478260869,0.0,0.0,21.669295003226132,-0.16618952123706188,0.08662087059608586,2.9013272346808265
28.9,-18.0,-3.913043478260869,0.0,0.0,21.68502162179231,-0.16618951861680564,0.08662087453364942,2.9013272418782092
28.91,-18.0,-3.913043478260869,0.0,0.0,21.700748240338445,-0.1661895161533069,0.08662087821170322,2.9013272485754955
28.92,-18.0,-3.913043478260869,0.0,0.0,21.716474858866103,-0.16618951383785285,0.08662088164682008,2.901327254806723
28.93,-18.0,-3.913043478260869,0.0,0.0,21.732201477376734,-0.16618951166215679,0.0866208848545556,2.901327260603659
28.94,-18.0,-3.913043478260869,0.0,0.0,21.747928095871668,-0.16618950961833923,0.08662088784951211,2.901327265995965
28.95,-18.0,-3.913043478260869,0.0,0.0,21.76365471435214,-0.1661895076989175,0.08662089064538775,2.9013272710113176
28.96,-18.0,-3.913043478260869,0.0,0.0,21.779381332819284,-0.16618950589678638,0.08662089325503464,2.901327275675547
28.97,-18.0,-3.913043478260869,0.0,0.0,21.795107951274154,-0.1661895042052075,0.08662089569050418,2.90132728001275
28.98,-18.0,-3.913043478260869,0.0,0.0,21.81083456971772,-0.16618950261779064,0.0866208979630973,2.901327284045409
28.99,-18.0,-3.913043478260869,0.0,0.0,21.826561188150873,-0.16618950112847974,0.08662090008340834,2.9013272877944987
29.0,-18.0,-3.913043478260869,0.0,0.0,21.842287806574436,-0.16618949973154096,0.0866209020613658,2.901327291279576
29.01,-18.0,-3.913043478260869,0.0,0.0,21.85801442498917,-0.16618949842154707,0.0866209039062728,2.901327294518878
29.02,-18.0,-3.913043478260869,0.0,0.0,21.873741043395782,-0.1661894971933633,0.08662090562684477,2.9013272975294098
29.03,-18.0,-3.913043478260869,0.0,0.0,21.889467661794914,-0.16618949604213373,0.08662090723124571,2.9013273003270266
29.04,-18.0,-3.913043478260869,0.0,0.0,21.905194280187168,-0.16618949496326985,0.08662090872711942,2.901327302926502
29.05,-18.0,-3.913043478260869,0.0,0.0,21.920920898573087,-0.16618949395243465,0.08662091012162504,2.9013273053416206
29.06,-18.0,-3.913043478260869,0.0,0.0,21.936647516953183,-0.1661894930055361,0.08662091142146078,2.9013273075852073
29.07,-18.0,-3.913043478260869,0.0,0.0,21.952374135327922,-0.16618949211870904,0.08662091263289834,2.9013273096692282
29.08,-18.0,-3.913043478260869,0.0,0.0,21.968100753697737,-0.16618949128830884,0.08662091376180392,2.901327311604822
29.09,-18.0,-3.913043478260869,0.0,0.0,21.983827372063022,-0.16618949051089538,0.08662091481366846,2.901327313402375
29.1,-18.0,-3.913043478260869,0.0,0.0,21.999553990424143,-0.16618948978322745,0.08662091579362619,2.901327315071552
29.11,-18.0,-3.913043478260869,0.0,0.0,22.01528060878144,-0.16618948910224973,0.08662091670647953,2.901327316621359
29.12,-18.0,-3.913043478260869,0.0,0.0,22.03100722713522,-0.16618948846508452,0.08662091755671841,2.9013273180601793
29.13,-18.0,-3.913043478260869,0.0,0.0,22.046733845485768,-0.16618948786901955,0.08662091834854219,2.9013273193958273
29.14,-18.0,-3.913043478260869,0.0,0.0,22.06246046383335,-0.16618948731150462,0.08662091908587366,2.9013273206355645
29.15,-18.0,-3.913043478260869,0.0,0.0,22.078187082178207,-0.166189486790137,0.08662091977238151,2.901327321786161
29.16,-18.0,-3.913043478260869,0.0,0.0,22.093913700520563,-0.1661894863026574,0.08662092041149216,2.9013273228539136
29.17,-18.0,-3.913043478260869,0.0,0.0,22.10964031886062,-0.16618948584693882,0.08662092100640917,2.9013273238446877
29.18,-18.0,-3.913043478260869,0.0,0.0,22.12536693719857,-0.16618948542098466,0.08662092156012186,2.901327324763932
29.19,-18.0,-3.913043478260869,0.0,0.0,22.141093555534585,-0.16618948502291508,0.08662092207542521,2.901327325616727
29.2,-18.0,-3.913043478260869,0.0,0.0,22.156820173868827,-0.16618948465096595,0.08662092255492698,2.9013273264077886
29.21,-18.0,-3.913043478260869,0.0,0.0,22.17254679220144,-0.16618948430347769,0.08662092300106417,2.9013273271415136
29.22,-18.0,-3.913043478260869,0.0,0.0,22.18827341053256,-0.166189483978892,0.08662092341611166,2.9013273278219893
29.23,-18.0,-3.913043478260869,0.0,0.0,22.20400002886231,-0.1661894836757476,0.08662092380219077,2.9013273284530086
29.24,-18.0,-3.913043478260869,0.0,0.0,22.219726647190807,-0.16618948339267048,0.08662092416128353,2.901327329038108
29.25,-18.0,-3.913043478260869,0.0,0.0,22.235453265518156,-0.166189483128373,0.08662092449523828,2.9013273295805715
29.26,-18.0,-3.913043478260869,0.0,0.0,22.25117988384445,-0.16618948288164415,0.08662092480578176,2.901327330083459
29.27,-18.0,-3.913043478260869,0.0,0.0,22.266906502169782,-0.16618948265135147,0.0866209250945213,2.901327330549602
29.28,-18.0,-3.913043478260869,0.0,0.0,22.28263312049423,-0.16618948243642984,0.08662092536295951,2.901327330981647
29.29,-18.0,-3.913043478260869,0.0,0.0,22.29835973881787,-0.16618948223588315,0.08662092561249546,2.9013273313820402
29.3,-18.0,-3.913043478260869,0.0,0.0,22.314086357140766,-0.16618948204877482,0.08662092584443626,2.9013273317530692
29.31,-18.0,-3.913043478260869,0.0,0.0,22.32981297546299,-0.16618948187423,0.08662092605999738,2.9013273320968436
29.32,-18.0,-3.913043478260869,0.0,0.0,22.345539593784594,-0.1661894817114271,0.08662092626031503,2.9013273324153364
29.33,-18.0,-3.913043478260869,0.0,0.0,22.36126621210563,-0.16618948155959634,0.08662092644644703,2.9013273327103786
29.34,-18.0,-3.913043478260869,0.0,0.0,22.37699283042615,-0.16618948141801826,0.0866209266193787,2.9013273329836604
29.35,-18.0,-3.913043478260869,0.0,0.0,22.392719448746195,-0.16618948128601652,0.08662092678003064,2.90132733323677
29.36,-18.0,-3.913043478260869,0.0,0.0,22.40844606706581,-0.16618948116296162,0.08662092692925666,2.9013273334711616
29.37,-18.0,-3.913043478260869,0.0,0.0,22.42417268538503,-0.1661894810482607,0.08662092706785635,2.901327333688202
29.38,-18.0,-3.913043478260869,0.0,0.0,22.439899303703893,-0.1661894809413611,0.08662092719657172,2.901327333889153
29.39,-18.0,-3.913043478260869,0.0,0.0,22.455625922022424,-0.16618948084174412,0.08662092731609627,2.9013273340751904
29.4,-18.0,-3.913043478260869,0.0,0.0,22.471352540340657,-0.16618948074892614,0.08662092742707339,2.9013273342473975
29.41,-18.0,-3.913043478260869,0.0,0.0,22.487079158658617,-0.16618948066245376,0.0866209275301042,2.901327334406789
29.42,-18.0,-3.913043478260869,0.0,0.0,22.502805776976327,-0.16618948058190286,0.08662092762574736,2.9013273345543014
29.43,-18.0,-3.913043478260869,0.0,0.0,22.51853239529381,-0.16618948050687754,0.08662092771452357,2.901327334690806
29.44,-18.0,-3.913043478260869,0.0,0.0,22.534259013611088,-0.1661894804370072,0.08662092779691677,2.901327334817109
29.45,-18.0,-3.913043478260869,0.0,0.0,22.549985631928177,-0.16618948037194525,0.08662092787337833,2.9013273349339617
29.46,-18.0,-3.913043478260869,0.0,0.0,22.565712250245095,-0.1661894803113686,0.08662092794432763,2.901327335042058
29.47,-18.0,-3.913043478260869,0.0,0.0,22.581438868561857,-0.16618948025497393,0.0866209280101557,2.9013273351420446
29.48,-18.0,-3.913043478260869,0.0,0.0,22.597165486878477,-0.16618948020247926,0.0866209280712254,2.9013273352345195
29.49,-18.0,-3.913043478260869,0.0,0.0,22.61289210519497,-0.16618948015362078,0.08662092812787475,2.901327335320035
29.5,-18.0,-3.913043478260869,0.0,0.0,22.628618723511345,-0.1661894801081516,0.08662092818041861,2.901327335399109
29.51,-18.0,-3.913043478260869,0.0,0.0,22.644345341827613,-0.16618948006584144,0.08662092822914941,2.9013273354722178
29.52,-18.0,-3.913043478260869,0.0,0.0,22.660071960143785,-0.1661894800264756,0.08662092827433882,2.901327335539802
29.53,-18.0,-3.913043478260869,0.0,0.0,22.675798578459872,-0.16618947998985356,0.08662092831623963,2.9013273356022715
29.54,-18.0,-3.913043478260869,0.0,0.0,22.691525196775878,-0.1661894799557868,0.0866209283550885,2.901327335660013
29.55,-18.0,-3.913043478260869,0.0,0.0,22.707251815091812,-0.16618947992410193,0.08662092839110258,2.9013273357133706
29.56,-18.0,-3.913043478260869,0.0,0.0,22.722978433407683,-0.16618947989463528,0.08662092842448549,2.901327335762674
29.57,-18.0,-3.913043478260869,0.0,0.0,22.738705051723496,-0.16618947986723498,0.08662092845542635,2.901327335808225
29.58,-18.0,-3.913043478260869,0.0,0.0,22.754431670039256,-0.1661894798417578,0.0866209284841013,2.9013273358503073
29.59,-18.0,-3.913043478260869,0.0,0.0,22.770158288354967,-0.16618947981807186,0.08662092851067338,2.9013273358891807
29.6,-18.0,-3.913043478260869,0.0,0.0,22.785884906670635,-0.16618947979605436,0.08662092853529363,2.901327335925081
29.61,-18.0,-3.913043478260869,0.0,0.0,22.801611524986264,-0.16618947977558918,0.0866209285581036,2.9013273359582348
29.62,-18.0,-3.913043478260869,0.0,0.0,22.81733814330186,-0.16618947975656995,0.08662092857923337,2.901327335988844
29.63,-18.0,-3.913043478260869,0.0,0.0,22.833064761617425,-0.16618947973889497,0.08662092859880588,2.9013273360171077
29.64,-18.0,-3.913043478260869,0.0,0.0,22.848791379932962,-0.1661894797224719,0.08662092861693343,2.9013273360431984
29.65,-18.0,-3.913043478260869,0.0,0.0,22.864517998248473,-0.16618947970721365,0.08662092863372056,2.90132733606728
29.66,-18.0,-3.913043478260869,0.0,0.0,22.88024461656396,-0.16618947969303854,0.08662092864926568,2.9013273360895075
29.67,-18.0,-3.913043478260869,0.0,0.0,22.89597123487943,-0.16618947967987263,0.08662092866365745,2.901327336110014
29.68,-18.0,-3.913043478260869,0.0,0.0,22.91169785319488,-0.16618947966764397,0.08662092867698146,2.9013273361289365
29.69,-18.0,-3.913043478260869,0.0,0.0,22.927424471510314,-0.16618947965628683,0.08662092868931565,2.9013273361463954
29.7,-18.0,-3.913043478260869,0.0,0.0,22.943151089825733,-0.16618947964574105,0.08662092870073185,2.9013273361624976
29.71,-18.0,-3.913043478260869,0.0,0.0,22.958877708141138,-0.16618947963594932,0.08662092871129745,2.9013273361773506
29.72,-18.0,-3.913043478260869,0.0,0.0,22.974604326456532,-0.16618947962685904,0.08662092872107402,2.901327336191046
29.73,-18.0,-3.913043478260869,0.0,0.0,22.990330944771916,-0.16618947961842023,0.08662092873012062,2.9013273362036744
29.74,-18.0,-3.913043478260869,0.0,0.0,23.006057563087293,-0.16618947961058783,0.0866209287384897,2.901327336215315
29.75,-18.0,-3.913043478260869,0.0,0.0,23.021784181402662,-0.16618947960331876,0.0866209287462319,2.901327336226046
29.76,-18.0,-3.913043478260869,0.0,0.0,23.037510799718024,-0.1661894795965726,0.0866209287533935,2.901327336235937
29.77,-18.0,-3.913043478260869,0.0,0.0,23.05323741803338,-0.1661894795903125,0.08662092876001731,2.901327336245053
29.78,-18.0,-3.913043478260869,0.0,0.0,23.06896403634873,-0.16618947958450492,0.08662092876614236,2.9013273362534497
29.79,-18.0,-3.913043478260869,0.0,0.0,23.084690654664076,-0.16618947957911634,0.08662092877180672,2.9013273362611893
29.8,-18.0,-3.913043478260869,0.0,0.0,23.100417272979417,-0.16618947957411834,0.08662092877704303,2.9013273362683156
29.81,-18.0,-3.913043478260869,0.0,0.0,23.116143891294755,-0.1661894795694825,0.0866209287818841,2.9013273362748793
29.82,-18.0,-3.913043478260869,0.0,0.0,23.13187050961009,-0.16618947956518282,0.08662092878635919,2.901327336280924
29.83,-18.0,-3.913043478260869,0.0,0.0,23.147597127925422,-0.16618947956119667,0.08662092879049438,2.901327336286487
29.84,-18.0,-3.913043478260869,0.0,0.0,23.163323746240753,-0.1661894795574994,0.08662092879431688,2.9013273362916108
29.85,-18.0,-3.913043478260869,0.0,0.0,23.179050364556083,-0.16618947955407237,0.0866209287978481,2.9013273362963243
29.86,-18.0,-3.913043478260869,0.0,0.0,23.19477698287141,-0.16618947955089447,0.08662092880111166,2.9013273363006657
29.87,-18.0,-3.913043478260869,0.0,0.0,23.210503601186737,-0.1661894795479495,0.08662092880412586,2.901327336304657
29.88,-18.0,-3.913043478260869,0.0,0.0,23.226230219502064,-0.16618947954521968,0.08662092880691008,2.901327336308329
29.89,-18.0,-3.913043478260869,0.0,0.0,23.241956837817387,-0.16618947954268926,0.08662092880948252,2.9013273363117102
29.9,-18.0,-3.913043478260869,0.0,0.0,23.25768345613271,-0.16618947954034513,0.08662092881185729,2.901327336314816
29.91,-18.0,-3.913043478260869,0.0,0.0,23.273410074448034,-0.16618947953817287,0.08662092881405026,2.901327336317673
29.92,-18.0,-3.913043478260869,0.0,0.0,23.289136692763357,-0.16618947953616048,0.08662092881607486,2.901327336320299
29.93,-18.0,-3.913043478260869,0.0,0.0,23.30486331107868,-0.1661894795342964,0.08662092881794392,2.9013273363227126
29.94,-18.0,-3.913043478260869,0.0,0.0,23.320589929394004,-0.16618947953256935,0.08662092881966921,2.901327336324931
29.95,-18.0,-3.913043478260869,0.0,0.0,23.336316547709327,-0.16618947953097019,0.08662092882126121,2.901327336326969
29.96,-18.0,-3.913043478260869,0.0,0.0,23.35204316602465,-0.16618947952948915,0.08662092882273059,2.901327336328842
29.97,-18.0,-3.913043478260869,0.0,0.0,23.367769784339973,-0.1661894795281178,0.08662092882408617,2.901327336330562
29.98,-18.0,-3.913043478260869,0.0,0.0,23.383496402655297,-0.16618947952684837,0.08662092882533651,2.901327336332141
29.99,-18.0,-3.913043478260869,0.0,0.0,23.399223020970624,-0.16618947952567353,0.08662092882648925,2.901327336333588
30.0,-18.0,-3.913043478260869,0.0,0.0,23.41494963928595,-0.16618947952458551,0.08662092882755323,2.901327336334919
30.01,-18.0,-2.3478260869565215,0.0,0.0,23.430938613739716,-0.16333584909791932,0.2075583859604473,2.8993393702780206
30.02,-18.0,-2.3478260869565215,0.0,0.0,23.44715336993334,-0.16141891798152175,0.19579294364145405,2.897141325116891
30.03,-18.0,-2.3478260869565215,0.0,0.0,23.463562158494614,-0.16026854790505007,0.18518495223821307,2.894801045028847
30.04,-18.0,-2.3478260869565215,0.0,0.0,23.480137467229028,-0.159739484312432,0.17562289333859027,2.8923748622391225
30.05,-18.0,-2.3478260869565215,0.0,0.0,23.496855484841788,-0.15970885137733326,0.16700536824597967,2.8899090348445817
30.06,-18.0,-2.3478260869565215,0.0,0.0,23.513695621305875,-0.16007346364907415,0.1592403535838398,2.8874411081012954
30.07,-18.0,-2.3478260869565215,0.0,0.0,23.53064008444208,-0.1607471932293787,0.15224442767319202,2.8850011583168302
30.08,-18.0,-2.3478260869565215,0.0,0.0,23.54767350926367,-0.16165852348107634,0.1459420192870987,2.882612905063923
30.09,-18.0,-2.3478260869565215,0.0,0.0,23.56478263520472,-0.1627483509904013,0.14026470393871004,2.880294691760499
30.1,-18.0,-2.3478260869565215,0.0,0.0,23.581956025880984,-0.1639680546603981,0.13515055731433379,2.878060341947723
30.11,-18.0,-2.3478260869565215,0.0,0.0,23.59918382611859,-0.1652778257351324,0.13054356682235524,2.8759199018944344
30.12,-18.0,-2.3478260869565215,0.0,0.0,23.616457551365695,-0.16664523912327178,0.1263930978587844,2.8738802812407287
30.13,-18.0,-2.3478260869565215,0.0,0.0,23.63376990511232,-0.16804404033994036,0.12265340957112691,2.871945803295807
30.14,-18.0,-2.3478260869565215,0.0,0.0,23.651114620485643,-0.1694531208054797,0.11928321452757962,2.870118675917606
30.15,-18.0,-2.3478260869565215,0.0,0.0,23.668486322708254,-0.17085565519507373,0.11624527707109067,2.8683993929581533
30.16,-18.0,-2.3478260869565215,0.0,0.0,23.685880409578587,-0.1722383767827682,0.1135060458316911,2.8667870752413123
30.17,-18.0,-2.3478260869565215,0.0,0.0,23.703292947545854,-0.17359096950219932,0.11103531663784416,2.8652797590438577
30.18,-18.0,-2.3478260869565215,0.0,0.0,23.720720581306132,-0.17490555830741172,0.10880592277632628,2.8638746391223875
30.19,-18.0,-2.3478260869565215,0.0,0.0,23.738160455145973,-0.17617628211904357,0.10679345014316988,2.862568272486392
30.2,-18.0,-2.3478260869565215,0.0,0.0,23.75561014451218,-0.17739893607075774,0.1049759752935957,2.8613567483647757
30.21,-18.0,-2.3478260869565215,0.0,0.0,23.773067596497615,-0.17857067189057085,0.10333382474850106,2.860235829144704
30.22,-18.0,-2.3478260869565215,0.0,0.0,23.790531078110202,-0.17968974706600704,0.10184935416763508,2.859201066467362
30.23,-18.0,-2.3478260869565215,0.0,0.0,23.80799913134137,-0.18075531497501984,0.10050674617290478,2.8582478961350426
30.24,-18.0,-2.3478260869565215,0.0,0.0,23.825470534176247,-0.1817672494485325,0.0992918257142279,2.857371715009932
30.25,-18.0,-2.3478260869565215,0.0,0.0,23.842944266795527,-0.1827259982992926,0.09819189192895739,2.856567942661232
30.26,-18.0,-2.3478260869565215,0.0,0.0,23.860419482311187,-0.18363246123814392,0.09719556546942965,2.8558320701415942
30.27,-18.0,-2.3478260869565215,0.0,0.0,23.87789548145881,-0.18448788833333518,0.09629265027715006,2.855159697942833
30.28,-18.0,-2.3478260869565215,0.0,0.0,23.8953716907393,-0.18529379577772653,0.095474008781121,2.854546564892632
30.29,-18.0,-2.3478260869565215,0.0,0.0,23.91284764356468,-0.18605189623604312,0.09473144950225709,2.853988569503449
30.3,-18.0,-2.3478260869565215,0.0,0.0,23.93032296401726,-0.18676404146835823,0.09405762606193968,2.8534817850682406
30.31,-18.0,-2.3478260869565215,0.0,0.0,23.947797352879512,-0.18743217528213596,0.09344594662204209,2.8530224696097943
30.32,-18.0,-2.3478260869565215,0.0,0.0,23.965270575634733,-0.18805829516528938,0.09289049282484896,2.8526070716274137
30.33,-18.0,-2.3478260869565215,0.0,0.0,23.982742452175973,-0.18864442120627745,0.0923859473512022,2.852232232442888
30.34,-18.0,-2.3478260869565215,0.0,0.0,24.00021284799386,-0.18919257112183963,0.09192752927059922,2.85189478582421
30.35,-18.0,-2.3478260869565215,0.0,0.0,24.01768166664315,-0.18970474039462948,0.09151093641497565,2.8515917554582955
30.36,-18.0,-2.3478260869565215,0.0,0.0,24.035148843313333,-0.1901828866768609,0.09113229406639833,2.851320350751276
30.37,-18.0,-2.3478260869565215,0.0,0.0,24.05261433935135,-0.19062891774647084,0.09078810930628367,2.851077961354852
30.38,-18.0,-2.3478260869565215,0.0,0.0,24.070078137604064,-0.1910446824127272,0.09047523042930616,2.8508621507488985
30.39,-18.0,-2.3478260869565215,0.0,0.0,24.08754023846572,-0.19143196386191663,0.09019081087814595,2.850670649151977
30.4,-18.0,-2.3478260869565215,0.0,0.0,24.105000656530702,-0.19179247501314522,0.08993227720554253,2.8505013459821753
30.41,-18.0,-2.3478260869565215,0.0,0.0,24.122459417765313,-0.1921278555217647,0.08969730061737935,2.850352282048752
30.42,-18.0,-2.3478260869565215,0.0,0.0,24.139916557124003,-0.19243967012516938,0.08948377169482102,2.850221641620185
30.43,-18.0,-2.3478260869565215,0.0,0.0,24.15737211654558,-0.1927294080743378,0.08928977793466897,2.8501077444848613
30.44,-18.0,-2.3478260869565215,0.0,0.0,24.17482614327389,-0.1929984834358196,0.08911358378512435,2.8500090380961924
30.45,-18.0,-2.3478260869565215,0.0,0.0,24.192278688455136,-0.19324823608391828,0.08895361288908232,2.849924089873672
30.46,-18.0,-2.3478260869565215,0.0,0.0,24.20972980597073,-0.19347993323258894,0.0888084322789705,2.8498515797146093
30.47,-18.0,-2.3478260869565215,0.0,0.0,24.22717955147038,-0.19369477138181335,0.0886767382960727,2.849790292757344
30.48,-18.0,-2.3478260869565215,0.0,0.0,24.24462798157514,-0.19389387857457274,0.08855734403341764,2.8497391124254317
30.49,-18.0,-2.3478260869565215,0.0,0.0,24.26207515322453,-0.19407831687861332,0.0884491681247821,2.8496970137729702
30.5,-18.0,-2.3478260869565215,0.0,0.0,24.2795211231455,-0.19424908502247407,0.08835122472331525,2.8496630571436086
30.51,-18.0,-2.3478260869565215,0.0,0.0,24.29696594742432,-0.19440712112809422,0.08826261453199613,2.8496363821497375
30.52,-18.0,-2.3478260869565215,0.0,0.0,24.31440968116522,-0.19455330549315852,0.08818251676468392,2.849616201973355
30.53,-18.0,-2.3478260869565215,0.0,0.0,24.331852378221985,-0.1946884633853947,0.08811018193119557,2.849601797986332
30.54,-18.0,-2.3478260869565215,0.0,0.0,24.349294090990718,-0.19481336781867187,0.08804492535275232,2.849592514684623
30.55,-18.0,-2.3478260869565215,0.0,0.0,24.36673487025382,-0.19492874228708512,0.08798612132550854,2.8495877549286583
30.56,-18.0,-2.3478260869565215,0.0,0.0,24.38417476506666,-0.19503526343850464,0.08793319785986697,2.849586975480386
30.57,-18.0,-2.3478260869565215,0.0,0.0,24.401613822679714,-0.19513356367344903,0.08788563193204457,2.849589682826135
30.58,-18.0,-2.3478260869565215,0.0,0.0,24.41905208849004,-0.19522423365879948,0.08784294519198954,2.849595429273461
30.59,-18.0,-2.3478260869565215,0.0,0.0,24.436489606016924,-0.19530782474882158,0.0878047000785045,2.849603809309702
30.6,-18.0,-2.3478260869565215,0.0,0.0,24.453926416897282,-0.19538485130845773,0.08777049629824474,2.849614456209448
30.61,-18.0,-2.3478260869565215,0.0,0.0,24.471362560897123,-0.19545579293580517,0.08773996763043002,2.8496270388781846
30.62,-18.0,-2.3478260869565215,0.0,0.0,24.48879807593591,-0.19552109658234684,0.08771277902356167,2.8496412589192683
30.63,-18.0,-2.3478260869565215,0.0,0.0,24.50623299812125,-0.19558117857079793,0.08768862395434496,2.8496568479115783
30.64,-18.0,-2.3478260869565215,0.0,0.0,24.52366736179159,-0.19563642651142832,0.08766722202248656,2.8496735648856215
30.65,-18.0,-2.3478260869565215,0.0,0.0,24.541101199565183,-0.19568720111859905,0.08764831675795992,2.849691193985932
30.66,-18.0,-2.3478260869565215,0.0,0.0,24.558534542393677,-0.19573383792981458,0.08763167362002,2.8497095423083083
30.67,-18.0,-2.3478260869565215,0.0,0.0,24.575967419619037,-0.19577664893011448,0.08761707816950426,2.849728437900693
30.68,-18.0,-2.3478260869565215,0.0,0.0,24.593399859032793,-0.19581592408496817,0.08760433439797677,2.849747727917018
30.69,-18.0,-2.3478260869565215,0.0,0.0,24.610831886936626,-0.19585193278506852,0.08759326319906224,2.8497672769139255
30.7,-18.0,-2.3478260869565215,0.0,0.0,24.62826352820364,-0.19588492520662348,0.0875837009688345,2.8497869652806074
30.71,-18.0,-2.3478260869565215,0.0,0.0,24.645694806339648,-0.19591513359079138,0.0875754983235355,2.8498066877927197
30.72,-18.0,-2.3478260869565215,0.0,0.0,24.663125743544047,-0.19594277344599598,0.08756851892406581,2.849826352281625
30.73,-18.0,-2.3478260869565215,0.0,0.0,24.68055636076982,-0.19596804467681594,0.08756263839778922,2.849845878410879
30.74,-18.0,-2.3478260869565215,0.0,0.0,24.69798667778243,-0.19599113264313783,0.0875577433491046,2.8498651965522024
30.75,-18.0,-2.3478260869565215,0.0,0.0,24.715416713217287,-0.19601220915315754,0.08755373045110926,2.8498842467538164
30.76,-18.0,-2.3478260869565215,0.0,0.0,24.732846484635626,-0.19603143339376738,0.08755050561138766,2.8499029777942964
30.77,-18.0,-2.3478260869565215,0.0,0.0,24.75027600857868,-0.19604895280173773,0.08754798320563395,2.8499213463156248
30.78,-18.0,-2.3478260869565215,0.0,0.0,24.76770530062,-0.19606490387899322,0.0875460853734128,2.849939316029539
30.79,-18.0,-2.3478260869565215,0.0,0.0,24.785134375415883,-0.19607941295516174,0.08754474137087198,2.8499568569916027
30.8,-18.0,-2.3478260869565215,0.0,0.0,24.80256324675384,-0.19609259690044523,0.08754388697570148,2.849973944937847
30.81,-18.0,-2.3478260869565215,0.0,0.0,24.819991927599133,-0.19610456379172936,0.08754346394005175,2.849990560679162
30.82,-18.0,-2.3478260869565215,0.0,0.0,24.837420430139304,-0.1961154135347123,0.08754341948750333,2.85000668954895
30.83,-18.0,-2.3478260869565215,0.0,0.0,24.854848765826784,-0.19612523844470697,0.08754370585051996,2.850022320899875
30.84,-18.0,-2.3478260869565215,0.0,0.0,24.872276945419568,-0.19613412378863448,0.0875442798451227,2.85003744764581
30.85,-18.0,-2.3478260869565215,0.0,0.0,24.88970497902,-0.19614214829059806,0.08754510247980518,2.8500520658454014
30.86,-18.0,-2.3478260869565215,0.0,0.0,24.907132876111703,-0.1961493846033,0.0875461385959585,2.8500661743239095
30.87,-18.0,-2.3478260869565215,0.0,0.0,24.924560645594735,-0.1961558997474524,0.08754735653729506,2.850079774330189
30.88,-18.0,-2.3478260869565215,0.0,0.0,24.94198829581898,-0.1961617555211963,0.08754872784597989,2.8500928692259864
30.89,-18.0,-2.3478260869565215,0.0,0.0,24.959415834615875,-0.19616700888144445,0.08755022698335724,2.8501054642048613
30.9,-18.0,-2.3478260869565215,0.0,0.0,24.976843269328487,-0.19617171229894792,0.08755183107333553,2.8501175660382936
30.91,-18.0,-2.3478260869565215,0.0,0.0,24.994270606840058,-0.19617591408879198,0.08755351966663716,2.8501291828466613
30.92,-18.0,-2.3478260869565215,0.0,0.0,25.01169785360102,-0.19617965871790588,0.08755527452428857,2.850140323893046
30.93,-18.0,-2.3478260869565215,0.0,0.0,25.029125015654596,-0.1961829870910985,0.08755707941882707,2.850150999397872
30.94,-18.0,-2.3478260869565215,0.0,0.0,25.046552098660992,-0.19618593681703178,0.08755891995183995,2.8501612203726205
30.95,-18.0,-2.3478260869565215,0.0,0.0,25.063979107920307,-0.19618854245545725,0.08756078338654605,2.8501709984709294
30.96,-18.0,-2.3478260869565215,0.0,0.0,25.081406048394157,-0.1961908357469606,0.08756265849425093,2.850180345855606
30.97,-18.0,-2.3478260869565215,0.0,0.0,25.098832924726114,-0.19619284582638374,0.08756453541357123,2.850189275080105
30.98,-18.0,-2.3478260869565215,0.0,0.0,25.116259741261,-0.19619459942102546,0.0875664055214288,2.8501977989831864
30.99,-18.0,-2.3478260869565215,0.0,0.0,25.133686502063096,-0.19619612103463613,0.08756826131489281,2.850205930595592
31.0,-18.0,-2.3478260869565215,0.0,0.0,25.151113210933318,-0.1961974331181806,0.08757009630300094,2.8502136830576066
31.01,-18.0,-2.3478260869565215,0.0,0.0,25.168539871425406,-0.1961985562282642,0.08757190490778122,2.8502210695465418
31.02,-18.0,-2.3478260869565215,0.0,0.0,25.185966486861194,-0.19619950917406692,0.08757368237373586,2.8502281032131718
31.03,-18.0,-2.3478260869565215,0.0,0.0,25.203393060344986,-0.19620030915357312,0.08757542468512247,2.8502347971263213
31.04,-18.0,-2.3478260869565215,0.0,0.0,25.220819594777105,-0.1962009718798372,0.08757712849040222,2.8502411642247916
31.05,-18.0,-2.3478260869565215,0.0,0.0,25.238246092866632,-0.19620151169797162,0.08757879103328903,2.850247217275947
31.06,-18.0,-2.3478260869565215,0.0,0.0,25.255672557143416,-0.1962019416935099,0.0875804100898605,2.850252968840269
31.07,-18.0,-2.3478260869565215,0.0,0.0,25.273098989969366,-0.19620227379273714,0.08758198391124816,2.8502584312413135
31.08,-18.0,-2.3478260869565215,0.0,0.0,25.29052539354906,-0.19620251885555318,0.08758351117145924,2.8502636165405275
31.09,-18.0,-2.3478260869565215,0.0,0.0,25.30795176993974,-0.19620268676140284,0.08758499091989747,2.850268536516393
31.1,-18.0,-2.3478260869565215,0.0,0.0,25.32537812106069,-0.19620278648874678,0.08758642253821725,2.850273202647485
31.11,-18.0,-2.3478260869565215,0.0,0.0,25.342804448702058,-0.19620282618854956,0.08758780570114022,2.850277626098989
31.12,-18.0,-2.3478260869565215,0.0,0.0,25.360230754533138,-0.19620281325219313,0.08758914034091758,2.850281817712336
31.13,-18.0,-2.3478260869565215,0.0,0.0,25.377657040110154,-0.1962027543742293,0.08759042661512895,2.8502857879975845
31.14,-18.0,-2.3478260869565215,0.0,0.0,25.395083306883564,-0.19620265561032713,0.0875916648775441,2.850289547128245
31.15,-18.0,-2.3478260869565215,0.0,0.0,25.412509556204917,-0.19620252243077996,0.08759285565178343,2.850293104938254
31.16,-18.0,-2.3478260869565215,0.0,0.0,25.429935789333285,-0.196202359769869,0.08759399960755376,2.850296470920874
31.17,-18.0,-2.3478260869565215,0.0,0.0,25.447362007441303,-0.19620217207140844,0.08759509753922212,2.8502996542292207
31.18,-18.0,-2.3478260869565215,0.0,0.0,25.464788211620828,-0.19620196333073658,0.08759615034654278,2.8503026636782627
31.19,-18.0,-2.3478260869565215,0.0,0.0,25.48221440288825,-0.19620173713341238,0.08759715901734644,2.8503055077480863
31.2,-18.0,-2.3478260869565215,0.0,0.0,25.499640582189464,-0.19620149669086895,0.08759812461201788,2.8503081945882314
31.21,-18.0,-2.3478260869565215,0.0,0.0,25.517066750404542,-0.19620124487324198,0.08759904824960818,2.85031073202296
31.22,-18.0,-2.3478260869565215,0.0,0.0,25.534492908352092,-0.19620098423957977,0.08759993109544129,2.8503131275573272
31.23,-18.0,-2.3478260869565215,0.0,0.0,25.55191905679336,-0.19620071706563946,0.0876007743500723,2.8503153883838985
31.24,-18.0,-2.3478260869565215,0.0,0.0,25.56934519643606,-0.19620044536944237,0.08760157923948186,2.850317521390013
31.25,-18.0,-2.3478260869565215,0.0,0.0,25.586771327937964,-0.19620017093475295,0.08760234700640068,2.850319533165528
31.26,-18.0,-2.3478260869565215,0.0,0.0,25.60419745191026,-0.19619989533265514,0.08760307890264185,2.8503214300108604
31.27,-18.0,-2.3478260869565215,0.0,0.0,25.6216235689207,-0.19619961994134671,0.08760377618236947,2.850323217945361
31.28,-18.0,-2.3478260869565215,0.0,0.0,25.63904967949654,-0.19619934596430655,0.08760444009620183,2.850324902715858
31.29,-18.0,-2.3478260869565215,0.0,0.0,25.65647578412729,-0.19619907444694773,0.08760507188607347,2.8503264898053513
31.3,-18.0,-2.3478260869565215,0.0,0.0,25.673901883267288,-0.1961988062918798,0.08760567278078601,2.850327984441788
31.31,-18.0,-2.3478260869565215,0.0,0.0,25.691327977338105,-0.1961985422728847,0.08760624399217376,2.85032939160686
31.32,-18.0,-2.3478260869565215,0.0,0.0,25.708754066730794,-0.19619828304769982,0.08760678671183875,2.8503307160448235
31.33,-18.0,-2.3478260869565215,0.0,0.0,25.726180151807995,-0.19619802916971896,0.08760730210837309,2.850331962271221
31.34,-18.0,-2.3478260869565215,0.0,0.0,25.743606232905897,-0.19619778109867214,0.08760779132504726,2.850333134581565
31.35,-18.0,-2.3478260869565215,0.0,0.0,25.761032310336066,-0.19619753921038363,0.08760825547789797,2.8503342370598985
31.36,-18.0,-2.3478260869565215,0.0,0.0,25.778458384387168,-0.19619730380567457,0.08760869565417562,2.8503352735872025
31.37,-18.0,-2.3478260869565215,0.0,0.0,25.795884455326558,-0.19619707511847428,0.08760911291112128,2.85033624784968
31.38,-18.0,-2.3478260869565215,0.0,0.0,25.81331052340178,-0.19619685332321213,0.08760950827502878,2.8503371633468406
31.39,-18.0,-2.3478260869565215,0.0,0.0,25.83073658884195,-0.19619663854153946,0.08760988274056336,2.8503380233994156
31.4,-18.0,-2.3478260869565215,0.0,0.0,25.848162651859077,-0.19619643084844163,0.08761023727030826,2.850338831157064
31.41,-18.0,-2.3478260869565215,0.0,0.0,25.865588712649245,-0.1961962302777862,0.08761057279451245,2.8503395896058805
31.42,-18.0,-2.3478260869565215,0.0,0.0,25.883014771393768,-0.19619603682735853,0.0876108902110112,2.850340301575673
31.43,-18.0,-2.3478260869565215,0.0,0.0,25.900440828260233,-0.19619585046342003,0.08761119038530496,2.8503409697470357
31.44,-18.0,-2.3478260869565215,0.0,0.0,25.917866883403484,-0.19619567112483205,0.08761147415077242,2.8503415966581946
31.45,-18.0,-2.3478260869565215,0.0,0.0,25.935292936966533,-0.19619549872678665,0.0876117423089966,2.8503421847116126
31.46,-18.0,-2.3478260869565215,0.0,0.0,25.952718989081422,-0.19619533316416926,0.08761199563019528,2.8503427361803806
31.47,-18.0,-2.3478260869565215,0.0,0.0,25.970145039870005,-0.1961951743145871,0.08761223485373726,2.850343253214383
31.48,-18.0,-2.3478260869565215,0.0,0.0,25.987571089444703,-0.19619502204109818,0.08761246068872575,2.850343737846213
31.49,-18.0,-2.3478260869565215,0.0,0.0,26.00499713790918,-0.19619487619465126,0.08761267381465465,2.8503441919969124
31.5,-18.0,-2.3478260869565215,0.0,0.0,26.02242318535898,-0.19619473661628528,0.08761287488210145,2.8503446174814293
31.51,-18.0,-2.3478260869565215,0.0,0.0,26.039849231882148,-0.19619460313908466,0.08761306451346906,2.850345016013901
31.52,-18.0,-2.3478260869565215,0.0,0.0,26.057275277559754,-0.1961944755899303,0.08761324330375986,2.8503453892127073
31.53,-18.0,-2.3478260869565215,0.0,0.0,26.07470132246642,-0.19619435379105044,0.08761341182137505,2.850345738605329
31.54,-18.0,-2.3478260869565215,0.0,0.0,26.092127366670812,-0.19619423756140897,0.0876135706089235,2.850346065632956
31.55,-18.0,-2.3478260869565215,0.0,0.0,26.109553410236067,-0.19619412671791858,0.08761372018405755,2.8503463716549637
31.56,-18.0,-2.3478260869565215,0.0,0.0,26.12697945322022,-0.19619402107652162,0.08761386104030422,2.8503466579531365
31.57,-18.0,-2.3478260869565215,0.0,0.0,26.14440549567658,-0.19619392045313244,0.08761399364790401,2.8503469257357352
31.58,-18.0,-2.3478260869565215,0.0,0.0,26.161831537654095,-0.19619382466446278,0.08761411845464662,2.8503471761413706
31.59,-18.0,-2.3478260869565215,0.0,0.0,26.179257579197678,-0.19619373352874225,0.08761423588670147,2.8503474102426956
31.6,-18.0,-2.3478260869565215,0.0,0.0,26.196683620348516,-0.1961936468663361,0.08761434634944154,2.8503476290499377
31.61,-18.0,-2.3478260869565215,0.0,0.0,26.214109661144356,-0.19619356450027992,0.08761445022825376,2.8503478335142516
31.62,-18.0,-2.3478260869565215,0.0,0.0,26.231535701619777,-0.19619348625673538,0.08761454788933654,2.8503480245309167
31.63,-18.0,-2.3478260869565215,0.0,0.0,26.248961741806422,-0.19619341196536633,0.08761463968048844,2.8503482029424005
31.64,-18.0,-2.3478260869565215,0.0,0.0,26.266387781733236,-0.19619334145966372,0.08761472593187025,2.8503483695412375
31.65,-18.0,-2.3478260869565215,0.0,0.0,26.283813821426676,-0.19619327457720548,0.08761480695675528,2.850348525072789
31.66,-18.0,-2.3478260869565215,0.0,0.0,26.301239860910908,-0.1961932111598661,0.08761488305225995,2.8503486702378655
31.67,-18.0,-2.3478260869565215,0.0,0.0,26.31866590020798,-0.19619315105397916,0.08761495450005585,2.8503488056952193
31.68,-18.0,-2.3478260869565215,0.0,0.0,26.336091939337994,-0.19619309411046504,0.08761502156705614,2.8503489320638926
31.69,-18.0,-2.3478260869565215,0.0,0.0,26.353517978319275,-0.1961930401849179,0.0876150845060839,2.8503490499254633
31.7,-18.0,-2.3478260869565215,0.0,0.0,26.370944017168487,-0.19619298913765704,0.08761514355652478,2.850349159826188
31.71,-18.0,-2.3478260869565215,0.0,0.0,26.388370055900793,-0.1961929408337617,0.08761519894494452,2.850349262278984
31.72,-18.0,-2.3478260869565215,0.0,0.0,26.405796094529965,-0.19619289514306804,0.08761525088569988,2.850349357765372
31.73,-18.0,-2.3478260869565215,0.0,0.0,26.423222133068492,-0.196192851940153,0.08761529958151781,2.8503494467372725
31.74,-18.0,-2.3478260869565215,0.0,0.0,26.4406481715277,-0.19619281110429765,0.08761534522405534,2.8503495296187116
31.75,-18.0,-2.3478260869565215,0.0,0.0,26.458074209917843,-0.19619277251943013,0.08761538799444268,2.8503496068074594
31.76,-18.0,-2.3478260869565215,0.0,0.0,26.475500248248185,-0.19619273607406207,0.08761542806379741,2.850349678676551
31.77,-18.0,-2.3478260869565215,0.0,0.0,26.49292628652709,-0.19619270166120506,0.08761546559372768,2.850349745575753
31.78,-18.0,-2.3478260869565215,0.0,0.0,26.5103523247621,-0.19619266917828249,0.08761550073680513,2.850349807832923
31.79,-18.0,-2.3478260869565215,0.0,0.0,26.527778362959996,-0.1961926385270334,0.08761553363702379,2.85034986575531
31.8,-18.0,-2.3478260869565215,0.0,0.0,26.545204401126874,-0.19619260961340368,0.08761556443024066,2.850349919630788
31.81,-18.0,-2.3478260869565215,0.0,0.0,26.5626304392682,-0.19619258234743908,0.0876155932445909,2.850349969729
31.82,-18.0,-2.3478260869565215,0.0,0.0,26.58005647738887,-0.1961925566431677,0.08761562020089353,2.8503500163024658
31.83,-18.0,-2.3478260869565215,0.0,0.0,26.59748251549324,-0.196192532418481,0.08761564541303324,2.850350059587612
31.84,-18.0,-2.3478260869565215,0.0,0.0,26.614908553585206,-0.19619250959501744,0.08761566898832229,2.850350099805731
31.85,-18.0,-2.3478260869565215,0.0,0.0,26.63233459166822,-0.19619248809803636,0.08761569102785494,2.850350137163918
31.86,-18.0,-2.3478260869565215,0.0,0.0,26.649760629745337,-0.19619246785629652,0.08761571162683723,2.850350171855927
31.87,-18.0,-2.3478260869565215,0.0,0.0,26.66718666781926,-0.19619244880193287,0.08761573087490515,2.850350204062992
31.88,-18.0,-2.3478260869565215,0.0,0.0,26.684612705892356,-0.19619243087033444,0.08761574885642553,2.8503502339545896
31.89,-18.0,-2.3478260869565215,0.0,0.0,26.702038743966707,-0.19619241400002307,0.087615765650784,2.8503502616891705
31.9,-18.0,-2.3478260869565215,0.0,0.0,26.71946478204412,-0.19619239813252953,0.0876157813326609,2.850350287414843
31.91,-18.0,-2.3478260869565215,0.0,0.0,26.736890820126167,-0.19619238321228138,0.0876157959722863,2.8503503112700073
31.92,-18.0,-2.3478260869565215,0.0,0.0,26.754316858214192,-0.19619236918647953,0.0876158096356926,2.8503503333839757
31.93,-18.0,-2.3478260869565215,0.0,0.0,26.771742896309352,-0.1961923560049892,0.0876158223849437,2.850350353877522
31.94,-18.0,-2.3478260869565215,0.0,0.0,26.78916893441262,-0.19619234362022464,0.08761583427836361,2.8503503728634394
31.95,-18.0,-2.3478260869565215,0.0,0.0,26.80659497252481,-0.19619233198704333,0.08761584537074274,2.8503503904470233
31.96,-18.0,-2.3478260869565215,0.0,0.0,26.824021010646597,-0.1961923210626355,0.08761585571354213,2.8503504067265633
31.97,-18.0,-2.3478260869565215,0.0,0.0,26.841447048778527,-0.19619231080642652,0.0876158653550807,2.850350421793774
31.98,-18.0,-2.3478260869565215,0.0,0.0,26.858873086921033,-0.1961923011799711,0.08761587434071738,2.850350435734221
31.99,-18.0,-2.3478260869565215,0.0,0.0,26.876299125074443,-0.19619229214685907,0.08761588271302279,2.850350448627721
32.0,-18.0,-2.3478260869565215,0.0,0.0,26.893725163238997,-0.19619228367262198,0.08761589051193663,2.8503504605486922
32.01,-18.0,-2.3478260869565215,0.0,0.0,26.911151201414853,-0.19619227572463993,0.08761589777492629,2.8503504715665233
32.02,-18.0,-2.3478260869565215,0.0,0.0,26.928577239602102,-0.19619226827205782,0.08761590453712564,2.8503504817458754
32.03,-18.0,-2.3478260869565215,0.0,0.0,26.94600327780077,-0.1961922612856959,0.08761591083147802,2.850350491147013
32.04,-18.0,-2.3478260869565215,0.0,0.0,26.96342931601083,-0.19619225473797353,0.08761591668886037,2.850350499826069
32.05,-18.0,-2.3478260869565215,0.0,0.0,26.980855354232208,-0.1961922486028258,0.08761592213821034,2.8503505078353326
32.06,-18.0,-2.3478260869565215,0.0,0.0,26.998281392464786,-0.19619224285563508,0.08761592720663669,2.850350515223481
32.07,-18.0,-2.3478260869565215,0.0,0.0,27.015707430708414,-0.19619223747315218,0.08761593191953343,2.850350522035836
32.08,-18.0,-2.3478260869565215,0.0,0.0,27.03313346896291,-0.19619223243343153,0.08761593630067921,2.8503505283145723
32.09,-18.0,-2.3478260869565215,0.0,0.0,27.050559507228066,-0.19619222771576417,0.08761594037233666,2.8503505340989297
32.1,-18.0,-2.3478260869565215,0.0,0.0,27.067985545503653,-0.19619222330061303,0.08761594415534446,2.8503505394254134
32.11,-18.0,-2.3478260869565215,0.0,0.0,27.085411583789426,-0.19619221916955354,0.08761594766920133,2.8503505443279638
32.12,-18.0,-2.3478260869565215,0.0,0.0,27.102837622085122,-0.19619221530521536,0.08761595093215135,2.8503505488381418
32.13,-18.0,-2.3478260869565215,0.0,0.0,27.12026366039047,-0.19619221169122825,0.08761595396125688,2.8503505529852733
32.14,-18.0,-2.3478260869565215,0.0,0.0,27.137689698705188,-0.19619220831216566,0.08761595677247525,2.850350556796618
32.15,-18.0,-2.3478260869565215,0.0,0.0,27.15511573702899,-0.19619220515349944,0.08761595938072286,2.8503505602974872
32.16,-18.0,-2.3478260869565215,0.0,0.0,27.17254177536158,-0.19619220220154676,0.08761596179994413,2.850350563511398
32.17,-18.0,-2.3478260869565215,0.0,0.0,27.18996781370267,-0.19619219944342836,0.08761596404316718,2.850350566460174
32.18,-18.0,-2.3478260869565215,0.0,0.0,27.207393852051958,-0.19619219686702172,0.08761596612256584,2.850350569164082
32.19,-18.0,-2.3478260869565215,0.0,0.0,27.224819890409155,-0.19619219446092329,0.08761596804950822,2.8503505716419135
32.2,-18.0,-2.3478260869565215,0.0,0.0,27.242245928773965,-0.19619219221440387,0.08761596983461206,2.8503505739111143
32.21,-18.0,-2.3478260869565215,0.0,0.0,27.2596719671461,-0.19619219011737776,0.08761597148778821,2.8503505759878514
32.22,-18.0,-2.3478260869565215,0.0,0.0,27.277098005525275,-0.1961921881603601,0.0876159730182885,2.850350577887121
32.23,-18.0,-2.3478260869565215,0.0,0.0,27.294524043911206,-0.19619218633443825,0.08761597443474489,2.850350579622815
32.24,-18.0,-2.3478260869565215,0.0,0.0,27.311950082303618,-0.19619218463123778,0.08761597574521118,2.8503505812078083
32.25,-18.0,-2.3478260869565215,0.0,0.0,27.32937612070224,-0.1961921830428921,0.08761597695719847,2.8503505826540225
32.26,-18.0,-2.3478260869565215,0.0,0.0,27.346802159106808,-0.19619218156201335,0.0876159780777106,2.8503505839724967
32.27,-18.0,-2.3478260869565215,0.0,0.0,27.364228197517065,-0.1961921801816644,0.08761597911327801,2.850350585173452
32.28,-18.0,-2.3478260869565215,0.0,0.0,27.38165423593276,-0.19619217889533536,0.08761598006998528,2.8503505862663396
32.29,-18.0,-2.3478260869565215,0.0,0.0,27.399080274353654,-0.19619217769691688,0.08761598095350287,2.8503505872599035
32.3,-18.0,-2.3478260869565215,0.0,0.0,27.416506312779507,-0.19619217658067578,0.087615981769114,2.850350588162235
32.31,-18.0,-2.3478260869565215,0.0,0.0,27.433932351210093,-0.19619217554123636,0.08761598252173797,2.850350588980804
32.32,-18.0,-2.3478260869565215,0.0,0.0,27.451358389645193,-0.1961921745735582,0.0876159832159541,2.850350589722513
32.33,-18.0,-2.3478260869565215,0.0,0.0,27.468784428084593,-0.1961921736729133,0.08761598385602853,2.8503505903937487
32.34,-18.0,-2.3478260869565215,0.0,0.0,27.486210466528085,-0.19619217283487234,0.08761598444592855,2.8503505910003963
32.35,-18.0,-2.3478260869565215,0.0,0.0,27.503636504975475,-0.1961921720552855,0.08761598498934497,2.850350591547887
32.36,-18.0,-2.3478260869565215,0.0,0.0,27.521062543426574,-0.19619217133026412,0.0876159854897125,2.8503505920412353
32.37,-18.0,-2.3478260869565215,0.0,0.0,27.538488581881197,-0.19619217065616557,0.08761598595022468,2.8503505924850683
32.38,-18.0,-2.3478260869565215,0.0,0.0,27.55591462033917,-0.19619217002958012,0.08761598637384971,2.8503505928836432
32.39,-18.0,-2.3478260869565215,0.0,0.0,27.573340658800323,-0.19619216944731477,0.08761598676334714,2.8503505932408912
32.4,-18.0,-2.3478260869565215,0.0,0.0,27.590766697264495,-0.19619216890638302,0.08761598712127983,2.850350593560423
32.41,-18.0,-2.3478260869565215,0.0,0.0,27.608192735731535,-0.19619216840398845,0.0876159874500293,2.8503505938455684
32.42,-18.0,-2.3478260869565215,0.0,0.0,27.62561877420129,-0.1961921679375147,0.08761598775180834,2.8503505940993947
32.43,-18.0,-2.3478260869565215,0.0,0.0,27.643044812673622,-0.1961921675045184,0.08761598802866732,2.850350594324708
32.44,-18.0,-2.3478260869565215,0.0,0.0,27.660470851148396,-0.19619216710271026,0.08761598828251393,2.8503505945241048
32.45,-18.0,-2.3478260869565215,0.0,0.0,27.677896889625483,-0.1961921667299531,0.0876159885151151,2.850350594699959
32.46,-18.0,-2.3478260869565215,0.0,0.0,27.69532292810476,-0.19619216638424808,0.0876159887281115,2.8503505948544565
32.47,-18.0,-2.3478260869565215,0.0,0.0,27.71274896658611,-0.19619216606373024,0.08761598892302225,2.850350594989595
32.48,-18.0,-2.3478260869565215,0.0,0.0,27.73017500506942,-0.19619216576665321,0.087615989101259,2.850350595107217
32.49,-18.0,-2.3478260869565215,0.0,0.0,27.747601043554585,-0.19619216549138851,0.08761598926412761,2.850350595209004
32.5,-18.0,-2.3478260869565215,0.0,0.0,27.765027082041502,-0.19619216523641558,0.08761598941283866,2.8503505952965003
32.51,-18.0,-2.3478260869565215,0.0,0.0,27.78245312053008,-0.1961921650003151,0.0876159895485118,2.8503505953711112
32.52,-18.0,-2.3478260869565215,0.0,0.0,27.79987915902022,-0.1961921647817615,0.0876159896721862,2.850350595434133
32.53,-18.0,-2.3478260869565215,0.0,0.0,27.817305197511843,-0.1961921645795177,0.08761598978482299,2.850350595486746
32.54,-18.0,-2.3478260869565215,0.0,0.0,27.83473123600486,-0.1961921643924316,0.08761598988730968,2.850350595530025
32.55,-18.0,-2.3478260869565215,0.0,0.0,27.852157274499195,-0.1961921642194273,0.0876159899804686,2.850350595564955
32.56,-18.0,-2.3478260869565215,0.0,0.0,27.869583312994774,-0.19619216405950146,0.08761599006506005,2.850350595592433
32.57,-18.0,-2.3478260869565215,0.0,0.0,27.887009351491525,-0.19619216391171945,0.08761599014178656,2.8503505956132753
32.58,-18.0,-2.3478260869565215,0.0,0.0,27.90443538998938,-0.1961921637752102,0.08761599021129718,2.850350595628227
32.59,-18.0,-2.3478260869565215,0.0,0.0,27.921861428488278,-0.1961921636491617,0.08761599027419142,2.850350595637963
32.6,-18.0,-2.3478260869565215,0.0,0.0,27.939287466988155,-0.19619216353281832,0.0876159903310223,2.850350595643098
32.61,-18.0,-2.3478260869565215,0.0,0.0,27.95671350548896,-0.19619216342547663,0.08761599038229995,2.8503505956441857
32.62,-18.0,-2.3478260869565215,0.0,0.0,27.974139543990635,-0.19619216332647982,0.08761599042849677,2.850350595641737
32.63,-18.0,-2.3478260869565215,0.0,0.0,27.99156558249313,-0.1961921632352186,0.08761599047004631,2.850350595636205
32.64,-18.0,-2.3478260869565215,0.0,0.0,28.008991620996397,-0.1961921631511243,0.0876159905073497,2.850350595628006
32.65,-18.0,-2.3478260869565215,0.0,0.0,28.026417659500392,-0.19619216307367005,0.0876159905407744,2.8503505956175093
32.66,-18.0,-2.3478260869565215,0.0,0.0,28.04384369800507,-0.19619216300236353,0.08761599057066172,2.850350595605056
32.67,-18.0,-2.3478260869565215,0.0,0.0,28.06126973651039,-0.1961921629367489,0.08761599059732306,2.8503505955909447
32.68,-18.0,-2.3478260869565215,0.0,0.0,28.078695775016314,-0.19619216287640073,0.08761599062104708,2.8503505955754496
32.69,-18.0,-2.3478260869565215,0.0,0.0,28.096121813522807,-0.1961921628209251,0.08761599064209724,2.850350595558813
32.7,-18.0,-2.3478260869565215,0.0,0.0,28.113547852029832,-0.19619216276995477,0.08761599066071735,2.850350595541255
32.71,-18.0,-2.3478260869565215,0.0,0.0,28.130973890537362,-0.19619216272315088,0.08761599067712966,2.8503505955229658
32.72,-18.0,-2.3478260869565215,0.0,0.0,28.14839992904536,-0.1961921626801948,0.0876159906915408,2.8503505955041266
32.73,-18.0,-2.3478260869565215,0.0,0.0,28.165825967553804,-0.19619216264079498,0.0876159907041375,2.850350595484884
32.74,-18.0,-2.3478260869565215,0.0,0.0,28.183252006062663,-0.1961921626046781,0.08761599071509296,2.850350595465378
32.75,-18.0,-2.3478260869565215,0.0,0.0,28.20067804457191,-0.196192162571591,0.08761599072456594,2.850350595445732
32.76,-18.0,-2.3478260869565215,0.0,0.0,28.21810408308152,-0.19619216254130079,0.08761599073269932,2.8503505954260455
32.77,-18.0,-2.3478260869565215,0.0,0.0,28.235530121591477,-0.19619216251358984,0.08761599073962634,2.850350595406413
32.78,-18.0,-2.3478260869565215,0.0,0.0,28.252956160101753,-0.19619216248825566,0.08761599074546911,2.8503505953869195
32.79,-18.0,-2.3478260869565215,0.0,0.0,28.27038219861233,-0.19619216246511284,0.08761599075033677,2.8503505953676296
32.8,-18.0,-2.3478260869565215,0.0,0.0,28.287808237123194,-0.19619216244398863,0.0876159907543308,2.8503505953486044
32.81,-18.0,-2.3478260869565215,0.0,0.0,28.30523427563432,-0.1961921624247207,0.08761599075754523,2.8503505953299
32.82,-18.0,-2.3478260869565215,0.0,0.0,28.322660314145693,-0.19619216240716386,0.08761599076006177,2.8503505953115544
32.83,-18.0,-2.3478260869565215,0.0,0.0,28.340086352657302,-0.19619216239117954,0.0876159907619577,2.850350595293605
32.84,-18.0,-2.3478260869565215,0.0,0.0,28.357512391169127,-0.1961921623766405,0.08761599076330384,2.8503505952760855
32.85,-18.0,-2.3478260869565215,0.0,0.0,28.374938429681155,-0.1961921623634293,0.08761599076416327,2.8503505952590182
32.86,-18.0,-2.3478260869565215,0.0,0.0,28.392364468193374,-0.19619216235143866,0.08761599076459237,2.8503505952424195
32.87,-18.0,-2.3478260869565215,0.0,0.0,28.40979050670577,-0.19619216234056713,0.08761599076464488,2.850350595226309
32.88,-18.0,-2.3478260869565215,0.0,0.0,28.427216545218336,-0.19619216233072256,0.08761599076436732,2.850350595210694
32.89,-18.0,-2.3478260869565215,0.0,0.0,28.444642583731056,-0.19619216232181924,0.08761599076380278,2.8503505951955823
32.9,-18.0,-2.3478260869565215,0.0,0.0,28.462068622243923,-0.19619216231377834,0.08761599076298998,2.850350595180979
32.91,-18.0,-2.3478260869565215,0.0,0.0,28.479494660756927,-0.1961921623065277,0.08761599076196325,2.850350595166882
32.92,-18.0,-2.3478260869565215,0.0,0.0,28.49692069927006,-0.19619216229999914,0.08761599076075499,2.850350595153295
32.93,-18.0,-2.3478260869565215,0.0,0.0,28.51434673778331,-0.1961921622941305,0.08761599075939364,2.850350595140214
32.94,-18.0,-2.3478260869565215,0.0,0.0,28.531772776296673,-0.19619216228886627,0.08761599075790316,2.8503505951276282
32.95,-18.0,-2.3478260869565215,0.0,0.0,28.54919881481014,-0.19619216228415248,0.0876159907563081,2.850350595115538
32.96,-18.0,-2.3478260869565215,0.0,0.0,28.566624853323702,-0.19619216227994074,0.08761599075462811,2.8503505951039325
32.97,-18.0,-2.3478260869565215,0.0,0.0,28.584050891837357,-0.19619216227618796,0.08761599075288073,2.8503505950927988
32.98,-18.0,-2.3478260869565215,0.0,0.0,28.601476930351097,-0.19619216227285197,0.08761599075108306,2.8503505950821317
32.99,-18.0,-2.3478260869565215,0.0,0.0,28.618902968864916,-0.19619216226989433,0.08761599074924964,2.8503505950719195
33.0,-18.0,-2.3478260869565215,0.0,0.0,28.63632900737881,-0.1961921622672822,0.08761599074739257,2.850350595062148
33.01,-18.0,-0.7826086956521721,0.0,0.0,28.65400770532555,-0.1935325944874149,0.20894700559217355,2.848060307449824
33.02,-18.0,-0.7826086956521721,0.0,0.0,28.67190611813667,-0.1916915681879532,0.19747331111042893,2.845595086621745
33.03,-18.0,-0.7826086956521721,0.0,0.0,28.689995231357642,-0.19053442310210578,0.18707401135900453,2.8430138913135843
33.04,-18.0,-0.7826086956521721,0.0,0.0,28.708249540865502,-0.18994412818255224,0.17765341129340168,2.840366400634049
33.05,-18.0,-0.7826086956521721,0.0,0.0,28.726646663152493,-0.1898197234784651,0.1691233615820638,2.837694018921996
33.06,-18.0,-0.7826086956521721,0.0,0.0,28.7451669796827,-0.19007463875522035,0.16140287516644963,2.8350308543028104
33.07,-18.0,-0.7826086956521721,0.0,0.0,28.76379331609909,-0.19063502055848347,0.15441768826045793,2.8324046386802406
33.08,-18.0,-0.7826086956521721,0.0,0.0,28.782510655136964,-0.19143814526896907,0.1480998046880802,2.8298375735576573
33.09,-18.0,-0.7826086956521721,0.0,0.0,28.80130588104676,-0.19243095947928168,0.14238704603943392,2.82734709599566
33.1,-18.0,-0.7826086956521721,0.0,0.0,28.820167552837223,-0.19356876547564417,0.13722261967448474,2.824946564773683
33.11,-18.0,-0.7826086956521721,0.0,0.0,28.839085703507624,-0.19481405484642478,0.13255471017935033,2.8226458700448824
33.12,-18.0,-0.7826086956521721,0.0,0.0,28.8580516625022,-0.1961354844674681,0.12833609611344826,2.8204519714582914
33.13,-18.0,-0.7826086956521721,0.0,0.0,28.877057898797343,-0.1975069843364361,0.12452379182989119,2.8183693704884902
33.14,-18.0,-0.7826086956521721,0.0,0.0,28.896097882261866,-0.19890698454122946,0.12107871316087597,2.816400522937242
33.15,-18.0,-0.7826086956521721,0.0,0.0,28.915165961175635,-0.2003177480789935,0.11796536539869877,2.814546197481029
33.16,-18.0,-0.7826086956521721,0.0,0.0,28.93425725403109,-0.20172479663173526,0.11515155198006703,2.8128057858701982
33.17,-18.0,-0.7826086956521721,0.0,0.0,28.953367553963922,-0.20311641731322005,0.11260810240923562,2.8111775700259938
33.18,-18.0,-0.7826086956521721,0.0,0.0,28.972493244359576,-0.2044832395483449,0.11030861812712515,2.809658950887377
33.19,-18.0,-0.7826086956521721,0.0,0.0,28.991631224359374,-0.20581787245929117,0.10822923520523813,2.808246643468074
33.2,-18.0,-0.7826086956521721,0.0,0.0,29.01077884314527,-0.20711459431721924,0.106348402909539,2.80693684221265
33.21,-18.0,-0.7826086956521721,0.0,0.0,29.029933842016238,-0.20836908672564847,0.10464667734585491,2.805725360389635
33.22,-18.0,-0.7826086956521721,0.0,0.0,29.04909430338397,-0.20957820720965903,0.10310652955800996,2.804607746919129
33.23,-18.0,-0.7826086956521721,0.0,0.0,29.068258605913485,-0.2107397947834806,0.1017121675801274,2.803579383691171
33.24,-18.0,-0.7826086956521721,0.0,0.0,29.087425385117765,-0.21185250385388033,0.10044937201883901,2.802635566087806
33.25,-18.0,-0.7826086956521721,0.0,0.0,29.10659349878801,-0.21291566248956473,0.09930534474581214,2.80177156908485
33.26,-18.0,-0.7826086956521721,0.0,0.0,29.125761996705062,-0.21392915165526194,0.09826857022354545,2.8009827009928165
33.27,-18.0,-0.7826086956521721,0.0,0.0,29.144930094135308,-0.21489330248597494,0.09732868889341521,2.8002643466140844
33.28,-18.0,-0.7826086956521721,0.0,0.0,29.16409714866696,-0.21580880907791533,0.09647638195612689,2.799612001351742
33.29,-18.0,-0.7826086956521721,0.0,0.0,29.183262639991078,-0.21667665461328944,0.09570326679742229,2.79902129760415
33.3,-18.0,-0.7826086956521721,0.0,0.0,29.202426152275773,-0.21749804892939695,0.09500180227023507,2.7984880246118706
33.31,-18.0,-0.7826086956521721,0.0,0.0,29.221587358822212,-0.2182743758978336,0.09436520304013223,2.798008142782008
33.32,-18.0,-0.7826086956521721,0.0,0.0,29.24074600872687,-0.21900714920321418,0.09378736222666022,2.7975777933913126
33.33,-18.0,-0.7826086956521721,0.0,0.0,29.259901915306525,-0.21969797530667012,0.09326278161829553,2.7971933044581854
33.34,-18.0,-0.7826086956521721,0.0,0.0,29.279054946070705,-0.22034852255018067,0.09278650879259447,2.7968511934718228
33.35,-18.0,-0.7826086956521721,0.0,0.0,29.298205014051206,-0.22096049550579933,0.09235408052799703,2.796548167572926
33.36,-18.0,-0.7826086956521721,0.0,0.0,29.31735207032028,-0.22153561380128228,0.091961471944971,2.796281121694698
33.37,-18.0,-0.7826086956521721,0.0,0.0,29.336496097548487,-0.22207559476283345,0.09160505085988095,2.7960471350954013
33.38,-18.0,-0.7826086956521721,0.0,0.0,29.355637104470404,-0.2225821393089391,0.09128153687515277,2.7958434666450556
33.39,-18.0,-0.7826086956521721,0.0,0.0,29.374775121141663,-0.22305692060892435,0.09098796476482666,2.7956675491685803
33.4,-18.0,-0.7826086956521721,0.0,0.0,29.393910194884526,-0.2235015750878877,0.09072165174673467,2.795516983095781
33.41,-18.0,-0.7826086956521721,0.0,0.0,29.413042386831258,-0.2239176954179709,0.09048016826234621,2.7953895296243316
33.42,-18.0,-0.7826086956521721,0.0,0.0,29.43217176898559,-0.22430682518601008,0.09026131191357227,2.795283103564341
33.43,-18.0,-0.7826086956521721,0.0,0.0,29.45129842173226,-0.2246704549708065,0.09006308423302926,2.795195766001724
33.44,-18.0,-0.7826086956521721,0.0,0.0,29.47042243173327,-0.22501001960055533,0.08988366999061286,2.795125716891365
33.45,-18.0,-0.7826086956521721,0.0,0.0,29.489543890157265,-0.2253268963933448,0.08972141876468569,2.795071287669104
33.46,-18.0,-0.7826086956521721,0.0,0.0,29.508662891195378,-0.225622404211697,0.08957482853069791,2.7950309339533903
33.47,-18.0,-0.7826086956521721,0.0,0.0,29.52777953082281,-0.22589780318647312,0.08944253104347237,2.795003228392392
33.48,-18.0,-0.7826086956521721,0.0,0.0,29.546893905770894,-0.22615429498663686,0.08932327881149275,2.794986853699739
33.49,-18.0,-0.7826086956521721,0.0,0.0,29.566006112679148,-0.22639302352974466,0.08921593348224881,2.7949805959115874
33.5,-18.0,-0.7826086956521721,0.0,0.0,29.585116247400787,-0.22661507604388453,0.08911945547697535,2.794983337889232
33.51,-18.0,-0.7826086956521721,0.0,0.0,29.604224404439,-0.22682148440560868,0.0890328947307754,2.794994053084106
33.52,-18.0,-0.7826086956521721,0.0,0.0,29.62333067649431,-0.22701322669023538,0.08895538241033955,2.795011799576293
33.53,-18.0,-0.7826086956521721,0.0,0.0,29.642435154106106,-0.22719122888114374,0.08888612349611806,2.7950357143927165
33.54,-18.0,-0.7826086956521721,0.0,0.0,29.661537925373924,-0.22735636669347703,0.08882439012902481,2.795065008107238
33.55,-18.0,-0.7826086956521721,0.0,0.0,29.680639075745926,-0.22750946747519052,0.08876951563360562,2.7950989597216864
33.56,-18.0,-0.7826086956521721,0.0,0.0,29.69973868786403,-0.22765131215482182,0.08872088914015867,2.7951369118242333
33.57,-18.0,-0.7826086956521721,0.0,0.0,29.7188368414565,-0.2277826372108287,0.08867795073769195,2.7951782660195574
33.58,-18.0,-0.7826086956521721,0.0,0.0,29.737933613270236,-0.22790413664200626,0.08864018709787551,2.795222478623558
33.59,-18.0,-0.7826086956521721,0.0,0.0,29.757029077036115,-0.22801646392242758,0.08860712751747594,2.795269056614245
33.6,-18.0,-0.7826086956521721,0.0,0.0,29.776123303461716,-0.2281202339276751,0.08857834033318161,2.795317553829515
33.61,-18.0,-0.7826086956521721,0.0,0.0,29.795216360246567,-0.22821602482191716,0.08855342966837414,2.7953675674019447
33.62,-18.0,-0.7826086956521721,0.0,0.0,29.81430831211584,-0.22830437989775043,0.08853203247630319,2.7954187344202506
33.63,-18.0,-0.7826086956521721,0.0,0.0,29.833399220868994,-0.22838580936265007,0.08851381584846534,2.7954707288069476
33.64,-18.0,-0.7826086956521721,0.0,0.0,29.852489145440348,-0.22846079206751524,0.08849847456072395,2.79552325840163
33.65,-18.0,-0.7826086956521721,0.0,0.0,29.871578141969145,-0.22852977717414613,0.08848572883297894,2.7955760622393058
33.66,-18.0,-0.7826086956521721,0.0,0.0,29.890666263876927,-0.22859318575957932,0.0884753222810583,2.7956289080134415
33.67,-18.0,-0.7826086956521721,0.0,0.0,29.909753561950428,-0.22865141235613096,0.0884670200419883,2.795681589713557
33.68,-18.0,-0.7826086956521721,0.0,0.0,29.928840084428472,-0.22870482642672973,0.08846060705595564,2.7957339254274816
33.69,-18.0,-0.7826086956521721,0.0,0.0,29.947925877091613,-0.22875377377572992,0.08845588649015616,2.7957857552986884
33.7,-18.0,-0.7826086956521721,0.0,0.0,29.96701098335341,-0.22879857789585856,0.08845267829139018,2.7958369396295617
33.71,-18.0,-0.7826086956521721,0.0,0.0,29.98609544435249,-0.22883954125235206,0.08845081785567137,2.7958873571216825
33.72,-18.0,-0.7826086956521721,0.0,0.0,30.005179299044606,-0.2288769465056173,0.08845015480439693,2.7959369032447348
33.73,-18.0,-0.7826086956521721,0.0,0.0,30.024262584294117,-0.2289110576739939,0.08845055185771004,2.795985488725962
33.74,-18.0,-0.7826086956521721,0.0,0.0,30.043345334964368,-0.22894212123837265,0.08845188379664397,2.796033038152449
33.75,-18.0,-0.7826086956521721,0.0,0.0,30.06242758400653,-0.228970367190525,0.08845403650651755,2.7960794886790543
33.76,-18.0,-0.7826086956521721,0.0,0.0,30.081509362546637,-0.22899601002713244,0.08845690609474237,2.7961247888349554
33.77,-18.0,-0.7826086956521721,0.0,0.0,30.10059069997046,-0.22901924969150533,0.08846039807692134,2.796168897422398
33.78,-18.0,-0.7826086956521721,0.0,0.0,30.119671624006127,-0.22904027246506664,0.08846442662564706,2.7962117825013872
33.79,-18.0,-0.7826086956521721,0.0,0.0,30.138752160804223,-0.22905925181063314,0.08846891387697302,2.7962534204545717
33.8,-18.0,-0.7826086956521721,0.0,0.0,30.157832335015325,-0.22907634916955977,0.08847378928995202,2.796293795126803
33.81,-18.0,-0.7826086956521721,0.0,0.0,30.176912169864867,-0.2290917147147704,0.08847898905506806,2.7963328970341936
33.82,-18.0,-0.7826086956521721,0.0,0.0,30.19599168722531,-0.22910548806167075,0.08848445554774657,2.796370722637857
33.83,-18.0,-0.7826086956521721,0.0,0.0,30.215070907685536,-0.2291177989388855,0.0884901368234731,2.7964072736777825
33.84,-18.0,-0.7826086956521721,0.0,0.0,30.234149850617552,-0.22912876782074898,0.0884959861513042,2.796442556562492
33.85,-18.0,-0.7826086956521721,0.0,0.0,30.25322853424042,-0.22913850652337375,0.08850196158287908,2.7964765818105746
33.86,-18.0,-0.7826086956521721,0.0,0.0,30.27230697568154,-0.22914711876611782,0.08850802555422292,2.7965093635402454
33.87,-18.0,-0.7826086956521721,0.0,0.0,30.29138519103524,-0.22915470070016153,0.08851414451790156,2.796540919003494
33.88,-18.0,-0.7826086956521721,0.0,0.0,30.310463195418787,-0.22916134140589373,0.08852028860323084,2.796571268161446
33.89,-18.0,-0.7826086956521721,0.0,0.0,30.329541003025867,-0.22916712336069622,0.08852643130248099,2.796600433297946
33.9,-18.0,-0.7826086956521721,0.0,0.0,30.348618627177554,-0.22917212287868827,0.08853254918112712,2.7966284386684293
33.91,-18.0,-0.7826086956521721,0.0,0.0,30.36769608037092,-0.22917641052391646,0.08853862161037611,2.7966553101814062
33.92,-18.0,-0.7826086956521721,0.0,0.0,30.386773374325266,-0.22918005149840437,0.08854463052033472,2.7966810751100946
33.93,-18.0,-0.7826086956521721,0.0,0.0,30.40585052002615,-0.22918310600643998,0.08855056017228151,2.7967057618317934
33.94,-18.0,-0.7826086956521721,0.0,0.0,30.424927527767192,-0.22918562959638078,0.08855639694866439,2.796729399592913
33.95,-18.0,-0.7826086956521721,0.0,0.0,30.444004407189823,-0.22918767348124547,0.0885621291594965,2.796752018297533
33.96,-18.0,-0.7826086956521721,0.0,0.0,30.463081167320993,-0.22918928483925072,0.08856774686396889,2.7967736483176933
33.97,-18.0,-0.7826086956521721,0.0,0.0,30.482157816608957,-0.22919050709544164,0.08857324170615281,2.796794320323608
33.98,-18.0,-0.7826086956521721,0.0,0.0,30.50123436295719,-0.2291913801854788,0.08857860676375788,2.7968140651321893
33.99,-18.0,-0.7826086956521721,0.0,0.0,30.52031081375654,-0.22919194080261063,0.08858383640899052,2.796832913572367
34.0,-18.0,-0.7826086956521721,0.0,0.0,30.539387175915664,-0.2291922226287979,0.08858892618061824,2.796850896365787
34.01,-18.0,-0.7826086956521721,0.0,0.0,30.558463455889836,-0.22919225655091258,0.08859387266642053,2.796868044021609
34.02,-18.0,-0.7826086956521721,0.0,0.0,30.57753965970822,-0.22919207086289095,0.08859867339524823,2.796884386744154
34.03,-18.0,-0.7826086956521721,0.0,0.0,30.59661579299963,-0.22919169145466167,0.0886033267379938,2.7968999543523267
34.04,-18.0,-0.7826086956521721,0.0,0.0,30.615691861016902,-0.2291911419886452,0.0886078318167957,2.796914776209732
34.05,-18.0,-0.7826086956521721,0.0,0.0,30.6347678686599,-0.2291904440645598,0.08861218842187828,2.7969288811645687
34.06,-18.0,-0.7826086956521721,0.0,0.0,30.65384382049725,-0.22918961737325194,0.08861639693543659,2.7969422974983513
34.07,-18.0,-0.7826086956521721,0.0,0.0,30.672919720786854,-0.22918867984019697,0.08862045826206148,2.796955052882729
34.08,-18.0,-0.7826086956521721,0.0,0.0,30.69199557349523,-0.229187647759324,0.08862437376518865,2.796967174343556
34.09,-18.0,-0.7826086956521721,0.0,0.0,30.71107138231578,-0.2291865359177485,0.08862814520912347,2.7969786882315555
34.1,-18.0,-0.7826086956521721,0.0,0.0,30.730147150685976,-0.22918535771196935,0.08863177470622567,2.7969896201989632
34.11,-18.0,-0.7826086956521721,0.0,0.0,30.749222881803586,-0.2291841252560789,0.0886352646688389,2.7969999951814852
34.12,-18.0,-0.7826086956521721,0.0,0.0,30.768298578641936,-0.22918284948246992,0.08863861776561625,2.7970098373850947
34.13,-18.0,-0.7826086956521721,0.0,0.0,30.78737424396429,-0.2291815402355244,0.08864183688189102,2.797019170277125
34.14,-18.0,-0.7826086956521721,0.0,0.0,30.806449880337386,-0.2291802063587225,0.08864492508378012,2.797028016581217
34.15,-18.0,-0.7826086956521721,0.0,0.0,30.825525490144166,-0.2291788557755965,0.08864788558572305,2.797036398275685
34.16,-18.0,-0.7826086956521721,0.0,0.0,30.84460107559575,-0.22917749556491818,0.08865072172119064,2.7970443365949396
34.17,-18.0,-0.7826086956521721,0.0,0.0,30.863676638742703,-0.22917613203050569,0.08865343691629828,2.7970518520335697
34.18,-18.0,-0.7826086956521721,0.0,0.0,30.88275218148561,-0.22917477076598392,0.08865603466610143,2.797058964352807
34.19,-18.0,-0.7826086956521721,0.0,0.0,30.901827705585017,-0.2291734167148336,0.08865851851335287,2.797065692589064
34.2,-18.0,-0.7826086956521721,0.0,0.0,30.92090321267077,-0.22917207422605346,0.0886608920295066,2.797072055064232
34.21,-18.0,-0.7826086956521721,0.0,0.0,30.93997870425078,-0.22917074710570118,0.08866315879780089,2.7970780693975636
34.22,-18.0,-0.7826086956521721,0.0,0.0,30.95905418171925,-0.22916943866460437,0.08866532239823725,2.797083752518881
34.23,-18.0,-0.7826086956521721,0.0,0.0,30.978129646364387,-0.2291681517624995,0.08866738639428622,2.797089120682878
34.24,-18.0,-0.7826086956521721,0.0,0.0,30.997205099375645,-0.2291668888488243,0.08866935432119376,2.797094189484401
34.25,-18.0,-0.7826086956521721,0.0,0.0,31.016280541850495,-0.2291656520004095,0.08867122967572609,2.797098973874486
34.26,-18.0,-0.7826086956521721,0.0,0.0,31.035355974800805,-0.22916444295627336,0.08867301590723646,2.7971034881769983
34.27,-18.0,-0.7826086956521721,0.0,0.0,31.054431399158766,-0.22916326314970648,0.08867471640994899,2.797107746105818
34.28,-18.0,-0.7826086956521721,0.0,0.0,31.073506815782494,-0.22916211373786277,0.08867633451631811,2.7971117607823195
34.29,-18.0,-0.7826086956521721,0.0,0.0,31.092582225461236,-0.22916099562899794,0.08867787349140215,2.7971155447531717
34.3,-18.0,-0.7826086956521721,0.0,0.0,31.111657628920256,-0.22915990950754495,0.08867933652812714,2.797119110008259
34.31,-18.0,-0.7826086956521721,0.0,0.0,31.130733026825396,-0.229158855857162,0.08868072674337583,2.7971224679987006
34.32,-18.0,-0.7826086956521721,0.0,0.0,31.149808419787366,-0.229157834981917,0.08868204717480348,2.7971256296548277
34.33,-18.0,-0.7826086956521721,0.0,0.0,31.168883808365717,-0.2291568470257146,0.08868330077833513,2.7971286054041413
34.34,-18.0,-0.7826086956521721,0.0,0.0,31.18795919307258,-0.229155891990116,0.08868449042624986,2.797131405189092
34.35,-18.0,-0.7826086956521721,0.0,0.0,31.207034574376138,-0.2291549697506574,0.08868561890580944,2.7971340384847028
34.36,-18.0,-0.7826086956521721,0.0,0.0,31.226109952703894,-0.2291540800717815,0.08868668891836066,2.7971365143159255
34.37,-18.0,-0.7826086956521721,0.0,0.0,31.24518532844569,-0.22915322262047466,0.0886877030788789,2.797138841274772
34.38,-18.0,-0.7826086956521721,0.0,0.0,31.26426070195654,-0.22915239697871836,0.08868866391588386,2.797141027537102
34.39,-18.0,-0.7826086956521721,0.0,0.0,31.283336073559273,-0.2291516026548357,0.08868957387169911,2.7971430808790907
34.4,-18.0,-0.7826086956521721,0.0,0.0,31.302411443546983,-0.2291508390938195,0.08869043530300673,2.797145008693327
34.41,-18.0,-0.7826086956521721,0.0,0.0,31.32148681218533,-0.22915010568671512,0.08869125048167063,2.797146818004549
34.42,-18.0,-0.7826086956521721,0.0,0.0,31.34056217971466,-0.22914940177913357,0.08869202159578586,2.797148515484973
34.43,-18.0,-0.7826086956521721,0.0,0.0,31.35963754635199,-0.2291487266789678,0.08869275075092357,2.797150107469199
34.44,-18.0,-0.7826086956521721,0.0,0.0,31.37871291229287,-0.22914807966336115,0.08869343997155248,2.7971515999687155
34.45,-18.0,-0.7826086956521721,0.0,0.0,31.397788277713076,-0.22914745998499675,0.08869409120260789,2.797152998685975
34.46,-18.0,-0.7826086956521721,0.0,0.0,31.416863642770224,-0.22914686687776098,0.08869470631117908,2.7971543090280275
34.47,-18.0,-0.7826086956521721,0.0,0.0,31.435939007605242,-0.2291462995618252,0.08869528708830558,2.797155536119724
34.48,-18.0,-0.7826086956521721,0.0,0.0,31.455014372343744,-0.22914575724820074,0.08869583525085438,2.797156684816493
34.49,-18.0,-0.7826086956521721,0.0,0.0,31.474089737097305,-0.2291452391428055,0.08869635244346567,2.7971577597166686
34.5,-18.0,-0.7826086956521721,0.0,0.0,31.493165101964657,-0.22914474445008493,0.08869684024055006,2.797158765173387
34.51,-18.0,-0.7826086956521721,0.0,0.0,31.51224046703277,-0.22914427237621782,0.08869730014833004,2.7971597053060786
34.52,-18.0,-0.7826086956521721,0.0,0.0,31.53131583237787,-0.22914382213195528,0.08869773360690096,2.7971605840115092
34.53,-18.0,-0.7826086956521721,0.0,0.0,31.550391198066396,-0.2291433929351121,0.08869814199231145,2.7971614049744185
34.54,-18.0,-0.7826086956521721,0.0,0.0,31.56946656415585,-0.22914298401274658,0.08869852661865034,2.7971621716777477
34.55,-18.0,-0.7826086956521721,0.0,0.0,31.5885419306956,-0.22914259460305386,0.08869888874013147,2.7971628874124757
34.56,-18.0,-0.7826086956521721,0.0,0.0,31.607617297727646,-0.22914222395700357,0.08869922955316305,2.797163555287032
34.57,-18.0,-0.7826086956521721,0.0,0.0,31.626692665287283,-0.22914187133973662,0.08869955019840618,2.7971641782363603
34.58,-18.0,-0.7826086956521721,0.0,0.0,31.645768033403744,-0.22914153603174636,0.08869985176281041,2.797164759030595
34.59,-18.0,-0.7826086956521721,0.0,0.0,31.664843402100786,-0.22914121732987325,0.08870013528161518,2.7971653002833587
34.6,-18.0,-0.7826086956521721,0.0,0.0,31.683918771397217,-0.22914091454811203,0.08870040174032683,2.7971658044597367
34.61,-18.0,-0.7826086956521721,0.0,0.0,31.702994141307403,-0.22914062701827365,0.08870065207665061,2.7971662738838643
34.62,-18.0,-0.7826086956521721,0.0,0.0,31.722069511841717,-0.22914035409048905,0.08870088718239359,2.7971667107462252
34.63,-18.0,-0.7826086956521721,0.0,0.0,31.741144883006953,-0.229140095133598,0.0887011079053152,2.7971671171105936
34.64,-18.0,-0.7826086956521721,0.0,0.0,31.76022025480672,-0.2291398495354131,0.08870131505093974,2.7971674949206764
34.65,-18.0,-0.7826086956521721,0.0,0.0,31.779295627241783,-0.22913961670288585,0.08870150938431991,2.797167846006448
34.66,-18.0,-0.7826086956521721,0.0,0.0,31.7983710003104,-0.22913939606217704,0.08870169163175594,2.797168172090207
34.67,-18.0,-0.7826086956521721,0.0,0.0,31.817446374008604,-0.229139187058649,0.08870186248245997,2.7971684747923273
34.68,-18.0,-0.7826086956521721,0.0,0.0,31.836521748330473,-0.22913898915678121,0.08870202259017894,2.797168755636766
34.69,-18.0,-0.7826086956521721,0.0,0.0,31.85559712326838,-0.22913880184002822,0.08870217257475758,2.797169016056278
34.7,-18.0,-0.7826086956521721,0.0,0.0,31.874672498813233,-0.22913862461061774,0.08870231302365932,2.7971692573974005
34.71,-18.0,-0.7826086956521721,0.0,0.0,31.89374787495464,-0.22913845698929491,0.08870244449343738,2.7971694809252137
34.72,-18.0,-0.7826086956521721,0.0,0.0,31.912823251681143,-0.22913829851504097,0.08870256751114418,2.797169687827807
34.73,-18.0,-0.7826086956521721,0.0,0.0,31.931898628980345,-0.2291381487447337,0.08870268257570761,2.7971698792206032
34.74,-18.0,-0.7826086956521721,0.0,0.0,31.950974006839093,-0.22913800725279643,0.08870279015924303,2.7971700561504016
34.75,-18.0,-0.7826086956521721,0.0,0.0,31.9700493852436,-0.22913787363080962,0.08870289070832697,2.797170219599261
34.76,-18.0,-0.7826086956521721,0.0,0.0,31.989124764179568,-0.22913774748710347,0.08870298464521735,2.79717037048816
34.77,-18.0,-0.7826086956521721,0.0,0.0,32.00820014363232,-0.22913762844633867,0.08870307236902612,2.7971705096804804
34.78,-18.0,-0.7826086956521721,0.0,0.0,32.02727552358688,-0.2291375161490612,0.08870315425685409,2.797170637985328
34.79,-18.0,-0.7826086956521721,0.0,0.0,32.04635090402807,-0.22913741025126377,0.08870323066486412,2.797170756160634
34.8,-18.0,-0.7826086956521721,0.0,0.0,32.06542628494059,-0.2291373104239227,0.08870330192932722,2.7971708649161457
34.81,-18.0,-0.7826086956521721,0.0,0.0,32.08450166630911,-0.22913721635253714,0.08870336836761965,2.7971709649162473
34.82,-18.0,-0.7826086956521721,0.0,0.0,32.10357704811829,-0.22913712773667116,0.08870343027917009,2.797171056782596
34.83,-18.0,-0.7826086956521721,0.0,0.0,32.12265243035288,-0.22913704428948467,0.0887034879463771,2.7971711410966646
34.84,-18.0,-0.7826086956521721,0.0,0.0,32.14172781299776,-0.22913696573727593,0.08870354163547915,2.7971712184021076
34.85,-18.0,-0.7826086956521721,0.0,0.0,32.16080319603795,-0.22913689181900998,0.08870359159739964,2.7971712892070597
34.86,-18.0,-0.7826086956521721,0.0,0.0,32.17987857945871,-0.2291368222858785,0.08870363806852981,2.7971713539862155
34.87,-18.0,-0.7826086956521721,0.0,0.0,32.19895396324551,-0.22913675690083934,0.08870368127150079,2.7971714131828773
34.88,-18.0,-0.7826086956521721,0.0,0.0,32.21802934738409,-0.22913669543817372,0.08870372141591014,2.797171467210868
34.89,-18.0,-0.7826086956521721,0.0,0.0,32.23710473186049,-0.2291366376830566,0.08870375869900986,2.797171516456301
34.9,-18.0,-0.7826086956521721,0.0,0.0,32.25618011666106,-0.22913658343112364,0.08870379330637206,2.7971715612793027
34.91,-18.0,-0.7826086956521721,0.0,0.0,32.27525550177248,-0.229136532488051,0.08870382541252057,2.79717160201562
34.92,-18.0,-0.7826086956521721,0.0,0.0,32.294330887181744,-0.22913648466915193,0.08870385518152661,2.7971716389781176
34.93,-18.0,-0.7826086956521721,0.0,0.0,32.31340627287623,-0.22913643979897613,0.08870388276758116,2.7971716724582065
34.94,-18.0,-0.7826086956521721,0.0,0.0,32.33248165884365,-0.2291363977109171,0.08870390831554258,2.7971717027272107
34.95,-18.0,-0.7826086956521721,0.0,0.0,32.35155704507209,-0.22913635824684264,0.08870393196144459,2.7971717300375967
34.96,-18.0,-0.7826086956521721,0.0,0.0,32.37063243155002,-0.22913632125672234,0.0887039538329956,2.7971717546242005
34.97,-18.0,-0.7826086956521721,0.0,0.0,32.38970781826626,-0.22913628659826912,0.08870397405004486,2.7971717767053526
34.98,-18.0,-0.7826086956521721,0.0,0.0,32.40878320521,-0.22913625413660155,0.08870399272502254,2.7971717964839202
34.99,-18.0,-0.7826086956521721,0.0,0.0,32.427858592370804,-0.22913622374390696,0.08870400996336107,2.79717181414831
35.0,-18.0,-0.7826086956521721,0.0,0.0,32.44693397973861,-0.2291361952991231,0.0887040258638923,2.797171829873397
35.01,-18.0,-0.7826086956521721,0.0,0.0,32.46600936730371,-0.229136168687619,0.08870404051923435,2.7971718438214364
35.02,-18.0,-0.7826086956521721,0.0,0.0,32.48508475505677,-0.22913614380090408,0.08870405401614172,2.797171856142858
35.03,-18.0,-0.7826086956521721,0.0,0.0,32.50416014298878,-0.22913612053633248,0.08870406643585209,2.797171866977071
35.04,-18.0,-0.7826086956521721,0.0,0.0,32.5232355310911,-0.2291360987968285,0.08870407785440386,2.7971718764531794
35.05,-18.0,-0.7826086956521721,0.0,0.0,32.54231091935544,-0.22913607849062156,0.08870408834294223,2.797171884690668
35.06,-18.0,-0.7826086956521721,0.0,0.0,32.56138630777381,-0.2291360595309806,0.08870409796801253,2.7971718918000685
35.07,-18.0,-0.7826086956521721,0.0,0.0,32.58046169633857,-0.22913604183597291,0.08870410679183065,2.797171897883553
35.08,-18.0,-0.7826086956521721,0.0,0.0,32.599537085042385,-0.22913602532823152,0.08870411487253764,2.797171903035484
35.09,-18.0,-0.7826086956521721,0.0,0.0,32.618612473878244,-0.22913600993471817,0.08870412226445128,2.7971719073429773
35.1,-18.0,-0.7826086956521721,0.0,0.0,32.63768786283942,-0.22913599558651132,0.0887041290182941,2.7971719108863877
35.11,-18.0,-0.7826086956521721,0.0,0.0,32.65676325191949,-0.22913598221859877,0.08870413518140911,2.7971719137397684
35.12,-18.0,-0.7826086956521721,0.0,0.0,32.67583864111231,-0.2291359697696711,0.08870414079797422,2.797171915971337
35.13,-18.0,-0.7826086956521721,0.0,0.0,32.694914030411994,-0.2291359581819421,0.08870414590918467,2.7971719176438463
35.14,-18.0,-0.7826086956521721,0.0,0.0,32.71398941981295,-0.22913594740095666,0.08870415055344742,2.7971719188150006
35.15,-18.0,-0.7826086956521721,0.0,0.0,32.733064809309816,-0.22913593737542004,0.08870415476654962,2.797171919537804
35.16,-18.0,-0.7826086956521721,0.0,0.0,32.75214019889749,-0.2291359280570311,0.08870415858182472,2.797171919860902
35.17,-18.0,-0.7826086956521721,0.0,0.0,32.77121558857112,-0.2291359194003273,0.088704162030301,2.797171919828875
35.18,-18.0,-0.7826086956521721,0.0,0.0,32.79029097832605,-0.2291359113625253,0.08870416514085537,2.7971719194825675
35.19,-18.0,-0.7826086956521721,0.0,0.0,32.80936636815787,-0.22913590390338356,0.08870416794034368,2.797171918859335
35.2,-18.0,-0.7826086956521721,0.0,0.0,32.828441758062375,-0.22913589698506542,0.0887041704537294,2.7971719179933006
35.21,-18.0,-0.7826086956521721,0.0,0.0,32.84751714803558,-0.22913589057200423,0.08870417270420831,2.7971719169156075
35.22,-18.0,-0.7826086956521721,0.0,0.0,32.86659253807367,-0.2291358846307765,0.0887041747133253,2.79717191565465
35.23,-18.0,-0.7826086956521721,0.0,0.0,32.88566792817303,-0.22913587912999134,0.08870417650107347,2.7971719142362548
35.24,-18.0,-0.7826086956521721,0.0,0.0,32.904743318330226,-0.22913587404017388,0.08870417808599977,2.7971719126838868
35.25,-18.0,-0.7826086956521721,0.0,0.0,32.923818708541994,-0.22913586933365515,0.08870417948530311,2.797171911018846
35.26,-18.0,-0.7826086956521721,0.0,0.0,32.94289409880524,-0.22913586498447858,0.08870418071491463,2.7971719092604026
35.27,-18.0,-0.7826086956521721,0.0,0.0,32.961969489117024,-0.22913586096829253,0.08870418178959243,2.7971719074259913
35.28,-18.0,-0.7826086956521721,0.0,0.0,32.98104487947457,-0.22913585726227148,0.08870418272298901,2.7971719055313202
35.29,-18.0,-0.7826086956521721,0.0,0.0,33.00012026987522,-0.22913585384501234,0.08870418352773994,2.7971719035905536
35.3,-18.0,-0.7826086956521721,0.0,0.0,33.01919566031648,-0.22913585069647002,0.08870418421551622,2.7971719016163816
35.31,-18.0,-0.7826086956521721,0.0,0.0,33.03827105079597,-0.22913584779786778,0.08870418479710111,2.797171899620182
35.32,-18.0,-0.7826086956521721,0.0,0.0,33.05734644131145,-0.2291358451316272,0.08870418528244643,2.797171897612106
35.33,-18.0,-0.7826086956521721,0.0,0.0,33.07642183186079,-0.2291358426812955,0.08870418568073261,2.7971718956011946
35.34,-18.0,-0.7826086956521721,0.0,0.0,33.095497222441985,-0.2291358404314856,0.08870418600041567,2.797171893595444
35.35,-18.0,-0.7826086956521721,0.0,0.0,33.11457261305313,-0.22913583836780327,0.08870418624928782,2.7971718916019355
35.36,-18.0,-0.7826086956521721,0.0,0.0,33.133648003692414,-0.22913583647679392,0.08870418643451732,2.797171889626888
35.37,-18.0,-0.7826086956521721,0.0,0.0,33.15272339435815,-0.2291358347458896,0.08870418656269101,2.7971718876757237
35.38,-18.0,-0.7826086956521721,0.0,0.0,33.17179878504872,-0.22913583316334774,0.08870418663986072,2.797171885753163
35.39,-18.0,-0.7826086956521721,0.0,0.0,33.19087417576262,-0.2291358317182075,0.08870418667157824,2.7971718838632684
35.4,-18.0,-0.7826086956521721,0.0,0.0,33.209949566498416,-0.22913583040023688,0.08870418666293482,2.797171882009524
35.41,-18.0,-0.7826086956521721,0.0,0.0,33.22902495725475,-0.22913582919989328,0.08870418661858974,2.7971718801948637
35.42,-18.0,-0.7826086956521721,0.0,0.0,33.24810034803035,-0.22913582810827693,0.08870418654280647,2.797171878421746
35.43,-18.0,-0.7826086956521721,0.0,0.0,33.26717573882401,-0.22913582711709513,0.0887041864394779,2.797171876692179
35.44,-18.0,-0.7826086956521721,0.0,0.0,33.28625112963459,-0.2291358262186194,0.08870418631215797,2.797171875007783
35.45,-18.0,-0.7826086956521721,0.0,0.0,33.30532652046104,-0.22913582540565613,0.08870418616408242,2.7971718733698108
35.46,-18.0,-0.7826086956521721,0.0,0.0,33.32440191130233,-0.22913582467150695,0.08870418599819789,2.797171871779203
35.47,-18.0,-0.7826086956521721,0.0,0.0,33.34347730215753,-0.22913582400994237,0.08870418581717847,2.7971718702366033
35.48,-18.0,-0.7826086956521721,0.0,0.0,33.36255269302574,-0.22913582341516792,0.08870418562345277,2.7971718687424074
35.49,-18.0,-0.7826086956521721,0.0,0.0,33.38162808390612,-0.22913582288179946,0.08870418541921636,2.7971718672967714
35.5,-18.0,-0.7826086956521721,0.0,0.0,33.400703474797886,-0.22913582240483543,0.08870418520645511,2.7971718658996525
35.51,-18.0,-0.7826086956521721,0.0,0.0,33.41977886570029,-0.22913582197963067,0.08870418498696024,2.797171864550831
35.52,-18.0,-0.7826086956521721,0.0,0.0,33.43885425661263,-0.22913582160187707,0.08870418476234125,2.797171863249919
35.53,-18.0,-0.7826086956521721,0.0,0.0,33.45792964753426,-0.22913582126757825,0.08870418453404398,2.797171861996395
35.54,-18.0,-0.7826086956521721,0.0,0.0,33.477005038464554,-0.22913582097302854,0.08870418430336295,2.7971718607896183
35.55,-18.0,-0.7826086956521721,0.0,0.0,33.49608042940294,-0.2291358207147962,0.0887041840714539,2.797171859628844
35.56,-18.0,-0.7826086956521721,0.0,0.0,33.515155820348866,-0.22913582048970582,0.08870418383934213,2.7971718585132272
35.57,-18.0,-0.7826086956521721,0.0,0.0,33.53423121130183,-0.22913582029481638,0.08870418360793879,2.7971718574418576
35.58,-18.0,-0.7826086956521721,0.0,0.0,33.553306602261344,-0.22913582012740963,0.0887041833780479,2.7971718564137604
35.59,-18.0,-0.7826086956521721,0.0,0.0,33.57238199322697,-0.22913581998497756,0.08870418315037125,2.7971718554278904
35.6,-18.0,-0.7826086956521721,0.0,0.0,33.59145738419828,-0.22913581986519782,0.08870418292552833,2.7971718544831865
35.61,-18.0,-0.7826086956521721,0.0,0.0,33.61053277517488,-0.22913581976593322,0.08870418270405149,2.797171853578531
35.62,-18.0,-0.7826086956521721,0.0,0.0,33.62960816615641,-0.22913581968521068,0.08870418248640148,2.797171852712792
35.63,-18.0,-0.7826086956521721,0.0,0.0,33.64868355714251,-0.2291358196212112,0.08870418227297243,2.797171851884819
35.64,-18.0,-0.7826086956521721,0.0,0.0,33.66775894813287,-0.2291358195722646,0.08870418206409396,2.79717185109344
35.65,-18.0,-0.7826086956521721,0.0,0.0,33.68683433912718,-0.22913581953683027,0.08870418186004429,2.797171850337489
35.66,-18.0,-0.7826086956521721,0.0,0.0,33.705909730125164,-0.22913581951349693,0.08870418166104747,2.7971718496157854
35.67,-18.0,-0.7826086956521721,0.0,0.0,33.72498512112655,-0.22913581950096318,0.08870418146728702,2.797171848927171
35.68,-18.0,-0.7826086956521721,0.0,0.0,33.74406051213109,-0.22913581949803974,0.08870418127890238,2.7971718482704797
35.69,-18.0,-0.7826086956521721,0.0,0.0,33.76313590313856,-0.22913581950363748,0.0887041810959958,2.7971718476445564
35.7,-18.0,-0.7826086956521721,0.0,0.0,33.78221129414874,-0.2291358195167561,0.08870418091864023,2.7971718470482734
35.71,-18.0,-0.7826086956521721,0.0,0.0,33.80128668516142,-0.22913581953648454,0.08870418074687529,2.7971718464805044
35.72,-18.0,-0.7826086956521721,0.0,0.0,33.82036207617643,-0.22913581956199014,0.0887041805807161,2.797171845940149
35.73,-18.0,-0.7826086956521721,0.0,0.0,33.839437467193584,-0.2291358195925115,0.08870418042015608,2.7971718454261345
35.74,-18.0,-0.7826086956521721,0.0,0.0,33.85851285821272,-0.22913581962735785,0.08870418026516651,2.797171844937403
35.75,-18.0,-0.7826086956521721,0.0,0.0,33.87758824923369,-0.2291358196659008,0.08870418011570018,2.79717184447292
35.76,-18.0,-0.7826086956521721,0.0,0.0,33.89666364025634,-0.22913581970756658,0.08870417997169748,2.797171844031691
35.77,-18.0,-0.7826086956521721,0.0,0.0,33.91573903128055,-0.22913581975184094,0.08870417983307981,2.797171843612725
35.78,-18.0,-0.7826086956521721,0.0,0.0,33.9348144223062,-0.22913581979825492,0.08870417969975967,2.7971718432150725
35.79,-18.0,-0.7826086956521721,0.0,0.0,33.95388981333316,-0.22913581984638576,0.08870417957163972,2.7971718428378107
35.8,-18.0,-0.7826086956521721,0.0,0.0,33.972965204361344,-0.2291358198958524,0.08870417944861302,2.797171842480044
35.81,-18.0,-0.7826086956521721,0.0,0.0,33.99204059539064,-0.2291358199463125,0.08870417933056655,2.797171842140905
35.82,-18.0,-0.7826086956521721,0.0,0.0,34.01111598642096,-0.22913581999745913,0.0887041792173802,2.7971718418195546
35.83,-18.0,-0.7826086956521721,0.0,0.0,34.03019137745222,-0.229135820049019,0.08870417910892885,2.7971718415151803
35.84,-18.0,-0.7826086956521721,0.0,0.0,34.04926676848434,-0.22913582010074718,0.08870417900508414,2.7971718412269984
35.85,-18.0,-0.7826086956521721,0.0,0.0,34.06834215951724,-0.2291358201524274,0.08870417890571451,2.7971718409542516
35.86,-18.0,-0.7826086956521721,0.0,0.0,34.08741755055087,-0.22913582020386625,0.08870417881068764,2.7971718406962185
35.87,-18.0,-0.7826086956521721,0.0,0.0,34.106492941585145,-0.22913582025489543,0.0887041787198684,2.7971718404521964
35.88,-18.0,-0.7826086956521721,0.0,0.0,34.12556833262003,-0.22913582030536928,0.08870417863311901,2.7971718402215013
35.89,-18.0,-0.7826086956521721,0.0,0.0,34.14464372365545,-0.2291358203551539,0.08870417855030914,2.797171840003505
35.9,-18.0,-0.7826086956521721,0.0,0.0,34.16371911469137,-0.22913582040414227,0.08870417847129923,2.797171839797569
35.91,-18.0,-0.7826086956521721,0.0,0.0,34.182794505727735,-0.2291358204522358,0.08870417839595805,2.7971718396031067
35.92,-18.0,-0.7826086956521721,0.0,0.0,34.201869896764514,-0.22913582049935632,0.08870417832415049,2.797171839419536
35.93,-18.0,-0.7826086956521721,0.0,0.0,34.22094528780166,-0.22913582054543236,0.0887041782557481,2.7971718392463196
35.94,-18.0,-0.7826086956521721,0.0,0.0,34.24002067883914,-0.22913582059040705,0.08870417819062286,2.797171839082935
35.95,-18.0,-0.7826086956521721,0.0,0.0,34.25909606987691,-0.22913582063423754,0.08870417812864521,2.79717183892887
35.96,-18.0,-0.7826086956521721,0.0,0.0,34.278171460914955,-0.22913582067688676,0.08870417806969148,2.7971718387836457
35.97,-18.0,-0.7826086956521721,0.0,0.0,34.29724685195324,-0.2291358207183265,0.0887041780136411,2.7971718386468063
35.98,-18.0,-0.7826086956521721,0.0,0.0,34.316322242991745,-0.22913582075853878,0.0887041779603737,2.7971718385179085
35.99,-18.0,-0.7826086956521721,0.0,0.0,34.33539763403044,-0.22913582079750827,0.08870417790977651,2.797171838396543
36.0,-18.0,-0.7826086956521721,0.0,0.0,34.35447302506931,-0.22913582083522943,0.0887041778617355,2.797171838282306
36.01,-18.0,0.7826086956521756,0.0,0.0,34.37379328774888,-0.22662202294529044,0.21036136302074798,2.7945087671852873
36.02,-18.0,0.7826086956521756,0.0,0.0,34.393328298451934,-0.22483701100478548,0.1991326447380683,2.7917104691713694
36.03,-18.0,0.7826086956521756,0.0,0.0,34.41305122010451,-0.22367100033699705,0.18891125186503183,2.7888284399310797
36.04,-18.0,0.7826086956521756,0.0,0.0,34.43293819004017,-0.2230272278607346,0.17961369838600966,2.785906492100186
36.05,-18.0,0.7826086956521756,0.0,0.0,34.45296802651889,-0.22282091987733077,0.17116229385984877,2.782981491241359
36.06,-18.0,0.7826086956521756,0.0,0.0,34.473121956838234,-0.22297817997891167,0.16348494701675415,2.780084087711439
36.07,-18.0,0.7826086956521756,0.0,0.0,34.49338336802802,-0.22343487233895143,0.1565149139076512,2.7772394201621458
36.08,-18.0,0.7826086956521756,0.0,0.0,34.51373757989059,-0.22413554711629935,0.15019051836011182,2.774467776877191
36.09,-18.0,0.7826086956521756,0.0,0.0,34.53417163941473,-0.22503243497185377,0.14445486221313858,2.7717852078326515
36.1,-18.0,0.7826086956521756,0.0,0.0,34.55467413519188,-0.22608452435177995,0.13925553590056144,2.769204084603641
36.11,-18.0,0.7826086956521756,0.0,0.0,34.57523503028265,-0.22725672640424666,0.13454433544316996,2.7667336079024634
36.12,-18.0,0.7826086956521756,0.0,0.0,34.5958455119406,-0.22851912681560704,0.1302769890602377,2.764380264184954
36.13,-18.0,0.7826086956521756,0.0,0.0,34.616497856642965,-0.2298463204904051,0.12641289489423418,2.7621482337671153
36.14,-18.0,0.7826086956521756,0.0,0.0,34.63718530896663,-0.2312168231485039,0.12291487038545472,2.7600397534816
36.15,-18.0,0.7826086956521756,0.0,0.0,34.65790197295855,-0.23261255306804607,0.11974891336940445,2.7580554372084745
36.16,-18.0,0.7826086956521756,0.0,0.0,34.67864271476621,-0.23401837600768527,0.11688397479548045,2.7561945577144686
36.17,-18.0,0.7826086956521756,0.0,0.0,34.69940307540799,-0.23542170654149208,0.11429174291446746,2.7544552931784296
36.18,-18.0,0.7826086956521756,0.0,0.0,34.7201791926714,-0.23681215945476541,0.11194643873063885,2.7528349416166193
36.19,-18.0,0.7826086956521756,0.0,0.0,34.740967731228935,-0.23818124535678686,0.10982462240454642,2.7513301062112006
36.2,-18.0,0.7826086956521756,0.0,0.0,34.76176582015642,-0.23952210519623263,0.10790501014609215,2.749936854351244
36.21,-18.0,0.7826086956521756,0.0,0.0,34.78257099712725,-0.2408292788862263,0.10616830102926426,2.748650853058067
36.22,-18.0,0.7826086956521756,0.0,0.0,34.80338115863599,-0.24209850375338782,0.1045970131645662,2.7474674833862665
36.23,-18.0,0.7826086956521756,0.0,0.0,34.82419451567429,-0.2433265390200927,0.10317532880682893,2.746381936333659
36.24,-18.0,0.7826086956521756,0.0,0.0,34.845009554339775,-0.24451101300767908,0.10188894821210086,2.745389292707691
36.25,-18.0,0.7826086956521756,0.0,0.0,34.86582500090492,-0.2456502901978257,0.10072495230219751,2.7444845892462317
36.26,-18.0,0.7826086956521756,0.0,0.0,34.88663979090973,-0.24674335569324768,0.0996716743627573,2.743662873068522
36.27,-18.0,0.7826086956521756,0.0,0.0,34.90745304187252,-0.24778971496428248,0.09871858103844204,2.74291924625633
36.28,-18.0,0.7826086956521756,0.0,0.0,34.92826402924056,-0.24878930705029156,0.09785616279428415,2.742248902071987
36.29,-18.0,0.7826086956521756,0.0,0.0,34.949072165229275,-0.249742429609213,0.09707583382259814,2.741647154045556
36.3,-18.0,0.7826086956521756,0.0,0.0,34.9698769802262,-0.25064967438687,0.09636984114726359,2.7411094589338374
36.31,-18.0,0.7826086956521756,0.0,0.0,34.99067810646478,-0.2515118718242215,0.09573118246589356,2.7406314343792255
36.32,-18.0,0.7826086956521756,0.0,0.0,35.01147526370219,-0.25233004364810485,0.09515353211284498,2.740208871973844
36.33,-18.0,0.7826086956521756,0.0,0.0,35.03226824666427,-0.2531053624082402,0.09463117443719275,2.739837746351195
36.34,-18.0,0.7826086956521756,0.0,0.0,35.053056914047886,-0.25383911703475315,0.0941589438662123,2.739514220869308
36.35,-18.0,0.7826086956521756,0.0,0.0,35.07384117889605,-0.25453268359704184,0.09373217095182267,2.7392346504041685
36.36,-18.0,0.7826086956521756,0.0,0.0,35.09462100018395,-0.25518750054590544,0.09334663375555156,2.7389955817296125
36.37,-18.0,0.7826086956521756,0.0,0.0,35.11539637547328,-0.2558050478142575,0.09299851400010976,2.7387937519171857
36.38,-18.0,0.7826086956521756,0.0,0.0,35.13616733450995,-0.2563868292364777,0.09268435748935126,2.7386260851438604
36.39,-18.0,0.7826086956521756,0.0,0.0,35.156933933654514,-0.2569343578213883,0.09240103836575934,2.7384896882488987
36.4,-18.0,0.7826086956521756,0.0,0.0,35.17769625104786,-0.25744914347918524,0.09214572683183468,2.738381845334425
36.41,-18.0,0.7826086956521756,0.0,0.0,35.19845438242543,-0.25793268285879467,0.09191586000847789,2.7383000116597183
36.42,-18.0,0.7826086956521756,0.0,0.0,35.219208437503106,-0.2583864510000542,0.09170911564063038,2.738241807037845
36.43,-18.0,0.7826086956521756,0.0,0.0,35.23995853686634,-0.2588118945458624,0.09152338839007239,2.738205008906283
36.44,-18.0,0.7826086956521756,0.0,0.0,35.260704809301565,-0.25921042629408486,0.09135676847917688,2.7381875452107796
36.45,-18.0,0.7826086956521756,0.0,0.0,35.281447389515755,-0.25958342089859965,0.0912075224693261,2.7381874872137746
36.46,-18.0,0.7826086956521756,0.0,0.0,35.30218641619593,-0.2599322115541143,0.09107407597498589,2.7382030423155546
36.47,-18.0,0.7826086956521756,0.0,0.0,35.322922030365845,-0.2602580875211884,0.09095499812988987,2.738232546956724
36.48,-18.0,0.7826086956521756,0.0,0.0,35.3436543740019,-0.2605622923667057,0.09084898763610698,2.738274459654742
36.49,-18.0,0.7826086956521756,0.0,0.0,35.36438358887477,-0.2608460228113896,0.09075486024022454,2.738327354214184
36.5,-18.0,0.7826086956521756,0.0,0.0,35.38510981558705,-0.26111042809015217,0.09067153749374439,2.7383899131401157
36.51,-18.0,0.7826086956521756,0.0,0.0,35.40583319278073,-0.2613566097435265,0.09059803666696124,2.7384609212753874
36.52,-18.0,0.7826086956521756,0.0,0.0,35.426553856491644,-0.2615856217693042,0.09053346169721636,2.7385392596760005
36.53,-18.0,0.7826086956521756,0.0,0.0,35.44727193963045,-0.2617984710729635,0.09047699506346045,2.7386238997335406
36.54,-18.0,0.7826086956521756,0.0,0.0,35.4679875715726,-0.26199611816387147,0.09042789048931336,2.738713897549243
36.55,-18.0,0.7826086956521756,0.0,0.0,35.48870087784174,-0.2621794780514912,0.09038546638649485,2.738808388561114
36.56,-18.0,0.7826086956521756,0.0,0.0,35.509411979872866,-0.26234942130218863,0.09034909995944444,2.738906582423021
36.57,-18.0,0.7826086956521756,0.0,0.0,35.53012099484357,-0.2625067752228374,0.09031822190011944,2.7390077581325287
36.58,-18.0,0.7826086956521756,0.0,0.0,35.55082803556298,-0.2626523251422712,0.09029231160950173,2.7391112594027995
36.59,-18.0,0.7826086956521756,0.0,0.0,35.57153321040939,-0.26278681576579666,0.090270892889233,2.739216490272936
36.6,-18.0,0.7826086956521756,0.0,0.0,35.59223662330895,-0.2629109525817839,0.09025353005286456,2.7393229109498822
36.61,-18.0,0.7826086956521756,0.0,0.0,35.61293837374845,-0.26302540330240465,0.09023982441192728,2.7394300338748927
36.62,-18.0,0.7826086956521756,0.0,0.0,35.63363855681656,-0.26313079932348327,0.09022941109688624,2.7395374200067035
36.63,-18.0,0.7826086956521756,0.0,0.0,35.65433726326836,-0.2632277371907452,0.09022195617760402,2.7396446753135653
36.64,-18.0,0.7826086956521756,0.0,0.0,35.675034579608855,-0.2633167800618388,0.0902171540518895,2.7397514474660847
36.65,-18.0,0.7826086956521756,0.0,0.0,35.695730588191665,-0.263398459155322,0.09021472507422638,2.73985742272265
36.66,-18.0,0.7826086956521756,0.0,0.0,35.71642536732976,-0.2634732751793276,0.09021441339993279,2.73996232299933
36.67,-18.0,0.7826086956521756,0.0,0.0,35.73711899141542,-0.26354169973394725,0.09021598502278465,2.7400659031162036
36.68,-18.0,0.7826086956521756,0.0,0.0,35.75781153104708,-0.2636041766825412,0.09021922598657033,2.7401679482121053
36.69,-18.0,0.7826086956521756,0.0,0.0,35.77850305316105,-0.26366112348811743,0.09022394075325106,2.740268271320058
36.7,-18.0,0.7826086956521756,0.0,0.0,35.799193621166395,-0.26371293251182815,0.09022995071227129,2.740366711095664
36.71,-18.0,0.7826086956521756,0.0,0.0,35.81988329508157,-0.26375997227130554,0.09023709281728202,2.7404631296910043
36.72,-18.0,0.7826086956521756,0.0,0.0,35.84057213167154,-0.2638025886571671,0.09024521833805492,2.7405574107668973
36.73,-18.0,0.7826086956521756,0.0,0.0,35.86126018458449,-0.2638411061066086,0.0902541917166189,2.7406494576363216
36.74,-18.0,0.7826086956521756,0.0,0.0,35.88194750448707,-0.26387582873335624,0.0902638895178967,2.7407391915323376
36.75,-18.0,0.7826086956521756,0.0,0.0,35.902634139197765,-0.2639070414137108,0.09027419946608299,2.7408265499938333
36.76,-18.0,0.7826086956521756,0.0,0.0,35.92332013381757,-0.26393501082869997,0.09028501955894412,2.7409114853627257
36.77,-18.0,0.7826086956521756,0.0,0.0,35.9440055308577,-0.26395998646259566,0.09029625725305072,2.740993963386582
36.78,-18.0,0.7826086956521756,0.0,0.0,35.964690370363904,-0.2639822015583415,0.09030782871361702,2.741073961920661
36.79,-18.0,0.7826086956521756,0.0,0.0,35.98537469003707,-0.26400187403055364,0.09031965812331293,2.7411514697238046
36.8,-18.0,0.7826086956521756,0.0,0.0,36.00605852535004,-0.26401920733697026,0.09033167704492555,2.741226485342648
36.81,-18.0,0.7826086956521756,0.0,0.0,36.02674190966036,-0.2640343913092793,0.09034382383332233,2.74129901607909
36.82,-18.0,0.7826086956521756,0.0,0.0,36.047424874318956,-0.2640476029444452,0.0903560430925106,2.741369077035844
36.83,-18.0,0.7826086956521756,0.0,0.0,36.06810744877467,-0.26405900715761677,0.09036828517411792,2.741436690235545
36.84,-18.0,0.7826086956521756,0.0,0.0,36.08878966067461,-0.26406875749787284,0.09038050571384386,2.741501883808661
36.85,-18.0,0.7826086956521756,0.0,0.0,36.10947153596037,-0.2640769968280101,0.0903926652028612,2.741564691246044
36.86,-18.0,0.7826086956521756,0.0,0.0,36.13015309896015,-0.26408385796966516,0.09040472859134978,2.741625150711896
36.87,-18.0,0.7826086956521756,0.0,0.0,36.15083437247684,-0.26408946431504976,0.09041666492165316,2.7416833044133027
36.88,-18.0,0.7826086956521756,0.0,0.0,36.17151537787209,-0.2640939304065921,0.09042844698874956,2.741739198022597
36.89,-18.0,0.7826086956521756,0.0,0.0,36.19219613514662,-0.2640973624857843,0.0904400510259357,2.7417928801490024
36.9,-18.0,0.7826086956521756,0.0,0.0,36.21287666301661,-0.2640998590124872,0.09045145641383583,2.7418444018563113
36.91,-18.0,0.7826086956521756,0.0,0.0,36.23355697898659,-0.2641015111560048,0.0904626454109441,2.7418938162232847
36.92,-18.0,0.7826086956521756,0.0,0.0,36.25423709941868,-0.2641024032591135,0.09047360290415656,2.7419411779439873
36.93,-18.0,0.7826086956521756,0.0,0.0,36.27491703959844,-0.2641026132763118,0.09048431617778223,2.7419865429650714
36.94,-18.0,0.7826086956521756,0.0,0.0,36.29559681379747,-0.2641022131874522,0.09049477469971083,2.7420299681574427
36.95,-18.0,0.7826086956521756,0.0,0.0,36.31627643533272,-0.26410126938789613,0.0905049699235188,2.742071511019868
36.96,-18.0,0.7826086956521756,0.0,0.0,36.33695591662292,-0.26409984305637835,0.09051489510531634,2.7421112294119543
36.97,-18.0,0.7826086956521756,0.0,0.0,36.357635269241925,-0.2640979905015679,0.0905245451343784,2.7421491813146304
36.98,-18.0,0.7826086956521756,0.0,0.0,36.378314503969364,-0.26409576348848196,0.09053391637649626,2.7421854246156934
36.99,-18.0,0.7826086956521756,0.0,0.0,36.398993630838554,-0.2640932095456756,0.09054300652923601,2.7422200169187887
37.0,-18.0,0.7826086956521756,0.0,0.0,36.41967265918188,-0.2640903722542438,0.09055181448822074,2.7422530153737914
37.01,-18.0,0.7826086956521756,0.0,0.0,36.440351597673704,-0.26408729151954513,0.0905603402236989,2.7422844765269887
37.02,-18.0,0.7826086956521756,0.0,0.0,36.46103045437098,-0.2640840038265493,0.09056858466667687,2.7423144561894484
37.03,-18.0,0.7826086956521756,0.0,0.0,36.48170923675158,-0.2640805424796788,0.09057654960395493,2.742343009322073
37.04,-18.0,0.7826086956521756,0.0,0.0,36.50238795175056,-0.26407693782796837,0.090584237581453,2.742370189935964
37.05,-18.0,0.7826086956521756,0.0,0.0,36.5230666057944,-0.26407321747632495,0.09059165181525268,2.7423960510068093
37.06,-18.0,0.7826086956521756,0.0,0.0,36.54374520483325,-0.2640694064836553,0.09059879610982162,2.742420644402058
37.07,-18.0,0.7826086956521756,0.0,0.0,36.564423754371475,-0.26406552754857215,0.0906056747829244,2.7424440208198044
37.08,-18.0,0.7826086956521756,0.0,0.0,36.58510225949635,-0.2640616011833692,0.09061229259675378,2.7424662297383042
37.09,-18.0,0.7826086956521756,0.0,0.0,36.605780724905195,-0.2640576458769246,0.09061865469484524,2.742487319375154
37.1,-18.0,0.7826086956521756,0.0,0.0,36.62645915493088,-0.2640536782471439,0.09062476654438038,2.7425073366552772
37.11,-18.0,0.7826086956521756,0.0,0.0,36.64713755356588,-0.2640497131835451,0.09063063388349261,2.7425263271868476
37.12,-18.0,0.7826086956521756,0.0,0.0,36.66781592448492,-0.2640457639805551,0.09063626267321327,2.742544335244356
37.13,-18.0,0.7826086956521756,0.0,0.0,36.688494271066304,-0.26404184246203943,0.09064165905374182,2.742561403758164
37.14,-18.0,0.7826086956521756,0.0,0.0,36.70917259641194,-0.2640379590975801,0.09064682930472583,2.7425775743098604
37.15,-18.0,0.7826086956521756,0.0,0.0,36.72985090336619,-0.2640341231109855,0.09065177980925625,2.7425928871328082
37.16,-18.0,0.7826086956521756,0.0,0.0,36.7505291945336,-0.2640303425814896,0.09065651702130888,2.742607381117316
37.17,-18.0,0.7826086956521756,0.0,0.0,36.771207472295536,-0.2640266245380851,0.0906610474363692,2.7426210938198947
37.18,-18.0,0.7826086956521756,0.0,0.0,36.791885738825826,-0.2640229750473666,0.09066537756503505,2.7426340614762377
37.19,-18.0,0.7826086956521756,0.0,0.0,36.81256399610542,-0.26401939929532436,0.09066951390932647,2.7426463190173034
37.2,-18.0,0.7826086956521756,0.0,0.0,36.833242245936155,-0.2640159016634158,0.09067346294153526,2.742657900088259
37.21,-18.0,0.7826086956521756,0.0,0.0,36.8539204899537,-0.2640124857992876,0.09067723108539565,2.7426688370698242
37.22,-18.0,0.7826086956521756,0.0,0.0,36.87459872963961,-0.2640091546824528,0.09068082469942089,2.7426791611017665
37.23,-18.0,0.7826086956521756,0.0,0.0,36.89527696633268,-0.2640059106852797,0.09068425006219198,2.742688902108094
37.24,-18.0,0.7826086956521756,0.0,0.0,36.91595520123959,-0.2640027556295337,0.09068751335948903,2.7426980888238317
37.25,-18.0,0.7826086956521756,0.0,0.0,36.936633435444804,-0.2639996908387858,0.09069062067308935,2.7427067488230343
37.26,-18.0,0.7826086956521756,0.0,0.0,36.95731166991988,-0.2639967171869422,0.0906935779710946,2.7427149085477938
37.27,-18.0,0.7826086956521756,0.0,0.0,36.977989905532176,-0.26399383514314123,0.0906963910996678,2.7427225933380734
37.28,-18.0,0.7826086956521756,0.0,0.0,36.998668143052946,-0.263991044813245,0.09069906577605862,2.742729827462171
37.29,-18.0,0.7826086956521756,0.0,0.0,37.019346383164944,-0.2639883459781607,0.09070160758279881,2.742736634147605
37.3,-18.0,0.7826086956521756,0.0,0.0,37.040024626469496,-0.263985738129187,0.09070402196297027,2.7427430356123117
37.31,-18.0,0.7826086956521756,0.0,0.0,37.060702873493106,-0.26398322050058853,0.09070631421644552,2.742749053095974
37.32,-18.0,0.7826086956521756,0.0,0.0,37.08138112469362,-0.2639807920995789,0.09070848949701164,2.7427547068913904
37.33,-18.0,0.7826086956521756,0.0,0.0,37.10205938046596,-0.263978451733887,0.0907105528102992,2.742760016375756
37.34,-18.0,0.7826086956521756,0.0,0.0,37.12273764114745,-0.26397619803706673,0.09071250901243015,2.7427650000417616
37.35,-18.0,0.7826086956521756,0.0,0.0,37.14341590702281,-0.2639740294917161,0.09071436280931759,2.742769675528403
37.36,-18.0,0.7826086956521756,0.0,0.0,37.16409417832876,-0.2639719444507307,0.09071611875655221,2.742774059651459
37.37,-18.0,0.7826086956521756,0.0,0.0,37.18477245525832,-0.26396994115674755,0.09071778125980927,2.7427781684335257
37.38,-18.0,0.7826086956521756,0.0,0.0,37.20545073796479,-0.2639680177598813,0.09071935457573437,2.742782017133625
37.39,-18.0,0.7826086956521756,0.0,0.0,37.22612902656546,-0.26396617233390796,0.09072084281322516,2.7427856202762064
37.4,-18.0,0.7826086956521756,0.0,0.0,37.24680732114503,-0.2639644028909691,0.09072224993509818,2.7427889916796504
37.41,-18.0,0.7826086956521756,0.0,0.0,37.26748562175877,-0.26396270739493355,0.09072357976006633,2.742792144484115
37.42,-18.0,0.7826086956521756,0.0,0.0,37.288163928435495,-0.2639610837734949,0.09072483596500396,2.74279509117876
37.43,-18.0,0.7826086956521756,0.0,0.0,37.30884224118024,-0.2639595299291131,0.090726022087449,2.7427978436282876
37.44,-18.0,0.7826086956521756,0.0,0.0,37.329520559976785,-0.2639580437488651,0.09072714152832599,2.7428004130988315
37.45,-18.0,0.7826086956521756,0.0,0.0,37.35019888478998,-0.26395662311331125,0.09072819755483834,2.7428028102831084
37.46,-18.0,0.7826086956521756,0.0,0.0,37.370877215567866,-0.2639552659044373,0.09072919330351063,2.7428050453248622
37.47,-18.0,0.7826086956521756,0.0,0.0,37.39155555224364,-0.26395397001274556,0.09073013178335647,2.7428071278425925
37.48,-18.0,0.7826086956521756,0.0,0.0,37.412233894737454,-0.26395273334355585,0.09073101587915126,2.7428090669525753
37.49,-18.0,0.7826086956521756,0.0,0.0,37.43291224295809,-0.26395155382259716,0.09073184835477104,2.7428108712911143
37.5,-18.0,0.7826086956521756,0.0,0.0,37.45359059680446,-0.26395042940092894,0.09073263185659601,2.7428125490360844
37.51,-18.0,0.7826086956521756,0.0,0.0,37.47426895616703,-0.2639493580592527,0.09073336891695143,2.742814107927751
37.52,-18.0,0.7826086956521756,0.0,0.0,37.49494732092905,-0.26394833781165117,0.09073406195758775,2.74281555528891
37.53,-18.0,0.7826086956521756,0.0,0.0,37.51562569096776,-0.2639473667088468,0.09073471329313647,2.742816898044213
37.54,-18.0,0.7826086956521756,0.0,0.0,37.536304066155424,-0.2639464428409517,0.09073532513460263,2.7428181427389147
37.55,-18.0,0.7826086956521756,0.0,0.0,37.556982446360294,-0.2639455643398101,0.09073589959281796,2.742819295556858
37.56,-18.0,0.7826086956521756,0.0,0.0,37.5776608314475,-0.26394472938095426,0.09073643868186869,2.7428203623377665
37.57,-18.0,0.7826086956521756,0.0,0.0,37.59833922127985,-0.26394393618518674,0.09073694432250361,2.742821348593926
37.58,-18.0,0.7826086956521756,0.0,0.0,37.619017615718505,-0.26394318301984354,0.09073741834549436,2.7428222595261986
37.59,-18.0,0.7826086956521756,0.0,0.0,37.639696014623674,-0.2639424681997786,0.09073786249493247,2.7428231000393417
37.6,-18.0,0.7826086956521756,0.0,0.0,37.66037441785517,-0.26394179008805985,0.09073827843149655,2.7428238747567946
37.61,-18.0,0.7826086956521756,0.0,0.0,37.68105282527292,-0.26394114709643857,0.09073866773563803,2.742824588034791
37.62,-18.0,0.7826086956521756,0.0,0.0,37.701731236737466,-0.26394053768560255,0.09073903191071124,2.74282524397591
37.63,-18.0,0.7826086956521756,0.0,0.0,37.72240965211034,-0.2639399603652317,0.09073937238603051,2.7428258464420336
37.64,-18.0,0.7826086956521756,0.0,0.0,37.74308807125447,-0.26393941369387797,0.0907396905198619,2.742826399066782
37.65,-18.0,0.7826086956521756,0.0,0.0,37.76376649403445,-0.26393889627869593,0.09073998760233463,2.742826905267377
37.66,-18.0,0.7826086956521756,0.0,0.0,37.784444920316865,-0.2639384067750319,0.0907402648582764,2.7428273682559907
37.67,-18.0,0.7826086956521756,0.0,0.0,37.80512334997053,-0.2639379438858982,0.09074052344996968,2.7428277910505767
37.68,-18.0,0.7826086956521756,0.0,0.0,37.82580178286668,-0.26393750636132873,0.09074076447983719,2.7428281764852542
37.69,-18.0,0.7826086956521756,0.0,0.0,37.84648021887917,-0.26393709299765855,0.09074098899302944,2.7428285272201434
37.7,-18.0,0.7826086956521756,0.0,0.0,37.86715865788464,-0.26393670263670255,0.09074119797995632,2.7428288457508367
37.71,-18.0,0.7826086956521756,0.0,0.0,37.88783709976259,-0.2639363341648844,0.09074139237871419,2.7428291344173443
37.72,-18.0,0.7826086956521756,0.0,0.0,37.90851554439556,-0.26393598651229544,0.09074157307744594,2.7428293954126617
37.73,-18.0,0.7826086956521756,0.0,0.0,37.92919399166915,-0.2639356586517021,0.09074174091662306,2.7428296307909377
37.74,-18.0,0.7826086956521756,0.0,0.0,37.94987244147211,-0.26393534959752296,0.09074189669123782,2.7428298424752104
37.75,-18.0,0.7826086956521756,0.0,0.0,37.97055089369637,-0.2639350584047606,0.09074204115292976,2.7428300322648083
37.76,-18.0,0.7826086956521756,0.0,0.0,37.99122934823709,-0.2639347841679207,0.09074217501202124,2.742830201842341
37.77,-18.0,0.7826086956521756,0.0,0.0,38.011907804992674,-0.2639345260199013,0.09074229893948797,2.742830352780389
37.78,-18.0,0.7826086956521756,0.0,0.0,38.03258626386476,-0.2639342831308713,0.09074241356885364,2.7428304865478372
37.79,-18.0,0.7826086956521756,0.0,0.0,38.0532647247582,-0.26393405470713915,0.09074251949800897,2.7428306045159028
37.8,-18.0,0.7826086956521756,0.0,0.0,38.07394318758109,-0.26393383999003106,0.0907426172909505,2.742830707963806
37.81,-18.0,0.7826086956521756,0.0,0.0,38.094621652244676,-0.263933638254747,0.09074270747947115,2.7428307980842366
37.82,-18.0,0.7826086956521756,0.0,0.0,38.115300118663384,-0.26393344880924263,0.09074279056475791,2.7428308759884503
37.83,-18.0,0.7826086956521756,0.0,0.0,38.13597858675473,-0.2639332709931046,0.090742867018942,2.742830942711162
37.84,-18.0,0.7826086956521756,0.0,0.0,38.1566570564393,-0.2639331041764459,0.09074293728657272,2.74283099921514
37.85,-18.0,0.7826086956521756,0.0,0.0,38.17733552764067,-0.26393294775880816,0.09074300178603616,2.742831046395592
37.86,-18.0,0.7826086956521756,0.0,0.0,38.19801400028537,-0.2639328011680844,0.0907430609109066,2.7428310850842834
37.87,-18.0,0.7826086956521756,0.0,0.0,38.21869247430281,-0.26393266385946346,0.09074311503123615,2.7428311160534307
37.88,-18.0,0.7826086956521756,0.0,0.0,38.23937094962523,-0.263932535314376,0.09074316449480506,2.7428311400194447
37.89,-18.0,0.7826086956521756,0.0,0.0,38.26004942618761,-0.26393241503948484,0.09074320962829267,2.7428311576463873
37.9,-18.0,0.7826086956521756,0.0,0.0,38.280727903927605,-0.2639323025656872,0.09074325073840565,2.7428311695492695
37.91,-18.0,0.7826086956521756,0.0,0.0,38.30140638278549,-0.2639321974471267,0.09074328811296788,2.7428311762972184
37.92,-18.0,0.7826086956521756,0.0,0.0,38.32208486270406,-0.2639320992602636,0.0907433220219263,2.7428311784163473
37.93,-18.0,0.7826086956521756,0.0,0.0,38.34276334362859,-0.2639320076029321,0.0907433527183457,2.7428311763925874
37.94,-18.0,0.7826086956521756,0.0,0.0,38.363441825506726,-0.2639319220934462,0.09074338043933643,2.7428311706742936
37.95,-18.0,0.7826086956521756,0.0,0.0,38.38412030828843,-0.26393184236972766,0.09074340540693741,2.7428311616746957
37.96,-18.0,0.7826086956521756,0.0,0.0,38.4047987919259,-0.26393176808845165,0.0907434278289682,2.7428311497742466
37.97,-18.0,0.7826086956521756,0.0,0.0,38.425477276373485,-0.26393169892422974,0.09074344789982651,2.742831135322799
37.98,-18.0,0.7826086956521756,0.0,0.0,38.44615576158764,-0.2639316345688143,0.09074346580125074,2.7428311186416585
37.99,-18.0,0.7826086956521756,0.0,0.0,38.46683424752682,-0.26393157473032014,0.0907434817030544,2.7428311000255543
38.0,-18.0,0.7826086956521756,0.0,0.0,38.48751273415143,-0.26393151913249313,0.09074349576380351,2.7428310797444206
38.01,-18.0,0.7826086956521756,0.0,0.0,38.50819122142374,-0.26393146751397945,0.09074350813148262,2.742831058045154
38.02,-18.0,0.7826086956521756,0.0,0.0,38.528869709307834,-0.2639314196276419,0.09074351894410697,2.7428310351531926
38.03,-18.0,0.7826086956521756,0.0,0.0,38.54954819776951,-0.26393137523988797,0.09074352833031511,2.7428310112740415
38.04,-18.0,0.7826086956521756,0.0,0.0,38.570226686776245,-0.2639313341300267,0.09074353640992831,2.7428309865946963
38.05,-18.0,0.7826086956521756,0.0,0.0,38.5909051762971,-0.26393129608965005,0.0907435432944788,2.742830961284975
38.06,-18.0,0.7826086956521756,0.0,0.0,38.61158366630268,-0.26393126092204167,0.0907435490877067,2.7428309354987475
38.07,-18.0,0.7826086956521756,0.0,0.0,38.63226215676506,-0.26393122844160244,0.09074355388603954,2.742830909375129
38.08,-18.0,0.7826086956521756,0.0,0.0,38.65294064765772,-0.26393119847329993,0.09074355777904157,2.7428308830395727
38.09,-18.0,0.7826086956521756,0.0,0.0,38.67361913895551,-0.26393117085214723,0.09074356084983252,2.7428308566048805
38.1,-18.0,0.7826086956521756,0.0,0.0,38.694297630634544,-0.2639311454226916,0.09074356317549674,2.7428308301721875
38.11,-18.0,0.7826086956521756,0.0,0.0,38.7149761226722,-0.2639311220385374,0.09074356482745531,2.742830803831835
38.12,-18.0,0.7826086956521756,0.0,0.0,38.73565461504702,-0.2639311005618783,0.09074356587182979,2.7428307776642304
38.13,-18.0,0.7826086956521756,0.0,0.0,38.75633310773868,-0.2639310808630555,0.09074356636977836,2.74283075174062
38.14,-18.0,0.7826086956521756,0.0,0.0,38.77701160072795,-0.2639310628201348,0.09074356637781449,2.7428307261238216
38.15,-18.0,0.7826086956521756,0.0,0.0,38.79769009399662,-0.26393104631850184,0.09074356594810688,2.7428307008689026
38.16,-18.0,0.7826086956521756,0.0,0.0,38.81836858752746,-0.26393103125047035,0.0907435651287704,2.7428306760238392
38.17,-18.0,0.7826086956521756,0.0,0.0,38.83904708130417,-0.26393101751491743,0.09074356396412568,2.7428306516300824
38.18,-18.0,0.7826086956521756,0.0,0.0,38.859725575311366,-0.2639310050169308,0.09074356249495368,2.742830627723119
38.19,-18.0,0.7826086956521756,0.0,0.0,38.88040406953449,-0.26393099366746986,0.09074356075873384,2.7428306043329864
38.2,-18.0,0.7826086956521756,0.0,0.0,38.90108256395982,-0.26393098338304677,0.09074355878986733,2.7428305814847542
38.21,-18.0,0.7826086956521756,0.0,0.0,38.92176105857438,-0.2639309740854201,0.09074355661988624,2.742830559198959
38.22,-18.0,0.7826086956521756,0.0,0.0,38.94243955336595,-0.26393096570130203,0.0907435542776555,2.7428305374920345
38.23,-18.0,0.7826086956521756,0.0,0.0,38.96311804832298,-0.263930958162085,0.09074355178955233,2.7428305163766735
38.24,-18.0,0.7826086956521756,0.0,0.0,38.98379654343461,-0.26393095140357814,0.09074354917964171,2.7428304958621834
38.25,-18.0,0.7826086956521756,0.0,0.0,39.004475038690586,-0.2639309453657548,0.09074354646984277,2.7428304759548223
38.26,-18.0,0.7826086956521756,0.0,0.0,39.02515353408127,-0.26393093999251294,0.09074354368008379,2.742830456658113
38.27,-18.0,0.7826086956521756,0.0,0.0,39.04583202959757,-0.2639309352314503,0.09074354082844364,2.7428304379731085
38.28,-18.0,0.7826086956521756,0.0,0.0,39.06651052523095,-0.2639309310336573,0.0907435379312808,2.742830419898633
38.29,-18.0,0.7826086956521756,0.0,0.0,39.087189020973376,-0.26393092735349577,0.09074353500337644,2.742830402431578
38.3,-18.0,0.7826086956521756,0.0,0.0,39.107867516817294,-0.26393092414842645,0.09074353205803291,2.7428303855670526
38.31,-18.0,0.7826086956521756,0.0,0.0,39.128546012755606,-0.26393092137880747,0.090743529107202,2.7428303692986473
38.32,-18.0,0.7826086956521756,0.0,0.0,39.14922450878166,-0.2639309190077337,0.09074352616157581,2.7428303536185754
38.33,-18.0,0.7826086956521756,0.0,0.0,39.169903004889186,-0.2639309170008617,0.09074352323069483,2.7428303385178827
38.34,-18.0,0.7826086956521756,0.0,0.0,39.19058150107233,-0.26393091532626567,0.09074352032302628,2.7428303239865643
38.35,-18.0,0.7826086956521756,0.0,0.0,39.21125999732559,-0.26393091395427826,0.09074351744605962,2.742830310013743
38.36,-18.0,0.7826086956521756,0.0,0.0,39.23193849364381,-0.26393091285735704,0.09074351460638179,2.7428302965877873
38.37,-18.0,0.7826086956521756,0.0,0.0,39.25261699002216,-0.2639309120099549,0.09074351180974642,2.7428302836964225
38.38,-18.0,0.7826086956521756,0.0,0.0,39.27329548645613,-0.26393091138838853,0.09074350906114952,2.742830271326858
38.39,-18.0,0.7826086956521756,0.0,0.0,39.29397398294148,-0.26393091097072485,0.09074350636488952,2.7428302594658756
38.4,-18.0,0.7826086956521756,0.0,0.0,39.31465247947426,-0.26393091073666897,0.09074350372462918,2.7428302480999283
38.41,-18.0,0.7826086956521756,0.0,0.0,39.33533097605078,-0.263930910667461,0.09074350114344602,2.7428302372152076
38.42,-18.0,0.7826086956521756,0.0,0.0,39.35600947266758,-0.263930910745775,0.09074349862388757,2.7428302267977274
38.43,-18.0,0.7826086956521756,0.0,0.0,39.376687969321445,-0.26393091095562227,0.0907434961680224,2.7428302168334033
38.44,-18.0,0.7826086956521756,0.0,0.0,39.397366466009366,-0.2639309112822703,0.0907434937774773,2.742830207308088
38.45,-18.0,0.7826086956521756,0.0,0.0,39.418044962728544,-0.26393091171215577,0.09074349145348208,2.7428301982076384
38.46,-18.0,0.7826086956521756,0.0,0.0,39.43872345947637,-0.26393091223280685,0.09074348919690793,2.7428301895179636
38.47,-18.0,0.7826086956521756,0.0,0.0,39.45940195625041,-0.2639309128327656,0.09074348700830497,2.7428301812250773
38.48,-18.0,0.7826086956521756,0.0,0.0,39.4800804530484,-0.26393091350152975,0.09074348488792698,2.7428301733151064
38.49,-18.0,0.7826086956521756,0.0,0.0,39.50075894986825,-0.2639309142294777,0.09074348283576832,2.742830165774348
38.5,-18.0,0.7826086956521756,0.0,0.0,39.52143744670799,-0.26393091500780597,0.09074348085159471,2.742830158589312
38.51,-18.0,0.7826086956521756,0.0,0.0,39.54211594356582,-0.2639309158284824,0.09074347893495809,2.7428301517467046
38.52,-18.0,0.7826086956521756,0.0,0.0,39.56279444044005,-0.26393091668418456,0.09074347708522772,2.7428301452334805
38.53,-18.0,0.7826086956521756,0.0,0.0,39.58347293732913,-0.26393091756824627,0.0907434753016149,2.742830139036868
38.54,-18.0,0.7826086956521756,0.0,0.0,39.6041514342316,-0.2639309184746188,0.09074347358318428,2.742830133144358
38.55,-18.0,0.7826086956521756,0.0,0.0,39.624829931146145,-0.263930919397819,0.0907434719288787,2.7428301275437383
38.56,-18.0,0.7826086956521756,0.0,0.0,39.645508428071516,-0.26393092033289056,0.09074347033753387,2.7428301222230984
38.57,-18.0,0.7826086956521756,0.0,0.0,39.66618692500658,-0.26393092127536644,0.09074346880789246,2.7428301171708314
38.58,-18.0,0.7826086956521756,0.0,0.0,39.68686542195027,-0.26393092222122627,0.09074346733862286,2.7428301123756618
38.59,-18.0,0.7826086956521756,0.0,0.0,39.707543918901635,-0.2639309231668714,0.09074346592832454,2.7428301078266153
38.6,-18.0,0.7826086956521756,0.0,0.0,39.728222415859776,-0.26393092410908525,0.09074346457554532,2.742830103513053
38.61,-18.0,0.7826086956521756,0.0,0.0,39.74890091282387,-0.26393092504500304,0.09074346327879339,2.74283009942467
38.62,-18.0,0.7826086956521756,0.0,0.0,39.76957940979317,-0.26393092597209056,0.09074346203654098,2.742830095551477
38.63,-18.0,0.7826086956521756,0.0,0.0,39.79025790676697,-0.2639309268881105,0.09074346084723865,2.742830091883823
38.64,-18.0,0.7826086956521756,0.0,0.0,39.81093640374465,-0.2639309277911073,0.09074345970931645,2.7428300884123598
38.65,-18.0,0.7826086956521756,0.0,0.0,39.831614900725626,-0.26393092867937207,0.09074345862120119,2.742830085128089
38.66,-18.0,0.7826086956521756,0.0,0.0,39.852293397709374,-0.2639309295514325,0.09074345758131246,2.7428300820223117
38.67,-18.0,0.7826086956521756,0.0,0.0,39.87297189469541,-0.2639309304060269,0.0907434565880753,2.742830079086654
38.68,-18.0,0.7826086956521756,0.0,0.0,39.893650391683295,-0.2639309312420872,0.09074345563992252,2.7428300763130493
38.69,-18.0,0.7826086956521756,0.0,0.0,39.91432888867263,-0.2639309320587251,0.09074345473529848,2.7428300736937317
38.7,-18.0,0.7826086956521756,0.0,0.0,39.935007385663056,-0.2639309328552133,0.09074345387266296,2.742830071221231
38.71,-18.0,0.7826086956521756,0.0,0.0,39.95568588265425,-0.2639309336309683,0.09074345305049918,2.74283006888838
38.72,-18.0,0.7826086956521756,0.0,0.0,39.976364379645915,-0.2639309343855403,0.09074345226731322,2.7428300666882968
38.73,-18.0,0.7826086956521756,0.0,0.0,39.99704287663779,-0.263930935118605,0.09074345152163148,2.74283006461436
38.74,-18.0,0.7826086956521756,0.0,0.0,40.01772137362964,-0.2639309358299382,0.09074345081201611,2.7428300626602473
38.75,-18.0,0.7826086956521756,0.0,0.0,40.03839987062125,-0.2639309365194198,0.09074345013705491,2.742830060819883
38.76,-18.0,0.7826086956521756,0.0,0.0,40.05907836761243,-0.26393093718701666,0.09074344949536688,2.7428300590874493
38.77,-18.0,0.7826086956521756,0.0,0.0,40.07975686460301,-0.26393093783277166,0.09074344888560675,2.7428300574573874
38.78,-18.0,0.7826086956521756,0.0,0.0,40.10043536159286,-0.2639309384568018,0.09074344830646001,2.742830055924367
38.79,-18.0,0.7826086956521756,0.0,0.0,40.121113858581836,-0.2639309390592828,0.0907434477566497,2.742830054483304
38.8,-18.0,0.7826086956521756,0.0,0.0,40.141792355569834,-0.2639309396404459,0.09074344723493459,2.742830053129341
38.81,-18.0,0.7826086956521756,0.0,0.0,40.16247085255675,-0.2639309402005712,0.09074344674010885,2.742830051857837
38.82,-18.0,0.7826086956521756,0.0,0.0,40.18314934954251,-0.2639309407399828,0.09074344627100099,2.742830050664355
38.83,-18.0,0.7826086956521756,0.0,0.0,40.203827846527034,-0.2639309412590367,0.09074344582648135,2.7428300495446845
38.84,-18.0,0.7826086956521756,0.0,0.0,40.22450634351027,-0.2639309417581277,0.09074344540544858,2.74283004849478
38.85,-18.0,0.7826086956521756,0.0,0.0,40.24518484049217,-0.26393094223767033,0.09074344500684565,2.7428300475108154
38.86,-18.0,0.7826086956521756,0.0,0.0,40.2658633374727,-0.2639309426981056,0.09074344462964694,2.7428300465891318
38.87,-18.0,0.7826086956521756,0.0,0.0,40.28654183445183,-0.2639309431398915,0.09074344427286467,2.742830045726252
38.88,-18.0,0.7826086956521756,0.0,0.0,40.307220331429534,-0.26393094356349933,0.09074344393554783,2.742830044918876
38.89,-18.0,0.7826086956521756,0.0,0.0,40.3278988284058,-0.2639309439694184,0.09074344361677471,2.742830044163841
38.9,-18.0,0.7826086956521756,0.0,0.0,40.34857732538062,-0.263930944358139,0.09074344331566524,2.7428300434581714
38.91,-18.0,0.7826086956521756,0.0,0.0,40.36925582235399,-0.2639309447301661,0.09074344303136443,2.742830042799009
38.92,-18.0,0.7826086956521756,0.0,0.0,40.38993431932592,-0.26393094508599857,0.09074344276306105,2.7428300421836758
38.93,-18.0,0.7826086956521756,0.0,0.0,40.41061281629641,-0.26393094542614715,0.09074344250996506,2.742830041609594
38.94,-18.0,0.7826086956521756,0.0,0.0,40.431291313265476,-0.2639309457511163,0.09074344227132451,2.74283004107434
38.95,-18.0,0.7826086956521756,0.0,0.0,40.45196981023313,-0.26393094606140766,0.09074344204641964,2.74283004057562
38.96,-18.0,0.7826086956521756,0.0,0.0,40.4726483071994,-0.26393094635752634,0.09074344183455278,2.7428300401112327
38.97,-18.0,0.7826086956521756,0.0,0.0,40.4933268041643,-0.26393094663996397,0.0907434416350648,2.742830039679127
38.98,-18.0,0.7826086956521756,0.0,0.0,40.51400530112785,-0.26393094690921304,0.09074344144731743,2.7428300392773335
38.99,-18.0,0.7826086956521756,0.0,0.0,40.534683798090086,-0.26393094716575427,0.09074344127070548,2.7428300389040077
39.0,-18.0,0.7826086956521756,0.0,0.0,40.555362295051026,-0.26393094741006395,0.09074344110464587,2.74283003855739
39.01,-18.0,2.3478260869565233,0.0,0.0,40.576278352183245,-0.26153664604342186,0.2127242047876901,2.739706657019167
39.02,-18.0,2.3478260869565233,0.0,0.0,40.59740424677281,-0.259797873248129,0.20174682766768232,2.7364935891801614
39.03,-18.0,2.3478260869565233,0.0,0.0,40.61871505162007,-0.2586232604015428,0.1917158788980728,2.7332357185334106
39.04,-18.0,2.3478260869565233,0.0,0.0,40.6401883949931,-0.25793138198677235,0.18255792265114662,2.729971432659828
39.05,-18.0,2.3478260869565233,0.0,0.0,40.66180423313707,-0.25765002870464127,0.17420409281457477,2.726733187747932
39.06,-18.0,2.3478260869565233,0.0,0.0,40.683544637327394,-0.2577154326196309,0.16658998649021634,2.723548077186903
39.07,-18.0,2.3478260869565233,0.0,0.0,40.70539359628086,-0.2580714877403132,0.15965551272323592,2.7204383867577313
39.08,-18.0,2.3478260869565233,0.0,0.0,40.72733683396664,-0.2586689940533815,0.1533447152316308,2.7174221253838065
39.09,-18.0,2.3478260869565233,0.0,0.0,40.74936164237288,-0.2594649420999824,0.14760558152520326,2.71451352475557
39.1,-18.0,2.3478260869565233,0.0,0.0,40.77145672849703,-0.2604218475582618,0.1423898463620073,2.7117235040856182
39.11,-18.0,2.3478260869565233,0.0,0.0,40.79361207467663,-0.26150714008947507,0.13765279447001816,2.7090600982384454
39.12,-18.0,2.3478260869565233,0.0,0.0,40.81581881131597,-0.26269260724435073,0.13335306545490494,2.7065288488186794
39.13,-18.0,2.3478260869565233,0.0,0.0,40.83806910106061,-0.2639538920074782,0.12945246251063652,2.7041331587038226
39.14,-18.0,2.3478260869565233,0.0,0.0,40.86035603350472,-0.2652700412058673,0.12591576572463165,2.7018746111274354
39.15,-18.0,2.3478260869565233,0.0,0.0,40.88267352956921,-0.2666231012509903,0.12271055028439543,2.699753254878539
39.16,-18.0,2.3478260869565233,0.0,0.0,40.90501625475121,-0.26799775733157816,0.119807009682587,2.6977678575680737
39.17,-18.0,2.3478260869565233,0.0,0.0,40.92737954050846,-0.26938101210088794,0.11717778405308793,2.6959161292559264
39.18,-18.0,2.3478260869565233,0.0,0.0,40.94975931309955,-0.2707619000224897,0.11479779400107565,2.694194919001988
39.19,-18.0,2.3478260869565233,0.0,0.0,40.972152029248974,-0.2721312337858721,0.11264408060237024,2.6926003870352186
39.2,-18.0,2.3478260869565233,0.0,0.0,40.994554618045186,-0.2734813795144766,0.11069565247870089,2.6911281551697552
39.21,-18.0,2.3478260869565233,0.0,0.0,41.016964428513425,-0.2748060578054674,0.10893334086264544,2.6897734378416027
39.22,-18.0,2.3478260869565233,0.0,0.0,41.039379182338884,-0.2761001679202595,0.10733966330062011,2.6885311557684313
39.23,-18.0,2.3478260869565233,0.0,0.0,41.06179693125294,-0.2773596326720278,0.1058986961796799,2.6873960338615928
39.24,-18.0,2.3478260869565233,0.0,0.0,41.0842160186381,-0.27858126174197917,0.10459595576102881,2.686362684740501
39.25,-18.0,2.3478260869565233,0.0,0.0,41.106635044953286,-0.27976263132435797,0.10341828701888284,2.685425679058721
39.26,-18.0,2.3478260869565233,0.0,0.0,41.12905283662756,-0.28090197817367235,0.10235375940891417,2.684579603830372
39.27,-18.0,2.3478260869565233,0.0,0.0,41.15146841811269,-0.2819981063160242,0.10139156872835359,2.683819109991519
39.28,-18.0,2.3478260869565233,0.0,0.0,41.17388098682131,-0.28305030488624316,0.10052194441484402,2.6831389504831717
39.29,-18.0,2.3478260869565233,0.0,0.0,41.19628989070609,-0.2840582757515362,0.09973606187440148,2.682534010158249
39.3,-18.0,2.3478260869565233,0.0,0.0,41.218694608257614,-0.2850220697678476,0.09902595965332167,2.681999328775512
39.31,-18.0,2.3478260869565233,0.0,0.0,41.24109473071532,-0.2859420306780178,0.09838446142860297,2.681530118251375
39.32,-18.0,2.3478260869565233,0.0,0.0,41.26348994629904,-0.2868187457974263,0.09780510287253269,2.6811217752108316
39.33,-18.0,2.3478260869565233,0.0,0.0,41.28588002627991,-0.2876530027446551,0.09728206345791895,2.680769889727995
39.34,-18.0,2.3478260869565233,0.0,0.0,41.308264812719614,-0.288445751565483,0.09681010323195566,2.6804702509924225
39.35,-18.0,2.3478260869565233,0.0,0.0,41.330644207717114,-0.2891980716733573,0.09638450452167985,2.680218850490733
39.36,-18.0,2.3478260869565233,0.0,0.0,41.3530181640123,-0.289911143092787,0.0960010184625753,2.6800118831624475
39.37,-18.0,2.3478260869565233,0.0,0.0,41.37538667680632,-0.2905862215473678,0.0956558161782915,2.679845746878434
39.38,-18.0,2.3478260869565233,0.0,0.0,41.39774977666883,-0.2912246169833381,0.09534544439211595,2.6797170405023882
39.39,-18.0,2.3478260869565233,0.0,0.0,41.420107523412355,-0.291827675163816,0.09506678522229489,2.679622560729692
39.4,-18.0,2.3478260869565233,0.0,0.0,41.44246000082379,-0.29239676200808007,0.09481701990231989,2.6795592978534835
39.41,-18.0,2.3478260869565233,0.0,0.0,41.46480731215201,-0.2929332503842321,0.0945935961694096,2.6795244305819095
39.42,-18.0,2.3478260869565233,0.0,0.0,41.4871495762589,-0.293438509091867,0.09439419907406049,2.679515320020631
39.43,-18.0,2.3478260869565233,0.0,0.0,41.50948692434924,-0.293913893794052,0.09421672497493233,2.679529502936016
39.44,-18.0,2.3478260869565233,0.0,0.0,41.53181949720198,-0.2943607396753356,0.0940592584921664,2.679564684423119
39.45,-18.0,2.3478260869565233,0.0,0.0,41.554147442832864,-0.2947803556160451,0.09392005219578542,2.679618730112737
39.46,-18.0,2.3478260869565233,0.0,0.0,41.576470914525196,-0.2951740196840116,0.09379750880410315,2.6796896580602723
39.47,-18.0,2.3478260869565233,0.0,0.0,41.5987900691725,-0.2955429757550925,0.09369016566161309,2.67977563046172
39.48,-18.0,2.3478260869565233,0.0,0.0,41.621105065883704,-0.295888431084804,0.09359668125969839,2.6798749453375486
39.49,-18.0,2.3478260869565233,0.0,0.0,41.64341606480808,-0.296211554666161,0.09351582355999583,2.679986028313272
39.5,-18.0,2.3478260869565233,0.0,0.0,41.66572322614368,-0.29651347622388124,0.0934464598820291,2.6801074246073044
39.51,-18.0,2.3478260869565233,0.0,0.0,41.688026709298896,-0.2967952857122782,0.09338754812529665,2.6802377913143065
39.52,-18.0,2.3478260869565233,0.0,0.0,41.71032667218222,-0.2970580332027335,0.09333812911150402,2.6803758900481407
39.53,-18.0,2.3478260869565233,0.0,0.0,41.73262327060011,-0.2973027290655743,0.0932973198540264,2.680520579985352
39.54,-18.0,2.3478260869565233,0.0,0.0,41.754916657746755,-0.29753034436959735,0.0932643075868948,2.6806708113289552
39.55,-18.0,2.3478260869565233,0.0,0.0,41.77720698377302,-0.29774181143930667,0.09323834441263384,2.680825619195218
39.56,-18.0,2.3478260869565233,0.0,0.0,41.79949439542424,-0.2979380245246497,0.09321874245487366,2.6809841179129736
39.57,-18.0,2.3478260869565233,0.0,0.0,41.82177903573888,-0.2981198405503829,0.09320486942610845,2.681145495715581
39.58,-18.0,2.3478260869565233,0.0,0.0,41.84406104380124,-0.2982880799217942,0.09319614454247466,2.681309009800556
39.59,-18.0,2.3478260869565233,0.0,0.0,41.86634055454278,-0.2984435273710362,0.09319203473494658,2.681473981728775
39.6,-18.0,2.3478260869565233,0.0,0.0,41.88861769858716,-0.29858693283350846,0.09319205112034151,2.6816397931350475
39.61,-18.0,2.3478260869565233,0.0,0.0,41.91089260213485,-0.2987190123474224,0.09319574570587202,2.681805881722676
39.62,-18.0,2.3478260869565233,0.0,0.0,41.93316538688342,-0.2988404489719332,0.09320270830841398,2.681971737516723
39.63,-18.0,2.3478260869565233,0.0,0.0,41.955436169979926,-0.2989518937205635,0.09321256367462155,2.6821368993531314
39.64,-18.0,2.3478260869565233,0.0,0.0,41.97770506400212,-0.2990539665073211,0.09322496879112213,2.6823009515834215
39.65,-18.0,2.3478260869565233,0.0,0.0,41.99997217696524,-0.2991472571031397,0.09323961037579381,2.6824635209772594
39.66,-18.0,2.3478260869565233,0.0,0.0,42.0222376123514,-0.2992323261002632,0.09325620254199601,2.682624273807564
39.67,-18.0,2.3478260869565233,0.0,0.0,42.04450146915888,-0.29930970588210815,0.0932744846278783,2.6827829131047802
39.68,-18.0,2.3478260869565233,0.0,0.0,42.06676384196853,-0.29937990159596106,0.0932942191829021,2.682939176068838
39.69,-18.0,2.3478260869565233,0.0,0.0,42.08902482102487,-0.2994433921257791,0.09331519010352346,2.683092831628736
39.7,-18.0,2.3478260869565233,0.0,0.0,42.11128449232968,-0.2995006310622834,0.09333720090981329,2.683243678140923
39.71,-18.0,2.3478260869565233,0.0,0.0,42.13354293774587,-0.29955204766753885,0.09336007315467704,2.683391541218711
39.72,-18.0,2.3478260869565233,0.0,0.0,42.155800235109815,-0.2995980478312794,0.09338364495727808,2.6835362716856777
39.73,-18.0,2.3478260869565233,0.0,0.0,42.178056458350326,-0.29963901501634926,0.09340776965235181,2.683677743646747
39.74,-18.0,2.3478260869565233,0.0,0.0,42.200311677612795,-0.2996753111908137,0.09343231454724671,2.683815852671099
39.75,-18.0,2.3478260869565233,0.0,0.0,42.222565959387055,-0.29970727774447203,0.09345715977877761,2.683950514081503
39.76,-18.0,2.3478260869565233,0.0,0.0,42.24481936663777,-0.2997352363877488,0.09348219726230139,2.684081661345016
39.77,-18.0,2.3478260869565233,0.0,0.0,42.26707195893623,-0.29975949003114444,0.09350732972580417,2.684209244560311
39.78,-18.0,2.3478260869565233,0.0,0.0,42.289323792592626,-0.299780323643724,0.09353246982216062,2.684333229036986
39.79,-18.0,2.3478260869565233,0.0,0.0,42.31157492078802,-0.29979800508929433,0.09355753931321148,2.684453593962611
39.8,-18.0,2.3478260869565233,0.0,0.0,42.333825393705254,-0.29981278593921923,0.09358246831968403,2.6845703311532527
39.81,-18.0,2.3478260869565233,0.0,0.0,42.356075258658244,-0.29982490226097047,0.09360719463148487,2.684683443883578
39.82,-18.0,2.3478260869565233,0.0,0.0,42.378324560219106,-0.29983457538179126,0.09363166307325305,2.684792945792559
39.83,-18.0,2.3478260869565233,0.0,0.0,42.4005733403428,-0.2998420126270078,0.09365582492050423,2.684898859861062
39.84,-18.0,2.3478260869565233,0.0,0.0,42.42282163848882,-0.29984740803264853,0.09367963736212864,2.685001217457856
39.85,-18.0,2.3478260869565233,0.0,0.0,42.445069491739744,-0.2998509430323082,0.09370306300526726,2.6851000574503368
39.86,-18.0,2.3478260869565233,0.0,0.0,42.46731693491641,-0.2998527871181913,0.09372606941906153,2.6851954253768393
39.87,-18.0,2.3478260869565233,0.0,0.0,42.48956400068956,-0.2998530984765162,0.09374862871397344,2.6852873726771085
39.88,-18.0,2.3478260869565233,0.0,0.0,42.51181071968779,-0.29985202459746474,0.09377071715376933,2.685375955978
39.89,-18.0,2.3478260869565233,0.0,0.0,42.534057120601744,-0.2998497028600453,0.09379231479743805,2.685461236431259
39.9,-18.0,2.3478260869565233,0.0,0.0,42.55630323028463,-0.2998462610922692,0.09381340516860331,2.6855432791005183
39.91,-18.0,2.3478260869565233,0.0,0.0,42.578549073848755,-0.299841818107075,0.0938339749502532,2.6856221523948935
39.92,-18.0,2.3478260869565233,0.0,0.0,42.600794674758426,-0.2998364842145951,0.09385401370269703,2.6856979275462765
39.93,-18.0,2.3478260869565233,0.0,0.0,42.623040054918974,-0.29983036171129385,0.09387351360296542,2.685770678127965
39.94,-18.0,2.3478260869565233,0.0,0.0,42.64528523476209,-0.2998235453466016,0.09389246920396749,2.6858404796121462
39.95,-18.0,2.3478260869565233,0.0,0.0,42.667530233327504,-0.2998161227677034,0.09391087721186447,2.685907408963832
39.96,-18.0,2.3478260869565233,0.0,0.0,42.689775068341035,-0.2998081749431267,0.0939287362802918,2.685971544269112
39.97,-18.0,2.3478260869565233,0.0,0.0,42.71201975628918,-0.29979977656582557,0.09394604682014579,2.686032964395527
39.98,-18.0,2.3478260869565233,0.0,0.0,42.734264312490225,-0.2997909964364278,0.09396281082379326,2.686091748682614
39.99,-18.0,2.3478260869565233,0.0,0.0,42.756508751162066,-0.29978189782737563,0.09397903170261096,2.686147976660587
40.0,-18.0,2.3478260869565233,0.0,0.0,42.778753085486784,-0.29977253882861943,0.09399471413691823,2.6862017277954324
40.01,-18.0,2.3478260869565233,0.0,0.0,42.80099732767211,-0.29976297267558616,0.09400986393737748,2.68625308125859
40.02,-18.0,2.3478260869565233,0.0,0.0,42.82324148900984,-0.2997532480600915,0.09402448791706536,2.686302115719631
40.03,-18.0,2.3478260869565233,0.0,0.0,42.84548557993138,-0.2997434094248903,0.09403859377343743,2.6863489091603134
40.04,-18.0,2.3478260869565233,0.0,0.0,42.867729610060444,-0.2997334972425276,0.09405218997950032,2.6863935387085482
40.05,-18.0,2.3478260869565233,0.0,0.0,42.889973588263096,-0.2997235482791467,0.0940652856835425,2.686436080490887
40.06,-18.0,2.3478260869565233,0.0,0.0,42.91221752269516,-0.29971359584389745,0.09407789061683242,2.6864766095021935
40.07,-18.0,2.3478260869565233,0.0,0.0,42.93446142084714,-0.2997036700245752,0.09409001500872577,2.6865151994912377
40.08,-18.0,2.3478260869565233,0.0,0.0,42.95670528958682,-0.29969379791010997,0.094101669508663,2.686551922861005
40.09,-18.0,2.3478260869565233,0.0,0.0,42.9789491351995,-0.2996840038004831,0.0941128651145991,2.6865868505826636
40.1,-18.0,2.3478260869565233,0.0,0.0,43.00119296342609,-0.29967430940465856,0.0941236131074134,2.68662005212211
40.11,-18.0,2.3478260869565233,0.0,0.0,43.02343677949912,-0.29966473402709504,0.09413392499088508,2.6866515953780854
40.12,-18.0,2.3478260869565233,0.0,0.0,43.04568058817673,-0.2996552947433746,0.09414381243684927,2.6866815466309393
40.13,-18.0,2.3478260869565233,0.0,0.0,43.067924393774796,-0.29964600656547047,0.09415328723518374,2.6867099705011914
40.14,-18.0,2.3478260869565233,0.0,0.0,43.090168200197205,-0.2996368825971487,0.09416236124829752,2.6867369299170942
40.15,-18.0,2.3478260869565233,0.0,0.0,43.11241201096443,-0.2996279341800199,0.09417104636978352,2.6867624860903248
40.16,-18.0,2.3478260869565233,0.0,0.0,43.13465582924043,-0.29961917103067837,0.09417935448697251,2.6867866984992146
40.17,-18.0,2.3478260869565233,0.0,0.0,43.156899657858034,-0.29961060136939466,0.09418729744709958,2.6868096248787667
40.18,-18.0,2.3478260869565233,0.0,0.0,43.179143499342786,-0.2996022320407947,0.09419488702682949,2.686831321216847
40.19,-18.0,2.3478260869565233,0.0,0.0,43.20138735593539,-0.29959406862692717,0.09420213490491341,2.686851841756011
40.2,-18.0,2.3478260869565233,0.0,0.0,43.22363122961283,-0.2995861155531454,0.09420905263772666,2.6868712390003116
40.21,-18.0,2.3478260869565233,0.0,0.0,43.24587512210819,-0.2995783761871489,0.09421565163751316,2.686889563726721
40.22,-18.0,2.3478260869565233,0.0,0.0,43.26811903492929,-0.29957085293158503,0.09422194315310523,2.6869068650005534
40.23,-18.0,2.3478260869565233,0.0,0.0,43.290362969376154,-0.2995635473105289,0.0942279382529661,2.6869231901945763
40.24,-18.0,2.3478260869565233,0.0,0.0,43.31260692655739,-0.29955646005020564,0.09423364781035021,2.6869385850112777
40.25,-18.0,2.3478260869565233,0.0,0.0,43.33485090740556,-0.2995495911542414,0.09423908249045637,2.686953093508044
40.26,-18.0,2.3478260869565233,0.0,0.0,43.35709491269154,-0.299542939973783,0.09424425273938203,2.6869667581247514
40.27,-18.0,2.3478260869565233,0.0,0.0,43.37933894303801,-0.299536505272751,0.09424916877476514,2.6869796197135627
40.28,-18.0,2.3478260869565233,0.0,0.0,43.401582998932014,-0.299530285288498,0.09425384057798453,2.686991717570626
40.29,-18.0,2.3478260869565233,0.0,0.0,43.42382708073676,-0.29952427778817947,0.09425827788774971,2.6870030894692545
40.3,-18.0,2.3478260869565233,0.0,0.0,43.446071188702554,-0.2995184801210222,0.09426249019503413,2.687013771694576
40.31,-18.0,2.3478260869565233,0.0,0.0,43.4683153229771,-0.29951288926678954,0.09426648673917143,2.6870237990791783
40.32,-18.0,2.3478260869565233,0.0,0.0,43.490559483615016,-0.2995075018806348,0.09427027650506264,2.687033205039697
40.33,-18.0,2.3478260869565233,0.0,0.0,43.512803670586756,-0.2995023143345681,0.09427386822137812,2.687042021614093
40.34,-18.0,2.3478260869565233,0.0,0.0,43.53504788378689,-0.2994973227557536,0.09427727035965833,2.687050279499411
40.35,-18.0,2.3478260869565233,0.0,0.0,43.5572921230418,-0.2994925230618064,0.09428049113425313,2.687058008089927
40.36,-18.0,2.3478260869565233,0.0,0.0,43.579536388116836,-0.29948791099329686,0.09428353850300125,2.687065235515487
40.37,-18.0,2.3478260869565233,0.0,0.0,43.60178067872296,-0.29948348214362897,0.09428642016858207,2.687071988679897
40.38,-18.0,2.3478260869565233,0.0,0.0,43.624024994522905,-0.2994792319864614,0.09428914358047408,2.687078293299258
40.39,-18.0,2.3478260869565233,0.0,0.0,43.64626933513685,-0.2994751559008084,0.0942917159374726,2.6870841739401943
40.4,-18.0,2.3478260869565233,0.0,0.0,43.66851370014772,-0.29947124919401746,0.09429414419066245,2.6870896540577145
40.41,-18.0,2.3478260869565233,0.0,0.0,43.69075808910603,-0.29946750712269754,0.09429643504685675,2.687094756032836
40.42,-18.0,2.3478260869565233,0.0,0.0,43.713002501534405,-0.2994639249117985,0.0942985949723863,2.6870995012096874
40.43,-18.0,2.3478260869565233,0.0,0.0,43.735246936931674,-0.2994604977719133,0.09430063019724316,2.687103909932176
40.44,-18.0,2.3478260869565233,0.0,0.0,43.75749139477671,-0.29945722091495397,0.09430254671950528,2.6871080015800635
40.45,-18.0,2.3478260869565233,0.0,0.0,43.77973587453191,-0.29945408956830866,0.09430435031000689,2.6871117946044167
40.46,-18.0,2.3478260869565233,0.0,0.0,43.80198037564641,-0.29945109898756517,0.09430604651723634,2.687115306562444
40.47,-18.0,2.3478260869565233,0.0,0.0,43.824224897559,-0.2994482444679303,0.09430764067239877,2.6871185541515845
40.48,-18.0,2.3478260869565233,0.0,0.0,43.84646943970082,-0.29944552135441915,0.0943091378946313,2.687121553242878
40.49,-18.0,2.3478260869565233,0.0,0.0,43.868714001497786,-0.2994429250509043,0.0943105430963414,2.6871243189135896
40.5,-18.0,2.3478260869565233,0.0,0.0,43.89095858237281,-0.2994404510281181,0.0943118609886307,2.6871268654790237
40.51,-18.0,2.3478260869565233,0.0,0.0,43.913203181747825,-0.29943809483068184,0.09431309608678523,2.6871292065235264
40.52,-18.0,2.3478260869565233,0.0,0.0,43.93544779904559,-0.29943585208322476,0.09431425271581922,2.6871313549307
40.53,-18.0,2.3478260869565233,0.0,0.0,43.95769243369133,-0.2994337184956757,0.09431533501604056,2.6871333229127727
40.54,-18.0,2.3478260869565233,0.0,0.0,43.979937085114216,-0.2994316898677982,0.0943163469486123,2.6871351220390887
40.55,-18.0,2.3478260869565233,0.0,0.0,44.00218175274869,-0.2994297620929993,0.09431729230112423,2.6871367632638283
40.56,-18.0,2.3478260869565233,0.0,0.0,44.02442643603563,-0.29942793116150623,0.09431817469312126,2.6871382569528257
40.57,-18.0,2.3478260869565233,0.0,0.0,44.046671134423406,-0.2994261931629403,0.09431899758160317,2.6871396129095744
40.58,-18.0,2.3478260869565233,0.0,0.0,44.068915847368764,-0.29942454428834253,0.09431976426647443,2.6871408404003962
40.59,-18.0,2.3478260869565233,0.0,0.0,44.09116057433767,-0.2994229808317108,0.0943204778959193,2.687141948178744
40.6,-18.0,2.3478260869565233,0.0,0.0,44.113405314806,-0.29942149919107597,0.09432114147171816,2.687142944508712
40.61,-18.0,2.3478260869565233,0.0,0.0,44.13565006826013,-0.2994200958691542,0.09432175785448565,2.6871438371877483
40.62,-18.0,2.3478260869565233,0.0,0.0,44.157894834197435,-0.2994187674736444,0.09432232976880578,2.6871446335685074
40.63,-18.0,2.3478260869565233,0.0,0.0,44.18013961212677,-0.29941751071717015,0.09432285980828564,2.6871453405799515
40.64,-18.0,2.3478260869565233,0.0,0.0,44.202384401568786,-0.29941632241691707,0.09432335044050705,2.6871459647476788
40.65,-18.0,2.3478260869565233,0.0,0.0,44.22462920205621,-0.29941519949399487,0.09432380401187063,2.6871465122134692
40.66,-18.0,2.3478260869565233,0.0,0.0,44.24687401313407,-0.2994141389725513,0.09432422275233338,2.6871469887541006
40.67,-18.0,2.3478260869565233,0.0,0.0,44.26911883435989,-0.29941313797867375,0.09432460878002552,2.6871473997993918
40.68,-18.0,2.3478260869565233,0.0,0.0,44.291363665303756,-0.29941219373907524,0.0943249641057678,2.6871477504496055
40.69,-18.0,2.3478260869565233,0.0,0.0,44.313608505548416,-0.2994113035796242,0.0943252906374577,2.6871480454920853
40.7,-18.0,2.3478260869565233,0.0,0.0,44.33585335468926,-0.2994104649237135,0.09432559018434533,2.687148289417261
40.71,-18.0,2.3478260869565233,0.0,0.0,44.35809821233434,-0.29940967529050333,0.09432586446117946,2.6871484864339465
40.72,-18.0,2.3478260869565233,0.0,0.0,44.380343078104275,-0.2994089322930402,0.09432611509224603,2.687148640484045
40.73,-18.0,2.3478260869565233,0.0,0.0,44.40258795163219,-0.299408233636286,0.09432634361527331,2.6871487552565934
40.74,-18.0,2.3478260869565233,0.0,0.0,44.424832832563595,-0.29940757711506105,0.09432655148522556,2.6871488342012206
40.75,-18.0,2.3478260869565233,0.0,0.0,44.44707772055623,-0.2994069606119194,0.09432674007796832,2.687148880541001
40.76,-18.0,2.3478260869565233,0.0,0.0,44.46932261527991,-0.29940638209496484,0.09432691069382432,2.68714889728477
40.77,-18.0,2.3478260869565233,0.0,0.0,44.491567516416325,-0.2994058396156327,0.0943270645609991,2.687148887238847
40.78,-18.0,2.3478260869565233,0.0,0.0,44.51381242365887,-0.29940533130642977,0.09432720283889523,2.687148853018252
40.79,-18.0,2.3478260869565233,0.0,0.0,44.536057336712396,-0.29940485537865413,0.09432732662131366,2.687148797057412
40.8,-18.0,2.3478260869565233,0.0,0.0,44.558302255292986,-0.29940441012009855,0.09432743693953877,2.687148721620369
40.81,-18.0,2.3478260869565233,0.0,0.0,44.58054717912773,-0.2994039938927595,0.09432753476530292,2.687148628810471
40.82,-18.0,2.3478260869565233,0.0,0.0,44.60279210795445,-0.2994036051305309,0.09432762101365572,2.687148520579668
40.83,-18.0,2.3478260869565233,0.0,0.0,44.62503704152146,-0.2994032423369126,0.09432769654571965,2.6871483987373286
40.84,-18.0,2.3478260869565233,0.0,0.0,44.64728197958729,-0.29940290408274595,0.09432776217132738,2.687148264958595
40.85,-18.0,2.3478260869565233,0.0,0.0,44.66952692192042,-0.2994025890039458,0.09432781865157974,2.687148120792408
40.86,-18.0,2.3478260869565233,0.0,0.0,44.69177186829902,-0.29940229579928035,0.09432786670127596,2.6871479676690417
40.87,-18.0,2.3478260869565233,0.0,0.0,44.714016818510636,-0.29940202322815335,0.09432790699127708,2.68714780690737
40.88,-18.0,2.3478260869565233,0.0,0.0,44.73626177235196,-0.29940177010845526,0.09432794015073326,2.6871476397216267
40.89,-18.0,2.3478260869565233,0.0,0.0,44.75850672962852,-0.2994015353144084,0.09432796676925886,2.687147467227966
40.9,-18.0,2.3478260869565233,0.0,0.0,44.78075169015443,-0.2994013177744854,0.0943279873989869,2.6871472904505733
40.91,-18.0,2.3478260869565233,0.0,0.0,44.80299665375208,-0.2994011164693451,0.09432800255655488,2.687147110327532
40.92,-18.0,2.3478260869565233,0.0,0.0,44.825241620251894,-0.2994009304298313,0.09432801272498686,2.6871469277163125
40.93,-18.0,2.3478260869565233,0.0,0.0,44.84748658949204,-0.29940075873499983,0.09432801835550947,2.68714674339903
40.94,-18.0,2.3478260869565233,0.0,0.0,44.86973156131818,-0.29940060051020145,0.0943280198692798,2.687146558087392
40.95,-18.0,2.3478260869565233,0.0,0.0,44.89197653558319,-0.2994004549252107,0.09432801765903615,2.687146372427377
40.96,-18.0,2.3478260869565233,0.0,0.0,44.914221512146895,-0.29940032119240145,0.09432801209067515,2.6871461870036635
40.97,-18.0,2.3478260869565233,0.0,0.0,44.93646649087584,-0.2994001985649777,0.09432800350475296,2.687146002343799
40.98,-18.0,2.3478260869565233,0.0,0.0,44.95871147164301,-0.29940008633524595,0.09432799221792326,2.6871458189221626
40.99,-18.0,2.3478260869565233,0.0,0.0,44.9809564543276,-0.2993999838329424,0.09432797852430247,2.6871456371636824
41.0,-18.0,2.3478260869565233,0.0,0.0,45.00320143881478,-0.29939989042361637,0.09432796269676752,2.687145457447332
41.01,-18.0,2.3478260869565233,0.0,0.0,45.025446424995444,-0.2993998055070486,0.09432794498820257,2.6871452801094664
41.02,-18.0,2.3478260869565233,0.0,0.0,45.04769141276599,-0.2993997285157337,0.09432792563267273,2.6871451054469215
41.03,-18.0,2.3478260869565233,0.0,0.0,45.0699364020281,-0.2993996589134089,0.09432790484654557,2.6871449337199445
41.04,-18.0,2.3478260869565233,0.0,0.0,45.0921813926885,-0.2993995961936311,0.09432788282955579,2.6871447651549514
41.05,-18.0,2.3478260869565233,0.0,0.0,45.114426384658785,-0.29939953987839485,0.09432785976582275,2.68714459994714
41.06,-18.0,2.3478260869565233,0.0,0.0,45.13667137785519,-0.29939948951682216,0.09432783582479914,2.68714443826288
41.07,-18.0,2.3478260869565233,0.0,0.0,45.15891637219838,-0.29939944468386326,0.09432781116219974,2.687144280242062
41.08,-18.0,2.3478260869565233,0.0,0.0,45.181161367613285,-0.29939940497908424,0.09432778592084806,2.6871441260001747
41.09,-18.0,2.3478260869565233,0.0,0.0,45.2034063640289,-0.29939937002546646,0.0943277602315083,2.6871439756303643
41.1,-18.0,2.3478260869565233,0.0,0.0,45.2256513613781,-0.29939933946827546,0.09432773421365409,2.687143829205285
41.11,-18.0,2.3478260869565233,0.0,0.0,45.24789635959746,-0.29939931297395783,0.09432770797620588,2.6871436867788745
41.12,-18.0,2.3478260869565233,0.0,0.0,45.2701413586271,-0.2993992902290854,0.09432768161823007,2.6871435483880104
41.13,-18.0,2.3478260869565233,0.0,0.0,45.29238635841051,-0.29939927093935403,0.09432765522958414,2.6871434140540083
41.14,-18.0,2.3478260869565233,0.0,0.0,45.314631358894395,-0.29939925482859775,0.0943276288915526,2.6871432837841103
41.15,-18.0,2.3478260869565233,0.0,0.0,45.336876360028526,-0.299399241637869,0.09432760267742207,2.687143157572781
41.16,-18.0,2.3478260869565233,0.0,0.0,45.35912136176559,-0.2993992311245397,0.09432757665304187,2.6871430354029826
41.17,-18.0,2.3478260869565233,0.0,0.0,45.381366364061044,-0.29939922306144906,0.09432755087734285,2.6871429172473196
41.18,-18.0,2.3478260869565233,0.0,0.0,45.403611366873,-0.2993992172360853,0.09432752540283057,2.687142803069125
41.19,-18.0,2.3478260869565233,0.0,0.0,45.42585637016207,-0.2993992134498007,0.09432750027605191,2.6871426928234703
41.2,-18.0,2.3478260869565233,0.0,0.0,45.448101373891255,-0.29939921151706406,0.09432747553803028,2.6871425864580916
41.21,-18.0,2.3478260869565233,0.0,0.0,45.47034637802581,-0.2993992112647472,0.0943274512246754,2.687142483914246
41.22,-18.0,2.3478260869565233,0.0,0.0,45.49259138253315,-0.29939921253144286,0.09432742736717031,2.687142385127514
41.23,-18.0,2.3478260869565233,0.0,0.0,45.51483638738272,-0.29939921516680723,0.09432740399233902,2.6871422900285524
41.24,-18.0,2.3478260869565233,0.0,0.0,45.537081392545915,-0.299399219030946,0.09432738112298106,2.687142198543749
41.25,-18.0,2.3478260869565233,0.0,0.0,45.55932639799594,-0.2993992239938139,0.09432735877819859,2.687142110595881
41.26,-18.0,2.3478260869565233,0.0,0.0,45.58157140370774,-0.29939922993465573,0.09432733697369228,2.6871420261046746
41.27,-18.0,2.3478260869565233,0.0,0.0,45.6038164096579,-0.2993992367414633,0.09432731572204628,2.687141944987349
41.28,-18.0,2.3478260869565233,0.0,0.0,45.626061415824566,-0.2993992443104727,0.09432729503298404,2.687141867159081
41.29,-18.0,2.3478260869565233,0.0,0.0,45.64830642218734,-0.29939925254566613,0.09432727491362519,2.6871417925334837
41.3,-18.0,2.3478260869565233,0.0,0.0,45.670551428727215,-0.2993992613583154,0.09432725536871084,2.687141721022999
41.31,-18.0,2.3478260869565233,0.0,0.0,45.692796435426494,-0.29939927066654004,0.09432723640081947,2.687141652539272
41.32,-18.0,2.3478260869565233,0.0,0.0,45.715041442268706,-0.29939928039488883,0.09432721801056948,2.687141586993495
41.33,-18.0,2.3478260869565233,0.0,0.0,45.73728644923855,-0.2993992904739482,0.09432720019680135,2.687141524296698
41.34,-18.0,2.3478260869565233,0.0,0.0,45.75953145632183,-0.2993993008399589,0.09432718295675963,2.6871414643600495
41.35,-18.0,2.3478260869565233,0.0,0.0,45.78177646350537,-0.29939931143446397,0.09432716628624965,2.6871414070950927
41.36,-18.0,2.3478260869565233,0.0,0.0,45.80402147077699,-0.2993993222039699,0.09432715017979226,2.687141352413979
41.37,-18.0,2.3478260869565233,0.0,0.0,45.82626647812539,-0.2993993330996223,0.09432713463076442,2.6871413002296745
41.38,-18.0,2.3478260869565233,0.0,0.0,45.84851148554016,-0.2993993440769096,0.09432711963152624,2.6871412504561283
41.39,-18.0,2.3478260869565233,0.0,0.0,45.87075649301168,-0.29939935509537463,0.09432710517354109,2.6871412030084296
41.4,-18.0,2.3478260869565233,0.0,0.0,45.89300150053111,-0.29939936611833895,0.09432709124749278,2.687141157802971
41.41,-18.0,2.3478260869565233,0.0,0.0,45.91524650809031,-0.29939937711265285,0.09432707784338273,2.687141114757547
41.42,-18.0,2.3478260869565233,0.0,0.0,45.937491515681806,-0.29939938804844757,0.09432706495063131,2.6871410737914854
41.43,-18.0,2.3478260869565233,0.0,0.0,45.959736523298744,-0.29939939889891143,0.09432705255816015,2.6871410348257214
41.44,-18.0,2.3478260869565233,0.0,0.0,45.98198153093487,-0.2993994096400754,0.09432704065447367,2.6871409977828784
41.45,-18.0,2.3478260869565233,0.0,0.0,46.004226538584454,-0.2993994202506043,0.09432702922773811,2.6871409625873497
41.46,-18.0,2.3478260869565233,0.0,0.0,46.02647154624231,-0.29939943071161457,0.09432701826584061,2.6871409291653214
41.47,-18.0,2.3478260869565233,0.0,0.0,46.04871655390371,-0.2993994410064822,0.09432700775646491,2.687140897444867
41.48,-18.0,2.3478260869565233,0.0,0.0,46.07096156156437,-0.29939945112068567,0.09432699768713343,2.687140867355928
41.49,-18.0,2.3478260869565233,0.0,0.0,46.09320656922041,-0.2993994610416364,0.09432698804527234,2.687140838830381
41.5,-18.0,2.3478260869565233,0.0,0.0,46.11545157686838,-0.2993994707585421,0.09432697881824464,2.687140811802009
41.51,-18.0,2.3478260869565233,0.0,0.0,46.13769658450514,-0.29939948026224683,0.09432696999341078,2.6871407862065766
41.52,-18.0,2.3478260869565233,0.0,0.0,46.15994159212792,-0.2993994895451204,0.09432696155814896,2.6871407619817633
41.53,-18.0,2.3478260869565233,0.0,0.0,46.18218659973424,-0.29939949860091764,0.09432695349990577,2.6871407390672184
41.54,-18.0,2.3478260869565233,0.0,0.0,46.2044316073219,-0.2993995074246736,0.09432694580621598,2.687140717404512
41.55,-18.0,2.3478260869565233,0.0,0.0,46.226676614889,-0.2993995160125926,0.09432693846473378,2.6871406969371296
41.56,-18.0,2.3478260869565233,0.0,0.0,46.248921622433855,-0.29939952436193873,0.0943269314632666,2.6871406776104902
41.57,-18.0,2.3478260869565233,0.0,0.0,46.27116662995502,-0.2993995324709555,0.09432692478978094,2.6871406593718645
41.58,-18.0,2.3478260869565233,0.0,0.0,46.293411637451264,-0.2993995403387677,0.09432691843243363,2.68714064217039
41.59,-18.0,2.3478260869565233,0.0,0.0,46.31565664492154,-0.29939954796529467,0.09432691237959073,2.6871406259570536
41.6,-18.0,2.3478260869565233,0.0,0.0,46.33790165236498,-0.29939955535118523,0.09432690661983195,2.6871406106846174
41.61,-18.0,2.3478260869565233,0.0,0.0,46.36014665978088,-0.299399562497741,0.09432690114196857,2.6871405963076085
41.62,-18.0,2.3478260869565233,0.0,0.0,46.3823916671687,-0.29939956940684387,0.09432689593505866,2.6871405827822983
41.63,-18.0,2.3478260869565233,0.0,0.0,46.40463667452801,-0.2993995760809005,0.0943268909884108,2.6871405700666453
41.64,-18.0,2.3478260869565233,0.0,0.0,46.42688168185852,-0.29939958252278376,0.09432688629159108,2.6871405581202565
41.65,-18.0,2.3478260869565233,0.0,0.0,46.44912668916006,-0.29939958873578076,0.09432688183443022,2.6871405469043492
41.66,-18.0,2.3478260869565233,0.0,0.0,46.47137169643255,-0.2993995947235326,0.09432687760703556,2.687140536381741
41.67,-18.0,2.3478260869565233,0.0,0.0,46.49361670367601,-0.2993996004900086,0.0943268735997767,2.687140526516741
41.68,-18.0,2.3478260869565233,0.0,0.0,46.51586171089055,-0.29939960603944304,0.09432686980330834,2.6871405172751843
41.69,-18.0,2.3478260869565233,0.0,0.0,46.538106718076335,-0.2993996113763091,0.09432686620855696,2.6871405086243367
41.7,-18.0,2.3478260869565233,0.0,0.0,46.56035172523362,-0.2993996165052799,0.09432686280672636,2.6871405005328692
41.71,-18.0,2.3478260869565233,0.0,0.0,46.58259673236272,-0.2993996214311929,0.09432685958929748,2.6871404929708222
41.72,-18.0,2.3478260869565233,0.0,0.0,46.60484173946398,-0.2993996261590235,0.0943268565480248,2.6871404859095493
41.73,-18.0,2.3478260869565233,0.0,0.0,46.62708674653782,-0.2993996306938538,0.09432685367493548,2.687140479321683
41.74,-18.0,2.3478260869565233,0.0,0.0,46.64933175358469,-0.2993996350408472,0.09432685096232968,2.6871404731811
41.75,-18.0,2.3478260869565233,0.0,0.0,46.67157676060508,-0.2993996392052283,0.09432684840277056,2.687140467462857
41.76,-18.0,2.3478260869565233,0.0,0.0,46.6938217675995,-0.2993996431922583,0.09432684598908675,2.6871404621431747
41.77,-18.0,2.3478260869565233,0.0,0.0,46.71606677456851,-0.299399647007218,0.09432684371436556,2.68714045719938
41.78,-18.0,2.3478260869565233,0.0,0.0,46.73831178151267,-0.2993996506553884,0.09432684157194887,2.687140452609875
41.79,-18.0,2.3478260869565233,0.0,0.0,46.760556788432574,-0.29939965414203673,0.09432683955542803,2.687140448354092
41.8,-18.0,2.3478260869565233,0.0,0.0,46.782801795328815,-0.2993996574723996,0.0943268376586412,2.687140444412465
41.81,-18.0,2.3478260869565233,0.0,0.0,46.80504680220202,-0.2993996606516771,0.0943268358756601,2.6871404407663624
41.82,-18.0,2.3478260869565233,0.0,0.0,46.82729180905281,-0.2993996636850087,0.09432683420079851,2.687140437398104
41.83,-18.0,2.3478260869565233,0.0,0.0,46.84953681588181,-0.2993996665774765,0.09432683262859226,2.687140434290867
41.84,-18.0,2.3478260869565233,0.0,0.0,46.87178182268966,-0.2993996693340879,0.09432683115380275,2.6871404314286904
41.85,-18.0,2.3478260869565233,0.0,0.0,46.89402682947699,-0.29939967195977024,0.0943268297714071,2.6871404287964227
41.86,-18.0,2.3478260869565233,0.0,0.0,46.91627183624444,-0.299399674459367,0.09432682847659052,2.687140426379684
41.87,-18.0,2.3478260869565233,0.0,0.0,46.93851684299264,-0.2993996768376248,0.09432682726474612,2.687140424164853
41.88,-18.0,2.3478260869565233,0.0,0.0,46.960761849722225,-0.29939967909919507,0.09432682613146309,2.6871404221390156
41.89,-18.0,2.3478260869565233,0.0,0.0,46.98300685643382,-0.29939968124862504,0.09432682507252416,2.687140420289949
41.9,-18.0,2.3478260869565233,0.0,0.0,47.00525186312803,-0.2993996832903545,0.0943268240839003,2.6871404186060897
41.91,-18.0,2.3478260869565233,0.0,0.0,47.027496869805475,-0.2993996852287182,0.09432682316173885,2.6871404170764865
41.92,-18.0,2.3478260869565233,0.0,0.0,47.04974187646675,-0.2993996870679363,0.09432682230236406,2.687140415690799
41.93,-18.0,2.3478260869565233,0.0,0.0,47.071986883112444,-0.29939968881212,0.09432682150226596,2.6871404144392423
41.94,-18.0,2.3478260869565233,0.0,0.0,47.09423188974314,-0.2993996904652598,0.09432682075810145,2.687140413312598
41.95,-18.0,2.3478260869565233,0.0,0.0,47.11647689635941,-0.2993996920312365,0.09432682006668053,2.687140412302152
41.96,-18.0,2.3478260869565233,0.0,0.0,47.1387219029618,-0.2993996935138128,0.09432681942496629,2.687140411399692
41.97,-18.0,2.3478260869565233,0.0,0.0,47.16096690955085,-0.2993996949166351,0.09432681883006772,2.687140410597479
41.98,-18.0,2.3478260869565233,0.0,0.0,47.18321191612711,-0.2993996962432397,0.09432681827922901,2.6871404098882077
41.99,-18.0,2.3478260869565233,0.0,0.0,47.20545692269108,-0.2993996974970401,0.09432681776983726,2.687140409265028
42.0,-18.0,2.3478260869565233,0.0,0.0,47.22770192924327,-0.29939969868134186,0.09432681729940368,2.687140408721477
42.01,-18.0,3.913043478260871,0.0,0.0,47.250177212864486,-0.29709688896566355,0.2166574453274322,2.683494879270944
42.02,-18.0,3.913043478260871,0.0,0.0,47.272857196527006,-0.2953872712170724,0.2059622405734866,2.6798093421474785
42.03,-18.0,3.913043478260871,0.0,0.0,47.295718709698605,-0.29419363240255025,0.19615519113760055,2.6761228015195737
42.04,-18.0,3.913043478260871,0.0,0.0,47.31874079857865,-0.2934465553587797,0.18717138024937402,2.672468661680962
42.05,-18.0,3.913043478260871,0.0,0.0,47.34190454546661,-0.29308388148958997,0.1789495788391548,2.6688751787186535
42.06,-18.0,3.913043478260871,0.0,0.0,47.36519289852531,-0.29305014686294806,0.17143217951939232,2.66536591862782
42.07,-18.0,3.913043478260871,0.0,0.0,47.38859051249627,-0.29329601686429907,0.16456509823460347,2.661960209462528
42.08,-18.0,3.913043478260871,0.0,0.0,47.41208360044768,-0.2937777361265468,0.1582976557573595,2.6586735790252263
42.09,-18.0,3.913043478260871,0.0,0.0,47.43565979632444,-0.29445660432519993,0.15258244728260079,2.6555181723848635
42.1,-18.0,3.913043478260871,0.0,0.0,47.45930802787782,-0.29529848403557324,0.14737520556848543,2.6525031455235997
42.11,-18.0,3.913043478260871,0.0,0.0,47.48301839944348,-0.29627334375283154,0.14263466110726125,2.6496350328911116
42.12,-18.0,3.913043478260871,0.0,0.0,47.50678208398535,-0.2973548370354637,0.13832240146620783,2.6469180877584693
42.13,-18.0,3.913043478260871,0.0,0.0,47.53059122381009,-0.2985199172974924,0.13440273106217687,2.644354595110338
42.14,-18.0,3.913043478260871,0.0,0.0,47.55443883936708,-0.2997484868631073,0.1308425321226881,2.6419451574452375
42.15,-18.0,3.913043478260871,0.0,0.0,47.57831874557166,-0.30102307837819087,0.12761112736375396,2.639688954279727
42.16,-18.0,3.913043478260871,0.0,0.0,47.60222547511632,-0.30232856644046135,0.124680144892035,2.6375839763781306
42.17,-18.0,3.913043478260871,0.0,0.0,47.626154208261,-0.3036519072684416,0.12202338590302758,2.6356272357767407
42.18,-18.0,3.913043478260871,0.0,0.0,47.65010070861855,-0.3049819042900195,0.1196166957811931,2.6338149526063135
42.19,-18.0,3.913043478260871,0.0,0.0,47.67406126447635,-0.3063089976206679,0.11743783913612799,2.6321427196402327
42.2,-18.0,3.913043478260871,0.0,0.0,47.6980326352212,-0.3076250754744032,0.1154663791268497,2.630605645509608
42.21,-18.0,3.913043478260871,0.0,0.0,47.722012002464595,-0.3089233055956988,0.11368356119383666,2.6291984776863524
42.22,-18.0,3.913043478260871,0.0,0.0,47.745996925497394,-0.31019798483204086,0.11207220111938804,2.627915706626619
42.23,-18.0,3.913043478260871,0.0,0.0,47.76998530073659,-0.3114444050104108,0.11061657723337598,2.6267516528121346
42.24,-18.0,3.913043478260871,0.0,0.0,47.79397532485852,-0.3126587333582973,0.10930232659183975,2.6257005387247943
42.25,-18.0,3.913043478260871,0.0,0.0,47.817965461341224,-0.3138379058303038,0.10811634505688333,2.6247565479556028
42.26,-18.0,3.913043478260871,0.0,0.0,47.841954410161804,-0.3149795318602251,0.10704669135175199,2.6239138736419036
42.27,-18.0,3.913043478260871,0.0,0.0,47.865941080412526,-0.3160818092406983,0.10608249530483194,2.623166758254174
42.28,-18.0,3.913043478260871,0.0,0.0,47.88992456561268,-0.31714344801851824,0.10521387059105514,2.6225095264597003
42.29,-18.0,3.913043478260871,0.0,0.0,47.91390412150323,-0.3181636024653878,0.10443183230637354,2.621936612435446
42.3,-18.0,3.913043478260871,0.0,0.0,47.93787914611945,-0.31914181032857103,0.10372821966750356,2.621442582646093
42.31,-18.0,3.913043478260871,0.0,0.0,47.96184916194506,-0.32007793867834433,0.1030956240287611,2.6210221547917127
42.32,-18.0,3.913043478260871,0.0,0.0,47.985813799960134,-0.32097213575062544,0.10252732227528605,2.620670213390815
42.33,-18.0,3.913043478260871,0.0,0.0,48.00977278540542,-0.32182478824009,0.10201721551477622,2.6203818223062134
42.34,-18.0,3.913043478260871,0.0,0.0,48.0337259250973,-0.3226364835394193,0.10155977287147527,2.620152234436597
42.35,-18.0,3.913043478260871,0.0,0.0,48.057673096139986,-0.32340797645172925,0.1011499801008438,2.619976898769144
42.36,-18.0,3.913043478260871,0.0,0.0,48.081614235894314,-0.324140159931511,0.10078329269513836,2.61985146499702
42.37,-18.0,3.913043478260871,0.0,0.0,48.10554933307528,-0.3248340394376361,0.10045559313506791,2.6197717859317384
42.38,-18.0,3.913043478260871,0.0,0.0,48.12947841986201,-0.32549071051132294,0.1001631519518435,2.619733917969019
42.39,-18.0,3.913043478260871,0.0,0.0,48.15340156491531,-0.3261113392224533,0.0999025922867533,2.6197341198875916
42.4,-18.0,3.913043478260871,0.0,0.0,48.17731886720769,-0.32669714515774984,0.09967085766340833,2.6197688502706633
42.41,-18.0,3.913043478260871,0.0,0.0,48.201230450580155,-0.3272493866538806,0.09946518271367771,2.619834763835903
42.42,-18.0,3.913043478260871,0.0,0.0,48.22513645894838,-0.327769348005968,0.09928306661910674,2.619928706945963
42.43,-18.0,3.913043478260871,0.0,0.0,48.24903705208845,-0.32825832840760816,0.0991222490431321,2.620047712547419
42.44,-18.0,3.913043478260871,0.0,0.0,48.27293240193995,-0.3287176324018857,0.09898068833648932,2.620188994755819
42.45,-18.0,3.913043478260871,0.0,0.0,48.29682268937055,-0.3291485616444467,0.09885654180013204,2.6203499432695954
42.46,-18.0,3.913043478260871,0.0,0.0,48.320708101353226,-0.32955240780026895,0.09874814778867036,2.620528117756757
42.47,-18.0,3.913043478260871,0.0,0.0,48.34458882851309,-0.32993044641544333,0.09865400943577712,2.620721242318297
42.48,-18.0,3.913043478260871,0.0,0.0,48.368465063006994,-0.33028393162528213,0.09857277978338169,2.620927200090188
42.49,-18.0,3.913043478260871,0.0,0.0,48.3923369967043,-0.33061409158041055,0.09850324810200978,2.6211440280045175
42.5,-18.0,3.913043478260871,0.0,0.0,48.4162048196423,-0.3309221244937768,0.09844432720248902,2.621369911690292
42.51,-18.0,3.913043478260871,0.0,0.0,48.44006871873379,-0.33120919523331693,0.09839504156168405,2.6216031804590427
42.52,-18.0,3.913043478260871,0.0,0.0,48.463928876707634,-0.33147643240699765,0.09835451611746843,2.621842302291601
42.53,-18.0,3.913043478260871,0.0,0.0,48.487785471265404,-0.33172492590781255,0.09832196563027545,2.6220858787242864
42.54,-18.0,3.913043478260871,0.0,0.0,48.511638674438295,-0.331955724904641,0.0982966845574299,2.622332639527598
42.55,-18.0,3.913043478260871,0.0,0.0,48.53548865212844,-0.3321698362788388,0.09827803743753533,2.6225814370806417
42.56,-18.0,3.913043478260871,0.0,0.0,48.55933556381814,-0.33236822351468853,0.09826544982909619,2.6228312403689693
42.57,-18.0,3.913043478260871,0.0,0.0,48.58317956242873,-0.3325518060529884,0.09825839988412588,2.623081128571325
42.58,-18.0,3.913043478260871,0.0,0.0,48.60702079430943,-0.3327214591113481,0.09825641065767288,2.6233302842459354
42.59,-18.0,3.913043478260871,0.0,0.0,48.63085939933453,-0.33287801396286865,0.09825904325498624,2.623577986174365
42.6,-18.0,3.913043478260871,0.0,0.0,48.65469551108686,-0.3330222586489433,0.09826589089915544,2.6238236019631747
42.61,-18.0,3.913043478260871,0.0,0.0,48.678529257104806,-0.3331549390845221,0.09827657396699113,2.6240665805351715
42.62,-18.0,3.913043478260871,0.0,0.0,48.70236075917156,-0.3332767604981901,0.09829073599575822,2.624306444658972
42.63,-18.0,3.913043478260871,0.0,0.0,48.72619013362678,-0.3333883891374143,0.09830804061554804,2.62454278366616
42.64,-18.0,3.913043478260871,0.0,0.0,48.750017491683835,-0.33349045416267065,0.09832816931911997,2.62477524649193
42.65,-18.0,3.913043478260871,0.0,0.0,48.7738429397389,-0.33358354965374426,0.09835081994832173,2.625003535150133
42.66,-18.0,3.913043478260871,0.0,0.0,48.79766657966176,-0.3336682366566728,0.09837570575698101,2.62522739872219
42.67,-18.0,3.913043478260871,0.0,0.0,48.82148850906151,-0.3337450452093038,0.0984025549050388,2.625446627906402
42.68,-18.0,3.913043478260871,0.0,0.0,48.84530882152352,-0.3338144762958599,0.09843111024570472,2.6256610501426842
42.69,-18.0,3.913043478260871,0.0,0.0,48.869127606816605,-0.3338770036942864,0.09846112928373696,2.6258705253015626
42.7,-18.0,3.913043478260871,0.0,0.0,48.89294495107141,-0.333933075693182,0.09849238420482104,2.6260749419062317
42.71,-18.0,3.913043478260871,0.0,0.0,48.916760936932334,-0.3339831166667646,0.09852466189993009,2.62627421384273
42.72,-18.0,3.913043478260871,0.0,0.0,48.940575643686486,-0.33402752850579365,0.09855776393191085,2.6264682775059467
42.73,-18.0,3.913043478260871,0.0,0.0,48.96438914737324,-0.33406669190958227,0.09859150641224801,2.6266570893265486
42.74,-18.0,3.913043478260871,0.0,0.0,48.98820152087847,-0.33410096754919216,0.09862571977301654,2.626840623625024
42.75,-18.0,3.913043478260871,0.0,0.0,49.01201283401696,-0.3341306971147784,0.0986602484321944,2.62701887074304
42.76,-18.0,3.913043478260871,0.0,0.0,49.035823153606366,-0.33415620426147163,0.09869495035964204,2.6271918354071815
42.77,-18.0,3.913043478260871,0.0,0.0,49.059632543535635,-0.3341777954682157,0.0987296965570077,2.6273595352862396
42.78,-18.0,3.913043478260871,0.0,0.0,49.083441064830154,-0.33419576082325353,0.09876437046792796,2.627521999709084
42.79,-18.0,3.913043478260871,0.0,0.0,49.10724877571554,-0.33421037474864645,0.09879886733596416,2.6276792685157773
42.8,-18.0,3.913043478260871,0.0,0.0,49.1310557316815,-0.3342218966746897,0.09883309352725267,2.627831391019487
42.81,-18.0,3.913043478260871,0.0,0.0,49.15486198554672,-0.3342305716733609,0.09886696583354349,2.627978425061356
42.82,-18.0,3.913043478260871,0.0,0.0,49.17866758752545,-0.33423663105837287,0.09890041076929879,2.6281204361439348
42.83,-18.0,3.913043478260871,0.0,0.0,49.20247258529619,-0.3342402929578725,0.09893336387440965,2.6282574966319854
42.84,-18.0,3.913043478260871,0.0,0.0,49.22627702407247,-0.3342417628645169,0.09896576903185977,2.6283896850118027
42.85,-18.0,3.913043478260871,0.0,0.0,49.25008094667586,-0.3342412341665044,0.09899757780760265,2.628517085202193
42.86,-18.0,3.913043478260871,0.0,0.0,49.27388439361082,-0.334238888662191,0.09902874881804663,2.6286397859117665
42.87,-18.0,3.913043478260871,0.0,0.0,49.29768740314135,-0.33423489706017895,0.09905924712887076,2.6287578800382603
42.88,-18.0,3.913043478260871,0.0,0.0,49.32149001136884,-0.3342294194660833,0.09908904368759347,2.6288714641067257
42.89,-18.0,3.913043478260871,0.0,0.0,49.345292252310934,-0.3342226058568163,0.09911811479107024,2.628980637743718
42.9,-18.0,3.913043478260871,0.0,0.0,49.36909415798103,-0.3342145965427781,0.09914644158830166,2.6290855031854665
42.91,-18.0,3.913043478260871,0.0,0.0,49.39289575846788,-0.3342055226181473,0.09917400961816525,2.6291861648181527
42.92,-18.0,3.913043478260871,0.0,0.0,49.416697082015055,-0.33419550639928386,0.09920080838116441,2.629282728748682
42.93,-18.0,3.913043478260871,0.0,0.0,49.44049815509994,-0.3341846618511459,0.09922683094390955,2.6293753024045707
42.94,-18.0,3.913043478260871,0.0,0.0,49.464299002511865,-0.3341730950015418,0.09925207357479748,2.6294639941616893
42.95,-18.0,3.913043478260871,0.0,0.0,49.48809964742914,-0.3341609043430269,0.09927653540917941,2.6295489129987093
42.96,-18.0,3.913043478260871,0.0,0.0,49.511900111494725,-0.33414818122229617,0.09930021814218132,2.6296301681769814
42.97,-18.0,3.913043478260871,0.0,0.0,49.53570041489035,-0.3341350102168581,0.09932312574739055,2.6297078689449354
42.98,-18.0,3.913043478260871,0.0,0.0,49.559500576408844,-0.33412146949890564,0.09934526421954926,2.6297821242657777
42.99,-18.0,3.913043478260871,0.0,0.0,49.58330061352458,-0.33410763118627207,0.09936664133950829,2.6298530425675453
43.0,-18.0,3.913043478260871,0.0,0.0,49.60710054246186,-0.33409356168044413,0.09938726645972251,2.6299207315144284
43.01,-18.0,3.913043478260871,0.0,0.0,49.63090037826118,-0.3340793219916409,0.0994071503086763,2.629985297798373
43.02,-18.0,3.913043478260871,0.0,0.0,49.65470013484328,-0.3340649680510086,0.09942630481271364,2.6300468469499605
43.03,-18.0,3.913043478260871,0.0,0.0,49.67849982507093,-0.3340505510100502,0.0994447429338356,2.630105483167546
43.04,-18.0,3.913043478260871,0.0,0.0,49.70229946080838,-0.33403611752739604,0.09946247852217144,2.630161309163799
43.05,-18.0,3.913043478260871,0.0,0.0,49.72609905297858,-0.3340217100431566,0.09947952618184414,2.630214426028516
43.06,-18.0,3.913043478260871,0.0,0.0,49.74989861161801,-0.33400736704101597,0.09949590114914553,2.6302649331069485
43.07,-18.0,3.913043478260871,0.0,0.0,49.77369814592921,-0.3339931232983375,0.09951161918196672,2.630312927892701
43.08,-18.0,3.913043478260871,0.0,0.0,49.79749766433111,-0.333979010124569,0.09952669645950546,2.6303585059342196
43.09,-18.0,3.913043478260871,0.0,0.0,49.82129717450701,-0.33396505558819944,0.09954114949142251,2.6304017607542063
43.1,-18.0,3.913043478260871,0.0,0.0,49.84509668345042,-0.3339512847326309,0.0995549950355975,2.6304427837809348
43.11,-18.0,3.913043478260871,0.0,0.0,49.86889619750874,-0.33393771978123743,0.09956825002380093,2.6304816642908535
43.12,-18.0,3.913043478260871,0.0,0.0,49.89269572242479,-0.3339243803319927,0.09958093149458497,2.6305184893615916
43.13,-18.0,3.913043478260871,0.0,0.0,49.91649526337635,-0.33391128354198396,0.09959305653279776,2.6305533438346838
43.14,-18.0,3.913043478260871,0.0,0.0,49.94029482501367,-0.3338984443021793,0.09960464221516235,2.63058631028729
43.15,-18.0,3.913043478260871,0.0,0.0,49.964094411495104,-0.33388587540278136,0.09961570556142457,2.630617469012286
43.16,-18.0,3.913043478260871,0.0,0.0,49.98789402652083,-0.3338735876895518,0.09962626349058457,2.630646898005981
43.17,-18.0,3.913043478260871,0.0,0.0,50.01169367336482,-0.33386159021142103,0.0996363327818241,2.630674672963004
43.18,-18.0,3.913043478260871,0.0,0.0,50.03549335490508,-0.33384989035977064,0.09964593003970529,2.6307008672776133
43.19,-18.0,3.913043478260871,0.0,0.0,50.059293073652206,-0.33383849399970855,0.09965507166331833,2.630725552051003
43.2,-18.0,3.913043478260871,0.0,0.0,50.083092831776405,-0.3338274055937027,0.09966377381902353,2.6307487961039775
43.21,-18.0,3.913043478260871,0.0,0.0,50.106892631132915,-0.3338166283178676,0.0996720524165366,2.630770665994649
43.22,-18.0,3.913043478260871,0.0,0.0,50.13069247328605,-0.3338061641712904,0.0996799230880232,2.6307912260404835
43.23,-18.0,3.913043478260871,0.0,0.0,50.154492359531766,-0.3337960140786531,0.0996874011700134,2.6308105383444804
43.24,-18.0,3.913043478260871,0.0,0.0,50.178292290918975,-0.3337861779865161,0.09969450168785776,2.6308286628248774
43.25,-18.0,3.913043478260871,0.0,0.0,50.20209226826952,-0.33377665495353237,0.09970123934253983,2.6308456572481145
43.26,-18.0,3.913043478260871,0.0,0.0,50.22589229219699,-0.3337674432349078,0.09970762849963277,2.630861577264616
43.27,-18.0,3.913043478260871,0.0,0.0,50.24969236312434,-0.333758540361359,0.0997136831802502,2.630876476447169
43.28,-18.0,3.913043478260871,0.0,0.0,50.27349248130045,-0.33374994321290385,0.09971941705376525,2.6308904063313596
43.29,-18.0,3.913043478260871,0.0,0.0,50.29729264681562,-0.3337416480876787,0.09972484343221283,2.630903416458022
43.3,-18.0,3.913043478260871,0.0,0.0,50.321092859616066,-0.33373365076609285,0.0997299752661806,2.6309155544172365
43.31,-18.0,3.913043478260871,0.0,0.0,50.344893119517494,-0.33372594657054266,0.09973482514208015,2.6309268658937066
43.32,-18.0,3.913043478260871,0.0,0.0,50.36869342621778,-0.3337185304209269,0.09973940528066672,2.6309373947132304
43.33,-18.0,3.913043478260871,0.0,0.0,50.39249377930881,-0.3337113968861918,0.09974372753670002,2.630947182890087
43.34,-18.0,3.913043478260871,0.0,0.0,50.41629417828748,-0.33370454023211815,0.0997478033996384,2.630956270675104
43.35,-18.0,3.913043478260871,0.0,0.0,50.440094622566,-0.33369795446557005,0.09975164399526515,2.6309646966042224
43.36,-18.0,3.913043478260871,0.0,0.0,50.46389511148144,-0.333691633375403,0.09975526008815416,2.630972497547359
43.37,-18.0,3.913043478260871,0.0,0.0,50.48769564430461,-0.33368557057020753,0.09975866208490575,2.6309797087574824
43.38,-18.0,3.913043478260871,0.0,0.0,50.511496220248304,-0.3336797595131027,0.09976186003804816,2.6309863639196363
43.39,-18.0,3.913043478260871,0.0,0.0,50.53529683847495,-0.3336741935537111,0.09976486365056603,2.6309924951999273
43.4,-18.0,3.913043478260871,0.0,0.0,50.559097498103675,-0.33366886595753376,0.09976768228094557,2.630998133294179
43.41,-18.0,3.913043478260871,0.0,0.0,50.58289819821684,-0.33366376993282687,0.09977032494872529,2.6310033074763335
43.42,-18.0,3.913043478260871,0.0,0.0,50.60669893786607,-0.3336588986551885,0.09977280034043767,2.6310080456463005
43.43,-18.0,3.913043478260871,0.0,0.0,50.63049971607784,-0.33365424528995513,0.09977511681593582,2.631012374377335
43.44,-18.0,3.913043478260871,0.0,0.0,50.65430053185856,-0.333649803012559,0.09977728241503497,2.631016318962791
43.45,-18.0,3.913043478260871,0.0,0.0,50.67810138419928,-0.3336455650269967,0.09977930486441017,2.631019903462122
43.46,-18.0,3.913043478260871,0.0,0.0,50.701902272080005,-0.33364152458249285,0.09978119158473786,2.6310231507461985
43.47,-18.0,3.913043478260871,0.0,0.0,50.72570319447361,-0.3336376749885108,0.09978294969801588,2.6310260825417715
43.48,-18.0,3.913043478260871,0.0,0.0,50.74950415034945,-0.3336340096282111,0.09978458603503026,2.6310287194750557
43.49,-18.0,3.913043478260871,0.0,0.0,50.77330513867661,-0.3336305219704432,0.09978610714295799,2.6310310811144775
43.5,-18.0,3.913043478260871,0.0,0.0,50.79710615842687,-0.33362720558040904,0.09978751929303392,2.6310331860124
43.51,-18.0,3.913043478260871,0.0,0.0,50.820907208577395,-0.33362405412905893,0.09978882848828985,2.6310350517459264
43.52,-18.0,3.913043478260871,0.0,0.0,50.84470828811315,-0.3336210614013191,0.0997900404713275,2.631036694956708
43.53,-18.0,3.913043478260871,0.0,0.0,50.86850939602905,-0.3336182213032417,0.09979116073209554,2.631038131389726
43.54,-18.0,3.913043478260871,0.0,0.0,50.892310531331944,-0.33361552786815896,0.09979219451564952,2.6310393759310173
43.55,-18.0,3.913043478260871,0.0,0.0,50.916111693042296,-0.3336129752618855,0.09979314682990065,2.6310404426444465
43.56,-18.0,3.913043478260871,0.0,0.0,50.93991288019574,-0.3336105577871016,0.09979402245328,2.6310413448072936
43.57,-18.0,3.913043478260871,0.0,0.0,50.963714091844416,-0.33360826988690806,0.09979482594237266,2.631042094944924
43.58,-18.0,3.913043478260871,0.0,0.0,50.98751532705815,-0.33360610614768405,0.09979556163944242,2.631042704864301
43.59,-18.0,3.913043478260871,0.0,0.0,51.01131658492544,-0.33360406130124787,0.09979623367988893,2.6310431856865466
43.6,-18.0,3.913043478260871,0.0,0.0,51.035117864554365,-0.33360213022643936,0.09979684599956862,2.6310435478783343
43.61,-18.0,3.913043478260871,0.0,0.0,51.05891916507329,-0.3336003079501064,0.0997974023420301,2.6310438012823667
43.62,-18.0,3.913043478260871,0.0,0.0,51.08272048563148,-0.33359858964760347,0.09979790626560625,2.6310439551467444
43.63,-18.0,3.913043478260871,0.0,0.0,51.10652182539956,-0.33359697064281124,0.09979836115037999,2.631044018153357
43.64,-18.0,3.913043478260871,0.0,0.0,51.13032318356996,-0.3335954464077442,0.0997987702050055,2.6310439984452354
43.65,-18.0,3.913043478260871,0.0,0.0,51.15412455935716,-0.33359401256176047,0.09979913647339156,2.6310439036529596
43.66,-18.0,3.913043478260871,0.0,0.0,51.17792595199788,-0.33359266487044037,0.09979946284122604,2.631043740920055
43.67,-18.0,3.913043478260871,0.0,0.0,51.20172736075122,-0.3335913992441397,0.09979975204235503,2.6310435169274773
43.68,-18.0,3.913043478260871,0.0,0.0,51.225528784898714,-0.33359021173628545,0.09980000666498567,2.631043237917087
43.69,-18.0,3.913043478260871,0.0,0.0,51.24933022374426,-0.3335890985413963,0.09980022915775616,2.631042909714319
43.7,-18.0,3.913043478260871,0.0,0.0,51.27313167661407,-0.3335880559929132,0.0998004218356115,2.6310425377498334
43.71,-18.0,3.913043478260871,0.0,0.0,51.296933142856524,-0.33358708056081476,0.09980058688553822,2.631042127080388
43.72,-18.0,3.913043478260871,0.0,0.0,51.32073462184197,-0.33358616884907777,0.09980072637212112,2.631041682408797
43.73,-18.0,3.913043478260871,0.0,0.0,51.34453611296249,-0.3335853175929795,0.09980084224294528,2.6310412081031127
43.74,-18.0,3.913043478260871,0.0,0.0,51.36833761563161,-0.3335845236562929,0.09980093633381604,2.631040708214922
43.75,-18.0,3.913043478260871,0.0,0.0,51.39213912928403,-0.33358378402836264,0.09980101037382805,2.631040186496921
43.76,-18.0,3.913043478260871,0.0,0.0,51.41594065337525,-0.33358309582109547,0.09980106599026889,2.6310396464197074
43.77,-18.0,3.913043478260871,0.0,0.0,51.43974218738119,-0.33358245626588334,0.0998011047133569,2.6310390911878283
43.78,-18.0,3.913043478260871,0.0,0.0,51.463543730797824,-0.33358186271047274,0.09980112798081364,2.6310385237550893
43.79,-18.0,3.913043478260871,0.0,0.0,51.48734528314075,-0.3335813126157907,0.09980113714228522,2.631037946839193
43.8,-18.0,3.913043478260871,0.0,0.0,51.51114684394475,-0.3335808035527337,0.09980113346360853,2.6310373629357144
43.81,-18.0,3.913043478260871,0.0,0.0,51.534948412763384,-0.33358033319895997,0.09980111813090586,2.631036774331363
43.82,-18.0,3.913043478260871,0.0,0.0,51.55874998916848,-0.3335798993356489,0.0998010922545558,2.631036183116709
43.83,-18.0,3.913043478260871,0.0,0.0,51.5825515727497,-0.33357949984428537,0.0998010568729904,2.6310355911982213
43.84,-18.0,3.913043478260871,0.0,0.0,51.60635316311404,-0.33357913270344874,0.09980101295635574,2.6310350003097502
43.85,-18.0,3.913043478260871,0.0,0.0,51.630154759885386,-0.33357879598561957,0.09980096141003247,2.6310344120234532
43.86,-18.0,3.913043478260871,0.0,0.0,51.65395636270399,-0.33357848785401667,0.09980090307801198,2.631033827760163
43.87,-18.0,3.913043478260871,0.0,0.0,51.677757971225994,-0.33357820655946324,0.0998008387461421,2.631033248799255
43.88,-18.0,3.913043478260871,0.0,0.0,51.701559585122965,-0.3335779504373033,0.09980076914522956,2.6310326762879686
43.89,-18.0,3.913043478260871,0.0,0.0,51.725361204081395,-0.333577717904354,0.09980069495401922,2.6310321112502764
43.9,-18.0,3.913043478260871,0.0,0.0,51.74916282780221,-0.3335775074559022,0.09980061680205515,2.6310315545953125
43.91,-18.0,3.913043478260871,0.0,0.0,51.772964456000295,-0.3335773176627683,0.09980053527240285,2.6310310071252965
43.92,-18.0,3.913043478260871,0.0,0.0,51.796766088404034,-0.3335771471684186,0.09980045090426198,2.631030469543065
43.93,-18.0,3.913043478260871,0.0,0.0,51.82056772475482,-0.3335769946861322,0.09980036419546723,2.631029942459212
43.94,-18.0,3.913043478260871,0.0,0.0,51.844369364806596,-0.3335768589962429,0.09980027560486426,2.6310294263987837
43.95,-18.0,3.913043478260871,0.0,0.0,51.868171008325426,-0.333576738943433,0.09980018555459219,2.631028921807655
43.96,-18.0,3.913043478260871,0.0,0.0,51.891972655089006,-0.33357663343409705,0.09980009443225307,2.6310284290585217
43.97,-18.0,3.913043478260871,0.0,0.0,51.91577430488624,-0.3335765414337759,0.09980000259298044,2.6310279484565484
43.98,-18.0,3.913043478260871,0.0,0.0,51.93957595751682,-0.33357646196465973,0.09979991036140784,2.631027480244676
43.99,-18.0,3.913043478260871,0.0,0.0,51.963377612790794,-0.3335763941031511,0.0997998180335512,2.631027024608662
44.0,-18.0,3.913043478260871,0.0,0.0,51.98717927052814,-0.33357633697750866,0.0997997258785922,2.63102658168178
44.01,-18.0,3.913043478260871,0.0,0.0,52.01098093055838,-0.3335762897655563,0.09979963414057397,2.631026151549247
44.02,-18.0,3.913043478260871,0.0,0.0,52.034782592720205,-0.33357625169246186,0.09979954304001676,2.631025734252387
44.03,-18.0,3.913043478260871,0.0,0.0,52.058584256861046,-0.33357622202858295,0.09979945277545138,2.6310253297925437
44.04,-18.0,3.913043478260871,0.0,0.0,52.082385922836735,-0.3335762000873901,0.09979936352487034,2.631024938134729
44.05,-18.0,3.913043478260871,0.0,0.0,52.106187590511134,-0.3335761852234511,0.09979927544710837,2.631024559211052
44.06,-18.0,3.913043478260871,0.0,0.0,52.12998925975578,-0.3335761768304901,0.09979918868314602,2.6310241929239204
44.07,-18.0,3.913043478260871,0.0,0.0,52.153790930449546,-0.33357617433950604,0.09979910335735298,2.631023839149053
44.08,-18.0,3.913043478260871,0.0,0.0,52.17759260247831,-0.33357617721697297,0.0997990195786474,2.6310234977382367
44.09,-18.0,3.913043478260871,0.0,0.0,52.20139427573466,-0.33357618496308605,0.09979893744161378,2.631023168521974
44.1,-18.0,3.913043478260871,0.0,0.0,52.22519595011752,-0.3335761971100837,0.09979885702754815,2.631022851311908
44.11,-18.0,3.913043478260871,0.0,0.0,52.24899762553192,-0.3335762132206401,0.09979877840543672,2.6310225459030474
44.12,-18.0,3.913043478260871,0.0,0.0,52.27279930188868,-0.33357623288630056,0.09979870163289895,2.6310222520759083
44.13,-18.0,3.913043478260871,0.0,0.0,52.29660097910413,-0.33357625572599625,0.0997986267570593,2.631021969598434
44.14,-18.0,3.913043478260871,0.0,0.0,52.32040265709982,-0.33357628138460704,0.0997985538153795,2.631021698227819
44.15,-18.0,3.913043478260871,0.0,0.0,52.34420433580231,-0.3335763095315891,0.09979848283643339,2.63102143771216
44.16,-18.0,3.913043478260871,0.0,0.0,52.36800601514288,-0.33357633985965385,0.09979841384064464,2.631021187792015
44.17,-18.0,3.913043478260871,0.0,0.0,52.39180769505732,-0.33357637208350677,0.09979834684097144,2.6310209482018148
44.18,-18.0,3.913043478260871,0.0,0.0,52.41560937548565,-0.3335764059386337,0.09979828184355904,2.6310207186711905
44.19,-18.0,3.913043478260871,0.0,0.0,52.439411056371966,-0.3335764411801483,0.09979821884834078,2.6310204989261536
44.2,-18.0,3.913043478260871,0.0,0.0,52.46321273766417,-0.33357647758168274,0.09979815784960966,2.6310202886902134
44.21,-18.0,3.913043478260871,0.0,0.0,52.487014419313816,-0.33357651493433327,0.09979809883654728,2.63102008768537
44.22,-18.0,3.913043478260871,0.0,0.0,52.51081610127586,-0.3335765530456396,0.09979804179373397,2.6310198956330795
44.23,-18.0,3.913043478260871,0.0,0.0,52.534617783508516,-0.3335765917386375,0.09979798670159601,2.6310197122550245
44.24,-18.0,3.913043478260871,0.0,0.0,52.55841946597306,-0.3335766308509225,0.09979793353685956,2.6310195372739456
44.25,-18.0,3.913043478260871,0.0,0.0,52.582221148633664,-0.33357667023378834,0.09979788227293845,2.6310193704142666
44.26,-18.0,3.913043478260871,0.0,0.0,52.60602283145722,-0.33357670975137865,0.09979783288032784,2.6310192114027724
44.27,-18.0,3.913043478260871,0.0,0.0,52.629824514413194,-0.3335767492799082,0.09979778532693995,2.631019059969108
44.28,-18.0,3.913043478260871,0.0,0.0,52.653626197473486,-0.33357678870689167,0.09979773957844407,2.6310189158463286
44.29,-18.0,3.913043478260871,0.0,0.0,52.677427880612264,-0.33357682793043497,0.09979769559856061,2.6310187787713106
44.3,-18.0,3.913043478260871,0.0,0.0,52.701229563805846,-0.3335768668585499,0.0997976533493451,2.6310186484851523
44.31,-18.0,3.913043478260871,0.0,0.0,52.72503124703257,-0.3335769054085078,0.09979761279144606,2.6310185247335154
44.32,-18.0,3.913043478260871,0.0,0.0,52.74883293027264,-0.3335769435062177,0.09979757388435095,2.6310184072669442
44.33,-18.0,3.913043478260871,0.0,0.0,52.77263461350807,-0.3335769810856588,0.09979753658659346,2.631018295841074
44.34,-18.0,3.913043478260871,0.0,0.0,52.796436296722504,-0.3335770180883122,0.09979750085597167,2.631018190216905
44.35,-18.0,3.913043478260871,0.0,0.0,52.820237979901165,-0.33357705446264774,0.09979746664972772,2.6310180901609597
44.36,-18.0,3.913043478260871,0.0,0.0,52.84403966303071,-0.3335770901636246,0.09979743392472185,2.6310179954454447
44.37,-18.0,3.913043478260871,0.0,0.0,52.86784134609918,-0.3335771251522315,0.09979740263758297,2.631017905848351
44.38,-18.0,3.913043478260871,0.0,0.0,52.89164302909587,-0.3335771593950325,0.09979737274486283,2.631017821153591
44.39,-18.0,3.913043478260871,0.0,0.0,52.91544471201125,-0.3335771928637641,0.09979734420315395,2.6310177411510183
44.4,-18.0,3.913043478260871,0.0,0.0,52.939246394836914,-0.33357722553492897,0.0997973169692184,2.631017665636519
44.41,-18.0,3.913043478260871,0.0,0.0,52.96304807756545,-0.3335772573894309,0.09979729100009099,2.6310175944120173
44.42,-18.0,3.913043478260871,0.0,0.0,52.98684976019043,-0.33357728841223255,0.09979726625316765,2.6310175272854566
44.43,-18.0,3.913043478260871,0.0,0.0,53.01065144270628,-0.3335773185920128,0.0997972426863053,2.6310174640708355
44.44,-18.0,3.913043478260871,0.0,0.0,53.03445312510827,-0.33357734792086946,0.09979722025788867,2.63101740458814
44.45,-18.0,3.913043478260871,0.0,0.0,53.0582548073924,-0.3335773763940193,0.09979719892690747,2.631017348663335
44.46,-18.0,3.913043478260871,0.0,0.0,53.082056489555384,-0.33357740400953473,0.09979717865300808,2.6310172961282765
44.47,-18.0,3.913043478260871,0.0,0.0,53.10585817159457,-0.33357743076808033,0.09979715939655398,2.631017246820668
44.48,-18.0,3.913043478260871,0.0,0.0,53.129659853507896,-0.3335774566726779,0.09979714111866883,2.6310172005839747
44.49,-18.0,3.913043478260871,0.0,0.0,53.15346153529386,-0.3335774817284842,0.09979712378127359,2.6310171572673244
44.5,-18.0,3.913043478260871,0.0,0.0,53.17726321695144,-0.3335775059425721,0.09979710734712904,2.631017116725446
44.51,-18.0,3.913043478260871,0.0,0.0,53.20106489848008,-0.33357752932374307,0.09979709177985735,2.631017078818541
44.52,-18.0,3.913043478260871,0.0,0.0,53.22486657987963,-0.3335775518823423,0.09979707704396612,2.6310170434121787
44.53,-18.0,3.913043478260871,0.0,0.0,53.24866826115033,-0.3335775736300848,0.09979706310487257,2.6310170103772
44.54,-18.0,3.913043478260871,0.0,0.0,53.272469942292744,-0.333577594579902,0.09979704992890992,2.631016979589574
44.55,-18.0,3.913043478260871,0.0,0.0,53.29627162330776,-0.33357761474578984,0.09979703748334534,2.6310169509303027
44.56,-18.0,3.913043478260871,0.0,0.0,53.32007330419654,-0.33357763414267527,0.09979702573638166,2.631016924285272
44.57,-18.0,3.913043478260871,0.0,0.0,53.34387498496049,-0.3335776527862835,0.09979701465716684,2.6310168995451546
44.58,-18.0,3.913043478260871,0.0,0.0,53.36767666560126,-0.3335776706930289,0.0997970042157863,2.631016876605243
44.59,-18.0,3.913043478260871,0.0,0.0,53.391478346120664,-0.3335776878798944,0.09979699438327283,2.6310168553653677
44.6,-18.0,3.913043478260871,0.0,0.0,53.41528002652072,-0.333577704364344,0.09979698513158897,2.6310168357297163
44.61,-18.0,3.913043478260871,0.0,0.0,53.43908170680358,-0.33357772016421716,0.09979697643363244,2.631016817606748
44.62,-18.0,3.913043478260871,0.0,0.0,53.462883386971534,-0.33357773529765566,0.09979696826321649,2.6310168009090193
44.63,-18.0,3.913043478260871,0.0,0.0,53.486685067027,-0.3335777497830168,0.09979696059506737,2.631016785553087
44.64,-18.0,3.913043478260871,0.0,0.0,53.51048674697247,-0.33357776363880354,0.0997969534048106,2.6310167714593686
44.65,-18.0,3.913043478260871,0.0,0.0,53.534288426810534,-0.33357777688360146,0.09979694666895411,2.6310167585520032
44.66,-18.0,3.913043478260871,0.0,0.0,53.55809010654384,-0.33357778953601325,0.0997969403648794,2.631016746758745
44.67,-18.0,3.913043478260871,0.0,0.0,53.581891786175085,-0.33357780161461514,0.09979693447081672,2.631016736010803
44.68,-18.0,3.913043478260871,0.0,0.0,53.60569346570702,-0.3335778131378948,0.09979692896583742,2.6310167262427546
44.69,-18.0,3.913043478260871,0.0,0.0,53.629495145142414,-0.33357782412421466,0.09979692382983146,2.6310167173924004
44.7,-18.0,3.913043478260871,0.0,0.0,53.65329682448406,-0.3335778345917706,0.09979691904348931,2.631016709400647
44.71,-18.0,3.913043478260871,0.0,0.0,53.677098503734754,-0.33357784455855377,0.09979691458828471,2.6310167022113964
44.72,-18.0,3.913043478260871,0.0,0.0,53.7009001828973,-0.33357785404232,0.09979691044645428,2.631016695771423
44.73,-18.0,3.913043478260871,0.0,0.0,53.72470186197449,-0.3335778630605619,0.09979690660097695,2.6310166900302634
44.74,-18.0,3.913043478260871,0.0,0.0,53.7485035409691,-0.333577871630482,0.09979690303555555,2.631016684940104
44.75,-18.0,3.913043478260871,0.0,0.0,53.772305219883876,-0.3335778797689706,0.0997968997345971,2.6310166804556827
44.76,-18.0,3.913043478260871,0.0,0.0,53.796106898721554,-0.33357788749259054,0.09979689668318786,2.631016676534162
44.77,-18.0,3.913043478260871,0.0,0.0,53.81990857748483,-0.3335778948175574,0.09979689386707663,2.6310166731350413
44.78,-18.0,3.913043478260871,0.0,0.0,53.843710256176365,-0.33357790175972335,0.09979689127265617,2.6310166702200664
44.79,-18.0,3.913043478260871,0.0,0.0,53.86751193479877,-0.3335779083345698,0.09979688888693988,2.631016667753117
44.8,-18.0,3.913043478260871,0.0,0.0,53.89131361335462,-0.33357791455719643,0.09979688669754,2.6310166657001144
44.81,-18.0,3.913043478260871,0.0,0.0,53.91511529184643,-0.3335779204423126,0.09979688469265141,2.6310166640289365
44.82,-18.0,3.913043478260871,0.0,0.0,53.93891697027669,-0.3335779260042353,0.09979688286102728,2.631016662709318
44.83,-18.0,3.913043478260871,0.0,0.0,53.96271864864782,-0.3335779312568783,0.099796881191965,2.6310166617127844
44.84,-18.0,3.913043478260871,0.0,0.0,53.98652032696218,-0.3335779362137514,0.09979687967528494,2.6310166610125636
44.85,-18.0,3.913043478260871,0.0,0.0,54.01032200522208,-0.3335779408879682,0.09979687830130457,2.631016660583478
44.86,-18.0,3.913043478260871,0.0,0.0,54.03412368342977,-0.3335779452922307,0.09979687706083251,2.631016660401917
44.87,-18.0,3.913043478260871,0.0,0.0,54.05792536158744,-0.3335779494388449,0.09979687594513692,2.6310166604457126
44.88,-18.0,3.913043478260871,0.0,0.0,54.081727039697235,-0.3335779533397132,0.09979687494593725,2.6310166606941054
44.89,-18.0,3.913043478260871,0.0,0.0,54.10552871776122,-0.33357795700634174,0.09979687405538079,2.631016661127653
44.9,-18.0,3.913043478260871,0.0,0.0,54.1293303957814,-0.33357796044984367,0.09979687326602932,2.631016661728175
44.91,-18.0,3.913043478260871,0.0,0.0,54.15313207375974,-0.3335779636809433,0.09979687257083902,2.6310166624786833
44.92,-18.0,3.913043478260871,0.0,0.0,54.17693375169812,-0.33357796670997963,0.09979687196314846,2.631016663363333
44.93,-18.0,3.913043478260871,0.0,0.0,54.20073542959838,-0.3335779695469212,0.09979687143665339,2.631016664367326
44.94,-18.0,3.913043478260871,0.0,0.0,54.22453710746228,-0.3335779722013561,0.09979687098540613,2.631016665476917
44.95,-18.0,3.913043478260871,0.0,0.0,54.24833878529154,-0.3335779746825165,0.09979687060378534,2.6310166666792956
44.96,-18.0,3.913043478260871,0.0,0.0,54.272140463087794,-0.33357797699927305,0.09979687028649137,2.631016667962577
44.97,-18.0,3.913043478260871,0.0,0.0,54.29594214085265,-0.3335779791601521,0.09979687002852522,2.6310166693157244
44.98,-18.0,3.913043478260871,0.0,0.0,54.319743818587646,-0.33357798117333415,0.09979686982518221,2.6310166707285285
44.99,-18.0,3.913043478260871,0.0,0.0,54.343545496294254,-0.33357798304666897,0.09979686967203288,2.6310166721915405
45.0,-18.0,3.913043478260871,0.0,0.0,54.3673471739739,-0.3335779847876812,0.09979686956491252,2.6310166736960374
45.01,-18.0,5.478260869565219,0.0,0.0,54.39137009208105,-0.33137215457164126,0.22257813856998399,2.6267423194941366
45.02,-18.0,5.478260869565219,0.0,0.0,54.415590840119144,-0.32970051975502335,0.2122612795711349,2.622484038466513
45.03,-18.0,5.478260869565219,0.0,0.0,54.439988081076365,-0.3284975589032113,0.20276876952393852,2.618275238958522
45.04,-18.0,5.478260869565219,0.0,0.0,54.46454239861283,-0.32770395749068415,0.19404353023434195,2.614144456789542
45.05,-18.0,5.478260869565219,0.0,0.0,54.489236151447365,-0.3272661950775877,0.18603151358422876,2.610115728368434
45.06,-18.0,5.478260869565219,0.0,0.0,54.514053335647056,-0.32713612065717745,0.17868164727619634,2.606208969657313
45.07,-18.0,5.478260869565219,0.0,0.0,54.53897945511635,-0.3272705303402239,0.1719457602555718,2.602440352435017
45.08,-18.0,5.478260869565219,0.0,0.0,54.564001400302885,-0.3276307569852617,0.16577849514550064,2.598822671586477
45.09,-18.0,5.478260869565219,0.0,0.0,54.58910733495119,-0.328182278012934,0.1601372127348269,2.5953656988489726
45.1,-18.0,5.478260869565219,0.0,0.0,54.6142865906168,-0.32889434518131866,0.15498189191752193,2.592076519758509
45.11,-18.0,5.478260869565219,0.0,0.0,54.63952956858321,-0.3297396383258646,0.15027502734454762,2.5889598515828838
45.12,-18.0,5.478260869565219,0.0,0.0,54.66482764878697,-0.33069394380806294,0.1459815262786398,2.5860183408789252
45.13,-18.0,5.478260869565219,0.0,0.0,54.69017310534279,-0.3317358575368936,0.14206860561543727,2.58325284000007
45.14,-18.0,5.478260869565219,0.0,0.0,54.715559028262994,-0.33284651182701097,0.13850568964311094,2.580662662398562
45.15,-18.0,5.478260869565219,0.0,0.0,54.740979250980565,-0.3340093249672311,0.13526430878262663,2.5782458168942415
45.16,-18.0,5.478260869565219,0.0,0.0,54.766428283307846,-0.3352097721450087,0.1323179992566949,2.5759992212190297
45.17,-18.0,5.478260869565219,0.0,0.0,54.79190124949193,-0.33643517627436226,0.1296422034051654,2.5739188951399727
45.18,-18.0,5.478260869565219,0.0,0.0,54.81739383105786,-0.33767451727863795,0.12721417026035975,2.572000133409647
45.19,-18.0,5.478260869565219,0.0,0.0,54.84290221415856,-0.33891825845728984,0.12501285607502471,2.570237658802957
45.2,-18.0,5.478260869565219,0.0,0.0,54.868423041171425,-0.34015818868520054,0.1230188247702736,2.5686257556597494
45.21,-18.0,5.478260869565219,0.0,0.0,54.893953366294035,-0.3413872793196777,0.12121414868499425,2.5671583846865738
45.22,-18.0,5.478260869565219,0.0,0.0,54.9194906148946,-0.34259955479331916,0.1195823104470895,2.565829280229261
45.23,-18.0,5.478260869565219,0.0,0.0,54.94503254636965,-0.34378997593089844,0.1181081071155089,2.564632031706118
45.24,-18.0,5.478260869565219,0.0,0.0,54.97057722025641,-0.3449543350420443,0.11677755785552468,2.5635601512681836
45.25,-18.0,5.478260869565219,0.0,0.0,54.996122965344526,-0.34608916182256344,0.11557781627229863,2.5626071299311732
45.26,-18.0,5.478260869565219,0.0,0.0,55.02166835153564,-0.347191639070499,0.11449708818297721,2.5617664843630403
45.27,-18.0,5.478260869565219,0.0,0.0,55.04721216420996,-0.3482595272142617,0.1135245551566651,2.561031796237272
45.28,-18.0,5.478260869565219,0.0,0.0,55.07275338087737,-0.3492910966770848,0.11265030371240176,2.56039674565222
45.29,-18.0,5.478260869565219,0.0,0.0,55.09829114991259,-0.3502850671684441,0.11186525973208555,2.559855139671687
45.3,-18.0,5.478260869565219,0.0,0.0,55.12382477119773,-0.3512405530910767,0.11116112746416151,2.559400936648583
45.31,-18.0,5.478260869565219,0.0,0.0,55.14935367851797,-0.3521570143662509,0.11053033246213789,2.5590282667074256
45.32,-18.0,5.478260869565219,0.0,0.0,55.17487742357504,-0.35303421209395314,0.10996596788228552,2.558731448597466
45.33,-18.0,5.478260869565219,0.0,0.0,55.200395661498504,-0.35387216856621806,0.10946174370654527,2.558505003070333
45.34,-18.0,5.478260869565219,0.0,0.0,55.225908137745826,-0.3546711312344082,0.10901193861270964,2.558343662950695
45.35,-18.0,5.478260869565219,0.0,0.0,55.251414676290224,-0.35543154029322155,0.10861135435120728,2.5582423801203777
45.36,-18.0,5.478260869565219,0.0,0.0,55.27691516900076,-0.35615399958805516,0.10825527258853501,2.558196329695561
45.37,-18.0,5.478260869565219,0.0,0.0,55.30240956612313,-0.35683925058183075,0.10793941423739456,2.558200911724994
45.38,-18.0,5.478260869565219,0.0,0.0,55.32789786777298,-0.35748814913695215,0.10765990131706982,2.558251750765226
45.39,-18.0,5.478260869565219,0.0,0.0,55.35338011635665,-0.358101644881478,0.10741322138312098,2.558344693695426
45.4,-18.0,5.478260869565219,0.0,0.0,55.37885638983773,-0.3586807629387243,0.10719619454257384,2.5584758061224067
45.41,-18.0,5.478260869565219,0.0,0.0,55.40432679577153,-0.3592265878083414,0.10700594303796795,2.5586413677009965
45.42,-18.0,5.478260869565219,0.0,0.0,55.42979146603377,-0.3597402491957793,0.10683986334730355,2.5588378666603413
45.43,-18.0,5.478260869565219,0.0,0.0,55.45525055217447,-0.36022290959631675,0.10669560071196899,2.5590619937884047
45.44,-18.0,5.478260869565219,0.0,0.0,55.48070422133307,-0.3606757534501366,0.10657102597351203,2.5593106360865097
45.45,-18.0,5.478260869565219,0.0,0.0,55.50615265265591,-0.361099977695966,0.10646421457446742,2.55958087026659
45.46,-18.0,5.478260869565219,0.0,0.0,55.53159603416273,-0.3614967835628011,0.10637342755870705,2.559869956225929
45.47,-18.0,5.478260869565219,0.0,0.0,55.557034560014046,-0.36186736945188525,0.10629709439326546,2.560175330598867
45.48,-18.0,5.478260869565219,0.0,0.0,55.58246842813672,-0.3622129247745396,0.10623379742603828,2.5604946004516824
45.49,-18.0,5.478260869565219,0.0,0.0,55.607897838170004,-0.3625346246253829,0.10618225779226109,2.5608255371564006
45.5,-18.0,5.478260869565219,0.0,0.0,55.633322989699096,-0.36283362518491424,0.10614132258707282,2.561166070451455
45.51,-18.0,5.478260869565219,0.0,0.0,55.65874408074766,-0.3631110597601863,0.1061099531317462,2.5615142826726514
45.52,-18.0,5.478260869565219,0.0,0.0,55.6841613065046,-0.3633680353871389,0.10608721417708195,2.5618684031172507
45.53,-18.0,5.478260869565219,0.0,0.0,55.709574858263565,-0.3636056299326136,0.10607226390872349,2.562226802488811
45.54,-18.0,5.478260869565219,0.0,0.0,55.73498492255634,-0.36382488964782134,0.10606434464460857,2.5625879873608306
45.55,-18.0,5.478260869565219,0.0,0.0,55.76039168046318,-0.36402682713733103,0.10606277414322085,2.562950594594909
45.56,-18.0,5.478260869565219,0.0,0.0,55.785795307084406,-0.3642124197179579,0.10606693747063445,2.563313385654001
45.57,-18.0,5.478260869565219,0.0,0.0,55.811195971158384,-0.3643826081496402,0.1060762794022464,2.563675240763396
45.58,-18.0,5.478260869565219,0.0,0.0,55.83659383481103,-0.36453829572515883,0.10609029735900516,2.5640351528900736
45.59,-18.0,5.478260869565219,0.0,0.0,55.86198905342212,-0.3646803477071503,0.10610853489568067,2.5643922215334176
45.6,-18.0,5.478260869565219,0.0,0.0,55.88738177559319,-0.3648095910995419,0.10613057576862711,2.564745646344373
45.61,-18.0,5.478260869565219,0.0,0.0,55.91277214320187,-0.3649268147368039,0.10615603861190032,2.5650947206132475
45.62,-18.0,5.478260869565219,0.0,0.0,55.93816029152731,-0.36503276966905096,0.10618457224398964,2.5654388246859847
45.63,-18.0,5.478260869565219,0.0,0.0,55.96354634943169,-0.36512816981496066,0.10621585161434094,2.565777419382992
45.64,-18.0,5.478260869565219,0.0,0.0,55.98893043958358,-0.3652136928488594,0.1062495743813961,2.5661100395015444
45.65,-18.0,5.478260869565219,0.0,0.0,56.01431267870991,-0.36528998128373114,0.10628545809501544,2.566436287483352
45.66,-18.0,5.478260869565219,0.0,0.0,56.03969317786482,-0.3653576437092525,0.10632323793813675,2.566755827322368
45.67,-18.0,5.478260869565219,0.0,0.0,56.06507204270515,-0.36541725614329135,0.10636266496776187,2.5670683787767974
45.68,-18.0,5.478260869565219,0.0,0.0,56.090449373764436,-0.3654693634567652,0.10640350478508909,2.5673737119346165
45.69,-18.0,5.478260869565219,0.0,0.0,56.11582526671889,-0.365514480835071,0.10644553655945949,2.5676716421656773
45.7,-18.0,5.478260869565219,0.0,0.0,56.14119981264068,-0.36555309524389856,0.10648855233071397,2.5679620254777302
45.71,-18.0,5.478260869565219,0.0,0.0,56.16657309823545,-0.36558566687276994,0.10653235651867926,2.5682447542790663
45.72,-18.0,5.478260869565219,0.0,0.0,56.19194520606257,-0.36561263053548454,0.10657676557590268,2.5685197535383497
45.73,-18.0,5.478260869565219,0.0,0.0,56.21731621473737,-0.3656343970123135,0.1066216077292238,2.5687869773229077
45.74,-18.0,5.478260869565219,0.0,0.0,56.242686199115994,-0.3656513543240423,0.10666672276611094,2.5690464056900595
45.75,-18.0,5.478260869565219,0.0,0.0,56.26805523046369,-0.36566386893246805,0.10671196183204901,2.5692980419021034
45.76,-18.0,5.478260869565219,0.0,0.0,56.293423376608146,-0.365672286865665,0.10675718721488486,2.569541909933818
45.77,-18.0,5.478260869565219,0.0,0.0,56.31879070207952,-0.36567693476919594,0.10680227210044874,2.5697780522412246
45.78,-18.0,5.478260869565219,0.0,0.0,56.34415726823888,-0.36567812088650165,0.10684710029080197,2.5700065277617306
45.79,-18.0,5.478260869565219,0.0,0.0,56.36952313339696,-0.36567613597309157,0.10689156588194593,2.570227410117726
45.8,-18.0,5.478260869565219,0.0,0.0,56.39488835292473,-0.36567125414992185,0.1069355729019712,2.5704407859984335
45.81,-18.0,5.478260869565219,0.0,0.0,56.4202529793574,-0.3656637337016755,0.10697903491347455,2.5706467536975617
45.82,-18.0,5.478260869565219,0.0,0.0,56.4456170624931,-0.3656538178256403,0.10702187458587042,2.570845421787139
45.83,-18.0,5.478260869565219,0.0,0.0,56.47098064948739,-0.3656417353365884,0.10706402324420389,2.5710369079106377
45.84,-18.0,5.478260869565219,0.0,0.0,56.49634378494449,-0.36562770133265055,0.10710542040137033,2.5712213376809347
45.85,-18.0,5.478260869565219,0.0,0.0,56.521706511006,-0.3656119178266468,0.10714601328050483,2.5713988436708854
45.86,-18.0,5.478260869565219,0.0,0.0,56.54706886743759,-0.3655945743467963,0.1071857563338176,2.5715695644861554
45.87,-18.0,5.478260869565219,0.0,0.0,56.57243089171418,-0.36557584851016256,0.10722461076350942,2.5717336439116787
45.88,-18.0,5.478260869565219,0.0,0.0,56.59779261910384,-0.3655559065716729,0.10726254404961294,2.5718912301244323
45.89,-18.0,5.478260869565219,0.0,0.0,56.623154082750624,-0.36553490395108135,0.10729952948881633,2.5720424749663753
45.9,-18.0,5.478260869565219,0.0,0.0,56.648515313756356,-0.36551298573979873,0.10733554574754867,2.5721875332724045
45.91,-18.0,5.478260869565219,0.0,0.0,56.67387634126153,-0.36549028718916166,0.10737057643186804,2.5723265622488865
45.92,-18.0,5.478260869565219,0.0,0.0,56.69923719252519,-0.36546693418139387,0.10740460967603371,2.572459720898991
45.93,-18.0,5.478260869565219,0.0,0.0,56.724597893003725,-0.36544304368424774,0.10743763775106324,2.5725871694915434
45.94,-18.0,5.478260869565219,0.0,0.0,56.74995846642865,-0.3654187241901279,0.10746965669405506,2.572709069070464
45.95,-18.0,5.478260869565219,0.0,0.0,56.77531893488304,-0.3653940761402654,0.10750066595869257,2.5728255810023954
45.96,-18.0,5.478260869565219,0.0,0.0,56.80067931887666,-0.36536919233446974,0.10753066808690903,2.5729368665600396
45.97,-18.0,5.478260869565219,0.0,0.0,56.82603963741967,-0.36534415832681244,0.10755966840149722,2.573043086539248
45.98,-18.0,5.478260869565219,0.0,0.0,56.85139990809472,-0.36531905280755783,0.10758767471917458,2.573144400907887
45.99,-18.0,5.478260869565219,0.0,0.0,56.87676014712739,-0.3652939479715789,0.1076146970834918,2.5732409684847903
46.0,-18.0,5.478260869565219,0.0,0.0,56.902120369454856,-0.36526890987350713,0.10764074751679292,2.573332946647004
46.01,-18.0,5.478260869565219,0.0,0.0,56.92748058879272,-0.36524399876979885,0.10766583979040018,2.573420491063841
46.02,-18.0,5.478260869565219,0.0,0.0,56.952840817699894,-0.3652192694478906,0.10768998921214162,2.5735037554563056
46.03,-18.0,5.478260869565219,0.0,0.0,56.97820106764151,-0.3651947715426662,0.1077132124302595,2.573582891380353
46.04,-18.0,5.478260869565219,0.0,0.0,57.00356134904978,-0.3651705498404074,0.10773552725277963,2.573658048032698
46.05,-18.0,5.478260869565219,0.0,0.0,57.02892167138283,-0.3651466445704181,0.10775695248141864,2.573729372077905
46.06,-18.0,5.478260869565219,0.0,0.0,57.05428204318137,-0.3651230916845556,0.10777750775909706,2.5737970074954553
46.07,-18.0,5.478260869565219,0.0,0.0,57.079642472123275,-0.3650999231248684,0.10779721343018861,2.5738610954456433
46.08,-18.0,5.478260869565219,0.0,0.0,57.105002965076125,-0.36507716707960025,0.10781609041263451,2.5739217741531046
46.09,-18.0,5.478260869565219,0.0,0.0,57.130363528147505,-0.36505484822777534,0.10783416008113561,2.573979178806969
46.1,-18.0,5.478260869565219,0.0,0.0,57.155724166733336,-0.3650329879726675,0.10785144416060816,2.5740334414764288
46.11,-18.0,5.478260869565219,0.0,0.0,57.18108488556405,-0.36501160466437765,0.1078679646292181,2.5740846910408988
46.12,-18.0,5.478260869565219,0.0,0.0,57.206445688748744,-0.3649907138118391,0.10788374363026204,2.5741330531336186
46.13,-18.0,5.478260869565219,0.0,0.0,57.23180657981736,-0.36497032828452447,0.10789880339226837,2.5741786500978643
46.14,-18.0,5.478260869565219,0.0,0.0,57.257167561760824,-0.36495045850414587,0.10791316615671298,2.5742216009548677
46.15,-18.0,5.478260869565219,0.0,0.0,57.282528637069326,-0.36493111262667033,0.10792685411276659,2.5742620213825447
46.16,-18.0,5.478260869565219,0.0,0.0,57.30788980776869,-0.36491229671493763,0.10793988933856358,2.5743000237042777
46.17,-18.0,5.478260869565219,0.0,0.0,57.333251075454896,-0.36489401490219864,0.10795229374848969,2.5743357168869525
46.18,-18.0,5.478260869565219,0.0,0.0,57.358612441326876,-0.36487626954689834,0.10796408904602345,2.5743692065474777
46.19,-18.0,5.478260869565219,0.0,0.0,57.383973906217534,-0.36485906137899327,0.10797529668172223,2.574400594967155
46.2,-18.0,5.478260869565219,0.0,0.0,57.409335470623155,-0.36484238963814075,0.10798593781593441,2.5744299811131426
46.21,-18.0,5.478260869565219,0.0,0.0,57.43469713473115,-0.3648262522040364,0.10799603328590124,2.5744574606665127
46.22,-18.0,5.478260869565219,0.0,0.0,57.46005889844631,-0.3648106457192519,0.10800560357686328,2.574483126056123
46.23,-18.0,5.478260869565219,0.0,0.0,57.485420761415504,-0.3647955657048252,0.10801466879690463,2.5745070664979393
46.24,-18.0,5.478260869565219,0.0,0.0,57.510782723050994,-0.36478100666895363,0.10802324865518825,2.5745293680390695
46.25,-18.0,5.478260869565219,0.0,0.0,57.536144782552356,-0.36476696220903837,0.10803136244335992,2.5745501136062012
46.26,-18.0,5.478260869565219,0.0,0.0,57.56150693892707,-0.3647534251073985,0.10803902901982826,2.5745693830578187
46.27,-18.0,5.478260869565219,0.0,0.0,57.58686919100986,-0.36474038742092785,0.10804626679670182,2.574587253239814
46.28,-18.0,5.478260869565219,0.0,0.0,57.61223153748083,-0.364727840564959,0.10805309372917227,2.5746037980441114
46.29,-18.0,5.478260869565219,0.0,0.0,57.637593976882414,-0.36471577539162303,0.10805952730712054,2.5746190884698197
46.3,-18.0,5.478260869565219,0.0,0.0,57.66295650763527,-0.3647041822629551,0.10806558454876808,2.5746331926866097
46.31,-18.0,5.478260869565219,0.0,0.0,57.68831912805309,-0.3646930511189861,0.10807128199621413,2.5746461761000132
46.32,-18.0,5.478260869565219,0.0,0.0,57.71368183635641,-0.36468237154110184,0.10807663571265586,2.5746581014181826
46.33,-18.0,5.478260869565219,0.0,0.0,57.7390446306855,-0.3646721328108684,0.10808166128118318,2.574669028719981
46.34,-18.0,5.478260869565219,0.0,0.0,57.76440750911232,-0.36466232396458054,0.1080863738049796,2.5746790155240102
46.35,-18.0,5.478260869565219,0.0,0.0,57.78977046965163,-0.3646529338437501,0.10809078790880505,2.574688116858353
46.36,-18.0,5.478260869565219,0.0,0.0,57.81513351027129,-0.3646439511417334,0.10809491774165125,2.574696385330839
46.37,-18.0,5.478260869565219,0.0,0.0,57.840496628901775,-0.36463536444673394,0.10809877698043285,2.574703871199523
46.38,-18.0,5.478260869565219,0.0,0.0,57.86585982344499,-0.36462716228135106,0.10810237883463075,2.57471062244326
46.39,-18.0,5.478260869565219,0.0,0.0,57.89122309178236,-0.3646193331388772,0.10810573605178281,2.574716684832164
46.4,-18.0,5.478260869565219,0.0,0.0,57.91658643178227,-0.36461186551653735,0.10810886092372102,2.574722101997731
46.41,-18.0,5.478260869565219,0.0,0.0,57.94194984130695,-0.364604747945829,0.10811176529348776,2.574726915502566
46.42,-18.0,5.478260869565219,0.0,0.0,57.96731331821869,-0.3645979690201411,0.10811446056284191,2.574731164909494
46.43,-18.0,5.478260869565219,0.0,0.0,57.9926768603856,-0.3645915174198182,0.10811695770028046,2.574734887849953
46.44,-18.0,5.478260869565219,0.0,0.0,58.01804046568677,-0.3645853819348064,0.10811926724952375,2.574738120091595
46.45,-18.0,5.478260869565219,0.0,0.0,58.04340413201699,-0.3645795514850514,0.10812139933838238,2.574740895604918
46.46,-18.0,5.478260869565219,0.0,0.0,58.06876785729105,-0.36457401513878374,0.10812336368794889,2.574743246628857
46.47,-18.0,5.478260869565219,0.0,0.0,58.094131639447546,-0.36456876212880496,0.10812516962208657,2.5747452037353273
46.48,-18.0,5.478260869565219,0.0,0.0,58.11949547645234,-0.3645637818669405,0.10812682607712737,2.574746795892517
46.49,-18.0,5.478260869565219,0.0,0.0,58.144859366301624,-0.3645590639567391,0.10812834161177354,2.5747480505270093
46.5,-18.0,5.478260869565219,0.0,0.0,58.170223307024614,-0.3645545982045728,0.10812972441712343,2.5747489935845502
46.51,-18.0,5.478260869565219,0.0,0.0,58.19558729668598,-0.3645503746292307,0.10813098232680401,2.5747496495894815
46.52,-18.0,5.478260869565219,0.0,0.0,58.220951333387916,-0.36454638347010393,0.10813212282717638,2.5747500417028077
46.53,-18.0,5.478260869565219,0.0,0.0,58.24631541527196,-0.3645426151940767,0.10813315306757076,2.574750191778839
46.54,-18.0,5.478260869565219,0.0,0.0,58.27167954052052,-0.3645390605012113,0.10813407987052454,2.5747501204203767
46.55,-18.0,5.478260869565219,0.0,0.0,58.297043707358206,-0.3645357103293132,0.10813490974200352,2.5747498470324612
46.56,-18.0,5.478260869565219,0.0,0.0,58.32240791405285,-0.36453255585746747,0.10813564888156868,2.5747493898746177
46.57,-18.0,5.478260869565219,0.0,0.0,58.34777215891644,-0.36452958850863015,0.1081363031924713,2.5747487661116053
46.58,-18.0,5.478260869565219,0.0,0.0,58.37313644030574,-0.364526799951328,0.10813687829166763,2.5747479918627154
46.59,-18.0,5.478260869565219,0.0,0.0,58.398500756622816,-0.3645241821005687,0.10813737951971475,2.574747082249536
46.6,-18.0,5.478260869565219,0.0,0.0,58.423865106315326,-0.36452172711800346,0.10813781195054872,2.574746051442256
46.61,-18.0,5.478260869565219,0.0,0.0,58.44922948787675,-0.3645194274114354,0.10813818040110368,2.5747449127044204
46.62,-18.0,5.478260869565219,0.0,0.0,58.47459389984639,-0.36451727563368364,0.10813848944080867,2.5747436784363242
46.63,-18.0,5.478260869565219,0.0,0.0,58.49995834080931,-0.36451526468092244,0.10813874340088742,2.5747423602168236
46.64,-18.0,5.478260869565219,0.0,0.0,58.525322809396116,-0.3645133876904951,0.10813894638350208,2.574740968843787
46.65,-18.0,5.478260869565219,0.0,0.0,58.55068730428268,-0.36451163803828357,0.10813910227070556,2.5747395143730722
46.66,-18.0,5.478260869565219,0.0,0.0,58.57605182418971,-0.3645100093356599,0.10813921473320787,2.5747380061561445
46.67,-18.0,5.478260869565219,0.0,0.0,58.60141636788228,-0.36450849542609,0.1081392872389294,2.574736452876231
46.68,-18.0,5.478260869565219,0.0,0.0,58.626780934169275,-0.3645070903813996,0.10813932306136576,2.574734862583186
46.69,-18.0,5.478260869565219,0.0,0.0,58.65214552190276,-0.3645057884977563,0.10813932528774106,2.574733242727005
46.7,-18.0,5.478260869565219,0.0,0.0,58.677510129977286,-0.3645045842914083,0.10813929682694173,2.5747316001900025
46.71,-18.0,5.478260869565219,0.0,0.0,58.702874757329155,-0.36450347249420134,0.10813924041724265,2.5747299413177296
46.72,-18.0,5.478260869565219,0.0,0.0,58.72823940293563,-0.36450244804890986,0.10813915863381679,2.574728271948646
46.73,-18.0,5.478260869565219,0.0,0.0,58.75360406581408,-0.36450150610440857,0.10813905389602785,2.574726597442565
46.74,-18.0,5.478260869565219,0.0,0.0,58.77896874502117,-0.36450064201072685,0.10813892847449347,2.5747249227078624
46.75,-18.0,5.478260869565219,0.0,0.0,58.804333439651906,-0.364499851313973,0.108138784497952,2.5747232522276158
46.76,-18.0,5.478260869565219,0.0,0.0,58.829698148838766,-0.3644991297511959,0.10813862395989432,2.5747215900845277
46.77,-18.0,5.478260869565219,0.0,0.0,58.855062871750725,-0.36449847324517326,0.10813844872498851,2.5747199399848
46.78,-18.0,5.478260869565219,0.0,0.0,58.88042760759232,-0.364497877899161,0.10813826053528652,2.57471830528092
46.79,-18.0,5.478260869565219,0.0,0.0,58.905792355602664,-0.3644973399916158,0.10813806101622048,2.574716688993414
46.8,-18.0,5.478260869565219,0.0,0.0,58.9311571150545,-0.3644968559709101,0.1081378516823891,2.5747150938316063
46.81,-18.0,5.478260869565219,0.0,0.0,58.95652188525321,-0.3644964224500491,0.10813763394313752,2.5747135222134028
46.82,-18.0,5.478260869565219,0.0,0.0,58.98188666553581,-0.3644960362014118,0.1081374091079334,2.5747119762841293
46.83,-18.0,5.478260869565219,0.0,0.0,59.007251455269994,-0.36449569415151606,0.10813717839154563,2.574710457934486
46.84,-18.0,5.478260869565219,0.0,0.0,59.03261625385316,-0.36449539337584547,0.10813694291901216,2.574708968817555
46.85,-18.0,5.478260869565219,0.0,0.0,59.05798106071143,-0.36449513109369747,0.10813670373044354,2.5747075103650814
46.86,-18.0,5.478260869565219,0.0,0.0,59.083345875298654,-0.3644949046631263,0.1081364617856056,2.574706083802814
46.87,-18.0,5.478260869565219,0.0,0.0,59.108710697095525,-0.36449471157593716,0.10813621796833606,2.574704690165125
46.88,-18.0,5.478260869565219,0.0,0.0,59.13407552560858,-0.36449454945276294,0.10813597309077833,2.5747033303088696
46.89,-18.0,5.478260869565219,0.0,0.0,59.15944036036929,-0.36449441603822264,0.1081357278974378,2.574702004926507
46.9,-18.0,5.478260869565219,0.0,0.0,59.18480520093314,-0.364494309196175,0.10813548306906146,2.5747007145585066
46.91,-18.0,5.478260869565219,0.0,0.0,59.210170046878744,-0.36449422690505995,0.10813523922636015,2.574699459605116
46.92,-18.0,5.478260869565219,0.0,0.0,59.23553489780693,-0.3644941672533404,0.10813499693356299,2.5746982403374585
46.93,-18.0,5.478260869565219,0.0,0.0,59.2608997533399,-0.36449412843505424,0.10813475670180894,2.5746970569079997
46.94,-18.0,5.478260869565219,0.0,0.0,59.28626461312037,-0.3644941087454563,0.10813451899239679,2.5746959093604627
46.95,-18.0,5.478260869565219,0.0,0.0,59.31162947681077,-0.36449410657678616,0.10813428421987287,2.5746947976391192
46.96,-18.0,5.478260869565219,0.0,0.0,59.33699434409238,-0.36449412041412255,0.10813405275499433,2.574693721597616
46.97,-18.0,5.478260869565219,0.0,0.0,59.36235921466459,-0.3644941488313782,0.10813382492752577,2.574692681007171
46.98,-18.0,5.478260869565219,0.0,0.0,59.387724088244106,-0.3644941904873762,0.1081336010289316,2.5746916755643956
46.99,-18.0,5.478260869565219,0.0,0.0,59.4130889645642,-0.364494244122068,0.1081333813149088,2.5746907048985266
47.0,-18.0,5.478260869565219,0.0,0.0,59.438453843374006,-0.3644943085528385,0.10813316600782014,2.5746897685783017
47.01,-18.0,5.478260869565219,0.0,0.0,59.463818724437786,-0.3644943826709477,0.10813295529898487,2.5746888661183283
47.02,-18.0,5.478260869565219,0.0,0.0,59.48918360753425,-0.3644944654380622,0.10813274935087258,2.574687996985113
47.03,-18.0,5.478260869565219,0.0,0.0,59.514548492455916,-0.364494555882926,0.1081325482991593,2.5746871606026063
47.04,-18.0,5.478260869565219,0.0,0.0,59.539913379008425,-0.3644946530981126,0.10813235225470691,2.5746863563574895
47.05,-18.0,5.478260869565219,0.0,0.0,59.56527826700995,-0.3644947562369134,0.10813216130540843,2.574685583603999
47.06,-18.0,5.478260869565219,0.0,0.0,59.59064315629059,-0.3644948645103223,0.10813197551795123,2.574684841668482
47.07,-18.0,5.478260869565219,0.0,0.0,59.61600804669176,-0.3644949771841248,0.1081317949394836,2.574684129853626
47.08,-18.0,5.478260869565219,0.0,0.0,59.64137293806568,-0.3644950935761113,0.10813161959917306,2.5746834474423292
47.09,-18.0,5.478260869565219,0.0,0.0,59.66673783027478,-0.3644952130533663,0.1081314495097026,2.574682793701382
47.1,-18.0,5.478260869565219,0.0,0.0,59.692102723191226,-0.3644953350296882,0.10813128466865884,2.5746821678847867
47.11,-18.0,5.478260869565219,0.0,0.0,59.717467616696375,-0.36449545896309377,0.10813112505984923,2.5746815692368568
47.12,-18.0,5.478260869565219,0.0,0.0,59.742832510680316,-0.3644955843534219,0.10813097065454624,2.5746809969950943
47.13,-18.0,5.478260869565219,0.0,0.0,59.768197405041406,-0.3644957107400426,0.10813082141264246,2.574680450392782
47.14,-18.0,5.478260869565219,0.0,0.0,59.79356229968582,-0.36449583769964833,0.10813067728375392,2.5746799286614186
47.15,-18.0,5.478260869565219,0.0,0.0,59.81892719452711,-0.3644959648441455,0.10813053820824059,2.57467943103291
47.16,-18.0,5.478260869565219,0.0,0.0,59.844292089485826,-0.3644960918186293,0.10813040411817354,2.5746789567415935
47.17,-18.0,5.478260869565219,0.0,0.0,59.869656984489076,-0.36449621829945444,0.10813027493822935,2.5746785050260503
47.18,-18.0,5.478260869565219,0.0,0.0,59.89502187947019,-0.36449634399238096,0.10813015058653608,2.5746780751307745
47.19,-18.0,5.478260869565219,0.0,0.0,59.92038677436835,-0.3644964686308074,0.10813003097545865,2.574677666307675
47.2,-18.0,5.478260869565219,0.0,0.0,59.94575166912823,-0.3644965919740786,0.10812991601233629,2.5746772778174374
47.21,-18.0,5.478260869565219,0.0,0.0,59.97111656369966,-0.36449671380588144,0.10812980560015978,2.57467690893071
47.22,-18.0,5.478260869565219,0.0,0.0,59.996481458037344,-0.3644968339327044,0.10812969963821167,2.5746765589291996
47.23,-18.0,5.478260869565219,0.0,0.0,60.02184635210054,-0.3644969521823769,0.10812959802265226,2.5746762271066133
47.24,-18.0,5.478260869565219,0.0,0.0,60.047211245852765,-0.36449706840267293,0.10812950064707355,2.5746759127695173
47.25,-18.0,5.478260869565219,0.0,0.0,60.07257613926154,-0.3644971824599892,0.1081294074029992,2.5746756152380503
47.26,-18.0,5.478260869565219,0.0,0.0,60.09794103229812,-0.364497294238078,0.10812931818036076,2.5746753338465838
47.27,-18.0,5.478260869565219,0.0,0.0,60.12330592493723,-0.3644974036368618,0.10812923286791992,2.574675067944223
47.28,-18.0,5.478260869565219,0.0,0.0,60.14867081715686,-0.36449751057128577,0.10812915135367446,2.574674816895299
47.29,-18.0,5.478260869565219,0.0,0.0,60.17403570893804,-0.3644976149702488,0.10812907352521706,2.574674580079714
47.3,-18.0,5.478260869565219,0.0,0.0,60.199400600264596,-0.3644977167755734,0.10812899927007746,2.574674356893272
47.31,-18.0,5.478260869565219,0.0,0.0,60.22476549112297,-0.3644978159410488,0.10812892847601852,2.5746741467478755
47.32,-18.0,5.478260869565219,0.0,0.0,60.250130381502046,-0.36449791243150775,0.10812886103132185,2.5746739490717205
47.33,-18.0,5.478260869565219,0.0,0.0,60.275495271392934,-0.36449800622196626,0.10812879682503806,2.574673763309394
47.34,-18.0,5.478260869565219,0.0,0.0,60.30086016078882,-0.36449809729680216,0.10812873574721749,2.574673588921945
47.35,-18.0,5.478260869565219,0.0,0.0,60.32622504968481,-0.3644981856489884,0.10812867768911405,2.574673425386877
47.36,-18.0,5.478260869565219,0.0,0.0,60.351589938077744,-0.36449827127936274,0.1081286225433728,2.5746732721981225
47.37,-18.0,5.478260869565219,0.0,0.0,60.3769548259661,-0.364498354195947,0.10812857020419181,2.5746731288659523
47.38,-18.0,5.478260869565219,0.0,0.0,60.40231971334983,-0.3644984344132973,0.10812852056747352,2.5746729949168814
47.39,-18.0,5.478260869565219,0.0,0.0,60.42768460023023,-0.3644985119518991,0.10812847353095412,2.5746728698935155
47.4,-18.0,5.478260869565219,0.0,0.0,60.453049486609814,-0.3644985868376003,0.10812842899431407,2.574672753354367
47.41,-18.0,5.478260869565219,0.0,0.0,60.47841437249223,-0.36449865910107726,0.10812838685927628,2.574672644873646
47.42,-18.0,5.478260869565219,0.0,0.0,60.50377925788213,-0.36449872877732936,0.1081283470296962,2.574672544041056
47.43,-18.0,5.478260869565219,0.0,0.0,60.529144142785064,-0.36449879590521506,0.10812830941162765,2.5746724504615197
47.44,-18.0,5.478260869565219,0.0,0.0,60.554509027207416,-0.36449886052701364,0.10812827391338187,2.574672363754912
47.45,-18.0,5.478260869565219,0.0,0.0,60.579873911156284,-0.3644989226880102,0.108128240445583,2.5746722835558007
47.46,-18.0,5.478260869565219,0.0,0.0,60.60523879463941,-0.36449898243611933,0.10812820892119818,2.574672209513116
47.47,-18.0,5.478260869565219,0.0,0.0,60.630603677665114,-0.364499039821528,0.10812817925556945,2.574672141289853
47.48,-18.0,5.478260869565219,0.0,0.0,60.65596856024221,-0.3644990948963658,0.10812815136643034,2.574672078562739
47.49,-18.0,5.478260869565219,0.0,0.0,60.68133344237994,-0.3644991477143926,0.10812812517392267,2.5746720210219225
47.5,-18.0,5.478260869565219,0.0,0.0,60.70669832408792,-0.3644991983307193,0.1081281006005968,2.574671968370618
47.51,-18.0,5.478260869565219,0.0,0.0,60.732063205376065,-0.3644992468015382,0.10812807757141091,2.574671920324774
47.52,-18.0,5.478260869565219,0.0,0.0,60.75742808625456,-0.36449929318388685,0.10812805601371839,2.574671876612708
47.53,-18.0,5.478260869565219,0.0,0.0,60.78279296673381,-0.36449933753541686,0.10812803585725611,2.574671836974767
47.54,-18.0,5.478260869565219,0.0,0.0,60.80815784682434,-0.3644993799141849,0.10812801703412933,2.5746718011629963
47.55,-18.0,5.478260869565219,0.0,0.0,60.83352272653684,-0.36449942037847105,0.10812799947877744,2.5746717689407417
47.56,-18.0,5.478260869565219,0.0,0.0,60.85888760588206,-0.36449945898659886,0.10812798312795191,2.574671740082328
47.57,-18.0,5.478260869565219,0.0,0.0,60.88425248487079,-0.36449949579677265,0.10812796792068735,2.5746717143727142
47.58,-18.0,5.478260869565219,0.0,0.0,60.90961736351385,-0.36449953086694187,0.10812795379825707,2.5746716916071155
47.59,-18.0,5.478260869565219,0.0,0.0,60.934982241822034,-0.36449956425466024,0.10812794070414344,2.574671671590685
47.6,-18.0,5.478260869565219,0.0,0.0,60.96034711980609,-0.3644995960169717,0.10812792858399217,2.574671654138157
47.61,-18.0,5.478260869565219,0.0,0.0,60.9857119974767,-0.36449962621030196,0.10812791738556976,2.574671639073507
47.62,-18.0,5.478260869565219,0.0,0.0,61.01107687484445,-0.3644996548903561,0.10812790705872494,2.5746716262296445
47.63,-18.0,5.478260869565219,0.0,0.0,61.03644175191982,-0.3644996821120432,0.10812789755532953,2.574671615448038
47.64,-18.0,5.478260869565219,0.0,0.0,61.06180662871315,-0.36449970792939057,0.10812788882924224,2.5746716065784336
47.65,-18.0,5.478260869565219,0.0,0.0,61.08717150523465,-0.36449973239548017,0.10812788083625241,2.5746715994785156
47.66,-18.0,5.478260869565219,0.0,0.0,61.11253638149436,-0.364499755562387,0.10812787353403469,2.57467159401361
47.67,-18.0,5.478260869565219,0.0,0.0,61.137901257502136,-0.36449977748112783,0.10812786688209669,2.5746715900563744
47.68,-18.0,5.478260869565219,0.0,0.0,61.16326613326767,-0.3644997982016216,0.10812786084172443,2.5746715874864923
47.69,-18.0,5.478260869565219,0.0,0.0,61.18863100880044,-0.3644998177726442,0.10812785537593733,2.574671586190402
47.7,-18.0,5.478260869565219,0.0,0.0,61.21399588410974,-0.3644998362418044,0.10812785044943074,2.574671586060996
47.71,-18.0,5.478260869565219,0.0,0.0,61.23936075920464,-0.3644998536555122,0.10812784602853043,2.5746715869973666
47.72,-18.0,5.478260869565219,0.0,0.0,61.264725634093985,-0.36449987005896656,0.10812784208113269,2.574671588904506
47.73,-18.0,5.478260869565219,0.0,0.0,61.29009050878643,-0.3644998854961341,0.10812783857666042,2.5746715916930722
47.74,-18.0,5.478260869565219,0.0,0.0,61.31545538329037,-0.364499900009738,0.10812783548601262,2.57467159527914
47.75,-18.0,5.478260869565219,0.0,0.0,61.340820257614,-0.3644999136412592,0.1081278327815069,2.574671599583927
47.76,-18.0,5.478260869565219,0.0,0.0,61.36618513176527,-0.36449992643092766,0.10812783043683533,2.574671604533575
47.77,-18.0,5.478260869565219,0.0,0.0,61.3915500057519,-0.3644999384177223,0.1081278284270184,2.5746716100589344
47.78,-18.0,5.478260869565219,0.0,0.0,61.41691487958139,-0.3644999496393837,0.10812782672834603,2.5746716160952983
47.79,-18.0,5.478260869565219,0.0,0.0,61.442279753261,-0.36449996013241304,0.10812782531834048,2.5746716225822293
47.8,-18.0,5.478260869565219,0.0,0.0,61.46764462679775,-0.364499969932085,0.10812782417570588,2.574671629463336
47.81,-18.0,5.478260869565219,0.0,0.0,61.49300950019845,-0.3644999790724617,0.10812782328028098,2.574671636686065
47.82,-18.0,5.478260869565219,0.0,0.0,61.518374373469655,-0.3644999875864037,0.10812782261299742,2.5746716442015223
47.83,-18.0,5.478260869565219,0.0,0.0,61.54373924661773,-0.3644999955055961,0.10812782215582728,2.574671651964252
47.84,-18.0,5.478260869565219,0.0,0.0,61.5691041196488,-0.36450000286054873,0.10812782189175707,2.574671659932121
47.85,-18.0,5.478260869565219,0.0,0.0,61.59446899256876,-0.3645000096806341,0.10812782180472902,2.5746716680660824
47.86,-18.0,5.478260869565219,0.0,0.0,61.6198338653833,-0.36450001599409987,0.10812782187960779,2.5746716763300395
47.87,-18.0,5.478260869565219,0.0,0.0,61.645198738097896,-0.36450002182808916,0.10812782210214328,2.5746716846906907
47.88,-18.0,5.478260869565219,0.0,0.0,61.670563610717814,-0.36450002720867003,0.10812782245892577,2.5746716931173594
47.89,-18.0,5.478260869565219,0.0,0.0,61.69592848324812,-0.36450003216085713,0.10812782293735107,2.574671701581851
47.9,-18.0,5.478260869565219,0.0,0.0,61.721293355693675,-0.36450003670863484,0.10812782352558564,2.5746717100583214
47.91,-18.0,5.478260869565219,0.0,0.0,61.74665822805914,-0.36450004087497834,0.10812782421253542,2.574671718523157
47.92,-18.0,5.478260869565219,0.0,0.0,61.772023100348996,-0.36450004468189556,0.10812782498779622,2.574671726954786
47.93,-18.0,5.478260869565219,0.0,0.0,61.79738797256752,-0.36450004815043147,0.10812782584164177,2.5746717353336384
47.94,-18.0,5.478260869565219,0.0,0.0,61.82275284471883,-0.36450005130071617,0.10812782676497096,2.5746717436419457
47.95,-18.0,5.478260869565219,0.0,0.0,61.84811771680684,-0.36450005415197273,0.10812782774929591,2.574671751863702
47.96,-18.0,5.478260869565219,0.0,0.0,61.873482588835316,-0.3645000567225578,0.10812782878669713,2.574671759984498
47.97,-18.0,5.478260869565219,0.0,0.0,61.89884746080784,-0.36450005902998006,0.10812782986980346,2.574671767991457
47.98,-18.0,5.478260869565219,0.0,0.0,61.92421233272785,-0.36450006109093125,0.10812783099176182,2.5746717758731203
47.99,-18.0,5.478260869565219,0.0,0.0,61.9495772045986,-0.3645000629213109,0.10812783214620941,2.574671783619356
48.0,-18.0,5.478260869565219,0.0,0.0,61.974942076423204,-0.3645000645362515,0.10812783332725073,2.574671791221277
48.01,-18.0,7.043478260869566,0.0,0.0,62.000517811765086,-0.3623918124896983,0.23144036492285236,2.5696405263587443
48.02,-18.0,7.043478260869566,0.0,0.0,62.02628318415097,-0.3607620663162907,0.22157810622980195,2.5646856679158754
48.03,-18.0,7.043478260869566,0.0,0.0,62.05221874860158,-0.3595551095674441,0.212471423855848,2.5598355321858244
48.04,-18.0,7.043478260869566,0.0,0.0,62.078306717174534,-0.3587202184646694,0.20407062514496732,2.555114165553139
48.05,-18.0,7.043478260869566,0.0,0.0,62.10453084045851,-0.3582113383216865,0.19632852979993876,2.5505416572323703
48.06,-18.0,7.043478260869566,0.0,0.0,62.13087629534519,-0.35798675686615944,0.1892004161314843,2.5461344568732547
48.07,-18.0,7.043478260869566,0.0,0.0,62.157329579180676,-0.3580087822529552,0.18264395644697162,2.5419056911786875
48.08,-18.0,7.043478260869566,0.0,0.0,62.1838784102426,-0.3582434311313967,0.17661914564667058,2.5378654749494336
48.09,-18.0,7.043478260869566,0.0,0.0,62.210511634384865,-0.3586601303032293,0.17108822580596406,2.5340212129727857
48.1,-18.0,7.043478260869566,0.0,0.0,62.23721913762548,-0.3592314341511491,0.16601560859795572,2.530377889992663
48.11,-18.0,7.043478260869566,0.0,0.0,62.26399176441327,-0.3599327590206194,0.16136779676975216,2.5269383466938002
48.12,-18.0,7.043478260869566,0.0,0.0,62.29082124128898,-0.36074213501256547,0.15711330544968494,2.523703540236069
48.13,-18.0,7.043478260869566,0.0,0.0,62.31770010564955,-0.3616399751215491,0.15322258375826175,2.520672788397517
48.14,-18.0,7.043478260869566,0.0,0.0,62.34462163932761,-0.36260886128077985,0.14966793695910352,2.5178439968155093
48.15,-18.0,7.043478260869566,0.0,0.0,62.371579806709406,-0.3636333466161523,0.14642344917765532,2.515213869134649
48.16,-18.0,7.043478260869566,0.0,0.0,62.398569197131096,-0.3646997730458299,0.14346490653040378,2.512778100066477
48.17,-18.0,7.043478260869566,0.0,0.0,62.425584971313874,-0.3657961032785395,0.14076972037569585,2.51053155145485
48.18,-18.0,7.043478260869566,0.0,0.0,62.452622811619335,-0.36691176625410327,0.13831685036547908,2.508468411467738
48.19,-18.0,7.043478260869566,0.0,0.0,62.47967887592511,-0.36803751511977323,0.13608672708054936,2.506582337068717
48.2,-18.0,7.043478260869566,0.0,0.0,62.506749754934006,-0.3691652969241206,0.1340611742673889,2.5048665800218375
48.21,-18.0,7.043478260869566,0.0,0.0,62.53383243273613,-0.37028813330831234,0.13222333101302697,2.5033140968877308
48.22,-18.0,7.043478260869566,0.0,0.0,62.56092425044348,-0.3714000115551097,0.1305575745103844,2.5019176437679285
48.23,-18.0,7.043478260869566,0.0,0.0,62.58802287271151,-0.3724957853988875,0.12904944428843135,2.500669856899415
48.24,-18.0,7.043478260869566,0.0,0.0,62.61512625695719,-0.37357108500018543,0.12768556884222848,2.4995633205156724
48.25,-18.0,7.043478260869566,0.0,0.0,62.64223262507922,-0.3746222354546209,0.12645359548077928,2.4985906236025497
48.26,-18.0,7.043478260869566,0.0,0.0,62.669340437488785,-0.37564618315934517,0.12534212395125227,2.497744407237811
48.27,-18.0,7.043478260869566,0.0,0.0,62.696448369266605,-0.3766404293232075,0.12434064407126866,2.497017404109166
48.28,-18.0,7.043478260869566,0.0,0.0,62.72355528827556,-0.3776029698979326,0.12343947728978699,2.4964024715890374
48.29,-18.0,7.043478260869566,0.0,0.0,62.75066023507472,-0.37853224123389184,0.1226297218676154,2.4958926194658275
48.3,-18.0,7.043478260869566,0.0,0.0,62.7777624044981,-0.37942707082238103,0.12190320125124071,2.495481033150933
48.31,-18.0,7.043478260869566,0.0,0.0,62.804861128777986,-0.3802866325652028,0.12125241520411861,2.4951610929461037
48.32,-18.0,7.043478260869566,0.0,0.0,62.83195586210643,-0.3811104060983208,0.12067049332817614,2.4949263897888705
48.33,-18.0,7.043478260869566,0.0,0.0,62.85904616653938,-0.381898139777185,0.12015115071665228,2.494770737796435
48.34,-18.0,7.043478260869566,0.0,0.0,62.88613169915553,-0.38264981699943257,0.11968864559241071,2.494688183885947
48.35,-18.0,7.043478260869566,0.0,0.0,62.913212200387505,-0.38336562559293497,0.11927773887947374,2.4946730147413327
48.36,-18.0,7.043478260869566,0.0,0.0,62.94028748344655,-0.38404593003413834,0.11891365571813489,2.4947197614047694
48.37,-18.0,7.043478260869566,0.0,0.0,62.96735742476471,-0.3846912462861698,0.11859204896410203,2.4948232017797136
48.38,-18.0,7.043478260869566,0.0,0.0,62.99442195538111,-0.38530221906198014,0.1183089647146256,2.49497836133316
48.39,-18.0,7.043478260869566,0.0,0.0,63.02148105320148,-0.38587960132812493,0.11806080988769813,2.495180512274659
48.4,-18.0,7.043478260869566,0.0,0.0,63.04853473606295,-0.3864242358728771,0.11784432185225113,2.4954251714673337
48.41,-18.0,7.043478260869566,0.0,0.0,63.075583055539596,-0.38693703876982166,0.11765654007561543,2.4957080972954047
48.42,-18.0,7.043478260869566,0.0,0.0,63.102626091427865,-0.3874189845765583,0.11749477972468891,2.496025285675531
48.43,-18.0,7.043478260869566,0.0,0.0,63.12966394685491,-0.3878710931179157,0.11735660713347706,2.4963729653602025
48.44,-18.0,7.043478260869566,0.0,0.0,63.15669674395693,-0.388294417714417,0.11723981703402409,2.4967475926433353
48.45,-18.0,7.043478260869566,0.0,0.0,63.18372462007838,-0.3886900347292519,0.11714241144114923,2.4971458455444315
48.46,-18.0,7.043478260869566,0.0,0.0,63.21074772444681,-0.38905903432018896,0.11706258008340786,2.497564617520447
48.47,-18.0,7.043478260869566,0.0,0.0,63.23776621528101,-0.389402512295862,0.11699868228202209,2.498001010735944
48.48,-18.0,7.043478260869566,0.0,0.0,63.26478025729337,-0.3897215629881656,0.11694923019378395,2.4984523289121507
48.49,-18.0,7.043478260869566,0.0,0.0,63.29179001954942,-0.3900172730630098,0.1169128733508139,2.4989160697753148
48.5,-18.0,7.043478260869566,0.0,0.0,63.31879567364981,-0.39029071620023537,0.11688838444636956,2.4993899171316234
48.51,-18.0,7.043478260869566,0.0,0.0,63.34579739220132,-0.39054294857943295,0.11687464632940076,2.4998717326091686
48.52,-18.0,7.043478260869566,0.0,0.0,63.37279534754521,-0.39077500511195984,0.11687064017901588,2.500359547123309
48.53,-18.0,7.043478260869566,0.0,0.0,63.39978971071249,-0.39098789636073117,0.11687543483255802,2.500851552138142
48.54,-18.0,7.043478260869566,0.0,0.0,63.42678065057724,-0.39118260608906197,0.11688817723737671,2.5013460908103204
48.55,-18.0,7.043478260869566,0.0,0.0,63.45376833318061,-0.39136008937856115,0.11690808398767222,2.501841649110486
48.56,-18.0,7.043478260869566,0.0,0.0,63.480752921200086,-0.39152127125470537,0.11693443389555858,2.502336847020482
48.57,-18.0,7.043478260869566,0.0,0.0,63.50773457354069,-0.391667045757925,0.11696656153184731,2.502830429901066
48.58,-18.0,7.043478260869566,0.0,0.0,63.534713445027045,-0.3917982753983069,0.11700385165912985,2.5033212601157926
48.59,-18.0,7.043478260869566,0.0,0.0,63.561689686177665,-0.3919157909337372,0.11704573446928651,2.5038083089831757
48.6,-18.0,7.043478260869566,0.0,0.0,63.588663443045405,-0.3920203914145195,0.11709168153073002,2.504290649112725
48.61,-18.0,7.043478260869566,0.0,0.0,63.61563485711042,-0.3921128444419635,0.11714120234825531,2.504767447163239
48.62,-18.0,7.043478260869566,0.0,0.0,63.64260406521432,-0.392193886593994,0.11719384144003969,2.505237957044694
48.63,-18.0,7.043478260869566,0.0,0.0,63.669571199526395,-0.39226422397699334,0.11724917584172484,2.505701513569806
48.64,-18.0,7.043478260869566,0.0,0.0,63.696536387534735,-0.3923245328694398,0.1173068129557377,2.506157526548728
48.65,-18.0,7.043478260869566,0.0,0.0,63.72349975205664,-0.3923754604291496,0.11736638867405885,2.5066054753104803
48.66,-18.0,7.043478260869566,0.0,0.0,63.75046141126415,-0.3924176254417584,0.1174275657135303,2.5070449036276528
48.67,-18.0,7.043478260869566,0.0,0.0,63.77742147872163,-0.39245161909324167,0.11749003211377534,2.5074754150166747
48.68,-18.0,7.043478260869566,0.0,0.0,63.80438006343316,-0.3924780057537043,0.11755349985814595,2.507896668383886
48.69,-18.0,7.043478260869566,0.0,0.0,63.83133726989817,-0.3924973237633851,0.11761770358736495,2.5083083739871848
48.7,-18.0,7.043478260869566,0.0,0.0,63.85829319817428,-0.39251008621469174,0.1176823993835674,2.508710289684162
48.71,-18.0,7.043478260869566,0.0,0.0,63.885247943946474,-0.39251678172634064,0.11774736360904475,2.5091022174394815
48.72,-18.0,7.043478260869566,0.0,0.0,63.91220159860215,-0.3925178752073222,0.11781239178924435,2.509484000066568
48.73,-18.0,7.043478260869566,0.0,0.0,63.939154249311514,-0.392513808609549,0.1178772975336288,2.5098555181814253
48.74,-18.0,7.043478260869566,0.0,0.0,63.96610597911301,-0.3925050016688363,0.11794191149090111,2.5102166873488243
48.75,-18.0,7.043478260869566,0.0,0.0,63.993056867003425,-0.3924918526342589,0.11800608033722665,2.5105674554039425
48.76,-18.0,7.043478260869566,0.0,0.0,64.02000698803225,-0.392474738986218,0.11806966579734596,2.5109077999345724
48.77,-18.0,7.043478260869566,0.0,0.0,64.04695641340003,-0.39245401814360803,0.11813254369927173,2.511237725911166
48.78,-18.0,7.043478260869566,0.0,0.0,64.0739052105602,-0.39243002816042605,0.1181946030636497,2.511557263453882
48.79,-18.0,7.043478260869566,0.0,0.0,64.10085344332406,-0.39240308841208726,0.11825574522891874,2.5118664657272456
48.8,-18.0,7.043478260869566,0.0,0.0,64.12780117196837,-0.3923735002716382,0.11831588301324114,2.512165406954156
48.81,-18.0,7.043478260869566,0.0,0.0,64.15474845334528,-0.39234154777583985,0.11837493991401826,2.5124541805423637
48.82,-18.0,7.043478260869566,0.0,0.0,64.18169534099385,-0.3923074982810346,0.11843284934544052,2.5127328973171728
48.83,-18.0,7.043478260869566,0.0,0.0,64.20864188525306,-0.3922716031085942,0.11848955391419874,2.5130016838548164
48.84,-18.0,7.043478260869566,0.0,0.0,64.23558813337546,-0.39223409817962684,0.11854500473319624,2.513260680911661
48.85,-18.0,7.043478260869566,0.0,0.0,64.26253412964145,-0.39219520463859925,0.11859916077275923,2.5135100419446315
48.86,-18.0,7.043478260869566,0.0,0.0,64.28947991547341,-0.39215512946541065,0.11865198824865547,2.5137499317189294
48.87,-18.0,7.043478260869566,0.0,0.0,64.31642552954946,-0.39211406607552846,0.11870346004591137,2.513980524998959
48.88,-18.0,7.043478260869566,0.0,0.0,64.34337100791655,-0.3920721949076911,0.1187535551773406,2.514202005319039
48.89,-18.0,7.043478260869566,0.0,0.0,64.3703163841023,-0.3920296839987518,0.11880225827549218,2.5144145638303734
48.9,-18.0,7.043478260869566,0.0,0.0,64.39726168922554,-0.39198668954522287,0.1188495591166655,2.514618398221072
48.91,-18.0,7.043478260869566,0.0,0.0,64.42420695210514,-0.39194335645115697,0.11889545217552511,2.514813711705944
48.92,-18.0,7.043478260869566,0.0,0.0,64.45115219936685,-0.39189981886198266,0.11893993620886406,2.515000712083122
48.93,-18.0,7.043478260869566,0.0,0.0,64.47809745554802,-0.3918562006839652,0.11898301386704935,2.51517961085465
48.94,-18.0,7.043478260869566,0.0,0.0,64.5050427432,-0.3918126160890867,0.11902469133160704,2.5153506224079227
48.95,-18.0,7.043478260869566,0.0,0.0,64.53198808298791,-0.39176917000508893,0.11906497797753368,2.515513963255389
48.96,-18.0,7.043478260869566,0.0,0.0,64.55893349378792,-0.39172595859050774,0.11910388605891958,2.5156698513298372
48.97,-18.0,7.043478260869566,0.0,0.0,64.58587899278163,-0.3916830696946372,0.1191414304164582,2.5158185053324313
48.98,-18.0,7.043478260869566,0.0,0.0,64.61282459554768,-0.39164058330231066,0.11917762820557165,2.5159601441311565
48.99,-18.0,7.043478260869566,0.0,0.0,64.63977031615038,-0.39159857196351067,0.11921249864385541,2.516094986207072
49.0,-18.0,7.043478260869566,0.0,0.0,64.66671616722539,-0.3915571012078378,0.11924606277664246,2.516223249145964
49.01,-18.0,7.043478260869566,0.0,0.0,64.69366216006247,-0.39151622994392454,0.1192783432595324,2.51634514917302
49.02,-18.0,7.043478260869566,0.0,0.0,64.72060830468507,-0.3914760108438462,0.11930936415686078,2.516460900728481
49.03,-18.0,7.043478260869566,0.0,0.0,64.74755460992704,-0.39143649071279407,0.11933915075498208,2.516570716081636
49.04,-18.0,7.043478260869566,0.0,0.0,64.7745010835062,-0.3913977108440516,0.11936772938954648,2.5166748049815926
49.05,-18.0,7.043478260869566,0.0,0.0,64.80144773209506,-0.39135970735962333,0.11939512728573276,2.516773374342225
49.06,-18.0,7.043478260869566,0.0,0.0,64.8283945613885,-0.39132251153665276,0.11942137241069734,2.516866627959743
49.07,-18.0,7.043478260869566,0.0,0.0,64.85534157616858,-0.39128615011994183,0.1194464933374047,2.5169547662607887
49.08,-18.0,7.043478260869566,0.0,0.0,64.88228878036645,-0.3912506456208593,0.11947051911908535,2.5170379860791896
49.09,-18.0,7.043478260869566,0.0,0.0,64.90923617712147,-0.39121601660289285,0.11949347917368713,2.517116480459832
49.1,-18.0,7.043478260869566,0.0,0.0,64.93618376883762,-0.39118227795423444,0.11951540317759285,2.517190438487651
49.11,-18.0,7.043478260869566,0.0,0.0,64.9631315572372,-0.3911494411476588,0.11953632096807149,2.5172600451404072
49.12,-18.0,7.043478260869566,0.0,0.0,64.99007954341194,-0.3911175144880725,0.11955626245385786,2.517325481163552
49.13,-18.0,7.043478260869566,0.0,0.0,65.0170277278715,-0.39108650334806194,0.11957525753335391,2.517386922965784
49.14,-18.0,7.043478260869566,0.0,0.0,65.04397611058963,-0.39105641039182526,0.11959333601992295,2.517444542533744
49.15,-18.0,7.043478260869566,0.0,0.0,65.07092469104785,-0.39102723578779686,0.11961052757386598,2.5174985073647247
49.16,-18.0,7.043478260869566,0.0,0.0,65.09787346827689,-0.3909989774103797,0.11962686164058911,2.5175489804158677
49.17,-18.0,7.043478260869566,0.0,0.0,65.12482244089578,-0.3909716310310871,0.11964236739462214,2.517596120068891
49.18,-18.0,7.043478260869566,0.0,0.0,65.15177160714894,-0.39094519049952225,0.119657073689036,2.5176400801089036
49.19,-18.0,7.043478260869566,0.0,0.0,65.17872096494112,-0.3909196479145163,0.11967100900994504,2.517681009716369
49.2,-18.0,7.043478260869566,0.0,0.0,65.20567051187031,-0.390894993785758,0.11968420143578351,2.517719053471277
49.21,-18.0,7.043478260869566,0.0,0.0,65.23262024525881,-0.3908712171863469,0.119696678600967,2.517754351368212
49.22,-18.0,7.043478260869566,0.0,0.0,65.25957016218241,-0.3908483058965375,0.11970846766372256,2.517787038841726
49.23,-18.0,7.043478260869566,0.0,0.0,65.28652025949782,-0.3908262465390915,0.11971959527774262,2.5178172468008233
49.24,-18.0,7.043478260869566,0.0,0.0,65.31347053386838,-0.3908050247065038,0.119730087567471,2.517845101672028
49.25,-18.0,7.043478260869566,0.0,0.0,65.34042098178824,-0.3907846250805189,0.11973997010669696,2.5178707254499098
49.26,-18.0,7.043478260869566,0.0,0.0,65.36737159960484,-0.39076503154417486,0.11974926790031126,2.5178942357546763
49.27,-18.0,7.043478260869566,0.0,0.0,65.39432238354006,-0.3907462272867934,0.11975800536890951,2.517915745895727
49.28,-18.0,7.043478260869566,0.0,0.0,65.42127332970989,-0.39072819490213107,0.11976620633613494,2.5179353649409215
49.29,-18.0,7.043478260869566,0.0,0.0,65.44822443414276,-0.39071091648006373,0.11977389401849625,2.517953197790641
49.3,-18.0,7.043478260869566,0.0,0.0,65.47517569279657,-0.39069437369207605,0.11978109101750611,2.5179693452561835
49.31,-18.0,7.043478260869566,0.0,0.0,65.50212710157454,-0.39067854787084366,0.1197878193139657,2.517983904141933
49.32,-18.0,7.043478260869566,0.0,0.0,65.52907865633992,-0.39066342008419896,0.11979410026422338,2.5179969673307645
49.33,-18.0,7.043478260869566,0.0,0.0,65.5560303529295,-0.3906489712037302,0.11979995459827503,2.5180086238722836
49.34,-18.0,7.043478260869566,0.0,0.0,65.58298218716617,-0.39063518196830205,0.11980540241953741,2.518018959073364
49.35,-18.0,7.043478260869566,0.0,0.0,65.60993415487049,-0.390622033042753,0.11981046320615574,2.5180280545905567
49.36,-18.0,7.043478260869566,0.0,0.0,65.63688625187122,-0.3906095050719649,0.11981515581376884,2.5180359885242063
49.37,-18.0,7.043478260869566,0.0,0.0,65.66383847401512,-0.3905975787306506,0.11981949847950246,2.5180428355134628
49.38,-18.0,7.043478260869566,0.0,0.0,65.69079081717575,-0.39058623476893684,0.11982350882722942,2.5180486668324913
49.39,-18.0,7.043478260869566,0.0,0.0,65.7177432772616,-0.3905754540541322,0.11982720387381501,2.5180535504868686
49.4,-18.0,7.043478260869566,0.0,0.0,65.74469585022341,-0.39056521760874263,0.11983060003640617,2.518057551310523
49.41,-18.0,7.043478260869566,0.0,0.0,65.77164853206078,-0.39055550664504857,0.11983371314054952,2.5180607310624823
49.42,-18.0,7.043478260869566,0.0,0.0,65.79860131882819,-0.39054630259637957,0.11983655842911789,2.518063148523469
49.43,-18.0,7.043478260869566,0.0,0.0,65.82555420664029,-0.3905375871452945,0.1198391505719354,2.51806485959202
49.44,-18.0,7.043478260869566,0.0,0.0,65.8525071916767,-0.3905293422488607,0.1198415036760142,2.5180659173799045
49.45,-18.0,7.043478260869566,0.0,0.0,65.87946027018614,-0.3905215501611772,0.11984363129635789,2.5180663723067664
49.46,-18.0,7.043478260869566,0.0,0.0,65.90641343849026,-0.39051419345335137,0.11984554644721318,2.5180662721936407
49.47,-18.0,7.043478260869566,0.0,0.0,65.93336669298672,-0.3905072550310338,0.11984726161376846,2.518065662355451
49.48,-18.0,7.043478260869566,0.0,0.0,65.96032003015202,-0.39050071814971177,0.11984878876418198,2.5180645856921178
49.49,-18.0,7.043478260869566,0.0,0.0,65.98727344654378,-0.3904945664278847,0.11985013936191047,2.5180630827782786
49.5,-18.0,7.043478260869566,0.0,0.0,66.01422693880275,-0.39048878385827135,0.11985132437827128,2.5180611919514586
49.51,-18.0,7.043478260869566,0.0,0.0,66.04118050365437,-0.390483354817172,0.11985235430520053,2.5180589493986374
49.52,-18.0,7.043478260869566,0.0,0.0,66.06813413791,-0.39047826407209296,0.11985323916817892,2.5180563892412104
49.53,-18.0,7.043478260869566,0.0,0.0,66.0950878384678,-0.3904734967878223,0.1198539885392147,2.518053543617991
49.54,-18.0,7.043478260869566,0.0,0.0,66.1220416023135,-0.390469038530991,0.11985461154992211,2.5180504427665142
49.55,-18.0,7.043478260869566,0.0,0.0,66.14899542652064,-0.3904648752732758,0.11985511690461831,2.5180471151024184
49.56,-18.0,7.043478260869566,0.0,0.0,66.17594930825074,-0.3904609933933214,0.11985551289341995,2.5180435872969373
49.57,-18.0,7.043478260869566,0.0,0.0,66.20290324475317,-0.3904573796775255,0.11985580740527657,2.518039884352312
49.58,-18.0,7.043478260869566,0.0,0.0,66.22985723336488,-0.39045402131971096,0.11985600794096696,2.518036029675351
49.59,-18.0,7.043478260869566,0.0,0.0,66.25681127150985,-0.39045090591984266,0.11985612162597598,2.51803204514886
49.6,-18.0,7.043478260869566,0.0,0.0,66.28376535669838,-0.3904480214818078,0.11985615522328258,2.518027951201168
49.61,-18.0,7.043478260869566,0.0,0.0,66.31071948652634,-0.3904453564104122,0.1198561151459705,2.5180237668734646
49.62,-18.0,7.043478260869566,0.0,0.0,66.33767365867408,-0.3904428995075837,0.11985600746972175,2.5180195098852693
49.63,-18.0,7.043478260869566,0.0,0.0,66.3646278709054,-0.3904406399679339,0.11985583794509652,2.5180151966977165
49.64,-18.0,7.043478260869566,0.0,0.0,66.39158212106624,-0.39043856737366944,0.11985561200965805,2.51801084257497
49.65,-18.0,7.043478260869566,0.0,0.0,66.41853640708342,-0.39043667168899776,0.11985533479984573,2.518006461643442
49.66,-18.0,7.043478260869566,0.0,0.0,66.44549072696319,-0.3904349432539913,0.11985501116267655,2.5180020669492076
49.67,-18.0,7.043478260869566,0.0,0.0,66.47244507878968,-0.39043337277805357,0.11985464566718262,2.5179976705133065
49.68,-18.0,7.043478260869566,0.0,0.0,66.49939946072337,-0.39043195133297637,0.11985424261562783,2.517993283385169
49.69,-18.0,7.043478260869566,0.0,0.0,66.52635387099944,-0.39043067034567924,0.119853806054462,2.5179889156940534
49.7,-18.0,7.043478260869566,0.0,0.0,66.55330830792609,-0.39042952159063904,0.1198533397850367,2.51798457669866
49.71,-18.0,7.043478260869566,0.0,0.0,66.58026276988276,-0.3904284971820873,0.11985284737404506,2.517980274834807
49.72,-18.0,7.043478260869566,0.0,0.0,66.60721725531842,-0.3904275895659788,0.11985233216371594,2.517976017761359
49.73,-18.0,7.043478260869566,0.0,0.0,66.63417176274972,-0.390426791511822,0.11985179728170603,2.517971812404223
49.74,-18.0,7.043478260869566,0.0,0.0,66.66112629075921,-0.39042609610433043,0.11985124565076016,2.517967664998742
49.75,-18.0,7.043478260869566,0.0,0.0,66.6880808379935,-0.39042549673499183,0.11985067999807603,2.5179635811302767
49.76,-18.0,7.043478260869566,0.0,0.0,66.71503540316137,-0.3904249870935661,0.11985010286438796,2.5179595657730824
49.77,-18.0,7.043478260869566,0.0,0.0,66.74198998503196,-0.3904245611595121,0.11984951661279852,2.5179556233276275
49.78,-18.0,7.043478260869566,0.0,0.0,66.76894458243295,-0.39042421319341747,0.11984892343731035,2.5179517576562063
49.79,-18.0,7.043478260869566,0.0,0.0,66.79589919424865,-0.3904239377284022,0.11984832537110779,2.5179479721170916
49.8,-18.0,7.043478260869566,0.0,0.0,66.82285381941819,-0.390423729561556,0.11984772429455609,2.517944269597119
49.81,-18.0,7.043478260869566,0.0,0.0,66.84980845693373,-0.3904235837454295,0.11984712194291769,2.5179406525427384
49.82,-18.0,7.043478260869566,0.0,0.0,66.87676310583863,-0.3904234955795467,0.11984651991383638,2.5179371229897836
49.83,-18.0,7.043478260869566,0.0,0.0,66.90371776522566,-0.3904234606020276,0.11984591967452535,2.517933682591704
49.84,-18.0,7.043478260869566,0.0,0.0,66.93067243423525,-0.39042347458128845,0.11984532256870489,2.5179303326465017
49.85,-18.0,7.043478260869566,0.0,0.0,66.95762711205371,-0.3904235335078323,0.11984472982329558,2.5179270741224045
49.86,-18.0,7.043478260869566,0.0,0.0,66.98458179791163,-0.39042363358618415,0.11984414255483233,2.517923907682165
49.87,-18.0,7.043478260869566,0.0,0.0,67.01153649108205,-0.3904237712269034,0.11984356177567523,2.5179208337063255
49.88,-18.0,7.043478260869566,0.0,0.0,67.03849119087894,-0.39042394303879036,0.11984298839992091,2.5179178523150654
49.89,-18.0,7.043478260869566,0.0,0.0,67.06544589665552,-0.39042414582118856,0.11984242324912237,2.5179149633891105
49.9,-18.0,7.043478260869566,0.0,0.0,67.09240060780265,-0.3904243765564501,0.11984186705776528,2.5179121665894897
49.91,-18.0,7.043478260869566,0.0,0.0,67.11935532374736,-0.3904246324025893,0.11984132047848345,2.5179094613761053
49.92,-18.0,7.043478260869566,0.0,0.0,67.14631004395127,-0.39042491068604046,0.11984078408711257,2.5179068470255332
49.93,-18.0,7.043478260869566,0.0,0.0,67.17326476790917,-0.39042520889464183,0.11984025838746826,2.5179043226476
49.94,-18.0,7.043478260869566,0.0,0.0,67.20021949514752,-0.39042552467074865,0.11983974381595558,2.517901887201192
49.95,-18.0,7.043478260869566,0.0,0.0,67.2271742252231,-0.39042585580454836,0.11983924074594454,2.5178995395090444
49.96,-18.0,7.043478260869566,0.0,0.0,67.25412895772162,-0.3904262002275354,0.11983874949196455,2.5178972782717426
49.97,-18.0,7.043478260869566,0.0,0.0,67.28108369225644,-0.3904265560061724,0.11983827031369815,2.517895102080854
49.98,-18.0,7.043478260869566,0.0,0.0,67.30803842846726,-0.3904269213357261,0.1198378034197895,2.5178930094312872
49.99,-18.0,7.043478260869566,0.0,0.0,67.33499316601882,-0.3904272945342888,0.11983734897146847,2.517890998732867
50.0,-18.0,7.043478260869566,0.0,0.0,67.3619479045998,-0.3904276740369874,0.11983690708599043,2.5178890683211583
50.01,-18.0,7.043478260869566,0.0,0.0,67.38890264392158,-0.39042805839035033,0.11983647783992668,2.5178872164676736
50.02,-18.0,7.043478260869566,0.0,0.0,67.41585738371715,-0.39042844624688544,0.11983606127226226,2.517885441389303
50.03,-18.0,7.043478260869566,0.0,0.0,67.44281212373998,-0.3904288363597983,0.11983565738736868,2.5178837412572515
50.04,-18.0,7.043478260869566,0.0,0.0,67.469766863763,-0.3904292275779295,0.11983526615778467,2.517882114205212
50.05,-18.0,7.043478260869566,0.0,0.0,67.49672160357757,-0.3904296188408398,0.11983488752687316,2.5178805583370623
50.06,-18.0,7.043478260869566,0.0,0.0,67.5236763429925,-0.39043000917406756,0.1198345214113391,2.517879071734027
50.07,-18.0,7.043478260869566,0.0,0.0,67.55063108183313,-0.3904303976845813,0.11983416770358502,2.517877652461215
50.08,-18.0,7.043478260869566,0.0,0.0,67.5775858199404,-0.39043078355637206,0.11983382627396255,2.5178762985737797
50.09,-18.0,7.043478260869566,0.0,0.0,67.60454055716995,-0.3904311660462274,0.11983349697288215,2.51787500812254
50.1,-18.0,7.043478260869566,0.0,0.0,67.63149529339137,-0.3904315444796689,0.11983317963279805,2.5178737791591526
50.11,-18.0,7.043478260869566,0.0,0.0,67.6584500284873,-0.3904319182470457,0.11983287407008247,2.517872609740879
50.12,-18.0,7.043478260869566,0.0,0.0,67.6854047623527,-0.3904322867997756,0.11983258008679543,2.517871497934984
50.13,-18.0,7.043478260869566,0.0,0.0,67.71235949489414,-0.3904326496467567,0.11983229747232743,2.517870441822682
50.14,-18.0,7.043478260869566,0.0,0.0,67.73931422602904,-0.39043300635091627,0.11983202600495613,2.517869439502781
50.15,-18.0,7.043478260869566,0.0,0.0,67.76626895568499,-0.39043335652590727,0.11983176545329832,2.517868489094975
50.16,-18.0,7.043478260869566,0.0,0.0,67.79322368379918,-0.3904336998329556,0.11983151557766242,2.517867588742786
50.17,-18.0,7.043478260869566,0.0,0.0,67.82017841031768,-0.3904340359778211,0.11983127613133487,2.5178667366163046
50.18,-18.0,7.043478260869566,0.0,0.0,67.84713313519492,-0.39043436470793913,0.11983104686173546,2.517865930914466
50.19,-18.0,7.043478260869566,0.0,0.0,67.8740878583931,-0.39043468580963325,0.11983082751155044,2.5178651698672967
50.2,-18.0,7.043478260869566,0.0,0.0,67.90104257988163,-0.39043499910551316,0.1198306178197317,2.5178644517376854
50.21,-18.0,7.043478260869566,0.0,0.0,67.92799729963669,-0.39043530445195485,0.11983041752246071,2.5178637748230783
50.22,-18.0,7.043478260869566,0.0,0.0,67.95495201764064,-0.39043560173671654,0.11983022635402663,2.5178631374568936
50.23,-18.0,7.043478260869566,0.0,0.0,67.98190673388166,-0.3904358908766816,0.11983004404762937,2.51786253800969
50.24,-18.0,7.043478260869566,0.0,0.0,68.00886144835326,-0.3904361718156839,0.11982987033614495,2.517861974890259
50.25,-18.0,7.043478260869566,0.0,0.0,68.03581616105384,-0.39043644452246284,0.11982970495281009,2.5178614465464495
50.26,-18.0,7.043478260869566,0.0,0.0,68.06277087198634,-0.39043670898872573,0.11982954763185077,2.517860951465829
50.27,-18.0,7.043478260869566,0.0,0.0,68.08972558115786,-0.39043696522730675,0.1198293981090559,2.517860488176189
50.28,-18.0,7.043478260869566,0.0,0.0,68.11668028857927,-0.39043721327040126,0.1198292561223272,2.5178600552460204
50.29,-18.0,7.043478260869566,0.0,0.0,68.14363499426493,-0.39043745316793554,0.11982912141213331,2.517859651284658
50.3,-18.0,7.043478260869566,0.0,0.0,68.17058969823229,-0.3904376849859834,0.11982899372196965,2.517859274942513
50.31,-18.0,7.043478260869566,0.0,0.0,68.1975444005017,-0.39043790880531315,0.11982887279872378,2.5178589249109837
50.32,-18.0,7.043478260869566,0.0,0.0,68.22449910109604,-0.39043812471997574,0.11982875839304769,2.5178585999224565
50.33,-18.0,7.043478260869566,0.0,0.0,68.25145380004051,-0.39043833283599927,0.11982865025966682,2.5178582987501015
50.34,-18.0,7.043478260869566,0.0,0.0,68.27840849736234,-0.3904385332701583,0.11982854815764987,2.517858020207577
50.35,-18.0,7.043478260869566,0.0,0.0,68.30536319309057,-0.3904387261488025,0.1198284518506656,2.5178577631487298
50.36,-18.0,7.043478260869566,0.0,0.0,68.33231788725585,-0.3904389116067719,0.11982836110718842,2.5178575264671488
50.37,-18.0,7.043478260869566,0.0,0.0,68.35927257989023,-0.39043908978637676,0.1198282757006805,2.517857309095669
50.38,-18.0,7.043478260869566,0.0,0.0,68.38622727102694,-0.3904392608364282,0.11982819540975703,2.5178571100058726
50.39,-18.0,7.043478260869566,0.0,0.0,68.41318196070021,-0.3904394249113412,0.11982812001831844,2.517856928207497
50.4,-18.0,7.043478260869566,0.0,0.0,68.44013664894517,-0.3904395821703137,0.11982804931564028,2.5178567627477197
50.41,-18.0,7.043478260869566,0.0,0.0,68.4670913357976,-0.390439732776521,0.11982798309648124,2.517856612710577
50.42,-18.0,7.043478260869566,0.0,0.0,68.49404602129385,-0.39043987689639836,0.11982792116113777,2.517856477216202
50.43,-18.0,7.043478260869566,0.0,0.0,68.52100070547068,-0.3904400146989673,0.11982786331548534,2.5178563554200584
50.44,-18.0,7.043478260869566,0.0,0.0,68.54795538836514,-0.3904401463551981,0.11982780937101645,2.5178562465122027
50.45,-18.0,7.043478260869566,0.0,0.0,68.57491007001445,-0.39044027203743426,0.11982775914484411,2.5178561497164575
50.46,-18.0,7.043478260869566,0.0,0.0,68.6018647504559,-0.3904403919188417,0.11982771245971191,2.517856064289642
50.47,-18.0,7.043478260869566,0.0,0.0,68.62881942972675,-0.390440506172931,0.11982766914395881,2.5178559895206662
50.48,-18.0,7.043478260869566,0.0,0.0,68.65577410786413,-0.39044061497308524,0.11982762903150224,2.517855924729735
50.49,-18.0,7.043478260869566,0.0,0.0,68.682728784905,-0.3904407184921399,0.11982759196179926,2.5178558692675046
50.5,-18.0,7.043478260869566,0.0,0.0,68.709683460886,-0.3904408169020066,0.11982755777978721,2.5178558225141865
50.51,-18.0,7.043478260869566,0.0,0.0,68.73663813584345,-0.39044091037331263,0.1198275263358311,2.517855783878719
50.52,-18.0,7.043478260869566,0.0,0.0,68.76359280981325,-0.39044099907508745,0.11982749748565003,2.5178557527978804
50.53,-18.0,7.043478260869566,0.0,0.0,68.79054748283083,-0.39044108317447446,0.11982747109023839,2.5178557287354204
50.54,-18.0,7.043478260869566,0.0,0.0,68.81750215493113,-0.3904411628364661,0.11982744701578613,2.517855711181217
50.55,-18.0,7.043478260869566,0.0,0.0,68.84445682614852,-0.39044123822366616,0.1198274251335914,2.5178556996504278
50.56,-18.0,7.043478260869566,0.0,0.0,68.87141149651674,-0.39044130949608613,0.11982740531995922,2.5178556936826175
50.57,-18.0,7.043478260869566,0.0,0.0,68.89836616606894,-0.39044137681095537,0.11982738745610655,2.517855692840938
50.58,-18.0,7.043478260869566,0.0,0.0,68.92532083483758,-0.39044144032256045,0.11982737142805239,2.5178556967112735
50.59,-18.0,7.043478260869566,0.0,0.0,68.95227550285443,-0.3904415001820958,0.11982735712651849,2.517855704901453
50.6,-18.0,7.043478260869566,0.0,0.0,68.97923017015057,-0.39044155653754364,0.11982734444681264,2.517855717040419
50.61,-18.0,7.043478260869566,0.0,0.0,69.00618483675632,-0.39044160953356455,0.1198273332887208,2.5178557327774516
50.62,-18.0,7.043478260869566,0.0,0.0,69.03313950270125,-0.39044165931140995,0.11982732355638959,2.5178557517813758
50.63,-18.0,7.043478260869566,0.0,0.0,69.06009416801417,-0.390441706008851,0.11982731515820699,2.5178557737397878
50.64,-18.0,7.043478260869566,0.0,0.0,69.08704883272314,-0.39044174976011314,0.11982730800669311,2.5178557983583336
50.65,-18.0,7.043478260869566,0.0,0.0,69.11400349685542,-0.3904417906958386,0.11982730201837188,2.5178558253599377
50.66,-18.0,7.043478260869566,0.0,0.0,69.14095816043749,-0.3904418289430476,0.11982729711366152,2.5178558544841168
50.67,-18.0,7.043478260869566,0.0,0.0,69.16791282349506,-0.3904418646251149,0.11982729321675495,2.51785588548628
50.68,-18.0,7.043478260869566,0.0,0.0,69.19486748605303,-0.3904418978617672,0.11982729025549577,2.5178559181370224
50.69,-18.0,7.043478260869566,0.0,0.0,69.22182214813554,-0.39044192876908146,0.11982728816126237,2.517855952221461
50.7,-18.0,7.043478260869566,0.0,0.0,69.24877680976594,-0.39044195745947885,0.11982728686886329,2.5178559875386477
50.71,-18.0,7.043478260869566,0.0,0.0,69.2757314709668,-0.39044198404176633,0.11982728631639877,2.517856023900841
50.72,-18.0,7.043478260869566,0.0,0.0,69.30268613175994,-0.3904420086211424,0.11982728644516327,2.5178560611329686
50.73,-18.0,7.043478260869566,0.0,0.0,69.3296407921664,-0.39044203129923316,0.11982728719952951,2.5178560990720213
50.74,-18.0,7.043478260869566,0.0,0.0,69.35659545220649,-0.3904420521741354,0.1198272885268295,2.5178561375664534
50.75,-18.0,7.043478260869566,0.0,0.0,69.38355011189977,-0.3904420713404497,0.11982729037725603,2.5178561764756693
50.76,-18.0,7.043478260869566,0.0,0.0,69.41050477126507,-0.3904420888893432,0.11982729270374015,2.5178562156694273
50.77,-18.0,7.043478260869566,0.0,0.0,69.43745943032052,-0.39044210490858844,0.11982729546185927,2.517856255027381
50.78,-18.0,7.043478260869566,0.0,0.0,69.46441408908352,-0.3904421194826271,0.1198272986097268,2.517856294438547
50.79,-18.0,7.043478260869566,0.0,0.0,69.49136874757082,-0.39044213269263794,0.1198273021078825,2.517856333800791
50.8,-18.0,7.043478260869566,0.0,0.0,69.51832340579845,-0.39044214461658333,0.11982730591921131,2.5178563730204364
50.81,-18.0,7.043478260869566,0.0,0.0,69.54527806378182,-0.3904421553292936,0.11982731000882785,2.5178564120117373
50.82,-18.0,7.043478260869566,0.0,0.0,69.57223272153568,-0.3904421649025318,0.1198273143439853,2.5178564506964647
50.83,-18.0,7.043478260869566,0.0,0.0,69.59918737907415,-0.39044217340505205,0.11982731889399684,2.5178564890035426
50.84,-18.0,7.043478260869566,0.0,0.0,69.62614203641074,-0.3904421809026928,0.1198273236301246,2.5178565268685653
50.85,-18.0,7.043478260869566,0.0,0.0,69.65309669355837,-0.39044218745843584,0.11982732852550554,2.5178565642334685
50.86,-18.0,7.043478260869566,0.0,0.0,69.68005135052937,-0.3904421931324875,0.11982733355506336,2.5178566010461436
50.87,-18.0,7.043478260869566,0.0,0.0,69.70700600733552,-0.3904421979823549,0.11982733869542161,2.5178566372600724
50.88,-18.0,7.043478260869566,0.0,0.0,69.73396066398804,-0.390442202062915,0.1198273439248344,2.5178566728340295
50.89,-18.0,7.043478260869566,0.0,0.0,69.76091532049763,-0.390442205426508,0.1198273492230909,2.517856707731685
50.9,-18.0,7.043478260869566,0.0,0.0,69.78786997687446,-0.3904422081229948,0.1198273545714576,2.5178567419213667
50.91,-18.0,7.043478260869566,0.0,0.0,69.81482463312823,-0.3904422101998515,0.11982735995259175,2.517856775375706
50.92,-18.0,7.043478260869566,0.0,0.0,69.84177928926812,-0.39044221170222837,0.11982736535048388,2.5178568080714094
50.93,-18.0,7.043478260869566,0.0,0.0,69.86873394530289,-0.3904422126730458,0.11982737075037392,2.517856839988918
50.94,-18.0,7.043478260869566,0.0,0.0,69.89568860124082,-0.3904422131530443,0.11982737613870864,2.5178568711122487
50.95,-18.0,7.043478260869566,0.0,0.0,69.92264325708977,-0.3904422131808911,0.11982738150304756,2.5178569014286207
50.96,-18.0,7.043478260869566,0.0,0.0,69.94959791285719,-0.3904422127932221,0.1198273868320337,2.5178569309283474
50.97,-18.0,7.043478260869566,0.0,0.0,69.97655256855009,-0.3904422120247357,0.11982739211531335,2.5178569596045306
50.98,-18.0,7.043478260869566,0.0,0.0,70.00350722417515,-0.39044221090826237,0.11982739734348385,2.5178569874528622
50.99,-18.0,7.043478260869566,0.0,0.0,70.03046187973864,-0.390442209474819,0.11982740250805268,2.51785701447148
51.0,-18.0,7.043478260869566,0.0,0.0,70.05741653524649,-0.39044220775370486,0.11982740760136151,2.5178570406606764
51.01,-18.0,8.608695652173914,0.0,0.0,70.084570385787,-0.3884317686566785,0.24374923641399915,2.5119181541212114
51.02,-18.0,8.608695652173914,0.0,0.0,70.111904403225,-0.3868467681952159,0.2344161228888333,2.5061188000212753
51.03,-18.0,8.608695652173914,0.0,0.0,70.13940108037674,-0.3856398591571766,0.22576585327340282,2.5004828765133347
51.04,-18.0,8.608695652173914,0.0,0.0,70.1670443291583,-0.3847677331568069,0.21775573850666063,2.4950305222973355
51.05,-18.0,8.608695652173914,0.0,0.0,70.19481938374524,-0.3841908651667867,0.21034517469042546,2.489778378062188
51.06,-18.0,8.608695652173914,0.0,0.0,70.222712708842,-0.38387325940164985,0.20349558756100827,2.4847398522552306
51.07,-18.0,8.608695652173914,0.0,0.0,70.25071191304066,-0.38378220076252356,0.19717037262481374,2.479925387126818
51.08,-18.0,8.608695652173914,0.0,0.0,70.2788056671672,-0.383888014770293,0.19133483298749154,2.4753427216787487
51.09,-18.0,8.608695652173914,0.0,0.0,70.30698362745893,-0.38416383793436726,0.18595611621295505,2.4709971487212963
51.1,-18.0,8.608695652173914,0.0,0.0,70.33523636338326,-0.38458539976238515,0.1810031510496588,2.466891763746961
51.11,-18.0,8.608695652173914,0.0,0.0,70.36355528988909,-0.38513081706007424,0.17644658451270367,2.463027703780473
51.12,-18.0,8.608695652173914,0.0,0.0,70.39193260387417,-0.38578040075787356,0.1722587195725871,2.4594043747739662
51.13,-18.0,8.608695652173914,0.0,0.0,70.42036122465117,-0.3865164751984238,0.16841345354091986,2.4560196664847216
51.14,-18.0,8.608695652173914,0.0,0.0,70.44883473820053,-0.38732320960134636,0.16488621713345264,2.4528701540931044
51.15,-18.0,8.608695652173914,0.0,0.0,70.47734734500648,-0.38818646127064804,0.1616539141152621,2.449951286082547
51.16,-18.0,8.608695652173914,0.0,0.0,70.50589381128412,-0.38909363001316954,0.1586948613879815,2.447257558108885
51.17,-18.0,8.608695652173914,0.0,0.0,70.5344694234173,-0.39003352318492723,0.15598872936998553,2.444782672741293
51.18,-18.0,8.608695652173914,0.0,0.0,70.5630699454388,-0.3909962307676915,0.15351648255559347,2.4425196850828113
51.19,-18.0,8.608695652173914,0.0,0.0,70.59169157939448,-0.39197300989123063,0.1512603202202334,2.440461134401966
51.2,-18.0,8.608695652173914,0.0,0.0,70.62033092844112,-0.3929561782460964,0.1492036173538709,2.438599162051051
51.21,-18.0,8.608695652173914,0.0,0.0,70.64898496253237,-0.3939390158652254,0.14733086603127132,2.4369256161224455
51.22,-18.0,8.608695652173914,0.0,0.0,70.67765098655072,-0.39491567478037215,0.1456276175336263,2.435432143490896
51.23,-18.0,8.608695652173914,0.0,0.0,70.70632661074471,-0.39588109607489397,0.14408042559509093,2.4341102700847363
51.24,-18.0,8.608695652173914,0.0,0.0,70.73500972333255,-0.3968309338578522,0.14267679114463427,2.4329514703881974
51.25,-18.0,8.608695652173914,0.0,0.0,70.7636984651361,-0.39776148567947667,0.1414051088515853,2.431947227275655
51.26,-18.0,8.608695652173914,0.0,0.0,70.79239120611372,-0.3986696289022895,0.14025461568008302,2.4310890833013663
51.27,-18.0,8.608695652173914,0.0,0.0,70.82108652366725,-0.3995527625426527,0.13921534153982495,2.4303686845182493
51.28,-18.0,8.608695652173914,0.0,0.0,70.84978318260625,-0.4004087541088488,0.1382780620143652,2.429777817794802
51.29,-18.0,8.608695652173914,0.0,0.0,70.87848011666183,-0.40123589098587154,0.13743425307174417,2.429308442463328
51.3,-18.0,8.608695652173914,0.0,0.0,70.90717641145146,-0.4020328359517995,0.13667604762329766,2.4289527169913168
51.31,-18.0,8.608695652173914,0.0,0.0,70.9358712888043,-0.40279858645230826,0.1359961937923022,2.4287030212389147
51.32,-18.0,8.608695652173914,0.0,0.0,70.96456409236447,-0.40353243730406185,0.13538801477545448,2.4285519747593547
51.33,-18.0,8.608695652173914,0.0,0.0,70.99325427439533,-0.4042339465402578,0.13484537021566967,2.4284924515195625
51.34,-18.0,8.608695652173914,0.0,0.0,71.02194138371269,-0.40490290414997787,0.13436261904369706,2.428517591361473
51.35,-18.0,8.608695652173914,0.0,0.0,71.05062505467885,-0.405539303495585,0.1339345837813064,2.4286208084866865
51.36,-18.0,8.608695652173914,0.0,0.0,71.07930499719173,-0.4061433152190741,0.13355651632619225,2.428795797222228
51.37,-18.0,8.608695652173914,0.0,0.0,71.10798098760591,-0.40671526346942266,0.1332240652570187,2.429036535308968
51.38,-18.0,8.608695652173914,0.0,0.0,71.13665286052374,-0.4072556042992399,0.13293324470689738,2.4293372849445207
51.39,-18.0,8.608695652173914,0.0,0.0,71.16532050139632,-0.40776490609157445,0.1326804048559811,2.4296925918056287
51.4,-18.0,8.608695652173914,0.0,0.0,71.19398383987567,-0.40824383188690483,0.1324622040906085,2.430097282271985
51.41,-18.0,8.608695652173914,0.0,0.0,71.22264284386034,-0.4086931234870952,0.132275582868304,2.4305464590715795
51.42,-18.0,8.608695652173914,0.0,0.0,71.2512975141787,-0.4091135872178451,0.13211773931589266,2.431035495566404
51.43,-18.0,8.608695652173914,0.0,0.0,71.27994787985558,-0.4095060812343847,0.1319861065726644,2.4315600288954364
51.44,-18.0,8.608695652173914,0.0,0.0,71.30859399390998,-0.4098715042573029,0.13187833187268483,2.432115952188193
51.45,-18.0,8.608695652173914,0.0,0.0,71.33723592963372,-0.4102107856271102,0.13179225734069122,2.432699406054824
51.46,-18.0,8.608695652173914,0.0,0.0,71.36587377730373,-0.4105248765677665,0.13172590245579474,2.4333067695476855
51.47,-18.0,8.608695652173914,0.0,0.0,71.39450764128323,-0.41081474255139794,0.13167744811770166,2.4339346507743973
51.48,-18.0,8.608695652173914,0.0,0.0,71.42313763747026,-0.41108135665926326,0.1316452222325093,2.4345798773233254
51.49,-18.0,8.608695652173914,0.0,0.0,71.45176389105553,-0.411325693837854,0.13162768672054614,2.4352394866405938
51.5,-18.0,8.608695652173914,0.0,0.0,71.48038653455446,-0.41154872595384173,0.13162342583808728,2.4359107164745653
51.51,-18.0,8.608695652173914,0.0,0.0,71.50900570608202,-0.41175141755751943,0.13163113569832974,2.4365909954799005
51.52,-18.0,8.608695652173914,0.0,0.0,71.53762154784242,-0.4119347222711349,0.13164961487487903,2.4372779340505586
51.53,-18.0,8.608695652173914,0.0,0.0,71.56623420480823,-0.41209957972575095,0.1316777559728639,2.43796931543084
51.54,-18.0,8.608695652173914,0.0,0.0,71.59484382356715,-0.41224691297792493,0.1317145380577972,2.4386630871354007
51.55,-18.0,8.608695652173914,0.0,0.0,71.623450551317,-0.412377626345092,0.13175901983985272,2.4393573526945778
51.56,-18.0,8.608695652173914,0.0,0.0,71.65205453499192,-0.41249260360580653,0.13181033352045557,2.44005036373008
51.57,-18.0,8.608695652173914,0.0,0.0,71.68065592050496,-0.4125927065179611,0.13186767921802167,2.440740512357326
51.58,-18.0,8.608695652173914,0.0,0.0,71.70925485209426,-0.41267877361428074,0.13193031990000037,2.4414263239054024
51.59,-18.0,8.608695652173914,0.0,0.0,71.73785147176139,-0.4127516192401295,0.13199757675808332,2.44210644994148
51.6,-18.0,8.608695652173914,0.0,0.0,71.76644591879192,-0.4128120328034164,0.13206882497276173,2.4427796615854556
51.61,-18.0,8.608695652173914,0.0,0.0,71.79503832934957,-0.4128607782107758,0.13214348982145907,2.443444843099428
51.62,-18.0,8.608695652173914,0.0,0.0,71.82362883613615,-0.4128985934676783,0.13222104309174287,2.444100985737488
51.63,-18.0,8.608695652173914,0.0,0.0,71.85221756811033,-0.4129261904231609,0.13230099976722487,2.44474718184225
51.64,-18.0,8.608695652173914,0.0,0.0,71.88080465025926,-0.4129442546424862,0.1323829149587713,2.445382619175378
51.65,-18.0,8.608695652173914,0.0,0.0,71.90939020341727,-0.4129534453929251,0.13246638105806463,2.4460065754717024
51.66,-18.0,8.608695652173914,0.0,0.0,71.93797434412689,-0.4129543957298538,0.13255102509372574,2.4466184132067372
51.67,-18.0,8.608695652173914,0.0,0.0,71.96655718453746,-0.4129477126715613,0.13263650627319368,2.447217574569761
51.68,-18.0,8.608695652173914,0.0,0.0,71.99513883233743,-0.4129339774525249,0.13272251369561405,2.447803576635062
51.69,-18.0,8.608695652173914,0.0,0.0,72.02371939071627,-0.41291374584586915,0.1328087642228143,2.4483760067252054
51.7,-18.0,8.608695652173914,0.0,0.0,72.05229895835295,-0.41288754854663035,0.13289500049680347,2.448934517960745
51.71,-18.0,8.608695652173914,0.0,0.0,72.0808776294276,-0.41285589160814307,0.13298098909344502,2.4494788249917323
51.72,-18.0,8.608695652173914,0.0,0.0,72.10945549365366,-0.4128192569246323,0.1330665188027551,2.4500086999062964
51.73,-18.0,8.608695652173914,0.0,0.0,72.13803263632767,-0.4127781027535333,0.13315139902720974,2.4505239683126088
51.74,-18.0,8.608695652173914,0.0,0.0,72.16660913839473,-0.4127328642717907,0.1332354582898907,2.4510245055898428
51.75,-18.0,8.608695652173914,0.0,0.0,72.19518507652708,-0.41268395416066106,0.13331854284507882,2.451510233304821
51.76,-18.0,8.608695652173914,0.0,0.0,72.22376052321401,-0.4126317632141694,0.13340051538421616,2.4519811157902653
51.77,-18.0,8.608695652173914,0.0,0.0,72.25233554686135,-0.4125766609666588,0.13348125383074416,2.452437156881162
51.78,-18.0,8.608695652173914,0.0,0.0,72.28091021189886,-0.4125189963353397,0.13356065021765073,2.4528783968053016
51.79,-18.0,8.608695652173914,0.0,0.0,72.30948457889407,-0.41245909827402794,0.13363860964202523,2.453304909224385
51.8,-18.0,8.608695652173914,0.0,0.0,72.3380587046713,-0.4123972764346888,0.13371504929120204,2.4537167984215755
51.81,-18.0,8.608695652173914,0.0,0.0,72.36663264243461,-0.41233382183363343,0.13378989753549742,2.4541141966316986
51.82,-18.0,8.608695652173914,0.0,0.0,72.39520644189375,-0.4122690075195534,0.1338630930828384,2.454497261510027
51.83,-18.0,8.608695652173914,0.0,0.0,72.423780149392,-0.4122030892408566,0.13393458419089432,2.454866173735508
51.84,-18.0,8.608695652173914,0.0,0.0,72.4523538080353,-0.4121363061100243,0.1340043279326204,2.4552211347442388
51.85,-18.0,8.608695652173914,0.0,0.0,72.48092745782164,-0.4120688812629023,0.13407228951146233,2.455562364589165
51.86,-18.0,8.608695652173914,0.0,0.0,72.50950113577035,-0.41200102251116766,0.134138441622636,2.4558900999215054
51.87,-18.0,8.608695652173914,0.0,0.0,72.53807487605059,-0.4119329229863138,0.13420276385725227,2.456204592089809
51.88,-18.0,8.608695652173914,0.0,0.0,72.56664871010844,-0.4118647617737323,0.13426524214627023,2.4565061053524238
51.89,-18.0,8.608695652173914,0.0,0.0,72.59522266679241,-0.41179670453569384,0.13432586824143145,2.456794915198924
51.9,-18.0,8.608695652173914,0.0,0.0,72.6237967724768,-0.4117289041221128,0.13438463923063215,2.457071306776436
51.91,-18.0,8.608695652173914,0.0,0.0,72.65237105118261,-0.4116615011681819,0.13444155708533256,2.4573355734166427
51.92,-18.0,8.608695652173914,0.0,0.0,72.68094552469599,-0.41159462467813435,0.13449662823776354,2.4575880152591267
51.93,-18.0,8.608695652173914,0.0,0.0,72.70952021268354,-0.4115283925944069,0.13454986318596585,2.457828937967284
51.94,-18.0,8.608695652173914,0.0,0.0,72.73809513280483,-0.41146291235174237,0.13460127612471573,2.4580586515324336
51.95,-18.0,8.608695652173914,0.0,0.0,72.76667030082149,-0.41139828141575174,0.13465088460065844,2.4582774691624
51.96,-18.0,8.608695652173914,0.0,0.0,72.79524573070317,-0.41133458780563803,0.13469870919002058,2.4584857062505314
51.97,-18.0,8.608695652173914,0.0,0.0,72.82382143473004,-0.41127191060080825,0.1347447731974657,2.458683679421507
51.98,-18.0,8.608695652173914,0.0,0.0,72.85239742359175,-0.4112103204312254,0.13478910237471586,2.4588717056501426
51.99,-18.0,8.608695652173914,0.0,0.0,72.88097370648312,-0.4111498799514326,0.13483172465767246,2.4590501014495345
52.0,-18.0,8.608695652173914,0.0,0.0,72.90955029119611,-0.41109064429817455,0.13487266992091762,2.4592191821252007
52.01,-18.0,8.608695652173914,0.0,0.0,72.93812718420843,-0.41103266153167284,0.13491196974851127,2.4593792610917733
52.02,-18.0,8.608695652173914,0.0,0.0,72.96670439076858,-0.41097597306066747,0.13494965722005903,2.4595306492487783
52.03,-18.0,8.608695652173914,0.0,0.0,72.99528191497755,-0.4109206140512951,0.134985766711194,2.4596736544126143
52.04,-18.0,8.608695652173914,0.0,0.0,73.02385975986697,-0.4108666138200261,0.13502033370756972,2.45980858080143
52.05,-18.0,8.608695652173914,0.0,0.0,73.05243792747396,-0.410813996210839,0.13505339463159838,2.459935728570044
52.06,-18.0,8.608695652173914,0.0,0.0,73.08101641891271,-0.41076277995688226,0.13508498668118907,2.4600553933920413
52.07,-18.0,8.608695652173914,0.0,0.0,73.10959523444274,-0.4107129790268944,0.13511514767978827,2.4601678660862345
52.08,-18.0,8.608695652173914,0.0,0.0,73.13817437353403,-0.41066460295666074,0.13514391593709696,2.460273432284955
52.09,-18.0,8.608695652173914,0.0,0.0,73.16675383492908,-0.41061765716582355,0.13517133011985405,2.460372372141572
52.1,-18.0,8.608695652173914,0.0,0.0,73.19533361670192,-0.4105721432603775,0.13519742913211918,2.4604649600748383
52.11,-18.0,8.608695652173914,0.0,0.0,73.22391371631413,-0.4105280593211824,0.13522225200453575,2.4605514645477498
52.12,-18.0,8.608695652173914,0.0,0.0,73.25249413066817,-0.41048540017887136,0.13524583779205301,2.4606321478786164
52.13,-18.0,8.608695652173914,0.0,0.0,73.28107485615779,-0.41044415767548337,0.13526822547967188,2.460707266082363
52.14,-18.0,8.608695652173914,0.0,0.0,73.30965588871582,-0.4104043209132202,0.13528945389574953,2.4607770687399326
52.15,-18.0,8.608695652173914,0.0,0.0,73.33823722385944,-0.410365876490703,0.13530956163243424,2.460841798893819
52.16,-18.0,8.608695652173914,0.0,0.0,73.3668188567328,-0.41032880872709177,0.13532858697286554,2.4609016929680214
52.17,-18.0,8.608695652173914,0.0,0.0,73.39540078214745,-0.41029309987447027,0.13534656782473453,2.4609569807105376
52.18,-18.0,8.608695652173914,0.0,0.0,73.42398299462018,-0.41025873031886295,0.13536354165987274,2.461007885156834
52.19,-18.0,8.608695652173914,0.0,0.0,73.4525654884089,-0.41022567877029914,0.1353795454594937,2.4610546226125463
52.2,-18.0,8.608695652173914,0.0,0.0,73.48114825754617,-0.41019392244225283,0.13539461566482458,2.4610974026541634
52.21,-18.0,8.608695652173914,0.0,0.0,73.5097312958708,-0.410163437220902,0.1354087881327528,2.4611364281459673
52.22,-18.0,8.608695652173914,0.0,0.0,73.53831459705735,-0.410134197824525,0.1354220980962545,2.4611718952721424
52.23,-18.0,8.608695652173914,0.0,0.0,73.56689815464388,-0.4101061779534505,0.13543458012928566,2.4612039935825765
52.24,-18.0,8.608695652173914,0.0,0.0,73.59548196205773,-0.4100793504308966,0.135446268115895,2.4612329060512694
52.25,-18.0,8.608695652173914,0.0,0.0,73.6240660126397,-0.41005368733508174,0.13545719522328992,2.4612588091461323
52.26,-18.0,8.608695652173914,0.0,0.0,73.6526502996665,-0.4100291601229493,0.1354673938786215,2.4612818729091237
52.27,-18.0,8.608695652173914,0.0,0.0,73.68123481637164,-0.4100057397458483,0.1354768957492667,2.4613022610457587
52.28,-18.0,8.608695652173914,0.0,0.0,73.70981955596474,-0.4099833967575244,0.13548573172637135,2.46132013102295
52.29,-18.0,8.608695652173914,0.0,0.0,73.73840451164956,-0.40996210141477585,0.13549393191142578,2.4613356341742008
52.3,-18.0,8.608695652173914,0.0,0.0,73.76698967664048,-0.40994182377101884,0.1355015256057479,2.4613489158116595
52.31,-18.0,8.608695652173914,0.0,0.0,73.79557504417778,-0.40992253376319354,0.13550854130257406,2.46136011534372
52.32,-18.0,8.608695652173914,0.0,0.0,73.82416060754169,-0.4099042012922218,0.13551500668166927,2.4613693663978844
52.33,-18.0,8.608695652173914,0.0,0.0,73.85274636006515,-0.409886796297374,0.13552094860622765,2.4613767969479228
52.34,-18.0,8.608695652173914,0.0,0.0,73.88133229514567,-0.4098702888248298,0.13552639312190218,2.4613825294447076
52.35,-18.0,8.608695652173914,0.0,0.0,73.90991840625585,-0.40985464909068137,0.13553136545784317,2.461386680950291
52.36,-18.0,8.608695652173914,0.0,0.0,73.93850468695318,-0.40983984753871083,0.13553589002953625,2.461389363274379
52.37,-18.0,8.608695652173914,0.0,0.0,73.96709113088865,-0.4098258548931586,0.13553999044334686,2.4613906831129264
52.38,-18.0,8.608695652173914,0.0,0.0,73.99567773181467,-0.4098126422067838,0.13554368950258933,2.461390742188132
52.39,-18.0,8.608695652173914,0.0,0.0,74.024264483592,-0.4098001809044167,0.1355470092150446,2.4613896373896442
52.4,-18.0,8.608695652173914,0.0,0.0,74.052851380196,-0.4097884428222984,0.13554997080174225,2.4613874609162694
52.41,-18.0,8.608695652173914,0.0,0.0,74.081438415722,-0.40977740024340026,0.13555259470693515,2.4613843004179996
52.42,-18.0,8.608695652173914,0.0,0.0,74.11002558439013,-0.40976702592896985,0.13555490060912967,2.461380239137885
52.43,-18.0,8.608695652173914,0.0,0.0,74.13861288054932,-0.40975729314649656,0.13555690743309068,2.461375356053535
52.44,-18.0,8.608695652173914,0.0,0.0,74.16720029868083,-0.40974817569434463,0.13555863336268015,2.461369726017745
52.45,-18.0,8.608695652173914,0.0,0.0,74.1957878334011,-0.4097396479232054,0.1355600958544847,2.4613634198982113
52.46,-18.0,8.608695652173914,0.0,0.0,74.22437547946413,-0.4097316847545993,0.13556131165210172,2.4613565047158796
52.47,-18.0,8.608695652173914,0.0,0.0,74.25296323176327,-0.4097242616965848,0.1355622968010295,2.4613490437818433
52.48,-18.0,8.608695652173914,0.0,0.0,74.28155108533267,-0.4097173548568813,0.1355630666640525,2.4613410968324247
52.49,-18.0,8.608695652173914,0.0,0.0,74.3101390353481,-0.40971094095353155,0.1355636359370872,2.461332720162466
52.5,-18.0,8.608695652173914,0.0,0.0,74.3387270771276,-0.4097049973233171,0.1355640186653706,2.4613239667564084
52.51,-18.0,8.608695652173914,0.0,0.0,74.36731520613154,-0.4096995019280354,0.13556422825997183,2.4613148864172385
52.52,-18.0,8.608695652173914,0.0,0.0,74.39590341796244,-0.4096944333588233,0.13556427751452604,2.461305525892985
52.53,-18.0,8.608695652173914,0.0,0.0,74.42449170836451,-0.40968977083864333,0.13556417862216152,2.461295929000771
52.54,-18.0,8.608695652173914,0.0,0.0,74.45308007322276,-0.40968549422307543,0.13556394319255693,2.4612861367482797
52.55,-18.0,8.608695652173914,0.0,0.0,74.481668508562,-0.4096815839995551,0.13556358226906506,2.4612761874524836
52.56,-18.0,8.608695652173914,0.0,0.0,74.51025701054542,-0.40967802128514674,0.1355631063458933,2.461266116855728
52.57,-18.0,8.608695652173914,0.0,0.0,74.5388455754731,-0.4096747878230125,0.1355625253852515,2.461255958238887
52.58,-18.0,8.608695652173914,0.0,0.0,74.56743419978027,-0.40967186597766236,0.13556184883445377,2.4612457425316703
52.59,-18.0,8.608695652173914,0.0,0.0,74.59602288003528,-0.40966923872907635,0.1355610856429481,2.4612354984200846
52.6,-18.0,8.608695652173914,0.0,0.0,74.6246116129376,-0.4096668896658373,0.13556024427920899,2.4612252524508724
52.61,-18.0,8.608695652173914,0.0,0.0,74.65320039531551,-0.4096648029773293,0.13555933274749088,2.4612150291330455
52.62,-18.0,8.608695652173914,0.0,0.0,74.6817892241237,-0.4096629634451119,0.1355583586044018,2.461204851036436
52.63,-18.0,8.608695652173914,0.0,0.0,74.71037809644082,-0.4096613564335594,0.13555732897526218,2.4611947388872233
52.64,-18.0,8.608695652173914,0.0,0.0,74.73896700946683,-0.4096599678798283,0.13555625057024323,2.461184711660518
52.65,-18.0,8.608695652173914,0.0,0.0,74.76755596052034,-0.40965878428322466,0.1355551297002675,2.461174786670028
52.66,-18.0,8.608695652173914,0.0,0.0,74.79614494703584,-0.4096577926940812,0.1355539722926128,2.4611649796546393
52.67,-18.0,8.608695652173914,0.0,0.0,74.82473396656088,-0.4096569807021466,0.1355527839062659,2.461155304862228
52.68,-18.0,8.608695652173914,0.0,0.0,74.85332301675321,-0.40965633642461396,0.1355515697469517,2.4611457751304444
52.69,-18.0,8.608695652173914,0.0,0.0,74.8819120953778,-0.4096558484937931,0.1355503346818694,2.4611364019647235
52.7,-18.0,8.608695652173914,0.0,0.0,74.910501200304,-0.4096555060445355,0.13554908325408077,2.461127195613336
52.71,-18.0,8.608695652173914,0.0,0.0,74.93909032950248,-0.40965529870139505,0.135547819696602,2.4611181651398195
52.72,-18.0,8.608695652173914,0.0,0.0,74.96767948104231,-0.40965521656564974,0.13554654794611543,2.4611093184924773
52.73,-18.0,8.608695652173914,0.0,0.0,74.99626865308798,-0.40965525020216287,0.13554527165636165,2.461100662571296
52.74,-18.0,8.608695652173914,0.0,0.0,75.02485784389637,-0.4096553906261555,0.13554399421117647,2.461092203292202
52.75,-18.0,8.608695652173914,0.0,0.0,75.05344705181385,-0.4096556292899498,0.13554271873714496,2.4610839456485936
52.76,-18.0,8.608695652173914,0.0,0.0,75.08203627527327,-0.4096559580696537,0.13554144811593827,2.461075893770516
52.77,-18.0,8.608695652173914,0.0,0.0,75.11062551279106,-0.4096563692518964,0.1355401849962521,2.46106805098118
52.78,-18.0,8.608695652173914,0.0,0.0,75.13921476296433,-0.4096568555205933,0.135538931805399,2.4610604198511203
52.79,-18.0,8.608695652173914,0.0,0.0,75.16780402446798,-0.40965740994378574,0.13553769076053823,2.4610530022499657
52.8,-18.0,8.608695652173914,0.0,0.0,75.19639329605191,-0.409658025960582,0.1355364638795411,2.461045799395891
52.81,-18.0,8.608695652173914,0.0,0.0,75.22498257653815,-0.40965869736821325,0.13553525299150315,2.4610388119028377
52.82,-18.0,8.608695652173914,0.0,0.0,75.25357186481818,-0.4096594183092461,0.13553405974688992,2.4610320398254917
52.83,-18.0,8.608695652173914,0.0,0.0,75.28216115985019,-0.4096601832589508,0.1355328856273329,2.461025482702159
52.84,-18.0,8.608695652173914,0.0,0.0,75.31075046065644,-0.4096609870128505,0.13553173195507573,2.461019139595562
52.85,-18.0,8.608695652173914,0.0,0.0,75.33933976632062,-0.40966182467445766,0.13553059990208594,2.461013009131686
52.86,-18.0,8.608695652173914,0.0,0.0,75.36792907598537,-0.40966269164324776,0.13552949049879515,2.4610070895365403
52.87,-18.0,8.608695652173914,0.0,0.0,75.39651838884974,-0.4096635836028233,0.1355284046425389,2.4610013786711975
52.88,-18.0,8.608695652173914,0.0,0.0,75.42510770416676,-0.40966449650933145,0.13552734310564452,2.4609958740649076
52.89,-18.0,8.608695652173914,0.0,0.0,75.45369702124107,-0.4096654265801163,0.13552630654320508,2.460990572946504
52.9,-18.0,8.608695652173914,0.0,0.0,75.4822863394266,-0.4096663702826313,0.1355252955005255,2.4609854722740634
52.91,-18.0,8.608695652173914,0.0,0.0,75.51087565812432,-0.4096673243236031,0.1355243104202657,2.4609805687629565
52.92,-18.0,8.608695652173914,0.0,0.0,75.53946497678007,-0.40966828563845503,0.13552335164928353,2.46097585891235
52.93,-18.0,8.608695652173914,0.0,0.0,75.56805429488237,-0.4096692513810143,0.13552241944516763,2.4609713390301167
52.94,-18.0,8.608695652173914,0.0,0.0,75.59664361196043,-0.4096702189134813,0.13552151398248746,2.460967005256323
52.95,-18.0,8.608695652173914,0.0,0.0,75.62523292758206,-0.4096711857966717,0.1355206353587679,2.460962853585342
52.96,-18.0,8.608695652173914,0.0,0.0,75.65382224135179,-0.4096721497805511,0.1355197836001718,2.460958879886528
52.97,-18.0,8.608695652173914,0.0,0.0,75.68241155290896,-0.4096731087950336,0.13551895866692953,2.460955079923679
52.98,-18.0,8.608695652173914,0.0,0.0,75.7110008619259,-0.40967406094106273,0.13551816045850573,2.4609514493732316
52.99,-18.0,8.608695652173914,0.0,0.0,75.73959016810619,-0.4096750044819868,0.13551738881850006,2.460947983841202
53.0,-18.0,8.608695652173914,0.0,0.0,75.76817947118295,-0.4096759378351802,0.13551664353933446,2.4609446788791356
53.01,-18.0,8.608695652173914,0.0,0.0,75.7967687709172,-0.4096768595639797,0.13551592436666193,2.4609415299987782
53.02,-18.0,8.608695652173914,0.0,0.0,75.82535806709629,-0.4096777683698627,0.1355152310035852,2.4609385326858764
53.03,-18.0,8.608695652173914,0.0,0.0,75.85394735953237,-0.4096786630849154,0.13551456311462906,2.460935682412885
53.04,-18.0,8.608695652173914,0.0,0.0,75.88253664806095,-0.40967954266457185,0.13551392032950083,2.460932974650727
53.05,-18.0,8.608695652173914,0.0,0.0,75.91112593253948,-0.40968040618060275,0.13551330224665792,2.4609304048797185
53.06,-18.0,8.608695652173914,0.0,0.0,75.939715212846,-0.40968125281438006,0.1355127084366643,2.4609279685995804
53.07,-18.0,8.608695652173914,0.0,0.0,75.96830448887785,-0.4096820818503937,0.13551213844535737,2.460925661338643
53.08,-18.0,8.608695652173914,0.0,0.0,75.99689376055045,-0.4096828926700282,0.1355115917968268,2.460923478662262
53.09,-18.0,8.608695652173914,0.0,0.0,76.02548302779607,-0.40968368474556915,0.13551106799623147,2.460921416180567
53.1,-18.0,8.608695652173914,0.0,0.0,76.05407229056273,-0.4096844576344816,0.1355105665324201,2.4609194695553946
53.11,-18.0,8.608695652173914,0.0,0.0,76.08266154881309,-0.409685210973904,0.13551008688040955,2.4609176345066666
53.12,-18.0,8.608695652173914,0.0,0.0,76.11125080252344,-0.4096859444753851,0.1355096285036972,2.460915906818088
53.13,-18.0,8.608695652173914,0.0,0.0,76.13984005168268,-0.4096866579198466,0.1355091908564241,2.4609142823422765
53.14,-18.0,8.608695652173914,0.0,0.0,76.1684292962914,-0.4096873511527708,0.13550877338539247,2.460912757005314
53.15,-18.0,8.608695652173914,0.0,0.0,76.19701853636094,-0.4096880240796028,0.13550837553194672,2.460911326810788
53.16,-18.0,8.608695652173914,0.0,0.0,76.2256077719126,-0.40968867666135655,0.13550799673372915,2.460909987843363
53.17,-18.0,8.608695652173914,0.0,0.0,76.25419700297678,-0.4096893089104474,0.1355076364262915,2.460908736271803
53.18,-18.0,8.608695652173914,0.0,0.0,76.2827862295922,-0.40968992088669953,0.13550729404460682,2.4609075683516513
53.19,-18.0,8.608695652173914,0.0,0.0,76.3113754518052,-0.40969051269355594,0.13550696902446202,2.4609064804274787
53.2,-18.0,8.608695652173914,0.0,0.0,76.33996466966903,-0.409691084474487,0.13550666080372742,2.46090546893468
53.21,-18.0,8.608695652173914,0.0,0.0,76.36855388324317,-0.4096916364095602,0.13550636882354572,2.460904530401019
53.22,-18.0,8.608695652173914,0.0,0.0,76.39714309259274,-0.4096921687122079,0.1355060925293995,2.460903661447736
53.23,-18.0,8.608695652173914,0.0,0.0,76.42573229778792,-0.40969268162614236,0.1355058313721068,2.4609028587904413
53.24,-18.0,8.608695652173914,0.0,0.0,76.45432149890334,-0.409693175422456,0.13550558480871044,2.460902119239631
53.25,-18.0,8.608695652173914,0.0,0.0,76.48291069601763,-0.4096936503968678,0.13550535230329475,2.460901439700996
53.26,-18.0,8.608695652173914,0.0,0.0,76.51149988921286,-0.4096941068671236,0.13550513332771952,2.4609008171754603
53.27,-18.0,8.608695652173914,0.0,0.0,76.54008907857413,-0.40969454517055004,0.13550492736227637,2.4609002487589815
53.28,-18.0,8.608695652173914,0.0,0.0,76.56867826418912,-0.4096949656617457,0.13550473389627615,2.460899731642144
53.29,-18.0,8.608695652173914,0.0,0.0,76.59726744614765,-0.4096953687104019,0.13550455242857984,2.4608992631096096
53.3,-18.0,8.608695652173914,0.0,0.0,76.62585662454137,-0.40969575469927566,0.13550438246804053,2.460898840539266
53.31,-18.0,8.608695652173914,0.0,0.0,76.65444579946332,-0.4096961240222621,0.13550422353391822,2.4608984614013623
53.32,-18.0,8.608695652173914,0.0,0.0,76.68303497100766,-0.4096964770826095,0.13550407515621243,2.4608981232573752
53.33,-18.0,8.608695652173914,0.0,0.0,76.71162413926936,-0.40969681429123983,0.1355039368759574,2.4608978237588026
53.34,-18.0,8.608695652173914,0.0,0.0,76.74021330434387,-0.4096971360651669,0.1355038082454778,2.4608975606458894
53.35,-18.0,8.608695652173914,0.0,0.0,76.76880246632689,-0.409697442826062,0.1355036888285609,2.460897331746059
53.36,-18.0,8.608695652173914,0.0,0.0,76.79739162531412,-0.40969773499886974,0.13550357820063408,2.4608971349724804
53.37,-18.0,8.608695652173914,0.0,0.0,76.82598078140103,-0.40969801301055697,0.13550347594886936,2.460896968322384
53.38,-18.0,8.608695652173914,0.0,0.0,76.85456993468263,-0.4096982772889346,0.1355033816722686,2.4608968298753933
53.39,-18.0,8.608695652173914,0.0,0.0,76.8831590852533,-0.4096985282615804,0.13550329498170266,2.460896717791733
53.4,-18.0,8.608695652173914,0.0,0.0,76.91174823320662,-0.40969876635484503,0.13550321549991817,2.4608966303103794
53.41,-18.0,8.608695652173914,0.0,0.0,76.94033737863519,-0.4096989919929126,0.1355031428615432,2.46089656574729
53.42,-18.0,8.608695652173914,0.0,0.0,76.96892652163051,-0.4096992055969859,0.13550307671301287,2.4608965224933526
53.43,-18.0,8.608695652173914,0.0,0.0,76.99751566228281,-0.4096994075844882,0.13550301671252885,2.4608964990125717
53.44,-18.0,8.608695652173914,0.0,0.0,77.02610480068095,-0.40969959836837266,0.13550296252995575,2.460896493840047
53.45,-18.0,8.608695652173914,0.0,0.0,77.05469393691236,-0.40969977835649063,0.13550291384670232,2.460896505579956
53.46,-18.0,8.608695652173914,0.0,0.0,77.08328307106285,-0.4096999479509993,0.13550287035560715,2.460896532903632
53.47,-18.0,8.608695652173914,0.0,0.0,77.1118722032166,-0.40970010754784925,0.13550283176078248,2.460896574547526
53.48,-18.0,8.608695652173914,0.0,0.0,77.14046133345609,-0.4097002575363269,0.13550279777744456,2.4608966293111747
53.49,-18.0,8.608695652173914,0.0,0.0,77.16905046186196,-0.40970039829862737,0.13550276813175088,2.4608966960552694
53.5,-18.0,8.608695652173914,0.0,0.0,77.19763958851304,-0.40970053020950337,0.13550274256059758,2.460896773699602
53.51,-18.0,8.608695652173914,0.0,0.0,77.2262287134863,-0.40970065363594177,0.13550272081142356,2.4608968612211095
53.52,-18.0,8.608695652173914,0.0,0.0,77.2548178368567,-0.4097007689368768,0.13550270264201147,2.4608969576519644
53.53,-18.0,8.608695652173914,0.0,0.0,77.28340695869734,-0.4097008764629799,0.135502687820243,2.4608970620775117
53.54,-18.0,8.608695652173914,0.0,0.0,77.31199607907928,-0.40970097655643567,0.13550267612390243,2.4608971736344842
53.55,-18.0,8.608695652173914,0.0,0.0,77.34058519807161,-0.40970106955079966,0.13550266734042116,2.4608972915090024
53.56,-18.0,8.608695652173914,0.0,0.0,77.36917431574139,-0.40970115577085187,0.1355026612666601,2.4608974149347977
53.57,-18.0,8.608695652173914,0.0,0.0,77.39776343215368,-0.4097012355325145,0.13550265770865233,2.4608975431912996
53.58,-18.0,8.608695652173914,0.0,0.0,77.42635254737154,-0.40970130914277525,0.13550265648136461,2.460897675601865
53.59,-18.0,8.608695652173914,0.0,0.0,77.45494166145599,-0.40970137689964004,0.1355026574084549,2.4608978115320292
53.6,-18.0,8.608695652173914,0.0,0.0,77.48353077446609,-0.4097014390921223,0.13550266032201552,2.4608979503877335
53.61,-18.0,8.608695652173914,0.0,0.0,77.51211988645889,-0.4097014960002423,0.13550266506233033,2.4608980916136622
53.62,-18.0,8.608695652173914,0.0,0.0,77.54070899748947,-0.4097015478950521,0.13550267147762274,2.4608982346915744
53.63,-18.0,8.608695652173914,0.0,0.0,77.56929810761099,-0.4097015950386882,0.1355026794238009,2.4608983791386603
53.64,-18.0,8.608695652173914,0.0,0.0,77.59788721687464,-0.40970163768441914,0.13550268876422145,2.460898524506023
53.65,-18.0,8.608695652173914,0.0,0.0,77.62647632532975,-0.409701676076744,0.13550269936942494,2.4608986703770586
53.66,-18.0,8.608695652173914,0.0,0.0,77.65506543302376,-0.4097017104514693,0.13550271111690615,2.4608988163660337
53.67,-18.0,8.608695652173914,0.0,0.0,77.68365454000231,-0.4097017410358248,0.13550272389086293,2.46089896211659
53.68,-18.0,8.608695652173914,0.0,0.0,77.71224364630916,-0.4097017680485724,0.1355027375819643,2.4608991073003774
53.69,-18.0,8.608695652173914,0.0,0.0,77.74083275198637,-0.40970179170015997,0.1355027520870935,2.4608992516155848
53.7,-18.0,8.608695652173914,0.0,0.0,77.76942185707424,-0.40970181219283086,0.13550276730914157,2.460899394785742
53.71,-18.0,8.608695652173914,0.0,0.0,77.79801096161134,-0.40970182972079483,0.13550278315675668,2.460899536558334
53.72,-18.0,8.608695652173914,0.0,0.0,77.82660006563464,-0.40970184447037816,0.1355027995441238,2.46089967670359
53.73,-18.0,8.608695652173914,0.0,0.0,77.85518916917944,-0.4097018566201811,0.13550281639074957,2.4608998150133035
53.74,-18.0,8.608695652173914,0.0,0.0,77.8837782722795,-0.4097018663412568,0.13550283362123272,2.4608999512996217
53.75,-18.0,8.608695652173914,0.0,0.0,77.91236737496702,-0.4097018737972764,0.135502851165064,2.460900085393977
53.76,-18.0,8.608695652173914,0.0,0.0,77.9409564772727,-0.40970187914471223,0.13550286895640862,2.4609002171459666
53.77,-18.0,8.608695652173914,0.0,0.0,77.96954557922582,-0.4097018825330192,0.13550288693390644,2.460900346422328
53.78,-18.0,8.608695652173914,0.0,0.0,77.99813468085422,-0.40970188410481767,0.13550290504047346,2.460900473105935
53.79,-18.0,8.608695652173914,0.0,0.0,78.02672378218436,-0.4097018839960742,0.1355029232231153,2.460900597094866
53.8,-18.0,8.608695652173914,0.0,0.0,78.05531288324141,-0.40970188233630767,0.13550294143272068,2.4609007183013927
53.81,-18.0,8.608695652173914,0.0,0.0,78.08390198404922,-0.4097018792487499,0.13550295962390613,2.460900836651222
53.82,-18.0,8.608695652173914,0.0,0.0,78.11249108463042,-0.4097018748505665,0.13550297775480735,2.4609009520825005
53.83,-18.0,8.608695652173914,0.0,0.0,78.14108018500643,-0.4097018692530181,0.13550299578693537,2.4609010645451286
53.84,-18.0,8.608695652173914,0.0,0.0,78.16966928519751,-0.4097018625616664,0.13550301368499018,2.460901173999894
53.85,-18.0,8.608695652173914,0.0,0.0,78.19825838522281,-0.4097018548765545,0.13550303141670828,2.4609012804177666
53.86,-18.0,8.608695652173914,0.0,0.0,78.2268474851004,-0.4097018462923945,0.13550304895270282,2.4609013837791727
53.87,-18.0,8.608695652173914,0.0,0.0,78.25543658484727,-0.4097018368987546,0.1355030662663126,2.460901484073311
53.88,-18.0,8.608695652173914,0.0,0.0,78.28402568447949,-0.4097018267802388,0.13550308333345473,2.4609015812975055
53.89,-18.0,8.608695652173914,0.0,0.0,78.31261478401211,-0.4097018160166708,0.13550310013248412,2.460901675456583
53.9,-18.0,8.608695652173914,0.0,0.0,78.34120388345929,-0.40970180468326345,0.13550311664406367,2.460901766562315
53.91,-18.0,8.608695652173914,0.0,0.0,78.36979298283427,-0.4097017928508049,0.13550313285102278,2.4609018546328123
53.92,-18.0,8.608695652173914,0.0,0.0,78.39838208214948,-0.4097017805858272,0.13550314873823532,2.460901939692006
53.93,-18.0,8.608695652173914,0.0,0.0,78.42697118141652,-0.4097017679507693,0.1355031642925031,2.4609020217691717
53.94,-18.0,8.608695652173914,0.0,0.0,78.45556028064621,-0.40970175500415373,0.13550317950243063,2.460902100898405
53.95,-18.0,8.608695652173914,0.0,0.0,78.48414937984863,-0.40970174180073804,0.13550319435832225,2.460902177118212
53.96,-18.0,8.608695652173914,0.0,0.0,78.51273847903316,-0.40970172839168484,0.13550320885206557,2.4609022504710345
53.97,-18.0,8.608695652173914,0.0,0.0,78.54132757820848,-0.40970171482470397,0.13550322297703943,2.4609023210029015
53.98,-18.0,8.608695652173914,0.0,0.0,78.56991667738264,-0.4097017011442161,0.13550323672800468,2.4609023887629884
53.99,-18.0,8.608695652173914,0.0,0.0,78.59850577656306,-0.4097016873914958,0.13550325010101505,2.460902453803284
54.0,-18.0,8.608695652173914,0.0,0.0,78.62709487575658,-0.409701673604812,0.13550326309333016,2.460902516178263
54.01,-18.0,10.173913043478262,0.0,0.0,78.65587016749836,-0.407793927416096,0.2601103495534638,2.453838479266941
54.02,-18.0,10.173913043478262,0.0,0.0,78.68481482971335,-0.4062607572447847,0.251379669049153,2.446979029963925
54.03,-18.0,10.173913043478262,0.0,0.0,78.713913325656,-0.40506205760893255,0.2432560447881933,2.440344525045686
54.04,-18.0,10.173913043478262,0.0,0.0,78.74315132063029,-0.4041609968402988,0.23570346423911426,2.4339520093567764
54.05,-18.0,10.173913043478262,0.0,0.0,78.77251560294117,-0.4035238153744911,0.22868763310782936,2.427815429117747
54.06,-18.0,10.173913043478262,0.0,0.0,78.80199400905092,-0.4031196272310509,0.22217591903989775,2.4219458494987665
54.07,-18.0,10.173913043478262,0.0,0.0,78.8315753528549,-0.4029202269312877,0.21613729506912094,2.416351673616979
54.08,-18.0,10.173913043478262,0.0,0.0,78.86124935895118,-0.40289990342801296,0.21054228365918226,2.4110388604678032
54.09,-18.0,10.173913043478262,0.0,0.0,78.89100659975301,-0.40303526209788587,0.20536290183342243,2.4060111396238413
54.1,-18.0,10.173913043478262,0.0,0.0,78.92083843627846,-0.40330505544357464,0.20057260763649132,2.4012702208386916
54.11,-18.0,10.173913043478262,0.0,0.0,78.95073696244476,-0.4036900228447651,0.19614624799840996,2.3968159969810805
54.12,-18.0,10.173913043478262,0.0,0.0,78.98069495269392,-0.40417273946450405,0.19206000795801126,2.3926467389974047
54.13,-18.0,10.173913043478262,0.0,0.0,79.0107058127788,-0.40473747424440276,0.1882913611340682,2.3887592818572454
54.14,-18.0,10.173913043478262,0.0,0.0,79.04076353354493,-0.40537005679664184,0.18481902129684258,2.3851492006724033
54.15,-18.0,10.173913043478262,0.0,0.0,79.07086264755033,-0.4060577529122833,0.18162289488245453,2.3818109763954487
54.16,-18.0,10.173913043478262,0.0,0.0,79.10099818837332,-0.406789148346683,0.1786840343015803,2.378738150696971
54.17,-18.0,10.173913043478262,0.0,0.0,79.13116565246732,-0.40755404050727795,0.17598459191880456,2.3759234697945977
54.18,-18.0,10.173913043478262,0.0,0.0,79.16136096342862,-0.4083433376511394,0.17350777461592837,2.373359017165897
54.19,-18.0,10.173913043478262,0.0,0.0,79.19158043855123,-0.409148965194583,0.1712377988968653,2.371036335224386
54.2,-18.0,10.173913043478262,0.0,0.0,79.22182075754866,-0.4099637787402417,0.16915984653758576,2.3689465361755535
54.21,-18.0,10.173913043478262,0.0,0.0,79.25207893332855,-0.4107814834345591,0.16726002082532299,2.3670804023965677
54.22,-18.0,10.173913043478262,0.0,0.0,79.2823522847111,-0.4115965592782038,0.16552530346079442,2.365428476793348
54.23,-18.0,10.173913043478262,0.0,0.0,79.31263841098647,-0.41240419202151535,0.16394351221256698,2.363981143678195
54.24,-18.0,10.173913043478262,0.0,0.0,79.34293516821124,-0.41320020928716583,0.1625032594129695,2.3627287007713234
54.25,-18.0,10.173913043478262,0.0,0.0,79.37324064714812,-0.413981021572704,0.161193911373813,2.361661422961261
54.26,-18.0,10.173913043478262,0.0,0.0,79.40355315275772,-0.4147435677978819,0.16000554878234152,2.360769618461287
54.27,-18.0,10.173913043478262,0.0,0.0,79.43387118515585,-0.41548526507629413,0.1589289281192363,2.360043677978048
54.28,-18.0,10.173913043478262,0.0,0.0,79.46419342195432,-0.416203962408187,0.15795544412591989,2.359474117471635
54.29,-18.0,10.173913043478262,0.0,0.0,79.49451870190762,-0.41689789801099275,0.1570770933407395,2.359051615042201
54.3,-18.0,10.173913043478262,0.0,0.0,79.52484600979166,-0.41756566002542206,0.15628643872338788,2.358767042433828
54.31,-18.0,10.173913043478262,0.0,0.0,79.55517446244467,-0.4182061503568133,0.1555765753926669,2.358611491606273
54.32,-18.0,10.173913043478262,0.0,0.0,79.58550329590304,-0.418818551432274,0.15494109751223206,2.3585762967943458
54.33,-18.0,10.173913043478262,0.0,0.0,79.61583185356771,-0.4194022956737027,0.15437406636861484,2.3586530524498706
54.34,-18.0,10.173913043478262,0.0,0.0,79.64615957533874,-0.41995703750357727,0.15386997969362237,2.358833627444938
54.35,-18.0,10.173913043478262,0.0,0.0,79.67648598765756,-0.42048262771479017,0.15342374228658995,2.359110175902028
54.36,-18.0,10.173913043478262,0.0,0.0,79.70681069439821,-0.42097909004743594,0.15303063799026773,2.3594751450059084
54.37,-18.0,10.173913043478262,0.0,0.0,79.73713336855052,-0.4214465998247561,0.1526863030671194,2.359921280140926
54.38,-18.0,10.173913043478262,0.0,0.0,79.76745374463967,-0.42188546450790776,0.15238670101114649,2.360441627683468
54.39,-18.0,10.173913043478262,0.0,0.0,79.79777161182896,-0.42229610603530787,0.15212809881533584,2.36102953576259
54.4,-18.0,10.173913043478262,0.0,0.0,79.82808680765415,-0.4226790448176476,0.15190704469778427,2.36167865328101
54.41,-18.0,10.173913043478262,0.0,0.0,79.85839921234036,-0.4230348852646686,0.15172034727209582,2.3623829274648798
54.42,-18.0,10.173913043478262,0.0,0.0,79.88870874365497,-0.4233643027247733,0.15156505613111504,2.36313660018475
54.43,-18.0,10.173913043478262,0.0,0.0,79.91901535225233,-0.4236680317239243,0.15143844379832794,2.3639342032621804
54.44,-18.0,10.173913043478262,0.0,0.0,79.94931901746911,-0.42394685539590227,0.15133798898933848,2.364770552949197
54.45,-18.0,10.173913043478262,0.0,0.0,79.97961974353186,-0.42420159600211527,0.15126136111677968,2.365640743740843
54.46,-18.0,10.173913043478262,0.0,0.0,80.00991755614093,-0.42443310644550336,0.15120640596609425,2.3665401416564804
54.47,-18.0,10.173913043478262,0.0,0.0,80.0402124993978,-0.42464226268972416,0.15117113246647385,2.3674643771030777
54.48,-18.0,10.173913043478262,0.0,0.0,80.07050463304532,-0.4248299570014811,0.15115370048053767,2.368409337414095
54.49,-18.0,10.173913043478262,0.0,0.0,80.10079402999324,-0.42499709194041513,0.1511524095376846,2.3693711591412914
54.5,-18.0,10.173913043478262,0.0,0.0,80.13108077410307,-0.4251445750273686,0.15116568843884748,2.370346220163132
54.51,-18.0,10.173913043478262,0.0,0.0,80.16136495820916,-0.42527331402796476,0.15119208566413367,2.3713311316620973
54.52,-18.0,10.173913043478262,0.0,0.0,80.19164668235452,-0.4253842127940708,0.1512302605193555,2.3723227300149152
54.53,-18.0,10.173913043478262,0.0,0.0,80.22192605222166,-0.42547816761102175,0.15127897496211273,2.373318068632689
54.54,-18.0,10.173913043478262,0.0,0.0,80.2522031777409,-0.4255560640033498,0.15133708605279728,2.3743144097825004
54.55,-18.0,10.173913043478262,0.0,0.0,80.28247817185947,-0.4256187739560795,0.15140353898051828,2.3753092164183345
54.56,-18.0,10.173913043478262,0.0,0.0,80.31275114945667,-0.42566715351263773,0.15147736061822892,2.376300144045936
54.57,-18.0,10.173913043478262,0.0,0.0,80.34302222639137,-0.42570204071404216,0.1515576535652352,2.377285032643425
54.58,-18.0,10.173913043478262,0.0,0.0,80.37329151866919,-0.4257242538471202,0.15164359063898192,2.3782618986580557
54.59,-18.0,10.173913043478262,0.0,0.0,80.40355914171818,-0.42573458997249114,0.15173440978113661,2.3792289270971794
54.6,-18.0,10.173913043478262,0.0,0.0,80.43382520976223,-0.42573382370553614,0.15182940934598477,2.380184463730374
54.61,-18.0,10.173913043478262,0.0,0.0,80.46408983528293,-0.42572270622594854,0.1519279437417027,2.3811270074180273
54.62,-18.0,10.173913043478262,0.0,0.0,80.49435312856068,-0.4257019644934794,0.1520294193974704,2.382055202580641
54.63,-18.0,10.173913043478262,0.0,0.0,80.52461519728742,-0.4256723006495069,0.15213329103136797,2.3829678318211607
54.64,-18.0,10.173913043478262,0.0,0.0,80.55487614624353,-0.42563439158562977,0.15223905819604866,2.3838638087121047
54.65,-18.0,10.173913043478262,0.0,0.0,80.58513607703196,-0.4255888886621251,0.15234626208082436,2.384742170757573
54.66,-18.0,10.173913043478262,0.0,0.0,80.61539508786382,-0.425536417560584,0.15245448255035043,2.385602072538704
54.67,-18.0,10.173913043478262,0.0,0.0,80.64565327338963,-0.4254775782562432,0.15256333540165912,2.3864427790505
54.68,-18.0,10.173913043478262,0.0,0.0,80.67591072457118,-0.4254129450967956,0.15267246982257376,2.387263659236347
54.69,-18.0,10.173913043478262,0.0,0.0,80.7061675285895,-0.42534306697561997,0.15278156603575443,2.388064179725174
54.7,-18.0,10.173913043478262,0.0,0.0,80.73642376878455,-0.4252684675882623,0.1528903331139171,2.388843898775719
54.71,-18.0,10.173913043478262,0.0,0.0,80.76667952462294,-0.42518964576208185,0.15299850695273487,2.389602460430611
54.72,-18.0,10.173913043478262,0.0,0.0,80.79693487169033,-0.42510707584976526,0.15310584838902863,2.390339588882347
54.73,-18.0,10.173913043478262,0.0,0.0,80.82718988170502,-0.4250212081782243,0.15321214145281092,2.3910550830523003
54.74,-18.0,10.173913043478262,0.0,0.0,80.85744462255047,-0.4249324695451959,0.15331719174258307,2.391748811382695
54.75,-18.0,10.173913043478262,0.0,0.0,80.8876991583236,-0.42484126375644893,0.1534208249142297,2.3924207068411953
54.76,-18.0,10.173913043478262,0.0,0.0,80.91795354939703,-0.42474797219725313,0.15352288527451585,2.3930707621364378
54.77,-18.0,10.173913043478262,0.0,0.0,80.94820785249304,-0.42465295443226303,0.15362323447101578,2.3936990251425967
54.78,-18.0,10.173913043478262,0.0,0.0,80.97846212076733,-0.4245565488285328,0.15372175027095425,2.394305594530389
54.79,-18.0,10.173913043478262,0.0,0.0,81.00871640390105,-0.42445907319693443,0.1538183254220128,2.3948906156010508
54.8,-18.0,10.173913043478262,0.0,0.0,81.03897074819949,-0.42436082544759923,0.15391286658885284,2.3954542763199718
54.81,-18.0,10.173913043478262,0.0,0.0,81.0692251966963,-0.42426208425555,0.15400529335950852,2.395996803545548
54.82,-18.0,10.173913043478262,0.0,0.0,81.09947978926185,-0.4241631097329823,0.15409553731641135,2.3965184594490396
54.83,-18.0,10.173913043478262,0.0,0.0,81.12973456271482,-0.42406414410504345,0.15418354116721922,2.3970195381206962
54.84,-18.0,10.173913043478262,0.0,0.0,81.159989550936,-0.423965412386335,0.15426925793099533,2.397500362356902
54.85,-18.0,10.173913043478262,0.0,0.0,81.1902447849837,-0.4238671230555837,0.1543526501757525,2.3979612806233614
54.86,-18.0,10.173913043478262,0.0,0.0,81.22050029320964,-0.42376946872622656,0.1544336893036976,2.3984026641890064
54.87,-18.0,10.173913043478262,0.0,0.0,81.25075610137515,-0.4236726268109936,0.154512354880743,2.398824904424733
54.88,-18.0,10.173913043478262,0.0,0.0,81.28101223276683,-0.42357676017864954,0.1545886340073126,2.3992284102618613
54.89,-18.0,10.173913043478262,0.0,0.0,81.31126870831126,-0.42348201780140116,0.1546625207275767,2.3996136058043565
54.9,-18.0,10.173913043478262,0.0,0.0,81.34152554668842,-0.42338853539162313,0.15473401547456178,2.399980928089153
54.91,-18.0,10.173913043478262,0.0,0.0,81.37178276444331,-0.4232964360266984,0.15480312454881606,2.400330824989064
54.92,-18.0,10.173913043478262,0.0,0.0,81.40204037609566,-0.4232058307609943,0.154869859628455,2.400663753252448
54.93,-18.0,10.173913043478262,0.0,0.0,81.43229839424728,-0.4231168192241077,0.15493423730861888,2.4009801766740355
54.94,-18.0,10.173913043478262,0.0,0.0,81.46255682968703,-0.4230294902046321,0.15499627866855958,2.40128056439148
54.95,-18.0,10.173913043478262,0.0,0.0,81.49281569149294,-0.4229439222188558,0.15505600886466997,2.4015653893020525
54.96,-18.0,10.173913043478262,0.0,0.0,81.52307498713171,-0.4228601840639241,0.15511345674790977,2.401835126593975
54.97,-18.0,10.173913043478262,0.0,0.0,81.55333472255518,-0.4227783353550085,0.1551686545042701,2.402090252387429
54.98,-18.0,10.173913043478262,0.0,0.0,81.58359490229377,-0.42269842704624727,0.15522163731691418,2.402331242479743
54.99,-18.0,10.173913043478262,0.0,0.0,81.61385552954687,-0.42262050193520606,0.15527244304881405,2.402558571189874
55.0,-18.0,10.173913043478262,0.0,0.0,81.64411660627007,-0.4225445951507232,0.15532111194475995,2.402772710297241
55.01,-18.0,10.173913043478262,0.0,0.0,81.67437813325928,-0.4224707346240677,0.15536768635169362,2.402974128070109
55.02,-18.0,10.173913043478262,0.0,0.0,81.7046401102316,-0.42239894154339463,0.15541221045639797,2.4031632883788943
55.03,-18.0,10.173913043478262,0.0,0.0,81.73490253590306,-0.42232923079153917,0.15545473003963872,2.403340649889906
55.04,-18.0,10.173913043478262,0.0,0.0,81.76516540806327,-0.42226161136724527,0.15549529224590075,2.403506665335138
55.05,-18.0,10.173913043478262,0.0,0.0,81.79542872364684,-0.4221960867899641,0.15553394536792398,2.403661780853907
55.06,-18.0,10.173913043478262,0.0,0.0,81.82569247880176,-0.42213265548837753,0.1555707386453119,2.4038064354024016
55.07,-18.0,10.173913043478262,0.0,0.0,81.85595666895476,-0.42207131117289753,0.1556057220764635,2.403941060227005
55.08,-18.0,10.173913043478262,0.0,0.0,81.88622128887367,-0.422012043192336,0.15563894624320884,2.4040660783978725
55.09,-18.0,10.173913043478262,0.0,0.0,81.91648633272679,-0.4219548368750381,0.15567046214749325,2.404181904399038
55.1,-18.0,10.173913043478262,0.0,0.0,81.94675179413946,-0.42189967385476823,0.1557003210595158,2.40428894377157
55.11,-18.0,10.173913043478262,0.0,0.0,81.97701766624776,-0.42184653238164893,0.15572857437676357,2.4043875928065366
55.12,-18.0,10.173913043478262,0.0,0.0,82.00728394174958,-0.4217953876185039,0.15575527349338303,2.404478238284465
55.13,-18.0,10.173913043478262,0.0,0.0,82.03755061295287,-0.4217462119229036,0.15578046967941894,2.404561257258504
55.14,-18.0,10.173913043478262,0.0,0.0,82.06781767182147,-0.4216989751153353,0.1558042139693675,2.40463701687804
55.15,-18.0,10.173913043478262,0.0,0.0,82.0980851100183,-0.4216536447337955,0.15582655705963822,2.4047058742503347
55.16,-18.0,10.173913043478262,0.0,0.0,82.12835291894622,-0.42161018627524083,0.15584754921442412,2.404768176337237
55.17,-18.0,10.173913043478262,0.0,0.0,82.15862108978645,-0.421568563424219,0.15586724017960396,2.404824259884752
55.18,-18.0,10.173913043478262,0.0,0.0,82.18888961353477,-0.4215287382691151,0.15588567910422013,2.404874451382803
55.19,-18.0,10.173913043478262,0.0,0.0,82.21915848103554,-0.4214906715063862,0.15590291446915283,2.404919067052993
55.2,-18.0,10.173913043478262,0.0,0.0,82.24942768301352,-0.42145432263314375,0.15591899402264375,2.4049584128623573
55.21,-18.0,10.173913043478262,0.0,0.0,82.2796972101038,-0.4214196501285348,0.15593396472224552,2.404992784560734
55.22,-18.0,10.173913043478262,0.0,0.0,82.30996705287963,-0.42138661162424973,0.15594787268291288,2.4050224677401313
55.23,-18.0,10.173913043478262,0.0,0.0,82.34023720187841,-0.4213551640645865,0.15596076313085494,2.4050477379140083
55.24,-18.0,10.173913043478262,0.0,0.0,82.37050764762597,-0.42132526385644686,0.1559726803628424,2.405068860614799
55.25,-18.0,10.173913043478262,0.0,0.0,82.40077838065899,-0.421296867009624,0.15598366771067373,2.4050860915081023
55.26,-18.0,10.173913043478262,0.0,0.0,82.43104939154584,-0.4212699292677968,0.155993767510478,2.4050996765218184
55.27,-18.0,10.173913043478262,0.0,0.0,82.46132067090582,-0.42124440623057047,0.15600302107658692,2.4051098519888856
55.28,-18.0,10.173913043478262,0.0,0.0,82.49159220942686,-0.4212202534669407,0.15601146867970417,2.405116844802207
55.29,-18.0,10.173913043478262,0.0,0.0,82.52186399788184,-0.42119742662056336,0.1560191495290747,2.4051208725802975
55.3,-18.0,10.173913043478262,0.0,0.0,82.55213602714349,-0.42117588150713203,0.15602610175846532,2.405122143842751
55.31,-18.0,10.173913043478262,0.0,0.0,82.58240828819798,-0.4211555742042645,0.15603236241564478,2.405120858193999
55.32,-18.0,10.173913043478262,0.0,0.0,82.61268077215726,-0.4211364611342021,0.15603796745517795,2.405117206514541
55.33,-18.0,10.173913043478262,0.0,0.0,82.64295347027026,-0.4211184991396755,0.15604295173428118,2.405111371158438
55.34,-18.0,10.173913043478262,0.0,0.0,82.67322637393292,-0.4211016455532366,0.15604734901154937,2.4051035261562825
55.35,-18.0,10.173913043478262,0.0,0.0,82.70349947469717,-0.42108585826038136,0.1560511919483435,2.4050938374226827
55.36,-18.0,10.173913043478262,0.0,0.0,82.7337727642789,-0.4210710957567958,0.1560545121126118,2.4050824629672825
55.37,-18.0,10.173913043478262,0.0,0.0,82.76404623456499,-0.4210573171999743,0.15605733998501004,2.405069553108814
55.38,-18.0,10.173913043478262,0.0,0.0,82.79431987761943,-0.4210444824555397,0.15605970496709964,2.4050552506912304
55.39,-18.0,10.173913043478262,0.0,0.0,82.8245936856886,-0.42103255213852675,0.15606163539147289,2.405039691301353
55.4,-18.0,10.173913043478262,0.0,0.0,82.85486765120572,-0.42102148764990766,0.15606315853363462,2.405023003487371
55.41,-18.0,10.173913043478262,0.0,0.0,82.88514176679463,-0.4210112512086224,0.1560643006254857,2.4050053089776116
55.42,-18.0,10.173913043478262,0.0,0.0,82.91541602527272,-0.42100180587935343,0.15606508687027731,2.4049867228991295
55.43,-18.0,10.173913043478262,0.0,0.0,82.94569041965336,-0.4209931155963349,0.1560655414588471,2.4049673539953824
55.44,-18.0,10.173913043478262,0.0,0.0,82.9759649431476,-0.42098514518336394,0.1560656875870784,2.404947304842909
55.45,-18.0,10.173913043478262,0.0,0.0,83.00623958916538,-0.42097786037031626,0.15606554747437706,2.4049266720661913
55.46,-18.0,10.173913043478262,0.0,0.0,83.03651435131607,-0.42097122780632157,0.1560651423831162,2.404905546550689
55.47,-18.0,10.173913043478262,0.0,0.0,83.06678922340869,-0.4209652150698626,0.15606449263887745,2.40488401365338
55.48,-18.0,10.173913043478262,0.0,0.0,83.0970641994515,-0.420959790675967,0.15606361765142074,2.404862153410708
55.49,-18.0,10.173913043478262,0.0,0.0,83.12733927365124,-0.4209549240807018,0.15606253593626385,2.404840040743559
55.5,-18.0,10.173913043478262,0.0,0.0,83.157614440412,-0.4209505856831486,0.15606126513678664,2.404817745659048
55.51,-18.0,10.173913043478262,0.0,0.0,83.18788969433362,-0.4209467468250587,0.15605982204675284,2.4047953334488104
55.52,-18.0,10.173913043478262,0.0,0.0,83.21816503020986,-0.4209433797883355,0.15605822263318225,2.4047728648836744
55.53,-18.0,10.173913043478262,0.0,0.0,83.24844044302623,-0.4209404577905178,0.15605648205949585,2.404750396404526
55.54,-18.0,10.173913043478262,0.0,0.0,83.27871592795749,-0.420937954978428,0.15605461470884485,2.40472798030915
55.55,-18.0,10.173913043478262,0.0,0.0,83.30899148036498,-0.4209358464201214,0.1560526342075692,2.4047056649349745
55.56,-18.0,10.173913043478262,0.0,0.0,83.33926709579366,-0.4209341080953022,0.15605055344870178,2.404683494837486
55.57,-18.0,10.173913043478262,0.0,0.0,83.36954276996894,-0.4209327168842967,0.15604838461550075,2.404661510964456
55.58,-18.0,10.173913043478262,0.0,0.0,83.39981849879338,-0.4209316505557712,0.15604613920489818,2.404639750825588
55.59,-18.0,10.173913043478262,0.0,0.0,83.43009427834318,-0.42093088775328047,0.15604382805084738,2.4046182486576893
55.6,-18.0,10.173913043478262,0.0,0.0,83.46037010486452,-0.4209304079807503,0.15604146134753905,2.4045970355854323
55.61,-18.0,10.173913043478262,0.0,0.0,83.49064597476985,-0.4209301915870556,0.1560390486723897,2.404576139777352
55.62,-18.0,10.173913043478262,0.0,0.0,83.52092188463392,-0.42093021974974176,0.15603659900881472,2.4045555865973696
55.63,-18.0,10.173913043478262,0.0,0.0,83.55119783118994,-0.4209304744580378,0.15603412076871015,2.4045353987515834
55.64,-18.0,10.173913043478262,0.0,0.0,83.58147381132545,-0.4209309384952027,0.15603162181465002,2.4045155964305804
55.65,-18.0,10.173913043478262,0.0,0.0,83.61174982207825,-0.42093159542033476,0.15602910948173576,2.404496197447061
55.66,-18.0,10.173913043478262,0.0,0.0,83.64202586063226,-0.420932429549723,0.1560265905990721,2.4044772173688274
55.67,-18.0,10.173913043478262,0.0,0.0,83.67230192431333,-0.4209334259377844,0.15602407151087594,2.4044586696473247
55.68,-18.0,10.173913043478262,0.0,0.0,83.70257801058506,-0.42093457035769455,0.15602155809716622,2.404440565741608
55.69,-18.0,10.173913043478262,0.0,0.0,83.73285411704457,-0.42093584928177363,0.15601905579402375,2.4044229152378125
55.7,-18.0,10.173913043478262,0.0,0.0,83.76313024141828,-0.42093724986166614,0.15601656961342147,2.404405725964292
55.71,-18.0,10.173913043478262,0.0,0.0,83.79340638155773,-0.42093875990842,0.15601410416257577,2.404389004102269
55.72,-18.0,10.173913043478262,0.0,0.0,83.8236825354354,-0.420940367872479,0.15601166366283903,2.4043727542922593
55.73,-18.0,10.173913043478262,0.0,0.0,83.85395870114051,-0.42094206282365,0.156009251968122,2.4043569797363125
55.74,-18.0,10.173913043478262,0.0,0.0,83.88423487687497,-0.4209438344311136,0.1560068725828081,2.4043416822959967
55.75,-18.0,10.173913043478262,0.0,0.0,83.91451106094921,-0.4209456729434973,0.15600452867918801,2.4043268625863794
55.76,-18.0,10.173913043478262,0.0,0.0,83.94478725177822,-0.42094756916907117,0.1560022231143814,2.4043125200659525
55.77,-18.0,10.173913043478262,0.0,0.0,83.97506344787755,-0.4209495144560804,0.15599995844677395,2.404298653122735
55.78,-18.0,10.173913043478262,0.0,0.0,84.00533964785933,-0.4209515006732758,0.15599773695193475,2.4042852591564743
55.79,-18.0,10.173913043478262,0.0,0.0,84.03561585042853,-0.42095352019066623,0.15599556063802644,2.4042723346571044
55.8,-18.0,10.173913043478262,0.0,0.0,84.06589205437903,-0.4209555658604909,0.15599343126073562,2.404259875279697
55.81,-18.0,10.173913043478262,0.0,0.0,84.09616825859001,-0.4209576309985015,0.1559913503376661,2.4042478759156674
55.82,-18.0,10.173913043478262,0.0,0.0,84.12644446202225,-0.4209597093655142,0.15598931916225411,2.4042363307606593
55.83,-18.0,10.173913043478262,0.0,0.0,84.15672066371458,-0.42096179514928345,0.15598733881718863,2.404225233379065
55.84,-18.0,10.173913043478262,0.0,0.0,84.18699686278039,-0.4209638829467133,0.1559854101873357,2.4042145767652534
55.85,-18.0,10.173913043478262,0.0,0.0,84.2172730584042,-0.4209659677464239,0.15598353397217646,2.404204353401645
55.86,-18.0,10.173913043478262,0.0,0.0,84.2475492498384,-0.4209680449116906,0.15598171069776112,2.4041945553136705
55.87,-18.0,10.173913043478262,0.0,0.0,84.27782543639995,-0.4209701101637435,0.15597994072821053,2.404185174121884
55.88,-18.0,10.173913043478262,0.0,0.0,84.30810161746727,-0.42097215956547784,0.15597822427673447,2.4041762010910874
55.89,-18.0,10.173913043478262,0.0,0.0,84.33837779247717,-0.4209741895055561,0.15597656141620175,2.404167627176722
55.9,-18.0,10.173913043478262,0.0,0.0,84.36865396092189,-0.4209761966829195,0.15597495208926193,2.4041594430685813
55.91,-18.0,10.173913043478262,0.0,0.0,84.39893012234619,-0.42097817809171145,0.15597339611803085,2.404151639231945
55.92,-18.0,10.173913043478262,0.0,0.0,84.42920627634456,-0.4209801310066188,0.15597189321334892,2.4041442059462215
55.93,-18.0,10.173913043478262,0.0,0.0,84.45948242255858,-0.42098205296865077,0.15597044298360185,2.4041371333411106
55.94,-18.0,10.173913043478262,0.0,0.0,84.4897585606742,-0.4209839417713037,0.15596904494317565,2.404130411430672
55.95,-18.0,10.173913043478262,0.0,0.0,84.52003469041932,-0.4209857954472058,0.15596769852045378,2.4041240301448714
55.96,-18.0,10.173913043478262,0.0,0.0,84.55031081156126,-0.42098761225513126,0.15596640306548448,2.404117979359309
55.97,-18.0,10.173913043478262,0.0,0.0,84.58058692390445,-0.4209893906674791,0.1559651578572281,2.404112248922677
55.98,-18.0,10.173913043478262,0.0,0.0,84.61086302728816,-0.4209911293581581,0.15596396211045538,2.404106828682364
55.99,-18.0,10.173913043478262,0.0,0.0,84.64113912158435,-0.42099282719089093,0.15596281498228826,2.4041017085081697
56.0,-18.0,10.173913043478262,0.0,0.0,84.67141520669549,-0.42099448320793,0.1559617155784001,2.4040968783142715
56.01,-18.0,10.173913043478262,0.0,0.0,84.70169128255264,-0.4209960966192061,0.1559606629588618,2.4040923280793547
56.02,-18.0,10.173913043478262,0.0,0.0,84.73196734911348,-0.4209976667918476,0.15595965614369622,2.4040880478653066
56.03,-18.0,10.173913043478262,0.0,0.0,84.7622434063604,-0.4209991932401398,0.15595869411808638,2.404084027834155
56.04,-18.0,10.173913043478262,0.0,0.0,84.79251945429883,-0.4210006756158542,0.15595777583730353,2.404080258263656
56.05,-18.0,10.173913043478262,0.0,0.0,84.82279549295545,-0.4210021136989688,0.15595690023134012,2.404076729561452
56.06,-18.0,10.173913043478262,0.0,0.0,84.85307152237664,-0.4210035073887872,0.15595606620925018,2.4040734322778228
56.07,-18.0,10.173913043478262,0.0,0.0,84.88334754262685,-0.42100485669540366,0.15595527266324138,2.404070357117292
56.08,-18.0,10.173913043478262,0.0,0.0,84.9136235537872,-0.4210061617315697,0.1559545184724792,2.404067494948871
56.09,-18.0,10.173913043478262,0.0,0.0,84.94389955595403,-0.4210074227048861,0.15595380250666746,2.4040648368153184
56.1,-18.0,10.173913043478262,0.0,0.0,84.97417554923756,-0.4210086399103681,0.15595312362937275,2.40406237394122
56.11,-18.0,10.173913043478262,0.0,0.0,85.00445153376062,-0.42100981372334667,0.15595248070112222,2.4040600977400772
56.12,-18.0,10.173913043478262,0.0,0.0,85.03472750965743,-0.4210109445926944,0.15595187258228882,2.404057999820482
56.13,-18.0,10.173913043478262,0.0,0.0,85.06500347707247,-0.4210120330343934,0.1559512981357526,2.404056071991305
56.14,-18.0,10.173913043478262,0.0,0.0,85.09527943615937,-0.4210130796254108,0.15595075622936494,2.4040543062660733
56.15,-18.0,10.173913043478262,0.0,0.0,85.12555538707993,-0.4210140849978743,0.1559502457382298,2.4040526948665932
56.16,-18.0,10.173913043478262,0.0,0.0,85.15583133000305,-0.42101504983355476,0.1559497655467914,2.4040512302257793
56.17,-18.0,10.173913043478262,0.0,0.0,85.18610726510391,-0.4210159748586393,0.15594931455074534,2.404049904989771
56.18,-18.0,10.173913043478262,0.0,0.0,85.21638319256306,-0.421016860838783,0.15594889165878612,2.404048712019416
56.19,-18.0,10.173913043478262,0.0,0.0,85.24665911256558,-0.4210177085744222,0.15594849579420278,2.404047644391185
56.2,-18.0,10.173913043478262,0.0,0.0,85.27693502530039,-0.4210185188963691,0.15594812589630858,2.404046695397428
56.21,-18.0,10.173913043478262,0.0,0.0,85.30721093095944,-0.4210192926616354,0.15594778092174721,2.404045858546226
56.22,-18.0,10.173913043478262,0.0,0.0,85.3374868297371,-0.421020030749524,0.15594745984564384,2.4040451275606305
56.23,-18.0,10.173913043478262,0.0,0.0,85.36776272182954,-0.42102073405794904,0.15594716166263434,2.4040444963775043
56.24,-18.0,10.173913043478262,0.0,0.0,85.39803860743406,-0.42102140349996,0.15594688538779344,2.4040439591460543
56.25,-18.0,10.173913043478262,0.0,0.0,85.42831448674865,-0.42102204000052534,0.1559466300574105,2.4040435102257747
56.26,-18.0,10.173913043478262,0.0,0.0,85.4585903599714,-0.4210226444934919,0.15594639472968974,2.40404314418422
56.27,-18.0,10.173913043478262,0.0,0.0,85.48886622730006,-0.4210232179187623,0.155946178485333,2.404042855794381
56.28,-18.0,10.173913043478262,0.0,0.0,85.51914208893164,-0.42102376121966056,0.15594598042802976,2.404042640031784
56.29,-18.0,10.173913043478262,0.0,0.0,85.54941794506195,-0.42102427534048315,0.15594579968486277,2.404042492071354
56.3,-18.0,10.173913043478262,0.0,0.0,85.57969379588523,-0.42102476122422683,0.1559456354066231,2.40404240728402
56.31,-18.0,10.173913043478262,0.0,0.0,85.60996964159386,-0.42102521981048646,0.15594548676805198,2.4040423812331357
56.32,-18.0,10.173913043478262,0.0,0.0,85.64024548237802,-0.42102565203352427,0.15594535296799683,2.4040424096706468
56.33,-18.0,10.173913043478262,0.0,0.0,85.67052131842541,-0.42102605882047617,0.15594523322951837,2.404042488533202
56.34,-18.0,10.173913043478262,0.0,0.0,85.70079714992099,-0.4210264410897089,0.1559451267999299,2.4040426139381017
56.35,-18.0,10.173913043478262,0.0,0.0,85.73107297704675,-0.4210267997493453,0.15594503295074924,2.4040427821789727
56.36,-18.0,10.173913043478262,0.0,0.0,85.76134879998153,-0.42102713569587835,0.15594495097764316,2.404042989721591
56.37,-18.0,10.173913043478262,0.0,0.0,85.79162461890081,-0.4210274498129474,0.15594488020028419,2.4040432331994226
56.38,-18.0,10.173913043478262,0.0,0.0,85.82190043397654,-0.4210277429702183,0.15594481996217913,2.4040435094091883
56.39,-18.0,10.173913043478262,0.0,0.0,85.85217624537701,-0.4210280160223867,0.1559447696304449,2.4040438153063275
56.4,-18.0,10.173913043478262,0.0,0.0,85.88245205326675,-0.421028269808283,0.15594472859555442,2.4040441480004664
56.41,-18.0,10.173913043478262,0.0,0.0,85.91272785780636,-0.42102850515007684,0.15594469627104557,2.4040445047508574
56.42,-18.0,10.173913043478262,0.0,0.0,85.9430036591525,-0.42102872285259574,0.15594467209318652,2.4040448829617365
56.43,-18.0,10.173913043478262,0.0,0.0,85.97327945745775,-0.4210289237027134,0.1559446555206283,2.404045280177777
56.44,-18.0,10.173913043478262,0.0,0.0,86.0035552528706,-0.42102910846883423,0.1559446460340238,2.404045694079508
56.45,-18.0,10.173913043478262,0.0,0.0,86.03383104553538,-0.42102927790046607,0.1559446431356163,2.40404612247871
56.46,-18.0,10.173913043478262,0.0,0.0,86.06410683559223,-0.4210294327278472,0.15594464634882677,2.404046563313953
56.47,-18.0,10.173913043478262,0.0,0.0,86.09438262317708,-0.42102957366167226,0.15594465521779788,2.4040470146460255
56.48,-18.0,10.173913043478262,0.0,0.0,86.12465840842167,-0.4210297013928612,0.15594466930694428,2.4040474746535407
56.49,-18.0,10.173913043478262,0.0,0.0,86.15493419145349,-0.42102981659240646,0.15594468820047547,2.404047941628502
56.5,-18.0,10.173913043478262,0.0,0.0,86.18520997239588,-0.4210299199112679,0.15594471150191225,2.4040484139719767
56.51,-18.0,10.173913043478262,0.0,0.0,86.21548575136796,-0.4210300119803254,0.15594473883359972,2.40404889018984
56.52,-18.0,10.173913043478262,0.0,0.0,86.24576152848472,-0.421030093410385,0.15594476983619743,2.4040493688885363
56.53,-18.0,10.173913043478262,0.0,0.0,86.27603730385702,-0.42103016479222943,0.15594480416817624,2.4040498487709527
56.54,-18.0,10.173913043478262,0.0,0.0,86.30631307759167,-0.4210302266967054,0.15594484150530918,2.4040503286323887
56.55,-18.0,10.173913043478262,0.0,0.0,86.33658884979145,-0.42103027967486795,0.15594488154014963,2.4040508073565325
56.56,-18.0,10.173913043478262,0.0,0.0,86.36686462055519,-0.42103032425812903,0.15594492398153148,2.4040512839116674
56.57,-18.0,10.173913043478262,0.0,0.0,86.39714038997778,-0.4210303609584778,0.15594496855403983,2.404051757346791
56.58,-18.0,10.173913043478262,0.0,0.0,86.42741615815031,-0.4210303902687125,0.15594501499749447,2.4040522267879005
56.59,-18.0,10.173913043478262,0.0,0.0,86.45769192516009,-0.4210304126626885,0.15594506306645184,2.404052691434452
56.6,-18.0,10.173913043478262,0.0,0.0,86.48796769109073,-0.4210304285956097,0.15594511252968846,2.4040531505558005
56.61,-18.0,10.173913043478262,0.0,0.0,86.5182434560222,-0.42103043850433863,0.15594516316969487,2.4040536034877644
56.62,-18.0,10.173913043478262,0.0,0.0,86.54851922003098,-0.4210304428077294,0.1559452147821715,2.4040540496292686
56.63,-18.0,10.173913043478262,0.0,0.0,86.57879498319005,-0.42103044190695793,0.15594526717555057,2.4040544884392037
56.64,-18.0,10.173913043478262,0.0,0.0,86.60907074556901,-0.42103043618589453,0.15594532017049623,2.4040549194332197
56.65,-18.0,10.173913043478262,0.0,0.0,86.63934650723421,-0.4210304260114839,0.1559453735994234,2.4040553421806776
56.66,-18.0,10.173913043478262,0.0,0.0,86.66962226824876,-0.4210304117341195,0.15594542730603456,2.4040557563017697
56.67,-18.0,10.173913043478262,0.0,0.0,86.69989802867266,-0.42103039368804795,0.15594548114485351,2.404056161464649
56.68,-18.0,10.173913043478262,0.0,0.0,86.73017378856291,-0.42103037219177875,0.15594553498076313,2.4040565573826562
56.69,-18.0,10.173913043478262,0.0,0.0,86.76044954797355,-0.42103034754849267,0.15594558868856667,2.404056943811702
56.7,-18.0,10.173913043478262,0.0,0.0,86.79072530695578,-0.4210303200464538,0.1559456421525559,2.4040573205477376
56.71,-18.0,10.173913043478262,0.0,0.0,86.82100106555802,-0.4210302899594429,0.15594569526607538,2.4040576874242436
56.72,-18.0,10.173913043478262,0.0,0.0,86.85127682382607,-0.42103025754718293,0.15594574793110538,2.404058044309858
56.73,-18.0,10.173913043478262,0.0,0.0,86.8815525818031,-0.4210302230557512,0.15594580005787062,2.4040583911061746
56.74,-18.0,10.173913043478262,0.0,0.0,86.91182833952983,-0.42103018671802106,0.15594585156443097,2.4040587277454857
56.75,-18.0,10.173913043478262,0.0,0.0,86.94210409704455,-0.42103014875408284,0.15594590237630268,2.404059054188715
56.76,-18.0,10.173913043478262,0.0,0.0,86.97237985438323,-0.42103010937166907,0.155945952426085,2.4040593704234046
56.77,-18.0,10.173913043478262,0.0,0.0,87.00265561157964,-0.42103006876657667,0.1559460016530967,2.404059676461793
56.78,-18.0,10.173913043478262,0.0,0.0,87.03293136866537,-0.4210300271230878,0.1559460500030253,2.4040599723389735
56.79,-18.0,10.173913043478262,0.0,0.0,87.06320712566999,-0.4210299846143877,0.15594609742758236,2.4040602581111186
56.8,-18.0,10.173913043478262,0.0,0.0,87.09348288262106,-0.421029941402967,0.15594614388418238,2.4040605338538454
56.81,-18.0,10.173913043478262,0.0,0.0,87.12375863954425,-0.4210298976410347,0.1559461893356182,2.404060799660583
56.82,-18.0,10.173913043478262,0.0,0.0,87.1540343964634,-0.42102985347091626,0.15594623374975214,2.404061055641047
56.83,-18.0,10.173913043478262,0.0,0.0,87.18431015340065,-0.4210298090254516,0.1559462770992167,2.4040613019197727
56.84,-18.0,10.173913043478262,0.0,0.0,87.21458591037643,-0.4210297644283709,0.15594631936113845,2.4040615386347923
56.85,-18.0,10.173913043478262,0.0,0.0,87.2448616674096,-0.4210297197946802,0.15594636051685562,2.404061765936294
56.86,-18.0,10.173913043478262,0.0,0.0,87.2751374245175,-0.42102967523104073,0.1559464005516451,2.4040619839853385
56.87,-18.0,10.173913043478262,0.0,0.0,87.30541318171603,-0.42102963083612144,0.15594643945447983,2.4040621929527495
56.88,-18.0,10.173913043478262,0.0,0.0,87.33568893901972,-0.42102958670095814,0.15594647721778077,2.4040623930179867
56.89,-18.0,10.173913043478262,0.0,0.0,87.36596469644175,-0.4210295429093054,0.1559465138371765,2.404062584368068
56.9,-18.0,10.173913043478262,0.0,0.0,87.3962404539941,-0.4210294995379751,0.15594654931127938,2.4040627671965837
56.91,-18.0,10.173913043478262,0.0,0.0,87.42651621168754,-0.42102945665716396,0.15594658364147307,2.404062941702782
56.92,-18.0,10.173913043478262,0.0,0.0,87.45679196953175,-0.4210294143307751,0.15594661683170474,2.404063108090685
56.93,-18.0,10.173913043478262,0.0,0.0,87.48706772753533,-0.4210293726167351,0.15594664888828547,2.4040632665682464
56.94,-18.0,10.173913043478262,0.0,0.0,87.51734348570588,-0.4210293315672886,0.15594667981970955,2.404063417346622
56.95,-18.0,10.173913043478262,0.0,0.0,87.54761924405004,-0.4210292912293052,0.15594670963646395,2.4040635606393828
56.96,-18.0,10.173913043478262,0.0,0.0,87.57789500257357,-0.4210292516445564,0.1559467383508646,2.404063696661881
56.97,-18.0,10.173913043478262,0.0,0.0,87.6081707612814,-0.42102921284999884,0.15594676597688872,2.4040638256305886
56.98,-18.0,10.173913043478262,0.0,0.0,87.63844652017767,-0.4210291748780326,0.15594679253002708,2.4040639477625474
56.99,-18.0,10.173913043478262,0.0,0.0,87.66872227926575,-0.42102913775676454,0.15594681802713406,2.404064063274811
57.0,-18.0,10.173913043478262,0.0,0.0,87.69899803854834,-0.4210291015102592,0.15594684248628643,2.40406417238392
57.01,-18.0,11.73913043478261,0.0,0.0,87.72944607513377,-0.419226835702883,0.28129171243741147,2.3955423370497235
57.02,-18.0,11.73913043478261,0.0,0.0,87.76005172151393,-0.41775119677115713,0.2732161978084908,2.3872909347970768
57.03,-18.0,11.73913043478261,0.0,0.0,87.79080138404868,-0.4165683161057887,0.2656716995058337,2.3793280319112813
57.04,-18.0,11.73913043478261,0.0,0.0,87.82168247515234,-0.41564698291674396,0.2586284614185832,2.371668784052437
57.05,-18.0,11.73913043478261,0.0,0.0,87.85268334903192,-0.41495848532585455,0.25205812278927053,2.3643256010950005
57.06,-18.0,11.73913043478261,0.0,0.0,87.88379324089263,-0.41447645502324604,0.24593366343479595,2.3573083165446946
57.07,-18.0,11.73913043478261,0.0,0.0,87.91500220949906,-0.4141767166983463,0.24022935096899833,2.3506243595016727
57.08,-18.0,11.73913043478261,0.0,0.0,87.94630108296224,-0.4140371430983756,0.23492069025119844,2.3442789273182756
57.09,-18.0,11.73913043478261,0.0,0.0,87.97768140761265,-0.4140375162841261,0.22998437511797387,2.3382751572840568
57.1,-18.0,11.73913043478261,0.0,0.0,88.00913539981475,-0.4141593954304028,0.22539824233924766,2.3326142958597154
57.11,-18.0,11.73913043478261,0.0,0.0,88.04065590057726,-0.4143859913453818,0.2211412276635205,2.3272958641721795
57.12,-18.0,11.73913043478261,0.0,0.0,88.07223633281646,-0.4147020477500001,0.21719332377176592,2.322317818671888
57.13,-18.0,11.73913043478261,0.0,0.0,88.10387066113366,-0.4150937292573973,0.21353553993800012,2.317676706038269
57.14,-18.0,11.73913043478261,0.0,0.0,88.13555335397375,-0.4155485159173231,0.2101498631906683,2.3133678115961382
57.15,-18.0,11.73913043478261,0.0,0.0,88.16727934803816,-0.4160551041360159,0.20701922077805224,2.3093853006723055
57.16,-18.0,11.73913043478261,0.0,0.0,88.19904401483213,-0.416603313744047,0.20412744375909675,2.30572235247666
57.17,-18.0,11.73913043478261,0.0,0.0,88.230843129233,-0.41718400095965724,0.2014592315650393,2.3023712862332917
57.18,-18.0,11.73913043478261,0.0,0.0,88.26267283997281,-0.41778897698006867,0.19900011740455148,2.2993236794152416
57.19,-18.0,11.73913043478261,0.0,0.0,88.29452964193449,-0.4184109319259921,0.1967364344132847,2.296570478049562
57.2,-18.0,11.73913043478261,0.0,0.0,88.32641035016681,-0.41904336386283103,0.1946552824761103,2.2941020991585015
57.21,-18.0,11.73913043478261,0.0,0.0,88.35831207552849,-0.4196805126246024,0.19274449567528928,2.2919085254863774
57.22,-18.0,11.73913043478261,0.0,0.0,88.39023220187677,-0.42031729817206664,0.19099261033938186,2.289979392730268
57.23,-18.0,11.73913043478261,0.0,0.0,88.42216836472014,-0.42094926322403037,0.189388833685603,2.288304069546937
57.24,-18.0,11.73913043478261,0.0,0.0,88.45411843125883,-0.421572519909851,0.18792301306232972,2.2868717306478032
57.25,-18.0,11.73913043478261,0.0,0.0,88.4860804817408,-0.42218370020124496,0.1865856058092089,2.2856714233206814
57.26,-18.0,11.73913043478261,0.0,0.0,88.51805279206366,-0.4227799098922682,0.18536764976034836,2.284692127733146
57.27,-18.0,11.73913043478261,0.0,0.0,88.55003381755685,-0.42335868590770387,0.1842607344218704,2.283922811378982
57.28,-18.0,11.73913043478261,0.0,0.0,88.58202217788072,-0.42391795673156385,0.1832569728593535,2.283352478029778
57.29,-18.0,11.73913043478261,0.0,0.0,88.6140166429818,-0.42445600575894016,0.18234897433347508,2.2829702115492556
57.3,-18.0,11.73913043478261,0.0,0.0,88.64601612004628,-0.42497143738571297,0.1815298177235588,2.282765214920047
57.31,-18.0,11.73913043478261,0.0,0.0,88.67801964139574,-0.4254631456614595,0.18079302577873912,2.2827268448227116
57.32,-18.0,11.73913043478261,0.0,0.0,88.710026353271,-0.42593028534104227,0.1801325402349645,2.282844642095563
57.33,-18.0,11.73913043478261,0.0,0.0,88.74203550545259,-0.4263722451799723,0.17954269783283439,2.2831083583904004
57.34,-18.0,11.73913043478261,0.0,0.0,88.7740464416675,-0.42678862332741563,0.17901820726662565,2.283507979325169
57.35,-18.0,11.73913043478261,0.0,0.0,88.80605859073432,-0.4271792046788221,0.17855412708888174,2.284033744419231
57.36,-18.0,11.73913043478261,0.0,0.0,88.83807145840052,-0.42754394005774654,0.1781458445878379,2.2846761640798534
57.37,-18.0,11.73913043478261,0.0,0.0,88.87008461982737,-0.4278829271034592,0.1777890556473406,2.285426033891121
57.38,-18.0,11.73913043478261,0.0,0.0,88.90209771268015,-0.4281963927475225,0.17747974559111046,2.286274446438602
57.39,-18.0,11.73913043478261,0.0,0.0,88.93411043078316,-0.42848467716897876,0.1772141710054469,2.2872128008840877
57.4,-18.0,11.73913043478261,0.0,0.0,88.96612251830075,-0.4287482191237202,0.17698884252754765,2.288232810487871
57.41,-18.0,11.73913043478261,0.0,0.0,88.99813376440781,-0.4289875425496992,0.17680050858013885,2.2893265082577328
57.42,-18.0,11.73913043478261,0.0,0.0,89.03014399841497,-0.4292032443552136,0.17664614002793522,2.290486250888905
57.43,-18.0,11.73913043478261,0.0,0.0,89.06215308531576,-0.42939598330325635,0.1765229157269368,2.291704721143575
57.44,-18.0,11.73913043478261,0.0,0.0,89.09416092172455,-0.4295664699101369,0.17642820893440847,2.292974928806629
57.45,-18.0,11.73913043478261,0.0,0.0,89.12616743217654,-0.4297154572820281,0.17635957454476525,2.2942902103415466
57.46,-18.0,11.73913043478261,0.0,0.0,89.15817256576209,-0.42984373281790544,0.17631473711518586,2.295644227361658
57.47,-18.0,11.73913043478261,0.0,0.0,89.19017629307002,-0.4299521107123052,0.17629157964371944,2.297030964022463
57.48,-18.0,11.73913043478261,0.0,0.0,89.22217860341588,-0.43004142519577027,0.1762881330624534,2.29844472343415
57.49,-18.0,11.73913043478261,0.0,0.0,89.25417950233262,-0.4301125244552444,0.17630256640836173,2.299880123186704
57.5,-18.0,11.73913043478261,0.0,0.0,89.28617900930294,-0.4301662651806768,0.17633317763501954,2.3013320900750327
57.51,-18.0,11.73913043478261,0.0,0.0,89.31817715571384,-0.43020350768794424,0.17637838502909509,2.3027958541065607
57.52,-18.0,11.73913043478261,0.0,0.0,89.35017398301498,-0.43022511157170995,0.1764367191965639,2.3042669418699573
57.53,-18.0,11.73913043478261,0.0,0.0,89.38216954106429,-0.43023193184524255,0.17650681558462789,2.305741169339326
57.54,-18.0,11.73913043478261,0.0,0.0,89.41416388664487,-0.430224815527237,0.17658740750663426,2.3072146341852013
57.55,-18.0,11.73913043478261,0.0,0.0,89.44615708213894,-0.43020459863863536,0.1766773196385205,2.308683707659846
57.56,-18.0,11.73913043478261,0.0,0.0,89.47814919434497,-0.4301721035750843,0.17677546195671123,2.3101450261214174
57.57,-18.0,11.73913043478261,0.0,0.0,89.51014029342592,-0.4301281368232417,0.17688082408869854,2.3115954822578297
57.58,-18.0,11.73913043478261,0.0,0.0,89.54213045197669,-0.43007348699137116,0.17699247004903296,2.313032216068579
57.59,-18.0,11.73913043478261,0.0,0.0,89.57411974420037,-0.4300089231269939,0.17710953333469048,2.3144526056585275
57.6,-18.0,11.73913043478261,0.0,0.0,89.60610824518331,-0.42993519329620367,0.17723121235535233,2.3158542578955705
57.61,-18.0,11.73913043478261,0.0,0.0,89.63809603025989,-0.4298530234013027,0.17735676617533158,2.3172349989797083
57.62,-18.0,11.73913043478261,0.0,0.0,89.67008317445885,-0.42976311621507524,0.17748551054533068,2.318592864968413
57.63,-18.0,11.73913043478261,0.0,0.0,89.70206975202325,-0.42966615061166635,0.17761681420350606,2.3199260922997547
57.64,-18.0,11.73913043478261,0.0,0.0,89.7340558359971,-0.4295627809755833,0.17775009542657239,2.321233108351325
57.65,-18.0,11.73913043478261,0.0,0.0,89.76604149787222,-0.42945363677171033,0.17788481881295137,2.322512522070018
57.66,-18.0,11.73913043478261,0.0,0.0,89.79802680728932,-0.42933932226057614,0.17802049228114214,2.3237631147043882
57.67,-18.0,11.73913043478261,0.0,0.0,89.83001183178776,-0.42922041634431674,0.1781566642676472,2.3249838306683497
57.68,-18.0,11.73913043478261,0.0,0.0,89.86199663659927,-0.42909747252993813,0.17829292110985995,2.3261737685617887
57.69,-18.0,11.73913043478261,0.0,0.0,89.89398128448079,-0.42897101899748713,0.17842888460040907,2.3273321723711424
57.7,-18.0,11.73913043478261,0.0,0.0,89.92596583558236,-0.4288415587617904,0.17856420970037412,2.328458422869736
57.71,-18.0,11.73913043478261,0.0,0.0,89.9579503473464,-0.4287095699172776,0.17869858239977077,2.3295520292353786
57.72,-18.0,11.73913043478261,0.0,0.0,89.98993487443462,-0.4285755059562546,0.17883171771456352,2.330612620900121
57.73,-18.0,11.73913043478261,0.0,0.0,90.02191946867976,-0.42843979615181627,0.1789633578102594,2.3316399396444614
57.74,-18.0,11.73913043478261,0.0,0.0,90.05390417905892,-0.42830284599725643,0.17909327024295096,2.33263383194642
57.75,-18.0,11.73913043478261,0.0,0.0,90.08588905168621,-0.42816503769453806,0.17922124630935943,2.3335942415935347
57.76,-18.0,11.73913043478261,0.0,0.0,90.11787412982208,-0.42802673068502317,0.17934709949809013,2.3345212025638644
57.77,-18.0,11.73913043478261,0.0,0.0,90.14985945389743,-0.4278882622162057,0.17947066403495415,2.335414832180467
57.78,-18.0,11.73913043478261,0.0,0.0,90.18184506155029,-0.42774994793872256,0.17959179351578936,2.3362753245421497
57.79,-18.0,11.73913043478261,0.0,0.0,90.21383098767353,-0.4276120825284706,0.17971035962068782,2.3371029442314724
57.8,-18.0,11.73913043478261,0.0,0.0,90.24581726447195,-0.4274749403290432,0.17982625090409066,2.3378980203000004
57.81,-18.0,11.73913043478261,0.0,0.0,90.27780392152727,-0.42733877601016634,0.1799393716556238,2.3386609405293517
57.82,-18.0,11.73913043478261,0.0,0.0,90.30979098586971,-0.4272038252381902,0.18004964082697716,2.339392145965551
57.83,-18.0,11.73913043478261,0.0,0.0,90.34177848205522,-0.42707030535508284,0.18015699102047866,2.3400921257230416
57.84,-18.0,11.73913043478261,0.0,0.0,90.37376643224695,-0.42693841606265037,0.18026136753542654,2.3407614120542375
57.85,-18.0,11.73913043478261,0.0,0.0,90.40575485630042,-0.42680834010909496,0.1803627274684798,2.341400575679228
57.86,-18.0,11.73913043478261,0.0,0.0,90.4377437718512,-0.42668024397523463,0.1804610388647765,2.34201022137008
57.87,-18.0,11.73913043478261,0.0,0.0,90.46973319440471,-0.4265542785580463,0.1805562799166478,2.3425909837832
57.88,-18.0,11.73913043478261,0.0,0.0,90.50172313742716,-0.4264305798493697,0.1806484382071012,2.3431435235331644
57.89,-18.0,11.73913043478261,0.0,0.0,90.5337136124373,-0.42630926960789073,0.1807375099954187,2.3436685235007126
57.9,-18.0,11.73913043478261,0.0,0.0,90.56570462909822,-0.426190456022701,0.18082349954245436,2.3441666853675263
57.91,-18.0,11.73913043478261,0.0,0.0,90.59769619530907,-0.4260742343669537,0.18090641847335975,2.3446387263699546
57.92,-18.0,11.73913043478261,0.0,0.0,90.62968831729589,-0.4259606876402584,0.18098628517569926,2.345085376264054
57.93,-18.0,11.73913043478261,0.0,0.0,90.66168099970163,-0.4258498871987171,0.18106312423097282,2.3455073744936143
57.94,-18.0,11.73913043478261,0.0,0.0,90.6936742456747,-0.42574189337152046,0.18113696587783168,2.3459054675536093
57.95,-18.0,11.73913043478261,0.0,0.0,90.72566805695604,-0.42563675606333096,0.18120784550524538,2.3462804065404623
57.96,-18.0,11.73913043478261,0.0,0.0,90.75766243396431,-0.4255345153416292,0.18127580317415315,2.346632944881665
57.97,-18.0,11.73913043478261,0.0,0.0,90.78965737587922,-0.4254352020084837,0.18134088316609032,2.3469638362362977
57.98,-18.0,11.73913043478261,0.0,0.0,90.82165288072251,-0.4253388381561658,0.1814031335575088,2.347273832559052
57.99,-18.0,11.73913043478261,0.0,0.0,90.85364894543692,-0.42524543770627043,0.18146260581846585,2.3475636823195676
58.0,-18.0,11.73913043478261,0.0,0.0,90.8856455659625,-0.4251550069319552,0.18151935443456835,2.347834128869945
58.01,-18.0,11.73913043478261,0.0,0.0,90.91764273731074,-0.42506754496313004,0.18157343655099822,2.3480859089525787
58.02,-18.0,11.73913043478261,0.0,0.0,90.94964045363591,-0.4249830442743763,0.1816249116376355,2.348319751341484
58.03,-18.0,11.73913043478261,0.0,0.0,90.98163870830402,-0.42490149115556153,0.181673841174242,2.3485363756097133
58.04,-18.0,11.73913043478261,0.0,0.0,91.0136374939591,-0.4248228661650768,0.18172028835481713,2.3487364910163184
58.05,-18.0,11.73913043478261,0.0,0.0,91.04563680258684,-0.42474714456576335,0.18176431781021485,2.348920795506025
58.06,-18.0,11.73913043478261,0.0,0.0,91.0776366255757,-0.42467429674359236,0.18180599534819897,2.34908997481533
58.07,-18.0,11.73913043478261,0.0,0.0,91.10963695377535,-0.4246042886092296,0.1818453877101418,2.349244701678816
58.08,-18.0,11.73913043478261,0.0,0.0,91.14163777755243,-0.42453708198264484,0.18188256234361944,2.3493856351298326
58.09,-18.0,11.73913043478261,0.0,0.0,91.17363908684395,-0.42447263496101373,0.18191758719014328,2.3495134198895493
58.1,-18.0,11.73913043478261,0.0,0.0,91.20564087120798,-0.42441090227010037,0.18195053048739052,2.3496286858392423
58.11,-18.0,11.73913043478261,0.0,0.0,91.23764311987188,-0.42435183559942025,0.1819814605852479,2.3497320475703782
58.12,-18.0,11.73913043478261,0.0,0.0,91.26964582177816,-0.424295383921498,0.1820104457750139,2.3498241040073222
58.13,-18.0,11.73913043478261,0.0,0.0,91.30164896562783,-0.4242414937954939,0.1820375541312067,2.349905438098174
58.14,-18.0,11.73913043478261,0.0,0.0,91.3336525399215,-0.4241901096555787,0.18206285336534533,2.3499766165688456
58.15,-18.0,11.73913043478261,0.0,0.0,91.3656565329981,-0.424141174084403,0.18208641069116827,2.3500381897361056
58.16,-18.0,11.73913043478261,0.0,0.0,91.39766093307145,-0.4240946280720168,0.18210829270074946,2.3500906913754434
58.17,-18.0,11.73913043478261,0.0,0.0,91.42966572826461,-0.42405041126064846,0.18212856525098253,2.350134638639678
58.18,-18.0,11.73913043478261,0.0,0.0,91.4616709066422,-0.4240084621757223,0.18214729335993618,2.350170532024565
58.19,-18.0,11.73913043478261,0.0,0.0,91.49367645624056,-0.42396871844350037,0.18216454111261637,2.350198855377922
58.2,-18.0,11.73913043478261,0.0,0.0,91.5256823650961,-0.42393111699580066,0.18218037157562583,2.350220075948578
58.21,-18.0,11.73913043478261,0.0,0.0,91.5576886212716,-0.4238955942621525,0.18219484672032227,2.350234644472234
58.22,-18.0,11.73913043478261,0.0,0.0,91.58969521288073,-0.4238620863498337,0.18220802735400776,2.3502429952909654
58.23,-18.0,11.73913043478261,0.0,0.0,91.62170212811087,-0.4238305292122042,0.1822199730587334,2.35024554650348
58.24,-18.0,11.73913043478261,0.0,0.0,91.6537093552441,-0.4238008588057338,0.18223074213733403,2.350242700143516
58.25,-18.0,11.73913043478261,0.0,0.0,91.68571688267669,-0.42377301123616173,0.18224039156627247,2.350234842383597
58.26,-18.0,11.73913043478261,0.0,0.0,91.71772469893689,-0.4237469228941799,0.1822489769549468,2.3502223437618937
58.27,-18.0,11.73913043478261,0.0,0.0,91.74973279270134,-0.42372253058105525,0.18225655251107753,2.3502055594297797
58.28,-18.0,11.73913043478261,0.0,0.0,91.78174115280993,-0.4236997716246109,0.1822631710118202,2.3501848294178624
58.29,-18.0,11.73913043478261,0.0,0.0,91.81374976827942,-0.42367858398594627,0.1822688837802755,2.3501604789185344
58.3,-18.0,11.73913043478261,0.0,0.0,91.84575862831561,-0.42365890635728354,0.18227374066708124,2.3501328185831944
58.31,-18.0,11.73913043478261,0.0,0.0,91.87776772232434,-0.42364067825137,0.18227779003672917,2.3501021448320474
58.32,-18.0,11.73913043478261,0.0,0.0,91.90977703992131,-0.4236238400827672,0.18228107875835375,2.350068740175117
58.33,-18.0,11.73913043478261,0.0,0.0,91.9417865709407,-0.4236083332414253,0.18228365220067533,2.3500328735427307
58.34,-18.0,11.73913043478261,0.0,0.0,91.97379630544282,-0.42359410015892074,0.18228555423080484,2.3499948006238824
58.35,-18.0,11.73913043478261,0.0,0.0,92.00580623372059,-0.42358108436768394,0.18228682721667566,2.3499547642113368
58.36,-18.0,11.73913043478261,0.0,0.0,92.03781634630526,-0.4235692305535934,0.18228751203280913,2.3499129945519366
58.37,-18.0,11.73913043478261,0.0,0.0,92.06982663397103,-0.423558484602258,0.18228764806919306,2.3498697097010846
58.38,-18.0,11.73913043478261,0.0,0.0,92.10183708773894,-0.4235487936393416,0.18228727324300398,2.349825115880077
58.39,-18.0,11.73913043478261,0.0,0.0,92.13384769887985,-0.4235401060652133,0.18228642401299078,2.3497794078355194
58.4,-18.0,11.73913043478261,0.0,0.0,92.16585845891676,-0.4235323715842998,0.1822851353962356,2.34973276919944
58.41,-18.0,11.73913043478261,0.0,0.0,92.19786935962634,-0.42352554122936104,0.1822834409871643,2.349685372849718
58.42,-18.0,11.73913043478261,0.0,0.0,92.22988039303983,-0.4235195673810692,0.18228137297852776,2.3496373812694515
58.43,-18.0,11.73913043478261,0.0,0.0,92.2618915514433,-0.42351440378310135,0.18227896218423023,2.3495889469049747
58.44,-18.0,11.73913043478261,0.0,0.0,92.2939028273773,-0.4235100055530814,0.18227623806377014,2.349540212521403
58.45,-18.0,11.73913043478261,0.0,0.0,92.32591421363604,-0.4235063291895933,0.18227322874816343,2.3494913115553735
58.46,-18.0,11.73913043478261,0.0,0.0,92.35792570326599,-0.4235033325755386,0.18226996106716764,2.3494423684642487
58.47,-18.0,11.73913043478261,0.0,0.0,92.38993728956403,-0.42350097497809847,0.18226646057763962,2.349393499071153
58.48,-18.0,11.73913043478261,0.0,0.0,92.42194896607523,-0.4234992170455203,0.18226275159289684,2.3493448109054698
58.49,-18.0,11.73913043478261,0.0,0.0,92.45396072659014,-0.42349802080094356,0.18225885721295876,2.34929640353844
58.5,-18.0,11.73913043478261,0.0,0.0,92.48597256514176,-0.42349734963353236,0.18225479935548394,2.349248368913115
58.51,-18.0,11.73913043478261,0.0,0.0,92.51798447600221,-0.4234971682870692,0.18225059878734096,2.3492007916687103
58.52,-18.0,11.73913043478261,0.0,0.0,92.54999645367901,-0.42349744284625257,0.18224627515664937,2.349153749458709
58.53,-18.0,11.73913043478261,0.0,0.0,92.58200849291121,-0.4234981407208718,0.18224184702520407,2.3491073132626017
58.54,-18.0,11.73913043478261,0.0,0.0,92.61402058866514,-0.42349923062803607,0.18223733190118474,2.349061547691024
58.55,-18.0,11.73913043478261,0.0,0.0,92.64603273613004,-0.42350068257266216,0.18223274627202612,2.3490165112838928
58.56,-18.0,11.73913043478261,0.0,0.0,92.67804493071343,-0.42350246782635215,0.1822281056373971,2.3489722568016003
58.57,-18.0,11.73913043478261,0.0,0.0,92.71005716803637,-0.4235045589048565,0.18222342454216356,2.348928831508841
58.58,-18.0,11.73913043478261,0.0,0.0,92.74206944392851,-0.4235069295442333,0.18221871660930367,2.34888627745124
58.59,-18.0,11.73913043478261,0.0,0.0,92.77408175442305,-0.42350955467589646,0.18221399457265075,2.3488446317243357
58.6,-18.0,11.73913043478261,0.0,0.0,92.80609409575156,-0.42351241040064336,0.18220927030944378,2.348803926735138
58.61,-18.0,11.73913043478261,0.0,0.0,92.83810646433874,-0.42351547396181655,0.18220455487259768,2.348764190456034
58.62,-18.0,11.73913043478261,0.0,0.0,92.8701188567971,-0.42351872371772936,0.1821998585226291,2.3487254466709615
58.63,-18.0,11.73913043478261,0.0,0.0,92.90213126992161,-0.4235221391134336,0.1821951907592272,2.3486877152140773
58.64,-18.0,11.73913043478261,0.0,0.0,92.9341437006842,-0.4235257006519846,0.1821905603523657,2.3486510122005826
58.65,-18.0,11.73913043478261,0.0,0.0,92.96615614622841,-0.4235293898652779,0.182185975372953,2.348615350249959
58.66,-18.0,11.73913043478261,0.0,0.0,92.99816860386389,-0.4235331892845535,0.18218144322297458,2.348580738701605
58.67,-18.0,11.73913043478261,0.0,0.0,93.03018107106095,-0.42353708241067634,0.182176970665074,2.348547183822815
58.68,-18.0,11.73913043478261,0.0,0.0,93.06219354544514,-0.42354105368425143,0.18217256385157143,2.3485146890093342
58.69,-18.0,11.73913043478261,0.0,0.0,93.09420602479182,-0.42354508845568617,0.18216822835285762,2.348483254978344
58.7,-18.0,11.73913043478261,0.0,0.0,93.12621850702081,-0.4235491729552441,0.1821639691851663,2.3484528799541464
58.71,-18.0,11.73913043478261,0.0,0.0,93.15823099019104,-0.42355329426316035,0.1821597908377024,2.3484235598466268
58.72,-18.0,11.73913043478261,0.0,0.0,93.19024347249531,-0.4235574402799154,0.18215569729907788,2.3483952884224006
58.73,-18.0,11.73913043478261,0.0,0.0,93.22225595225501,-0.42356159969667506,0.18215169208309034,2.3483680574690746
58.74,-18.0,11.73913043478261,0.0,0.0,93.25426842791504,-0.42356576196600115,0.18214777825377726,2.348341856952415
58.75,-18.0,11.73913043478261,0.0,0.0,93.28628089803871,-0.423569917272848,0.18214395844977782,2.3483166751667865
58.76,-18.0,11.73913043478261,0.0,0.0,93.31829336130279,-0.42357405650589874,0.18214023490798037,2.34829249887893
58.77,-18.0,11.73913043478261,0.0,0.0,93.3503058164926,-0.4235781712293005,0.18213660948643928,2.348269313465126
58.78,-18.0,11.73913043478261,0.0,0.0,93.38231826249715,-0.4235822536548053,0.18213308368658154,2.3482471030420613
58.79,-18.0,11.73913043478261,0.0,0.0,93.41433069830455,-0.42358629661438685,0.18212965867467212,2.3482258505913354
58.8,-18.0,11.73913043478261,0.0,0.0,93.44634312299732,-0.4235902935333311,0.1821263353025706,2.348205538077977
58.81,-18.0,11.73913043478261,0.0,0.0,93.47835553574791,-0.423594238403852,0.18212311412775484,2.348186146562953
58.82,-18.0,11.73913043478261,0.0,0.0,93.51036793581433,-0.42359812575924427,0.18211999543263202,2.348167656309927
58.83,-18.0,11.73913043478261,0.0,0.0,93.54238032253588,-0.4236019506486013,0.18211697924313142,2.348150046886367
58.84,-18.0,11.73913043478261,0.0,0.0,93.57439269532892,-0.42360570861210545,0.18211406534660202,2.3481332972592694
58.85,-18.0,11.73913043478261,0.0,0.0,93.6064050536829,-0.42360939565693223,0.1821112533089928,2.3481173858854527
58.86,-18.0,11.73913043478261,0.0,0.0,93.63841739715637,-0.4236130082337519,0.1821085424913571,2.3481022907968176
58.87,-18.0,11.73913043478261,0.0,0.0,93.67042972537317,-0.4236165432138568,0.1821059320656757,2.3480879896806215
58.88,-18.0,11.73913043478261,0.0,0.0,93.70244203801872,-0.42361999786692284,0.18210342103000343,2.3480744599549
58.89,-18.0,11.73913043478261,0.0,0.0,93.73445433483646,-0.42362336983940874,0.18210100822296305,2.348061678839268
58.9,-18.0,11.73913043478261,0.0,0.0,93.76646661562435,-0.4236266571335947,0.18209869233759568,2.3480496234212525
58.91,-18.0,11.73913043478261,0.0,0.0,93.79847888023154,-0.4236298580872735,0.182096471934574,2.3480382707182694
58.92,-18.0,11.73913043478261,0.0,0.0,93.83049112855511,-0.4236329713540887,0.1820943454547972,2.348027597735435
58.93,-18.0,11.73913043478261,0.0,0.0,93.86250336053698,-0.4236359958845193,0.18209231123138203,2.3480175815193833
58.94,-18.0,11.73913043478261,0.0,0.0,93.89451557616088,-0.42363893090751126,0.18209036750106744,2.3480081992082438
58.95,-18.0,11.73913043478261,0.0,0.0,93.92652777544949,-0.42364177591274865,0.18208851241504131,2.3479994280779217
58.96,-18.0,11.73913043478261,0.0,0.0,93.95853995846161,-0.4236445306335821,0.18208674404919578,2.347991245584744
58.97,-18.0,11.73913043478261,0.0,0.0,93.99055212528955,-0.42364719503056025,0.18208506041386452,2.347983629404891
58.98,-18.0,11.73913043478261,0.0,0.0,94.02256427605653,-0.4236497692756229,0.1820834594629982,2.3479765574703633
58.99,-18.0,11.73913043478261,0.0,0.0,94.05457641091425,-0.42365225373689297,0.1820819391028482,2.347970008001983
59.0,-18.0,11.73913043478261,0.0,0.0,94.08658853004054,-0.42365464896407756,0.18208049720015418,2.3479639595394377
59.01,-18.0,11.73913043478261,0.0,0.0,94.11860063363713,-0.4236569556744938,0.18207913158983058,2.347958390968369
59.02,-18.0,11.73913043478261,0.0,0.0,94.15061272192749,-0.4236591747396643,0.18207784008220584,2.3479532815448927
59.03,-18.0,11.73913043478261,0.0,0.0,94.1826247951548,-0.42366130717250394,0.18207662046980844,2.3479486109175256
59.04,-18.0,11.73913043478261,0.0,0.0,94.21463685358002,-0.4236633541150854,0.18207547053370554,2.347944359146605
59.05,-18.0,11.73913043478261,0.0,0.0,94.24664889748003,-0.4236653168269435,0.18207438804944565,2.34794050672154
59.06,-18.0,11.73913043478261,0.0,0.0,94.27866092714588,-0.42366719667395114,0.18207337079257557,2.3479370345757165
59.07,-18.0,11.73913043478261,0.0,0.0,94.31067294288113,-0.42366899511771083,0.1820724165437868,2.347933924099455
59.08,-18.0,11.73913043478261,0.0,0.0,94.34268494500024,-0.4236707137054736,0.18207152309368413,2.3479311571509744
59.09,-18.0,11.73913043478261,0.0,0.0,94.37469693382714,-0.4236723540605707,0.18207068824719252,2.3479287160654767
59.1,-18.0,11.73913043478261,0.0,0.0,94.40670890969375,-0.4236739178733351,0.18206990982762794,2.3479265836625367
59.11,-18.0,11.73913043478261,0.0,0.0,94.4387208729387,-0.4236754068925035,0.18206918568043884,2.3479247432518577
59.12,-18.0,11.73913043478261,0.0,0.0,94.47073282390609,-0.42367682291708997,0.1820685136766319,2.3479231786374655
59.13,-18.0,11.73913043478261,0.0,0.0,94.50274476294426,-0.42367816778870604,0.18206789171590465,2.3479218741205212
59.14,-18.0,11.73913043478261,0.0,0.0,94.53475669040472,-0.42367944338432406,0.18206731772948626,2.347920814500748
59.15,-18.0,11.73913043478261,0.0,0.0,94.5667686066411,-0.42368065160946977,0.18206678968270618,2.347919985076609
59.16,-18.0,11.73913043478261,0.0,0.0,94.59878051200823,-0.4236817943918201,0.18206630557730563,2.3479193716443256
59.17,-18.0,11.73913043478261,0.0,0.0,94.63079240686118,-0.4236828736751965,0.18206586345350817,2.3479189604958672
59.18,-18.0,11.73913043478261,0.0,0.0,94.66280429155444,-0.42368389141394847,0.18206546139184632,2.3479187384158555
59.19,-18.0,11.73913043478261,0.0,0.0,94.69481616644116,-0.4236848495676977,0.1820650975147764,2.3479186926776223
59.2,-18.0,11.73913043478261,0.0,0.0,94.72682803187239,-0.42368575009644616,0.1820647699880773,2.347918811038372
59.21,-18.0,11.73913043478261,0.0,0.0,94.75883988819646,-0.42368659495602756,0.1820644770220461,2.3479190817335303
59.22,-18.0,11.73913043478261,0.0,0.0,94.79085173575837,-0.42368738609387324,0.18206421687252283,2.347919493470498
59.23,-18.0,11.73913043478261,0.0,0.0,94.82286357489913,-0.4236881254451008,0.1820639878417314,2.347920035421694
59.24,-18.0,11.73913043478261,0.0,0.0,94.8548754059554,-0.4236888149289231,0.18206378827893532,2.3479206972168996
59.25,-18.0,11.73913043478261,0.0,0.0,94.88688722925887,-0.42368945644530775,0.1820636165809767,2.3479214689353256
59.26,-18.0,11.73913043478261,0.0,0.0,94.91889904513599,-0.4236900518719584,0.18206347119262678,2.347922341096925
59.27,-18.0,11.73913043478261,0.0,0.0,94.95091085390742,-0.4236906030615146,0.18206335060683976,2.347923304653563
59.28,-18.0,11.73913043478261,0.0,0.0,94.98292265588783,-0.4236911118390505,0.18206325336483853,2.3479243509795356
59.29,-18.0,11.73913043478261,0.0,0.0,95.01493445138554,-0.42369157999977225,0.18206317805612038,2.347925471862035
59.3,-18.0,11.73913043478261,0.0,0.0,95.04694624070224,-0.42369200930697404,0.18206312331832142,2.3479266594911294
59.31,-18.0,11.73913043478261,0.0,0.0,95.07895802413277,-0.4236924014901957,0.18206308783699687,2.3479279064496312
59.32,-18.0,11.73913043478261,0.0,0.0,95.11096980196493,-0.42369275824359165,0.1820630703452999,2.3479292057027292
59.33,-18.0,11.73913043478261,0.0,0.0,95.14298157447928,-0.42369308122450144,0.182063069623568,2.347930550587426
59.34,-18.0,11.73913043478261,0.0,0.0,95.17499334194902,-0.4236933720521905,0.18206308449884467,2.3479319348019625
59.35,-18.0,11.73913043478261,0.0,0.0,95.20700510463988,-0.42369363230678925,0.18206311384430462,2.347933352394993
59.36,-18.0,11.73913043478261,0.0,0.0,95.23901686281002,-0.42369386352837535,0.18206315657863215,2.3479347977548497
59.37,-18.0,11.73913043478261,0.0,0.0,95.27102861670996,-0.4236940672162197,0.1820632116653339,2.347936265598743
59.38,-18.0,11.73913043478261,0.0,0.0,95.30304036658252,-0.42369424482818996,0.18206327811198508,2.347937750961871
59.39,-18.0,11.73913043478261,0.0,0.0,95.33505211266285,-0.4236943977802774,0.18206335496943793,2.3479392491866573
59.4,-18.0,11.73913043478261,0.0,0.0,95.36706385517836,-0.4236945274462589,0.1820634413309844,2.347940755912001
59.41,-18.0,11.73913043478261,0.0,0.0,95.3990755943488,-0.42369463515748884,0.18206353633146888,2.3479422670625345
59.42,-18.0,11.73913043478261,0.0,0.0,95.43108733038623,-0.4236947222027767,0.182063639146393,2.3479437788381445
59.43,-18.0,11.73913043478261,0.0,0.0,95.46309906349511,-0.4236947898284098,0.18206374899095357,2.3479452877033524
59.44,-18.0,11.73913043478261,0.0,0.0,95.49511079387234,-0.4236948392382458,0.18206386511908035,2.3479467903769864
59.45,-18.0,11.73913043478261,0.0,0.0,95.52712252170734,-0.42369487159389374,0.1820639868224566,2.3479482838220243
59.46,-18.0,11.73913043478261,0.0,0.0,95.55913424718214,-0.42369488801500865,0.18206411342949136,2.3479497652353825
59.47,-18.0,11.73913043478261,0.0,0.0,95.59114597047147,-0.423694889579626,0.1820642443043159,2.3479512320381297
59.48,-18.0,11.73913043478261,0.0,0.0,95.62315769174288,-0.4236948773245992,0.18206437884573767,2.3479526818656606
59.49,-18.0,11.73913043478261,0.0,0.0,95.65516941115682,-0.4236948522460817,0.1820645164862067,2.347954112558197
59.5,-18.0,11.73913043478261,0.0,0.0,95.68718112886683,-0.4236948153000799,0.18206465669076732,2.347955522151415
59.51,-18.0,11.73913043478261,0.0,0.0,95.7191928450196,-0.4236947674030569,0.1820647989560098,2.347956908867285
59.52,-18.0,11.73913043478261,0.0,0.0,95.75120455975518,-0.4236947094325809,0.1820649428090274,2.347958271105168
59.53,-18.0,11.73913043478261,0.0,0.0,95.78321627320705,-0.4236946422280292,0.1820650878063661,2.347959607433039
59.54,-18.0,11.73913043478261,0.0,0.0,95.81522798550232,-0.4236945665913203,0.1820652335329892,2.34796091657902
59.55,-18.0,11.73913043478261,0.0,0.0,95.84723969676186,-0.4236944832876808,0.18206537960124913,2.3479621974231177
59.56,-18.0,11.73913043478261,0.0,0.0,95.8792514071005,-0.4236943930464614,0.18206552564985212,2.347963448989097
59.57,-18.0,11.73913043478261,0.0,0.0,95.91126311662711,-0.4236942965619468,0.18206567134286278,2.347964670436778
59.58,-18.0,11.73913043478261,0.0,0.0,95.94327482544485,-0.4236941944942223,0.18206581636869168,2.3479658610543566
59.59,-18.0,11.73913043478261,0.0,0.0,95.97528653365126,-0.4236940874700379,0.18206596043911383,2.3479670202510996
59.6,-18.0,11.73913043478261,0.0,0.0,96.00729824133848,-0.42369397608369597,0.1820661032883003,2.3479681475502323
59.61,-18.0,11.73913043478261,0.0,0.0,96.03930994859338,-0.42369386089795347,0.18206624467185784,2.34796924258203
59.62,-18.0,11.73913043478261,0.0,0.0,96.07132165549778,-0.4236937424449294,0.18206638436589684,2.347970305077203
59.63,-18.0,11.73913043478261,0.0,0.0,96.10333336212855,-0.4236936212270215,0.18206652216610997,2.3479713348604725
59.64,-18.0,11.73913043478261,0.0,0.0,96.13534506855781,-0.4236934977178266,0.18206665788687504,2.347972331844402
59.65,-18.0,11.73913043478261,0.0,0.0,96.16735677485309,-0.4236933723630656,0.18206679136037218,2.347973296023435
59.66,-18.0,11.73913043478261,0.0,0.0,96.19936848107751,-0.423693245581509,0.18206692243572276,2.3479742274681574
59.67,-18.0,11.73913043478261,0.0,0.0,96.23138018728994,-0.4236931177658907,0.18206705097815712,2.3479751263198385
59.68,-18.0,11.73913043478261,0.0,0.0,96.26339189354515,-0.42369298928382904,0.18206717686819307,2.34797599278513
59.69,-18.0,11.73913043478261,0.0,0.0,96.29540359989396,-0.42369286047873445,0.18206730000084315,2.347976827131018
59.7,-18.0,11.73913043478261,0.0,0.0,96.32741530638343,-0.4236927316707133,0.18206742028484135,2.3479776296799795
59.71,-18.0,11.73913043478261,0.0,0.0,96.359427013057,-0.42369260315746105,0.18206753764189076,2.3479784008053346
59.72,-18.0,11.73913043478261,0.0,0.0,96.39143871995464,-0.4236924752151403,0.18206765200594166,2.347979140926862
59.73,-18.0,11.73913043478261,0.0,0.0,96.42345042711298,-0.4236923480992567,0.1820677633224801,2.347979850506533
59.74,-18.0,11.73913043478261,0.0,0.0,96.45546213456552,-0.42369222204551193,0.18206787154784865,2.3479805300445107
59.75,-18.0,11.73913043478261,0.0,0.0,96.48747384234272,-0.42369209727064905,0.18206797664858532,2.3479811800753057
59.76,-18.0,11.73913043478261,0.0,0.0,96.51948555047215,-0.4236919739732734,0.18206807860079222,2.3479818011641727
59.77,-18.0,11.73913043478261,0.0,0.0,96.55149725897864,-0.42369185233467177,0.18206817738951386,2.347982393903609
59.78,-18.0,11.73913043478261,0.0,0.0,96.58350896788441,-0.4236917325196039,0.18206827300814787,2.3479829589100856
59.79,-18.0,11.73913043478261,0.0,0.0,96.6155206772092,-0.4236916146770766,0.18206836545787775,2.3479834968209707
59.8,-18.0,11.73913043478261,0.0,0.0,96.64753238697041,-0.4236914989411078,0.18206845474712108,2.347984008291561
59.81,-18.0,11.73913043478261,0.0,0.0,96.6795440971832,-0.4236913854314617,0.18206854089100655,2.347984493992339
59.82,-18.0,11.73913043478261,0.0,0.0,96.71155580786062,-0.4236912742543746,0.18206862391086664,2.347984954606339
59.83,-18.0,11.73913043478261,0.0,0.0,96.74356751901377,-0.4236911655032567,0.1820687038337533,2.347985390826694
59.84,-18.0,11.73913043478261,0.0,0.0,96.77557923065181,-0.42369105925936723,0.18206878069198262,2.347985803354371
59.85,-18.0,11.73913043478261,0.0,0.0,96.80759094278221,-0.42369095559249215,0.18206885452267663,2.3479861928959096
59.86,-18.0,11.73913043478261,0.0,0.0,96.83960265541073,-0.42369085456157096,0.18206892536735675,2.3479865601615013
59.87,-18.0,11.73913043478261,0.0,0.0,96.8716143685416,-0.4236907562153338,0.18206899327152715,2.347986905863012
59.88,-18.0,11.73913043478261,0.0,0.0,96.90362608217758,-0.42369066059289096,0.18206905828430242,2.3479872307122953
59.89,-18.0,11.73913043478261,0.0,0.0,96.93563779632008,-0.423690567724327,0.18206912045803025,2.34798753541948
59.9,-18.0,11.73913043478261,0.0,0.0,96.96764951096922,-0.42369047763125667,0.18206917984795246,2.347987820691502
59.91,-18.0,11.73913043478261,0.0,0.0,96.99966122612398,-0.423690390327375,0.18206923651186768,2.3479880872306484
59.92,-18.0,11.73913043478261,0.0,0.0,97.0316729417822,-0.4236903058189727,0.1820692905098238,2.3479883357332993
59.93,-18.0,11.73913043478261,0.0,0.0,97.06368465794075,-0.42369022410544344,0.1820693419038224,2.3479885668887315
59.94,-18.0,11.73913043478261,0.0,0.0,97.09569637459555,-0.4236901451797703,0.18206939075753348,2.347988781377992
59.95,-18.0,11.73913043478261,0.0,0.0,97.12770809174162,-0.4236900690289853,0.18206943713603985,2.3479889798729534
59.96,-18.0,11.73913043478261,0.0,0.0,97.15971980937326,-0.4236899956346254,0.1820694811055763,2.347989163035333
59.97,-18.0,11.73913043478261,0.0,0.0,97.191731527484,-0.42368992497315094,0.182069522733306,2.34798933151594
59.98,-18.0,11.73913043478261,0.0,0.0,97.22374324606673,-0.42368985701635986,0.18206956208709646,2.3479894859539074
59.99,-18.0,11.73913043478261,0.0,0.0,97.25575496511377,-0.4236897917317781,0.18206959923531452,2.3479896269760436
60.0,-18.0,11.73913043478261,0.0,0.0,97.28776668461687,-0.4236897290830357,0.18206963424663103,2.347989755196232
60.01,-18.0,13.304347826086957,0.0,0.0,97.31993638026519,-0.42199339700744565,0.3081752206175018,2.3374244749194983
60.02,-18.0,13.304347826086957,0.0,0.0,97.3522514221676,-0.42057955041050166,0.30078108421696215,2.3271948526235158
60.03,-18.0,13.304347826086957,0.0,0.0,97.3847000677904,-0.41941962598878746,0.2938446231818792,2.3173184583904383
60.04,-18.0,13.304347826086957,0.0,0.0,97.41727140702743,-0.4184872247461031,0.2873417914030778,2.3078103319990064
60.05,-18.0,13.304347826086957,0.0,0.0,97.44995531022788,-0.41775798689880594,0.28124965306669314,2.2986830969525935
60.06,-18.0,13.304347826086957,0.0,0.0,97.48274237907867,-0.41720947003518183,0.2755463315194533,2.2899470796541888
60.07,-18.0,13.304347826086957,0.0,0.0,97.51562390022578,-0.4168210312048535,0.27021096119380084,2.281610432188124
60.08,-18.0,13.304347826086957,0.0,0.0,97.54859180151239,-0.4165737134175924,0.26522364252687813,2.2736792572641082
60.09,-18.0,13.304347826086957,0.0,0.0,97.58163861070888,-0.41645013687223753,0.2605653997330333,2.266157733996043
60.1,-18.0,13.304347826086957,0.0,0.0,97.61475741660927,-0.4164343951092786,0.2562181412405853,2.259048243321117
60.11,-18.0,13.304347826086957,0.0,0.0,97.64794183237096,-0.4165119561796873,0.2521646225746882,2.25235149200805
60.12,-18.0,13.304347826086957,0.0,0.0,97.68118596097847,-0.41666956884327355,0.24838841145480905,2.246066634351659
60.13,-18.0,13.304347826086957,0.0,0.0,97.71448436271594,-0.4168951737482416,0.24487385487407276,2.2401913908005424
60.14,-18.0,13.304347826086957,0.0,0.0,97.74783202453905,-0.4171778194968354,0.2416060479351949,2.2347221629093577
60.15,-18.0,13.304347826086957,0.0,0.0,97.78122433124226,-0.417507583467009,0.23857080423168986,2.2296541441454676
60.16,-18.0,13.304347826086957,0.0,0.0,97.81465703832306,-0.41787549723486195,0.23575462758129118,2.2249814262077474
60.17,-18.0,13.304347826086957,0.0,0.0,97.84812624645092,-0.41827347642522095,0.23314468493940577,2.2206971006313982
60.18,-18.0,13.304347826086957,0.0,0.0,97.88162837745362,-0.4186942548065833,0.23072878034262345,2.2167933555556902
60.19,-18.0,13.304347826086957,0.0,0.0,97.9151601517394,-0.4191313224404072,0.22849532975470732,2.2132615676206564
60.2,-18.0,13.304347826086957,0.0,0.0,97.94871856707788,-0.41957886769239305,0.22643333670920152,2.210092389033308
60.21,-18.0,13.304347826086957,0.0,0.0,97.98230087866757,-0.4200317229138779,0.22453236866337678,2.2072758299054676
60.22,-18.0,13.304347826086957,0.0,0.0,98.01590458042189,-0.42048531360429253,0.22278253399694448,2.204801336012392
60.23,-18.0,13.304347826086957,0.0,0.0,98.0495273874093,-0.4209356108699911,0.22117445960584992,2.202657862156782
60.24,-18.0,13.304347826086957,0.0,0.0,98.08316721938714,-0.4213790870003371,0.21969926905606885,2.2008339413461218
60.25,-18.0,13.304347826086957,0.0,0.0,98.11682218537146,-0.4218126739882819,0.21834856127485813,2.19931775000482
60.26,-18.0,13.304347826086957,0.0,0.0,98.15049056918856,-0.42223372482953514,0.21711438976721087,2.198097169446902
60.27,-18.0,13.304347826086957,0.0,0.0,98.18417081595618,-0.4226399774415528,0.21598924235360117,2.197159843832179
60.28,-18.0,13.304347826086957,0.0,0.0,98.21786151944514,-0.4230295210508386,0.21496602143141663,2.1964932348193917
60.29,-18.0,13.304347826086957,0.0,0.0,98.2515614102742,-0.42340076490424994,0.2140380247671393,2.19608467311607
60.3,-18.0,13.304347826086957,0.0,0.0,98.2852693448933,-0.42375240916713786,0.21319892682930108,2.1959214071070083
60.31,-18.0,13.304347826086957,0.0,0.0,98.3189842953118,-0.42408341787801174,0.2124427606739404,2.1959906487237846
60.32,-18.0,13.304347826086957,0.0,0.0,98.35270533953097,-0.4243929938361466,0.21176390039464732,2.1962796166960272
60.33,-18.0,13.304347826086957,0.0,0.0,98.38643165264087,-0.4246805553049291,0.2111570441487648,2.196775577303866
60.34,-18.0,13.304347826086957,0.0,0.0,98.42016249854389,-0.42494571441990203,0.21061719776990662,2.1974658827295914
60.35,-18.0,13.304347826086957,0.0,0.0,98.453897222269,-0.4251882571963539,0.210139658974962,2.1983380070864333
60.36,-18.0,13.304347826086957,0.0,0.0,98.48763524284169,-0.425408125036844,0.20972000217137443,2.199379580184451
60.37,-18.0,13.304347826086957,0.0,0.0,98.52137604667669,-0.42560539764451,0.20935406386771815,2.200578419076771
60.38,-18.0,13.304347826086957,0.0,0.0,98.5551191814617,-0.42578027725297507,0.2090379286878863,2.2019225574168284
60.39,-18.0,13.304347826086957,0.0,0.0,98.58886425050194,-0.42593307408868997,0.20876791598625843,2.203400272645598
60.4,-18.0,13.304347826086957,0.0,0.0,98.62261090749647,-0.42606419298604714,0.20854056705863555,2.205000111021233
60.41,-18.0,13.304347826086957,0.0,0.0,98.6563588517191,-0.4261741210801986,0.20835263294101358,2.2067109104975895
60.42,-18.0,13.304347826086957,0.0,0.0,98.69010782357752,-0.4262634165065884,0.20820106278607486,2.208521821457421
60.43,-18.0,13.304347826086957,0.0,0.0,98.72385760052583,-0.4263326980403994,0.20808299280503673,2.2104223253056987
60.44,-18.0,13.304347826086957,0.0,0.0,98.757607993307,-0.4263826356128295,0.20799573576080443,2.2124022509326746
60.45,-18.0,13.304347826086957,0.0,0.0,98.7913588425029,-0.42641394164490776,0.20793677099668162,2.2144517890605746
60.46,-18.0,13.304347826086957,0.0,0.0,98.82511001537067,-0.4264273631429205,0.20790373498373926,2.216561504495726
60.47,-18.0,13.304347826086957,0.0,0.0,98.8588614029456,-0.42642367450294416,0.20789441236879636,2.2187223463153494
60.48,-18.0,13.304347826086957,0.0,0.0,98.8926129173917,-0.4264036709750574,0.20790672750425265,2.2209256560279567
60.49,-18.0,13.304347826086957,0.0,0.0,98.926364489582,-0.4263681627408098,0.20793873644043914,2.22316317375597
60.5,-18.0,13.304347826086957,0.0,0.0,98.9601160668921,-0.4263179695603545,0.2079886193607845,2.225427042499025
60.51,-18.0,13.304347826086957,0.0,0.0,98.99386761119119,-0.42625391594834716,0.20805467343992345,2.2277098105461284
60.52,-18.0,13.304347826086957,0.0,0.0,99.02761909701574,-0.4261768268401951,0.20813530610492192,2.2300044321146317
60.53,-18.0,13.304347826086957,0.0,0.0,99.06137050991212,-0.426087523712702,0.20822902867987148,2.232304266302073
60.54,-18.0,13.304347826086957,0.0,0.0,99.09512184493511,-0.4259868211253486,0.20833445039444687,2.2346030744452645
60.55,-18.0,13.304347826086957,0.0,0.0,99.12887310529031,-0.42587552365065084,0.20845027273733896,2.236895015987183
60.56,-18.0,13.304347826086957,0.0,0.0,99.162624301109,-0.42575442316397405,0.20857528413602544,2.239174642958362
60.57,-18.0,13.304347826086957,0.0,0.0,99.19637544834502,-0.42562429646517264,0.20870835494479523,2.2414368931829682
60.58,-18.0,13.304347826086957,0.0,0.0,99.23012656778369,-0.42548590320611224,0.20884843272365627,2.2436770823236163
60.59,-18.0,13.304347826086957,0.0,0.0,99.26387768415368,-0.42533998409989904,0.2089945377913326,2.2458908948799494
60.6,-18.0,13.304347826086957,0.0,0.0,99.29762882533335,-0.42518725938917545,0.20914575903628374,2.2480743742568654
60.61,-18.0,13.304347826086957,0.0,0.0,99.33138002164343,-0.4250284275523586,0.20930124997037736,2.250223912017336
60.62,-18.0,13.304347826086957,0.0,0.0,99.36513130521891,-0.42486416422806816,0.2094602250105997,2.2523362364331874
60.63,-18.0,13.304347826086957,0.0,0.0,99.39888270945322,-0.42469512133935794,0.20962195597486888,2.254408400443933
60.64,-18.0,13.304347826086957,0.0,0.0,99.43263426850822,-0.4245219264005273,0.2097857687788176,2.256437769130648
60.65,-18.0,13.304347826086957,0.0,0.0,99.46638601688448,-0.42434518199054727,0.20995104032104106,2.2584220068065926
60.66,-18.0,13.304347826086957,0.0,0.0,99.50013798904604,-0.42416546537811306,0.21011719554511799,2.260359063822053
60.67,-18.0,13.304347826086957,0.0,0.0,99.5338902190949,-0.42398332828446894,0.21028370466730117,2.2622471631743704
60.68,-18.0,13.304347826086957,0.0,0.0,99.56764274049065,-0.4237992967710351,0.21045008055950687,2.2640847870085934
60.69,-18.0,13.304347826086957,0.0,0.0,99.6013955858107,-0.42361387123977523,0.21061587627787515,2.2658706630879077
60.7,-18.0,13.304347826086957,0.0,0.0,99.6351487865475,-0.4234275265351515,0.21078068272772987,2.267603751305886
60.71,-18.0,13.304347826086957,0.0,0.0,99.66890237293892,-0.4232407121372064,0.21094412645645255,2.2692832303068866
60.72,-18.0,13.304347826086957,0.0,0.0,99.70265637382853,-0.4230538524361356,0.2111058675662616,2.2709084842736385
60.73,-18.0,13.304347826086957,0.0,0.0,99.73641081655286,-0.4228673470793882,0.21126559773946918,2.272479089934893
60.74,-18.0,13.304347826086957,0.0,0.0,99.77016572685254,-0.42268157138294726,0.211423038369295,2.273994803839865
60.75,-18.0,13.304347826086957,0.0,0.0,99.80392112880509,-0.4224968767991244,0.21157793878975784,2.275455549939657
60.76,-18.0,13.304347826086957,0.0,0.0,99.83767704477671,-0.4223135914337002,0.211730074598675,2.276861407510656
60.77,-18.0,13.304347826086957,0.0,0.0,99.87143349539122,-0.42213202060586275,0.21187924606813802,2.2782125994486138
60.78,-18.0,13.304347826086957,0.0,0.0,99.90519049951384,-0.42195244744480775,0.2120252766373273,2.2795094809578034
60.79,-18.0,13.304347826086957,0.0,0.0,99.93894807424837,-0.4217751335174249,0.21216801148280473,2.2807525286540296
60.8,-18.0,13.304347826086957,0.0,0.0,99.97270623494589,-0.4216003194818718,0.2123073161618385,2.281942330096371
60.81,-18.0,13.304347826086957,0.0,0.0,100.00646499522355,-0.4214282257622921,0.21244307532458562,2.2830795737580747
60.82,-18.0,13.304347826086957,0.0,0.0,100.04022436699222,-0.42125905324029445,0.2125751914912919,2.2841650394435318
60.83,-18.0,13.304347826086957,0.0,0.0,100.07398436049161,-0.4210929839592017,0.21270358389091648,2.2851995891546864
60.84,-18.0,13.304347826086957,0.0,0.0,100.10774498433183,-0.4209301818373812,0.21282818735787656,2.286184158407479
60.85,-18.0,13.304347826086957,0.0,0.0,100.14150624554044,-0.4207707933873337,0.2129489512837982,2.2871197479958543
60.86,-18.0,13.304347826086957,0.0,0.0,100.17526814961394,-0.4206149484374697,0.21306583862143724,2.288007416198981
60.87,-18.0,13.304347826086957,0.0,0.0,100.20903070057304,-0.4204627608538112,0.21317882493807705,2.2888482714248557
60.88,-18.0,13.304347826086957,0.0,0.0,100.24279390102086,-0.4203143292591065,0.21328789751594224,2.289643465281981
60.89,-18.0,13.304347826086957,0.0,0.0,100.27655775220352,-0.42016973774708766,0.21339305449730683,2.2903941860691726
60.9,-18.0,13.304347826086957,0.0,0.0,100.31032225407235,-0.42002905658982215,0.21349430407215186,2.291101652672397
60.91,-18.0,13.304347826086957,0.0,0.0,100.34408740534744,-0.41989234293634703,0.21359166370635685,2.2917671088563467
60.92,-18.0,13.304347826086957,0.0,0.0,100.37785320358182,-0.41975964150092526,0.21368515940855515,2.29239181793793
60.93,-18.0,13.304347826086957,0.0,0.0,100.41161964522604,-0.41963098523949993,0.21377482503389178,2.292977057827881
60.94,-18.0,13.304347826086957,0.0,0.0,100.44538672569266,-0.4195063960130516,0.21386070162303672,2.2935241164265134
60.95,-18.0,13.304347826086957,0.0,0.0,100.4791544394204,-0.4193858852367425,0.21394283677491788,2.2940342873592026
60.96,-18.0,13.304347826086957,0.0,0.0,100.51292277993768,-0.41926945451388065,0.2140212840517024,2.2945088660369297
60.97,-18.0,13.304347826086957,0.0,0.0,100.54669173992521,-0.4191570962538558,0.21409610241468435,2.2949491460274163
60.98,-18.0,13.304347826086957,0.0,0.0,100.58046131127752,-0.4190487942733565,0.21416735568975254,2.2953564157219932
60.99,-18.0,13.304347826086957,0.0,0.0,100.61423148516319,-0.4189445243802512,0.21423511206125334,2.2957319552840145
61.0,-18.0,13.304347826086957,0.0,0.0,100.64800225208366,-0.41884425493967825,0.2142994435930552,2.296077033864235
61.01,-18.0,13.304347826086957,0.0,0.0,100.68177360193044,-0.41874794742193755,0.21436042577573833,2.296392907069353
61.02,-18.0,13.304347826086957,0.0,0.0,100.7155455240407,-0.41865555693190526,0.21441813709885338,2.296680814669896
61.03,-18.0,13.304347826086957,0.0,0.0,100.74931800725103,-0.41856703271976103,0.21447265864724763,2.296941978534117
61.04,-18.0,13.304347826086957,0.0,0.0,100.78309103994938,-0.41848231867289076,0.21452407372051363,2.297177600775013
61.05,-18.0,13.304347826086957,0.0,0.0,100.81686461012512,-0.4184013537889204,0.21457246747463665,2.2973888620978102
61.06,-18.0,13.304347826086957,0.0,0.0,100.85063870541717,-0.41832407262987603,0.2146179265849648,2.2975769203358927
61.07,-18.0,13.304347826086957,0.0,0.0,100.88441331316017,-0.41825040575754,0.2146605389296643,2.2977429091635124
61.08,-18.0,13.304347826086957,0.0,0.0,100.91818842042865,-0.4181802801501098,0.21470039329285395,2.297887936974178
61.09,-18.0,13.304347826086957,0.0,0.0,100.95196401407924,-0.4181136196003463,0.21473757908661795,2.2980130859138503
61.1,-18.0,13.304347826086957,0.0,0.0,100.98574008079089,-0.4180503450954087,0.21477218609115523,2.298119411058804
61.11,-18.0,13.304347826086957,0.0,0.0,101.01951660710314,-0.4179903751786225,0.21480430421233931,2.2982079397284156
61.12,-18.0,13.304347826086957,0.0,0.0,101.05329357945237,-0.41793362629346964,0.214834023255971,2.2982796709235003
61.13,-18.0,13.304347826086957,0.0,0.0,101.08707098420625,-0.4178800131101339,0.2148614327180306,2.2983355748812033
61.14,-18.0,13.304347826086957,0.0,0.0,101.12084880769615,-0.4178294488348968,0.2148866215902998,2.298376592738398
61.15,-18.0,13.304347826086957,0.0,0.0,101.15462703624779,-0.41778184550280884,0.21490967818066287,2.2984036362951423
61.16,-18.0,13.304347826086957,0.0,0.0,101.18840565621002,-0.41773711425398075,0.2149306899474901,2.298417587870938
61.17,-18.0,13.304347826086957,0.0,0.0,101.22218465398183,-0.41769516559391784,0.2149497433474874,2.29841930024653
61.18,-18.0,13.304347826086957,0.0,0.0,101.25596401603758,-0.4176559096383208,0.21496692369640968,2.298409596684398
61.19,-18.0,13.304347826086957,0.0,0.0,101.28974372895058,-0.417619256342769,0.21498231504207954,2.298389271021713
61.2,-18.0,13.304347826086957,0.0,0.0,101.32352377941504,-0.41758511571776347,0.21499600004912023,2.2983590878294247
61.21,-18.0,13.304347826086957,0.0,0.0,101.35730415426634,-0.41755339802953384,0.21500805989489957,2.2983197826321997
61.22,-18.0,13.304347826086957,0.0,0.0,101.39108484049984,-0.4175240139871115,0.21501857417611503,2.298272062183462
61.23,-18.0,13.304347826086957,0.0,0.0,101.42486582528815,-0.41749687491610876,0.21502762082551685,2.2982166047906656
61.24,-18.0,13.304347826086957,0.0,0.0,101.45864709599698,-0.41747189291967013,0.21503527603827932,2.298154060686099
61.25,-18.0,13.304347826086957,0.0,0.0,101.49242864019959,-0.41744898102706385,0.21504161420751133,2.298085052438656
61.26,-18.0,13.304347826086957,0.0,0.0,101.52621044568993,-0.417428053330386,0.21504670786844404,2.298010175402427
61.27,-18.0,13.304347826086957,0.0,0.0,101.55999250049442,-0.41740902510982236,0.21505062765083416,2.297929998198248
61.28,-18.0,13.304347826086957,0.0,0.0,101.59377479288264,-0.4173918129479599,0.21505344223911926,2.2978450632243486
61.29,-18.0,13.304347826086957,0.0,0.0,101.62755731137669,-0.4173763348335606,0.21505521833992602,2.297755887192969
61.3,-18.0,13.304347826086957,0.0,0.0,101.66134004475956,-0.41736251025530446,0.21505602065645568,2.2976629616892605
61.31,-18.0,13.304347826086957,0.0,0.0,101.6951229820823,-0.41735026028589006,0.2150559118694031,2.2975667537499986
61.32,-18.0,13.304347826086957,0.0,0.0,101.72890611267029,-0.417339507656981,0.2150549526239538,2.2974677064587814
61.33,-18.0,13.304347826086957,0.0,0.0,101.76268942612846,-0.41733017682540186,0.21505320152251606,2.297366239555411
61.34,-18.0,13.304347826086957,0.0,0.0,101.7964729123456,-0.4173221940310148,0.21505071512280471,2.2972627500568894
61.35,-18.0,13.304347826086957,0.0,0.0,101.83025656149785,-0.4173154873467029,0.21504754794091407,2.2971576128876965
61.36,-18.0,13.304347826086957,0.0,0.0,101.8640403640512,-0.41730998672084496,0.2150437524590516,2.2970511815173635
61.37,-18.0,13.304347826086957,0.0,0.0,101.89782431076347,-0.4173056240127091,0.2150393791375762,2.2969437886031328
61.38,-18.0,13.304347826086957,0.0,0.0,101.93160839268526,-0.4173023330211254,0.21503447643104578,2.296835746636106
61.39,-18.0,13.304347826086957,0.0,0.0,101.96539260116049,-0.41730004950683575,0.21502909080794796,2.2967273485889765
61.4,-18.0,13.304347826086957,0.0,0.0,101.999176927826,-0.41729871120886664,0.21502326677383887,2.296618868563973
61.41,-18.0,13.304347826086957,0.0,0.0,102.03296136461083,-0.41729825785531993,0.21501704689756584,2.296510562439192
61.42,-18.0,13.304347826086957,0.0,0.0,102.06674590373466,-0.4172986311688698,0.21501047184036715,2.2964026685125116
61.43,-18.0,13.304347826086957,0.0,0.0,102.10053053770591,-0.4172997748673688,0.21500358038751444,2.2962954081412152
61.44,-18.0,13.304347826086957,0.0,0.0,102.1343152593193,-0.41730163465983505,0.21499640948230192,2.2961889863766567
61.45,-18.0,13.304347826086957,0.0,0.0,102.16810006165284,-0.41730415823815026,0.21498899426213602,2.2960835925927925
61.46,-18.0,13.304347826086957,0.0,0.0,102.20188493806458,-0.41730729526479604,0.21498136809646406,2.29597940110736
61.47,-18.0,13.304347826086957,0.0,0.0,102.23566988218883,-0.4173109973568747,0.214973562626376,2.2958765717952483
61.48,-18.0,13.304347826086957,0.0,0.0,102.26945488793207,-0.4173152180667392,0.21496560780563678,2.2957752506928957
61.49,-18.0,13.304347826086957,0.0,0.0,102.30323994946855,-0.4173199128594749,0.21495753194296952,2.2956755705931995
61.5,-18.0,13.304347826086957,0.0,0.0,102.33702506123555,-0.41732503908750296,0.21494936174540358,2.2955776516301962
61.51,-18.0,13.304347826086957,0.0,0.0,102.37081021792842,-0.4173305559625564,0.21494112236250928,2.2954816018529405
61.52,-18.0,13.304347826086957,0.0,0.0,102.40459541449536,-0.4173364245252631,0.21493283743135239,2.2953875177880314
61.53,-18.0,13.304347826086957,0.0,0.0,102.43838064613198,-0.41734260761256436,0.21492452912202153,2.2952954849903926
61.54,-18.0,13.304347826086957,0.0,0.0,102.47216590827564,-0.4173490698231863,0.2149162181835732,2.2952055785818373
61.55,-18.0,13.304347826086957,0.0,0.0,102.50595119659975,-0.4173557774813832,0.21490792399025327,2.295117863777003
61.56,-18.0,13.304347826086957,0.0,0.0,102.53973650700777,-0.41736269859912856,0.214899664587879,2.295032396396515
61.57,-18.0,13.304347826086957,0.0,0.0,102.57352183562718,-0.41736980283696323,0.21489145674025123,2.2949492233669786
61.58,-18.0,13.304347826086957,0.0,0.0,102.60730717880331,-0.4173770614636758,0.21488331597547883,2.294868383207575
61.59,-18.0,13.304347826086957,0.0,0.0,102.64109253309317,-0.41738444731497215,0.21487525663212392,2.294789906503214
61.6,-18.0,13.304347826086957,0.0,0.0,102.67487789525913,-0.4173919347513151,0.2148672919050585,2.2947138163639575
61.61,-18.0,13.304347826086957,0.0,0.0,102.70866326226255,-0.41739949961506295,0.21485943389095652,2.2946401288707943
61.62,-18.0,13.304347826086957,0.0,0.0,102.74244863125747,-0.4174071191870825,0.21485169363331036,2.2945688535074247
61.63,-18.0,13.304347826086957,0.0,0.0,102.77623399958426,-0.41741477214293665,0.21484408116693032,2.294499993578355
61.64,-18.0,13.304347826086957,0.0,0.0,102.81001936476318,-0.4174224385087948,0.2148366055618377,2.2944335466130976
61.65,-18.0,13.304347826086957,0.0,0.0,102.84380472448808,-0.41743009961719046,0.21482927496647708,2.294369504756461
61.66,-18.0,13.304347826086957,0.0,0.0,102.8775900766201,-0.4174377380627172,0.21482209665022023,2.294307855145206
61.67,-18.0,13.304347826086957,0.0,0.0,102.91137541918133,-0.41744533765778447,0.21481507704508185,2.2942485802709345
61.68,-18.0,13.304347826086957,0.0,0.0,102.94516075034862,-0.41745288338852715,0.21480822178661452,2.294191658329422
61.69,-18.0,13.304347826086957,0.0,0.0,102.97894606844743,-0.41746036137096,0.21480153575393046,2.2941370635564473
61.7,-18.0,13.304347826086957,0.0,0.0,103.01273137194572,-0.41746775880745757,0.21479502310882814,2.2940847665503536
61.71,-18.0,13.304347826086957,0.0,0.0,103.04651665944796,-0.41747506394363576,0.21478868733398215,2.2940347345814764
61.72,-18.0,13.304347826086957,0.0,0.0,103.08030192968917,-0.4174822660257145,0.21478253127016877,2.293986931888571
61.73,-18.0,13.304347826086957,0.0,0.0,103.11408718152914,-0.417489355258432,0.21477655715249866,2.2939413199624097
61.74,-18.0,13.304347826086957,0.0,0.0,103.1478724139467,-0.41749632276354687,0.2147707666456551,2.293897857816929
61.75,-18.0,13.304347826086957,0.0,0.0,103.1816576260341,-0.41750316053901226,0.21476516087810227,2.293856502247947
61.76,-18.0,13.304347826086957,0.0,0.0,103.2154428169915,-0.4175098614188486,0.21475974047526358,2.2938172080798354
61.77,-18.0,13.304347826086957,0.0,0.0,103.24922798612165,-0.41751641903378234,0.21475450559165132,2.2937799284002502
61.78,-18.0,13.304347826086957,0.0,0.0,103.28301313282459,-0.41752282777266037,0.2147494559419567,2.2937446147833787
61.79,-18.0,13.304347826086957,0.0,0.0,103.31679825659253,-0.4175290827447129,0.21474459083107877,2.293711217501717
61.8,-18.0,13.304347826086957,0.0,0.0,103.35058335700487,-0.4175351797426621,0.21473990918310826,2.293679685726886
61.81,-18.0,13.304347826086957,0.0,0.0,103.3843684337233,-0.4175411152067283,0.21473540956925585,2.293649967719566
61.82,-18.0,13.304347826086957,0.0,0.0,103.41815348648714,-0.4175468861895455,0.21473109023473924,2.2936220110089724
61.83,-18.0,13.304347826086957,0.0,0.0,103.4519385151087,-0.41755249032200004,0.2147269491246364,2.293595762562148
61.84,-18.0,13.304347826086957,0.0,0.0,103.48572351946883,-0.41755792578003814,0.21472298390869216,2.2935711689431617
61.85,-18.0,13.304347826086957,0.0,0.0,103.51950849951265,-0.41756319125240426,0.21471919200513567,2.293548176462935
61.86,-18.0,13.304347826086957,0.0,0.0,103.55329345524532,-0.4175682859093808,0.21471557060345958,2.2935267313194454
61.87,-18.0,13.304347826086957,0.0,0.0,103.58707838672807,-0.4175732093724882,0.21471211668622914,2.2935067797290754
61.88,-18.0,13.304347826086957,0.0,0.0,103.62086329407424,-0.41757796168517025,0.21470882704990935,2.293488268049167
61.89,-18.0,13.304347826086957,0.0,0.0,103.6546481774456,-0.41758254328446776,0.21470569832472708,2.2934711428921015
61.9,-18.0,13.304347826086957,0.0,0.0,103.68843303704865,-0.41758695497367726,0.2147027269935966,2.2934553512312466
61.91,-18.0,13.304347826086957,0.0,0.0,103.72221787313127,-0.41759119789598964,0.21469990941011596,2.2934408404990294
61.92,-18.0,13.304347826086957,0.0,0.0,103.75600268597927,-0.41759527350910264,0.21469724181566874,2.293427558677507
61.93,-18.0,13.304347826086957,0.0,0.0,103.7897874759132,-0.4175991835608024,0.21469472035563997,2.293415454381656
61.94,-18.0,13.304347826086957,0.0,0.0,103.82357224328535,-0.4176029300655233,0.2146923410947562,2.2934044769355504
61.95,-18.0,13.304347826086957,0.0,0.0,103.85735698847677,-0.417606515281834,0.21469010003161182,2.2933945764420782
61.96,-18.0,13.304347826086957,0.0,0.0,103.89114171189442,-0.4176099416908807,0.21468799311235742,2.2933857038460723
61.97,-18.0,13.304347826086957,0.0,0.0,103.92492641396858,-0.4176132119757541,0.21468601624360062,2.2933778109913665
61.98,-18.0,13.304347826086957,0.0,0.0,103.9587110951502,-0.4176163290017638,0.21468416530453893,2.2933708506720216
61.99,-18.0,13.304347826086957,0.0,0.0,103.99249575590858,-0.4176192957976197,0.2146824361583357,2.2933647766778917
62.0,-18.0,13.304347826086957,0.0,0.0,104.02628039672892,-0.41762211553747997,0.21468082466278404,2.2933595438349768
62.01,-18.0,13.304347826086957,0.0,0.0,104.06006501811025,-0.4176247915238771,0.21467932668025735,2.2933551080405996
62.02,-18.0,13.304347826086957,0.0,0.0,104.09384962056329,-0.41762732717148143,0.2146779380869922,2.2933514262938393
62.03,-18.0,13.304347826086957,0.0,0.0,104.1276342046085,-0.41762972599168835,0.21467665478171394,2.2933484567214
62.04,-18.0,13.304347826086957,0.0,0.0,104.16141877077419,-0.4176319915780178,0.2146754726936374,2.2933461585991637
62.05,-18.0,13.304347826086957,0.0,0.0,104.19520331959484,-0.4176341275923019,0.21467438778984904,2.2933444923695796
62.06,-18.0,13.304347826086957,0.0,0.0,104.22898785160935,-0.41763613775162356,0.21467339608213043,2.293343419655388
62.07,-18.0,13.304347826086957,0.0,0.0,104.26277236735957,-0.41763802581602594,0.21467249363319107,2.293342903269454
62.08,-18.0,13.304347826086957,0.0,0.0,104.29655686738884,-0.4176397955769182,0.21467167656239483,2.2933429072214464
62.09,-18.0,13.304347826086957,0.0,0.0,104.3303413522406,-0.4176414508462001,0.21467094105095352,2.2933433967211534
62.1,-18.0,13.304347826086957,0.0,0.0,104.3641258224571,-0.4176429954460601,0.21467028334663807,2.2933443381788736
62.11,-18.0,13.304347826086957,0.0,0.0,104.39791027857831,-0.4176444331994382,0.21466969976801253,2.2933456992029457
62.12,-18.0,13.304347826086957,0.0,0.0,104.43169472114074,-0.4176457679211143,0.21466918670823143,2.2933474485947727
62.13,-18.0,13.304347826086957,0.0,0.0,104.46547915067647,-0.41764700340941996,0.21466874063840102,2.2933495563413313
62.14,-18.0,13.304347826086957,0.0,0.0,104.49926356771218,-0.4176481434385404,0.2146683581105392,2.29335199360548
62.15,-18.0,13.304347826086957,0.0,0.0,104.5330479727683,-0.41764919175138693,0.2146680357601468,2.293354732714175
62.16,-18.0,13.304347826086957,0.0,0.0,104.56683236635826,-0.4176501520530176,0.2146677703084181,2.2933577471448063
62.17,-18.0,13.304347826086957,0.0,0.0,104.6006167489877,-0.41765102800458687,0.21466755856409925,2.2933610115097496
62.18,-18.0,13.304347826086957,0.0,0.0,104.63440112115389,-0.4176518232177979,0.21466739742502727,2.2933645015393807
62.19,-18.0,13.304347826086957,0.0,0.0,104.66818548334504,-0.4176525412498473,0.21466728387934908,2.2933681940635426
62.2,-18.0,13.304347826086957,0.0,0.0,104.7019698360399,-0.4176531855988306,0.21466721500645713,2.2933720669917745
62.21,-18.0,13.304347826086957,0.0,0.0,104.73575417970716,-0.4176537596995873,0.21466718797765105,2.2933760992923564
62.22,-18.0,13.304347826086957,0.0,0.0,104.76953851480512,-0.417654266919977,0.21466720005654005,2.293380270970283
62.23,-18.0,13.304347826086957,0.0,0.0,104.8033228417813,-0.41765471055755965,0.2146672485992016,2.2933845630442797
62.24,-18.0,13.304347826086957,0.0,0.0,104.8371071610721,-0.41765509383665456,0.2146673310541225,2.2933889575230664
62.25,-18.0,13.304347826086957,0.0,0.0,104.87089147310255,-0.4176554199057676,0.21466744496192758,2.2933934373809
62.26,-18.0,13.304347826086957,0.0,0.0,104.90467577828609,-0.4176556918353769,0.21466758795490293,2.2933979865324146
62.27,-18.0,13.304347826086957,0.0,0.0,104.93846007702439,-0.4176559126160273,0.2146677577563577,2.293402589807134
62.28,-18.0,13.304347826086957,0.0,0.0,104.97224436970717,-0.4176560851567559,0.2146679521798016,2.2934072329234203
62.29,-18.0,13.304347826086957,0.0,0.0,105.00602865671215,-0.4176562122838019,0.2146681691279746,2.2934119024621618
62.3,-18.0,13.304347826086957,0.0,0.0,105.0398129384049,-0.41765629673959404,0.2146684065917397,2.29341658584025
62.31,-18.0,13.304347826086957,0.0,0.0,105.07359721513893,-0.41765634118201156,0.21466866264883055,2.293421271283778
62.32,-18.0,13.304347826086957,0.0,0.0,105.10738148725554,-0.4176563481838702,0.2146689354625041,2.2934259478013246
62.33,-18.0,13.304347826086957,0.0,0.0,105.14116575508393,-0.41765632023265975,0.21466922328006288,2.293430605157037
62.34,-18.0,13.304347826086957,0.0,0.0,105.17495001894122,-0.4176562597304805,0.21466952443130238,2.293435233843918
62.35,-18.0,13.304347826086957,0.0,0.0,105.2087342791325,-0.41765616899419755,0.2146698373268493,2.293439825057048
62.36,-18.0,13.304347826086957,0.0,0.0,105.24251853595099,-0.4176560502557711,0.21467016045644094,2.2934443706670797
62.37,-18.0,13.304347826086957,0.0,0.0,105.27630278967811,-0.4176559056627611,0.21467049238713176,2.2934488631939334
62.38,-18.0,13.304347826086957,0.0,0.0,105.3100870405836,-0.4176557372789973,0.21467083176144108,2.2934532957807265
62.39,-18.0,13.304347826086957,0.0,0.0,105.34387128892571,-0.4176555470854051,0.21467117729543994,2.2934576621679126
62.4,-18.0,13.304347826086957,0.0,0.0,105.37765553495137,-0.41765533698095103,0.2146715277768173,2.293461956667961
62.41,-18.0,13.304347826086957,0.0,0.0,105.41143977889637,-0.4176551087837337,0.2146718820628858,2.2934661741401916
62.42,-18.0,13.304347826086957,0.0,0.0,105.4452240209855,-0.4176548642321718,0.21467223907858035,2.2934703099662026
62.43,-18.0,13.304347826086957,0.0,0.0,105.47900826143291,-0.4176546049863177,0.21467259781441372,2.29347436002555
62.44,-18.0,13.304347826086957,0.0,0.0,105.51279250044215,-0.4176543326292381,0.21467295732444114,2.2934783206721163
62.45,-18.0,13.304347826086957,0.0,0.0,105.54657673820651,-0.41765404866850764,0.21467331672418943,2.293482188710741
62.46,-18.0,13.304347826086957,0.0,0.0,105.58036097490927,-0.41765375453776077,0.2146736751885978,2.2934859613745013
62.47,-18.0,13.304347826086957,0.0,0.0,105.61414521072386,-0.41765345159831235,0.21467403194995882,2.2934896363025206
62.48,-18.0,13.304347826086957,0.0,0.0,105.64792944581423,-0.4176531411408504,0.2146743862958489,2.2934932115181925
62.49,-18.0,13.304347826086957,0.0,0.0,105.681713680335,-0.4176528243871569,0.21467473756709476,2.2934966854081766
62.5,-18.0,13.304347826086957,0.0,0.0,105.71549791443178,-0.4176525024918962,0.21467508515572675,2.2935000567017507
62.51,-18.0,13.304347826086957,0.0,0.0,105.74928214824145,-0.4176521765444243,0.21467542850296806,2.2935033244508833
62.52,-18.0,13.304347826086957,0.0,0.0,105.78306638189235,-0.4176518475706299,0.21467576709723968,2.2935064880108675
62.53,-18.0,13.304347826086957,0.0,0.0,105.81685061550466,-0.41765151653481336,0.2146761004721799,2.293509547021443
62.54,-18.0,13.304347826086957,0.0,0.0,105.85063484919058,-0.41765118434155957,0.21467642820471022,2.2935125013887045
62.55,-18.0,13.304347826086957,0.0,0.0,105.88441908305465,-0.4176508518376427,0.21467674991311425,2.293515351267449
62.56,-18.0,13.304347826086957,0.0,0.0,105.91820331719398,-0.4176505198139282,0.21467706525515973,2.2935180970442106
62.57,-18.0,13.304347826086957,0.0,0.0,105.9519875516986,-0.4176501890072859,0.21467737392624198,2.293520739320807
62.58,-18.0,13.304347826086957,0.0,0.0,105.98577178665161,-0.41764986010248406,0.214677675657583,2.293523278898627
62.59,-18.0,13.304347826086957,0.0,0.0,106.01955602212958,-0.4176495337340962,0.21467797021445123,2.293525716763366
62.6,-18.0,13.304347826086957,0.0,0.0,106.05334025820268,-0.4176492104883818,0.21467825739443303,2.2935280540704563
62.61,-18.0,13.304347826086957,0.0,0.0,106.08712449493505,-0.4176488909051659,0.21467853702573203,2.293530292130975
62.62,-18.0,13.304347826086957,0.0,0.0,106.12090873238502,-0.4176485754796897,0.21467880896552693,2.2935324323982478
62.63,-18.0,13.304347826086957,0.0,0.0,106.15469297060532,-0.41764826466444416,0.21467907309836254,2.293534476454962
62.64,-18.0,13.304347826086957,0.0,0.0,106.1884772096434,-0.41764795887098183,0.21467932933458778,2.293536426000845
62.65,-18.0,13.304347826086957,0.0,0.0,106.22226144954162,-0.4176476584717075,0.2146795776088295,2.293538282840834
62.66,-18.0,13.304347826086957,0.0,0.0,106.25604569033754,-0.41764736380162204,0.2146798178785334,2.293540048873965
62.67,-18.0,13.304347826086957,0.0,0.0,106.28982993206412,-0.4176470751600574,0.2146800501225279,2.2935417260826023
62.68,-18.0,13.304347826086957,0.0,0.0,106.32361417474995,-0.4176467928123635,0.21468027433964454,2.2935433165222965
62.69,-18.0,13.304347826086957,0.0,0.0,106.35739841841949,-0.4176465169915704,0.2146804905473827,2.293544822312106
62.7,-18.0,13.304347826086957,0.0,0.0,106.39118266309329,-0.4176462479000038,0.214680698780625,2.293546245625489
62.71,-18.0,13.304347826086957,0.0,0.0,106.4249669087882,-0.4176459857108794,0.2146808990903839,2.2935475886815406
62.72,-18.0,13.304347826086957,0.0,0.0,106.45875115551759,-0.41764573056983556,0.21468109154261894,2.293548853736917
62.73,-18.0,13.304347826086957,0.0,0.0,106.49253540329151,-0.41764548259645284,0.21468127621707123,2.293550043077981
62.74,-18.0,13.304347826086957,0.0,0.0,106.52631965211694,-0.41764524188570973,0.21468145320616672,2.293551159013605
62.75,-18.0,13.304347826086957,0.0,0.0,106.56010390199796,-0.4176450085094181,0.21468162261394486,2.2935522038682303
62.76,-18.0,13.304347826086957,0.0,0.0,106.59388815293592,-0.41764478251759196,0.21468178455505293,2.2935531799755573
62.77,-18.0,13.304347826086957,0.0,0.0,106.62767240492964,-0.4176445639398063,0.214681939153756,2.293554089672377
62.78,-18.0,13.304347826086957,0.0,0.0,106.66145665797558,-0.41764435278648104,0.21468208654302112,2.29355493529308
62.79,-18.0,13.304347826086957,0.0,0.0,106.69524091206797,-0.4176441490501448,0.2146822268636176,2.2935557191643388
62.8,-18.0,13.304347826086957,0.0,0.0,106.72902516719905,-0.4176439527066509,0.21468236026327014,2.293556443600223
62.81,-18.0,13.304347826086957,0.0,0.0,106.76280942335913,-0.4176437637163388,0.21468248689585878,2.2935571108977615
62.82,-18.0,13.304347826086957,0.0,0.0,106.7965936805368,-0.41764358202517715,0.21468260692063912,2.2935577233326434
62.83,-18.0,13.304347826086957,0.0,0.0,106.83037793871907,-0.41764340756583773,0.21468272050152482,2.2935582831554795
62.84,-18.0,13.304347826086957,0.0,0.0,106.86416219789147,-0.41764324025874755,0.2146828278063896,2.2935587925882035
62.85,-18.0,13.304347826086957,0.0,0.0,106.89794645803823,-0.4176430800130888,0.21468292900641894,2.2935592538208796
62.86,-18.0,13.304347826086957,0.0,0.0,106.93173071914235,-0.4176429267277617,0.21468302427548847,2.2935596690087423
62.87,-18.0,13.304347826086957,0.0,0.0,106.96551498118576,-0.4176427802923104,0.21468311378957983,2.293560040269513
62.88,-18.0,13.304347826086957,0.0,0.0,106.99929924414944,-0.41764264058779865,0.21468319772623667,2.2935603696810394
62.89,-18.0,13.304347826086957,0.0,0.0,107.03308350801349,-0.4176425074876544,0.21468327626404748,2.2935606592791458
62.9,-18.0,13.304347826086957,0.0,0.0,107.06686777275726,-0.41764238085847505,0.21468334958216106,2.293560911055706
62.91,-18.0,13.304347826086957,0.0,0.0,107.10065203835944,-0.41764226056079035,0.2146834178598357,2.293561126956995
62.92,-18.0,13.304347826086957,0.0,0.0,107.13443630479817,-0.41764214644979725,0.2146834812760121,2.2935613088821833
62.93,-18.0,13.304347826086957,0.0,0.0,107.16822057205111,-0.41764203837604397,0.21468354000892764,2.2935614586821496
62.94,-18.0,13.304347826086957,0.0,0.0,107.20200484009553,-0.4176419361860917,0.21468359423574623,2.293561578158394
62.95,-18.0,13.304347826086957,0.0,0.0,107.23578910890836,-0.4176418397231352,0.21468364413221952,2.2935616690621647
62.96,-18.0,13.304347826086957,0.0,0.0,107.26957337846633,-0.41764174882759186,0.21468368987237585,2.293561733093768
62.97,-18.0,13.304347826086957,0.0,0.0,107.30335764874599,-0.41764166333765873,0.21468373162822996,2.293561771902022
62.98,-18.0,13.304347826086957,0.0,0.0,107.33714191972378,-0.41764158308983257,0.21468376956952195,2.2935617870839025
62.99,-18.0,13.304347826086957,0.0,0.0,107.37092619137609,-0.41764150791939936,0.21468380386347852,2.2935617801843367
63.0,-18.0,13.304347826086957,0.0,0.0,107.40471046367935,-0.41764143766090944,0.2146838346745833,2.293561752696005
63.01,-18.0,14.869565217391305,0.0,0.0,107.43863846053837,-0.4160501187642618,0.3415480541874757,2.279764549382331
63.02,-18.0,14.869565217391305,0.0,0.0,107.47269942131484,-0.41470154924763736,0.3348390103071154,2.266361461592651
63.03,-18.0,14.869565217391305,0.0,0.0,107.50688331180903,-0.41357162094356537,0.32851939771675975,2.2533722157336173
63.04,-18.0,14.869565217391305,0.0,0.0,107.54118077995601,-0.4126379978278325,0.32257021507437056,2.240814431579965
63.05,-18.0,14.869565217391305,0.0,0.0,107.57558311396924,-0.4118800172694692,0.3169733241367314,2.2287036828932196
63.06,-18.0,14.869565217391305,0.0,0.0,107.61008220282885,-0.41127859399549527,0.3117114037209765,2.217053564507369
63.07,-18.0,14.869565217391305,0.0,0.0,107.64467049900657,-0.4108161271716224,0.3067679070671858,2.205875764441757
63.08,-18.0,14.869565217391305,0.0,0.0,107.67934098331844,-0.41047641088612297,0.30212702242315004,2.195180139635473
63.09,-18.0,14.869565217391305,0.0,0.0,107.71408713179595,-0.4102445482300323,0.2977736366415783,2.1849747939702997
63.1,-18.0,14.869565217391305,0.0,0.0,107.7489028844685,-0.41010686909011085,0.29369330156175477,2.175266157351174
63.11,-18.0,14.869565217391305,0.0,0.0,107.783782615953,-0.4100508517086805,0.2898722029396089,2.166059064739437
63.12,-18.0,14.869565217391305,0.0,0.0,107.8187211077501,-0.41006504801457666,0.286297131689912,2.1573568341761846
63.13,-18.0,14.869565217391305,0.0,0.0,107.85371352215122,-0.4101390126898925,0.28295545721019555,2.149161342986261
63.14,-18.0,14.869565217391305,0.0,0.0,107.88875537766502,-0.4102632359064122,0.2798351025663468,2.141473101510876
63.15,-18.0,14.869565217391305,0.0,0.0,107.9238425258768,-0.4104290796421537,0.27692452133342793,2.1342913238740837
63.16,-18.0,14.869565217391305,0.0,0.0,107.95897112965957,-0.4106287174709542,0.2742126759010791,2.127613995441676
63.17,-18.0,14.869565217391305,0.0,0.0,107.99413764266012,-0.41085507770561325,0.2716890170699173,2.1214379367759837
63.18,-18.0,14.869565217391305,0.0,0.0,108.02933878998783,-0.4111017897666682,0.2693434647830444,2.115758864025189
63.19,-18.0,14.869565217391305,0.0,0.0,108.06457155003916,-0.41136313364380417,0.2671663898544203,2.110571445807605
63.2,-18.0,14.869565217391305,0.0,0.0,108.0998331373943,-0.41163399231438813,0.2651485965731264,2.1058693567597295
63.21,-18.0,14.869565217391305,0.0,0.0,108.13512098672675,-0.41190980698319457,0.26328130607898936,2.1016453280098397
63.22,-18.0,14.869565217391305,0.0,0.0,108.17043273767031,-0.41218653500861047,0.2615561404204154,2.0978911949156176
63.23,-18.0,14.869565217391305,0.0,0.0,108.2057662205912,-0.41246061038297044,0.2599651072194986,2.094597942465573
63.24,-18.0,14.869565217391305,0.0,0.0,108.24111944321642,-0.4127289066380404,0.25850058488226035,2.0917557487879748
63.25,-18.0,14.869565217391305,0.0,0.0,108.27649057807211,-0.4129887020505767,0.25715530830338196,2.0893540272400704
63.26,-18.0,14.869565217391305,0.0,0.0,108.31187795068855,-0.41323764702734844,0.2559223550247809,2.087381467562333
63.27,-18.0,14.869565217391305,0.0,0.0,108.34728002853078,-0.4134737335536818,0.2547951318160855,2.0858260765802843
63.28,-18.0,14.869565217391305,0.0,0.0,108.38269541061595,-0.4136952665944009,0.25376736165243363,2.084675218919682
63.29,-18.0,14.869565217391305,0.0,0.0,108.41812281778091,-0.4139008373409869,0.2528330710711051,2.083915658170087
63.3,-18.0,14.869565217391305,0.0,0.0,108.45356108356494,-0.4140892982036044,0.2519865778935173,2.0835335988896624
63.31,-18.0,14.869565217391305,0.0,0.0,108.48900914567474,-0.4142597394514602,0.2512224793030622,2.0835147297905414
63.32,-18.0,14.869565217391305,0.0,0.0,108.52446603800027,-0.4144114674096271,0.25053564027229336,2.083844268381307
63.33,-18.0,14.869565217391305,0.0,0.0,108.55993088315124,-0.41454398412499427,0.24992118233522054,2.0845070072730616
63.34,-18.0,14.869565217391305,0.0,0.0,108.59540288548602,-0.41465696841837807,0.24937447270200042,2.085487362279488
63.35,-18.0,14.869565217391305,0.0,0.0,108.63088132460567,-0.4147502582440137,0.24889111371428352,2.086769422361869
63.36,-18.0,14.869565217391305,0.0,0.0,108.66636554928698,-0.4148238342816475,0.24846693263996578,2.0883370013892675
63.37,-18.0,14.869565217391305,0.0,0.0,108.70185497183009,-0.41487780469030966,0.2480979718061631,2.090173691603456
63.38,-18.0,14.869565217391305,0.0,0.0,108.73734906279681,-0.41491239095648025,0.24778047906904366,2.0922629186012007
63.39,-18.0,14.869565217391305,0.0,0.0,108.77284734611723,-0.4149279147728333,0.24751089861871844,2.0945879975741746
63.4,-18.0,14.869565217391305,0.0,0.0,108.80834939454306,-0.41492478588708903,0.24728586211676906,2.097132190481185
63.41,-18.0,14.869565217391305,0.0,0.0,108.84385482542724,-0.4149034908636202,0.24710218016331575,2.099878763771018
63.42,-18.0,14.869565217391305,0.0,0.0,108.87936329681034,-0.4148645827034796,0.24695683408975833,2.102811046227768
63.43,-18.0,14.869565217391305,0.0,0.0,108.9148745037949,-0.41480867127133614,0.24684696807254536,2.10591248647548
63.44,-18.0,14.869565217391305,0.0,0.0,108.95038817519038,-0.4147364144805592,0.24676988156254476,2.1091667096559727
63.45,-18.0,14.869565217391305,0.0,0.0,108.98590407041142,-0.41464851019019533,0.24672302202389074,2.1125575727838886
63.46,-18.0,14.869565217391305,0.0,0.0,109.02142197661378,-0.4145456887700998,0.24670397797545474,2.116069218284843
63.47,-18.0,14.869565217391305,0.0,0.0,109.05694170605253,-0.4144287062927483,0.24671047232752397,2.1196861252376804
63.48,-18.0,14.869565217391305,0.0,0.0,109.09246309364808,-0.4142983383124861,0.24674035600570443,2.1233931578676666
63.49,-18.0,14.869565217391305,0.0,0.0,109.12798599474642,-0.414155374195073,0.24679160185362226,2.1271756108738655
63.5,-18.0,14.869565217391305,0.0,0.0,109.16351028306063,-0.4140006119623627,0.2468622988056146,2.131019251219422
63.51,-18.0,14.869565217391305,0.0,0.0,109.19903584878125,-0.41383485361883987,0.24695064632032993,2.1349103560664386
63.52,-18.0,14.869565217391305,0.0,0.0,109.23456259684419,-0.4136589009285623,0.24705494906591774,2.138835746595145
63.53,-18.0,14.869565217391305,0.0,0.0,109.27009044534499,-0.4134735516127295,0.24717361184737685,2.142782817509728
63.54,-18.0,14.869565217391305,0.0,0.0,109.30561932408925,-0.4132795959397362,0.2473051347665518,2.1467395620970517
63.55,-18.0,14.869565217391305,0.0,0.0,109.34114917326949,-0.41307781368112595,0.24744810860525757,2.150694592768648
63.56,-18.0,14.869565217391305,0.0,0.0,109.37667994225923,-0.4128689714082736,0.24760121042210304,2.1546371570797627
63.57,-18.0,14.869565217391305,0.0,0.0,109.41221158851582,-0.412653820106073,0.2477631993536451,2.158557149278241
63.58,-18.0,14.869565217391305,0.0,0.0,109.44774407658375,-0.4124330930811768,0.24793291261070327,2.1624451174922363
63.59,-18.0,14.869565217391305,0.0,0.0,109.48327737719107,-0.4122075041436213,0.24810926166083536,2.1662922667155815
63.6,-18.0,14.869565217391305,0.0,0.0,109.51881146643164,-0.41197774604182547,0.2482912285882164,2.1700904577940063
63.61,-18.0,14.869565217391305,0.0,0.0,109.5543463250266,-0.41174448913212314,0.2484778626224029,2.173832202652622
63.62,-18.0,14.869565217391305,0.0,0.0,109.58988193765887,-0.41150838026502035,0.24866827682776593,2.1775106560359023
63.63,-18.0,14.869565217391305,0.0,0.0,109.6254182923749,-0.41127004187142036,0.24886164494565066,2.1811196040546927
63.64,-18.0,14.869565217391305,0.0,0.0,109.66095538004807,-0.41103007123299795,0.24905719838165252,2.184653449851719
63.65,-18.0,14.869565217391305,0.0,0.0,109.69649319389883,-0.4107890399218517,0.24925422333069558,2.1881071967068384
63.66,-18.0,14.869565217391305,0.0,0.0,109.73203172906682,-0.41054749339540897,0.24945205803294468,2.19147642890766
63.67,-18.0,14.869565217391305,0.0,0.0,109.76757098223054,-0.41030595073342413,0.24965009015388473,2.19475729070913
63.68,-18.0,14.869565217391305,0.0,0.0,109.8031109512705,-0.41006490450464006,0.24984775428226524,2.197946463699939
63.69,-18.0,14.869565217391305,0.0,0.0,109.83865163497211,-0.4098248207515056,0.2500445295398743,2.2010411428820102
63.7,-18.0,14.869565217391305,0.0,0.0,109.87419303276467,-0.4095861390819815,0.25023993729749394,2.204039011756063
63.71,-18.0,14.869565217391305,0.0,0.0,109.90973514449335,-0.40934927285820444,0.25043353899161613,2.206938216688296
63.72,-18.0,14.869565217391305,0.0,0.0,109.94527797022107,-0.40911460947236455,0.2506249340368958,2.2097373408149505
63.73,-18.0,14.869565217391305,0.0,0.0,109.98082151005735,-0.4088825107008065,0.25081375782951976,2.212435377720015
63.74,-18.0,14.869565217391305,0.0,0.0,110.01636576401187,-0.4086533131279251,0.2509996798370113,2.215031705100057
63.75,-18.0,14.869565217391305,0.0,0.0,110.05191073187005,-0.4084273286319682,0.2511824017702351,2.2175260586080343
63.76,-18.0,14.869565217391305,0.0,0.0,110.08745641308869,-0.4082048449253928,0.25136165583364134,2.2199185060458717
63.77,-18.0,14.869565217391305,0.0,0.0,110.12300280670941,-0.4079861261429176,0.25153720305001226,2.2222094220536732
63.78,-18.0,14.869565217391305,0.0,0.0,110.15854991128832,-0.40777141347088297,0.2517088316562248,2.2243994634227784
63.79,-18.0,14.869565217391305,0.0,0.0,110.19409772483996,-0.40756092581196257,0.2518763555667667,2.2264895451397493
63.8,-18.0,14.869565217391305,0.0,0.0,110.22964624479421,-0.40735486047972724,0.25203961290192556,2.228480817249401
63.81,-18.0,14.869565217391305,0.0,0.0,110.26519546796439,-0.40715339391791194,0.25219846457781725,2.2303746426079787
63.82,-18.0,14.869565217391305,0.0,0.0,110.30074539052566,-0.40695668243968175,0.2523527929555289,2.2321725755806163
63.83,-18.0,14.869565217391305,0.0,0.0,110.33629600800222,-0.40676486298248915,0.2525025005469088,2.23387634172352
63.84,-18.0,14.869565217391305,0.0,0.0,110.37184731526229,-0.40657805387449586,0.25264750877462494,2.2354878184773823
63.85,-18.0,14.869565217391305,0.0,0.0,110.40739930651996,-0.40639635560885234,0.2527877567842991,2.237009016887015
63.86,-18.0,14.869565217391305,0.0,0.0,110.44295197534306,-0.4062198516224116,0.2529232003066537,2.2384420643519203
63.87,-18.0,14.869565217391305,0.0,0.0,110.47850531466592,-0.4060486090757509,0.253053810567744,2.2397891884035412
63.88,-18.0,14.869565217391305,0.0,0.0,110.51405931680671,-0.4058826796316768,0.25317957324543805,2.2410527014967085
63.89,-18.0,14.869565217391305,0.0,0.0,110.54961397348836,-0.4057221002295843,0.2533004874704561,2.2422349867970173
63.9,-18.0,14.869565217391305,0.0,0.0,110.5851692758627,-0.40556689385334654,0.25341656487034814,2.243338484939698
63.91,-18.0,14.869565217391305,0.0,0.0,110.620725214537,-0.4054170702905866,0.2535278286548972,2.2443656817315487
63.92,-18.0,14.869565217391305,0.0,0.0,110.65628177960278,-0.40527262688143906,0.2536343127415084,2.2453190967636347
63.93,-18.0,14.869565217391305,0.0,0.0,110.69183896066605,-0.4051335492550747,0.2537360609192343,2.246201272899965
63.94,-18.0,14.869565217391305,0.0,0.0,110.72739674687902,-0.4049998120524789,0.2538331260501312,2.2470147666050404
63.95,-18.0,14.869565217391305,0.0,0.0,110.76295512697256,-0.4048713796341179,0.25392556930674903,2.24776213907228
63.96,-18.0,14.869565217391305,0.0,0.0,110.79851408928927,-0.4047482067713404,0.2540134594445498,2.24844594811375
63.97,-18.0,14.869565217391305,0.0,0.0,110.834073621817,-0.4046302393204586,0.2540968721081658,2.249068740772034
63.98,-18.0,14.869565217391305,0.0,0.0,110.86963371222227,-0.40451741487864346,0.2541758891704189,2.249633046614697
63.99,-18.0,14.869565217391305,0.0,0.0,110.90519434788374,-0.404409663420886,0.2542505981030607,2.2501413716721403
64.0,-18.0,14.869565217391305,0.0,0.0,110.9407555159252,-0.4043069079173802,0.2543210913782683,2.2505961929807983
64.01,-18.0,14.869565217391305,0.0,0.0,110.97631720324827,-0.4042090649308563,0.2543874658999077,2.250999953693802
64.02,-18.0,14.869565217391305,0.0,0.0,111.01187939656431,-0.4041160451934227,0.25444982246367087,2.251355058723161
64.03,-18.0,14.869565217391305,0.0,0.0,111.04744208242572,-0.4040277541626476,0.25450826524516756,2.2516638708780996
64.04,-18.0,14.869565217391305,0.0,0.0,111.08300524725637,-0.4039440925566531,0.25456290131510695,2.251928707465829
64.05,-18.0,14.869565217391305,0.0,0.0,111.11856887738112,-0.4038649568681041,0.25461384018071986,2.252151837322539
64.06,-18.0,14.869565217391305,0.0,0.0,111.15413295905438,-0.4037902398570401,0.2546611933525924,2.252335478243673
64.07,-18.0,14.869565217391305,0.0,0.0,111.18969747848755,-0.40371983102257736,0.2547050739360983,2.25248179478422
64.08,-18.0,14.869565217391305,0.0,0.0,111.22526242187547,-0.4036536170535707,0.25474559624663495,2.2525928964011515
64.09,-18.0,14.869565217391305,0.0,0.0,111.26082777542172,-0.40359148225837416,0.25478287544789335,2.252670835911856
64.1,-18.0,14.869565217391305,0.0,0.0,111.29639352536267,-0.4035333089739128,0.2548170272123895,2.252717608243648
64.11,-18.0,14.869565217391305,0.0,0.0,111.33195965799058,-0.40347897795431353,0.2548481674035037,2.2527351494509924
64.12,-18.0,14.869565217391305,0.0,0.0,111.36752615967525,-0.40342836873937493,0.2548764117783122,2.2527253359787913
64.13,-18.0,14.869565217391305,0.0,0.0,111.40309301688474,-0.40338136000323477,0.25490187571045153,2.252689984150784
64.14,-18.0,14.869565217391305,0.0,0.0,111.43866021620475,-0.4033378298835737,0.2549246739323354,2.2526308498642487
64.15,-18.0,14.869565217391305,0.0,0.0,111.47422774435691,-0.4032976562917734,0.2549449202959957,2.2525496284727873
64.16,-18.0,14.869565217391305,0.0,0.0,111.50979558821587,-0.40326071720445,0.254962727551868,2.252447954840527
64.17,-18.0,14.869565217391305,0.0,0.0,111.54536373482523,-0.40322689093680175,0.25497820714484254,2.2523274035522314
64.18,-18.0,14.869565217391305,0.0,0.0,111.58093217141241,-0.4031960563982566,0.2549914690268915,2.252189489264595
64.19,-18.0,14.869565217391305,0.0,0.0,111.61650088540239,-0.40316809333089587,0.25500262148563246,2.252035667185412
64.2,-18.0,14.869565217391305,0.0,0.0,111.65206986443026,-0.40314288253114405,0.25501177098817385,2.2518673336681427
64.21,-18.0,14.869565217391305,0.0,0.0,111.68763909635292,-0.4031203060552695,0.25501902203958204,2.2516858269099393
64.22,-18.0,14.869565217391305,0.0,0.0,111.7232085692596,-0.40310024740917805,0.25502447705537334,2.251492427742809
64.23,-18.0,14.869565217391305,0.0,0.0,111.75877827148135,-0.40308259172305516,0.2550282362473928,2.251288360507636
64.24,-18.0,14.869565217391305,0.0,0.0,111.79434819159974,-0.4030672259113861,0.2550303975224666,2.2510747940018563
64.25,-18.0,14.869565217391305,0.0,0.0,111.82991831845446,-0.40305403881887614,0.2550310563932592,2.2508528424924847
64.26,-18.0,14.869565217391305,0.0,0.0,111.8654886411501,-0.40304292135282704,0.2550303059007244,2.2506235667863432
64.27,-18.0,14.869565217391305,0.0,0.0,111.90105914906195,-0.403033766602491,0.2550282365475969,2.2503879753504217
64.28,-18.0,14.869565217391305,0.0,0.0,111.93662983184116,-0.4030264699459549,0.255024936242348,2.2501470254754152
64.29,-18.0,14.869565217391305,0.0,0.0,111.97220067941889,-0.40302092914506527,0.2550204902530784,2.2499016244765215
64.3,-18.0,14.869565217391305,0.0,0.0,112.0077716820098,-0.40301704442893715,0.25501498117079757,2.249652630925563
64.31,-18.0,14.869565217391305,0.0,0.0,112.04334283011477,-0.4030147185665649,0.2550084888815747,2.2494008559092227
64.32,-18.0,14.869565217391305,0.0,0.0,112.0789141145229,-0.4030138569290471,0.2550010905470479,2.2491470643084917
64.33,-18.0,14.869565217391305,0.0,0.0,112.1144855263129,-0.4030143675419322,0.25499286059280646,2.248891976094968
64.34,-18.0,14.869565217391305,0.0,0.0,112.15005705685377,-0.4030161611281893,0.2549838707041523,2.248636267639689
64.35,-18.0,14.869565217391305,0.0,0.0,112.18562869780489,-0.40301915114228537,0.25497418982878095,2.2483805730308544
64.36,-18.0,14.869565217391305,0.0,0.0,112.22120044111556,-0.4030232537958538,0.2549638841859263,2.2481254853968693
64.37,-18.0,14.869565217391305,0.0,0.0,112.256772279024,-0.4030283880754302,0.25495301728152175,2.2478715582313935
64.38,-18.0,14.869565217391305,0.0,0.0,112.29234420405581,-0.40303447575268847,0.25494164992897006,2.247619306717706
64.39,-18.0,14.869565217391305,0.0,0.0,112.32791620902191,-0.4030414413876624,0.25492984027508125,2.2473692090492627
64.4,-18.0,14.869565217391305,0.0,0.0,112.36348828701617,-0.40304921232535507,0.2549176438308074,2.2471217077442662
64.41,-18.0,14.869565217391305,0.0,0.0,112.39906043141248,-0.403057718686171,0.2549051135063771,2.2468772109518427
64.42,-18.0,14.869565217391305,0.0,0.0,112.43463263586145,-0.40306689335058343,0.25489229965046634,2.2466360937476906
64.43,-18.0,14.869565217391305,0.0,0.0,112.47020489428681,-0.40307667193844265,0.2548792500930328,2.246398699417156
64.44,-18.0,14.869565217391305,0.0,0.0,112.50577720088143,-0.4030869927832872,0.2548660101915021,2.2461653407242688
64.45,-18.0,14.869565217391305,0.0,0.0,112.54134955010299,-0.40309779690205505,0.25485262287995236,2.245936301164814
64.46,-18.0,14.869565217391305,0.0,0.0,112.57692193666945,-0.4031090279605418,0.25483912872099634,2.2457118362021147
64.47,-18.0,14.869565217391305,0.0,0.0,112.61249435555416,-0.40312063223496186,0.2548255659600518,2.245492174484097
64.48,-18.0,14.869565217391305,0.0,0.0,112.64806680198085,-0.40313255856993413,0.2548119705817258,2.245277519040511
64.49,-18.0,14.869565217391305,0.0,0.0,112.68363927141826,-0.4031447583332237,0.25479837636803215,2.245068048459153
64.5,-18.0,14.869565217391305,0.0,0.0,112.71921175957475,-0.40315718536755174,0.2547848149581764,2.2448639180399885
64.51,-18.0,14.869565217391305,0.0,0.0,112.75478426239256,-0.40316979593974933,0.2547713159096805,2.2446652609265274
64.52,-18.0,14.869565217391305,0.0,0.0,112.79035677604207,-0.40318254868756886,0.2547579067605863,2.244472189213319
64.53,-18.0,14.869565217391305,0.0,0.0,112.82592929691586,-0.4031954045643962,0.2547446130925384,2.2442847950291314
64.54,-18.0,14.869565217391305,0.0,0.0,112.86150182162265,-0.4032083267821389,0.2547314585945286,2.2441031515950587
64.55,-18.0,14.869565217391305,0.0,0.0,112.89707434698121,-0.40322128075252817,0.25471846512710306,2.243927314257027
64.56,-18.0,14.869565217391305,0.0,0.0,112.93264687001412,-0.40323423402707625,0.25470565278684454,2.2437573214922
64.57,-18.0,14.869565217391305,0.0,0.0,112.96821938794155,-0.4032471562359099,0.25469303997096393,2.243593195888927
64.58,-18.0,14.869565217391305,0.0,0.0,113.0037918981749,-0.4032600190256841,0.25468064344182695,2.2434349450998896
64.59,-18.0,14.869565217391305,0.0,0.0,113.03936439831055,-0.40327279599679144,0.25466847839127027,2.2432825627681248
64.6,-18.0,14.869565217391305,0.0,0.0,113.0749368861235,-0.4032854626400397,0.2546565585045639,2.243136029425813
64.61,-18.0,14.869565217391305,0.0,0.0,113.11050935956098,-0.40329799627298923,0.2546448960238843,2.2429953133655682
64.62,-18.0,14.869565217391305,0.0,0.0,113.14608181673626,-0.4033103759761165,0.25463350181117517,2.242860371484179
64.63,-18.0,14.869565217391305,0.0,0.0,113.18165425592223,-0.4033225825289437,0.25462238541029847,2.2427311500989
64.64,-18.0,14.869565217391305,0.0,0.0,113.21722667554523,-0.40333459834631924,0.25461155510834077,2.2426075857359486
64.65,-18.0,14.869565217391305,0.0,0.0,113.25279907417887,-0.403346407414948,0.2546010179960123,2.242489605891656
64.66,-18.0,14.869565217391305,0.0,0.0,113.2883714505378,-0.40335799523032567,0.2545907800270346,2.24237712976614
64.67,-18.0,14.869565217391305,0.0,0.0,113.32394380347176,-0.4033693487341943,0.25458084607643516,2.242270068969612
64.68,-18.0,14.869565217391305,0.0,0.0,113.35951613195952,-0.40338045625261043,0.2545712199976988,2.2421683282018003
64.69,-18.0,14.869565217391305,0.0,0.0,113.395088435103,-0.4033913074347659,0.25456190467868134,2.2420718059041973
64.7,-18.0,14.869565217391305,0.0,0.0,113.43066071212148,-0.4034018931926162,0.2545529020962609,2.2419803948859522
64.71,-18.0,14.869565217391305,0.0,0.0,113.46623296234586,-0.4034122056414309,0.2545442133696567,2.2418939829232825
64.72,-18.0,14.869565217391305,0.0,0.0,113.5018051852131,-0.4034222380413337,0.25453583881237707,2.241812453332915
64.73,-18.0,14.869565217391305,0.0,0.0,113.53737738026072,-0.40343198473990505,0.25452777798276927,2.241735685519925
64.74,-18.0,14.869565217391305,0.0,0.0,113.57294954712144,-0.40344144111591906,0.25452002973312093,2.2416635555001965
64.75,-18.0,14.869565217391305,0.0,0.0,113.60852168551793,-0.4034506035242613,0.25451259225730927,2.2415959363981406
64.76,-18.0,14.869565217391305,0.0,0.0,113.64409379525769,-0.40345946924208964,0.25450546313696454,2.241532698919941
64.77,-18.0,14.869565217391305,0.0,0.0,113.67966587622809,-0.40346803641628237,0.2544986393861304,2.2414737118027883
64.78,-18.0,14.869565217391305,0.0,0.0,113.71523792839149,-0.40347630401220735,0.25449211749442346,2.2414188422407024
64.79,-18.0,14.869565217391305,0.0,0.0,113.75080995178054,-0.4034842717638516,0.25448589346867445,2.241367956287334
64.8,-18.0,14.869565217391305,0.0,0.0,113.78638194649358,-0.4034919401253445,0.25447996287304964,2.2413209192362675
64.81,-18.0,14.869565217391305,0.0,0.0,113.82195391269023,-0.4034993102238911,0.2544743208676583,2.2412775959793625
64.82,-18.0,14.869565217391305,0.0,0.0,113.85752585058708,-0.4035063838141322,0.25446896224565396,2.2412378513438136
64.83,-18.0,14.869565217391305,0.0,0.0,113.89309776045351,-0.4035131632339639,0.2544638814688249,2.2412015504081952
64.84,-18.0,14.869565217391305,0.0,0.0,113.92866964260773,-0.40351965136180334,0.25445907270170265,2.2411685587983636
64.85,-18.0,14.869565217391305,0.0,0.0,113.96424149741283,-0.40352585157532306,0.2544545298441896,2.2411387429636354
64.86,-18.0,14.869565217391305,0.0,0.0,113.99981332527314,-0.4035317677116581,0.25445024656272497,2.2411119704337694
64.87,-18.0,14.869565217391305,0.0,0.0,114.03538512663056,-0.4035374040290647,0.25444621632002407,2.2410881100576185
64.88,-18.0,14.869565217391305,0.0,0.0,114.07095690196117,-0.40354276517005894,0.25444243240338005,2.2410670322236332
64.89,-18.0,14.869565217391305,0.0,0.0,114.10652865177191,-0.403547856125996,0.25443888795158776,2.2410486090632125
64.9,-18.0,14.869565217391305,0.0,0.0,114.14210037659741,-0.4035526822030999,0.25443557598049193,2.2410327146372997
64.91,-18.0,14.869565217391305,0.0,0.0,114.17767207699694,-0.4035572489899235,0.25443248940719654,2.241019225106848
64.92,-18.0,14.869565217391305,0.0,0.0,114.21324375355155,-0.40356156232622875,0.25442962107295464,2.2410080188877295
64.93,-18.0,14.869565217391305,0.0,0.0,114.2488154068613,-0.4035656282732578,0.2544269637647849,2.240998976790856
64.94,-18.0,14.869565217391305,0.0,0.0,114.28438703754261,-0.4035694530853904,0.25442451023582824,2.2409919821478805
64.95,-18.0,14.869565217391305,0.0,0.0,114.3199586462258,-0.40357304318315057,0.25442225322449064,2.240986920923274
64.96,-18.0,14.869565217391305,0.0,0.0,114.35553023355267,-0.403576405127559,0.2544201854723911,2.2409836818131623
64.97,-18.0,14.869565217391305,0.0,0.0,114.39110180017431,-0.4035795455957809,0.2544182997411626,2.240982156331748
64.98,-18.0,14.869565217391305,0.0,0.0,114.42667334674894,-0.4035824713580616,0.2544165888281338,2.2409822388857075
64.99,-18.0,14.869565217391305,0.0,0.0,114.4622448739399,-0.40358518925591635,0.2544150455809224,2.240983826837214
65.0,-18.0,14.869565217391305,0.0,0.0,114.49781638241376,-0.40358770618154605,0.25441366291097856,2.2409868205560803
65.01,-18.0,14.869565217391305,0.0,0.0,114.53338787283857,-0.40359002905844443,0.254412433806118,2.2409911234617166
65.02,-18.0,14.869565217391305,0.0,0.0,114.56895934588219,-0.4035921648231746,0.25441135134207227,2.2409966420552405
65.03,-18.0,14.869565217391305,0.0,0.0,114.60453080221069,-0.40359412040827136,0.2544104086930985,2.241003285942501
65.04,-18.0,14.869565217391305,0.0,0.0,114.64010224248695,-0.40359590272625123,0.25440959914167616,2.2410109678482906
65.05,-18.0,14.869565217391305,0.0,0.0,114.67567366736924,-0.4035975186546825,0.2544089160873393,2.2410196036225285
65.06,-18.0,14.869565217391305,0.0,0.0,114.71124507751003,-0.403598975022299,0.25440835305465814,2.241029112238583
65.07,-18.0,14.869565217391305,0.0,0.0,114.74681647355479,-0.40360027859610526,0.2544079037004301,2.241039415784557
65.08,-18.0,14.869565217391305,0.0,0.0,114.78238785614091,-0.40360143606945464,0.2544075618200956,2.241050439447779
65.09,-18.0,14.869565217391305,0.0,0.0,114.81795922589676,-0.40360245405105943,0.25440732135341926,2.2410621114930205
65.1,-18.0,14.869565217391305,0.0,0.0,114.85353058344073,-0.40360333905490164,0.25440717638947175,2.241074363234888
65.11,-18.0,14.869565217391305,0.0,0.0,114.88910192938044,-0.40360409749100556,0.25440712117094666,2.241087129004898
65.12,-18.0,14.869565217391305,0.0,0.0,114.92467326431202,-0.40360473565705024,0.25440715009783266,2.2411003461134245
65.13,-18.0,14.869565217391305,0.0,0.0,114.9602445888194,-0.4036052597307742,0.25440725773049233,2.2411139548071977
65.14,-18.0,14.869565217391305,0.0,0.0,114.99581590347375,-0.40360567576314543,0.25440743879216643,2.241127898222622
65.15,-18.0,14.869565217391305,0.0,0.0,115.03138720883292,-0.4036059896722719,0.25440768817093184,2.241142122335144
65.16,-18.0,14.869565217391305,0.0,0.0,115.06695850544101,-0.40360620723800333,0.25440800092115334,2.2411565759053205
65.17,-18.0,14.869565217391305,0.0,0.0,115.10252979382793,-0.4036063340972065,0.254408372264453,2.241171210421684
65.18,-18.0,14.869565217391305,0.0,0.0,115.1381010745091,-0.4036063757396757,0.2544087975902225,2.2411859800408642
65.19,-18.0,14.869565217391305,0.0,0.0,115.17367234798515,-0.403606337504651,0.2544092724557123,2.24120084152522
65.2,-18.0,14.869565217391305,0.0,0.0,115.20924361474167,-0.4036062245779055,0.2544097925857258,2.241215754178386
65.21,-18.0,14.869565217391305,0.0,0.0,115.24481487524905,-0.40360604198938765,0.25441035387193023,2.241230679778816
65.22,-18.0,14.869565217391305,0.0,0.0,115.28038612996234,-0.40360579461137047,0.25441095237183187,2.241245582511872
65.23,-18.0,14.869565217391305,0.0,0.0,115.31595737932115,-0.4036054871570942,0.25441158430742195,2.2412604289004836
65.24,-18.0,14.869565217391305,0.0,0.0,115.35152862374962,-0.40360512417986527,0.25441224606352497,2.2412751877347588
65.25,-18.0,14.869565217391305,0.0,0.0,115.38709986365639,-0.40360471007258925,0.2544129341858734,2.2412898300007464
65.26,-18.0,14.869565217391305,0.0,0.0,115.42267109943464,-0.40360424906770787,0.25441364537892674,2.2413043288085697
65.27,-18.0,14.869565217391305,0.0,0.0,115.45824233146216,-0.4036037452375212,0.2544143765034541,2.241318659320085
65.28,-18.0,14.869565217391305,0.0,0.0,115.49381356010143,-0.40360320249485615,0.2544151245739166,2.2413327986764386
65.29,-18.0,14.869565217391305,0.0,0.0,115.52938478569976,-0.40360262459407537,0.25441588675564253,2.241346725925449
65.3,-18.0,14.869565217391305,0.0,0.0,115.56495600858943,-0.40360201513238514,0.2544166603618414,2.24136042194925
65.31,-18.0,14.869565217391305,0.0,0.0,115.6005272290879,-0.40360137755143644,0.25441744285045376,2.2413738693921146
65.32,-18.0,14.869565217391305,0.0,0.0,115.63609844749794,-0.40360071513917717,0.2544182318208743,2.2413870525888937
65.33,-18.0,14.869565217391305,0.0,0.0,115.67166966410795,-0.4036000310319632,0.25441902501053404,2.241399957493806
65.34,-18.0,14.869565217391305,0.0,0.0,115.70724087919211,-0.40359932821686884,0.2544198202914021,2.2414125716102413
65.35,-18.0,14.869565217391305,0.0,0.0,115.74281209301073,-0.40359860953422344,0.254420615666372,2.241424883921118
65.36,-18.0,14.869565217391305,0.0,0.0,115.77838330581044,-0.40359787768030686,0.2544214092655903,2.241436884820445
65.37,-18.0,14.869565217391305,0.0,0.0,115.81395451782456,-0.40359713521022944,0.2544221993427096,2.24144856604574
65.38,-18.0,14.869565217391305,0.0,0.0,115.84952572927334,-0.40359638454094693,0.2544229842711001,2.2414599206117485
65.39,-18.0,14.869565217391305,0.0,0.0,115.88509694036433,-0.4035956279544146,0.25442376254001364,2.2414709427452495
65.4,-18.0,14.869565217391305,0.0,0.0,115.92066815129267,-0.40359486760084984,0.2544245327507322,2.241481627821321
65.41,-18.0,14.869565217391305,0.0,0.0,115.95623936224142,-0.40359410550210173,0.2544252936126892,2.2414919723008353
65.42,-18.0,14.869565217391305,0.0,0.0,115.99181057338191,-0.4035933435551029,0.25442604393959156,2.2415019736694703
65.43,-18.0,14.869565217391305,0.0,0.0,116.02738178487412,-0.40359258353539484,0.2544267826455435,2.24151163037818
65.44,-18.0,14.869565217391305,0.0,0.0,116.06295299686697,-0.4035918271007095,0.25442750874118425,2.2415209417852444
65.45,-18.0,14.869565217391305,0.0,0.0,116.09852420949872,-0.4035910757946084,0.25442822132983967,2.241529908099754
65.46,-18.0,14.869565217391305,0.0,0.0,116.13409542289732,-0.40359033105014297,0.2544289196037124,2.241538530326892
65.47,-18.0,14.869565217391305,0.0,0.0,116.16966663718074,-0.4035895941935519,0.2544296028401005,2.2415468102146865
65.48,-18.0,14.869565217391305,0.0,0.0,116.20523785245736,-0.40358886644796677,0.25443027039765864,2.2415547502024897
65.49,-18.0,14.869565217391305,0.0,0.0,116.24080906882632,-0.4035881489371289,0.2544309217127063,2.2415623533710756
65.5,-18.0,14.869565217391305,0.0,0.0,116.27638028637787,-0.4035874426890904,0.25443155629559855,2.2415696233945166
65.51,-18.0,14.869565217391305,0.0,0.0,116.31195150519375,-0.4035867486399203,0.2544321737271382,2.241576564493576
65.52,-18.0,14.869565217391305,0.0,0.0,116.34752272534747,-0.40358606763737037,0.25443277365507355,2.241583181391009
65.53,-18.0,14.869565217391305,0.0,0.0,116.3830939469048,-0.40358540044453406,0.25443335579063886,2.241589479268282
65.54,-18.0,14.869565217391305,0.0,0.0,116.41866516992394,-0.4035847477434511,0.2544339199051908,2.241595463724249
65.55,-18.0,14.869565217391305,0.0,0.0,116.454236394456,-0.4035841101386868,0.2544344658269002,2.2416011407352885
65.56,-18.0,14.869565217391305,0.0,0.0,116.48980762054528,-0.40358348816085865,0.25443499343752984,2.2416065166171624
65.57,-18.0,14.869565217391305,0.0,0.0,116.5253788482296,-0.40358288227010997,0.2544355026692924,2.2416115979885434
65.58,-18.0,14.869565217391305,0.0,0.0,116.56095007754061,-0.4035822928595276,0.2544359935017917,2.2416163917361636
65.59,-18.0,14.869565217391305,0.0,0.0,116.59652130850417,-0.4035817202585026,0.2544364659590421,2.2416209049814912
65.6,-18.0,14.869565217391305,0.0,0.0,116.63209254114057,-0.40358116473602057,0.25443692010658236,2.2416251450490647
65.61,-18.0,14.869565217391305,0.0,0.0,116.66766377546493,-0.40358062650388904,0.2544373560486659,2.2416291194362925
65.62,-18.0,14.869565217391305,0.0,0.0,116.70323501148742,-0.4035801057198827,0.2544377739255561,2.24163283578493
65.63,-18.0,14.869565217391305,0.0,0.0,116.73880624921361,-0.403579602490832,0.2544381739108883,2.2416363018537875
65.64,-18.0,14.869565217391305,0.0,0.0,116.7743774886447,-0.4035791168756133,0.2544385562091427,2.24163952549319
65.65,-18.0,14.869565217391305,0.0,0.0,116.80994872977783,-0.4035786488880766,0.2544389210531923,2.2416425146206524
65.66,-18.0,14.869565217391305,0.0,0.0,116.84551997260633,-0.4035781984998861,0.2544392687019459,2.2416452771980144
65.67,-18.0,14.869565217391305,0.0,0.0,116.88109121711997,-0.40357776564327663,0.2544395994380806,2.241647821209968
65.68,-18.0,14.869565217391305,0.0,0.0,116.91666246330527,-0.403577350213731,0.2544399135658628,2.2416501546438377
65.69,-18.0,14.869565217391305,0.0,0.0,116.95223371114565,-0.4035769520725654,0.2544402114090589,2.2416522854707277
65.7,-18.0,14.869565217391305,0.0,0.0,116.98780496062173,-0.4035765710494401,0.2544404933089297,2.2416542216278175
65.71,-18.0,14.869565217391305,0.0,0.0,117.02337621171152,-0.40357620694477525,0.25444075962231727,2.2416559710019475
65.72,-18.0,14.869565217391305,0.0,0.0,117.05894746439068,-0.40357585953208686,0.2544410107198112,2.2416575414143045
65.73,-18.0,14.869565217391305,0.0,0.0,117.09451871863267,-0.40357552856022916,0.2544412469840094,2.2416589406063534
65.74,-18.0,14.869565217391305,0.0,0.0,117.13008997440899,-0.40357521375556393,0.2544414688078467,2.2416601762266675
65.75,-18.0,14.869565217391305,0.0,0.0,117.16566123168938,-0.40357491482403285,0.25444167659302064,2.241661255818992
65.76,-18.0,14.869565217391305,0.0,0.0,117.20123249044198,-0.40357463145314765,0.2544418707484921,2.241662186811282
65.77,-18.0,14.869565217391305,0.0,0.0,117.2368037506335,-0.4035743633139026,0.25444205168905865,2.241662976505609
65.78,-18.0,14.869565217391305,0.0,0.0,117.2723750122294,-0.40357411006259825,0.25444221983401394,2.241663632069125
65.79,-18.0,14.869565217391305,0.0,0.0,117.3079462751941,-0.4035738713425834,0.2544423756058751,2.2416641605258394
65.8,-18.0,14.869565217391305,0.0,0.0,117.34351753949102,-0.4035736467859159,0.2544425194291937,2.241664568749371
65.81,-18.0,14.869565217391305,0.0,0.0,117.37908880508284,-0.40357343601495077,0.2544426517294218,2.241664863456317
65.82,-18.0,14.869565217391305,0.0,0.0,117.41466007193158,-0.403573238643836,0.25444277293186657,2.241665051200669
65.83,-18.0,14.869565217391305,0.0,0.0,117.45023133999871,-0.4035730542799476,0.2544428834606973,2.2416651383687243
65.84,-18.0,14.869565217391305,0.0,0.0,117.48580260924534,-0.40357288252523915,0.2544429837380253,2.24166513117486
65.85,-18.0,14.869565217391305,0.0,0.0,117.52137387963228,-0.403572722977519,0.25444307418304857,2.2416650356579795
65.86,-18.0,14.869565217391305,0.0,0.0,117.55694515112016,-0.40357257523165857,0.2544431552112536,2.241664857678509
65.87,-18.0,14.869565217391305,0.0,0.0,117.59251642366957,-0.40357243888073,0.2544432272336774,2.2416646029160687
65.88,-18.0,14.869565217391305,0.0,0.0,117.6280876972411,-0.4035723135170728,0.25444329065622995,2.2416642768677213
65.89,-18.0,14.869565217391305,0.0,0.0,117.6636589717955,-0.40357219873329675,0.2544433458790707,2.241663884846725
65.9,-18.0,14.869565217391305,0.0,0.0,117.69923024729367,-0.40357209412321615,0.2544433932960406,2.2416634319818654
65.91,-18.0,14.869565217391305,0.0,0.0,117.73480152369683,-0.4035719992827309,0.254443433294133,2.2416629232171084
65.92,-18.0,14.869565217391305,0.0,0.0,117.77037280096656,-0.40357191381063573,0.25444346625303393,2.2416623633119035
65.93,-18.0,14.869565217391305,0.0,0.0,117.80594407906482,-0.4035718373093742,0.2544434925446959,2.2416617568418036
65.94,-18.0,14.869565217391305,0.0,0.0,117.8415153579541,-0.4035717693857428,0.2544435125329556,2.241661108199407
65.95,-18.0,14.869565217391305,0.0,0.0,117.8770866375974,-0.403571709651529,0.25444352657320524,2.241660421595834
65.96,-18.0,14.869565217391305,0.0,0.0,117.91265791795833,-0.40357165772410486,0.2544435350120957,2.2416597010623964
65.97,-18.0,14.869565217391305,0.0,0.0,117.94822919900113,-0.40357161322696955,0.2544435381872798,2.241658950452598
65.98,-18.0,14.869565217391305,0.0,0.0,117.98380048069076,-0.40357157579023584,0.2544435364272002,2.241658173444515
65.99,-18.0,14.869565217391305,0.0,0.0,118.01937176299285,-0.40357154505107573,0.25444353005090603,2.2416573735433714
66.0,-18.0,14.869565217391305,0.0,0.0,118.05494304587381,-0.4035715206541246,0.25444351936790177,2.2416565540842885
66.01,-18.0,16.434782608695656,0.0,0.0,118.09064424326624,-0.40208286040513297,0.3820419689178107,2.2216031454915526
66.02,-18.0,16.434782608695656,0.0,0.0,118.12646625877927,-0.40080196742359764,0.37600128379108955,2.201949080944229
66.03,-18.0,16.434782608695656,0.0,0.0,118.16240058710416,-0.3997084255879846,0.3702886692284064,2.1827202943651662
66.04,-18.0,16.434782608695656,0.0,0.0,118.19843927831636,-0.3987832824873949,0.36488942135774893,2.16394124867001
66.05,-18.0,16.434782608695656,0.0,0.0,118.23457490419649,-0.3980089708915129,0.35978949207651545,2.145634935678647
66.06,-18.0,16.434782608695656,0.0,0.0,118.27080052647632,-0.397369232383751,0.3549754487630179,2.127822889210948
66.07,-18.0,16.434782608695656,0.0,0.0,118.30710966691463,-0.39684904341577343,0.3504344373275714,2.110525209823898
66.08,-18.0,16.434782608695656,0.0,0.0,118.3434962791083,-0.3964345439706567,0.3461541483976591,2.0937605994711137
66.09,-18.0,16.434782608695656,0.0,0.0,118.3799547219453,-0.3961129689623555,0.3421227864197678,2.077546404250316
66.1,-18.0,16.434782608695656,0.0,0.0,118.41647973460866,-0.39587258244949153,0.3383290414551585,2.061898663344775
66.11,-18.0,16.434782608695656,0.0,0.0,118.45306641304359,-0.3957026147004805,0.3347620634467523,2.046832162255075
66.12,-18.0,16.434782608695656,0.0,0.0,118.48971018780352,-0.39559320211349513,0.3314114387384006,2.032360488451311
66.13,-18.0,16.434782608695656,0.0,0.0,118.52640680319463,-0.39553532996774154,0.3282671686351044,2.018496087645586
66.14,-18.0,16.434782608695656,0.0,0.0,118.5631522976425,-0.3955207779610732,0.3253196498024684,2.0052503189831636
66.15,-18.0,16.434782608695656,0.0,0.0,118.59994298520878,-0.3955420684722235,0.3225596563151738,1.9926335075721937
66.16,-18.0,16.434782608695656,0.0,0.0,118.63677543818987,-0.3955924174732792,0.3199783231769111,1.9806549929091737
66.17,-18.0,16.434782608695656,0.0,0.0,118.67364647073357,-0.39566568800862534,0.3175671311476582,1.969323171907507
66.18,-18.0,16.434782608695656,0.0,0.0,118.71055312341387,-0.3957563461501379,0.3153178927278908,1.9586455353933416
66.19,-18.0,16.434782608695656,0.0,0.0,118.74749264870772,-0.3958594193341347,0.31322273916308485,1.9486286970958224
66.2,-18.0,16.434782608695656,0.0,0.0,118.78446249732119,-0.3959704569832885,0.31127410834538916,1.9392784143249657
66.21,-18.0,16.434782608695656,0.0,0.0,118.82146030531601,-0.39608549331589527,0.3094647335023728,1.9305995996987162
66.22,-18.0,16.434782608695656,0.0,0.0,118.85848388199067,-0.3962010122452777,0.30778763257520647,1.9225963234521093
66.23,-18.0,16.434782608695656,0.0,0.0,118.89553119847302,-0.3963139142734169,0.30623609820035913,1.9152718060362321
66.24,-18.0,16.434782608695656,0.0,0.0,118.93260037698457,-0.3964214852849688,0.304803688219762,1.9086284008933012
66.25,-18.0,16.434782608695656,0.0,0.0,118.96968968073868,-0.39652136715036534,0.3034842166544496,1.9026675674793772
66.26,-18.0,16.434782608695656,0.0,0.0,119.00679750443784,-0.39661153004965977,0.30227174508582366,1.8973898347983504
66.27,-18.0,16.434782608695656,0.0,0.0,119.04392236533677,-0.3966902464319664,0.301160574396939,1.8927947559115146
66.28,-18.0,16.434782608695656,0.0,0.0,119.08106289484077,-0.3967560665287082,0.3001452368335771,1.8888808540970439
66.29,-18.0,16.434782608695656,0.0,0.0,119.11821783060992,-0.39680779534227684,0.2992204883514329,1.88564556155353
66.3,-18.0,16.434782608695656,0.0,0.0,119.15538600914206,-0.39684447103520704,0.2983813012214067,1.8830851517686784
66.31,-18.0,16.434782608695656,0.0,0.0,119.1925663588085,-0.3968653446482975,0.2976228568700112,1.8811946669093635
66.32,-18.0,16.434782608695656,0.0,0.0,119.22975789331822,-0.39686986107951183,0.2969405389361206,1.8799678418249222
66.33,-18.0,16.434782608695656,0.0,0.0,119.26695970558748,-0.3968576412586855,0.2963299265289161,1.8793970264899469
66.34,-18.0,16.434782608695656,0.0,0.0,119.30417096199298,-0.3968284654562022,0.2957867876749185,1.8794731089371814
66.35,-18.0,16.434782608695656,0.0,0.0,119.34139089698792,-0.3967822576668174,0.29530707294447733,1.880185440936611
66.36,-18.0,16.434782608695656,0.0,0.0,119.3786188080612,-0.3967190710126405,0.29488690925015604,1.881521768854763
66.37,-18.0,16.434782608695656,0.0,0.0,119.41585405102128,-0.39663907411205845,0.29452259381104895,1.8834681722647706
66.38,-18.0,16.434782608695656,0.0,0.0,119.45309603558667,-0.39654253836394493,0.29421058827837454,1.8860090129629088
66.39,-18.0,16.434782608695656,0.0,0.0,119.49034422126631,-0.39642982609899113,0.29394751301863975,1.8891268970663704
66.4,-18.0,16.434782608695656,0.0,0.0,119.52759811351385,-0.39630137955231937,0.29373014155138977,1.892802652809347
66.41,-18.0,16.434782608695656,0.0,0.0,119.56485726014012,-0.3961577106137446,0.29355539513908413,1.8970153265097034
66.42,-18.0,16.434782608695656,0.0,0.0,119.60212124796955,-0.39599939131416617,0.2934203375269313,1.90174219893729
66.43,-18.0,16.434782608695656,0.0,0.0,119.6393896997264,-0.3958270450085295,0.2933221698307278,1.9069588239755055
66.44,-18.0,16.434782608695656,0.0,0.0,119.67666227113754,-0.3956413382176922,0.2932582255708098,1.9126390910287565
66.45,-18.0,16.434782608695656,0.0,0.0,119.7139386482392,-0.395442973093286,0.29322596585022676,1.9187553120972392
66.46,-18.0,16.434782608695656,0.0,0.0,119.75121854487547,-0.39523268047137505,0.2932229746751469,1.925278333828083
66.47,-18.0,16.434782608695656,0.0,0.0,119.78850170037722,-0.39501121348227963,0.2932469544154175,1.9321776741780072
66.48,-18.0,16.434782608695656,0.0,0.0,119.82578787741049,-0.39477934168545814,0.29329572140303695,1.9394216826093231
66.49,-18.0,16.434782608695656,0.0,0.0,119.86307685998374,-0.39453784569978056,0.29336720166613595,1.9469777220183007
66.5,-18.0,16.434782608695656,0.0,0.0,119.90036845160432,-0.3942875123008849,0.2934594267959052,1.9548123698935154
66.51,-18.0,16.434782608695656,0.0,0.0,119.93766247357465,-0.3940291299586074,0.2935705299437421,1.9628916355556765
66.52,-18.0,16.434782608695656,0.0,0.0,119.97495876341904,-0.3937634847887139,0.29369874194573264,1.9711811897710312
66.53,-18.0,16.434782608695656,0.0,0.0,120.01225717343287,-0.39349135689433523,0.2938423875714573,1.9796466025876824
66.54,-18.0,16.434782608695656,0.0,0.0,120.04955756934602,-0.3932135170736437,0.2939998818939704,1.9882535849407896
66.55,-18.0,16.434782608695656,0.0,0.0,120.0868598290928,-0.3929307238713584,0.2941697267777452,1.9969682294267006
66.56,-18.0,16.434782608695656,0.0,0.0,120.12416384168142,-0.39264372095272404,0.2943505074812407,2.0057572456628505
66.57,-18.0,16.434782608695656,0.0,0.0,120.16146950615591,-0.39235323477955597,0.2945408893707593,2.014588185831895
66.58,-18.0,16.434782608695656,0.0,0.0,120.19877673064425,-0.3920599725689191,0.2947396147421708,2.023429656340819
66.59,-18.0,16.434782608695656,0.0,0.0,120.23608543148652,-0.3917646205158736,0.2949454997471188,2.032251511993506
66.6,-18.0,16.434782608695656,0.0,0.0,120.27339553243736,-0.3914678422626261,0.29515743142029205,2.0410250296498025
66.61,-18.0,16.434782608695656,0.0,0.0,120.3107069639374,-0.39117027759720857,0.29537436480440893,2.0497230589983086
66.62,-18.0,16.434782608695656,0.0,0.0,120.34801966244845,-0.3908725413656571,0.2955953201695751,2.0583201487678346
66.63,-18.0,16.434782608695656,0.0,0.0,120.38533356984776,-0.3905752225823824,0.2958193803237592,2.0667926474143434
66.64,-18.0,16.434782608695656,0.0,0.0,120.42264863287696,-0.39027888372420194,0.29604568801118747,2.0751187780117877
66.65,-18.0,16.434782608695656,0.0,0.0,120.45996480264122,-0.3899840601941833,0.2962734433955605,2.08327868772205
66.66,-18.0,16.434782608695656,0.0,0.0,120.49728203415503,-0.3896912599421607,0.2965019016250656,2.091254472796512
66.67,-18.0,16.434782608695656,0.0,0.0,120.5346002859306,-0.3894009632294251,0.2967303704762898,2.099030180555717
66.68,-18.0,16.434782608695656,0.0,0.0,120.57191951960559,-0.3891136225257348,0.29695820807422324,2.1065917901912954
66.69,-18.0,16.434782608695656,0.0,0.0,120.60923969960709,-0.388829662527411,0.2971848206856651,2.113927174533476
66.7,-18.0,16.434782608695656,0.0,0.0,120.64656079284859,-0.38854948028586156,0.29740966058346596,2.1210260451282967
66.71,-18.0,16.434782608695656,0.0,0.0,120.68388276845731,-0.38827344543645026,0.2976322239791507,2.127879883076286
66.72,-18.0,16.434782608695656,0.0,0.0,120.72120559752933,-0.3880019005181943,0.29785204902158324,2.134481858108122
66.73,-18.0,16.434782608695656,0.0,0.0,120.75852925291002,-0.3877351613752702,0.29806871385946754,2.1408267383246082
66.74,-18.0,16.434782608695656,0.0,0.0,120.7958537089976,-0.38747351763185,0.29828183476557113,2.146910792919057
66.75,-18.0,16.434782608695656,0.0,0.0,120.83317894156775,-0.38721723323226076,0.2984910643207004,2.1527316900454347
66.76,-18.0,16.434782608695656,0.0,0.0,120.87050492761742,-0.38696654703894096,0.2986960896555415,2.1582883918058835
66.77,-18.0,16.434782608695656,0.0,0.0,120.90783164522591,-0.3867216734811221,0.2988966307486074,2.163581048120073
66.78,-18.0,16.434782608695656,0.0,0.0,120.94515907343182,-0.38648280324759865,0.29909243877862424,2.168610891015935
66.79,-18.0,16.434782608695656,0.0,0.0,120.98248719212418,-0.38625010401737403,0.2992832945297881,2.173380130656033
66.8,-18.0,16.434782608695656,0.0,0.0,121.01981598194652,-0.3860237212223703,0.2994690068484247,2.1778918541935393
66.81,-18.0,16.434782608695656,0.0,0.0,121.0571454242125,-0.3858037788367741,0.2996494111496628,2.1821499283423074
66.82,-18.0,16.434782608695656,0.0,0.0,121.09447550083202,-0.38559038018797853,0.2998243679728174,2.186158906350309
66.83,-18.0,16.434782608695656,0.0,0.0,121.13180619424679,-0.3853836087844098,0.2999937615842576,2.1899239398892862
66.84,-18.0,16.434782608695656,0.0,0.0,121.16913748737421,-0.3851835291558925,0.3001574986266038,2.193450696215087
66.85,-18.0,16.434782608695656,0.0,0.0,121.20646936355885,-0.3849901877025199,0.30031550681315955,2.1967452808155645
66.86,-18.0,16.434782608695656,0.0,0.0,121.24380180653063,-0.3848036135483086,0.3004677336665478,2.1998141656445345
66.87,-18.0,16.434782608695656,0.0,0.0,121.28113480036903,-0.3846238193962166,0.30061414530057706,2.2026641229410333
66.88,-18.0,16.434782608695656,0.0,0.0,121.31846832947264,-0.3844508023813764,0.3007547252444027,2.205302164551625
66.89,-18.0,16.434782608695656,0.0,0.0,121.35580237853331,-0.3842845449196779,0.3008894733081051,2.2077354866078753
66.9,-18.0,16.434782608695656,0.0,0.0,121.39313693251461,-0.3841250155490774,0.3010184044888313,2.209971419360441
66.91,-18.0,16.434782608695656,0.0,0.0,121.43047197663385,-0.3839721697612588,0.3011415479166899,2.212017381933071
66.92,-18.0,16.434782608695656,0.0,0.0,121.46780749634743,-0.3838259508214985,0.30125894583961843,2.2138808417330895
66.93,-18.0,16.434782608695656,0.0,0.0,121.5051434773389,-0.3836862905748053,0.30137065264646345,2.2155692782372194
66.94,-18.0,16.434782608695656,0.0,0.0,121.54247990550954,-0.3835531102366052,0.30147673392753505,2.2170901508623553
66.95,-18.0,16.434782608695656,0.0,0.0,121.57981676697102,-0.3834263211664486,0.3015772655719202,2.218450870627667
66.96,-18.0,16.434782608695656,0.0,0.0,121.61715404804,-0.38330582562338056,0.30167233290084994,2.2196587753169674
66.97,-18.0,16.434782608695656,0.0,0.0,121.65449173523417,-0.38319151750179525,0.3017620298364292,2.220721107856609
66.98,-18.0,16.434782608695656,0.0,0.0,121.6918298152697,-0.38308328304676564,0.30184645810504285,2.221644997633633
66.99,-18.0,16.434782608695656,0.0,0.0,121.72916827505982,-0.382981001547966,0.3019257264747637,2.222437444491267
67.0,-18.0,16.434782608695656,0.0,0.0,121.76650710171438,-0.38288454601147337,0.3019999500260875,2.223105305152126
67.01,-18.0,16.434782608695656,0.0,0.0,121.80384628254012,-0.3827937838088382,0.30206924945532765,2.2236552818344997
67.02,-18.0,16.434782608695656,0.0,0.0,121.84118580504163,-0.3827085773029608,0.30213375040999146,2.224093912842095
67.03,-18.0,16.434782608695656,0.0,0.0,121.87852565692279,-0.38262878445040593,0.3021935828554796,2.2244275649234924
67.04,-18.0,16.434782608695656,0.0,0.0,121.91586582608866,-0.38255425937990495,0.3022488804724197,2.2246624272125097
67.05,-18.0,16.434782608695656,0.0,0.0,121.95320630064764,-0.3824848529468785,0.3022997800839762,2.2248045065763904
67.06,-18.0,16.434782608695656,0.0,0.0,121.99054706891377,-0.38242041326391885,0.3023464211124416,2.2248596242125895
67.07,-18.0,16.434782608695656,0.0,0.0,122.02788811940935,-0.38236078620724756,0.30238894506443326,2.224833413349296
67.08,-18.0,16.434782608695656,0.0,0.0,122.06522944086745,-0.38230581589922563,0.3024274950440089,2.2247313179180943
67.09,-18.0,16.434782608695656,0.0,0.0,122.10257102223453,-0.3822553451670869,0.3024622152930023,2.224558592079117
67.1,-18.0,16.434782608695656,0.0,0.0,122.13991285267295,-0.38220921597811186,0.30249325075789035,2.224320300491147
67.11,-18.0,16.434782608695656,0.0,0.0,122.17725492156355,-0.3821672698515206,0.3025207466824755,2.2240213192294447
67.12,-18.0,16.434782608695656,0.0,0.0,122.21459721850796,-0.3821293482474135,0.3025448482256976,2.223666337264452
67.13,-18.0,16.434782608695656,0.0,0.0,122.25193973333086,-0.3820952929331378,0.3025657001038484,2.2232598584233667
67.14,-18.0,16.434782608695656,0.0,0.0,122.28928245608202,-0.3820649463275041,0.3025834462564816,2.2228062037648906
67.15,-18.0,16.434782608695656,0.0,0.0,122.32662537703823,-0.38203815182329515,0.3025982295353056,2.222309514305579
67.16,-18.0,16.434782608695656,0.0,0.0,122.3639684867049,-0.3820147540885672,0.3026101914153365,2.2217737540426246
67.17,-18.0,16.434782608695656,0.0,0.0,122.4013117758176,-0.3819945993472531,0.30261947172759474,2.2212027132245034
67.18,-18.0,16.434782608695656,0.0,0.0,122.43865523534322,-0.38197753563961,0.3026262084126221,2.2206000118265883
67.19,-18.0,16.434782608695656,0.0,0.0,122.47599885648096,-0.38196341306307113,0.30263053729410827,2.219969103193965
67.2,-18.0,16.434782608695656,0.0,0.0,122.5133426306631,-0.3819520839940891,0.30263259187189306,2.219313277818102
67.21,-18.0,16.434782608695656,0.0,0.0,122.5506865495555,-0.38194340329155096,0.30263250313364876,2.218635667218594
67.22,-18.0,16.434782608695656,0.0,0.0,122.58803060505777,-0.3819372284823852,0.30263039938450764,2.2179392479043303
67.23,-18.0,16.434782608695656,0.0,0.0,122.62537478930332,-0.38193341992996555,0.3026264060939454,2.2172268453923127
67.24,-18.0,16.434782608695656,0.0,0.0,122.66271909465908,-0.3819318409859409,0.30262064575919734,2.216501138264697
67.25,-18.0,16.434782608695656,0.0,0.0,122.70006351372498,-0.3819323581261096,0.3026132377845234,2.215764662247793
67.26,-18.0,16.434782608695656,0.0,0.0,122.7374080393332,-0.3819348410709684,0.30260429837562386,2.215019814298662
67.27,-18.0,16.434782608695656,0.0,0.0,122.77475266454714,-0.3819391628915687,0.30259394044852095,2.214268856687069
67.28,-18.0,16.434782608695656,0.0,0.0,122.81209738266018,-0.3819452001013013,0.30258227355222655,2.213513921062399
67.29,-18.0,16.434782608695656,0.0,0.0,122.84944218719427,-0.3819528327342334,0.30256940380454056,2.2127570124967177
67.3,-18.0,16.434782608695656,0.0,0.0,122.88678707189813,-0.38196194441061593,0.3025554338403118,2.2120000134964277
67.31,-18.0,16.434782608695656,0.0,0.0,122.92413203074537,-0.38197242239017815,0.30254046277151914,2.2112446879761762
67.32,-18.0,16.434782608695656,0.0,0.0,122.96147705793237,-0.381984157613807,0.30252458615854017,2.210492685189787
67.33,-18.0,16.434782608695656,0.0,0.0,122.9988221478759,-0.3819970447342109,0.30250789599198313,2.2097455436138307
67.34,-18.0,16.434782608695656,0.0,0.0,123.03616729521062,-0.3820109821361597,0.30249048068447215,2.2090046947801123
67.35,-18.0,16.434782608695656,0.0,0.0,123.07351249478629,-0.3820258719468608,0.3024724250717954,2.2082714670543355
67.36,-18.0,16.434782608695656,0.0,0.0,123.1108577416649,-0.382041620037062,0.3024538104228207,2.2075470893581572
67.37,-18.0,16.434782608695656,0.0,0.0,123.1482030311176,-0.382058136013407,0.30243471445762826,2.2068326948330994
67.38,-18.0,16.434782608695656,0.0,0.0,123.18554835862138,-0.38207533320260123,0.3024152113732983,2.2061293244445572
67.39,-18.0,16.434782608695656,0.0,0.0,123.22289371985569,-0.3820931286279121,0.3023953718768111,2.205437930524596
67.4,-18.0,16.434782608695656,0.0,0.0,123.26023911069895,-0.3821114429785115,0.3023752632245502,2.204759380252886
67.41,-18.0,16.434782608695656,0.0,0.0,123.29758452722476,-0.3821302005721625,0.30235494926789674,2.204094459074839
67.42,-18.0,16.434782608695656,0.0,0.0,123.33492996569817,-0.38214932931174284,0.30233449050442096,2.2034438740563966
67.43,-18.0,16.434782608695656,0.0,0.0,123.37227542257166,-0.38216876063605754,0.30231394413420754,2.2028082571753047
67.44,-18.0,16.434782608695656,0.0,0.0,123.40962089448121,-0.382188429465421,0.30229336412084695,2.202188168548189
67.45,-18.0,16.434782608695656,0.0,0.0,123.44696637824202,-0.38220827414241887,0.302272801256666,2.201584099593765
67.46,-18.0,16.434782608695656,0.0,0.0,123.48431187084441,-0.3822282363683054,0.30225230323175833,2.2009964761314618
67.47,-18.0,16.434782608695656,0.0,0.0,123.5216573694494,-0.38224826113542076,0.3022319147064225,2.2004256614158604
67.48,-18.0,16.434782608695656,0.0,0.0,123.55900287138441,-0.382268296656038,0.3022116773866119,2.199871959106574
67.49,-18.0,16.434782608695656,0.0,0.0,123.59634837413877,-0.38228829428801214,0.3021916301020202,2.199335616173648
67.5,-18.0,16.434782608695656,0.0,0.0,123.63369387535924,-0.3823082084575946,0.30217180888645245,2.1988168257384615
67.51,-18.0,16.434782608695656,0.0,0.0,123.67103937284546,-0.3823279965797679,0.302152247060135,2.1983157298499947
67.52,-18.0,16.434782608695656,0.0,0.0,123.70838486454537,-0.38234761897642633,0.3021329753136446,2.197832422196517
67.53,-18.0,16.434782608695656,0.0,0.0,123.74573034855062,-0.3823670387927236,0.3021140217931497,2.1973669507526643
67.54,-18.0,16.434782608695656,0.0,0.0,123.78307582309198,-0.38238622191189564,0.30209541218666436,2.196919320361775
67.55,-18.0,16.434782608695656,0.0,0.0,123.82042128653462,-0.3824051368688388,0.30207716981105004,2.196489495253549
67.56,-18.0,16.434782608695656,0.0,0.0,123.85776673737361,-0.3824237547627285,0.3020593156994915,2.1960774014968494
67.57,-18.0,16.434782608695656,0.0,0.0,123.89511217422915,-0.3824420491689271,0.302041868689213,2.1956829293877815
67.58,-18.0,16.434782608695656,0.0,0.0,123.93245759584211,-0.382459996050442,0.3020248455091916,2.1953059357727307
67.59,-18.0,16.434782608695656,0.0,0.0,123.9698030010693,-0.3824775736691477,0.3020082608676624,2.194946246306673
67.6,-18.0,16.434782608695656,0.0,0.0,124.007148388879,-0.3824947624970165,0.30199212753920013,2.194603657646309
67.61,-18.0,16.434782608695656,0.0,0.0,124.04449375834642,-0.38251154512753494,0.30197645645120064,2.194277939578441
67.62,-18.0,16.434782608695656,0.0,0.0,124.08183910864918,-0.38252790618752797,0.3019612567695771,2.193968837083192
67.63,-18.0,16.434782608695656,0.0,0.0,124.11918443906289,-0.3825438322495509,0.30194653598351007,2.193676072332424
67.64,-18.0,16.434782608695656,0.0,0.0,124.15652974895679,-0.382559311745029,0.30193229998910565,2.1933993466231856
67.65,-18.0,16.434782608695656,0.0,0.0,124.19387503778937,-0.3825743348783006,0.3019185531718145,2.1931383422463884
67.66,-18.0,16.434782608695656,0.0,0.0,124.23122030510415,-0.3825888935417041,0.30190529848749525,2.192892724290857
67.67,-18.0,16.434782608695656,0.0,0.0,124.26856555052544,-0.3826029812318539,0.30189253754199696,2.1926621423827997
67.68,-18.0,16.434782608695656,0.0,0.0,124.30591077375428,-0.3826165929672172,0.30188027066916123,2.1924462323610476
67.69,-18.0,16.434782608695656,0.0,0.0,124.34325597456434,-0.3826297252071156,0.30186849700715435,2.192244617888321
67.7,-18.0,16.434782608695656,0.0,0.0,124.380601152798,-0.38264237577224547,0.30185721457303427,2.1920569119987445
67.71,-18.0,16.434782608695656,0.0,0.0,124.41794630836239,-0.38265454376682095,0.3018464203354869,2.1918827185820793
67.72,-18.0,16.434782608695656,0.0,0.0,124.4552914412257,-0.3826662295024157,0.30183611028566326,2.1917216338050727
67.73,-18.0,16.434782608695656,0.0,0.0,124.4926365514134,-0.3826774344235824,0.3018262795060602,2.191573247470426
67.74,-18.0,16.434782608695656,0.0,0.0,124.52998163900467,-0.38268816103531766,0.30181692223739987,2.1914371443139524
67.75,-18.0,16.434782608695656,0.0,0.0,124.5673267041289,-0.38269841283242845,0.3018080319434624,2.1913129052405287
67.76,-18.0,16.434782608695656,0.0,0.0,124.60467174696223,-0.38270819423085034,0.3017996013738453,2.1912001084995487
67.77,-18.0,16.434782608695656,0.0,0.0,124.64201676772426,-0.3827175105009675,0.3017916226246182,2.191098330800576
67.78,-18.0,16.434782608695656,0.0,0.0,124.67936176667483,-0.38272636770295665,0.3017840871968618,2.191007148370133
67.79,-18.0,16.434782608695656,0.0,0.0,124.71670674411092,-0.38273477262420186,0.30177698605306436,2.1909261379502736
67.8,-18.0,16.434782608695656,0.0,0.0,124.75405170036363,-0.38274273271878534,0.30177030967139196,2.1908548777401706
67.81,-18.0,16.434782608695656,0.0,0.0,124.79139663579528,-0.38275025604908186,0.30176404809780744,2.1907929482814783
67.82,-18.0,16.434782608695656,0.0,0.0,124.82874155079658,-0.38275735122946086,0.30175819099606316,2.1907399332886746
67.83,-18.0,16.434782608695656,0.0,0.0,124.86608644578398,-0.3827640273721098,0.3017527276955605,2.190695420425336
67.84,-18.0,16.434782608695656,0.0,0.0,124.90343132119705,-0.382770294034964,0.301747647237105,2.190659002027747
67.85,-18.0,16.434782608695656,0.0,0.0,124.94077617749599,-0.38277616117175217,0.3017429384165651,2.1906302757768303
67.86,-18.0,16.434782608695656,0.0,0.0,124.97812101515926,-0.38278163908413854,0.3017385898264602,2.190608845319799
67.87,-18.0,16.434782608695656,0.0,0.0,125.01546583468125,-0.3827867383759518,0.3017345898955093,2.190594320842805
67.88,-18.0,16.434782608695656,0.0,0.0,125.05281063657017,-0.38279146990948143,0.3017309269261572,2.1905863195958464
67.89,-18.0,16.434782608695656,0.0,0.0,125.09015542134593,-0.3827958447638169,0.30172758913012854,2.190584466371554
67.9,-18.0,16.434782608695656,0.0,0.0,125.12750018953813,-0.3827998741952079,0.30172456466202924,2.190588393939014
67.91,-18.0,16.434782608695656,0.0,0.0,125.16484494168422,-0.38280356959941697,0.30172184165104077,2.1905977434341803
67.92,-18.0,16.434782608695656,0.0,0.0,125.20218967832774,-0.3828069424760301,0.30171940823074705,2.190612164708404
67.93,-18.0,16.434782608695656,0.0,0.0,125.23953440001657,-0.38281000439469004,0.30171725256713766,2.1906313166365363
67.94,-18.0,16.434782608695656,0.0,0.0,125.27687910730133,-0.3828127669632211,0.3017153628848277,2.190654867386096
67.95,-18.0,16.434782608695656,0.0,0.0,125.31422380073393,-0.38281524179760384,0.3017137274915407,2.19068249464897
67.96,-18.0,16.434782608695656,0.0,0.0,125.3515684808661,-0.38281744049375255,0.30171233480090676,2.1907138858373867
67.97,-18.0,16.434782608695656,0.0,0.0,125.38891314824811,-0.3828193746010642,0.30171117335361863,2.1907487382454613
67.98,-18.0,16.434782608695656,0.0,0.0,125.42625780342748,-0.3828210555976854,0.30171023183699597,2.190786759177966
67.99,-18.0,16.434782608695656,0.0,0.0,125.46360244694783,-0.3828224948674521,0.3017094991030138,2.1908276660479893
68.0,-18.0,16.434782608695656,0.0,0.0,125.50094707934785,-0.3828237036784645,0.30170896418483495,2.1908711864446673
68.01,-18.0,16.434782608695656,0.0,0.0,125.53829170116022,-0.382824693163232,0.3017086163119098,2.1909170581729587
68.02,-18.0,16.434782608695656,0.0,0.0,125.57563631291072,-0.38282547430036074,0.3017084449236853,2.190965029266552
68.03,-18.0,16.434782608695656,0.0,0.0,125.61298091511739,-0.38282605789771473,0.30170843968198,2.191014857975707
68.04,-18.0,16.434782608695656,0.0,0.0,125.65032550828975,-0.38282645457701237,0.30170859048207843,2.191066312731352
68.05,-18.0,16.434782608695656,0.0,0.0,125.68767009292807,-0.3828266747598026,0.30170888746259017,2.1911191720869416
68.06,-18.0,16.434782608695656,0.0,0.0,125.72501466952272,-0.38282672865477485,0.3017093210141317,2.1911732246394493
68.07,-18.0,16.434782608695656,0.0,0.0,125.7623592385536,-0.3828266262463458,0.30170988178687796,2.1912282689309617
68.08,-18.0,16.434782608695656,0.0,0.0,125.79970380048962,-0.38282637728448066,0.30171056069703606,2.191284113332195
68.09,-18.0,16.434782608695656,0.0,0.0,125.83704835578824,-0.38282599127568595,0.3017113489322927,2.191340575909332
68.1,-18.0,16.434782608695656,0.0,0.0,125.87439290489506,-0.38282547747513895,0.30171223795627955,2.191397484275355
68.11,-18.0,16.434782608695656,0.0,0.0,125.91173744824344,-0.3828248448798899,0.3017132195121166,2.191454675427387
68.12,-18.0,16.434782608695656,0.0,0.0,125.94908198625427,-0.3828241022230996,0.3017142856250634,2.19151199557089
68.13,-18.0,16.434782608695656,0.0,0.0,125.98642651933564,-0.38282325796925165,0.3017154286043504,2.1915692999324103
68.14,-18.0,16.434782608695656,0.0,0.0,126.02377104788266,-0.3828223203103007,0.3017166410442096,2.1916264525615454
68.15,-18.0,16.434782608695656,0.0,0.0,126.06111557227734,-0.38282129716270696,0.3017179158241716,2.1916833261235453
68.16,-18.0,16.434782608695656,0.0,0.0,126.0984600928884,-0.38282019616530216,0.3017192461086644,2.191739801683606
68.17,-18.0,16.434782608695656,0.0,0.0,126.13580461007125,-0.38281902467795903,0.30172062534595323,2.1917957684836313
68.18,-18.0,16.434782608695656,0.0,0.0,126.17314912416789,-0.3828177897809941,0.3017220472664761,2.191851123712884
68.19,-18.0,16.434782608695656,0.0,0.0,126.21049363550698,-0.3828164982752864,0.3017235058806029,2.1919057722730155
68.2,-18.0,16.434782608695656,0.0,0.0,126.24783814440377,-0.38281515668304666,0.3017249954758672,2.1919596265387433
68.21,-18.0,16.434782608695656,0.0,0.0,126.28518265116023,-0.3828137712492119,0.3017265106137059,2.1920126061148135
68.22,-18.0,16.434782608695656,0.0,0.0,126.32252715606509,-0.3828123479434127,0.3017280461257441,2.192064637590135
68.23,-18.0,16.434782608695656,0.0,0.0,126.359871659394,-0.3828108924624789,0.30172959710966474,2.1921156542899634
68.24,-18.0,16.434782608695656,0.0,0.0,126.39721616140962,-0.38280941023344384,0.3017311589246936,2.1921655960266913
68.25,-18.0,16.434782608695656,0.0,0.0,126.43456066236178,-0.3828079064170111,0.3017327271867396,2.1922144088500746
68.26,-18.0,16.434782608695656,0.0,0.0,126.47190516248767,-0.38280638591144367,0.3017342977632149,2.1922620447975034
68.27,-18.0,16.434782608695656,0.0,0.0,126.5092496620121,-0.3828048533568469,0.30173586676757536,2.1923084616448762
68.28,-18.0,16.434782608695656,0.0,0.0,126.5465941611476,-0.3828033131398003,0.301737430553606,2.1923536226588527
68.29,-18.0,16.434782608695656,0.0,0.0,126.58393866009473,-0.3828017693983192,0.3017389857094823,2.1923974963507358
68.3,-18.0,16.434782608695656,0.0,0.0,126.62128315904235,-0.38280022602710617,0.30174052905163196,2.1924400562326594
68.31,-18.0,16.434782608695656,0.0,0.0,126.6586276581678,-0.38279868668305883,0.3017420576184322,2.1924812805766214
68.32,-18.0,16.434782608695656,0.0,0.0,126.69597215763727,-0.3827971547910185,0.30174356866375573,2.192521152176496
68.33,-18.0,16.434782608695656,0.0,0.0,126.73331665760598,-0.3827956335497138,0.30174505965040255,2.192559658113836
68.34,-18.0,16.434782608695656,0.0,0.0,126.77066115821857,-0.3827941259378904,0.3017465282434266,2.1925967895273155
68.35,-18.0,16.434782608695656,0.0,0.0,126.80800565960934,-0.38279263472058656,0.3017479723033947,2.1926325413867067
68.36,-18.0,16.434782608695656,0.0,0.0,126.84535016190256,-0.38279116245554023,0.30174938987958355,2.1926669122711657
68.37,-18.0,16.434782608695656,0.0,0.0,126.88269466521281,-0.38278971149969965,0.3017507792031453,2.1926999041524895
68.38,-18.0,16.434782608695656,0.0,0.0,126.92003916964529,-0.38278828401581855,0.3017521386802524,2.1927315221832857
68.39,-18.0,16.434782608695656,0.0,0.0,126.95738367529611,-0.3827868819791096,0.30175346688524773,2.1927617744905548
68.4,-18.0,16.434782608695656,0.0,0.0,126.99472818225266,-0.3827855071839472,0.30175476255380485,2.192790671974532
68.41,-18.0,16.434782608695656,0.0,0.0,127.03207269059388,-0.3827841612505851,0.3017560245761248,2.192818228113295
68.42,-18.0,16.434782608695656,0.0,0.0,127.06941720039062,-0.3827828456318889,0.30175725199017656,2.1928444587730196
68.43,-18.0,16.434782608695656,0.0,0.0,127.10676171170596,-0.38278156162005406,0.30175844397499785,2.192869382024057
68.44,-18.0,16.434782608695656,0.0,0.0,127.14410622459552,-0.38278031035329874,0.30175959984406564,2.1928930179630397
68.45,-18.0,16.434782608695656,0.0,0.0,127.18145073910777,-0.382779092822517,0.30176071903875434,2.1929153885409254
68.46,-18.0,16.434782608695656,0.0,0.0,127.21879525528442,-0.38277790987788185,0.30176180112187834,2.192936517397054
68.47,-18.0,16.434782608695656,0.0,0.0,127.25613977316061,-0.3827767622353735,0.3017628457713508,2.1929564296994744
68.48,-18.0,16.434782608695656,0.0,0.0,127.29348429276536,-0.382775650483244,0.30176385277394147,2.1929751519911034
68.49,-18.0,16.434782608695656,0.0,0.0,127.33082881412174,-0.3827745750883784,0.3017648220191651,2.192992712042273
68.5,-18.0,16.434782608695656,0.0,0.0,127.3681733372473,-0.38277353640257017,0.3017657534932885,2.193009138709113
68.51,-18.0,16.434782608695656,0.0,0.0,127.40551786215427,-0.38277253466868366,0.30176664727347835,2.193024461798138
68.52,-18.0,16.434782608695656,0.0,0.0,127.4428623888499,-0.38277157002670137,0.30176750352208503,2.1930387119368193
68.53,-18.0,16.434782608695656,0.0,0.0,127.48020691733676,-0.3827706425196511,0.301768322481071,2.19305192045005
68.54,-18.0,16.434782608695656,0.0,0.0,127.51755144761297,-0.3827697520994022,0.3017691044665911,2.1930641192425733
68.55,-18.0,16.434782608695656,0.0,0.0,127.55489597967252,-0.3827688986323259,0.3017698498637229,2.1930753406871943
68.56,-18.0,16.434782608695656,0.0,0.0,127.5922405135055,-0.3827680819048169,0.30177055912135575,2.193085617518672
68.57,-18.0,16.434782608695656,0.0,0.0,127.62958504909838,-0.38276730162866834,0.30177123274723705,2.1930949827332946
68.58,-18.0,16.434782608695656,0.0,0.0,127.66692958643426,-0.38276655744629906,0.3017718713031792,2.1931034694939435
68.59,-18.0,16.434782608695656,0.0,0.0,127.70427412549314,-0.382765848935827,0.3017724754004323,2.1931111110405785
68.6,-18.0,16.434782608695656,0.0,0.0,127.74161866625211,-0.382765175615986,0.3017730456952177,2.193117940606051
68.61,-18.0,16.434782608695656,0.0,0.0,127.7789632086856,-0.3827645369508883,0.30177358288442724,2.1931239913370244
68.62,-18.0,16.434782608695656,0.0,0.0,127.8163077527656,-0.38276393235462614,0.30177408770148717,2.1931292962199964
68.63,-18.0,16.434782608695656,0.0,0.0,127.85365229846191,-0.3827633611957124,0.3017745609123845,2.1931338880121576
68.64,-18.0,16.434782608695656,0.0,0.0,127.8909968457423,-0.3827628228013571,0.3017750033118638,2.1931377991771868
68.65,-18.0,16.434782608695656,0.0,0.0,127.92834139457271,-0.3827623164615883,0.30177541571977784,2.1931410618254574
68.66,-18.0,16.434782608695656,0.0,0.0,127.9656859449175,-0.3827618414332046,0.3017757989776082,2.1931437076589524
68.67,-18.0,16.434782608695656,0.0,0.0,128.00303049673954,-0.3827613969435719,0.3017761539451418,2.193145767920387
68.68,-18.0,16.434782608695656,0.0,0.0,128.04037505000048,-0.38276098219425325,0.30177648149730696,2.193147273346613
68.69,-18.0,16.434782608695656,0.0,0.0,128.07771960466084,-0.38276059636448645,0.3017767825211666,2.193148254126054
68.7,-18.0,16.434782608695656,0.0,0.0,128.11506416068025,-0.38276023861449615,0.3017770579130641,2.1931487398600535
68.71,-18.0,16.434782608695656,0.0,0.0,128.15240871801754,-0.3827599080886559,0.3017773085759219,2.193148759528005
68.72,-18.0,16.434782608695656,0.0,0.0,128.18975327663088,-0.3827596039184886,0.3017775354166903,2.1931483414561526
68.73,-18.0,16.434782608695656,0.0,0.0,128.22709783647798,-0.3827593252255257,0.3017777393439347,2.1931475132896576
68.74,-18.0,16.434782608695656,0.0,0.0,128.26444239751618,-0.38275907112400387,0.30177792126557623,2.193146301968264
68.75,-18.0,16.434782608695656,0.0,0.0,128.30178695970255,-0.38275884072342325,0.3017780820867644,2.193144733704984
68.76,-18.0,16.434782608695656,0.0,0.0,128.33913152299405,-0.3827586331309587,0.30177822270788757,2.1931428339678356
68.77,-18.0,16.434782608695656,0.0,0.0,128.37647608734764,-0.38275844745373155,0.30177834402271264,2.1931406274644285
68.78,-18.0,16.434782608695656,0.0,0.0,128.41382065272035,-0.3827582828009388,0.3017784469166638,2.193138138129493
68.79,-18.0,16.434782608695656,0.0,0.0,128.45116521906942,-0.38275813828585425,0.30177853226521,2.1931353891147425
68.8,-18.0,16.434782608695656,0.0,0.0,128.48850978635232,-0.3827580130276891,0.30177860093239484,2.1931324027815555
68.81,-18.0,16.434782608695656,0.0,0.0,128.52585435452693,-0.38275790615333927,0.301778653769458,2.193129200695544
68.82,-18.0,16.434782608695656,0.0,0.0,128.56319892355154,-0.38275781679899246,0.3017786916135945,2.193125803623824
68.83,-18.0,16.434782608695656,0.0,0.0,128.60054349338498,-0.38275774411162455,0.3017787152868092,2.193122231534052
68.84,-18.0,16.434782608695656,0.0,0.0,128.63788806398662,-0.3827576872503775,0.30177872559488295,2.1931185035955396
68.85,-18.0,16.434782608695656,0.0,0.0,128.6752326353165,-0.3827576453878232,0.3017787233264353,2.1931146381821724
68.86,-18.0,16.434782608695656,0.0,0.0,128.71257720733533,-0.3827576177111214,0.3017787092520905,2.1931106528769964
68.87,-18.0,16.434782608695656,0.0,0.0,128.7499217800046,-0.3827576034230662,0.3017786841237351,2.193106564478598
68.88,-18.0,16.434782608695656,0.0,0.0,128.78726635328658,-0.3827576017430392,0.3017786486738634,2.193102389008694
68.89,-18.0,16.434782608695656,0.0,0.0,128.82461092714436,-0.38275761190785773,0.3017786036150145,2.193098141721384
68.9,-18.0,16.434782608695656,0.0,0.0,128.86195550154193,-0.3827576331725391,0.3017785496392815,2.1930938371133917
68.91,-18.0,16.434782608695656,0.0,0.0,128.89930007644418,-0.3827576648109634,0.30177848741791036,2.193089488935736
68.92,-18.0,16.434782608695656,0.0,0.0,128.9366446518169,-0.3827577061164589,0.3017784176009679,2.1930851102063857
68.93,-18.0,16.434782608695656,0.0,0.0,128.97398922762687,-0.3827577564023079,0.3017783408170742,2.193080713223695
68.94,-18.0,16.434782608695656,0.0,0.0,129.01133380384186,-0.3827578150021629,0.30177825767321775,2.1930763095811208
68.95,-18.0,16.434782608695656,0.0,0.0,129.04867838043063,-0.3827578812704011,0.3017781687546153,2.19307191018234
68.96,-18.0,16.434782608695656,0.0,0.0,129.08602295736293,-0.3827579545824007,0.3017780746246488,2.1930675252573595
68.97,-18.0,16.434782608695656,0.0,0.0,129.12336753460954,-0.3827580343347514,0.3017779758248451,2.19306316437909
68.98,-18.0,16.434782608695656,0.0,0.0,129.16071211214228,-0.38275811994540443,0.3017778728749172,2.1930588364805534
68.99,-18.0,16.434782608695656,0.0,0.0,129.198056689934,-0.3827582108537604,0.30177776627285136,2.1930545498725147
69.0,-18.0,16.434782608695656,0.0,0.0,129.23540126795857,-0.382758306520699,0.30177765649504207,2.193050312261602
69.01,-18.0,18.0,0.0,0.0,129.27286270539142,-0.3813687679362827,0.43006812363321956,2.1543251702384727
69.02,-18.0,18.0,0.0,0.0,129.31043334768373,-0.38015684160567353,0.42466223547957993,2.1153440135243344
69.03,-18.0,18.0,0.0,0.0,129.3481060203425,-0.379105135500839,0.4195309013780575,2.076133238871395
69.04,-18.0,18.0,0.0,0.0,129.3858740000463,-0.37819748113015916,0.41466294881896615,2.03671999725012
69.05,-18.0,18.0,0.0,0.0,129.42373098742996,-0.3774188703173118,0.4100476942325051,1.997131904011436
69.06,-18.0,18.0,0.0,0.0,129.4616710814562,-0.37675539366217814,0.40567490834837594,1.9573967450630465
69.07,-18.0,18.0,0.0,0.0,129.49968875529285,-0.37619418086613443,0.4015347846315578,1.9175421843148155
69.08,-18.0,18.0,0.0,0.0,129.53777883361536,-0.37572334305643995,0.39761791060014007,1.877595477663659
69.09,-18.0,18.0,0.0,0.0,129.57593647125512,-0.3753319172037095,0.3939152418269405,1.8375831986073672
69.1,-18.0,18.0,0.0,0.0,129.61415713311786,-0.37500981269190814,0.3904180784260538,1.7975309802108779
69.11,-18.0,18.0,0.0,0.0,129.65243657529774,-0.3747477600712339,0.3871180438278843,1.7574632776206374
69.12,-18.0,18.0,0.0,0.0,129.6907708273167,-0.37453726200019655,0.3840070656508694,1.7174031546581954
69.13,-18.0,18.0,0.0,0.0,129.7291561754215,-0.37437054636339484,0.38107735848469737,1.6773720972643362
69.14,-18.0,18.0,0.0,0.0,129.7675891468746,-0.37424052153555154,0.37832140840780193,1.637389855746378
69.15,-18.0,18.0,0.0,0.0,129.8060664951779,-0.3741407337497309,0.3757319590709587,1.5974743169457057
69.16,-18.0,18.0,0.0,0.0,129.84458518617285,-0.3740653265178673,0.3733019991885991,1.5576414066283044
69.17,-18.0,18.0,0.0,0.0,129.88314238496272,-0.3740090020443785,0.37102475128974444,1.5179050216426058
69.18,-18.0,18.0,0.0,0.0,129.92173544360696,-0.3739669845683511,0.3688936615909655,1.4782769907127682
69.19,-18.0,18.0,0.0,0.0,129.96036188954045,-0.37393498556623106,0.3669023908643574,1.4387670621626873
69.2,-18.0,18.0,0.0,0.0,129.99901941467363,-0.3739091707447939,0.36504480618399593,1.3993829164096465
69.21,-18.0,18.0,0.0,0.0,130.0377058651324,-0.37388612875322425,0.3633149734445822,1.3601302007300684
69.22,-18.0,18.0,0.0,0.0,130.07641923159943,-0.37386284154307714,0.3617071505558871,1.3210125835837703
69.23,-18.0,18.0,0.0,0.0,130.115157640221,-0.3738366563056359,0.36021578122607556,1.282031825677903
69.24,-18.0,18.0,0.0,0.0,130.15391934404653,-0.37380525891744387,0.35883548925599706,1.2431878649485781
69.25,-18.0,18.0,0.0,0.0,130.19270271496896,-0.3737666488265252,0.3575610732749852,1.2044789127203201
69.26,-18.0,18.0,0.0,0.0,130.23150623613776,-0.37371911531385327,0.3563875018565972,1.1659015584560883
69.27,-18.0,18.0,0.0,0.0,130.2703284948172,-0.37366121506688965,0.3553099089600573,1.127450880717239
69.28,-18.0,18.0,0.0,0.0,130.30916817566447,-0.37359175100440134,0.35432358964990374,1.0891205621984714
69.29,-18.0,18.0,0.0,0.0,130.34802405440462,-0.37350975229426786,0.3534239960524752,1.0509030069695953
69.3,-18.0,18.0,0.0,0.0,130.3868949918795,-0.3734144555084624,0.35260673351349503,1.0127894583368355
69.31,-18.0,18.0,0.0,0.0,130.42577992845065,-0.3733052868619009,0.35186755692600813,0.9747701160133001
69.32,-18.0,18.0,0.0,0.0,130.46467787873635,-0.37318184548426636,0.3512023672024811,0.9368342515594443
69.33,-18.0,18.0,0.0,0.0,130.50358792666466,-0.37304388767629115,0.350607207868868,0.8989703213074062
69.34,-18.0,18.0,0.0,0.0,130.54250922082528,-0.3728913121042663,0.3500782617620055,0.8611660762164018
69.35,-18.0,18.0,0.0,0.0,130.5814409701041,-0.3727241458887094,0.34961184781481824,0.8234086683154682
69.36,-18.0,18.0,0.0,0.0,130.62038243958492,-0.3725425315452109,0.34920441791654366,0.7856847535734184
69.37,-18.0,18.0,0.0,0.0,130.65933294670415,-0.37234671473744796,0.34885255383752356,0.7479805911913386
69.38,-18.0,18.0,0.0,0.0,130.6982918576445,-0.37213703280419863,0.3485529642101446,0.7102821394440512
69.39,-18.0,18.0,0.0,0.0,130.73725858395503,-0.3719139040239623,0.34830248155922594,0.672575148299136
69.4,-18.0,18.0,0.0,0.0,130.77623257938475,-0.371677817582414,0.34809805937660765,0.634845249122751
69.41,-18.0,18.0,0.0,0.0,130.81521333691865,-0.37142932420948926,0.3479367692359052,0.5970780418343611
69.42,-18.0,18.0,0.0,0.0,130.85420038600446,-0.37116902745432756,0.34781579794440076,0.5592591799068606
69.43,-18.0,18.0,0.0,0.0,130.89319328995995,-0.3708975755676769,0.3477324447298691,0.5213744536193714
69.44,-18.0,18.0,0.0,0.0,130.93219164355034,-0.37061565396262797,0.34768411846078706,0.4834098719617851
69.45,-18.0,18.0,0.0,0.0,130.9711950707265,-0.37032397822575613,0.3476683348989129,0.44535174356395885
69.46,-18.0,18.0,0.0,0.0,131.0102032225147,-0.37002328765187054,0.3476827139836294,0.4071867569783079
69.47,-18.0,18.0,0.0,0.0,131.04921577504894,-0.3697143392766349,0.34772497714775996,0.36890206058436575
69.48,-18.0,18.0,0.0,0.0,131.08823242773792,-0.36939790238233483,0.3477929446648087,0.3304853423084789
69.49,-18.0,18.0,0.0,0.0,131.12725290155836,-0.36907475345300966,0.3478845330277336,0.2919249092613314
69.5,-18.0,18.0,0.0,0.0,131.16627693746736,-0.36874567155606974,0.34799775235949215,0.2532097672934683
69.51,-18.0,18.0,0.0,0.0,131.20530429492638,-0.3684114341283764,0.34813070385565004,0.21432970035303525
69.52,-18.0,18.0,0.0,0.0,131.24433475053024,-0.36807281314557416,0.34828157725939146,0.1752753494036776
69.53,-18.0,18.0,0.0,0.0,131.28336809673448,-0.3677305716542365,0.34844864836926903,0.13603829052589914
69.54,-18.0,18.0,0.0,0.0,131.32240414067462,-0.3673854606471345,0.34863027658001644,0.09661111168373487
69.55,-18.0,18.0,0.0,0.0,131.361442703072,-0.36703821626264244,0.3488249024567178,0.0569874874928152
69.56,-18.0,18.0,0.0,0.0,131.40048361721998,-0.36668955728998376,0.34903104534259044,0.017162251182623788
69.57,-18.0,18.0,0.0,0.0,131.43952672804568,-0.3663401829626791,0.34924730100059853,-0.02286853719542707
69.58,-18.0,18.0,0.0,0.0,131.47857189124184,-0.36599077102319955,0.3494723392890666,-0.06310752739261492
69.59,-18.0,18.0,0.0,0.0,131.5176189724644,-0.3656419760424525,0.34970490187143244,-0.10355602161374941
69.6,-18.0,18.0,0.0,0.0,131.5566678465908,-0.365294427978327,0.34994379996022307,-0.14421392448181253
69.61,-18.0,18.0,0.0,0.0,131.59571839703548,-0.36494873095812164,0.3501879120953322,-0.1850797016709014
69.62,-18.0,18.0,0.0,0.0,131.63477051511754,-0.3646054622702519,0.3504361819566215,-0.22615034859325744
69.63,-18.0,18.0,0.0,0.0,131.6738240994779,-0.3642651715511924,0.3506876162108692,-0.26742137052006715
69.64,-18.0,18.0,0.0,0.0,131.7128790555415,-0.3639283801541693,0.35094128239305244,-0.30888677546121035
69.65,-18.0,18.0,0.0,0.0,131.75193529502155,-0.363595580686648,0.35119630682195946,-0.35053908102876036
69.66,-18.0,18.0,0.0,0.0,131.7909927354629,-0.3632672367042,0.351451872550099,-0.39236933635259924
69.67,-18.0,18.0,0.0,0.0,131.83005129982104,-0.3629437825488382,0.35170721734788435,-0.43436715991095076
69.68,-18.0,18.0,0.0,0.0,131.86911091607445,-0.3626256233204337,0.3519616317220693,-0.47652079387957097
69.69,-18.0,18.0,0.0,0.0,131.90817151686753,-0.36231313497031326,0.352214456968414,-0.5188171752985361
69.7,-18.0,18.0,0.0,0.0,131.94723303918164,-0.3620066645066311,0.3524650832585712,-0.5612420240116383
69.71,-18.0,18.0,0.0,0.0,131.98629542403208,-0.36170653030159006,0.35271294776118456,-0.6037799469586376
69.72,-18.0,18.0,0.0,0.0,132.02535861618904,-0.3614130224910528,0.35295753279722364,-0.6464145580098505
69.73,-18.0,18.0,0.0,0.0,132.06442256392026,-0.361126403457549,0.3531983640295595,-0.6891286121365983
69.74,-18.0,18.0,0.0,0.0,132.103487218754,-0.3608469083881305,0.35343500868683764,-0.7319041523302846
69.75,-18.0,18.0,0.0,0.0,132.14255253526025,-0.3605747458989732,0.35366707382168694,-0.7747226673272554
69.76,-18.0,18.0,0.0,0.0,132.181618470849,-0.3603100987190493,0.35389420460333665,-0.8175652578882641
69.77,-18.0,18.0,0.0,0.0,132.2206849855838,-0.36005312442562,0.35411608264471695,-0.8604128091288421
69.78,-18.0,18.0,0.0,0.0,132.25975204200972,-0.35980395622469996,0.35433242436413503,-0.9032461662168116
69.79,-18.0,18.0,0.0,0.0,132.298819604994,-0.35956270377005906,0.3545429793816228,-0.946046310649724
69.8,-18.0,18.0,0.0,0.0,132.33788764157876,-0.3593294540146934,0.354747528950069,-0.9887945343088536
69.81,-18.0,18.0,0.0,0.0,132.37695612084426,-0.35910427208909823,0.3549458844212441,-1.0314726085515704
69.82,-18.0,18.0,0.0,0.0,132.41602501378242,-0.3588872022010159,0.35513788574683747,-1.0740629457544462
69.83,-18.0,18.0,0.0,0.0,132.455094293179,-0.3586782685517116,0.3553234000146237,-1.1165487509409713
69.84,-18.0,18.0,0.0,0.0,132.49416393350435,-0.35847747626414606,0.35550232001987014,-1.1589141614172431
69.85,-18.0,18.0,0.0,0.0,132.53323391081145,-0.3582848123187605,0.355674562872101,-1.201144372674622
69.86,-18.0,18.0,0.0,0.0,132.572304202641,-0.35810024649290284,0.35584006863731554,-1.2432257491938936
69.87,-18.0,18.0,0.0,0.0,132.61137478793282,-0.35792373230022423,0.3559987990157578,-1.2851459191768824
69.88,-18.0,18.0,0.0,0.0,132.650445646943,-0.3577552079266737,0.35615073605530867,-1.3268938526288763
69.89,-18.0,18.0,0.0,0.0,132.68951676116643,-0.35759459715999853,0.3562958809005754,-1.3684599226004315
69.9,-18.0,18.0,0.0,0.0,132.72858811326398,-0.3574418103099235,0.35643425257771155,-1.4098359497578943
69.91,-18.0,18.0,0.0,0.0,132.76765968699448,-0.3572967451164417,0.35656588681500034,-1.451015230778162
69.92,-18.0,18.0,0.0,0.0,132.80673146715054,-0.35715928764389293,0.35669083489919995,-1.4919925513448697
69.93,-18.0,18.0,0.0,0.0,132.8458034394983,-0.357029313158739,0.3568091625676255,-1.5327641847568783
69.94,-18.0,18.0,0.0,0.0,132.88487559072067,-0.3569066869891615,0.3569209489359215,0.0
69.95,-18.0,18.0,0.0,0.0,132.9239479083638,-0.3567912653648293,0.3570262854614439,-1.6136828219916508
69.96,-18.0,18.0,0.0,0.0,132.96302038078662,-0.3566828962353581,0.3571252749421445,-1.6538296212333194
69.97,-18.0,18.0,0.0,0.0,133.00209299711307,-0.35658142006620097,0.3572180305508168,-1.6937702412465876
69.98,-18.0,18.0,0.0,0.0,133.04116574718708,-0.3564866706108567,0.35730467490453655,-1.7335079582733162
69.99,-18.0,18.0,0.0,0.0,133.08023862152987,-0.3563984756584655,0.35738533916908466,-1.7730472987839683
