time,wheel_l,wheel_r,roll,pitch,yaw,beta_l,beta_r,alpha
0.0,1.612903225806452,10.0,0.0,0.0,565.6486174638484,0.1282549949101379,0.8461904787811056,0.0
0.01,1.612903225806452,10.0,0.0,0.0,565.6486174682219,0.11844574570287242,0.8363809645384815,0.0
0.02,1.612903225806452,10.0,0.0,-0.0,565.6486196955466,0.1087584245911373,0.8265589325843276,0.0
0.03,1.612903225806452,10.0,0.0,-0.0,565.6486243135888,0.09908182335083421,0.8167374538653283,0.0
0.04,1.612903225806452,10.0,0.0,-0.0,565.6486315172623,0.08941779882348663,0.8069167400851047,0.0
0.05,1.612903225806452,10.0,0.0,-0.0,565.6486415367636,0.07976878310405361,0.7970970851950596,0.0
0.06,1.612903225806452,10.0,0.0,-0.0,565.6486546494864,0.0701380555345577,0.7872789084076127,0.0
0.07,1.612903225806452,10.0,0.0,-0.0,565.6486711982358,0.06053019781308833,0.777462827468134,0.0
0.08,1.612903225806452,10.0,0.0,-0.0,565.648691620629,0.05095190370682437,0.7676497905424665,0.0
0.09,1.612903225806452,10.0,0.0,-0.0,565.6487165000101,0.04141353715726322,0.7578413305357694,0.0
0.1,1.612903225806452,10.0,0.0,-0.0,565.6487466624075,0.031932458480835826,0.74804010107168,0.0
0.11,1.612903225806452,10.0,0.0,-0.0,565.6487833878676,0.022541229019142725,0.7382511500035087,0.0
0.12,1.612903225806452,10.0,0.0,-0.0,565.6488289772458,0.013312751263094336,0.7284855188190222,0.0
0.13,1.612903225806452,10.0,0.0,-0.0,565.6488889389749,0.004471928125970498,0.7187737312127622,0.00032771472851707354
0.14,1.612903225806452,10.0,0.0,-0.0,565.6489910785486,-0.0025079339158208536,0.7092378917867339,0.0019604285346210733
0.15,1.612903225806452,10.0,0.0,-0.0,565.6493547121739,0.002977917419052206,0.6988772035953938,0.0036924776386419063
0.16,1.612903225806452,10.0,0.0,-0.0,565.6497524309326,-0.002993891615190064,0.6908398354788148,0.004103131008784365
0.17,1.612903225806452,10.0,0.0,-0.0,565.6503500605791,0.0002102638432135706,0.6819293911367165,0.004420167793031371
0.18,1.612903225806452,10.0,0.0,-0.0,565.651044616723,-0.0018713932336828498,0.6739739883130866,0.0036929695769317926
0.19,1.612903225806452,10.0,0.0,-0.0,565.6518763553189,-0.0016689713145985052,0.6658631536421162,0.0031981899565655053
0.2,1.612903225806452,10.0,0.0,-0.0,565.6528314315187,-0.0021205455279129093,0.6579373206329503,0.0025706515955963264
0.21,1.612903225806452,10.0,0.0,-0.0,565.6539102218152,-0.0024852622289325277,0.6500755296807865,0.0019022147813815083
0.22,1.612903225806452,10.0,0.0,-0.0,565.6551118033304,-0.002844992311645117,0.6422746517357087,0.0011997150486674363
0.23,1.612903225806452,10.0,0.0,-0.0,565.6564354816334,-0.0031963925199421372,0.6345241861946553,0.00043814341403383813
0.24,1.612903225806452,10.0,0.0,-0.0,565.6578805107358,-0.003548667230730995,0.6268180530339563,-0.00040751509031148356
0.25,1.612903225806452,10.0,0.0,-0.0,565.6594461913094,-0.0039040375039993414,0.6191512036070199,-0.0013413647690198932
0.26,1.612903225806452,10.0,0.0,-0.0,565.6611318958779,-0.004262052634997571,0.6115197343835403,-0.002361640102216926
0.27,1.612903225806452,10.0,0.0,-0.0,565.6629370523968,-0.004622102003998901,0.6039208968196176,-0.003464769643644995
0.28,1.612903225806452,10.0,0.0,-0.0,565.6648611297117,-0.004983563115687928,0.5963528354749459,-0.004646255083747469
0.29,1.612903225806452,10.0,0.0,-0.0,565.6669036331722,-0.005345467949953525,0.5888143062152188,-0.005900585846807937
0.3,1.612903225806452,10.0,0.0,-0.0,565.6690641120925,-0.005706041368913645,0.5813044199305919,-0.0072195742228147375
0.31,1.612903225806452,10.0,0.0,-0.0,565.6713421491861,-0.0060637903285417905,0.5738226456750658,-0.008587070605798209
0.32,1.612903225806452,10.0,0.0,-0.0,565.6737371989541,-0.006425542649996258,0.5663699252779542,-0.00998382480834563
0.33,1.612903225806452,10.0,0.0,-0.0,565.6762485482479,-0.006799953216046151,0.5589477634464357,-0.011418840775481606
0.34,1.612903225806452,10.0,0.0,-0.0,565.6788755318998,-0.007184176260485703,0.5515560983048042,-0.012906531272581236
0.35,1.612903225806452,10.0,0.0,-0.0,565.6816175485777,-0.00757445475974744,0.5441948184309029,-0.01445098810513623
0.36,1.612903225806452,10.0,0.0,-0.0,565.6844740247701,-0.007968848778909493,0.5368641778359272,-0.016051809361558495
0.37,1.612903225806452,10.0,0.0,-0.0,565.6874443946572,-0.008366404496761043,0.5295646642181828,-0.017707102586861048
0.38,1.612903225806452,10.0,0.0,-0.0,565.6905280909901,-0.00876658294301838,0.5222969031483655,-0.019414350601553353
0.39,1.612903225806452,10.0,0.0,-0.0,565.6937245404591,-0.009169031526809618,0.5150616145249406,-0.02117059759915964
0.4,1.612903225806452,10.0,0.0,-0.0,565.6970331595313,-0.00957356631952766,0.5078596017752699,-0.022972434275671205
0.41,1.612903225806452,10.0,0.0,-0.0,565.7004533475971,-0.009980318912468727,0.5006917681719649,-0.024816047274228703
0.42,1.612903225806452,10.0,0.0,-0.0,565.7039844758397,-0.010389961309733659,0.4935591510593481,-0.026697636304145386
0.43,1.612903225806452,10.0,0.0,-0.0,565.7076258756849,-0.010803720072085604,0.4864629331740804,-0.02861431843671257
0.44,1.612903225806452,10.0,0.0,-0.0,0.2246991900659545,-0.011222894721752003,0.47940438019619697,-0.030564901613922755
0.45,1.612903225806452,10.0,0.0,-0.0,565.7152366140818,-0.011648206049694992,0.47238473992028945,-0.03254963826685539
0.46,1.612903225806452,10.0,0.0,-0.0,565.719204447037,-0.012079606469438536,0.4654052003181502,-0.03456922024886346
0.47,1.612903225806452,10.0,0.0,-0.0,565.7232795626652,-0.012516556888160973,0.45846691991614186,-0.03662397717249314
0.48,1.612903225806452,10.0,0.0,-0.0,565.7274611803612,-0.012958376204235705,0.4515710752883984,-0.03871359751914539
0.49,1.612903225806452,10.0,0.0,-0.0,565.7317485091621,-0.013404465718107605,0.4447188928167308,-0.04083715204941197
0.5,1.612903225806452,10.0,0.0,-0.0,565.7361407435201,-0.013854418127922125,0.4379116636518819,-0.04299321065424684
0.51,1.612903225806452,10.0,0.0,-0.0,565.7406370582829,-0.014308060243231474,0.4311507489967047,-0.045179988110463434
0.52,1.612903225806452,10.0,0.0,-0.0,565.7452366037617,-0.014765448498423012,0.4244375793627105,-0.04739552587840276
0.53,1.612903225806452,10.0,0.0,-0.0,565.7499385019358,-0.01522680775210239,0.4177736467611892,-0.049637909691876834
0.54,1.612903225806452,10.0,0.0,-0.0,565.7547418449551,-0.01569240869716465,0.4111604882088372,-0.05190547503535019
0.55,1.612903225806452,10.0,0.0,-0.0,565.7596456964035,-0.016162421606719074,0.4045996644937736,-0.054196926481196936
0.56,1.612903225806452,10.0,0.0,-0.0,565.7646490943893,-0.01663682136839456,0.398092744561402,-0.056511334940119756
0.57,1.612903225806452,10.0,0.0,-0.0,565.7697510544818,-0.017115398158662226,0.39164130409981157,-0.058848040299741895
0.58,1.612903225806452,10.0,0.0,-0.0,565.7749505707569,-0.017597860849387997,0.3852469367519324,-0.06120650818465503
0.59,1.612903225806452,10.0,0.0,-0.0,565.7802466144607,-0.01808396781493643,0.3789112676048456,-0.06358617303733022
0.6,1.612903225806452,10.0,0.0,-0.0,565.7856381310862,-0.0185736180063496,0.3726359583577401,-0.06598629014956518
0.61,1.612903225806452,10.0,0.0,-0.0,565.7911240372887,-0.019066868432125295,0.3664226995671652,-0.06840582128346788
0.62,1.612903225806452,10.0,0.0,-0.0,565.7967032190961,-0.019563875581542572,0.3602731907596127,-0.0708433720620349
0.63,1.612903225806452,10.0,0.0,-0.0,565.8023745327162,-0.020064767774740505,0.3541891107210112,-0.07329719008465155
0.64,1.612903225806452,10.0,0.0,-0.0,565.8081368090513,-0.020569456480082654,0.34817208148113976,-0.07576524973778986
0.65,1.612903225806452,10.0,0.0,-0.0,565.8139888621138,-0.021077429901782768,0.3422236383871563,-0.07824550000395404
0.66,1.612903225806452,10.0,0.0,-0.0,565.8199294984973,-0.02158768116662088,0.3363452378575129,-0.08073634311635534
0.67,1.612903225806452,10.0,0.0,-0.0,565.8259575208257,-0.022098996592825854,0.3305383341842947,-0.08323715396060997
0.68,1.612903225806452,10.0,0.0,-0.0,565.8320717197458,-0.0226105428578538,0.32480448645207083,-0.0857483174462692
0.69,1.612903225806452,10.0,0.0,-0.0,0.35159321311049685,-0.0231222384611032,0.3191453900451132,-0.08827060589175759
0.7,1.612903225806452,10.0,0.0,-0.0,565.844553665414,-0.023634624549660782,0.31356280719369645,-0.09080445259641376
0.71,1.612903225806452,10.0,0.0,-0.0,565.8509188218158,-0.024148530968196524,0.3080584749578166,-0.09334958211231123
0.72,1.612903225806452,10.0,0.0,-0.0,565.8573649699877,-0.024664859508362086,0.30263404514523196,-0.09590488548937066
0.73,1.612903225806452,10.0,0.0,-0.0,565.863890711366,-0.025184514631407362,0.2972910417131074,-0.0984681813679121
0.74,1.612903225806452,10.0,0.0,-0.0,565.8704946147413,-0.02570818573569522,0.2920307535885792,-0.10103543598518186
0.75,1.612903225806452,10.0,0.0,-0.0,565.8771752580902,-0.026234664580979505,0.28685383234887507,-0.10359957645693098
0.76,1.612903225806452,10.0,0.0,-0.0,565.8839313434205,-0.026756845676274982,0.28175986718198265,-0.1061549633924064
0.77,1.612903225806452,10.0,0.0,-0.0,565.8907616601623,-0.027268834211532755,0.2767494551039328,-0.10870799874334348
0.78,1.612903225806452,10.0,0.0,-0.0,565.8976649125071,-0.02777352276406317,0.27182486900843994,-0.11126621508638249
0.79,1.612903225806452,10.0,0.0,-0.0,565.9046397142893,-0.028274437919378143,0.26698805795454283,-0.1138317588766244
0.8,1.612903225806452,10.0,0.0,-0.0,565.911684630069,-0.02877322188164358,0.2622403657360549,-0.11640447485373895
0.81,1.612903225806452,10.0,0.0,-0.0,565.9187982035158,-0.029270188883890214,0.25758274410727544,-0.11898354951188174
0.82,1.612903225806452,10.0,0.0,-0.0,565.9259789785668,-0.02976466439149389,0.2530158513919516,-0.12156800275365615
0.83,1.612903225806452,10.0,0.0,-0.0,565.9332255289751,-0.030254551470555363,0.2485399776593672,-0.12415673681384963
0.84,1.612903225806452,10.0,0.0,-0.0,565.9405365518058,-0.03073317113289112,0.244154329193507,-0.1267469490348219
0.85,1.612903225806452,10.0,0.0,-0.0,565.9479110018052,-0.031188792229775053,0.23985502168125084,-0.12931237052546002
0.86,1.612903225806452,10.0,0.0,-0.0,565.9553472103814,-0.03165289817040293,0.23564834598413886,-0.13185279719917464
0.87,1.612903225806452,10.0,0.0,-0.0,565.9628435487851,-0.032121708168706437,0.2315356684358646,-0.13438976435983194
0.88,1.612903225806452,10.0,0.0,-0.0,565.970398477344,-0.0325903313541423,0.2275164818523634,-0.13692597147712837
0.89,1.612903225806452,10.0,0.0,-0.0,565.9780105086935,-0.03305602577672756,0.22359035831820295,-0.13946118100750765
0.9,1.612903225806452,10.0,0.0,-0.0,565.9856781984365,-0.03351665874979845,0.21975682669266872,-0.14199438886019813
0.91,1.612903225806452,10.0,0.0,-0.0,565.9934001453946,-0.03397020750356461,0.21601529070790249,-0.14452406523883585
0.92,1.612903225806452,10.0,0.0,-0.0,566.0011749936774,-0.03441468976768844,0.212364988168121,-0.14704793510730163
0.93,1.612903225806452,10.0,0.0,-0.0,566.0090014252106,-0.034848683464030056,0.20880504949338607,-0.14956264588411172
0.94,1.612903225806452,10.0,0.0,-0.0,566.0168781261413,-0.035272619362542224,0.20533478811128203,-0.15206426554146948
0.95,1.612903225806452,10.0,0.0,-0.0,566.024803742375,-0.03568913735569687,0.20195400275073128,-0.15455055282612795
0.96,1.612903225806452,10.0,0.0,-0.0,566.0327768809975,-0.03610063605171637,0.19866264728957295,-0.15702222429097926
0.97,1.612903225806452,10.0,0.0,-0.0,566.040796150095,-0.03650747311404645,0.19546030344529575,-0.15948109903456337
0.98,1.612903225806452,10.0,0.0,-0.0,566.0488601888569,-0.03690859876344582,0.1923461361356945,-0.16192838519027233
0.99,1.612903225806452,10.0,0.0,-0.0,566.0569676791467,-0.03730251790127889,0.1893190544041301,-0.16436437304957516
1.0,1.612903225806452,10.0,0.0,-0.0,566.0651173473068,-0.03768776757502193,0.1863778257973091,-0.16678862114778698
1.01,1.612903225806452,10.0,0.0,-0.0,566.0733079613325,-0.038063134357954415,0.1835211395585169,-0.16920015087919393
1.02,1.612903225806452,10.0,0.0,-0.0,566.0815383244941,-0.03842781847028984,0.18074765780862623,-0.17159761981879848
1.03,1.612903225806452,10.0,0.0,-0.0,566.0898072657625,-0.03878157181575284,0.1780560711888467,-0.17397956135931208
1.04,1.612903225806452,10.0,0.0,-0.0,566.0981136296234,-0.039124693870454724,0.1754451400310474,-0.17634471764638981
1.05,1.612903225806452,10.0,0.0,-0.0,566.106456270275,-0.03945777781890866,0.17291368256415607,-0.17869232286202147
1.06,1.612903225806452,10.0,0.0,-0.0,0.6281564071969036,-0.03978132187870079,0.1704605070619606,-0.18102213293929967
1.07,1.612903225806452,10.0,0.0,-0.0,566.1232458631355,-0.04009547183726789,0.16808433962223457,-0.18333420297068698
1.08,1.612903225806452,10.0,0.0,-0.0,566.1316906104004,-0.040400006192635424,0.1657837934244889,-0.18562861153717689
1.09,1.612903225806452,10.0,0.0,-0.0,566.1401672380392,-0.0406944699389816,0.16355737901738798,-0.18790528347450014
1.1,1.612903225806452,10.0,0.0,-0.0,566.1486747234263,-0.04097833590997038,0.16140353350413406,-0.19016392822645045
1.11,1.612903225806452,10.0,0.0,-0.0,566.1572120780938,-0.04125113811723927,0.1593206529013359,-0.19240405447032508
1.12,1.612903225806452,10.0,0.0,-0.0,566.1657783453611,-0.04151256562733416,0.15730712184747264,-0.1946250289660625
1.13,1.612903225806452,10.0,0.0,-0.0,566.1743725967326,-0.04176251262853928,0.15536133812879027,-0.19682616296342728
1.14,1.612903225806452,10.0,0.0,-0.0,566.1829939280852,-0.04200107560127489,0.15348172830294848,-0.1990068098782041
1.15,1.612903225806452,10.0,0.0,-0.0,566.1916414567777,-0.04222849480704319,0.15166675029989218,-0.20116644786096682
1.16,1.612903225806452,10.0,0.0,-0.0,566.2003143205031,-0.042445059317953254,0.14991488279340215,-0.20330471850628143
1.17,1.612903225806452,10.0,0.0,-0.0,0.7223340317988153,-0.04265101440013755,0.14822460748583055,-0.2054214104569517
1.18,1.612903225806452,10.0,0.0,-0.0,566.2177327107044,-0.042846506212142005,0.14659439344923064,-0.20751640338427213
1.19,1.612903225806452,10.0,0.0,-0.0,566.2264766252163,-0.04303157468033905,0.14502268976566846,-0.2095896017718283
1.2,1.612903225806452,10.0,0.0,-0.0,566.2352426544845,-0.04320618286681974,0.14350792734703632,-0.21164088235855233
1.21,1.612903225806452,10.0,0.0,-0.0,566.2440300586617,-0.043370263426861316,0.14204852730883022,-0.21367006519858328
1.22,1.612903225806452,10.0,0.0,-0.0,566.2528381247503,-0.04352376631978247,0.14064291258574246,-0.21567690787431215
1.23,1.612903225806452,10.0,0.0,-0.0,566.2616661654379,-0.04366669802227993,0.1392895201821832,-0.21766111819259976
1.24,1.612903225806452,10.0,0.0,-0.0,566.2705135173385,-0.04379914652204367,0.13798681217170217,-0.21962237983220384
1.25,1.612903225806452,10.0,0.0,-0.0,566.2793795389783,-0.043921288594007596,0.13673328390006223,-0.2215603848215493
1.26,1.612903225806452,10.0,0.0,-0.0,566.2882636089014,-0.0440333783936637,0.13552746814193828,-0.22347486558787175
1.27,1.612903225806452,10.0,0.0,-0.0,566.2971651242269,-0.04413572046522099,0.13436793467952424,-0.22536561884743522
1.28,1.612903225806452,10.0,0.0,-0.0,566.3060834998557,-0.0442286347921276,0.1332532859760981,-0.22723251548841472
1.29,1.612903225806452,10.0,0.0,-0.0,566.3150181683244,-0.044312423876834234,0.13218215079011453,-0.22907549498842508
1.3,1.612903225806452,10.0,0.0,-0.0,566.3239685801326,-0.04438735026897636,0.13115317802847526,-0.23089454785465818
1.31,1.612903225806452,10.0,0.0,-0.0,566.3329342042721,-0.04445362837730951,0.13016503264344925,-0.2326896925273371
1.32,1.612903225806452,10.0,0.0,-0.0,566.3419145286947,-0.044511429517411744,0.12921639434557897,-0.23446095317098664
1.33,1.612903225806452,10.0,0.0,-0.0,566.3509090605224,-0.0445608961611417,0.12830595894887964,-0.2362083427100254
1.34,1.612903225806452,10.0,0.0,-0.0,566.3599173258949,-0.04460216066089637,0.12743244163891232,-0.23793185301841538
1.35,1.612903225806452,10.0,0.0,-0.0,0.8822612232651106,-0.0446353644352038,0.12659458133699586,-0.23963145238550995
1.36,1.612903225806452,10.0,0.0,-0.0,566.3779732533188,-0.0446606746580597,0.12579114542441217,-0.24130708944815368
1.37,1.612903225806452,10.0,0.0,-0.0,566.3870200561793,-0.044678296321510075,0.12502093420392246,-0.24295870233969313
1.38,1.612903225806452,10.0,0.0,-0.0,0.9094012255480872,-0.04468847811707058,0.1242827845405331,-0.244586231466669
1.39,1.612903225806452,10.0,0.0,-0.0,566.4051493073626,-0.04469151120012274,0.12357557217085569,-0.24618963388203996
1.4,1.612903225806452,10.0,0.0,-0.0,566.4142309831172,-0.04468772085248071,0.12289821228955733,-0.24776889681351613
1.41,1.612903225806452,10.0,0.0,-0.0,566.4233235305303,-0.04467745236758855,0.12224965827531253,-0.24932404782191017
1.42,1.612903225806452,10.0,0.0,-0.0,566.4324265921027,-0.044661053793111166,0.1216288987893589,-0.25085515962684946
1.43,1.612903225806452,10.0,0.0,-0.0,566.441539820999,-0.04463885891538369,0.12103495384271323,-0.2523623488136929
1.44,1.612903225806452,10.0,0.0,-0.0,566.4506628810581,-0.044611173657191056,0.12046687063043426,-0.2538457690660309
1.45,1.612903225806452,10.0,0.0,-0.0,566.4597954469991,-0.04457826795259692,0.11992371988752348,-0.25530560070058517
1.46,1.612903225806452,10.0,0.0,-0.0,566.4689372047044,-0.04454037366022959,0.11940459327161379,-0.25674203873828577
1.47,1.612903225806452,10.0,0.0,-0.0,566.4780878514724,-0.044497687778844636,0.11890860195218866,-0.25815528151852246
1.48,1.612903225806452,10.0,0.0,-0.0,566.4872470961599,-0.04445037949914363,0.11843487631484217,-0.2595455212300892
1.49,1.612903225806452,10.0,0.0,-0.0,566.4964146591607,-0.04439859948484773,0.11798256653883599,-0.2609129370365196
1.5,1.612903225806452,10.0,0.0,-0.0,566.5055902721983,-0.04434249001761839,0.11755084377310354,-0.26225769095048734
1.51,1.612903225806452,10.0,0.0,-0.0,566.5147736779275,-0.044282195008647246,0.11713890167523755,-0.2635799263340385
1.52,1.612903225806452,10.0,0.0,-0.0,566.5239646293556,-0.04421786918606371,0.11674595813860111,-0.26487976882198233
1.53,1.612903225806452,10.0,0.0,-0.0,566.5331628891059,-0.04414968592572219,0.11637125707593843,-0.2661573294814797
1.54,1.612903225806452,10.0,0.0,-0.0,566.5423682285536,-0.044077843205107464,0.11601407013602338,-0.26741271003825284
1.55,1.612903225806452,10.0,0.0,-0.0,566.5515804268799,-0.04400256709752501,0.11567369820018114,-0.26864600991664506
1.56,1.612903225806452,10.0,0.0,-0.0,566.5607992701014,-0.043924112194580006,0.11534947245870963,-0.2698573346454495
1.57,1.612903225806452,10.0,0.0,-0.0,566.5700245501437,-0.04384275847606142,0.11504075483176124,-0.27104680486803373
1.58,1.612903225806452,10.0,0.0,-0.0,566.5792560640353,-0.04375880451903988,0.11474693751678533,-0.27221456488731693
1.59,1.612903225806452,10.0,0.0,-0.0,566.5884936132893,-0.043672557540328255,0.11446744153944566,-0.2733607895013929
1.6,1.612903225806452,10.0,0.0,-0.0,566.5977370035215,-0.04358432144672128,0.11420171435470172,-0.27448568800318457
1.61,1.612903225806452,10.0,0.0,-0.0,566.6069860443226,-0.043494384580738815,0.11394922674176122,-0.27558950465704274
1.62,1.612903225806452,10.0,0.0,-0.0,566.6162405493641,-0.04340300896643837,0.1137094693910895,-0.2766725156370376
1.63,1.612903225806452,10.0,0.0,-0.0,566.6255003366864,-0.04331042250605696,0.11348194963080038,-0.2777350230819057
1.64,1.612903225806452,10.0,0.0,-0.0,566.6347652291009,-0.04321681487963544,0.11326618866909988,-0.27877734737818316
1.65,1.612903225806452,10.0,0.0,-0.0,566.644035054632,-0.04312233711689026,0.11306171957337707,-0.27979981889954725
1.66,1.612903225806452,10.0,0.0,-0.0,566.6533096469365,-0.043027104193953475,0.11286808602864351,-0.28080277023939587
1.67,1.612903225806452,10.0,0.0,-0.0,566.662588845656,-0.04293119968952028,0.11268484177576998,-0.2817865296126847
1.68,1.612903225806452,10.0,0.0,-0.0,1.185194850513191,-0.042834681511242284,0.1125115505502664,-0.28275141571123097
1.69,1.612903225806452,10.0,0.0,-0.0,566.681160452281,-0.04273758787861057,0.1123477863255068,-0.28369773399038084
1.7,1.612903225806452,10.0,0.0,-0.0,566.6904525712112,-0.04263994301132376,0.11219313368990247,-0.2846257741711592
1.71,1.612903225806452,10.0,0.0,-0.0,566.699748718627,-0.042541762233143515,0.1120471882349533,-0.2855358086646426
1.72,1.612903225806452,10.0,0.0,-0.0,566.7090487659963,-0.04244305641448501,0.11190955688194226,-0.2864280916243096
1.73,1.612903225806452,10.0,0.0,-0.0,1.2316749447496627,-0.04234383582736931,0.11177985812068925,-0.2873028583828532
1.74,1.612903225806452,10.0,0.0,-0.0,566.727660076855,-0.042244113579146286,0.11165772217059755,-0.28816032510612616
1.75,1.612903225806452,10.0,0.0,-0.0,566.7369711128935,-0.04214390883867544,0.11154279110165499,-0.28900068857901234
1.76,1.612903225806452,10.0,0.0,-0.0,566.746285593336,-0.04204325007693685,0.11143471897516033,-0.28982412613960323
1.77,1.612903225806452,10.0,0.0,-0.0,566.7556034173174,-0.04194217851929785,0.11133317207782512,-0.29063079587152474
1.78,1.612903225806452,10.0,0.0,-0.0,566.7649244883174,-0.041840751938486936,0.11123782933146964,-0.2914208372792344
1.79,1.612903225806452,10.0,0.0,-0.0,566.7742487136,-0.041739048795567085,0.11114838295591878,-0.29219437277566734
1.8,1.612903225806452,10.0,0.0,-0.0,1.296898357402362,-0.0416371725427265,0.11106453943950212,-0.2929515104035022
1.81,1.612903225806452,10.0,0.0,-0.0,566.7929062710143,-0.04153525563243218,0.11098602081810904,-0.29369234823967955
1.82,1.612903225806452,10.0,0.0,-0.0,566.8022394303417,-0.04143346245592375,0.11091256617363687,-0.29441698084758483
1.83,1.612903225806452,10.0,0.0,-0.0,566.8115753966881,-0.04133199014157066,0.1108439331377361,-0.29512550786646036
1.84,1.612903225806452,10.0,0.0,-0.0,566.820914085117,-0.041231066025574664,0.11077989905449237,-0.2958180443424179
1.85,1.612903225806452,10.0,0.0,-0.0,566.8302554098967,-0.04113094084915095,0.11072026136845958,-0.2964947317540156
1.86,1.612903225806452,10.0,0.0,-0.0,566.8395992839821,-0.04103187745875117,0.11066483683445594,-0.29715574807153083
1.87,1.612903225806452,10.0,0.0,-0.0,566.8489456187777,-0.040934135913699515,0.11061345933962807,-0.29780131490067135
1.88,1.612903225806452,10.0,0.0,-0.0,566.8582943242286,-0.04083795708362184,0.11056597646433353,-0.29843170007063563
1.89,1.612903225806452,10.0,0.0,-0.0,1.380967663067046,-0.040743547526434526,0.110522245269841,-0.299047214948498
1.9,1.612903225806452,10.0,0.0,-0.0,566.8769984822918,-0.04065106828189621,0.11048212803094415,-0.29964820700492634
1.91,1.612903225806452,10.0,0.0,-0.0,566.8863537523584,-0.04056062921280243,0.11044548862300763,-0.30023504921281347
1.92,1.612903225806452,10.0,0.0,-0.0,566.895711029664,-0.04047228911330228,0.11041219004222913,-0.3008081283380461
1.93,1.612903225806452,10.0,0.0,-0.0,566.9050702265304,-0.04038606056288849,0.11038209320494197,-0.3013678339992534
1.94,1.612903225806452,10.0,0.0,-0.0,566.9144312580348,-0.040301917824584504,0.11035505687639924,-0.3019145497441216
1.95,1.612903225806452,10.0,0.0,-0.0,566.9237940425141,-0.04021980601706235,0.11033093840942099,-0.3024486466629785
1.96,1.612903225806452,10.0,0.0,-0.0,566.9331585019002,-0.04013965014290713,0.11030959493407322,-0.30297047946669126
1.97,1.612903225806452,10.0,0.0,-0.0,566.942524561902,-0.04006136306697003,0.11029088469301285,-0.3034803846155367
1.98,1.612903225806452,10.0,0.0,-0.0,566.9518921520595,-0.03998485201739385,0.11027466830834454,-0.30397867995823624
1.99,1.612903225806452,10.0,0.0,-0.0,1.4745835595349412,-0.03991002353172715,0.11026080985864606,-0.304465665371037
2.0,1.612903225806452,10.0,0.0,-0.0,566.9706316598094,-0.03983678698208018,0.11024917771592657,-0.3049416239745649
2.01,1.612903225806452,9.35483870967742,0.0,-0.0,566.979955664085,-0.040268552128998464,0.05740646619073042,-0.3057656378850604
2.02,1.612903225806452,9.35483870967742,0.0,-0.0,566.9892375289419,-0.04061714515756212,0.059611521932032674,-0.3064593535370089
2.03,1.612903225806452,9.35483870967742,0.0,-0.0,566.9984810828188,-0.04089379473956975,0.061656517737938565,-0.3070356332666351
2.04,1.612903225806452,9.35483870967742,0.0,-0.0,567.0076897329903,-0.04110831984762339,0.06355715717271593,-0.30750830323687695
2.05,1.612903225806452,9.35483870967742,0.0,-0.0,567.0168665134613,-0.04126959366472524,0.06532718721621633,-0.30788824563399575
2.06,1.612903225806452,9.35483870967742,0.0,-0.0,567.0260141287071,-0.04138552282382982,0.0669786707005885,-0.3081844721223502
2.07,1.612903225806452,9.35483870967742,0.0,-0.0,567.0351349931602,-0.04146306099814792,0.06852223056105455,-0.3084048269091312
2.08,1.612903225806452,9.35483870967742,0.0,-0.0,567.0442312662713,-0.04150827222055728,0.0699672546692266,-0.30855631339091144
2.09,1.612903225806452,9.35483870967742,0.0,-0.0,567.053304883242,-0.04152642102434026,0.07132206796616114,-0.30864525363205375
2.1,1.612903225806452,9.35483870967742,0.0,-0.0,567.0623575817597,-0.04152206923799859,0.07259407801127704,-0.3086773819400272
2.11,1.612903225806452,9.35483870967742,0.0,-0.0,567.0713909251849,-0.04149916763940417,0.07378989820823367,-0.3086579120389982
2.12,1.612903225806452,9.35483870967742,0.0,-0.0,567.0804063226731,-0.04146113752998057,0.07491545210594175,-0.30859159199407327
2.13,1.612903225806452,9.35483870967742,0.0,-0.0,567.0894050466734,-0.04141094125394559,0.0759760617492572,-0.3084827517689638
2.14,1.612903225806452,9.35483870967742,0.0,-0.0,567.0983882481958,-0.04135114247257102,0.07697652269097344,-0.3083353451764179
2.15,1.612903225806452,9.35483870967742,0.0,-0.0,567.107356970175,-0.041283957575339175,0.0779211679002042,-0.30815298702683835
2.16,1.612903225806452,9.35483870967742,0.0,-0.0,1.6296345130444858,-0.04121129963325512,0.0788139224338299,-0.3079389860147308
2.17,1.612903225806452,9.35483870967742,0.0,-0.0,567.1252546758885,-0.041134816124132306,0.07965835040854852,-0.3076963738219219
2.18,1.612903225806452,9.35483870967742,0.0,-0.0,567.1341853039486,-0.04105592144685169,0.08045769553196724,-0.30742793089047343
2.19,1.612903225806452,9.35483870967742,0.0,-0.0,567.1431047583404,-0.04097582505083172,0.08121491622377286,-0.30713620929568924
2.2,1.612903225806452,9.35483870967742,0.0,-0.0,567.1520136924228,-0.04089555585476776,0.08193271617599973,-0.3068235531224186
2.21,1.612903225806452,9.35483870967742,0.0,-0.0,567.160912704351,-0.04081598351456675,0.08261357105533007,-0.3064921167089223
2.22,1.612903225806452,9.35483870967742,0.0,-0.0,567.1698023427746,-0.04073783701515818,0.08325975193319524,-0.30614388108191976
2.23,1.612903225806452,9.35483870967742,0.0,-0.0,567.1786831119246,-0.04066172099622886,0.08387334593313245,-0.3057806688586689
2.24,1.612903225806452,9.35483870967742,0.0,-0.0,567.1875554761613,-0.04058813016849991,0.08445627450479243,-0.30540415784529457
2.25,1.612903225806452,9.35483870967742,0.0,-0.0,567.1964198640428,-0.040517462129876364,0.08501030966482892,-0.305015893507304
2.26,1.612903225806452,9.35483870967742,0.0,-0.0,567.2052766719651,-0.04045002884362833,0.08553708848618857,-0.3046173004450819
2.27,1.612903225806452,9.35483870967742,0.0,-0.0,567.2141262674165,-0.0403860669942209,0.08603812606594607,-0.30420969296379125
2.28,1.612903225806452,9.35483870967742,0.0,-0.0,567.2229689918863,-0.040325747389733574,0.08651482715900627,-0.3037942847976687
2.29,1.612903225806452,9.35483870967742,0.0,-0.0,567.2318051634581,-0.040269183536644965,0.08696849662934003,-0.30337219802544413
2.3,1.612903225806452,9.35483870967742,0.0,-0.0,567.2406350791199,-0.04021643947488365,0.08740034884275805,-0.3029444712038113
2.31,1.612903225806452,9.35483870967742,0.0,-0.0,567.249459016816,-0.04016753693129818,0.08781151610445737,-0.30251206674401243
2.32,1.612903225806452,9.35483870967742,0.0,-0.0,567.2582772372675,-0.040122461829195516,0.08820305622971569,-0.3020758775601017
2.33,1.612903225806452,9.35483870967742,0.0,-0.0,567.267089985583,-0.040081170179860987,0.08857595932606765,-0.30163673302493643
2.34,1.612903225806452,9.35483870967742,0.0,-0.0,567.2758974926817,-0.0400435933775147,0.08893115385876482,-0.30119540427925384
2.35,1.612903225806452,9.35483870967742,0.0,-0.0,567.2846999765502,-0.04000964292041978,0.08926951206642764,-0.3007526089445067
2.36,1.612903225806452,9.35483870967742,0.0,-0.0,567.2934976433496,-0.0399792145849919,0.08959185479005682,-0.300309015294347
2.37,1.612903225806452,9.35483870967742,0.0,-0.0,567.3022906883918,-0.03995219208468212,0.08989895577534779,-0.29986524594302794
2.38,1.612903225806452,9.35483870967742,0.0,-0.0,567.3110792970002,-0.03992845025057709,0.09019154550411823,-0.29942188110469137
2.39,1.612903225806452,9.35483870967742,0.0,-0.0,567.3198636452681,-0.0399078577737709,0.09047031460686528,-0.29897946147597637
2.4,1.612903225806452,9.35483870967742,0.0,-0.0,567.3286439007296,-0.03989027955109112,0.09073591690412364,-0.298538490789974
2.41,1.612903225806452,9.35483870967742,0.0,-0.0,567.3374202229511,-0.039875578676005746,0.09098897211921841,-0.29809943808047684
2.42,1.612903225806452,9.35483870967742,0.0,-0.0,567.3461927640568,-0.03986361811373243,0.09123006830136282,-0.29766273969699997
2.43,1.612903225806452,9.35483870967742,0.0,-0.0,567.3549616691943,-0.039854262097812926,0.09145976399229738,-0.2972288010964704
2.44,1.612903225806452,9.35483870967742,0.0,-0.0,567.3637270769495,-0.039847377280228885,0.09167859016683466,-0.29679799844282434
2.45,1.612903225806452,9.35483870967742,0.0,-0.0,567.3724891197182,-0.03984283366396554,0.09188705197283686,-0.2963706800343399
2.46,1.612903225806452,9.35483870967742,0.0,-0.0,567.3812479240381,-0.039840505342094185,0.09208563029343553,-0.2959471675801221
2.47,1.612903225806452,9.35483870967742,0.0,-0.0,567.3900036108897,-0.03984027106348029,0.09227478315150328,-0.29552775734535813
2.48,1.612903225806452,9.35483870967742,0.0,-0.0,567.398756295969,-0.03984201464211953,0.09245494697378154,-0.29511272118158405
2.49,1.612903225806452,9.35483870967742,0.0,-0.0,567.407506089937,-0.03984562522394716,0.09262653773072682,-0.294702307461192
2.5,1.612903225806452,9.35483870967742,0.0,-0.0,567.4162530986504,-0.0398509974235666,0.09278995196632323,-0.29429674193213523
2.51,1.612903225806452,9.35483870967742,0.0,-0.0,567.4249974233755,-0.03985803134190016,0.09294556773160656,-0.29389622851265357
2.52,1.612903225806452,9.35483870967742,0.0,-0.0,567.4337391609912,-0.03986663247595382,0.0930937454346662,-0.29350095004408694
2.53,1.612903225806452,9.35483870967742,0.0,-0.0,567.4424784041804,-0.03987671153265629,0.09323482861926469,-0.29311106901910194
2.54,1.612903225806452,9.35483870967742,0.0,-0.0,567.4512152416156,-0.03988818415964626,0.09336914468408619,-0.29272672830465357
2.55,1.612903225806452,9.35483870967742,0.0,-0.0,567.459949758138,-0.03990097060782552,0.09349700555373597,-0.2923480518750032
2.56,1.612903225806452,9.35483870967742,0.0,-0.0,567.4686820349328,-0.039914995341923415,0.09361870831209052,-0.29197514556924864
2.57,1.612903225806452,9.35483870967742,0.0,-0.0,567.4774121497018,-0.039930186616668834,0.0937345358076408,-0.29160809788452
2.58,1.612903225806452,9.35483870967742,0.0,-0.0,567.4861401768328,-0.03994647603691373,0.09384475723923369,-0.2912469808119895
2.59,1.612903225806452,9.35483870967742,0.0,-0.0,567.4948661875683,-0.039963798119911215,0.09394962872919943,-0.2908918507189247
2.6,1.612903225806452,9.35483870967742,0.0,-0.0,567.5035902501699,-0.039982089877023036,0.09404939388905487,-0.2905427492746904
2.61,1.612903225806452,9.35483870967742,0.0,-0.0,567.5123124300809,-0.04000129042985959,0.09414428438145206,-0.29019970441642795
2.62,1.612903225806452,9.35483870967742,0.0,-0.0,567.5210327900853,-0.04002134067327193,0.0942345204799876,-0.289862731344617
2.63,1.612903225806452,9.35483870967742,0.0,-0.0,567.5297513904616,-0.040042182994113024,0.0943203116268655,-0.2895318335363135
2.64,1.612903225806452,9.35483870967742,0.0,-0.0,567.5384682891313,-0.04006376105081008,0.09440185698707071,-0.2892070037629887
2.65,1.612903225806452,9.35483870967742,0.0,-0.0,567.5471835418014,-0.040086019615162144,0.09447934599644514,-0.2888882250981945
2.66,1.612903225806452,9.35483870967742,0.0,-0.0,567.5558972020991,-0.04010890447422147,0.0945529589003905,-0.28857547190142696
2.67,1.612903225806452,9.35483870967742,0.0,-0.0,567.564609321699,-0.040132362387443526,0.09462286727930136,-0.288268710763998
2.68,1.612903225806452,9.35483870967742,0.0,-0.0,567.573319950441,-0.040156341091670905,0.09468923455720535,-0.2879679014077563
2.69,1.612903225806452,9.35483870967742,0.0,-0.0,567.5820291364407,-0.04018078934552213,0.09475221648992072,-0.28767299752650205
2.7,1.612903225806452,9.35483870967742,0.0,-0.0,567.5907369261897,-0.0402056570038066,0.09481196162981309,-0.2873839475645166
2.71,1.612903225806452,9.35483870967742,0.0,-0.0,567.5994433646475,-0.0402308951127299,0.09486861176473971,-0.28710069542801403
2.72,1.612903225806452,9.35483870967742,0.0,-0.0,567.6081484953253,-0.04025645601692987,0.09492230232978127,-0.2868231811297288
2.73,1.612903225806452,9.35483870967742,0.0,-0.0,567.6168523603609,-0.04028229347082715,0.09497316279060308,-0.2865513413650472
2.74,1.612903225806452,9.35483870967742,0.0,-0.0,567.6255550005865,-0.040308362747465104,0.09502131699850047,-0.2862851100236569
2.75,1.612903225806452,9.35483870967742,0.0,-0.0,567.6342564555891,-0.040334620739522514,0.09506688351761494,-0.28602441864050454
2.76,1.612903225806452,9.35483870967742,0.0,-0.0,567.6429567637648,-0.04036102604873418,0.09510997592509318,-0.28576919678896145
2.77,1.612903225806452,9.35483870967742,0.0,-0.0,567.6516559623667,-0.04038753906070139,0.09515070308586726,-0.2855193724235151
2.78,1.612903225806452,9.35483870967742,0.0,-0.0,567.6603540875484,-0.04041412200375591,0.09518916940344557,-0.2852748721751516
2.79,1.612903225806452,9.35483870967742,0.0,-0.0,567.6690511744029,-0.04044073899094189,0.09522547504884082,-0.28503562160680845
2.8,1.612903225806452,9.35483870967742,0.0,-0.0,567.677747256997,-0.040467356045520736,0.09525971616927154,-0.2848015454316889
2.81,1.612903225806452,9.35483870967742,0.0,-0.0,567.6864423684034,-0.040493941110391146,0.09529198507889336,-0.2845725677015851
2.82,1.612903225806452,9.35483870967742,0.0,-0.0,567.6951365407292,-0.04052046404268708,0.09532237043333358,-0.2843486119685654
2.83,1.612903225806452,9.35483870967742,0.0,-0.0,567.7038298051423,-0.04054689659510621,0.0953509573897009,-0.2841296014229428
2.84,1.612903225806452,9.35483870967742,0.0,-0.0,567.712522191896,-0.04057321238515613,0.09537782775416004,-0.28391545901407966
2.85,1.612903225806452,9.35483870967742,0.0,-0.0,567.7212137303522,-0.040599386854431846,0.09540306011815936,-0.283706107553548
2.86,1.612903225806452,9.35483870967742,0.0,-0.0,567.7299044490027,-0.040625397219238996,0.09542672998504276,-0.2835014698058599
2.87,1.612903225806452,9.35483870967742,0.0,-0.0,567.7385943754897,-0.040651222414257865,0.09544890988818644,-0.28330146856818716
2.88,1.612903225806452,9.35483870967742,0.0,-0.0,567.7472835366265,-0.040676843030715254,0.09546966950177704,-0.2831060267411372
2.89,1.612903225806452,9.35483870967742,0.0,-0.0,567.7559719584157,-0.04070224125056257,0.0954890757450525,-0.2829150673910862
2.9,1.612903225806452,9.35483870967742,0.0,-0.0,567.7646596660685,-0.040727400777574335,0.0955071928811394,-0.2827285138078051
2.91,1.612903225806452,9.35483870967742,0.0,-0.0,567.773346684023,-0.04075230676676242,0.09552408261087908,-0.28254628955598216
2.92,1.612903225806452,9.35483870967742,0.0,-0.0,567.782033035962,-0.040776945752864474,0.09553980416241792,-0.2823683185228987
2.93,1.612903225806452,9.35483870967742,0.0,-0.0,567.790718744831,-0.04080130557877673,0.09555441437699874,-0.2821945249624077
2.94,1.612903225806452,9.35483870967742,0.0,-0.0,567.7994038328558,-0.04082537532457045,0.09556796779140286,-0.2820248335360062
2.95,1.612903225806452,9.35483870967742,0.0,-0.0,567.8080883215598,-0.04084914523760272,0.09558051671743784,-0.281859169351787
2.96,1.612903225806452,9.35483870967742,0.0,-0.0,567.8167722317816,-0.0408726066643407,0.09559211131858858,-0.2816974580002504
2.97,1.612903225806452,9.35483870967742,0.0,-0.0,567.8254555836917,-0.040895751984020595,0.09560279968429575,-0.28153962558905454
2.98,1.612903225806452,9.35483870967742,0.0,-0.0,567.8341383968101,-0.04091857454458639,0.09561262790188374,-0.2813855987755342
2.99,1.612903225806452,9.35483870967742,0.0,-0.0,567.8428206900228,-0.04094106860104793,0.0956216401263491,-0.2812353047975901
3.0,1.612903225806452,9.35483870967742,0.0,-0.0,567.8515024815989,-0.040963229256339356,0.09562987864819539,-0.28108867150350614
3.01,1.612903225806452,9.35483870967742,0.0,-0.0,567.8601837892071,-0.0409850524049378,0.09563738395923738,-0.2809456273794015
3.02,1.612903225806452,9.35483870967742,0.0,-0.0,567.8688646299319,-0.04100653467908136,0.09564419481666186,-0.2808061015759615
3.03,1.612903225806452,9.35483870967742,0.0,-0.0,567.8775450202902,-0.04102767339765287,0.09565034830535091,-0.2806700239340235
3.04,1.612903225806452,9.35483870967742,0.0,-0.0,567.8862249762474,-0.04104846651786573,0.09565587989835678,-0.28053732500778883
3.05,1.612903225806452,9.35483870967742,0.0,-0.0,567.8949045132327,-0.04106891258947473,0.09566082351581062,-0.2804079360874928
3.06,1.612903225806452,9.35483870967742,0.0,-0.0,2.4169059999928697,-0.04108901071153523,0.09566521158220498,-0.2802817892208579
3.07,1.612903225806452,9.35483870967742,0.0,-0.0,567.9122623894204,-0.04110876049177867,0.09566907508194089,-0.28015881723220115
3.08,1.612903225806452,9.35483870967742,0.0,-0.0,2.434263110779049,-0.04112816200822475,0.09567244361345306,-0.28003895374147
3.09,1.612903225806452,9.35483870967742,0.0,-0.0,567.9296187621597,-0.04114721577319683,0.095675345441676,-0.2799221331811711
3.1,1.612903225806452,9.35483870967742,0.0,-0.0,567.9382964180537,-0.041165922699551466,0.09567780754896138,-0.2798082908118814
3.11,1.612903225806452,9.35483870967742,0.0,-0.0,567.9469737371571,-0.04118428406893457,0.09567985568455173,-0.279697362737027
3.12,1.612903225806452,9.35483870967742,0.0,-0.0,567.9556507315714,-0.04120230150205864,0.09568151441253303,-0.27958928591615495
3.13,1.612903225806452,9.35483870967742,0.0,-0.0,567.9643274129795,-0.04121997693089777,0.09568280715828548,-0.2794839981767088
3.14,1.612903225806452,9.35483870967742,0.0,-0.0,567.9730037926593,-0.04123731257268412,0.09568375625346792,-0.27938143822444256
3.15,1.612903225806452,9.35483870967742,0.0,-0.0,567.9816798814965,-0.04125431090547463,0.09568438297969062,-0.27928154565351443
3.16,1.612903225806452,9.35483870967742,0.0,-0.0,567.9903556899975,-0.04127097464547977,0.09568470761060754,-0.27918426095401666
3.17,1.612903225806452,9.35483870967742,0.0,-0.0,567.9990312283018,-0.041287306725742406,0.09568474945277239,-0.2790895255194644
3.18,1.612903225806452,9.35483870967742,0.0,-0.0,568.0077065061938,-0.04130331027627984,0.09568452688507911,-0.2789972816526861
3.19,1.612903225806452,9.35483870967742,0.0,-0.0,568.0163815331149,-0.04131898860558644,0.09568405739682873,-0.27890747257025694
3.2,1.612903225806452,9.35483870967742,0.0,-0.0,568.0250563181745,-0.04133434518327264,0.09568335762459268,-0.27882004240665087
3.21,1.612903225806452,9.35483870967742,0.0,-0.0,568.0337308701614,-0.04134938362394844,0.09568244338771248,-0.2787349362166627
3.22,1.612903225806452,9.35483870967742,0.0,-0.0,568.0424051975546,-0.04136410767214918,0.09568132972259502,-0.2786520999771686
3.23,1.612903225806452,9.35483870967742,0.0,-0.0,568.0510793085333,-0.04137852118829047,0.09568003091577293,-0.2785714805877988
3.24,1.612903225806452,9.35483870967742,0.0,-0.0,568.0597532109879,-0.0413926281355598,0.09567856053578827,-0.27849302587079694
3.25,1.612903225806452,9.35483870967742,0.0,-0.0,2.581749266366152,-0.04140643256773904,0.09567693146387446,-0.2784166845696463
3.26,1.612903225806452,9.35483870967742,0.0,-0.0,568.0771004204972,-0.04141993861778678,0.09567515592357745,-0.2783424063474122
3.27,1.612903225806452,9.35483870967742,0.0,-0.0,568.0857737419728,-0.04143315048725402,0.09567324550922018,-0.27827014178382337
3.28,1.612903225806452,9.35483870967742,0.0,-0.0,568.0944468837843,-0.04144607243638446,0.09567121121334032,-0.27819984237191775
3.29,1.612903225806452,9.35483870967742,0.0,-0.0,568.1031198525168,-0.04145870877496419,0.09566906345301562,-0.2781314605133934
3.3,1.612903225806452,9.35483870967742,0.0,-0.0,568.1117926545212,-0.04147106385369245,0.09566681209529715,-0.2780649495141771
3.31,1.612903225806452,9.35483870967742,0.0,-0.0,568.1204652959219,-0.04148314205623185,0.09566446648157434,-0.27800026357865615
3.32,1.612903225806452,9.35483870967742,0.0,-0.0,568.1291377826245,-0.04149494779184201,0.09566203545096519,-0.2779373578030745
3.33,1.612903225806452,9.35483870967742,0.0,-0.0,2.6511324741609235,-0.04150648548838967,0.09565952736292982,-0.277876188169484
3.34,1.612903225806452,9.35483870967742,0.0,-0.0,568.1464823145104,-0.041517759586001984,0.09565695011883568,-0.27781671153791215
3.35,1.612903225806452,9.35483870967742,0.0,-0.0,568.1551543704792,-0.04152877453106049,0.09565431118277712,-0.27775888563893164
3.36,1.612903225806452,9.35483870967742,0.0,-0.0,568.1638262933348,-0.04153953477070607,0.09565161760147622,-0.27770266906508423
3.37,1.612903225806452,9.35483870967742,0.0,-0.0,568.1724980879989,-0.04155004474767102,0.09564887602345185,-0.2776480212624384
3.38,1.612903225806452,9.35483870967742,0.0,-0.0,568.1811697592168,-0.04156030889549969,0.09564609271739577,-0.2775949025216327
3.39,1.612903225806452,9.35483870967742,0.0,-0.0,568.1898413115632,-0.041570331634204455,0.09564327358971425,-0.27754327396786865
3.4,1.612903225806452,9.35483870967742,0.0,-0.0,2.7118351032857992,-0.041580117366063124,0.09564042420153118,-0.2774930975520457
3.41,1.612903225806452,9.35483870967742,0.0,-0.0,568.2071840771246,-0.041589670471954526,0.09563754978476513,-0.277444336039768
3.42,1.612903225806452,9.35483870967742,0.0,-0.0,568.2158552986898,-0.041598995307780745,0.09563465525773285,-0.2773969530016644
3.43,1.612903225806452,9.35483870967742,0.0,-0.0,568.2245264180954,-0.04160809620126135,0.0956317452400055,-0.277350912802661
3.44,1.612903225806452,9.35483870967742,0.0,-0.0,568.2331974391499,-0.04161697744898188,0.0956288240666393,-0.2773061805910286
3.45,1.612903225806452,9.35483870967742,0.0,-0.0,568.2418683655245,-0.0416256433136519,0.09562589580183423,-0.2772627222874571
3.46,1.612903225806452,9.35483870967742,0.0,-0.0,568.2505392007579,-0.04163409802158838,0.09562296425201289,-0.27722050457395303
3.47,1.612903225806452,9.35483870967742,0.0,-0.0,568.2592099482608,-0.04164234576040829,0.09562003297834398,-0.27717949488258536
3.48,1.612903225806452,9.35483870967742,0.0,-0.0,568.2678806113208,-0.04165039067694917,0.09561710530869982,-0.2771396613838711
3.49,1.612903225806452,9.35483870967742,0.0,-0.0,568.2765511931062,-0.041658236875361326,0.0956141843491144,-0.27710097297516395
3.5,1.612903225806452,9.35483870967742,0.0,-0.0,2.798544050507977,-0.04166588841530269,0.09561127299481598,-0.2770633992695204
3.51,1.612903225806452,9.35483870967742,0.0,-0.0,568.2938921249573,-0.04167334931044256,0.0956083739406427,-0.27702691058335654
3.52,1.612903225806452,9.35483870967742,0.0,-0.0,568.3025624808022,-0.041680623526962196,0.0956054896911559,-0.2769914779252995
3.53,1.612903225806452,9.35483870967742,0.0,-0.0,568.3112327669386,-0.04168771498232951,0.09560262257018792,-0.2769570729839788
3.54,1.612903225806452,9.35483870967742,0.0,-0.0,568.3199029860004,-0.04169462754413952,0.09559977473003678,-0.2769236681163617
3.55,1.612903225806452,9.35483870967742,0.0,-0.0,568.3285731405257,-0.041701365029112286,0.09559694816022957,-0.2768912363358555
3.56,1.612903225806452,9.35483870967742,0.0,-0.0,568.3372432329601,-0.04170793120214075,0.09559414469596572,-0.2768597513009811
3.57,1.612903225806452,9.35483870967742,0.0,-0.0,568.34591326566,-0.0417143297756091,0.09559136602603335,-0.2768291873028181
3.58,1.612903225806452,9.35483870967742,0.0,-0.0,568.3545832408961,-0.04172056440860403,0.0955886137005787,-0.27679951925418417
3.59,1.612903225806452,9.35483870967742,0.0,-0.0,568.3632531608561,-0.041726638706442526,0.09558588913831823,-0.2767707226771532
3.6,1.612903225806452,9.35483870967742,0.0,-0.0,568.3719230276475,-0.041732556220149236,0.09558319363356571,-0.27674277369176187
3.61,1.612903225806452,9.35483870967742,0.0,-0.0,568.3805928433012,-0.041738320446038674,0.09558052836292708,-0.27671564900466755
3.62,1.612903225806452,9.35483870967742,0.0,-0.0,568.3892626097731,-0.04174393482548064,0.09557789439159348,-0.2766893258970814
3.63,1.612903225806452,9.35483870967742,0.0,-0.0,568.397932328948,-0.0417494027445727,0.09557529267951359,-0.2766637822141468
3.64,1.612903225806452,9.35483870967742,0.0,-0.0,568.406602002641,-0.04175472753407142,0.09557272408710393,-0.2766389963529296
3.65,1.612903225806452,9.35483870967742,0.0,-0.0,568.4152716326008,-0.0417599124692655,0.09557018938081929,-0.2766149472515266
3.66,1.612903225806452,9.35483870967742,0.0,-0.0,568.4239412205119,-0.04176496076994088,0.09556768923843861,-0.27659161437804997
3.67,1.612903225806452,9.35483870967742,0.0,-0.0,568.4326107679965,-0.041769875600449785,0.09556522425406422,-0.27656897771938005
3.68,1.612903225806452,9.35483870967742,0.0,-0.0,568.441280276617,-0.04177466006979427,0.09556279494292863,-0.27654701777037266
3.69,1.612903225806452,9.35483870967742,0.0,-0.0,568.4499497478785,-0.04177931723171904,0.09556040174601821,-0.27652571552352934
3.7,1.612903225806452,9.35483870967742,0.0,-0.0,568.45861918323,-0.0417838500850117,0.09555804503432663,-0.2765050524575387
3.71,1.612903225806452,9.35483870967742,0.0,-0.0,568.4672885840672,-0.04178826157364854,0.09555572511310018,-0.2764850105275419
3.72,1.612903225806452,9.35483870967742,0.0,-0.0,568.475957951734,-0.04179255458712758,0.09555344222574325,-0.2764655721543891
3.73,1.612903225806452,9.35483870967742,0.0,-0.0,568.4846272875245,-0.04179673196076891,0.09555119655760735,-0.27644672021460437
3.74,1.612903225806452,9.35483870967742,0.0,-0.0,568.4932965926846,-0.04180079647611015,0.09554898823954072,-0.2764284380300327
3.75,1.612903225806452,9.35483870967742,0.0,-0.0,568.5019658684141,-0.04180475086122212,0.09554681735137993,-0.276410709358538
3.76,1.612903225806452,9.35483870967742,0.0,-0.0,568.510635115868,-0.041808597791256924,0.09554468392507587,-0.27639351838325354
3.77,1.612903225806452,9.35483870967742,0.0,-0.0,568.5193043361581,-0.041812339888810585,0.09554258794787474,-0.2763768497036844
3.78,1.612903225806452,9.35483870967742,0.0,-0.0,568.527973530355,-0.04181597972441395,0.09554052936524837,-0.27636068832615973
3.79,1.612903225806452,9.35483870967742,0.0,-0.0,568.536642699489,-0.04181951981707663,0.09553850808365083,-0.27634501965420766
3.8,1.612903225806452,9.35483870967742,0.0,-0.0,568.5453118445519,-0.04182296263482546,0.09553652397316459,-0.27632982947930773
3.81,1.612903225806452,9.35483870967742,0.0,-0.0,568.5539809664983,-0.0418263105951788,0.09553457687009981,-0.27631510397247533
3.82,1.612903225806452,9.35483870967742,0.0,-0.0,568.5626500662471,-0.04182956606582586,0.09553266657928128,-0.27630082967451985
3.83,1.612903225806452,9.35483870967742,0.0,-0.0,568.5713191446824,-0.041832731365122305,0.09553079287641475,-0.27628699348804686
3.84,1.612903225806452,9.35483870967742,0.0,-0.0,568.5799882026552,-0.04183580876276047,0.09552895551017904,-0.2762735826683612
3.85,1.612903225806452,9.35483870967742,0.0,-0.0,3.101979594821379,-0.04183880048032415,0.0955271542043371,-0.27626058481554466
3.86,1.612903225806452,9.35483870967742,0.0,-0.0,568.5973262604572,-0.04184170869199874,0.09552538865959825,-0.2762479878655502
3.87,1.612903225806452,9.35483870967742,0.0,-0.0,3.1193176156696074,-0.0418445355251085,0.09552365855556422,-0.27623578008292354
3.88,1.612903225806452,9.35483870967742,0.0,-0.0,568.6146642458391,-0.04184728306087557,0.09552196355236575,-0.27622395005197253
3.89,1.612903225806452,9.35483870967742,0.0,-0.0,568.6233332131789,-0.04184995333501848,0.0955203032923777,-0.2762124866694482
3.9,1.612903225806452,9.35483870967742,0.0,-0.0,568.6320021645267,-0.04185254833839966,0.09551867740180298,-0.27620137913703724
3.91,1.612903225806452,9.35483870967742,0.0,-0.0,568.6406711005318,-0.041855070017793566,0.09551708549205873,-0.27619061695309155
3.92,1.612903225806452,9.35483870967742,0.0,-0.0,568.6493400218186,-0.04185752027641779,0.09551552716132516,-0.27618018990643867
3.93,1.612903225806452,9.35483870967742,0.0,-0.0,568.6580089289877,-0.04185990097476758,0.09551400199571758,-0.2761700880679505
3.94,1.612903225806452,9.35483870967742,0.0,-0.0,568.6666778226166,-0.04186221393118264,0.09551250957065605,-0.27616030178441825
3.95,1.612903225806452,9.35483870967742,0.0,-0.0,568.675346703261,-0.04186446092260218,0.09551104945198186,-0.27615082167109234
3.96,1.612903225806452,9.35483870967742,0.0,-0.0,568.6840155714547,-0.04186664368524903,0.09550962119707584,-0.2761416386049331
3.97,1.612903225806452,9.35483870967742,0.0,-0.0,568.6926844277112,-0.04186876391527253,0.09550822435595896,-0.2761327437183441
3.98,1.612903225806452,9.35483870967742,0.0,-0.0,568.7013532725244,-0.04187082326947619,0.09550685847224527,-0.2761241283923617
3.99,1.612903225806452,9.35483870967742,0.0,-0.0,568.7100221063688,-0.04187282336601697,0.09550552308406568,-0.2761157842502105
4.0,1.612903225806452,9.35483870967742,0.0,-0.0,568.7186909297006,-0.04187476578503027,0.0955042177250095,-0.27610770315156224
4.01,1.612903225806452,8.709677419354838,0.0,-0.0,568.72730166831,-0.042469661190546654,0.043203450045645964,-0.27655142181760384
4.02,1.612903225806452,8.709677419354838,0.0,-0.0,3.2491831100093043,-0.04295433636859705,0.04584881015655973,-0.2768296111136312
4.03,1.612903225806452,8.709677419354838,0.0,-0.0,568.7443736110745,-0.043346370128427486,0.04825849375591784,-0.2769737793393922
4.04,1.612903225806452,8.709677419354838,0.0,-0.0,568.7528449075108,-0.043659574901577985,0.05046373202128707,-0.2770102837558958
4.05,1.612903225806452,8.709677419354838,0.0,-0.0,568.7612787193408,-0.0439055542485782,0.05248931982718619,-0.2769587038865859
4.06,1.612903225806452,8.709677419354838,0.0,-0.0,568.7696785465318,-0.044098031785456765,0.05435631140095243,-0.27679873257932097
4.07,1.612903225806452,8.709677419354838,0.0,-0.0,568.7780474910455,-0.044244665348909945,0.056081168089955113,-0.27655083938953084
4.08,1.612903225806452,8.709677419354838,0.0,-0.0,568.7863883036526,-0.04435239737385452,0.057678229603736475,-0.27622927733477814
4.09,1.612903225806452,8.709677419354838,0.0,-0.0,568.7947034279014,-0.04442736737874395,0.05915997411559559,-0.2758448501963832
4.1,1.612903225806452,8.709677419354838,0.0,-0.0,568.8029950390239,-0.04447494397900095,0.06053729296479593,-0.2754062462641464
4.11,1.612903225806452,8.709677419354838,0.0,-0.0,568.8112650777023,-0.04449979221150044,0.06181973484638026,-0.2749207607294017
4.12,1.612903225806452,8.709677419354838,0.0,-0.0,568.8195152791699,-0.044505951002861505,0.06301571102777559,-0.27439469045846887
4.13,1.612903225806452,8.709677419354838,0.0,-0.0,568.8277471982772,-0.04449690871140499,0.06413266435293685,-0.27383356068333653
4.14,1.612903225806452,8.709677419354838,0.0,-0.0,568.83596223113,-0.04447567196937163,0.06517720811638394,-0.27324226689344194
4.15,1.612903225806452,8.709677419354838,0.0,-0.0,568.8441616338282,-0.04444482667143418,0.06615524078441826,-0.27262517229136907
4.16,1.612903225806452,8.709677419354838,0.0,-0.0,568.8523465387468,-0.0444065914070049,0.06707204149321311,-0.2719861802632384
4.17,1.612903225806452,8.709677419354838,0.0,-0.0,3.373840322562379,-0.04436286410658685,0.06793235017363797,-0.27132879153936157
4.18,1.612903225806452,8.709677419354838,0.0,-0.0,568.8686768494667,-0.04431526275441722,0.06874043527141094,-0.270656151130704
4.19,1.612903225806452,8.709677419354838,0.0,-0.0,568.8768240204015,-0.04426516096262234,0.06950015135894827,-0.2699710879041778
4.2,1.612903225806452,8.709677419354838,0.0,-0.0,568.8849602442205,-0.04421371910539851,0.07021498843177099,-0.2692761485348757
4.21,1.612903225806452,8.709677419354838,0.0,-0.0,568.8930862152608,-0.04416191161190172,0.07088811430518349,-0.2685736269757684
4.22,1.612903225806452,8.709677419354838,0.0,-0.0,568.9012025668912,-0.044110550927138364,0.07152241124086589,-0.2678655902402485
4.23,1.612903225806452,8.709677419354838,0.0,-0.0,568.9093098780246,-0.04406030857249904,0.07212050771476741,-0.26715390108890563
4.24,1.612903225806452,8.709677419354838,0.0,-0.0,568.91740867887,-0.044011733672389114,0.07268480606840311,-0.26644023807852046
4.25,1.612903225806452,8.709677419354838,0.0,-0.0,568.925499456016,-0.04396526925940658,0.07321750665266702,-0.26572611333635704
4.26,1.612903225806452,8.709677419354838,0.0,-0.0,568.9335826569298,-0.04392126662470433,0.0737206289690211,-0.2650128883626645
4.27,1.612903225806452,8.709677419354838,0.0,-0.0,568.9416586939396,-0.043879997943364196,0.07419603022865906,-0.2643017881106317
4.28,1.612903225806452,8.709677419354838,0.0,-0.0,568.9497279477665,-0.04384166737314574,0.07464542168353372,-0.2635939135610905
4.29,1.612903225806452,8.709677419354838,0.0,-0.0,568.9577907706566,-0.043806420800342694,0.07507038302777347,-0.26289025297332846
4.3,1.612903225806452,8.709677419354838,0.0,-0.0,568.9658474891626,-0.0437743543849381,0.07547237512397598,-0.2621916919749555
4.31,1.612903225806452,8.709677419354838,0.0,-0.0,568.9738984066156,-0.04374552204030108,0.07585275127165736,-0.26149902263057895
4.32,1.612903225806452,8.709677419354838,0.0,-0.0,568.981943805325,-0.04371994196818499,0.07621276720443926,-0.2608129516116746
4.33,1.612903225806452,8.709677419354838,0.0,-0.0,3.5033063023740767,-0.04369760235735162,0.0765535899768568,-0.2601341075754669
4.34,1.612903225806452,8.709677419354838,0.0,-0.0,568.9980190821796,-0.04367846634340139,0.07687630587978511,-0.2594630478466911
4.35,1.612903225806452,8.709677419354838,0.0,-0.0,569.0060494364229,-0.04366247631762754,0.07718192750494313,-0.25880026448484234
4.36,1.612903225806452,8.709677419354838,0.0,-0.0,569.0140752270705,-0.043649557664187016,0.0774714000625889,-0.25814618980586584
4.37,1.612903225806452,8.709677419354838,0.0,-0.0,569.0220966568053,-0.04363962199631116,0.0777456070430328,-0.25750120142053656
4.38,1.612903225806452,8.709677419354838,0.0,-0.0,569.0301139163055,-0.04363256995475592,0.07800537530042473,-0.2568656268415609
4.39,1.612903225806452,8.709677419354838,0.0,-0.0,569.0381271852447,-0.04362829362458978,0.07825147962674905,-0.2562397477026821
4.4,1.612903225806452,8.709677419354838,0.0,-0.0,569.0461366331898,-0.04362667861922892,0.07848464687540502,-0.25562380363057635
4.41,1.612903225806452,8.709677419354838,0.0,-0.0,569.0541424204077,-0.0436276058750357,0.07870555968534543,-0.2550179957992325
4.42,1.612903225806452,8.709677419354838,0.0,-0.0,569.0621446985913,-0.0436309531934258,0.0789148598507593,-0.25442249019832885
4.43,1.612903225806452,8.709677419354838,0.0,-0.0,569.0701436115125,-0.04363659656303295,0.07911315137485919,-0.253837420637415
4.44,1.612903225806452,8.709677419354838,0.0,-0.0,3.591461649449335,-0.04364441128946012,0.07930100324197198,-0.25326289150977116
4.45,1.612903225806452,8.709677419354838,0.0,-0.0,569.0861318805308,-0.043654272956582,0.07947895193762844,-0.25269898033476285
4.46,1.612903225806452,8.709677419354838,0.0,-0.0,3.607443843427169,-0.0436660582400509,0.07964750374277418,-0.25214574009577584
4.47,1.612903225806452,8.709677419354838,0.0,-0.0,569.1021082402261,-0.04367964559061602,0.07980713682542073,-0.25160320139173564
4.48,1.612903225806452,8.709677419354838,0.0,-0.0,569.1100922443848,-0.04369491580307189,0.07995830314991392,-0.25107137441421734
4.49,1.612903225806452,8.709677419354838,0.0,-0.0,569.1180736088775,-0.0437117524840282,0.0801014302224271,-0.25055025076750975
4.5,1.612903225806452,8.709677419354838,0.0,-0.0,569.1260524357067,-0.04373004243080994,0.08023692268862348,-0.2500398051415976
4.51,1.612903225806452,8.709677419354838,0.0,-0.0,569.1340288223607,-0.04374967593202425,0.08036516379816139,-0.24953999685119532
4.52,1.612903225806452,8.709677419354838,0.0,-0.0,569.1420028620838,-0.04377054699916544,0.08048651674925755,-0.24905077125363345
4.53,1.612903225806452,8.709677419354838,0.0,-0.0,569.1499746441218,-0.04379255353826278,0.08060132592459734,-0.24857206105209495
4.54,1.612903225806452,8.709677419354838,0.0,-0.0,569.157944253948,-0.04381559746885308,0.08070991802957661,-0.24810378749816347
4.55,1.612903225806452,8.709677419354838,0.0,-0.0,569.1659117734699,-0.04383958479765157,0.08081260314195615,-0.24764586149911547
4.56,1.612903225806452,8.709677419354838,0.0,-0.0,569.1738772812197,-0.043864425653050126,0.08090967568161722,-0.24719818463995727
4.57,1.612903225806452,8.709677419354838,0.0,-0.0,569.1818408525295,-0.04389003428627325,0.08100141530791849,-0.24676065012651113
4.58,1.612903225806452,8.709677419354838,0.0,-0.0,569.189802559694,-0.04391632904424145,0.0810880877515745,-0.24633314365709497
4.59,1.612903225806452,8.709677419354838,0.0,-0.0,569.1977624721208,-0.04394323231887462,0.08116994558704516,-0.2459155442276325
4.6,1.612903225806452,8.709677419354838,0.0,-0.0,3.719043010306783,-0.043970670476788765,0.08124722895106662,-0.2455077248770456
4.61,1.612903225806452,8.709677419354838,0.0,-0.0,569.2136771767828,-0.04399857377317534,0.08132016621206828,-0.24510955337638188
4.62,1.612903225806452,8.709677419354838,0.0,-0.0,569.2216320946065,-0.044026876252902136,0.08138897459502048,-0.24472089286757867
4.63,1.612903225806452,8.709677419354838,0.0,-0.0,569.2295854691042,-0.044055515641799936,0.08145386076546379,-0.24434160245424785
4.64,1.612903225806452,8.709677419354838,0.0,-0.0,569.237537357163,-0.044084433230357184,0.08151502137642774,-0.24397153774997546
4.65,1.612903225806452,8.709677419354838,0.0,-0.0,569.2454878134936,-0.04411357375215408,0.08157264358113236,-0.2436105513850659
4.66,1.612903225806452,8.709677419354838,0.0,-0.0,569.2534368907245,-0.044142885258594056,0.08162690551450247,-0.24325849347677955
4.67,1.612903225806452,8.709677419354838,0.0,-0.0,569.2613846394906,-0.04417231899158286,0.08167797674587118,-0.24291521206440972
4.68,1.612903225806452,8.709677419354838,0.0,-0.0,569.2693311085171,-0.04420182925535518,0.08172601870519491,-0.24258055351223953
4.69,1.612903225806452,8.709677419354838,0.0,-0.0,569.2772763446985,-0.04423137328857016,0.08177118508473757,-0.24225436288194666
4.7,1.612903225806452,8.709677419354838,0.0,-0.0,569.285220393174,-0.04426091113745356,0.08181362221813615,-0.24193648427731368
4.71,1.612903225806452,8.709677419354838,0.0,-0.0,569.2931632973983,-0.044290405530770766,0.08185346943841143,-0.24162676116233775
4.72,1.612903225806452,8.709677419354838,0.0,-0.0,569.3011050992101,-0.044319821757117184,0.08189085941648366,-0.24132503665517
4.73,1.612903225806452,8.709677419354838,0.0,-0.0,569.3090458388956,-0.04434912754506304,0.08192591848144837,-0.24103115379858686
4.74,1.612903225806452,8.709677419354838,0.0,-0.0,569.3169855552503,-0.04437829294644044,0.08195876692388337,-0.24074495580894656
4.75,1.612903225806452,8.709677419354838,0.0,-0.0,569.3249242856375,-0.044407290222932744,0.08198951928339537,-0.2404662863059333
4.76,1.612903225806452,8.709677419354838,0.0,-0.0,569.3328620660436,-0.044436093736414634,0.0820182846211549,-0.2401949895217766
4.77,1.612903225806452,8.709677419354838,0.0,-0.0,569.3407989311319,-0.044464679842800114,0.08204516677871276,-0.23993091049468115
4.78,1.612903225806452,8.709677419354838,0.0,-0.0,3.862057268130107,-0.044493026789831136,0.08207026462358946,-0.23967389524408736
4.79,1.612903225806452,8.709677419354838,0.0,-0.0,569.3566700476933,-0.044521114618566865,0.08209367228269171,-0.23942379093144325
4.8,1.612903225806452,8.709677419354838,0.0,-0.0,569.3646043623227,-0.04454892506868838,0.08211547936416297,-0.2391804460063466
4.81,1.612903225806452,8.709677419354838,0.0,-0.0,569.3725378880374,-0.044576441487634205,0.0821357711682904,-0.23894371033856246
4.82,1.612903225806452,8.709677419354838,0.0,-0.0,569.380470653604,-0.044603648743387986,0.08215462888821468,-0.23871343533803735
4.83,1.612903225806452,8.709677419354838,0.0,-0.0,569.3884026867397,-0.04463053314094345,0.08217212980092359,-0.23848947406284224
4.84,1.612903225806452,8.709677419354838,0.0,-0.0,569.3963340141519,-0.04465708234237886,0.08218834744905368,-0.23827168131571855
4.85,1.612903225806452,8.709677419354838,0.0,-0.0,569.4042646615753,-0.044683285290391034,0.08220335181405125,-0.23805991373053267
4.86,1.612903225806452,8.709677419354838,0.0,-0.0,569.4121946538088,-0.04470913213518174,0.08221720948117073,-0.23785402984944815
4.87,1.612903225806452,8.709677419354838,0.0,-0.0,569.4201240147495,-0.044734614164709086,0.08222998379662683,-0.23765389019034008
4.88,1.612903225806452,8.709677419354838,0.0,-0.0,569.4280527674263,-0.04475972373808357,0.0822417350174196,-0.2374593573061997
4.89,1.612903225806452,8.709677419354838,0.0,-0.0,569.4359809340317,-0.04478445422202312,0.08225252045419096,-0.23727029583688822
4.9,1.612903225806452,8.709677419354838,0.0,-0.0,569.443908535953,-0.04480879993028336,0.08226239460744333,-0.23708657255355645
4.91,1.612903225806452,8.709677419354838,0.0,-0.0,569.4518355938013,-0.04483275606601261,0.0822714092973974,-0.2369080563956764
4.92,1.612903225806452,8.709677419354838,0.0,-0.0,569.4597621274402,-0.044856318666749995,0.08227961378797732,-0.23673461850287497
4.93,1.612903225806452,8.709677419354838,0.0,-0.0,569.467688156013,-0.04487948455215801,0.0822870549050213,-0.23656613224009085
4.94,1.612903225806452,8.709677419354838,0.0,-0.0,569.4756136979692,-0.04490225127427014,0.08229377714911101,-0.23640247321762098
4.95,1.612903225806452,8.709677419354838,0.0,-0.0,569.4835387710896,-0.04492461707017387,0.08229982280326165,-0.23624351930622595
4.96,1.612903225806452,8.709677419354838,0.0,-0.0,569.4914633925106,-0.044946580817076864,0.08230523203567108,-0.2360891506472209
4.97,1.612903225806452,8.709677419354838,0.0,-0.0,569.4993875787479,-0.04496814198951904,0.08231004299790379,-0.2359392496592702
4.98,1.612903225806452,8.709677419354838,0.0,-0.0,569.5073113457187,-0.044989300618915345,0.0823142919184513,-0.2357937010394852
4.99,1.612903225806452,8.709677419354838,0.0,-0.0,569.5152347087636,-0.04501005725492119,0.08231801319229481,-0.2356523917632348
5.0,1.612903225806452,8.709677419354838,0.0,-0.0,4.036480036504704,-0.04503041292903939,0.08232123946616099,-0.23551521107795415
5.01,1.612903225806452,8.709677419354838,0.0,-0.0,569.5310802816795,-0.04505036911987656,0.08232400172016607,-0.23538205049623645
5.02,1.612903225806452,8.709677419354838,0.0,-0.0,569.5390025195326,-0.04506992772033505,0.08232632934565509,-0.23525280378480423
5.03,1.612903225806452,8.709677419354838,0.0,-0.0,569.5469244094623,-0.04508909100650868,0.08232825021955925,-0.2351273669511154
5.04,1.612903225806452,8.709677419354838,0.0,-0.0,569.5548459642245,-0.04510786160825461,0.08232979077538094,-0.23500563822733994
5.05,1.612903225806452,8.709677419354838,0.0,-0.0,569.5627671961125,-0.04512624248121469,0.0823309760711124,-0.23488751805341293
5.06,1.612903225806452,8.709677419354838,0.0,-0.0,569.5706881169745,-0.04514423688052799,0.08233182985391785,-0.23477290905628964
5.07,1.612903225806452,8.709677419354838,0.0,-0.0,569.5786087382287,-0.045161848335806526,0.08233237462207788,-0.23466171602911226
5.08,1.612903225806452,8.709677419354838,0.0,-0.0,569.5865290708798,-0.04517908062758744,0.0823326316840467,-0.2345538459077267
5.09,1.612903225806452,8.709677419354838,0.0,-0.0,569.5944491255331,-0.0451959377650798,0.08233262121486407,-0.23444920774585587
5.1,1.612903225806452,8.709677419354838,0.0,-0.0,569.6023689124091,-0.04521242396507924,0.08233236231010999,-0.23434771268975743
5.11,1.612903225806452,8.709677419354838,0.0,-0.0,569.610288441358,-0.045228543632150675,0.08233187303735146,-0.23424927395091455
5.12,1.612903225806452,8.709677419354838,0.0,-0.0,569.6182077218718,-0.04524430133994356,0.0823311704852735,-0.2341538067776898
5.13,1.612903225806452,8.709677419354838,0.0,-0.0,569.6261267630987,-0.04525970181348343,0.08233027081069566,-0.23406122842708685
5.14,1.612903225806452,8.709677419354838,0.0,-0.0,569.634045573854,-0.0452747499126496,0.08232918928331268,-0.23397145813411763
5.15,1.612903225806452,8.709677419354838,0.0,-0.0,569.6419641626333,-0.045289450616448984,0.08232794032859303,-0.23388441708229454
5.16,1.612903225806452,8.709677419354838,0.0,-0.0,569.6498825376232,-0.04530380900837952,0.08232653756858355,-0.2338000283719359
5.17,1.612903225806452,8.709677419354838,0.0,-0.0,569.657800706713,-0.045317830262554426,0.0823249938609878,-0.23371821698921483
5.18,1.612903225806452,8.709677419354838,0.0,-0.0,569.6657186775051,-0.0453315196307815,0.08232332133636489,-0.233638909773657
5.19,1.612903225806452,8.709677419354838,0.0,-0.0,4.186958811162518,-0.04534488243029519,0.08232153143378318,-0.23356203538677542
5.2,1.612903225806452,8.709677419354838,0.0,-0.0,569.681554053233,-0.04535792403242128,0.08231963493468741,-0.23348752427873726
5.21,1.612903225806452,8.709677419354838,0.0,0.0,569.6894714720303,-0.04537064985182726,0.08231764199535585,-0.2334153086561941
5.22,1.612903225806452,8.709677419354838,0.0,0.0,4.2107110741093186,-0.045383065336471184,0.0823155621778695,-0.23334532244987197
5.23,1.612903225806452,8.709677419354838,0.0,0.0,569.7053058042742,-0.04539517595834022,0.08231340447952884,-0.2332775012807191
5.24,1.612903225806452,8.709677419354838,0.0,0.0,569.7132227301224,-0.045406987204579474,0.08231117736114923,-0.23321178242830623
5.25,1.612903225806452,8.709677419354838,0.0,0.0,569.7211395036805,-0.045418504569449014,0.08230888877382314,-0.2331481047968732
5.26,1.612903225806452,8.709677419354838,0.0,0.0,4.242378484435895,-0.045429733546609674,0.08230654618467548,-0.23308640888372295
5.27,1.612903225806452,8.709677419354838,0.0,0.0,4.250294970157703,-0.045440679622155006,0.08230415660122037,-0.23302663674557436
5.28,1.612903225806452,8.709677419354838,0.0,0.0,569.7448889660911,-0.04545134826792721,0.08230172659480517,-0.23296873196723186
5.29,1.612903225806452,8.709677419354838,0.0,0.0,569.7528051849642,-0.04546174493549085,0.08229926232279161,-0.2329126396286297
5.3,1.612903225806452,8.709677419354838,0.0,0.0,569.7607212778086,-0.04547187505047731,0.08229676954978404,-0.23285830627289789
5.31,1.612903225806452,8.709677419354838,0.0,0.0,569.768637249315,-0.045481744007297764,0.08229425366792786,-0.23280567987525097
5.32,1.612903225806452,8.709677419354838,0.0,0.0,569.7765531040029,-0.04549135716438535,0.08229171971613769,-0.23275470981090893
5.33,1.612903225806452,8.709677419354838,0.0,0.0,569.7844688462262,-0.045500719839705245,0.08228917239853817,-0.23270534682446226
5.34,1.612903225806452,8.709677419354838,0.0,0.0,4.305706834016511,-0.045509837306716955,0.08228661610194998,-0.23265754299865565
5.35,1.612903225806452,8.709677419354838,0.0,0.0,569.8003000099031,-0.045518714790552056,0.08228405491267798,-0.23261125172477382
5.36,1.612903225806452,8.709677419354838,0.0,0.0,569.8082154392904,-0.045527357464697715,0.08228149263232798,-0.23256642767157165
5.37,1.612903225806452,8.709677419354838,0.0,0.0,569.8161307720911,-0.04553577044777904,0.08227893279307552,-0.23252302675663697
5.38,1.612903225806452,8.709677419354838,0.0,0.0,569.8240460119177,-0.04554395880080084,0.08227637867204429,-0.232481006116445
5.39,1.612903225806452,8.709677419354838,0.0,0.0,569.8319611622501,-0.04555192752454551,0.08227383330511029,-0.2324403240779577
5.4,1.612903225806452,8.709677419354838,0.0,0.0,569.83987622644,-0.0455596815573078,0.0822712994999697,-0.23240094012985024
5.41,1.612903225806452,8.709677419354838,0.0,0.0,569.8477912077163,-0.045567225772756265,0.08226877984869141,-0.23236281489530453
5.42,1.612903225806452,8.709677419354838,0.0,0.0,569.8557061091891,-0.045574564978204335,0.08226627673948828,-0.2323259101034209
5.43,1.612903225806452,8.709677419354838,0.0,0.0,569.8636209338539,-0.045581703912878524,0.08226379236813186,-0.23229018856323722
5.44,1.612903225806452,8.709677419354838,0.0,0.0,569.871535684596,-0.04558864724657033,0.08226132874863645,-0.2322556141363791
5.45,1.612903225806452,8.709677419354838,0.0,0.0,569.8794503641944,-0.04559539957835229,0.08225888772354562,-0.23222215171141672
5.46,1.612903225806452,8.709677419354838,0.0,0.0,569.8873649753258,-0.04560196543556161,0.08225647097362976,-0.23218976717777234
5.47,1.612903225806452,8.709677419354838,0.0,0.0,569.8952795205678,-0.0456083492728836,0.08225408002717294,-0.23215842740077056
5.48,1.612903225806452,8.709677419354838,0.0,0.0,569.9031940024032,-0.04561455547159041,0.08225171626880567,-0.23212810019715346
5.49,1.612903225806452,8.709677419354838,0.0,0.0,569.911108423223,-0.04562058833901772,0.08224938094781142,-0.23209875431015106
5.5,1.612903225806452,8.709677419354838,0.0,0.0,569.9190227853298,-0.0456264521080538,0.08224707518614371,-0.23207035938626724
5.51,1.612903225806452,8.709677419354838,0.0,0.0,569.9269370909411,-0.045632150936835675,0.08224479998596634,-0.23204288595173322
5.52,1.612903225806452,8.709677419354838,0.0,0.0,569.9348513421924,-0.04563768890853134,0.08224255623685117,-0.23201630538976756
5.53,1.612903225806452,8.709677419354838,0.0,0.0,569.9427655411398,-0.04564307003127954,0.08224034472256836,-0.23199058991784116
5.54,1.612903225806452,8.709677419354838,0.0,0.0,569.9506796897635,-0.04564829823815403,0.08223816612761203,-0.2319657125661981
5.55,1.612903225806452,8.709677419354838,0.0,0.0,4.471916143807667,-0.04565337738726999,0.08223602104335248,-0.2319416471563786
5.56,1.612903225806452,8.709677419354838,0.0,0.0,4.479830197433548,-0.045658311262049334,0.08223390997380631,-0.2319183682795121
5.57,1.612903225806452,8.709677419354838,0.0,0.0,569.9744218524091,-0.04566310357138728,0.08223183334129014,-0.2318958512768835
5.58,1.612903225806452,8.709677419354838,0.0,0.0,569.9823358181109,-0.045667757950124926,0.08222979149156062,-0.23187407221865938
5.59,1.612903225806452,8.709677419354838,0.0,0.0,569.9902497423404,-0.04567227795937567,0.0822277846988998,-0.23185300788523275
5.6,1.612903225806452,8.709677419354838,0.0,0.0,569.9981636266756,-0.045676667087102024,0.0822258131707595,-0.23183263574717153
5.61,1.612903225806452,8.709677419354838,0.0,0.0,570.0060774726354,-0.045680928748603994,0.08222387705230494,-0.23181293394708266
5.62,1.612903225806452,8.709677419354838,0.0,0.0,570.0139912816825,-0.04568506628715521,0.08222197643063334,-0.23179388128099213
5.63,1.612903225806452,8.709677419354838,0.0,0.0,4.535227409061795,-0.04568908297470184,0.0822201113387564,-0.23177545718003098
5.64,1.612903225806452,8.709677419354838,0.0,0.0,570.0298187946172,-0.04569298201248306,0.0822182817594932,-0.23175764169379323
5.65,1.612903225806452,8.709677419354838,0.0,0.0,570.0377325011651,-0.045696766531866384,0.08221648762898914,-0.23174041547238336
5.66,1.612903225806452,8.709677419354838,0.0,0.0,570.0456461761244,-0.04570043959509451,0.08221472884016656,-0.2317237597501375
5.67,1.612903225806452,8.709677419354838,0.0,0.0,570.053559820704,-0.04570400419611512,0.08221300524594377,-0.2317076563292723
5.68,1.612903225806452,8.709677419354838,0.0,0.0,570.0614734360678,-0.04570746326144065,0.0822113166622791,-0.23169208756393125
5.69,1.612903225806452,8.709677419354838,0.0,0.0,570.0693870233358,-0.0457108196510497,0.08220966287103526,-0.23167703634450118
5.7,1.612903225806452,8.709677419354838,0.0,0.0,570.0773005835864,-0.0457140761592327,0.08220804362276368,-0.2316624860831022
5.71,1.612903225806452,8.709677419354838,0.0,0.0,570.0852141178573,-0.04571723551560819,0.08220645863918974,-0.2316484206979725
5.72,1.612903225806452,8.709677419354838,0.0,0.0,4.606449980984385,-0.04572030038602279,0.08220490761568922,-0.23163482459958218
5.73,1.612903225806452,8.709677419354838,0.0,0.0,570.1010411124173,-0.045723273373524415,0.08220339022357137,-0.23162168267654185
5.74,1.612903225806452,8.709677419354838,0.0,0.0,570.1089545745929,-0.04572615701933991,0.08220190611224076,-0.23160898028196372
5.75,1.612903225806452,8.709677419354838,0.0,0.0,570.116868014564,-0.04572895380390854,0.08220045491119188,-0.23159670321973339
5.76,1.612903225806452,8.709677419354838,0.0,0.0,570.1247814331876,-0.04573166614781429,0.08219903623199631,-0.2315848377322417
5.77,1.612903225806452,8.709677419354838,0.0,0.0,570.1326948312881,-0.04573429641288396,0.08219764967002063,-0.23157337048686416
5.78,1.612903225806452,8.709677419354838,0.0,0.0,4.65393056349591,-0.0457368469031218,0.0821962948062066,-0.23156228856446925
5.79,1.612903225806452,8.709677419354838,0.0,0.0,570.1485215690628,-0.04573931986580693,0.08219497120859154,-0.2315515794466606
5.8,1.612903225806452,8.709677419354838,0.0,0.0,570.1564349102351,-0.045741717492448125,0.08219367843387893,-0.23154123100479418
5.81,1.612903225806452,8.709677419354838,0.0,0.0,570.1643482338823,-0.045744041919885015,0.08219241602877081,-0.23153123148784457
5.82,1.612903225806452,8.709677419354838,0.0,0.0,570.1722615406843,-0.045746295231243045,0.08219118353136057,-0.23152156951203376
5.83,1.612903225806452,8.709677419354838,0.0,0.0,570.1801748312955,-0.04574847945701255,0.08218998047231729,-0.2315122340495081
5.84,1.612903225806452,8.709677419354838,0.0,0.0,570.1880881063453,-0.04575059657605565,0.08218880637606163,-0.23150321441798438
5.85,1.612903225806452,8.709677419354838,0.0,0.0,570.1960013664392,-0.04575264851659905,0.08218766076187689,-0.2314945002707895
5.86,1.612903225806452,8.709677419354838,0.0,0.0,4.717236965997009,-0.04575463715729003,0.08218654314488294,-0.23148608158649298
5.87,1.612903225806452,8.709677419354838,0.0,0.0,570.2118278440674,-0.045756564328178345,0.08218545303701008,-0.23147794865949048
5.88,1.612903225806452,8.709677419354838,0.0,0.0,570.2197410627012,-0.04575843181171413,0.08218438994788813,-0.23147009209061997
5.89,1.612903225806452,8.709677419354838,0.0,0.0,570.2276542685797,-0.04576024134376125,0.08218335338565197,-0.23146250277781008
5.9,1.612903225806452,8.709677419354838,0.0,0.0,570.2355674622017,-0.04576199461455674,0.08218234285773518,-0.23145517190743112
5.91,1.612903225806452,8.709677419354838,0.0,0.0,570.243480644047,-0.04576369326971824,0.08218135787155423,-0.23144809094532295
5.92,1.612903225806452,8.709677419354838,0.0,0.0,570.2513938145771,-0.04576533891118473,0.08218039793519727,-0.23144125162863025
5.93,1.612903225806452,8.709677419354838,0.0,0.0,570.2593069742358,-0.04576693309818139,0.08217946255803121,-0.23143464595752924
5.94,1.612903225806452,8.709677419354838,0.0,0.0,570.2672201234498,-0.04576847734817327,0.08217855125126339,-0.23142826618718249
5.95,1.612903225806452,8.709677419354838,0.0,0.0,570.2751332626297,-0.04576997313777417,0.0821776635284932,-0.23142210482025657
5.96,1.612903225806452,8.709677419354838,0.0,0.0,570.2830463921703,-0.04577142190368941,0.0821767989061778,-0.23141615459920123
5.97,1.612903225806452,8.709677419354838,0.0,0.0,570.2909595124511,-0.045772825043645465,0.0821759569040601,-0.2314104084987403
5.98,1.612903225806452,8.709677419354838,0.0,0.0,570.2988726238373,-0.04577418391721769,0.08217513704565005,-0.23140485971947786
5.99,1.612903225806452,8.709677419354838,0.0,0.0,570.3067857266799,-0.04577549984679208,0.08217433885852443,-0.2313995016802278
6.0,1.612903225806452,8.709677419354838,0.0,0.0,570.3146988213165,-0.045776774118400754,0.08217356187470759,-0.23139432801167542
6.01,1.612903225806452,8.064516129032258,0.0,0.0,570.3225392333554,-0.04649428353597959,0.03063481141874569,-0.23192972694401037
6.02,1.612903225806452,8.064516129032258,0.0,0.0,570.3303159702733,-0.047068349824743616,0.03391945746737979,-0.23225293346371467
6.03,1.612903225806452,8.064516129032258,0.0,0.0,570.3380381038427,-0.04750418849711824,0.036792581713205874,-0.23238705249538247
6.04,1.612903225806452,8.064516129032258,0.0,0.0,570.3457123101487,-0.04784140720747468,0.03935975516406798,-0.2323808908372771
6.05,1.612903225806452,8.064516129032258,0.0,0.0,570.3533441261916,-0.048096949126794575,0.04167306318930519,-0.23223972842524573
6.06,1.612903225806452,8.064516129032258,0.0,0.0,570.3609383012732,-0.048282994524166234,0.04376806004721012,-0.2319921530918607
6.07,1.612903225806452,8.064516129032258,0.0,0.0,570.3684989424752,-0.0484100406550122,0.04567316702547186,-0.2316621803047909
6.08,1.612903225806452,8.064516129032258,0.0,0.0,570.3760296386625,-0.04848653056264038,0.047411344996256655,-0.23127250954104925
6.09,1.612903225806452,8.064516129032258,0.0,0.0,570.3835334056291,-0.04852523045872639,0.04900455588132446,-0.23080772249759768
6.1,1.612903225806452,8.064516129032258,0.0,0.0,570.391012870871,-0.0485335225829229,0.050468948273756475,-0.2302753475150054
6.11,1.612903225806452,8.064516129032258,0.0,0.0,570.3984703609578,-0.04851642024764191,0.0518177450040912,-0.22968996149885842
6.12,1.612903225806452,8.064516129032258,0.0,0.0,570.4059079347387,-0.048478514431467,0.053062578967659424,-0.22906224132597758
6.13,1.612903225806452,8.064516129032258,0.0,0.0,570.4133274155596,-0.048423876015521894,0.054213650756845366,-0.22840046844955758
6.14,1.612903225806452,8.064516129032258,0.0,0.0,570.4207304204702,-0.04835605399777093,0.05527991293105028,-0.2277113338572101
6.15,1.612903225806452,8.064516129032258,0.0,0.0,4.941440739893316,-0.048278108009443904,0.056269242005354214,-0.22700041280949956
6.16,1.612903225806452,8.064516129032258,0.0,0.0,570.435492590999,-0.048192655161607034,0.057188589809226587,-0.22627244878250888
6.17,1.612903225806452,8.064516129032258,0.0,0.0,570.4428541756733,-0.048101920253573544,0.058044113003347664,-0.22553153110768898
6.18,1.612903225806452,8.064516129032258,0.0,0.0,570.4502041591369,-0.04800778401900488,0.05884128260838495,-0.22478121369184847
6.19,1.612903225806452,8.064516129032258,0.0,0.0,570.457543453871,-0.04791182726794005,0.05958497635998894,-0.22402459995980123
6.2,1.612903225806452,8.064516129032258,0.0,0.0,570.4648728785821,-0.04781537033063704,0.060279556694427305,-0.2232644073011992
6.21,1.612903225806452,8.064516129032258,0.0,0.0,570.472193169338,-0.047719507890870955,0.060928936823906654,-0.22250301823389773
6.22,1.612903225806452,8.064516129032258,0.0,0.0,570.479504989272,-0.04762513956584541,0.06153663695111111,-0.22174252237318634
6.23,1.612903225806452,8.064516129032258,0.0,0.0,5.000131290890514,-0.047532996671457634,0.06210583229827027,-0.22098475165954956
6.24,1.612903225806452,8.064516129032258,0.0,0.0,570.4941055542907,-0.04744366561263577,0.06263939431186782,-0.22023131040313756
6.25,1.612903225806452,8.064516129032258,0.0,0.0,570.5013953320145,-0.047357608306579785,0.06313992615015829,-0.21948360119990656
6.26,1.612903225806452,8.064516129032258,0.0,0.0,570.5086787163569,-0.04727518000524095,0.06360979335690553,-0.21874284746672495
6.27,1.612903225806452,8.064516129032258,0.0,0.0,570.5159561135387,-0.047196644840081736,0.06405115046310672,-0.218010113157236
6.28,1.612903225806452,8.064516129032258,0.0,0.0,570.5232278942485,-0.04712218937250853,0.06446596412864214,-0.21728632009121254
6.29,1.612903225806452,8.064516129032258,0.0,0.0,5.043816751332989,-0.04705193439769734,0.06485603333172085,-0.21657226324198262
6.3,1.612903225806452,8.064516129032258,0.0,0.0,570.5377559340019,-0.0469859452178871,0.0652230070302463,-0.21586862426612832
6.31,1.612903225806452,8.064516129032258,0.0,0.0,570.5450127891883,-0.046924240574473086,0.06556839965037431,-0.21517598350562472
6.32,1.612903225806452,8.064516129032258,0.0,0.0,570.5522652258122,-0.046866800403883135,0.06589360470232919,-0.2144948306629356
6.33,1.612903225806452,8.064516129032258,0.0,0.0,570.5595134862937,-0.046813572562425826,0.06619990677682142,-0.21382557431170907
6.34,1.612903225806452,8.064516129032258,0.0,0.0,570.5667577947711,-0.046764478646943136,0.06648849213787267,-0.21316855038763194
6.35,1.612903225806452,8.064516129032258,0.0,0.0,570.5739983589195,-0.04671941902295554,0.06676045809581244,-0.21252402978017726
6.36,1.612903225806452,8.064516129032258,0.0,0.0,570.5812353715604,-0.04667827715820369,0.06701682131797426,-0.2118922251324226
6.37,1.612903225806452,8.064516129032258,0.0,0.0,570.5884690120878,-0.04664092334797415,0.06725852521205633,-0.21127329693892372
6.38,1.612903225806452,8.064516129032258,0.0,0.0,570.5956994477332,-0.04660721790807415,0.06748644649849345,-0.21066735902176228
6.39,1.612903225806452,8.064516129032258,0.0,0.0,570.6029268346894,-0.04657701390217489,0.0677014010723298,-0.21007448345569837
6.4,1.612903225806452,8.064516129032258,0.0,0.0,570.6101513191087,-0.046550159462602575,0.06790414924120014,-0.20949470500067807
6.41,1.612903225806452,8.064516129032258,0.0,0.0,570.6173730379923,-0.046526499756193024,0.06809540041490936,-0.20892802509760888
6.42,1.612903225806452,8.064516129032258,0.0,0.0,570.6245921199818,-0.046505878641001835,0.0682758173118383,-0.20837441547250368
6.43,1.612903225806452,8.064516129032258,0.0,0.0,570.6318086860664,-0.04648814005398272,0.06844601973913478,-0.20783382139098544
6.44,1.612903225806452,8.064516129032258,0.0,0.0,5.1523452040513495,-0.046473129164921134,0.06860658799633923,-0.20730616460020587
6.45,1.612903225806452,8.064516129032258,0.0,0.0,570.6462347199376,-0.04646069332777722,0.06875806594566969,-0.20679134598945612
6.46,1.612903225806452,8.064516129032258,0.0,0.0,570.6534443968002,-0.046450682856780334,0.06890096378679156,-0.20628924799747192
6.47,1.612903225806452,8.064516129032258,0.0,0.0,570.6606519768711,-0.0464429516510147,0.06903576056945548,-0.20579973679438457
6.48,1.612903225806452,8.064516129032258,0.0,0.0,570.6678575511344,-0.04643735768885829,0.06916290647273626,-0.20532266425672444
6.49,1.612903225806452,8.064516129032258,0.0,0.0,5.18838355969489,-0.046433763410291345,0.06928282487680282,-0.20485786976018505
6.5,1.612903225806452,8.064516129032258,0.0,0.0,570.6822630229248,-0.04643203600360299,0.06939591424924885,-0.20440518180304112
6.51,1.612903225806452,8.064516129032258,0.0,0.0,570.6894630801366,-0.04643204761020134,0.06950254986612436,-0.20396441948066962
6.52,1.612903225806452,8.064516129032258,0.0,0.0,570.6966614514844,-0.04643367546009369,0.0696030853848103,-0.20353539382215438
6.53,1.612903225806452,8.064516129032258,0.0,0.0,570.7038582073966,-0.046436801948633616,0.06969785428422492,-0.20311790900316518
6.54,1.612903225806452,8.064516129032258,0.0,0.0,5.22437576880258,-0.046441314663841826,0.06978717118595956,-0.20271176344681663
6.55,1.612903225806452,8.064516129032258,0.0,0.0,570.7182471381515,-0.04644710637253882,0.06987133306822357,-0.2023167508211771
6.56,1.612903225806452,8.064516129032258,0.0,0.0,570.7254394379726,-0.046454074972136716,0.0699506203834166,-0.201932660944892
6.57,1.612903225806452,8.064516129032258,0.0,0.0,570.7326303726758,-0.04646212341429895,0.070025298088642,-0.20155928060780529
6.58,1.612903225806452,8.064516129032258,0.0,0.0,570.7398199978954,-0.04647115960577261,0.07009561659748631,-0.20119639431351746
6.59,1.612903225806452,8.064516129032258,0.0,0.0,5.260330720636367,-0.04648109629073366,0.07016181266070598,-0.20084378495303173
6.6,1.612903225806452,8.064516129032258,0.0,0.0,570.7541955302219,-0.0464918509187707,0.0702241101822153,-0.20050123441284837
6.61,1.612903225806452,8.064516129032258,0.0,0.0,570.7613815367902,-0.04650334550167837,0.07028272097645438,-0.20016852412515845
6.62,1.612903225806452,8.064516129032258,0.0,0.0,570.7685664330374,-0.04651550646199726,0.07033784547232402,-0.19984543556418796
6.63,1.612903225806452,8.064516129032258,0.0,0.0,570.7757502635105,-0.04652826447574043,0.0703896733683892,-0.19953175069316437
6.64,1.612903225806452,8.064516129032258,0.0,0.0,570.7829330708696,-0.046541554311259004,0.07043838424367699,-0.19922725236743552
6.65,1.612903225806452,8.064516129032258,0.0,0.0,570.7901148959805,-0.04655531466620069,0.07048414812763026,-0.19893172469490084
6.66,1.612903225806452,8.064516129032258,0.0,0.0,570.7972957780016,-0.04656948800377528,0.0705271260328576,-0.19864495336025287
6.67,1.612903225806452,8.064516129032258,0.0,0.0,570.8044757544649,-0.04658402038969725,0.07056747045357248,-0.1983667259143263
6.68,1.612903225806452,8.064516129032258,0.0,0.0,570.8116548613519,-0.0465988613308084,0.07060532583247292,-0.19809683203150513
6.69,1.612903225806452,8.064516129032258,0.0,0.0,570.8188331331655,-0.04661396361614689,0.07064082899859736,-0.19783506373856002
6.7,1.612903225806452,8.064516129032258,0.0,0.0,570.8260106029968,-0.04662928316114853,0.07067410957837184,-0.19758121561715686
6.71,1.612903225806452,8.064516129032258,0.0,0.0,570.8331873025888,-0.046644778855559316,0.07070529038183226,-0.19733508498172075
6.72,1.612903225806452,8.064516129032258,0.0,0.0,570.8403632623963,-0.04666041241545488,0.07073448776587499,-0.1970964720349515
6.73,1.612903225806452,8.064516129032258,0.0,0.0,570.8475385116421,-0.04667614823964328,0.07076181197624376,-0.1968651800034551
6.74,1.612903225806452,8.064516129032258,0.0,0.0,570.8547130783711,-0.046691953270774966,0.07078736746968106,-0.19664101525409078
6.75,1.612903225806452,8.064516129032258,0.0,0.0,570.8618869895005,-0.04670779686124202,0.07081125321770088,-0.19642378739366043
6.76,1.612903225806452,8.064516129032258,0.0,0.0,570.8690602708681,-0.046723650644041465,0.07083356299317367,-0.19621330935249676
6.77,1.612903225806452,8.064516129032258,0.0,0.0,570.8762329472785,-0.046739488408555185,0.07085438564097024,-0.19600939745455037
6.78,1.612903225806452,8.064516129032258,0.0,0.0,570.8834050425459,-0.0467552859814476,0.0708738053335296,-0.19581187147283702
6.79,1.612903225806452,8.064516129032258,0.0,0.0,5.403898933373049,-0.046771021112389594,0.07089190181258087,-0.1956205546746824
6.8,1.612903225806452,8.064516129032258,0.0,0.0,570.8977475802047,-0.046786673364800635,0.07090875061766166,-0.1954352738547539
6.81,1.612903225806452,8.064516129032258,0.0,0.0,570.9049180656372,-0.04680222401139364,0.07092442330238669,-0.19525585935855339
6.82,1.612903225806452,8.064516129032258,0.0,0.0,570.9120880560818,-0.04681765593445922,0.07093898763918582,-0.19508214509681782
6.83,1.612903225806452,8.064516129032258,0.0,0.0,570.9192575709856,-0.0468329535307688,0.07095250781321505,-0.19491396855176601
6.84,1.612903225806452,8.064516129032258,0.0,0.0,5.439748982863867,-0.046848102621005916,0.07096504460605069,-0.1947511707755003
6.85,1.612903225806452,8.064516129032258,0.0,0.0,570.9335952481451,-0.04686309036356412,0.07097665556978972,-0.19459359638161078
6.86,1.612903225806452,8.064516129032258,0.0,0.0,570.9407634455733,-0.04687790517252624,0.07098739519215636,-0.19444109353119757
6.87,1.612903225806452,8.064516129032258,0.0,0.0,570.9479312378642,-0.04689253663979531,0.07099731505301432,-0.19429351391244074
6.88,1.612903225806452,8.064516129032258,0.0,0.0,570.9550986409183,-0.046906975461130984,0.0710064639728607,-0.19415071271551382
6.89,1.612903225806452,8.064516129032258,0.0,0.0,570.9622656700107,-0.04692121336594024,0.07101488815375234,-0.1940125486033615
6.9,1.612903225806452,8.064516129032258,0.0,0.0,5.482754693652388,-0.046935243050755665,0.07102263131299957,-0.19387888367778588
6.91,1.612903225806452,8.064516129032258,0.0,0.0,5.489921018266037,-0.04694905811619646,0.07102973481007202,-0.19374958344196208
6.92,1.612903225806452,8.064516129032258,0.0,0.0,570.9837646573949,-0.0469626530072037,0.07103623776714685,-0.19362451676058173
6.93,1.612903225806452,8.064516129032258,0.0,0.0,570.9909303317245,-0.04697602295660286,0.0710421771834413,-0.19350355581549455
6.94,1.612903225806452,8.064516129032258,0.0,0.0,570.9980956999183,-0.04698916393155514,0.0710475880439515,-0.19338657606094506
6.95,1.612903225806452,8.064516129032258,0.0,0.0,571.0052607739862,-0.04700207258311012,0.07105250342254643,-0.1932734561742831
6.96,1.612903225806452,8.064516129032258,0.0,0.0,571.012425565467,-0.047014746198376145,0.07105695458005312,-0.19316407800687674
6.97,1.612903225806452,8.064516129032258,0.0,0.0,5.532912439284465,-0.047027182655445504,0.071060971057331,-0.19305832653208682
6.98,1.612903225806452,8.064516129032258,0.0,0.0,571.0267543445788,-0.04703938038084368,0.07106458076369437,-0.19295608979191056
6.99,1.612903225806452,8.064516129032258,0.0,0.0,571.033918353096,-0.04705133830931499,0.07106781006098573,-0.19285725884332125
7.0,1.612903225806452,8.064516129032258,0.0,0.0,571.0410821208325,-0.047063055846009755,0.0710706838433407,-0.19276172770224037
7.01,1.612903225806452,8.064516129032258,0.0,0.0,571.0482456572363,-0.047074532830724825,0.07107322561309626,-0.19266939328828805
7.02,1.612903225806452,8.064516129032258,0.0,0.0,571.0554089713858,-0.04708576950431448,0.0710754575528112,-0.19258015536764703
7.03,1.612903225806452,8.064516129032258,0.0,0.0,571.0625720720037,-0.04709676647700581,0.071077400593755,-0.19249391649625094
7.04,1.612903225806452,8.064516129032258,0.0,0.0,571.0697349674713,-0.04710752469863577,0.07107907448092587,-0.19241058196196412
7.05,1.612903225806452,8.064516129032258,0.0,0.0,571.0768976658418,-0.047118045430553285,0.07108049783492898,-0.19233005972793676
7.06,1.612903225806452,8.064516129032258,0.0,0.0,5.597382528690324,-0.04712833021936261,0.0710816882106079,-0.19225226037385076
7.07,1.612903225806452,8.064516129032258,0.0,0.0,571.0912225019404,-0.047138380872092045,0.07108266215291215,-0.19217709703937128
7.08,1.612903225806452,8.064516129032258,0.0,0.0,571.0983846542479,-0.04714819943297058,0.07108343524987826,-0.19210448536649996
7.09,1.612903225806452,8.064516129032258,0.0,0.0,571.1055466386401,-0.047157788161645064,0.07108402218295018,-0.1920343434420606
7.1,1.612903225806452,8.064516129032258,0.0,0.0,571.1127084617132,-0.047167149512663153,0.07108443677486775,-0.19196659174165065
7.11,1.612903225806452,8.064516129032258,0.0,0.0,571.119870129805,-0.04717628611631175,0.07108469203508627,-0.19190115307309022
7.12,1.612903225806452,8.064516129032258,0.0,0.0,571.1270316490055,-0.04718520076067767,0.07108480020290808,-0.19183795252023253
7.13,1.612903225806452,8.064516129032258,0.0,0.0,5.647515379003713,-0.04719389637476923,0.07108477278853398,-0.1917769173884512
7.14,1.612903225806452,8.064516129032258,0.0,0.0,5.654676617747774,-0.04720237601284891,0.0710846206119281,-0.1917179771491288
7.15,1.612903225806452,8.064516129032258,0.0,0.0,5.66183772447777,-0.04721064283965046,0.071084353839865,-0.1916610633866088
7.16,1.612903225806452,8.064516129032258,0.0,0.0,571.1556763505478,-0.04721870011671056,0.07108398202096733,-0.19160610974401687
7.17,1.612903225806452,8.064516129032258,0.0,0.0,571.1628372086205,-0.047226551189484156,0.07108351411910374,-0.19155305187151453
7.18,1.612903225806452,8.064516129032258,0.0,0.0,571.1699979496518,-0.04723419947545057,0.07108295854497493,-0.1915018273737245
7.19,1.612903225806452,8.064516129032258,0.0,0.0,571.1771585782471,-0.04724164845290538,0.07108232318622731,-0.19145237575965024
7.2,1.612903225806452,8.064516129032258,0.0,0.0,5.69764145266901,-0.04724890165064899,0.07108161543591596,-0.19140463839182326
7.21,1.612903225806452,8.064516129032258,0.0,0.0,571.1914795156579,-0.047255962638314886,0.07108084221960576,-0.1913585584374295
7.22,1.612903225806452,8.064516129032258,0.0,0.0,571.198639832811,-0.04726283501743905,0.07108001002103659,-0.1913140808196049
7.23,1.612903225806452,8.064516129032258,0.0,0.0,571.2058000542169,-0.0472695224131163,0.07107912490653812,-0.19127115217040844
7.24,1.612903225806452,8.064516129032258,0.0,0.0,571.2129601836476,-0.04727602846635462,0.07107819254810865,-0.19122972078353945
7.25,1.612903225806452,8.064516129032258,0.0,0.0,571.2201202247276,-0.04728235682691875,0.07107721824539215,-0.19118973656909066
7.26,1.612903225806452,8.064516129032258,0.0,0.0,571.2272801809391,-0.04728851114675928,0.07107620694648464,-0.1911511510086335
7.27,1.612903225806452,8.064516129032258,0.0,0.0,571.2344400556285,-0.047294495073943454,0.07107516326767371,-0.19111391711132703
7.28,1.612903225806452,8.064516129032258,0.0,0.0,571.2415998520106,-0.047300312247084864,0.07107409151214006,-0.19107798937071102
7.29,1.612903225806452,8.064516129032258,0.0,0.0,571.2487595731747,-0.047305966290162815,0.07107299568775094,-0.19104332372320545
7.3,1.612903225806452,8.064516129032258,0.0,0.0,571.2559192220886,-0.04731146080787346,0.07107187952382332,-0.19100987750615694
7.31,1.612903225806452,8.064516129032258,0.0,0.0,571.2630788016041,-0.04731679938123773,0.07107074648715306,-0.19097760941861522
7.32,1.612903225806452,8.064516129032258,0.0,0.0,571.2702383144615,-0.047321985563718916,0.07106959979707617,-0.1909464794813053
7.33,1.612903225806452,8.064516129032258,0.0,0.0,571.2773977632932,-0.04732702287762955,0.0710684424398006,-0.19091644899829913
7.34,1.612903225806452,8.064516129032258,0.0,0.0,571.2845571506285,-0.0473319148108427,0.07106727718201034,-0.19088748051991805
7.35,1.612903225806452,8.064516129032258,0.0,0.0,571.2917164788978,-0.047336664813875495,0.07106610658369295,-0.1908595378057276
7.36,1.612903225806452,8.064516129032258,0.0,0.0,571.2988757504359,-0.047341276297210244,0.07106493301033912,-0.1908325857890897
7.37,1.612903225806452,8.064516129032258,0.0,0.0,571.3060349674861,-0.047345752628914106,0.07106375864447034,-0.19080659054224336
7.38,1.612903225806452,8.064516129032258,0.0,0.0,571.3131941322036,-0.04735009713253219,0.07106258549653388,-0.1907815192420132
7.39,1.612903225806452,8.064516129032258,0.0,0.0,571.3203532466594,-0.047354313085138905,0.0710614154152952,-0.19075734013739037
7.4,1.612903225806452,8.064516129032258,0.0,0.0,571.3275123128426,-0.04735840371572733,0.07106025009756112,-0.1907340225164693
7.41,1.612903225806452,8.064516129032258,0.0,0.0,571.3346713326646,-0.04736237220371883,0.07105909109746444,-0.1907115366753439
7.42,1.612903225806452,8.064516129032258,0.0,0.0,571.3418303079617,-0.04736622167766705,0.07105793983525055,-0.19068985388781598
7.43,1.612903225806452,8.064516129032258,0.0,0.0,571.348989240498,-0.04736995521423126,0.07105679760549943,-0.19066894637476334
7.44,1.612903225806452,8.064516129032258,0.0,0.0,571.3561481319682,-0.04737357583721341,0.07105566558500476,-0.19064878727565654
7.45,1.612903225806452,8.064516129032258,0.0,0.0,571.3633069840006,-0.04737708651679545,0.07105454484017992,-0.19062935062027847
7.46,1.612903225806452,8.064516129032258,0.0,0.0,571.3704657981592,-0.04738049016895107,0.0710534363340325,-0.19061061130085932
7.47,1.612903225806452,8.064516129032258,0.0,0.0,571.3776245759468,-0.04738378965493015,0.07105234093281498,-0.1905925450457502
7.48,1.612903225806452,8.064516129032258,0.0,0.0,571.384783318807,-0.04738698778093181,0.07105125941224766,-0.1905751283930299
7.49,1.612903225806452,8.064516129032258,0.0,0.0,571.3919420281263,-0.04739008729786742,0.07105019246342181,-0.1905583386651672
7.5,1.612903225806452,8.064516129032258,0.0,0.0,571.3991007052372,-0.04739309090118829,0.07104914069841739,-0.19054215394495055
7.51,1.612903225806452,8.064516129032258,0.0,0.0,571.4062593514192,-0.04739600123091833,0.07104810465550271,-0.19052655305074034
7.52,1.612903225806452,8.064516129032258,0.0,0.0,571.4134179679016,-0.04739882087166508,0.07104708480415223,-0.1905115155138684
7.53,1.612903225806452,8.064516129032258,0.0,0.0,571.4205765558655,-0.04740155235277679,0.07104608154972258,-0.19049702155589973
7.54,1.612903225806452,8.064516129032258,0.0,0.0,571.4277351164452,-0.04740419814858704,0.07104509523785296,-0.19048305206642155
7.55,1.612903225806452,8.064516129032258,0.0,0.0,571.4348936507304,-0.04740676067868607,0.07104412615865674,-0.19046958858202867
7.56,1.612903225806452,8.064516129032258,0.0,0.0,571.4420521597676,-0.04740924230830296,0.07104317455063058,-0.19045661326535365
7.57,1.612903225806452,8.064516129032258,0.0,0.0,571.4492106445624,-0.04741164534869341,0.07104224060438913,-0.19044410888537855
7.58,1.612903225806452,8.064516129032258,0.0,0.0,571.4563691060804,-0.04741397205765446,0.07104132446611355,-0.19043205879742148
7.59,1.612903225806452,8.064516129032258,0.0,0.0,571.4635275452492,-0.047416224640007665,0.07104042624087714,-0.19042044692471813
7.6,1.612903225806452,8.064516129032258,0.0,0.0,571.47068596296,-0.04741840524819893,0.07103954599570628,-0.19040925773965026
7.61,1.612903225806452,8.064516129032258,0.0,0.0,571.4778443600685,-0.04742051598291197,0.07103868376248557,-0.19039847624585918
7.62,1.612903225806452,8.064516129032258,0.0,0.0,571.4850027373966,-0.04742255889368224,0.07103783954072551,-0.19038808796134402
7.63,1.612903225806452,8.064516129032258,0.0,0.0,571.4921610957339,-0.047424535979588955,0.07103701330012113,-0.19037807890150796
7.64,1.612903225806452,8.064516129032258,0.0,0.0,571.4993194358385,-0.04742644918998318,0.07103620498294849,-0.19036843556259464
7.65,1.612903225806452,8.064516129032258,0.0,0.0,571.5064777584389,-0.04742830042517157,0.07103541450638329,-0.19035914490652447
7.66,1.612903225806452,8.064516129032258,0.0,0.0,571.5136360642346,-0.04743009153721975,0.07103464176458418,-0.1903501943449588
7.67,1.612903225806452,8.064516129032258,0.0,0.0,571.5207943538971,-0.047431824330712774,0.07103388663070687,-0.19034157172462376
7.68,1.612903225806452,8.064516129032258,0.0,0.0,571.527952628072,-0.04743350056350604,0.07103314895881974,-0.19033326531343067
7.69,1.612903225806452,8.064516129032258,0.0,0.0,571.5351108873786,-0.047435121947587255,0.07103242858560499,-0.19032526378578446
7.7,1.612903225806452,8.064516129032258,0.0,0.0,571.5422691324121,-0.047436690149843974,0.07103172533205526,-0.1903175562096867
7.71,1.612903225806452,8.064516129032258,0.0,0.0,571.5494273637441,-0.04743820679292027,0.07103103900498486,-0.190310132033233
7.72,1.612903225806452,8.064516129032258,0.0,0.0,571.5565855819234,-0.04743967345603686,0.07103036939848606,-0.19030298107208357
7.73,1.612903225806452,8.064516129032258,0.0,0.0,571.5637437874769,-0.04744109167581592,0.07102971629529253,-0.1902960934973305
7.74,1.612903225806452,8.064516129032258,0.0,0.0,571.570901980911,-0.04744246294712831,0.07102907946803516,-0.1902894598235195
7.75,1.612903225806452,8.064516129032258,0.0,0.0,571.5780601627115,-0.04744378872396804,0.07102845868038954,-0.1902830708967056
7.76,1.612903225806452,8.064516129032258,0.0,0.0,571.5852183333453,-0.04744507042022289,0.07102785368824815,-0.1902769178842342
7.77,1.612903225806452,8.064516129032258,0.0,0.0,571.5923764932605,-0.0474463094106104,0.07102726424065231,-0.19027099226271485
7.78,1.612903225806452,8.064516129032258,0.0,0.0,571.5995346428876,-0.04744750703141856,0.07102669008084728,-0.19026528580883878
7.79,1.612903225806452,8.064516129032258,0.0,0.0,571.6066927826399,-0.04744866458142766,0.0710261309470861,-0.1902597905881413
7.8,1.612903225806452,8.064516129032258,0.0,0.0,571.6138509129141,-0.04744978332269645,0.07102558657350189,-0.1902544989457915
7.81,1.612903225806452,8.064516129032258,0.0,0.0,571.6210090340915,-0.047450864481376726,0.07102505669088843,-0.19024940349724198
7.82,1.612903225806452,8.064516129032258,0.0,0.0,571.6281671465376,-0.04745190924859355,0.07102454102735223,-0.19024449711827277
7.83,1.612903225806452,8.064516129032258,0.0,0.0,571.6353252506041,-0.04745291878117608,0.07102403930905477,-0.19023977293714886
7.84,1.612903225806452,8.064516129032258,0.0,0.0,571.6424833466281,-0.047453894202531155,0.07102355126075566,-0.19023522432513326
7.85,1.612903225806452,8.064516129032258,0.0,0.0,571.6496414349334,-0.04745483660341088,0.07102307660640528,-0.19023084488852707
7.86,1.612903225806452,8.064516129032258,0.0,0.0,571.6567995158312,-0.04745574704267966,0.07102261506968699,-0.19022662846086752
7.87,1.612903225806452,8.064516129032258,0.0,0.0,571.6639575896198,-0.04745662654813404,0.07102216637445424,-0.1902225690945898
7.88,1.612903225806452,8.064516129032258,0.0,0.0,571.671115656586,-0.04745747611724038,0.07102173024520131,-0.19021866105385452
7.89,1.612903225806452,8.064516129032258,0.0,0.0,571.678273717005,-0.04745829671788965,0.07102130640747151,-0.19021489880727843
7.9,1.612903225806452,8.064516129032258,0.0,0.0,571.685431771141,-0.04745908928915771,0.07102089458821215,-0.19021127702067783
7.91,1.612903225806452,8.064516129032258,0.0,0.0,571.6925898192476,-0.04745985474202846,0.07102049451612591,-0.19020779055038367
7.92,1.612903225806452,8.064516129032258,0.0,0.0,6.213070215405529,-0.04746059396011343,0.07102010592198216,-0.1902044344366676
7.93,1.612903225806452,8.064516129032258,0.0,0.0,571.7069058983369,-0.04746130780036925,0.07101972853889127,-0.1902012038972723
7.94,1.612903225806452,8.064516129032258,0.0,0.0,571.7140639297778,-0.04746199709378385,0.07101936210257154,-0.19019809432137835
7.95,1.612903225806452,8.064516129032258,0.0,0.0,571.7212219561065,-0.047462662646060194,0.07101900635158143,-0.19019510126366407
7.96,1.612903225806452,8.064516129032258,0.0,0.0,571.7283799775298,-0.04746330523832254,0.07101866102749332,-0.1901922204381063
7.97,1.612903225806452,8.064516129032258,0.0,0.0,571.7355379942462,-0.04746392562771287,0.0710183258751439,-0.19018944771322457
7.98,1.612903225806452,8.064516129032258,0.0,0.0,571.7426960064463,-0.04746452454809849,0.07101800064273911,-0.19018677910591897
7.99,1.612903225806452,8.064516129032258,0.0,0.0,571.749854014313,-0.047465102710669504,0.07101768508203865,-0.1901842107767387
8.0,1.612903225806452,8.064516129032258,0.0,0.0,6.270334371859113,-0.04746566080456713,0.07101737894847904,-0.19018173902475594
8.01,1.612903225806452,7.419354838709678,0.0,0.0,571.7640814751562,-0.048303666955758134,0.02031948877005163,-0.19078126799066425
8.02,1.612903225806452,7.419354838709678,0.0,0.0,571.7710755266891,-0.048950120269454916,0.02424261490579649,-0.19112886279577482
8.03,1.612903225806452,7.419354838709678,-0.0,-0.0,571.7780048636353,-0.04944088350060319,0.027673555622873658,-0.19125208774391766
8.04,1.612903225806452,7.419354838709678,-0.0,-0.0,571.784878615763,-0.04980240030876146,0.030680478816895174,-0.1911896170216648
8.05,1.612903225806452,7.419354838709678,-0.0,-0.0,571.7917053043749,-0.050045316030431886,0.03328961215347204,-0.19098637077107145
8.06,1.612903225806452,7.419354838709678,-0.0,-0.0,571.7984915395703,-0.0501967610840206,0.03558964414323984,-0.19065360299929926
8.07,1.612903225806452,7.419354838709678,-0.0,-0.0,571.8052424881851,-0.05028130232348743,0.03764346968189669,-0.19020407788698954
8.08,1.612903225806452,7.419354838709678,-0.0,-0.0,571.8119625277386,-0.050310055164361545,0.03948780595531487,-0.18967174576990295
8.09,1.612903225806452,7.419354838709678,-0.0,-0.0,571.818655411881,-0.05029235675373858,0.041151122283381025,-0.18908073460405372
8.1,1.612903225806452,7.419354838709678,-0.0,-0.0,571.8253243930412,-0.05023572720783398,0.042656272546554574,-0.18845162827069623
8.11,1.612903225806452,7.419354838709678,-0.0,-0.0,571.8319722120499,-0.05014995790063448,0.04402446823827422,-0.18778469920889573
8.12,1.612903225806452,7.419354838709678,-0.0,-0.0,571.838601128599,-0.050045468225229095,0.045274446968502025,-0.1870687086524358
8.13,1.612903225806452,7.419354838709678,-0.0,-0.0,571.8452131366796,-0.04992590637771857,0.0464186619986412,-0.18631835118501516
8.14,1.612903225806452,7.419354838709678,-0.0,-0.0,571.8518099893844,-0.04979479574422713,0.04746818841320177,-0.18554397513182158
8.15,1.612903225806452,7.419354838709678,-0.0,-0.0,571.8583932271084,-0.04965529275548322,0.04843275923382395,-0.18475339463574453
8.16,1.612903225806452,7.419354838709678,-0.0,-0.0,6.378286557685661,-0.04951015105116641,0.04932091657011406,-0.18395268249596808
8.17,1.612903225806452,7.419354838709678,-0.0,-0.0,571.87152411094,-0.049361726847559156,0.05014016147258771,-0.18314667730079154
8.18,1.612903225806452,7.419354838709678,-0.0,-0.0,6.391396351928498,-0.04921200494702396,0.05089709174739887,-0.18233931432660067
8.19,1.612903225806452,7.419354838709678,-0.0,-0.0,571.8846147917913,-0.049062635147010314,0.05159752470274792,-0.18153384076748946
8.2,1.612903225806452,7.419354838709678,-0.0,-0.0,571.8911473113039,-0.04891497170124631,0.052246603896543675,-0.18073296005196043
8.21,1.612903225806452,7.419354838709678,-0.0,-0.0,571.8976722825189,-0.048770111727367005,0.05284889070765675,-0.17993893325939597
8.22,1.612903225806452,7.419354838709678,-0.0,-0.0,571.9041903499282,-0.04862893066424723,0.05340844239998632,-0.17915365392101465
8.23,1.612903225806452,7.419354838709678,-0.0,-0.0,571.9107020869811,-0.048492114098071526,0.0539288785540083,-0.17837870557195618
8.24,1.612903225806452,7.419354838709678,-0.0,-0.0,571.917208005043,-0.0483601858804483,0.05441343763843054,-0.1776154075556234
8.25,1.612903225806452,7.419354838709678,-0.0,-0.0,6.437030914986614,-0.04823353273926001,0.05486502528022441,-0.17686485242144956
8.26,1.612903225806452,7.419354838709678,-0.0,-0.0,6.443526518564332,-0.04811242569334173,0.05528625555850952,-0.17612793704784702
8.27,1.612903225806452,7.419354838709678,-0.0,-0.0,571.9366951834238,-0.047997038612670406,0.055679486431262304,-0.17540538890381793
8.28,1.612903225806452,7.419354838709678,-0.0,-0.0,571.9431819481695,-0.047887464257567125,0.05604685021735456,-0.17469778843724618
8.29,1.612903225806452,7.419354838709678,-0.0,-0.0,571.9496647575763,-0.04778372810598258,0.05639027989999701,-0.17400558830935756
8.3,1.612903225806452,7.419354838709678,-0.0,-0.0,571.9561438817666,-0.047685800248042864,0.05671153188807532,-0.17332913001383768
8.31,1.612903225806452,7.419354838709678,-0.0,-0.0,6.475941919542826,-0.04759360559590439,0.05701220576589294,-0.17266865830173528
8.32,1.612903225806452,7.419354838709678,-0.0,-0.0,571.9690920321076,-0.0475070326277329,0.05729376147464793,-0.1720243337467504
8.33,1.612903225806452,7.419354838709678,-0.0,-0.0,571.9755614839708,-0.047425940857964366,0.0575575342973107,-0.1713962437211987
8.34,1.612903225806452,7.419354838709678,-0.0,-0.0,571.982028106791,-0.047350167201983956,0.05780474795969892,-0.1707844120064381
8.35,1.612903225806452,7.419354838709678,-0.0,-0.0,571.9884920704967,-0.04727953138218449,0.05803652611180499,-0.17018880722426757
8.36,1.612903225806452,7.419354838709678,-0.0,-0.0,571.9949535311428,-0.04721384050369573,0.05825390241302941,-0.1696093502467172
8.37,1.612903225806452,7.419354838709678,-0.0,-0.0,572.0014126323927,-0.04715289291190314,0.058457829411124984,-0.16904592071516908
8.38,1.612903225806452,7.419354838709678,-0.0,-0.0,572.0078695068194,-0.04709648142922901,0.0586491863768438,-0.1684983627852147
8.39,1.612903225806452,7.419354838709678,-0.0,-0.0,572.0143242770467,-0.04704439605647645,0.05882878623231114,-0.16796649019221827
8.4,1.612903225806452,7.419354838709678,-0.0,-0.0,6.534099410589525,-0.04699642621289335,0.05899738169146296,-0.16745009072182448
8.41,1.612903225806452,7.419354838709678,-0.0,-0.0,572.0272279515505,-0.046952362579455176,0.059155670714173825,-0.16694893015964393
8.42,1.612903225806452,7.419354838709678,-0.0,-0.0,572.03367705977,-0.046911998601805976,0.05930430136116305,-0.16646275577966274
8.43,1.612903225806452,7.419354838709678,-0.0,-0.0,572.0401244731402,-0.0468751317015923,0.05944387612506852,-0.1659912994286469
8.44,1.612903225806452,7.419354838709678,-0.0,-0.0,6.559892631235235,-0.04684156423873195,0.05957495580257277,-0.16553428025343253
8.45,1.612903225806452,7.419354838709678,-0.0,-0.0,572.0530145528244,-0.04681110426163704,0.05969806296361124,-0.16509140711070844
8.46,1.612903225806452,7.419354838709678,-0.0,-0.0,572.0594573747208,-0.046783566077164496,0.059813685066527955,-0.16466238069918301
8.47,1.612903225806452,7.419354838709678,-0.0,-0.0,572.0658988138318,-0.04675877066828196,0.059922277261110435,-0.1642468954417557
8.48,1.612903225806452,7.419354838709678,-0.0,-0.0,572.0723389367223,-0.046736545983196626,0.060024264916411885,-0.16384464114935027
8.49,1.612903225806452,7.419354838709678,-0.0,-0.0,572.0787778061125,-0.04671672711683242,0.06012004590510578,-0.16345530448832132
8.5,1.612903225806452,7.419354838709678,-0.0,-0.0,572.0852154811784,-0.04669915640245245,0.0602099926722659,-0.16307857027428366
8.51,1.612903225806452,7.419354838709678,-0.0,-0.0,572.0916520178206,-0.046683683428778516,0.06029445411288348,-0.16271412261200457
8.52,1.612903225806452,7.419354838709678,-0.0,-0.0,572.0980874689062,-0.0466701649959336,0.06037375727924632,-0.16236164589664062
8.53,1.612903225806452,7.419354838709678,-0.0,-0.0,572.1045218844855,-0.046658465021494816,0.06044820893680769,-0.1620208256920905
8.54,1.612903225806452,7.419354838709678,-0.0,-0.0,572.1109553119884,-0.046648454406307494,0.06051809698488808,-0.16169134950058237
8.55,1.612903225806452,7.419354838709678,-0.0,-0.0,572.1173877964015,-0.04664001086845962,0.06058369175638589,-0.16137290743334132
8.56,1.612903225806452,7.419354838709678,-0.0,-0.0,572.1238193804296,-0.046633018752332306,0.06064524720920128,-0.1610651927949194
8.57,1.612903225806452,7.419354838709678,-0.0,-0.0,572.1302501046413,-0.046627368818841775,0.0607030020203031,-0.16076790258825416
8.58,1.612903225806452,7.419354838709678,-0.0,-0.0,572.1366800076025,-0.04662295802182018,0.06075718059230473,-0.1604807379504572
8.59,1.612903225806452,7.419354838709678,-0.0,-0.0,6.656431479835979,-0.04661968927481128,0.06080799398114556,-0.1602034045263538
8.6,1.612903225806452,7.419354838709678,-0.0,-0.0,572.1495374947463,-0.04661747121190102,0.06085564075244776,-0.1599356127854204
8.61,1.612903225806452,7.419354838709678,-0.0,-0.0,572.1559651470952,-0.04661621794545437,0.060900307773400164,-0.15967707828964525
8.62,1.612903225806452,7.419354838709678,-0.0,-0.0,572.1623921147238,-0.04661584882335845,0.060942170946026275,-0.15942752191523474
8.63,1.612903225806452,7.419354838709678,-0.0,-0.0,572.168818427826,-0.04661628818759009,0.06098139588736484,-0.15918667003619238
8.64,1.612903225806452,7.419354838709678,-0.0,-0.0,572.1752441151917,-0.04661746513596721,0.061018138561098945,-0.1589542546704806
8.65,1.612903225806452,7.419354838709678,-0.0,-0.0,572.1816692042827,-0.04661931328824703,0.06105254586502595,-0.15873001359516506
8.66,1.612903225806452,7.419354838709678,-0.0,-0.0,572.1880937213014,-0.04662177055770039,0.061084756178076405,-0.15851369043267885
8.67,1.612903225806452,7.419354838709678,-0.0,-0.0,572.1945176912562,-0.04662477892895092,0.06111489987030072,-0.1583050347116937
8.68,1.612903225806452,7.419354838709678,-0.0,-0.0,572.2009411380226,-0.046628284242690554,0.06114309977887311,-0.15810380190554277
8.69,1.612903225806452,7.419354838709678,-0.0,-0.0,572.2073640843993,-0.046632235987754594,0.061169471652820495,-0.157909753450172
8.7,1.612903225806452,7.419354838709678,-0.0,-0.0,6.727108905998754,-0.04663658710088059,0.06119412456892814,-0.15772265674369132
8.71,1.612903225806452,7.419354838709678,-0.0,-0.0,572.2202085621116,-0.04664129377422355,0.061217161321172386,-0.15754228513163573
8.72,1.612903225806452,7.419354838709678,-0.0,-0.0,572.2266301341249,-0.04664631527096305,0.06123867878545397,-0.15736841787582423
8.73,1.612903225806452,7.419354838709678,-0.0,-0.0,572.233051287195,-0.046651613748747295,0.06125876826173171,-0.15720084011304836
8.74,1.612903225806452,7.419354838709678,-0.0,-0.0,572.2394720394752,-0.046657154091157615,0.061277515794979864,-0.15703934280123968
8.75,1.612903225806452,7.419354838709678,-0.0,-0.0,572.2458924083174,-0.04666290374696941,0.061295002476601024,-0.15688372265653755
8.76,1.612903225806452,7.419354838709678,-0.0,-0.0,572.2523124103102,-0.04666883257705717,0.06131130472767532,-0.1567337820826071
8.77,1.612903225806452,7.419354838709678,-0.0,-0.0,572.2587320613134,-0.04667491270888349,0.06132649456518535,-0.1565893290913925
8.78,1.612903225806452,7.419354838709678,-0.0,-0.0,572.2651513764918,-0.04668111839821398,0.061340639852518364,-0.15645017721881935
8.79,1.612903225806452,7.419354838709678,-0.0,-0.0,572.271570370347,-0.046687425897932455,0.06135380453520067,-0.15631614543476338
8.8,1.612903225806452,7.419354838709678,-0.0,-0.0,572.2779890567475,-0.04669381333373507,0.061366048862815936,-0.1561870580477714
8.81,1.612903225806452,7.419354838709678,-0.0,-0.0,6.79772980279403,-0.04670026058636001,0.06137742959809234,-0.15606274460686792
8.82,1.612903225806452,7.419354838709678,-0.0,-0.0,572.2908255596609,-0.04670674918018555,0.061388000213892346,-0.1559430397996419
8.83,1.612903225806452,7.419354838709678,-0.0,-0.0,572.2972434009944,-0.046713262177862924,0.06139781107893916,-0.15582778334846703
8.84,1.612903225806452,7.419354838709678,-0.0,-0.0,572.3036609845645,-0.04671978408085528,0.061406909632853224,-0.15571681990324607
8.85,1.612903225806452,7.419354838709678,-0.0,-0.0,572.3100783214751,-0.046726300735439624,0.061415340551334574,-0.15560999893423394
8.86,1.612903225806452,7.419354838709678,-0.0,-0.0,572.3164954223483,-0.04673279924407653,0.06142314590193665,-0.15550717462277314
8.87,1.612903225806452,7.419354838709678,-0.0,-0.0,572.3229122973465,-0.046739267881821644,0.06143036529106949,-0.15540820575158326
8.88,1.612903225806452,7.419354838709678,-0.0,-0.0,572.3293289561922,-0.04674569601754966,0.061437036002742196,-0.15531295559474034
8.89,1.612903225806452,7.419354838709678,-0.0,-0.0,572.3357454081871,-0.04675207403978121,0.06144319312950275,-0.15522129180720368
8.9,1.612903225806452,7.419354838709678,-0.0,-0.0,572.3421616622313,-0.046758393286808114,0.06144886969610652,-0.15513308631543332
8.91,1.612903225806452,7.419354838709678,-0.0,-0.0,6.8619000806776205,-0.046764645981003716,0.061454096776227374,-0.1550482152075288
8.92,1.612903225806452,7.419354838709678,-0.0,-0.0,572.3549936101621,-0.04677082516703618,0.06145890360267947,-0.15496655862425676
8.93,1.612903225806452,7.419354838709678,-0.0,-0.0,572.3614093199927,-0.04677692465372624,0.06146331767157309,-0.1548880006520754
8.94,1.612903225806452,7.419354838709678,-0.0,-0.0,572.3678248637925,-0.046782938959518766,0.061467364840586125,-0.1548124292154947
8.95,1.612903225806452,7.419354838709678,-0.0,-0.0,572.3742402486998,-0.04678886326121412,0.06147106942184488,-0.15473973597176946
8.96,1.612903225806452,7.419354838709678,-0.0,-0.0,572.3806554815455,-0.046794693345834804,0.061474454269663026,-0.15466981620704118
8.97,1.612903225806452,7.419354838709678,-0.0,-0.0,572.3870705688663,-0.046800425565498904,0.061477540863384195,-0.1546025687333657
8.98,1.612903225806452,7.419354838709678,-0.0,-0.0,572.3934855169172,-0.04680605679508726,0.061480349385648725,-0.15453789578752972
8.99,1.612903225806452,7.419354838709678,-0.0,-0.0,572.3999003316841,-0.046811584392527444,0.061482898796357266,-0.15447570293208002
9.0,1.612903225806452,7.419354838709678,-0.0,-0.0,6.919637372732487,-0.046817006161640085,0.06148520690248083,-0.15441589895706062
9.01,1.612903225806452,7.419354838709678,-0.0,-0.0,572.4127295840326,-0.04682232031727751,0.061487290424066754,-0.15435839578467336
9.02,1.612903225806452,7.419354838709678,-0.0,-0.0,572.419144032342,-0.04682752545274291,0.061489165056536454,-0.15430310837487166
9.03,1.612903225806452,7.419354838709678,-0.0,-0.0,572.4255583688441,-0.04683262050925116,0.061490845529582616,-0.15424995463375385
9.04,1.612903225806452,7.419354838709678,-0.0,-0.0,572.4319725983434,-0.04683760474742896,0.06149234566273909,-0.15419885532285327
9.05,1.612903225806452,7.419354838709678,-0.0,-0.0,572.4383867254378,-0.04684247772060876,0.061493678417933295,-0.15414973397151294
9.06,1.612903225806452,7.419354838709678,-0.0,-0.0,572.4448007545279,-0.0468472392499224,0.06149485594907289,-0.15410251679043174
9.07,1.612903225806452,7.419354838709678,-0.0,-0.0,572.4512146898252,-0.04685188940102569,0.06149588964889541,-0.15405713258753304
9.08,1.612903225806452,7.419354838709678,-0.0,-0.0,572.45762853536,-0.04685642846238244,0.0614967901932032,-0.1540135126857023
9.09,1.612903225806452,7.419354838709678,-0.0,-0.0,572.4640422949896,-0.0468608569249952,0.06149756758264724,-0.15397159084274215
9.1,1.612903225806452,7.419354838709678,-0.0,-0.0,572.4704559724057,-0.046865175463511016,0.061498231182179564,-0.15393130317330747
9.11,1.612903225806452,7.419354838709678,-0.0,-0.0,572.4768695711415,-0.0468693849186507,0.061498789758268946,-0.15389258807224895
9.12,1.612903225806452,7.419354838709678,-0.0,-0.0,572.4832830945783,-0.0468734862807926,0.06149925151409408,-0.15385538614094052
9.13,1.612903225806452,7.419354838709678,-0.0,-0.0,572.4896965459523,-0.04687748067474304,0.061499624122718366,-0.15381964011475885
9.14,1.612903225806452,7.419354838709678,-0.0,-0.0,572.4961099283609,-0.046881369345551344,0.06149991475843086,-0.1537852947929444
9.15,1.612903225806452,7.419354838709678,-0.0,-0.0,572.5025232447683,-0.0468851536453635,0.06150013012629141,-0.1537522969698007
9.16,1.612903225806452,7.419354838709678,-0.0,-0.0,7.022258851848952,-0.04688883502116678,0.06150027649006573,-0.15372059536868524
9.17,1.612903225806452,7.419354838709678,-0.0,-0.0,572.5153496908065,-0.0468924150034524,0.061500359698552054,-0.15369014057728955
9.18,1.612903225806452,7.419354838709678,-0.0,-0.0,572.5217628257514,-0.04689589519572368,0.06150038521040735,-0.15366088498451633
9.19,1.612903225806452,7.419354838709678,-0.0,-0.0,572.5281759053336,-0.04689927726474183,0.06150035811760657,-0.15363278271984193
9.2,1.612903225806452,7.419354838709678,-0.0,-0.0,572.5345889319336,-0.046902562931529196,0.061500283167545855,-0.15360578959398916
9.21,1.612903225806452,7.419354838709678,-0.0,-0.0,572.5410019078299,-0.046905753963043195,0.061500164783901856,-0.1535798630415632
9.22,1.612903225806452,7.419354838709678,-0.0,-0.0,572.5474148352031,-0.04690885216450455,0.061500007086290887,-0.15355496206516353
9.23,1.612903225806452,7.419354838709678,-0.0,-0.0,572.5538277161401,-0.04691185937231862,0.06149981390881032,-0.15353104718127816
9.24,1.612903225806452,7.419354838709678,-0.0,-0.0,572.5602405526384,-0.04691477744753178,0.061499588817547024,-0.15350808036826669
9.25,1.612903225806452,7.419354838709678,-0.0,-0.0,7.0799757004471,-0.046917608269879396,0.06149933512701644,-0.153486025014805
9.26,1.612903225806452,7.419354838709678,-0.0,-0.0,572.573066099884,-0.046920353732239295,0.061499055915739786,-0.15346484587137402
9.27,1.612903225806452,7.419354838709678,-0.0,-0.0,572.5794788142123,-0.04692301573559668,0.061498754040873904,-0.15344450900236384
9.28,1.612903225806452,7.419354838709678,-0.0,-0.0,7.099213845107662,-0.04692559618446565,0.06149843215196782,-0.15342498173921953
9.29,1.612903225806452,7.419354838709678,-0.0,-0.0,572.5923041326628,-0.04692809698260356,0.061498092704028506,-0.1534062326368604
9.3,1.612903225806452,7.419354838709678,-0.0,-0.0,572.5987167399246,-0.04693052002922787,0.06149773796970226,-0.15338823142935976
9.31,1.612903225806452,7.419354838709678,-0.0,-0.0,572.6051293145252,-0.04693286721550588,0.061497370050820344,-0.15337094898826267
9.32,1.612903225806452,7.419354838709678,-0.0,-0.0,572.611541857871,-0.04693514042136507,0.06149699088927518,-0.15335435728236696
9.33,1.612903225806452,7.419354838709678,-0.0,-0.0,572.6179543713079,-0.046937341512638925,0.06149660227722897,-0.15333842933824912
9.34,1.612903225806452,7.419354838709678,-0.0,-0.0,572.624366856124,-0.04693947233850171,0.061496205866714115,-0.1533231392019589
9.35,1.612903225806452,7.419354838709678,-0.0,-0.0,572.6307793135524,-0.04694153472909887,0.061495803178735375,-0.15330846190309436
9.36,1.612903225806452,7.419354838709678,-0.0,-0.0,572.6371917447728,-0.04694353049352901,0.06149539561172801,-0.15329437341827132
9.37,1.612903225806452,7.419354838709678,-0.0,-0.0,572.6436041509147,-0.04694546141793843,0.06149498444962598,-0.15328085063770233
9.38,1.612903225806452,7.419354838709678,-0.0,-0.0,572.6500165330588,-0.04694732926390044,0.061494570869379594,-0.15326787133167036
9.39,1.612903225806452,7.419354838709678,-0.0,-0.0,572.6564288922394,-0.04694913576696999,0.06149415594804286,-0.15325541411845578
9.4,1.612903225806452,7.419354838709678,-0.0,-0.0,572.6628412294467,-0.046950882635419355,0.06149374066943647,-0.1532434584333438
9.41,1.612903225806452,7.419354838709678,-0.0,-0.0,572.669253545628,-0.04695257154914187,0.061493325930411014,-0.1532319844986803
9.42,1.612903225806452,7.419354838709678,-0.0,-0.0,572.67566584169,-0.046954204158684065,0.06149291254675793,-0.15322097329540102
9.43,1.612903225806452,7.419354838709678,-0.0,-0.0,7.1954004723378295,-0.046955782084494885,0.061492501258691434,-0.1532104065342964
9.44,1.612903225806452,7.419354838709678,-0.0,-0.0,7.201812730727503,-0.04695730691620062,0.06149209273610101,-0.1532002666300552
9.45,1.612903225806452,7.419354838709678,-0.0,-0.0,572.6949026176538,-0.04695878021210875,0.06149168758337975,-0.1531905366744168
9.46,1.612903225806452,7.419354838709678,-0.0,-0.0,572.7013148415518,-0.04696020349875127,0.061491286344027785,-0.1531812004114733
9.47,1.612903225806452,7.419354838709678,-0.0,-0.0,572.7077270493123,-0.0469615782705447,0.061490889504959956,-0.15317224221361928
9.48,1.612903225806452,7.419354838709678,-0.0,-0.0,572.714139241632,-0.046962905989584636,0.06149049750050917,-0.15316364705766358
9.49,1.612903225806452,7.419354838709678,-0.0,-0.0,572.7205514191776,-0.04696418808547545,0.061490110716231006,-0.15315540050266901
9.5,1.612903225806452,7.419354838709678,-0.0,-0.0,572.7269635825871,-0.046965425955278445,0.06148972949243403,-0.15314748866790337
9.51,1.612903225806452,7.419354838709678,-0.0,-0.0,572.7333757324711,-0.046966620963507344,0.06148935412751433,-0.15313989821201351
9.52,1.612903225806452,7.419354838709678,-0.0,-0.0,572.739787869414,-0.046967774442182864,0.06148898488108645,-0.15313261631305516
9.53,1.612903225806452,7.419354838709678,-0.0,-0.0,572.7461999939751,-0.04696888769100163,0.061488621976864555,-0.1531256306483326
9.54,1.612903225806452,7.419354838709678,-0.0,-0.0,572.7526121066893,-0.04696996197750594,0.06148826560541265,-0.15311892937584448
9.55,1.612903225806452,7.419354838709678,-0.0,-0.0,572.7590242080688,-0.046970998537297665,0.06148791592672331,-0.15311250111651586
9.56,1.612903225806452,7.419354838709678,-0.0,-0.0,572.7654362986037,-0.04697199857434925,0.061487573072582236,-0.15310633493617018
9.57,1.612903225806452,7.419354838709678,-0.0,-0.0,572.771848378763,-0.046972963261315226,0.06148723714881599,-0.15310042032881577
9.58,1.612903225806452,7.419354838709678,-0.0,-0.0,572.7782604489955,-0.04697389373988073,0.06148690823739378,-0.1530947472005377
9.59,1.612903225806452,7.419354838709678,-0.0,-0.0,572.7846725097306,-0.04697479112116704,0.06148658639836735,-0.15308930585352543
9.6,1.612903225806452,7.419354838709678,-0.0,-0.0,572.7910845613793,-0.04697565648612792,0.061486271671719606,-0.15308408697134848
9.61,1.612903225806452,7.419354838709678,-0.0,-0.0,572.7974966043347,-0.04697649088601594,0.06148596407904727,-0.15307908160398895
9.62,1.612903225806452,7.419354838709678,-0.0,-0.0,7.317230992810429,-0.04697729534281164,0.06148566362518881,-0.1530742811544232
9.63,1.612903225806452,7.419354838709678,-0.0,-0.0,572.810320665655,-0.046978070849745174,0.061485370299671716,-0.1530696773644708
9.64,1.612903225806452,7.419354838709678,-0.0,-0.0,7.330055038561787,-0.046978818371787856,0.061485084078105934,-0.15306526230192766
9.65,1.612903225806452,7.419354838709678,-0.0,-0.0,572.8231446965116,-0.04697953884614395,0.06148480492349673,-0.15306102834841215
9.66,1.612903225806452,7.419354838709678,-0.0,-0.0,572.8295567013316,-0.04698023318278827,0.06148453278743349,-0.15305696818709633
9.67,1.612903225806452,7.419354838709678,-0.0,-0.0,572.8359686994866,-0.04698090226501897,0.06148426761119119,-0.15305307479077535
9.68,1.612903225806452,7.419354838709678,-0.0,-0.0,572.8423806912652,-0.04698154694997228,0.06148400932679776,-0.15304934141115895
9.69,1.612903225806452,7.419354838709678,-0.0,-0.0,572.8487926769441,-0.046982168069189534,0.061483757857982546,-0.15304576156778313
9.7,1.612903225806452,7.419354838709678,-0.0,-0.0,572.8552046567876,-0.04698276642915497,0.06148351312108902,-0.15304232903789017
9.71,1.612903225806452,7.419354838709678,-0.0,-0.0,572.8616166310487,-0.046983342811876216,0.06148327502588202,-0.1530390378460134
9.72,1.612903225806452,7.419354838709678,-0.0,-0.0,572.8680285999698,-0.04698389797539959,0.061483043476362575,-0.15303588225507095
9.73,1.612903225806452,7.419354838709678,-0.0,-0.0,572.8744405637823,-0.04698443265441915,0.06148281837143055,-0.1530328567562281
9.74,1.612903225806452,7.419354838709678,-0.0,-0.0,572.880852522708,-0.04698494756078386,0.061482599605595545,-0.15302995606080994
9.75,1.612903225806452,7.419354838709678,-0.0,-0.0,572.887264476959,-0.04698544338407684,0.061482387069564326,-0.15302717509129965
9.76,1.612903225806452,7.419354838709678,-0.0,-0.0,572.8936764267382,-0.04698592079216435,0.06148218065080713,-0.15302450897311232
9.77,1.612903225806452,7.419354838709678,-0.0,-0.0,572.9000883722399,-0.046986380431734615,0.06148198023408813,-0.1530219530267942
9.78,1.612903225806452,7.419354838709678,-0.0,-0.0,572.9065003136498,-0.04698682292884501,0.06148178570194085,-0.15301950276029375
9.79,1.612903225806452,7.419354838709678,-0.0,-0.0,572.9129122511455,-0.04698724888945696,0.06148159693511268,-0.15301715386163484
9.8,1.612903225806452,7.419354838709678,-0.0,-0.0,572.9193241848972,-0.04698765889995912,0.06148141381297889,-0.15301490219198266
9.81,1.612903225806452,7.419354838709678,-0.0,-0.0,572.9257361150675,-0.04698805352770263,0.06148123621390522,-0.1530127437786358
9.82,1.612903225806452,7.419354838709678,-0.0,-0.0,572.9321480418122,-0.04698843332150393,0.061481064015603715,-0.15301067480873248
9.83,1.612903225806452,7.419354838709678,-0.0,-0.0,572.9385599652801,-0.046988798812179405,0.06148089709542082,-0.15300869162252265
9.84,1.612903225806452,7.419354838709678,-0.0,-0.0,572.9449718856138,-0.0469891505130052,0.06148073533066445,-0.15300679070801823
9.85,1.612903225806452,7.419354838709678,-0.0,-0.0,572.9513838029495,-0.04698948892024993,0.061480578598825386,-0.1530049686945081
9.86,1.612903225806452,7.419354838709678,-0.0,-0.0,572.9577957174178,-0.04698981451363751,0.061480426777835384,-0.15300322234732153
9.87,1.612903225806452,7.419354838709678,-0.0,-0.0,572.9642076291432,-0.04699012775682904,0.06148027974627679,-0.1530015485623485
9.88,1.612903225806452,7.419354838709678,-0.0,-0.0,572.9706195382452,-0.046990429097881814,0.06148013738358349,-0.15299994436099582
9.89,1.612903225806452,7.419354838709678,-0.0,-0.0,572.977031444838,-0.046990718969712686,0.06147999957021144,-0.15299840688511396
9.9,1.612903225806452,7.419354838709678,-0.0,-0.0,572.9834433490308,-0.04699099779055224,0.06147986618778978,-0.1529969333921155
9.91,1.612903225806452,7.419354838709678,-0.0,-0.0,572.9898552509283,-0.04699126596437625,0.06147973711926957,-0.15299552125050467
9.92,1.612903225806452,7.419354838709678,-0.0,-0.0,572.9962671506302,-0.0469915238813344,0.0614796122490503,-0.15299416793547135
9.93,1.612903225806452,7.419354838709678,-0.0,-0.0,573.0026790482322,-0.04699177191816922,0.06147949146309206,-0.152992871024656
9.94,1.612903225806452,7.419354838709678,-0.0,-0.0,573.0090909438259,-0.046992010438619836,0.06147937464902087,-0.15299162819419176
9.95,1.612903225806452,7.419354838709678,-0.0,-0.0,573.0155028374987,-0.04699223979385447,0.061479261696182896,-0.15299043721422365
9.96,1.612903225806452,7.419354838709678,-0.0,-0.0,573.0219147293345,-0.04699246032281579,0.06147915249576574,-0.1529892959459438
9.97,1.612903225806452,7.419354838709678,-0.0,-0.0,573.0283266194133,-0.04699267235264082,0.061479046940823845,-0.15298820233729526
9.98,1.612903225806452,7.419354838709678,-0.0,-0.0,7.54806086164887,-0.046992876199007244,0.06147894492636019,-0.1529871544199545
9.99,1.612903225806452,7.419354838709678,-0.0,-0.0,573.0411503946029,-0.04699307216650875,0.061478846349359295,-0.15298615030576643
10.0,1.612903225806452,7.419354838709678,-0.0,-0.0,7.560884633694392,-0.04699326054901501,0.06147875110881895,-0.15298518818342352
10.01,1.612903225806452,6.774193548387097,-0.0,-0.0,573.053869214033,-0.04794311541037147,0.011663125146730846,-0.15362333187629518
10.02,1.612903225806452,6.774193548387097,-0.0,-0.0,573.0600872579814,-0.04866222087372074,0.016330767464801776,-0.15396702120543462
10.03,1.612903225806452,6.774193548387097,-0.0,-0.0,573.0662310385295,-0.049183479027466226,0.020309871374288635,-0.15400642512797635
10.04,1.612903225806452,6.774193548387097,-0.0,-0.0,573.0723129049161,-0.04953336320650931,0.02371198537901298,-0.15388319857770733
10.05,1.612903225806452,6.774193548387097,-0.0,-0.0,7.59166501185222,-0.04975641462572622,0.026646999190089615,-0.15355003054499497
10.06,1.612903225806452,6.774193548387097,-0.0,-0.0,573.084329388112,-0.04986236096272817,0.029148246771880992,-0.1530781505463682
10.07,1.612903225806452,6.774193548387097,-0.0,-0.0,573.0902801335005,-0.049877321132489244,0.03131395993667374,-0.15253040731753767
10.08,1.612903225806452,6.774193548387097,-0.0,-0.0,573.0962001280161,-0.049832631178722386,0.03322215278898011,-0.15188452904959754
10.09,1.612903225806452,6.774193548387097,-0.0,-0.0,573.10209371051,-0.04974020900334286,0.03491514348236535,-0.15117032816906575
10.1,1.612903225806452,6.774193548387097,-0.0,-0.0,573.1079645528674,-0.04960899694620116,0.03642440780594869,-0.15041421357941376
10.11,1.612903225806452,6.774193548387097,-0.0,-0.0,573.1138157873811,-0.04944652886687734,0.037775111215872625,-0.14963645817500087
10.12,1.612903225806452,6.774193548387097,-0.0,-0.0,573.1196501138578,-0.049258679865282484,0.03898758726054363,-0.1488548361641466
10.13,1.612903225806452,6.774193548387097,-0.0,-0.0,573.125469604201,-0.0490598715857791,0.040085465225956685,-0.14804452378452534
10.14,1.612903225806452,6.774193548387097,-0.0,-0.0,573.1312760263584,-0.048854619294175006,0.041082649587234066,-0.14721342771181764
10.15,1.612903225806452,6.774193548387097,-0.0,-0.0,573.1370709201165,-0.04864561580142712,0.04199027407344713,-0.14637220866212106
10.16,1.612903225806452,6.774193548387097,-0.0,-0.0,573.1428556229595,-0.04843533129055411,0.042818128036778424,-0.14552857517798037
10.17,1.612903225806452,6.774193548387097,-0.0,-0.0,573.1486312958701,-0.04822590469199761,0.04357476853604336,-0.14468829560073407
10.18,1.612903225806452,6.774193548387097,-0.0,-0.0,573.1543989465952,-0.04801914063841978,0.04426767703962953,-0.14385572051585488
10.19,1.612903225806452,6.774193548387097,-0.0,-0.0,573.1601594503832,-0.04781652264351369,0.04490339941469801,-0.14303416229619556
10.2,1.612903225806452,6.774193548387097,-0.0,-0.0,573.1659135682456,-0.04761923812024743,0.04548767102846907,-0.14222616306133676
10.21,1.612903225806452,6.774193548387097,-0.0,-0.0,7.684984316693195,-0.04742821057582888,0.046025527652715614,-0.14143367947479216
10.22,1.612903225806452,6.774193548387097,-0.0,-0.0,573.177405212286,-0.0472441339939173,0.04652140216149936,-0.14065821198395706
10.23,1.612903225806452,6.774193548387097,-0.0,-0.0,573.1831438218179,-0.047067506195274694,0.04697920778133036,-0.13990089801467862
10.24,1.612903225806452,6.774193548387097,-0.0,-0.0,573.1888782340756,-0.04689865955655789,0.04740240924529815,-0.13916258147185662
10.25,1.612903225806452,6.774193548387097,-0.0,-0.0,7.707931191539153,-0.04673778845044024,0.04779408340670099,-0.13844386617559523
10.26,1.612903225806452,6.774193548387097,-0.0,-0.0,573.200335974789,-0.0465849733023887,0.0481569708299433,-0.13774515800206477
10.27,1.612903225806452,6.774193548387097,-0.0,-0.0,573.2060599472388,-0.04644020142348851,0.04849351972982985,-0.13706669879170064
10.28,1.612903225806452,6.774193548387097,-0.0,-0.0,573.2117810222102,-0.046303384895602206,0.04880592345050028,-0.1364085940608205
10.29,1.612903225806452,6.774193548387097,-0.0,-0.0,573.2174994367859,-0.04617437582451611,0.04909615249804833,-0.1357708359216457
10.3,1.612903225806452,6.774193548387097,-0.0,-0.0,573.2232154019733,-0.04605297927710153,0.04936598198064035,-0.1351533222092187
10.31,1.612903225806452,6.774193548387097,-0.0,-0.0,573.2289291061358,-0.04593896419960408,0.049617015171773526,-0.13455587255466206
10.32,1.612903225806452,6.774193548387097,-0.0,-0.0,573.2346407179382,-0.045832072587729505,0.049850703794991014,-0.13397824196074953
10.33,1.612903225806452,6.774193548387097,-0.0,-0.0,573.2403503888777,-0.04573202714999347,0.050068365530610004,-0.13342013231437264
10.34,1.612903225806452,6.774193548387097,-0.0,-0.0,573.2460582554581,-0.04563853767749504,0.05027119916336198,-0.13288120217649957
10.35,1.612903225806452,6.774193548387097,-0.0,-0.0,573.2517644410618,-0.04555130630650242,0.05046029772238214,-0.13236107512666118
10.36,1.612903225806452,6.774193548387097,-0.0,-0.0,573.2574690575613,-0.045470031836228,0.050636659908704695,-0.13185934688506595
10.37,1.612903225806452,6.774193548387097,-0.0,-0.0,573.2631722067083,-0.04539441324255636,0.0508012000588266,-0.13137559139666322
10.38,1.612903225806452,6.774193548387097,-0.0,-0.0,573.2688739813328,-0.0453241525093806,0.05095475685411954,-0.13090936603117923
10.39,1.612903225806452,6.774193548387097,-0.0,-0.0,573.2745744663787,-0.04525895688247725,0.05109810095349776,-0.13046021602785257
10.4,1.612903225806452,6.774193548387097,-0.0,-0.0,573.2802737397991,-0.04519854063635209,0.05123194169955503,-0.1300276782907521
10.41,1.612903225806452,6.774193548387097,-0.0,-0.0,573.285971873333,-0.04514262643152192,0.05135693302595701,-0.1296112846288873
10.42,1.612903225806452,6.774193548387097,-0.0,-0.0,573.291668933178,-0.04509094632890159,0.05147367867456776,-0.12921056451604845
10.43,1.612903225806452,6.774193548387097,-0.0,-0.0,573.2973649805754,-0.04504324251820918,0.051582736814940966,-0.12882504743752743
10.44,1.612903225806452,6.774193548387097,-0.0,-0.0,573.3030600723189,-0.04499926780903882,0.05168462414525887,-0.12845426488057318
10.45,1.612903225806452,6.774193548387097,-0.0,-0.0,573.3087542611992,-0.04495878592614358,0.05177981954231925,-0.12809775201615237
10.46,1.612903225806452,6.774193548387097,-0.0,-0.0,573.3144475963915,-0.04492157164423477,0.05186876731855172,-0.1277550491137561
10.47,1.612903225806452,6.774193548387097,-0.0,-0.0,573.3201401237955,-0.044887410792266436,0.051951880135847506,-0.1274257027254467
10.48,1.612903225806452,6.774193548387097,-0.0,-0.0,573.3258318863341,-0.04485610015259714,0.05202954161900786,-0.12710926667011702
10.49,1.612903225806452,6.774193548387097,-0.0,-0.0,573.3315229242157,-0.0448274472765558,0.052102108705600725,-0.1268053028431007
10.5,1.612903225806452,6.774193548387097,-0.0,-0.0,573.3372132751665,-0.04480127023435762,0.05216991376416269,-0.12651338187686847
10.51,1.612903225806452,6.774193548387097,-0.0,-0.0,7.856225328472183,-0.044777397314668343,0.05223326650810678,-0.1262330836700066
10.52,1.612903225806452,6.774193548387097,-0.0,-0.0,573.3485920559749,-0.044755666686373125,0.052292455729272214,-0.12596399780473364
10.53,1.612903225806452,6.774193548387097,-0.0,-0.0,573.3542805506071,-0.04473592603326357,0.05234775087161092,-0.12570572386471057
10.54,1.612903225806452,6.774193548387097,-0.0,-0.0,573.3599684881646,-0.04471803217023804,0.05239940346311289,-0.1254578716699166
10.55,1.612903225806452,6.774193548387097,-0.0,-0.0,573.3656558966223,-0.04470185064837262,0.05244764842144389,-0.12522006143689862
10.56,1.612903225806452,6.774193548387097,-0.0,-0.0,573.3713428024146,-0.044687255354662975,0.0524927052470211,-0.12499192387675578
10.57,1.612903225806452,6.774193548387097,-0.0,-0.0,573.3770292305397,-0.044674128111324096,0.052534779115340324,-0.12477310023769872
10.58,1.612903225806452,6.774193548387097,-0.0,-0.0,573.3827152046562,-0.044662358278440534,0.052574061879043676,-0.12456324230129324
10.59,1.612903225806452,6.774193548387097,-0.0,-0.0,573.3884007471687,-0.04465184236308298,0.05261073298882313,-0.12436201233812023
10.6,1.612903225806452,6.774193548387097,-0.0,-0.0,573.3940858793079,-0.044642483637263364,0.052644960341234004,-0.12416908302942756
10.61,1.612903225806452,6.774193548387097,-0.0,-0.0,573.399770621202,-0.0446341917666333,0.05267690106044409,-0.12398413735866542
10.62,1.612903225806452,6.774193548387097,-0.0,-0.0,573.4054549919437,-0.044626882451222705,0.05270670222025975,-0.12380686847932737
10.63,1.612903225806452,6.774193548387097,-0.0,-0.0,573.4111390096502,-0.044620477079328785,0.052734501511852994,-0.12363697956051087
10.64,1.612903225806452,6.774193548387097,-0.0,-0.0,573.4168226915208,-0.04461490239510699,0.05276042786222701,-0.12347418361645833
10.65,1.612903225806452,6.774193548387097,-0.0,-0.0,573.4225060538876,-0.04461009018040607,0.05278460200765933,-0.12331820332021451
10.66,1.612903225806452,6.774193548387097,-0.0,-0.0,573.4281891122644,-0.0446059769509356,0.05280713702612638,-0.1231687708064986
10.67,1.612903225806452,6.774193548387097,-0.0,-0.0,573.4338718813916,-0.04460250366685159,0.05282813883212867,-0.12302562746479909
10.68,1.612903225806452,6.774193548387097,-0.0,-0.0,573.439554375278,-0.04459961545764152,0.05284770663703431,-0.12288852372465726
10.69,1.612903225806452,6.774193548387097,-0.0,-0.0,573.4452366072396,-0.04459726136105943,0.05286593337776335,-0.1227572188355243
10.7,1.612903225806452,6.774193548387097,-0.0,-0.0,573.4509185899364,-0.044595394075800154,0.05288290611632762,-0.12263148064255561
10.71,1.612903225806452,6.774193548387097,-0.0,-0.0,573.4566003354062,-0.04459396972755239,0.052898706412478735,-0.1225110853592749
10.72,1.612903225806452,6.774193548387097,-0.0,-0.0,573.4622818550974,-0.04459294764795585,0.05291341067156341,-0.12239581733922868
10.73,1.612903225806452,6.774193548387097,-0.0,-0.0,573.467963159899,-0.04459229016605895,0.05292709046938915,-0.12228546884620654
10.74,1.612903225806452,6.774193548387097,-0.0,-0.0,573.4736442601687,-0.04459196241170968,0.052939812855866464,-0.12217983982564895
10.75,1.612903225806452,6.774193548387097,-0.0,-0.0,573.4793251657602,-0.04459193213044477,0.052951640638902675,-0.12207873767632908
10.76,1.612903225806452,6.774193548387097,-0.0,-0.0,573.4850058860483,-0.04459216950928996,0.05296263265002821,-0.12198197702470046
10.77,1.612903225806452,6.774193548387097,-0.0,-0.0,573.4906864299527,-0.04459264701303739,0.05297284399296265,-0.12188937950056594
10.78,1.612903225806452,6.774193548387097,-0.0,-0.0,573.4963668059611,-0.0445933392303966,0.05298232627639676,-0.12180077351673374
10.79,1.612903225806452,6.774193548387097,-0.0,-0.0,573.50204702215,-0.0445942227296231,0.052991127831967355,-0.12171599405058857
10.8,1.612903225806452,6.774193548387097,-0.0,-0.0,573.5077270862056,-0.044595275923010824,0.0529992939185473,-0.12163488243078378
10.81,1.612903225806452,6.774193548387097,-0.0,-0.0,573.5134070054426,-0.04459647893989849,0.05300686691364287,-0.12155728612640332
10.82,1.612903225806452,6.774193548387097,-0.0,-0.0,573.5190867868223,-0.04459781350763098,0.053013886492845,-0.12148305854100652
10.83,1.612903225806452,6.774193548387097,-0.0,-0.0,573.5247664369704,-0.04459926284005389,0.053020389798096756,-0.1214120588113072
10.84,1.612903225806452,6.774193548387097,-0.0,-0.0,573.5304459621929,-0.044600811533149515,0.05302641159547017,-0.12134415160974389
10.85,1.612903225806452,6.774193548387097,-0.0,-0.0,573.5361253684919,-0.04460244546737119,0.05303198442315804,-0.12127920695186709
10.86,1.612903225806452,6.774193548387097,-0.0,-0.0,573.5418046615804,-0.044604151716278545,0.053037138730316014,-0.1212171000087556
10.87,1.612903225806452,6.774193548387097,-0.0,-0.0,8.060806200733502,-0.044605918461131155,0.05304190300730627,-0.12115771092384893
10.88,1.612903225806452,6.774193548387097,-0.0,-0.0,573.5531629296156,-0.04460773491106096,0.05304630390791076,-0.1211009246348116
10.89,1.612903225806452,6.774193548387097,-0.0,-0.0,573.5588419146654,-0.04460959122848479,0.05305036636401872,-0.12104663070045123
10.9,1.612903225806452,6.774193548387097,-0.0,-0.0,573.5645208067357,-0.04461147845947461,0.05305411369322621,-0.1209947231319002
10.91,1.612903225806452,6.774193548387097,-0.0,-0.0,8.08352196412806,-0.044613388468717236,0.05305756769985093,-0.1209451002295273
10.92,1.612903225806452,6.774193548387097,-0.0,-0.0,573.5758783295806,-0.04461531387885692,0.053060748769694244,-0.12089766442372883
10.93,1.612903225806452,6.774193548387097,-0.0,-0.0,573.5815569686506,-0.04461724801387135,0.05306367595901429,-0.12085232212139332
10.94,1.612903225806452,6.774193548387097,-0.0,-0.0,573.5872355313518,-0.044619184846302146,0.05306636707799328,-0.12080898355625912
10.95,1.612903225806452,6.774193548387097,-0.0,-0.0,573.5929140213501,-0.044621118948031696,0.053068838769101956,-0.1207675626446092
10.96,1.612903225806452,6.774193548387097,-0.0,-0.0,8.111914795972659,-0.044623045444423554,0.05307110658063474,-0.12072797684530923
10.97,1.612903225806452,6.774193548387097,-0.0,-0.0,8.117593150867144,-0.04462495997160523,0.05307318503571612,-0.12069014702422969
10.98,1.612903225806452,6.774193548387097,-0.0,-0.0,573.6099490891962,-0.04462685863667534,0.05307508769707214,-0.12065399732343482
10.99,1.612903225806452,6.774193548387097,-0.0,-0.0,573.6156273216451,-0.044628737980673155,0.05307682722780316,-0.12061945503436122
11.0,1.612903225806452,6.774193548387097,-0.0,-0.0,573.6213054972428,-0.04463059494410851,0.05307841544841996,-0.12058645047557595
11.01,1.612903225806452,6.774193548387097,-0.0,-0.0,573.6269836187179,-0.04463242683491456,0.05307986339034787,-0.1205549168742387
11.02,1.612903225806452,6.774193548387097,-0.0,-0.0,573.6326616886679,-0.04463423129861263,0.05308118134616335,-0.12052479025252366
11.03,1.612903225806452,6.774193548387097,-0.0,-0.0,573.6383397095657,-0.04463600629062789,0.05308237891668066,-0.12049600931686304
11.04,1.612903225806452,6.774193548387097,-0.0,-0.0,573.6440176837655,-0.04463775005052173,0.05308346505517303,-0.12046851535218529
11.05,1.612903225806452,6.774193548387097,-0.0,-0.0,573.6496956135085,-0.044639461078099296,0.05308444810881807,-0.12044225211900211
11.06,1.612903225806452,6.774193548387097,-0.0,-0.0,573.6553735009284,-0.04464113811120757,0.05308533585759634,-0.12041716575472128
11.07,1.612903225806452,6.774193548387097,-0.0,-0.0,573.6610513480564,-0.04464278010514394,0.05308613555076769,-0.12039320467828919
11.08,1.612903225806452,6.774193548387097,-0.0,-0.0,8.180051510663581,-0.04464438621355113,0.05308685394108836,-0.12037031949851668
11.09,1.612903225806452,6.774193548387097,-0.0,-0.0,573.6724069290792,-0.04464595577072156,0.05308749731688478,-0.12034846292542037
11.1,1.612903225806452,6.774193548387097,-0.0,-0.0,573.6780846665678,-0.04464748827517434,0.053088071532156667,-0.12032758968550342
11.11,1.612903225806452,6.774193548387097,-0.0,-0.0,573.6837623709606,-0.04464898337449599,0.05308858203475342,-0.12030765643905768
11.12,1.612903225806452,6.774193548387097,-0.0,-0.0,573.6894400438463,-0.04465044085126013,0.053089033892840254,-0.12028862170177783
11.13,1.612903225806452,6.774193548387097,-0.0,-0.0,573.695117686737,-0.04465186061003684,0.0530894318196754,-0.12027044576854719
11.14,1.612903225806452,6.774193548387097,-0.0,-0.0,573.7007953010728,-0.04465324266535778,0.05308978019685917,-0.12025309064077468
11.15,1.612903225806452,6.774193548387097,-0.0,-0.0,573.7064728882244,-0.044654587130646684,0.05309008309607788,-0.12023651995537613
11.16,1.612903225806452,6.774193548387097,-0.0,-0.0,8.225472803334007,-0.044655894207946134,0.05309034429953163,-0.1202206989178072
11.17,1.612903225806452,6.774193548387097,-0.0,-0.0,573.7178279861323,-0.04465716417847865,0.05309056731904016,-0.12020559423678209
11.18,1.612903225806452,6.774193548387097,-0.0,-0.0,573.7235054993139,-0.04465839739392394,0.053090755413962576,-0.12019117406208252
11.19,1.612903225806452,6.774193548387097,-0.0,-0.0,573.7291829901676,-0.04465959426841484,0.05309091160795554,-0.12017740792409676
11.2,1.612903225806452,6.774193548387097,-0.0,-0.0,573.7348604597656,-0.04466075527113586,0.05309103870470511,-0.12016426667662208
11.21,1.612903225806452,6.774193548387097,-0.0,-0.0,573.7405379091285,-0.044661880919561164,0.053091139302617774,-0.1201517224409007
11.22,1.612903225806452,6.774193548387097,-0.0,-0.0,573.746215339228,-0.044662971773198445,0.05309121580862175,-0.12013974855297702
11.23,1.612903225806452,6.774193548387097,-0.0,-0.0,573.7518927509893,-0.04466402842787781,0.05309127045105988,-0.12012831951247652
11.24,1.612903225806452,6.774193548387097,-0.0,-0.0,573.7575701452931,-0.044665051510542425,0.05309130529173334,-0.12011741093284696
11.25,1.612903225806452,6.774193548387097,-0.0,-0.0,573.763247522978,-0.04466604167441149,0.053091322237245,-0.12010699949526248
11.26,1.612903225806452,6.774193548387097,-0.0,-0.0,573.7689248848421,-0.04466699959462764,0.05309132304954278,-0.12009706290270733
11.27,1.612903225806452,6.774193548387097,-0.0,-0.0,573.7746022316456,-0.04466792596424876,0.053091309355820626,-0.12008757983678692
11.28,1.612903225806452,6.774193548387097,-0.0,-0.0,573.7802795641121,-0.044668821490599,0.05309128265777785,-0.12007852991617585
11.29,1.612903225806452,6.774193548387097,-0.0,-0.0,573.7859568829302,-0.04466968689196793,0.05309124434025725,-0.12006989365629482
11.3,1.612903225806452,6.774193548387097,-0.0,-0.0,573.791634188756,-0.04467052289456552,0.053091195679372705,-0.12006165243174893
11.31,1.612903225806452,6.774193548387097,-0.0,-0.0,573.7973114822137,-0.0446713302298371,0.053091137850030834,-0.12005378843850721
11.32,1.612903225806452,6.774193548387097,-0.0,-0.0,573.8029887638976,-0.04467210963195614,0.05309107193304208,-0.12004628465951722
11.33,1.612903225806452,6.774193548387097,-0.0,-0.0,573.8086660343738,-0.04467286183560201,0.053090998921725974,-0.12003912483074279
11.34,1.612903225806452,6.774193548387097,-0.0,-0.0,573.814343294181,-0.04467358757398035,0.05309091972806168,-0.12003229340813613
11.35,1.612903225806452,6.774193548387097,-0.0,-0.0,573.8200205438319,-0.04467428757699013,0.053090835188492336,-0.12002577553731134
11.36,1.612903225806452,6.774193548387097,-0.0,-0.0,573.8256977838149,-0.044674962569625415,0.053090746069303196,-0.12001955702348033
11.37,1.612903225806452,6.774193548387097,-0.0,-0.0,573.831375014595,-0.0446756132705364,0.053090653071658944,-0.1200136243029636
11.38,1.612903225806452,6.774193548387097,-0.0,-0.0,573.8370522366146,-0.04467624039077239,0.05309055683628605,-0.12000796441543461
11.39,1.612903225806452,6.774193548387097,-0.0,-0.0,573.842729450295,-0.044676844632628554,0.05309045794788636,-0.12000256497832722
11.4,1.612903225806452,6.774193548387097,-0.0,-0.0,573.8484066560374,-0.0446774266886735,0.05309035693921438,-0.11999741416131542
11.41,1.612903225806452,6.774193548387097,-0.0,-0.0,573.8540838542234,-0.0446779872408829,0.053090254294898,-0.11999250066230074
11.42,1.612903225806452,6.774193548387097,-0.0,-0.0,573.8597610452167,-0.04467852695987837,0.05309015045501353,-0.11998781368463632
11.43,1.612903225806452,6.774193548387097,-0.0,-0.0,573.8654382293635,-0.044679046504295994,0.053090045818394604,-0.11998334291475425
11.44,1.612903225806452,6.774193548387097,0.0,-0.0,573.871115406993,-0.044679546520247526,0.053089940745721154,-0.11997907850083687
11.45,1.612903225806452,6.774193548387097,0.0,-0.0,573.8767925784189,-0.04468002764083989,0.05308983556242708,-0.11997501103306467
11.46,1.612903225806452,6.774193548387097,0.0,-0.0,573.8824697439397,-0.044680490485800556,0.05308973056138566,-0.11997113152415341
11.47,1.612903225806452,6.774193548387097,0.0,-0.0,573.8881469038398,-0.044680935661190246,0.053089626005396906,-0.11996743139037408
11.48,1.612903225806452,6.774193548387097,0.0,-0.0,573.8938240583897,-0.0446813637591498,0.05308952212953566,-0.1199639024341585
11.49,1.612903225806452,6.774193548387097,0.0,-0.0,573.8995012078469,-0.04468177535772683,0.05308941914331855,-0.11996053682700572
11.5,1.612903225806452,6.774193548387097,0.0,-0.0,573.9051783524568,-0.044682171020757444,0.05308931723272137,-0.11995732709311889
11.51,1.612903225806452,6.774193548387097,0.0,-0.0,573.9108554924527,-0.04468255129779383,0.05308921656205923,-0.11995426609384967
11.52,1.612903225806452,6.774193548387097,0.0,-0.0,573.9165326280569,-0.044682916724071736,0.053089117275739395,-0.11995134701292633
11.53,1.612903225806452,6.774193548387097,0.0,-0.0,573.9222097594809,-0.044683267820533695,0.05308901949987754,-0.11994856334197988
11.54,1.612903225806452,6.774193548387097,0.0,-0.0,573.927886886926,-0.04468360509388364,0.053088923343802885,-0.11994590886680055
11.55,1.612903225806452,6.774193548387097,0.0,-0.0,573.933564010584,-0.044683929036645476,0.05308882890148481,-0.11994337765486315
11.56,1.612903225806452,6.774193548387097,0.0,-0.0,573.9392411306372,-0.04468424012730904,0.05308873625280164,-0.11994096404205298
11.57,1.612903225806452,6.774193548387097,0.0,-0.0,573.9449182472597,-0.044684538830444126,0.05308864546477288,-0.11993866262129778
11.58,1.612903225806452,6.774193548387097,0.0,-0.0,573.9505953606165,-0.044684825596890715,0.05308855659265166,-0.11993646823046611
11.59,1.612903225806452,6.774193548387097,0.0,-0.0,573.9562724708651,-0.04468510086390179,0.05308846968100178,-0.11993437594235415
11.6,1.612903225806452,6.774193548387097,0.0,-0.0,573.9619495781554,-0.044685365055371684,0.053088384764632846,-0.11993238105355725
11.61,1.612903225806452,6.774193548387097,0.0,-0.0,573.96762668263,-0.044685618582060715,0.053088301869481325,-0.11993047907425121
11.62,1.612903225806452,6.774193548387097,0.0,-0.0,573.9733037844247,-0.04468586184177967,0.05308822101348043,-0.1199286657196604
11.63,1.612903225806452,6.774193548387097,0.0,-0.0,573.9789808836687,-0.04468609521969233,0.0530881422072611,-0.11992693689944327
11.64,1.612903225806452,6.774193548387097,0.0,-0.0,573.984657980485,-0.04468631908849724,0.05308806545492506,-0.11992528871054708
11.65,1.612903225806452,6.774193548387097,0.0,-0.0,573.9903350749909,-0.04468653380875223,0.05308799075463033,-0.11992371742726425
11.66,1.612903225806452,6.774193548387097,0.0,-0.0,573.9960121672975,-0.04468673972909004,0.053087918099241516,-0.11992221949438094
11.67,1.612903225806452,6.774193548387097,0.0,-0.0,8.51501161134842,-0.04468693718650152,0.053087847476871675,-0.11992079151920353
11.68,1.612903225806452,6.774193548387097,0.0,-0.0,574.0073663457329,-0.04468712650662335,0.05308777887137961,-0.1199194302639145
11.69,1.612903225806452,6.774193548387097,0.0,-0.0,574.0130434320587,-0.044687308003993564,0.0530877122628618,-0.11991813263905698
11.7,1.612903225806452,6.774193548387097,0.0,-0.0,574.0187205165802,-0.04468748198234401,0.0530876476280725,-0.11991689569652002
11.71,1.612903225806452,6.774193548387097,0.0,-0.0,574.0243975993844,-0.04468764873487355,0.05308758494082777,-0.11991571662327907
11.72,1.612903225806452,6.774193548387097,0.0,-0.0,574.0300746805543,-0.04468780854452617,0.0530875241723735,-0.11991459273530661
11.73,1.612903225806452,6.774193548387097,0.0,-0.0,574.0357517601688,-0.044687961684269056,0.053087465291720926,-0.11991352147174852
11.74,1.612903225806452,6.774193548387097,0.0,-0.0,574.0414288383029,-0.04468810841736823,0.0530874082659577,-0.11991250038936234
11.75,1.612903225806452,6.774193548387097,0.0,-0.0,574.0471059150282,-0.04468824899766763,0.05308735306052437,-0.11991152715708624
11.76,1.612903225806452,6.774193548387097,0.0,-0.0,574.0527829904128,-0.0446883836698565,0.05308729963947856,-0.11991059955107439
11.77,1.612903225806452,6.774193548387097,0.0,-0.0,574.0584600645213,-0.04468851266974713,0.05308724796572217,-0.11990971544961526
11.78,1.612903225806452,6.774193548387097,0.0,-0.0,574.0641371374155,-0.04468863622452615,0.05308719800123074,-0.11990887282883689
11.79,1.612903225806452,6.774193548387097,0.0,-0.0,8.583136562991278,-0.044688754553020876,0.05308714970724582,-0.11990806975816252
11.8,1.612903225806452,6.774193548387097,0.0,-0.0,574.0754912797927,-0.0446888678659762,0.053087103044433315,-0.11990730439562139
11.81,1.612903225806452,6.774193548387097,0.0,-0.0,574.0811683493847,-0.044688976366268646,0.053087057973085106,-0.11990657498472192
11.82,1.612903225806452,6.774193548387097,0.0,-0.0,574.0868454179806,-0.04468908024920387,0.05308701445321706,-0.1199058798494458
11.83,1.612903225806452,6.774193548387097,0.0,-0.0,574.0925224856286,-0.044689179702716686,0.05308697244474481,-0.11990521739158735
11.84,1.612903225806452,6.774193548387097,0.0,-0.0,574.0981995523745,-0.044689274907638854,0.053086931907575075,-0.11990458608654493
11.85,1.612903225806452,6.774193548387097,0.0,-0.0,574.1038766182618,-0.044689366037923256,0.053086892801722185,-0.11990398448018608
11.86,1.612903225806452,6.774193548387097,0.0,-0.0,574.1095536833321,-0.04468945326086263,0.05308685508741451,-0.11990341118585975
11.87,1.612903225806452,6.774193548387097,0.0,-0.0,574.1152307476251,-0.04468953673733214,0.05308681872516152,-0.11990286488087179
11.88,1.612903225806452,6.774193548387097,0.0,-0.0,574.1209078111782,-0.04468961662200274,0.05308678367583408,-0.11990234430366932
11.89,1.612903225806452,6.774193548387097,0.0,-0.0,574.1265848740272,-0.04468969306353887,0.053086749900748464,-0.11990184825138185
11.9,1.612903225806452,6.774193548387097,0.0,-0.0,574.1322619362062,-0.04468976620482484,0.053086717361706115,-0.1199013755766944
11.91,1.612903225806452,6.774193548387097,0.0,-0.0,574.1379389977476,-0.044689836183147424,0.053086686021065255,-0.11990092518575021
11.92,1.612903225806452,6.774193548387097,0.0,-0.0,574.1436160586823,-0.0446899031304159,0.05308665584176364,-0.1199004960351461
11.93,1.612903225806452,6.774193548387097,0.0,-0.0,574.1492931190395,-0.04468996717333401,0.05308662678737619,-0.11990008713006077
11.94,1.612903225806452,6.774193548387097,0.0,-0.0,574.1549701788474,-0.044690028433584966,0.053086598822149944,-0.1198996975220339
11.95,1.612903225806452,6.774193548387097,0.0,-0.0,574.1606472381325,-0.04469008702803623,0.05308657191100841,-0.11989932630627742
11.96,1.612903225806452,6.774193548387097,0.0,-0.0,8.679646650757254,-0.04469014306888042,0.053086546019608716,-0.11989897262044612
11.97,1.612903225806452,6.774193548387097,0.0,-0.0,574.1720013552341,-0.044690196663833726,0.05308652111433343,-0.11989863564202836
11.98,1.612903225806452,6.774193548387097,0.0,-0.0,574.1776784130977,-0.04469024791627205,0.053086497162334045,-0.1198983145871737
11.99,1.612903225806452,6.774193548387097,0.0,-0.0,574.1833554705327,-0.04469029692542889,0.053086474131505246,-0.11989800870803273
12.0,1.612903225806452,6.774193548387097,0.0,-0.0,8.702354881396893,-0.04469034378651121,0.05308645199053241,-0.11989771729198184
12.01,1.612903225806452,6.129032258064516,0.0,-0.0,574.1945851634722,-0.045755018059592395,0.004335890799811559,-0.1205559186076568
12.02,1.612903225806452,6.129032258064516,0.0,-0.0,574.2000343454816,-0.046542071030809845,0.009818144361392944,-0.12086320122964822
12.03,1.612903225806452,6.129032258064516,0.0,-0.0,8.718721547685156,-0.047075539160423924,0.014395295000190322,-0.12086449284745995
12.04,1.612903225806452,6.129032258064516,0.0,-0.0,574.2106959631952,-0.047407203801624526,0.018189218914991367,-0.12060064070972745
12.05,1.612903225806452,6.129032258064516,0.0,-0.0,574.2159375072494,-0.047568436155352056,0.021374639325415612,-0.12016450200269305
12.06,1.612903225806452,6.129032258064516,0.0,-0.0,574.2211339154431,-0.04760732718542515,0.024070981429995864,-0.1195627143237047
12.07,1.612903225806452,6.129032258064516,0.0,-0.0,574.2262948608317,-0.04753242036381575,0.026294934249804447,-0.11885953527500666
12.08,1.612903225806452,6.129032258064516,0.0,-0.0,574.2314267627704,-0.04738314362990964,0.028204244042647986,-0.11810057700471974
12.09,1.612903225806452,6.129032258064516,0.0,-0.0,574.2365344539281,-0.04718785680540449,0.029866704199471794,-0.11727611159600086
12.1,1.612903225806452,6.129032258064516,0.0,-0.0,574.2416218876929,-0.046958014927039965,0.03132414409223472,-0.11641468219396267
12.11,1.612903225806452,6.129032258064516,0.0,-0.0,574.2466923610955,-0.046701807253576255,0.03260814970612558,-0.11554130944455994
12.12,1.612903225806452,6.129032258064516,0.0,-0.0,574.2517486327723,-0.04642635017415092,0.03374423137113147,-0.11467335035638614
12.13,1.612903225806452,6.129032258064516,0.0,-0.0,574.2567930012325,-0.04613821189506043,0.03475370458241284,-0.11382107312042763
12.14,1.612903225806452,6.129032258064516,0.0,-0.0,574.2618271450749,-0.0458511509099942,0.03566037740467376,-0.11296086069461025
12.15,1.612903225806452,6.129032258064516,0.0,-0.0,574.2668524659094,-0.04556861314492763,0.0364775894426026,-0.11209926197553062
12.16,1.612903225806452,6.129032258064516,0.0,-0.0,574.2718701643194,-0.0452922835655937,0.037215837957859044,-0.11124507426156835
12.17,1.612903225806452,6.129032258064516,0.0,-0.0,574.2768812643419,-0.04502368742145743,0.037884296374832704,-0.11040435904732884
12.18,1.612903225806452,6.129032258064516,0.0,-0.0,8.795208991867518,-0.04476407590636722,0.03849092373615648,-0.10958138246984345
12.19,1.612903225806452,6.129032258064516,0.0,-0.0,574.2868870275456,-0.04451441805990755,0.03904262247310403,-0.10877912701758746
12.2,1.612903225806452,6.129032258064516,0.0,-0.0,574.2918830645453,-0.04427541815261887,0.03954538482613279,-0.1079996386591874
12.21,1.612903225806452,6.129032258064516,0.0,-0.0,574.2968752870064,-0.04404754252500756,0.040004421496028175,-0.10724427520526568
12.22,1.612903225806452,6.129032258064516,0.0,-0.0,574.3018641536777,-0.043831051096275386,0.04042427378723168,-0.10651388284158682
12.23,1.612903225806452,6.129032258064516,0.0,-0.0,574.3068500563993,-0.04362602983468988,0.04080891039920809,-0.10580892221022704
12.24,1.612903225806452,6.129032258064516,0.0,-0.0,574.3118333305462,-0.04343242167530187,0.04116181018651921,-0.10512956000371568
12.25,1.612903225806452,6.129032258064516,0.0,-0.0,574.316814263849,-0.04325005454751524,0.04148603246540172,-0.10447573694308704
12.26,1.612903225806452,6.129032258064516,0.0,-0.0,574.3217931038266,-0.04307866598958571,0.04178427652689953,-0.10384721929009838
12.27,1.612903225806452,6.129032258064516,0.0,-0.0,574.3267700640398,-0.042917924302554616,0.042058931941208855,-0.10324363859724557
12.28,1.612903225806452,6.129032258064516,0.0,-0.0,574.3317453293473,-0.04276744644378133,0.04231212107925719,-0.10266452283917701
12.29,1.612903225806452,6.129032258064516,0.0,-0.0,574.3367190603225,-0.0426268129723687,0.04254573509148463,-0.1021093210831734
12.3,1.612903225806452,6.129032258064516,0.0,-0.0,8.855013750799337,-0.04249558039580967,0.042761464400311366,-0.10157742321273623
12.31,1.612903225806452,6.129032258064516,0.0,-0.0,574.3466624618021,-0.042373291263960944,0.04296082459631323,-0.10106817580168431
12.32,1.612903225806452,6.129032258064516,0.0,-0.0,574.3516323625339,-0.0422594823337781,0.043145178482738855,-0.10058089494583046
12.33,1.612903225806452,6.129032258064516,0.0,-0.0,574.3566011942034,-0.04215369109668954,0.04331575488950057,-0.10011487666574097
12.34,1.612903225806452,6.129032258064516,0.0,-0.0,574.3615690410593,-0.04205546092674692,0.04347366477374148,-0.09966940534863386
12.35,1.612903225806452,6.129032258064516,0.0,-0.0,574.3665359781063,-0.04196434507444918,0.043619915037533596,-0.09924376059710467
12.36,1.612903225806452,6.129032258064516,0.0,-0.0,574.3715020724139,-0.04187990970025601,0.04375542042134617,-0.09883722277659072
12.37,1.612903225806452,6.129032258064516,0.0,-0.0,574.3764673842171,-0.04180173611406943,0.043881013772151034,-0.09844907749121536
12.38,1.612903225806452,6.129032258064516,0.0,-0.0,574.3814319678452,-0.041729422362045465,0.0439974549358324,-0.09807861917903797
12.39,1.612903225806452,6.129032258064516,0.0,-0.0,574.3863958725052,-0.041662584280685255,0.04410543848241122,-0.09772515397590562
12.4,1.612903225806452,6.129032258064516,0.0,-0.0,8.904681496781443,-0.041600856119180324,0.044205600438847636,-0.09738800197559624
12.41,1.612903225806452,6.129032258064516,0.0,-0.0,574.3963218200097,-0.041543890814946444,0.04429852417586955,-0.09706649898766079
12.42,1.612903225806452,6.129032258064516,0.0,-0.0,574.4012839411251,-0.04149135999333914,0.0443847455719224,-0.09675999787879914
12.43,1.612903225806452,6.129032258064516,0.0,-0.0,574.4062455406937,-0.04144295375078799,0.04446475755775492,-0.09646786956662641
12.44,1.612903225806452,6.129032258064516,0.0,-0.0,574.4112066504423,-0.04139838027038112,0.04453901412904304,-0.09618950372714527
12.45,1.612903225806452,6.129032258064516,0.0,-0.0,574.4161672997154,-0.04135736531056056,0.04460793390072204,-0.09592430926257042
12.46,1.612903225806452,6.129032258064516,0.0,-0.0,574.4211275157269,-0.04131965160026185,0.04467190326547421,-0.09567171457172118
12.47,1.612903225806452,6.129032258064516,0.0,-0.0,574.4260873237761,-0.041284998167807785,0.04473127920926934,-0.0954311676569313
12.48,1.612903225806452,6.129032258064516,0.0,-0.0,574.4310467474346,-0.041253179625751896,0.04478639182890687,-0.09520213609626753
12.49,1.612903225806452,6.129032258064516,0.0,-0.0,574.4360058087076,-0.04122398542959316,0.044837546589822974,-0.09498410690517553
12.5,1.612903225806452,6.129032258064516,0.0,-0.0,574.4409645281743,-0.041197219124683465,0.04488502635683439,-0.0947765863087093
12.51,1.612903225806452,6.129032258064516,0.0,-0.0,574.4459229251106,-0.041172697592741836,0.04492909322569549,-0.09457909944020951
12.52,1.612903225806452,6.129032258064516,0.0,-0.0,574.450881017597,-0.04115025030684652,0.044969990179433206,-0.0943911899821069
12.53,1.612903225806452,6.129032258064516,0.0,-0.0,574.455838822613,-0.041129718601805004,0.04500794258998442,-0.09421241975988416
12.54,1.612903225806452,6.129032258064516,0.0,-0.0,574.4607963561215,-0.0411109549650604,0.0450431595828773,-0.09404236830051281
12.55,1.612903225806452,6.129032258064516,0.0,-0.0,574.4657536331434,-0.04109382235195491,0.045075835280244836,-0.09388063236374666
12.56,1.612903225806452,6.129032258064516,0.0,-0.0,574.470710667825,-0.04107819352807959,0.04510614993538198,-0.09372682545232422
12.57,1.612903225806452,6.129032258064516,0.0,-0.0,574.4756674734974,-0.04106395044042699,0.045134270970418444,-0.09358057730934079
12.58,1.612903225806452,6.129032258064516,0.0,-0.0,574.480624062732,-0.0410509836184518,0.04516035392707951,-0.09344153340616133
12.59,1.612903225806452,6.129032258064516,0.0,-0.0,574.485580447389,-0.04103919160548439,0.04518454333931521,-0.0933093544258886
12.6,1.612903225806452,6.129032258064516,0.0,-0.0,574.490536638663,-0.0410284804205133,0.04520697353546699,-0.0931837157456389
12.61,1.612903225806452,6.129032258064516,0.0,-0.0,574.495492647124,-0.041018763049961854,0.04522776937674311,-0.09306430692127976
12.62,1.612903225806452,6.129032258064516,0.0,-0.0,574.5004484827552,-0.041009958968863364,0.045247046937922364,-0.09295083117593302
12.63,1.612903225806452,6.129032258064516,0.0,-0.0,574.5054041549885,-0.041001993690536864,0.04526491413561484,-0.09284300489616917
12.64,1.612903225806452,6.129032258064516,0.0,-0.0,574.5103596727362,-0.04099479834385977,0.04528147130867033,-0.0927405571347674
12.65,1.612903225806452,6.129032258064516,0.0,-0.0,574.5153150444215,-0.04098830927695374,0.045296811754987454,-0.0926432291240545
12.66,1.612903225806452,6.129032258064516,0.0,-0.0,574.5202702780065,-0.04098246768615593,0.045311022228402886,-0.09255077379968364
12.67,1.612903225806452,6.129032258064516,0.0,-0.0,574.5252253810179,-0.040977219269067944,0.045324183398997464,-0.09246295533562325
12.68,1.612903225806452,6.129032258064516,0.0,-0.0,574.530180360572,-0.04097251390044804,0.0453363702798254,-0.09237954869125711
12.69,1.612903225806452,6.129032258064516,0.0,-0.0,574.5351352233972,-0.040968305329725674,0.0453476526227633,-0.09230033917099448
12.7,1.612903225806452,6.129032258064516,0.0,-0.0,574.5400899758556,-0.0409645508989297,0.04535809528592527,-0.0922251219967465
12.71,1.612903225806452,6.129032258064516,0.0,-0.0,574.545044623963,-0.040961211279837983,0.04536775857486475,-0.09215370189374082
12.72,1.612903225806452,6.129032258064516,0.0,-0.0,574.5499991734081,-0.040958250229217535,0.04537669855955989,-0.09208589268935147
12.73,1.612903225806452,6.129032258064516,0.0,-0.0,9.068275983407482,-0.040955634361036025,0.045384967369027585,-0.09202151692533277
12.74,1.612903225806452,6.129032258064516,0.0,-0.0,574.5599079975366,-0.04095333293459319,0.04539261346522805,-0.09196040548308675
12.75,1.612903225806452,6.129032258064516,0.0,-0.0,574.5648622821176,-0.04095131765754895,0.04539968189779908,-0.09190239722222827
12.76,1.612903225806452,6.129032258064516,0.0,-0.0,574.5698164878621,-0.040949562502895026,0.04540621454101179,-0.0918473386318298
12.77,1.612903225806452,6.129032258064516,0.0,-0.0,574.5747706190718,-0.04094804353892181,0.045412250314267044,-0.0917950834953219
12.78,1.612903225806452,6.129032258064516,0.0,-0.0,574.5797246798145,-0.040946738771375446,0.04541782538725769,-0.09174549256677275
12.79,1.612903225806452,6.129032258064516,0.0,-0.0,574.5846786739365,-0.040945627996927,0.04542297337094836,-0.09169843326034655
12.8,1.612903225806452,6.129032258064516,0.0,-0.0,574.5896326050752,-0.040944692667220894,0.04542772549534224,-0.09165377935142208
12.81,1.612903225806452,6.129032258064516,0.0,-0.0,574.5945864766696,-0.0409439157627641,0.04543211077498133,-0.09161141068964977
12.82,1.612903225806452,6.129032258064516,0.0,-0.0,574.599540291972,-0.04094328167598457,0.04543615616303043,-0.09157121292330292
12.83,1.612903225806452,6.129032258064516,0.0,-0.0,574.6044940540571,-0.04094277610281541,0.04543988669475024,-0.09153307723495241
12.84,1.612903225806452,6.129032258064516,0.0,-0.0,574.6094477658327,-0.04094238594222083,0.04544332562108344,-0.09149690008768688
12.85,1.612903225806452,6.129032258064516,0.0,-0.0,574.6144014300476,-0.040942099203100435,0.04544649453304517,-0.0914625829817828
12.86,1.612903225806452,6.129032258064516,0.0,-0.0,574.6193550493011,-0.040941904918028404,0.04544941347757547,-0.0914300322222887
12.87,1.612903225806452,6.129032258064516,0.0,-0.0,574.6243086260508,-0.04094179306340523,0.04545210106537856,-0.09139915869503876
12.88,1.612903225806452,6.129032258064516,0.0,-0.0,574.6292621626202,-0.040941754485484844,0.04545457457138191,-0.09136987765360562
12.89,1.612903225806452,6.129032258064516,0.0,-0.0,574.634215661206,-0.040941780831928454,0.04545685002825017,-0.091342108514369
12.9,1.612903225806452,6.129032258064516,0.0,-0.0,9.152491477722371,-0.04094186448844478,0.045458942313472916,-0.09131577466096863
12.91,1.612903225806452,6.129032258064516,0.0,-0.0,574.6441225526213,-0.04094199852017366,0.04546086523044468,-0.09129080325702385
12.92,1.612903225806452,6.129032258064516,0.0,-0.0,574.6490759492708,-0.04094217661746122,0.045462631583958246,-0.09126712506716315
12.93,1.612903225806452,6.129032258064516,0.0,-0.0,574.6540293155887,-0.040942393045712705,0.04546425325048725,-0.09124467428591916
12.94,1.612903225806452,6.129032258064516,0.0,-0.0,574.6589826532341,-0.04094264259902117,0.04546574124362318,-0.09122338837444138
12.95,1.612903225806452,6.129032258064516,0.0,-0.0,574.6639359637759,-0.040942920557317325,0.04546710577497576,-0.09120320790403667
12.96,1.612903225806452,6.129032258064516,0.0,-0.0,574.6688892486967,-0.04094322264676564,0.04546835631086654,-0.09118407640693925
12.97,1.612903225806452,6.129032258064516,0.0,-0.0,574.6738425093986,-0.04094354500315786,0.045469501625114095,-0.09116594023437272
12.98,1.612903225806452,6.129032258064516,0.0,-0.0,574.6787957472068,-0.040943884138136405,0.04547054984812615,-0.09114874841992782
12.99,1.612903225806452,6.129032258064516,0.0,-0.0,574.6837489633741,-0.04094423690797308,0.04547150851261861,-0.09113245255026904
13.0,1.612903225806452,6.129032258064516,0.0,-0.0,9.2020245129222,-0.040944600484765115,0.04547238459614178,-0.09111700664120914
13.01,1.612903225806452,6.129032258064516,0.0,-0.0,574.6936553354591,-0.040944972329851004,0.04547318456065208,-0.09110236701958356
13.02,1.612903225806452,6.129032258064516,0.0,-0.0,574.6986084935548,-0.040945350169288935,0.0454739143893243,-0.09108849221047496
13.03,1.612903225806452,6.129032258064516,0.0,-0.0,574.7035616343728,-0.04094573197123258,0.045474579620807365,-0.09107534282998442
13.04,1.612903225806452,6.129032258064516,0.0,-0.0,574.7085147588589,-0.04094611592507871,0.045475185381081806,-0.09106288148278643
13.05,1.612903225806452,6.129032258064516,0.0,-0.0,574.7134678679072,-0.04094650042225065,0.045475736413089884,-0.09105107266446387
13.06,1.612903225806452,6.129032258064516,0.0,-0.0,574.718420962363,-0.04094688403849006,0.04547623710429516,-0.09103988266853497
13.07,1.612903225806452,6.129032258064516,0.0,-0.0,574.7233740430253,-0.04094726551755337,0.0454766915123061,-0.09102927949774418
13.08,1.612903225806452,6.129032258064516,0.0,-0.0,574.7283271106493,-0.0409476437561995,0.04547710338870503,-0.09101923277965422
13.09,1.612903225806452,6.129032258064516,0.0,-0.0,574.733280165949,-0.04094801779036911,0.0454774762012079,-0.09100971368646515
13.1,1.612903225806452,6.129032258064516,0.0,-0.0,574.7382332095996,-0.04094838678249299,0.04547781315424393,-0.09100069485797664
13.11,1.612903225806452,6.129032258064516,0.0,-0.0,574.743186242239,-0.04094875000980011,0.045478117208107904,-0.09099215032899782
13.12,1.612903225806452,6.129032258064516,0.0,-0.0,574.7481392644702,-0.040949106853598094,0.045478391096734905,-0.09098405545945099
13.13,1.612903225806452,6.129032258064516,0.0,-0.0,574.7530922768634,-0.04094945678939341,0.04547863734425306,-0.09097638686894269
13.14,1.612903225806452,6.129032258064516,0.0,-0.0,574.7580452799575,-0.04094979937785878,0.045478858280325385,-0.09096912237326558
13.15,1.612903225806452,6.129032258064516,0.0,-0.0,574.762998274262,-0.040950134256516196,0.045479056054433975,-0.0909622409249577
13.16,1.612903225806452,6.129032258064516,0.0,-0.0,574.7679512602584,-0.040950461132141375,0.04547923264911735,-0.09095572255573471
13.17,1.612903225806452,6.129032258064516,0.0,-0.0,574.7729042384019,-0.040950779773766044,0.04547938989230327,-0.09094954832293688
13.18,1.612903225806452,6.129032258064516,0.0,-0.0,574.7778572091228,-0.040951090006300594,0.04547952946873024,-0.09094370025758576
13.19,1.612903225806452,6.129032258064516,0.0,-0.0,574.7828101728278,-0.04095139170468287,0.045479652930568104,-0.09093816131541134
13.2,1.612903225806452,6.129032258064516,0.0,-0.0,574.7877631299015,-0.04095168478853281,0.04547976170727297,-0.09093291533015864
13.21,1.612903225806452,6.129032258064516,0.0,-0.0,574.7927160807072,-0.040951969217263046,0.045479857114739564,-0.09092794696929407
13.22,1.612903225806452,6.129032258064516,0.0,-0.0,574.7976690255887,-0.040952244985619,0.04547994036379255,-0.0909232416917734
13.23,1.612903225806452,6.129032258064516,0.0,-0.0,574.8026219648705,-0.0409525121196099,0.045480012568066,-0.09091878570788417
13.24,1.612903225806452,6.129032258064516,0.0,-0.0,574.8075748988596,-0.04095277067279382,0.04548007475132115,-0.09091456594129166
13.25,1.612903225806452,6.129032258064516,0.0,-0.0,574.8125278278461,-0.040953020722904854,0.045480127854225505,-0.09091056999262627
13.26,1.612903225806452,6.129032258064516,0.0,-0.0,574.8174807521044,-0.040953262368775806,0.04548017274065008,-0.09090678610520425
13.27,1.612903225806452,6.129032258064516,0.0,-0.0,574.8224336718937,-0.040953495727554884,0.04548021020349691,-0.09090320313200165
13.28,1.612903225806452,6.129032258064516,0.0,-0.0,574.827386587459,-0.040953720932161264,0.04548024097012149,-0.09089981050493547
13.29,1.612903225806452,6.129032258064516,0.0,-0.0,574.8323394990321,-0.04095393812900103,0.04548026570733743,-0.09089659820489655
13.3,1.612903225806452,6.129032258064516,0.0,-0.0,574.8372924068317,-0.040954147475877806,0.04548028502607798,-0.09089355673405151
13.31,1.612903225806452,6.129032258064516,0.0,-0.0,574.842245311065,-0.04095434914012075,0.04548029948569943,-0.09089067708897804
13.32,1.612903225806452,6.129032258064516,0.0,-0.0,574.8471982119274,-0.04095454329689527,0.045480309597969004,-0.09088795073513425
13.33,1.612903225806452,6.129032258064516,0.0,-0.0,574.852151109604,-0.04095473012766296,0.045480315830777884,-0.0908853695832797
13.34,1.612903225806452,6.129032258064516,0.0,-0.0,574.8571040042696,-0.04095490981882577,0.04548031861155155,-0.09088292596608051
13.35,1.612903225806452,6.129032258064516,0.0,-0.0,574.8620568960893,-0.04095508256048094,0.04548031833043664,-0.09088061261688671
13.36,1.612903225806452,6.129032258064516,0.0,-0.0,574.8670097852191,-0.040955248545339246,0.0454803153432185,-0.0908784226484653
13.37,1.612903225806452,6.129032258064516,0.0,-0.0,574.871962671807,-0.04095540796771069,0.045480309974071154,-0.09087634953447739
13.38,1.612903225806452,6.129032258064516,0.0,-0.0,574.8769155559921,-0.04095556102266942,0.0454803025180332,-0.09087438708955643
13.39,1.612903225806452,6.129032258064516,0.0,-0.0,574.8818684379065,-0.04095570790524261,0.04548029324336944,-0.09087252945282662
13.4,1.612903225806452,6.129032258064516,0.0,-0.0,9.400143671512062,-0.040955848809740514,0.04548028239370794,-0.09087077107061019
13.41,1.612903225806452,6.129032258064516,0.0,-0.0,574.8917741954148,-0.040955983929157724,0.045480270190023875,-0.09086910668032032
13.42,1.612903225806452,6.129032258064516,0.0,-0.0,574.8967270712378,-0.04095611345461908,0.045480256832504784,-0.09086753129619493
13.43,1.612903225806452,6.129032258064516,0.0,-0.0,574.9016799452492,-0.04095623757495093,0.04548024250221783,-0.09086604019385094
13.44,1.612903225806452,6.129032258064516,0.0,-0.0,574.9066328175483,-0.04095635647625351,0.045480227362708514,-0.09086462889762356
13.45,1.612903225806452,6.129032258064516,0.0,-0.0,574.9115856882291,-0.04095647034156888,0.045480211561439665,-0.09086329316723073
13.46,1.612903225806452,6.129032258064516,0.0,-0.0,574.9165385573806,-0.040956579350587136,0.045480195231132,-0.09086202898555032
13.47,1.612903225806452,6.129032258064516,0.0,-0.0,574.9214914250867,-0.04095668367938751,0.04548017849101238,-0.09086083254736406
13.48,1.612903225806452,6.129032258064516,0.0,-0.0,574.926444291427,-0.04095678350025225,0.04548016144793515,-0.09085970024767169
13.49,1.612903225806452,6.129032258064516,0.0,-0.0,574.9313971564761,-0.040956878981482786,0.0454801441974505,-0.0908586286717068
13.5,1.612903225806452,6.129032258064516,0.0,-0.0,574.9363500203053,-0.04095697028725814,0.04548012682478164,-0.09085761458526051
13.51,1.612903225806452,6.129032258064516,0.0,-0.0,574.9413028829815,-0.04095705757755208,0.04548010940569791,-0.09085665492449121
13.52,1.612903225806452,6.129032258064516,0.0,-0.0,574.9462557445681,-0.04095714100803144,0.045480092007363915,-0.09085574678780893
13.53,1.612903225806452,6.129032258064516,0.0,-0.0,9.464530958962191,-0.04095722073002203,0.04548007468907911,-0.09085488742674108
13.54,1.612903225806452,6.129032258064516,0.0,-0.0,574.9561614647087,-0.04095729689045896,0.045480057502995885,-0.09085407423848385
13.55,1.612903225806452,6.129032258064516,0.0,-0.0,574.9611143233726,-0.04095736963188737,0.04548004049474946,-0.09085330475784471
13.56,1.612903225806452,6.129032258064516,0.0,-0.0,574.9660671811674,-0.040957439092455555,0.045480023704061845,-0.09085257665037301
13.57,1.612903225806452,6.129032258064516,0.0,-0.0,574.9710200381409,-0.040957505405944145,0.04548000716527628,-0.09085188770518147
13.58,1.612903225806452,6.129032258064516,0.0,-0.0,574.975972894338,-0.04095756870179154,0.045479990907865364,-0.09085123582868984
13.59,1.612903225806452,6.129032258064516,0.0,-0.0,574.9809257498017,-0.04095762910513745,0.04547997495689149,-0.09085061903847719
13.6,1.612903225806452,6.129032258064516,0.0,-0.0,574.9858786045722,-0.04095768673688388,0.04547995933342264,-0.0908500354572255
13.61,1.612903225806452,6.129032258064516,0.0,-0.0,574.9908314586876,-0.04095774171375735,0.04547994405492001,-0.09084948330719311
13.62,1.612903225806452,6.129032258064516,0.0,-0.0,574.9957843121839,-0.0409577941483627,0.04547992913561116,-0.09084896090554391
13.63,1.612903225806452,6.129032258064516,0.0,-0.0,575.0007371650952,-0.040957844149286105,0.04547991458678857,-0.0908484666584706
13.64,1.612903225806452,6.129032258064516,0.0,-0.0,575.0056900174536,-0.04095789182115747,0.04547990041712835,-0.09084799905716835
13.65,1.612903225806452,6.129032258064516,0.0,-0.0,575.0106428692897,-0.04095793726474295,0.045479886632957656,-0.09084755667314412
13.66,1.612903225806452,6.129032258064516,0.0,-0.0,575.015595720632,-0.0409579805770425,0.04547987323849695,-0.09084713815375836
13.67,1.612903225806452,6.129032258064516,0.0,-0.0,575.0205485715078,-0.04095802185136549,0.04547986023610595,-0.09084674221878374
13.68,1.612903225806452,6.129032258064516,0.0,-0.0,575.0255014219427,-0.04095806117745021,0.045479847626468395,-0.09084636765580836
13.69,1.612903225806452,6.129032258064516,0.0,-0.0,575.030454271961,-0.04095809864153971,0.04547983540880307,-0.09084601331731613
13.7,1.612903225806452,6.129032258064516,0.0,-0.0,575.0354071215856,-0.04095813432648773,0.04547982358102998,-0.09084567811704529
13.71,1.612903225806452,6.129032258064516,0.0,-0.0,575.0403599708383,-0.040958168311859694,0.04547981213992591,-0.0908453610266399
13.72,1.612903225806452,6.129032258064516,0.0,-0.0,575.0453128197394,-0.040958200674032275,0.04547980108126748,-0.09084506107258396
13.73,1.612903225806452,6.129032258064516,0.0,-0.0,575.0502656683083,-0.04095823148628866,0.04547979039996547,-0.09084477733341033
13.74,1.612903225806452,6.129032258064516,0.0,-0.0,575.0552185165633,-0.040958260818917014,0.0454797800901835,-0.09084450893694754
13.75,1.612903225806452,6.129032258064516,0.0,-0.0,575.0601713645217,-0.04095828873931073,0.045479770145442244,-0.09084425505759879
13.76,1.612903225806452,6.129032258064516,0.0,-0.0,575.0651242121997,-0.040958315312065646,0.045479760558716664,-0.09084401491386976
13.77,1.612903225806452,6.129032258064516,0.0,-0.0,575.0700770596129,-0.04095834059906783,0.045479751322531126,-0.09084378776625511
13.78,1.612903225806452,6.129032258064516,0.0,-0.0,575.0750299067759,-0.04095836465959479,0.0454797424290313,-0.09084357291479304
13.79,1.612903225806452,6.129032258064516,0.0,-0.0,575.0799827537023,-0.040958387550410286,0.045479733870053496,-0.09084336969684975
13.8,1.612903225806452,6.129032258064516,0.0,-0.0,575.0849356004053,-0.04095840932584846,0.04547972563719471,-0.09084317748535632
13.81,1.612903225806452,6.129032258064516,0.0,-0.0,575.089888446897,-0.04095843003790217,0.045479717721871205,-0.09084299568692261
13.82,1.612903225806452,6.129032258064516,0.0,-0.0,575.0948412931892,-0.040958449736309493,0.04547971011536972,-0.09084282374005077
13.83,1.612903225806452,6.129032258064516,0.0,-0.0,575.099794139293,-0.04095846846864504,0.04547970280888736,-0.09084266111321582
13.84,1.612903225806452,6.129032258064516,0.0,-0.0,9.618069339055742,-0.040958486280399276,0.04547969579357569,-0.09084250730337538
13.85,1.612903225806452,6.129032258064516,0.0,-0.0,575.1096998309757,-0.04095850321505451,0.0454796890605812,-0.09084236183457028
13.86,1.612903225806452,6.129032258064516,0.0,-0.0,575.1146526765739,-0.04095851931416419,0.045479682601076876,-0.09084222425647635
13.87,1.612903225806452,6.129032258064516,0.0,-0.0,575.1196055220217,-0.04095853461743443,0.04547967640628503,-0.09084209414282517
13.88,1.612903225806452,6.129032258064516,0.0,-0.0,9.637880721164711,-0.04095854916279512,0.04547967046750445,-0.09084197109022227
13.89,1.612903225806452,6.129032258064516,0.0,-0.0,575.1295112124991,-0.04095856298646003,0.04547966477614385,-0.09084185471727257
13.9,1.612903225806452,6.129032258064516,0.0,-0.0,575.1344640575439,-0.04095857612301748,0.04547965932371917,-0.09084174466273119
13.91,1.612903225806452,6.129032258064516,0.0,-0.0,575.139416902469,-0.04095858860548304,0.04547965410188448,-0.09084164058487264
13.92,1.612903225806452,6.129032258064516,0.0,-0.0,575.1443697472807,-0.040958600465364675,0.045479649102445174,-0.09084154216044905
13.93,1.612903225806452,6.129032258064516,0.0,-0.0,575.1493225919855,-0.04095861173272822,0.04547964431736712,-0.09084144908359439
13.94,1.612903225806452,6.129032258064516,0.0,-0.0,575.1542754365893,-0.04095862243625853,0.04547963973878599,-0.09084136106489492
13.95,1.612903225806452,6.129032258064516,0.0,-0.0,575.1592282810975,-0.04095863260331689,0.045479635359016,-0.090841277830508
13.96,1.612903225806452,6.129032258064516,0.0,-0.0,575.1641811255155,-0.0409586422599984,0.04547963117055598,-0.0908411991213282
13.97,1.612903225806452,6.129032258064516,0.0,-0.0,575.1691339698482,-0.0409586514311818,0.0454796271660981,-0.09084112469231172
13.98,1.612903225806452,6.129032258064516,0.0,-0.0,575.1740868141004,-0.04095866014058605,0.04547962333852823,-0.09084105431161466
13.99,1.612903225806452,6.129032258064516,0.0,-0.0,575.1790396582765,-0.040958668410826765,0.04547961968092212,-0.09084098775965806
14.0,1.612903225806452,6.129032258064516,0.0,-0.0,9.697314856217863,-0.04095867626344432,0.04547961618656765,-0.09084092482913897
14.01,1.612903225806452,5.483870967741936,0.0,-0.0,575.1887989839612,-0.04212911949264336,-0.0020470645606120996,-0.09147122967829033
14.02,1.612903225806452,5.483870967741936,0.0,-0.0,575.1934861452595,-0.04296273077748794,0.004350133254395094,-0.09168605025571047
14.03,1.612903225806452,5.483870967741936,0.0,-0.0,575.1980782121343,-0.043497114837651896,0.009578471256578847,-0.09156416434594215
14.04,1.612903225806452,5.483870967741936,0.0,-0.0,575.2025958977824,-0.043771594894188526,0.013811493536242447,-0.09118733572988917
14.05,1.612903225806452,5.483870967741936,0.0,-0.0,575.2070564465598,-0.04384380380616787,0.017201778994670347,-0.09058453864837779
14.06,1.612903225806452,5.483870967741936,0.0,-0.0,575.2114727440794,-0.043762673549012227,0.019964535476978684,-0.0898569369068158
14.07,1.612903225806452,5.483870967741936,0.0,-0.0,575.2158556020167,-0.04356534983214891,0.02218829787581006,-0.08902113430457032
14.08,1.612903225806452,5.483870967741936,0.0,-0.0,575.2202126860607,-0.043283886817182454,0.0240316588268073,-0.08815535843470881
14.09,1.612903225806452,5.483870967741936,0.0,-0.0,575.2245491921981,-0.04296261072249119,0.02559995605892318,-0.0872386309839719
14.1,1.612903225806452,5.483870967741936,0.0,-0.0,575.2288691711328,-0.042616202890201044,0.02694791237201577,-0.08630057845934673
14.11,1.612903225806452,5.483870967741936,0.0,-0.0,575.2331759049048,-0.042253106542827074,0.028113665586460335,-0.08537053205061919
14.12,1.612903225806452,5.483870967741936,0.0,-0.0,575.2374720505196,-0.04188090874233805,0.029127505708504198,-0.0844662629306056
14.13,1.612903225806452,5.483870967741936,0.0,-0.0,575.2417596840347,-0.04150849842488313,0.030015749271501302,-0.08358974806920351
14.14,1.612903225806452,5.483870967741936,0.0,-0.0,9.759362698011492,-0.04114544497609299,0.03080138927760706,-0.08273139872485794
14.15,1.612903225806452,5.483870967741936,0.0,-0.0,9.76363755314832,-0.04079732765614552,0.03150128975998068,-0.08188781600575835
14.16,1.612903225806452,5.483870967741936,0.0,-0.0,575.2545852022843,-0.04046562840689483,0.032127030129712186,-0.08106428731424127
14.17,1.612903225806452,5.483870967741936,0.0,-0.0,575.2588511413181,-0.040150918661668755,0.03268801459758153,-0.08026576017501591
14.18,1.612903225806452,5.483870967741936,0.0,-0.0,575.26311366767,-0.03985348962153673,0.03319225216111388,-0.07949549607623335
14.19,1.612903225806452,5.483870967741936,0.0,-0.0,575.2673733184416,-0.039573403823457476,0.03364659812700754,-0.07875544049051127
14.2,1.612903225806452,5.483870967741936,0.0,-0.0,575.2716305361511,-0.0393105155923521,0.034056929923088175,-0.07804660310182684
14.21,1.612903225806452,5.483870967741936,0.0,-0.0,575.2758856853391,-0.039064499965576205,0.03442829795069258,-0.07736933157519331
14.22,1.612903225806452,5.483870967741936,0.0,-0.0,575.2801390664982,-0.03883488574473745,0.0347650547206616,-0.0767235041857432
14.23,1.612903225806452,5.483870967741936,0.0,-0.0,575.2843909276571,-0.03862108829928396,0.03507096418513134,-0.07610866639072433
14.24,1.612903225806452,5.483870967741936,0.0,-0.0,575.2886414739514,-0.038422439696277955,0.0353492935786931,-0.07552412880002138
14.25,1.612903225806452,5.483870967741936,0.0,-0.0,9.806213229331311,-0.03823821504267652,0.03560289018189533,-0.07496903834992892
14.26,1.612903225806452,5.483870967741936,0.0,-0.0,575.2971392738222,-0.03806765472162171,0.035834245305012,-0.07444243063381742
14.27,1.612903225806452,5.483870967741936,0.0,-0.0,575.3013867871637,-0.037909982652566204,0.03604554756482109,-0.07394326877470417
14.28,1.612903225806452,5.483870967741936,0.0,-0.0,575.30563351473,-0.03776442093151097,0.036238727258841585,-0.0734704725242899
14.29,1.612903225806452,5.483870967741936,0.0,-0.0,575.3098795402091,-0.037630201300006966,0.03641549337173594,-0.07302294015614887
14.3,1.612903225806452,5.483870967741936,0.0,-0.0,575.3141249346035,-0.03750657390822723,0.036577364499186416,-0.07259956496538054
14.31,1.612903225806452,5.483870967741936,0.0,-0.0,575.3183697585332,-0.037392813813617615,0.03672569475550774,-0.07219924768807771
14.32,1.612903225806452,5.483870967741936,0.0,-0.0,575.3226140641034,-0.037288225614198395,0.03686169554396934,-0.07182090579927954
14.33,1.612903225806452,5.483870967741936,0.0,-0.0,575.3268578964174,-0.03719214656609829,0.03698645391196692,-0.07146348040646619
14.34,1.612903225806452,5.483870967741936,0.0,-0.0,575.3311012948026,-0.03710394848529169,0.03710094808308573,-0.0711259412774308
14.35,1.612903225806452,5.483870967741936,0.0,-0.0,575.3353442938021,-0.037023038686905846,0.03720606065113968,-0.07080729041622029
14.36,1.612903225806452,5.483870967741936,0.0,-0.0,575.3395869239787,-0.03694886017360341,0.03730258983357149,-0.07050656450490791
14.37,1.612903225806452,5.483870967741936,0.0,-0.0,575.3438292125653,-0.03688089124778779,0.037391259109971986,-0.07022283645939362
14.38,1.612903225806452,5.483870967741936,0.0,-0.0,575.3480711839928,-0.036818644690765956,0.03747272551297698,-0.06995521629213543
14.39,1.612903225806452,5.483870967741936,0.0,-0.0,575.3523128603179,-0.036761666625078016,0.037547586791128906,-0.06970285143502339
14.4,1.612903225806452,5.483870967741936,0.0,-0.0,575.3565542615709,-0.036709535153570255,0.037616387624385184,-0.06946492664361202
14.41,1.612903225806452,5.483870967741936,0.0,-0.0,575.3607954060399,-0.03666185884992576,0.03767962504118072,-0.06924066357785923
14.42,1.612903225806452,5.483870967741936,0.0,-0.0,575.3650363105018,-0.036618275159711916,0.03773775316003469,-0.0690293201355308
14.43,1.612903225806452,5.483870967741936,0.0,-0.0,575.3692769904126,-0.036578448758088716,0.037791187357539224,-0.06883018960068579
14.44,1.612903225806452,5.483870967741936,0.0,-0.0,575.3735174600638,-0.03654206989986514,0.03784030794714932,-0.0686425996535098
14.45,1.612903225806452,5.483870967741936,0.0,-0.0,575.377757732712,-0.03650885278893101,0.03788546343908705,-0.06846591128260467
14.46,1.612903225806452,5.483870967741936,0.0,-0.0,575.3819978206869,-0.03647853398724302,0.0379269734399475,-0.06829951762928342
14.47,1.612903225806452,5.483870967741936,0.0,-0.0,575.3862377354822,-0.03645087087794996,0.0379651312410586,-0.06814284278870264
14.48,1.612903225806452,5.483870967741936,0.0,-0.0,575.3904774878316,-0.0364256401927992,0.03800020613678712,-0.06799534058818725
14.49,1.612903225806452,5.483870967741936,0.0,-0.0,575.3947170877753,-0.03640263661048451,0.038032445507466484,-0.06785649335772313
14.5,1.612903225806452,5.483870967741936,0.0,-0.0,575.3989565447157,-0.03638167142983803,0.03806207669627626,-0.06772581070460845
14.51,1.612903225806452,5.483870967741936,0.0,-0.0,575.4031958674663,-0.036362571319623255,0.038089308704979175,-0.06760282830238981
14.52,1.612903225806452,5.483870967741936,0.0,-0.0,575.4074350642952,-0.036345177145053975,0.03811433372974937,-0.06748710670184734
14.53,1.612903225806452,5.483870967741936,0.0,-0.0,575.4116741429633,-0.03632934286998135,0.038137328555217676,-0.0673782301679281
14.54,1.612903225806452,5.483870967741936,0.0,-0.0,575.415913110758,-0.036314934532700044,0.03815845582240085,-0.0672758055491386
14.55,1.612903225806452,5.483870967741936,0.0,-0.0,575.4201519745242,-0.036301829292757604,0.038177865183966375,-0.06717946118097817
14.56,1.612903225806452,5.483870967741936,0.0,-0.0,575.4243907406926,-0.036289914545656554,0.03819569435855019,-0.06708884582628756
14.57,1.612903225806452,5.483870967741936,0.0,-0.0,575.4286294153051,-0.03627908710209379,0.03821207009429983,-0.06700362765303303
14.58,1.612903225806452,5.483870967741936,0.0,-0.0,575.4328680040383,-0.03626925242816678,0.03822710905060167,-0.06692349325202741
14.59,1.612903225806452,5.483870967741936,0.0,-0.0,575.4371065122257,-0.036260323942985506,0.03824091860580059,-0.06684814669306667
14.6,1.612903225806452,5.483870967741936,0.0,-0.0,9.954667298715426,-0.03625222237007558,0.03825359759786662,-0.06677730862085811
14.61,1.612903225806452,5.483870967741936,0.0,-0.0,575.4455833067027,-0.0362448751390769,0.03826523700412188,-0.06671071538896137
14.62,1.612903225806452,5.483870967741936,0.0,-0.0,575.4498216021203,-0.03623821583427306,0.03827592056554252,-0.06664811823343934
14.63,1.612903225806452,5.483870967741936,0.0,-0.0,575.454059835283,-0.03623218368672698,0.038285725360457934,-0.0665892824824374
14.64,1.612903225806452,5.483870967741936,0.0,-0.0,575.4582980100895,-0.03622672310683009,0.03829472233208492,-0.06653398680348291
14.65,1.612903225806452,5.483870967741936,0.0,-0.0,575.4625361301997,-0.03622178325433231,0.03830297677379613,-0.06648202248558385
14.66,1.612903225806452,5.483870967741936,0.0,-0.0,575.4667741990494,-0.03621731764301661,0.03831054877571094,-0.06643319275650779
14.67,1.612903225806452,5.483870967741936,0.0,-0.0,575.4710122198628,-0.03621328377740968,0.038317493635798394,-0.06638731213272324
14.68,1.612903225806452,5.483870967741936,0.0,-0.0,575.4752501956657,-0.036209642819046206,0.03832386223842754,-0.0663442058017342
14.69,1.612903225806452,5.483870967741936,0.0,-0.0,575.4794881292964,-0.036206359279995715,0.038329701403008176,-0.06630370903491188
14.7,1.612903225806452,5.483870967741936,0.0,-0.0,575.483726023418,-0.036203400741480096,0.03833505420516903,-0.06626566663120578
14.71,1.612903225806452,5.483870967741936,0.0,-0.0,575.4879638805276,-0.0362007375956529,0.03833996027261821,-0.06622993238733625
14.72,1.612903225806452,5.483870967741936,0.0,-0.0,575.4922017029672,-0.03619834280862291,0.038344456057777754,-0.0661963685970244
14.73,1.612903225806452,5.483870967741936,0.0,-0.0,575.4964394929328,-0.036196191703065816,0.03834857508898559,-0.06616484557534255
14.74,1.612903225806452,5.483870967741936,0.0,-0.0,575.5006772524831,-0.03619426175882148,0.03835234820198413,-0.06613524120840018
14.75,1.612903225806452,5.483870967741936,0.0,-0.0,575.5049149835479,-0.03619253243003373,0.03835580375323333,-0.06610744052631648
14.76,1.612903225806452,5.483870967741936,0.0,-0.0,10.022475041773182,-0.03619098497747311,0.03835896781649145,-0.06608133529929694
14.77,1.612903225806452,5.483870967741936,0.0,-0.0,575.5133903673424,-0.03618960231481286,0.03836186436396577,-0.06605682365517326
14.78,1.612903225806452,5.483870967741936,0.0,-0.0,575.5176280233558,-0.03618836886770899,0.03836451543324915,-0.06603380971783179
14.79,1.612903225806452,5.483870967741936,0.0,-0.0,575.5218656574644,-0.036187270444662994,0.03836694128112389,-0.06601220326405775
14.8,1.612903225806452,5.483870967741936,0.0,-0.0,575.5261032710629,-0.03618629411864224,0.03836916052531558,-0.06599191940078679
14.81,1.612903225806452,5.483870967741936,0.0,-0.0,575.5303408654576,-0.036185428118633234,0.038371190275075184,-0.06597287825866269
14.82,1.612903225806452,5.483870967741936,0.0,-0.0,575.5345784418722,-0.03618466173027993,0.03837304625149146,-0.06595500470260103
14.83,1.612903225806452,5.483870967741936,0.0,-0.0,575.5388160014531,-0.03618398520484617,0.03837474289834231,-0.06593822805896862
14.84,1.612903225806452,5.483870967741936,0.0,-0.0,575.5430535452741,-0.0361833896758397,0.03837629348420041,-0.06592248185730837
14.85,1.612903225806452,5.483870967741936,0.0,-0.0,10.06061342817781,-0.036182867082656694,0.03837771019647951,-0.06590770358617616
14.86,1.612903225806452,5.483870967741936,0.0,-0.0,10.06485094343167,-0.03618241010063733,0.03837900422807994,-0.06589383446381304
14.87,1.612903225806452,5.483870967741936,0.0,-0.0,575.5557660919175,-0.03618201207706043,0.038380185857149585,-0.06588081921978618
14.88,1.612903225806452,5.483870967741936,0.0,-0.0,575.5600035821356,-0.03618166697250569,0.03838126452057844,-0.06586860589107103
14.89,1.612903225806452,5.483870967741936,0.0,-0.0,575.564241061022,-0.03618136930721774,0.03838224888163472,-0.06585714562767814
14.9,1.612903225806452,5.483870967741936,0.0,-0.0,575.5684785293009,-0.036181114111993734,0.03838314689226374,-0.06584639251055914
14.91,1.612903225806452,5.483870967741936,0.0,-0.0,575.5727159876503,-0.036180896883249464,0.038383965850436075,-0.0658363033794207
14.92,1.612903225806452,5.483870967741936,0.0,-0.0,575.576953436705,-0.03618071354191263,0.038384712452936176,-0.06582683767021198
14.93,1.612903225806452,5.483870967741936,0.0,-0.0,575.5811908770593,-0.03618056039581685,0.038385392843955146,-0.06581795726199335
14.94,1.612903225806452,5.483870967741936,0.0,-0.0,575.5854283092696,-0.036180434105300446,0.03838601265982322,-0.06580962633301335
14.95,1.612903225806452,5.483870967741936,0.0,-0.0,575.5896657338568,-0.03618033165176482,0.038386577070159356,-0.06580181122415661
14.96,1.612903225806452,5.483870967741936,0.0,-0.0,10.107225505145939,-0.03618025030891392,0.03838709081575431,-0.06579448031112267
14.97,1.612903225806452,5.483870967741936,0.0,-0.0,575.5981405620818,-0.036180187616477816,0.03838755824341383,-0.06578760388331976
14.98,1.612903225806452,5.483870967741936,0.0,-0.0,575.6023779666035,-0.03618014135618294,0.038387983338032394,-0.06578115403063421
14.99,1.612903225806452,5.483870967741936,0.0,-0.0,575.6066153652739,-0.03618010952982756,0.038388369752068774,-0.06577510453522185
15.0,1.612903225806452,5.483870967741936,0.0,-0.0,575.6108527584676,-0.03618009033921485,0.03838872083269851,-0.0657694307716688
15.01,1.612903225806452,5.483870967741936,0.0,-0.0,575.6150901465352,-0.03618008216786134,0.03838903964675355,-0.06576410961121305
15.02,1.612903225806452,5.483870967741936,0.0,-0.0,575.6193275298049,-0.03618008356428812,0.03838932900366698,-0.06575911933208214
15.03,1.612903225806452,5.483870967741936,0.0,-0.0,575.6235649085838,-0.03618009322675639,0.03838959147658583,-0.06575443953574168
15.04,1.612903225806452,5.483870967741936,0.0,-0.0,575.6278022831597,-0.03618010998935439,0.038389829421767385,-0.06575005106728607
15.05,1.612903225806452,5.483870967741936,0.0,-0.0,575.6320396538016,-0.03618013280930482,0.03839004499641341,-0.06574593594059758
15.06,1.612903225806452,5.483870967741936,0.0,-0.0,575.6362770207617,-0.03618016075538347,0.0383902401750697,-0.06574207726823705
15.07,1.612903225806452,5.483870967741936,0.0,-0.0,575.6405143842757,-0.036180192997370325,0.03839041676469218,-0.0657384591950203
15.08,1.612903225806452,5.483870967741936,0.0,-0.0,575.6447517445644,-0.036180228796423464,0.038390576418505074,-0.06573506683617773
15.09,1.612903225806452,5.483870967741936,0.0,-0.0,575.6489891018344,-0.03618026749632294,0.03839072064872329,-0.0657318862185114
15.1,1.612903225806452,5.483870967741936,0.0,-0.0,575.6532264562793,-0.03618030851549303,0.03839085083824567,-0.06572890422524645
15.11,1.612903225806452,5.483870967741936,0.0,-0.0,575.6574638080799,-0.03618035133973588,0.0383909682514027,-0.0657261085443754
15.12,1.612903225806452,5.483870967741936,0.0,-0.0,575.6617011574058,-0.03618039551562183,0.03839107404382697,-0.06572348761996626
15.13,1.612903225806452,5.483870967741936,0.0,-0.0,575.6659385044156,-0.03618044064448259,0.03839116927151459,-0.06572103060614451
15.14,1.612903225806452,5.483870967741936,0.0,-0.0,575.6701758492578,-0.03618048637694993,0.03839125489914719,-0.06571872732380254
15.15,1.612903225806452,5.483870967741936,0.0,-0.0,575.6744131920713,-0.03618053240798089,0.038391331807746454,-0.06571656822056596
15.16,1.612903225806452,5.483870967741936,0.0,-0.0,575.678650532986,-0.03618057847235387,0.038391400801686903,-0.06571454433238277
15.17,1.612903225806452,5.483870967741936,0.0,-0.0,575.6828878721238,-0.03618062434057409,0.0383914626151407,-0.06571264724773537
15.18,1.612903225806452,5.483870967741936,0.0,-0.0,575.6871252095987,-0.03618066981516116,0.038391517917990337,-0.06571086907388476
15.19,1.612903225806452,5.483870967741936,0.0,-0.0,575.6913625455171,-0.036180714727278324,0.038391567321260145,-0.06570920240536128
15.2,1.612903225806452,5.483870967741936,0.0,-0.0,575.695599879979,-0.03618075893368236,0.0383916113820954,-0.06570764029413032
15.21,1.612903225806452,5.483870967741936,0.0,-0.0,575.6998372130778,-0.03618080231395898,0.03839165060833383,-0.06570617622166133
15.22,1.612903225806452,5.483870967741936,0.0,-0.0,575.7040745449009,-0.0361808447680238,0.03839168546269578,-0.06570480407256539
15.23,1.612903225806452,5.483870967741936,0.0,-0.0,575.7083118755301,-0.036180886213859426,0.0383917163666308,-0.06570351810993202
15.24,1.612903225806452,5.483870967741936,0.0,-0.0,575.7125492050419,-0.036180926585466566,0.03839174370384946,-0.06570231295238274
15.25,1.612903225806452,5.483870967741936,0.0,-0.0,575.7167865335082,-0.03618096583102451,0.03839176782355086,-0.06570118355195753
15.26,1.612903225806452,5.483870967741936,0.0,-0.0,575.7210238609958,-0.03618100391122764,0.03839178904338547,-0.06570012517354919
15.27,1.612903225806452,5.483870967741936,0.0,-0.0,10.238583541404969,-0.036181040797773456,0.038391807652184085,-0.06569913337625591
15.28,1.612903225806452,5.483870967741936,0.0,-0.0,575.7294985132827,-0.03618107647202301,0.03839182391243634,-0.06569820399465812
15.29,1.612903225806452,5.483870967741936,0.0,-0.0,575.7337358381956,-0.03618111092378143,0.038391838062576455,-0.06569733312208424
15.3,1.612903225806452,5.483870967741936,0.0,-0.0,575.737973162358,-0.0361811441501971,0.03839185031908232,-0.06569651709504169
15.31,1.612903225806452,5.483870967741936,0.0,-0.0,575.742210485818,-0.036181176154799544,0.0383918608783721,-0.06569575247735267
15.32,1.612903225806452,5.483870967741936,0.0,-0.0,575.7464478086207,-0.03618120694659496,0.038391869918583565,-0.06569503604736467
15.33,1.612903225806452,5.483870967741936,0.0,-0.0,10.264007484645495,-0.03618123653930602,0.038391877601153146,-0.06569436478340279
15.34,1.612903225806452,5.483870967741936,0.0,-0.0,575.7549224524203,-0.03618126495064569,0.03839188407230881,-0.06569373585253285
15.35,1.612903225806452,5.483870967741936,0.0,-0.0,575.7591597734936,-0.03618129220170535,0.03839188946439964,-0.0656931465981333
15.36,1.612903225806452,5.483870967741936,0.0,-0.0,575.7633970940628,-0.03618131831638774,0.038391893897134544,-0.06569259452933578
15.37,1.612903225806452,5.483870967741936,0.0,-0.0,575.7676344141604,-0.03618134332091036,0.03839189747870786,-0.06569207731077607
15.38,1.612903225806452,5.483870967741936,0.0,-0.0,575.7718717338165,-0.03618136724336754,0.03839190030682599,-0.06569159275275292
15.39,1.612903225806452,5.483870967741936,0.0,-0.0,575.7761090530595,-0.03618139011333546,0.03839190246965313,-0.06569113880242917
15.4,1.612903225806452,5.483870967741936,0.0,-0.0,575.7803463719159,-0.03618141196152666,0.03839190404667303,-0.06569071353535944
15.41,1.612903225806452,5.483870967741936,0.0,-0.0,10.29790604424783,-0.03618143281949254,0.038391905109469104,-0.06569031514719814
15.42,1.612903225806452,5.483870967741936,0.0,-0.0,575.7888210085669,-0.03618145271934731,0.038391905722452435,-0.06568994194669096
15.43,1.612903225806452,5.483870967741936,0.0,-0.0,575.7930583264064,-0.03618147169354313,0.03839190594350972,-0.06568959234821707
15.44,1.612903225806452,5.483870967741936,0.0,-0.0,575.7972956439495,-0.0361814897746599,0.03839190582460994,-0.06568926486555655
15.45,1.612903225806452,5.483870967741936,0.0,-0.0,575.8015329612152,-0.036181506995232426,0.03839190541234716,-0.06568895810549678
15.46,1.612903225806452,5.483870967741936,0.0,-0.0,575.8057702782214,-0.036181523387593506,0.038391904748444894,-0.06568867076227201
15.47,1.612903225806452,5.483870967741936,0.0,-0.0,575.8100075949848,-0.03618153898374757,0.03839190387020758,-0.06568840161190598
15.48,1.612903225806452,5.483870967741936,0.0,-0.0,575.8142449115207,-0.03618155381526064,0.03839190281093385,-0.06568814950700332
15.49,1.612903225806452,5.483870967741936,0.0,-0.0,575.8184822278441,-0.036181567913152995,0.03839190160030931,-0.06568791337265117
15.5,1.612903225806452,5.483870967741936,0.0,-0.0,575.8227195439686,-0.036181581307839716,0.038391900264731715,-0.06568769220091354
15.51,1.612903225806452,5.483870967741936,0.0,-0.0,575.8269568599068,-0.03618159402905244,0.03839189882763888,-0.06568748504730314
15.52,1.612903225806452,5.483870967741936,0.0,-0.0,575.8311941756707,-0.03618160610578783,0.0383918973097937,-0.06568729102672465
15.53,1.612903225806452,5.483870967741936,0.0,-0.0,575.8354314912716,-0.036181617566265506,0.03839189572954432,-0.06568710930977015
15.54,1.612903225806452,5.483870967741936,0.0,-0.0,575.8396688067199,-0.03618162843789957,0.03839189410305743,-0.06568693911902054
15.55,1.612903225806452,5.483870967741936,0.0,-0.0,575.8439061220255,-0.036181638747269596,0.038391892444538556,-0.0656867797260157
15.56,1.612903225806452,5.483870967741936,0.0,-0.0,575.8481434371975,-0.03618164852010322,0.038391890766428405,-0.06568663044819893
15.57,1.612903225806452,5.483870967741936,0.0,-0.0,575.8523807522445,-0.036181657781268306,0.0383918890795788,-0.06568649064593872
15.58,1.612903225806452,5.483870967741936,0.0,-0.0,575.8566180671745,-0.036181666554769426,0.03839188739341276,-0.06568635971972772
15.59,1.612903225806452,5.483870967741936,0.0,-0.0,575.8608553819952,-0.036181674863739494,0.03839188571608004,-0.0656862371081171
15.6,1.612903225806452,5.483870967741936,0.0,-0.0,575.8650926967134,-0.036181682730456965,0.03839188405457716,-0.06568612228467194
15.61,1.612903225806452,5.483870967741936,0.0,-0.0,575.8693300113358,-0.0361816901763401,0.03839188241488212,-0.06568601475643615
15.62,1.612903225806452,5.483870967741936,0.0,-0.0,575.8735673258686,-0.03618169722196482,0.0383918808020568,-0.06568591406151408
15.63,1.612903225806452,5.483870967741936,0.0,-0.0,575.8778046403175,-0.036181703887082584,0.03839187922034182,-0.06568581976689432
15.64,1.612903225806452,5.483870967741936,0.0,-0.0,575.8820419546879,-0.03618171019062713,0.038391877673255415,-0.06568573146707693
15.65,1.612903225806452,5.483870967741936,0.0,-0.0,575.8862792689848,-0.03618171615073429,0.038391876163672345,-0.06568564878224713
15.66,1.612903225806452,5.483870967741936,0.0,-0.0,575.8905165832131,-0.03618172178476595,0.03839187469389249,-0.0656855713564414
15.67,1.612903225806452,5.483870967741936,0.0,-0.0,575.894753897377,-0.0361817271093296,0.03839187326570748,-0.06568549885604093
15.68,1.612903225806452,5.483870967741936,0.0,-0.0,575.8989912114807,-0.03618173214029152,0.038391871880468775,-0.06568543096881664
15.69,1.612903225806452,5.483870967741936,0.0,-0.0,575.9032285255282,-0.03618173689280915,0.03839187053913112,-0.06568536740203411
15.7,1.612903225806452,5.483870967741936,0.0,-0.0,575.9074658395231,-0.03618174138134733,0.038391869242306975,-0.06568530788155647
15.71,1.612903225806452,5.483870967741936,0.0,-0.0,575.9117031534686,-0.036181745619705497,0.03839186799030592,-0.06568525215045175
15.72,1.612903225806452,5.483870967741936,0.0,-0.0,575.915940467368,-0.036181749621031434,0.03839186678318285,-0.06568519996835931
15.73,1.612903225806452,5.483870967741936,0.0,-0.0,575.9201777812243,-0.036181753397860394,0.03839186562075725,-0.06568515110966983
15.74,1.612903225806452,5.483870967741936,0.0,-0.0,575.9244150950402,-0.036181756962119865,0.03839186450266252,-0.06568510536347838
15.75,1.612903225806452,5.483870967741936,0.0,-0.0,575.9286524088184,-0.036181760325165846,0.038391863428361095,-0.06568506253200306
15.76,1.612903225806452,5.483870967741936,0.0,-0.0,575.9328897225612,-0.03618176349780078,0.03839186239717374,-0.06568502242997147
15.77,1.612903225806452,5.483870967741936,0.0,-0.0,575.9371270362709,-0.036181766490293615,0.03839186140830425,-0.06568498488394577
15.78,1.612903225806452,5.483870967741936,0.0,-0.0,575.9413643499497,-0.03618176931240358,0.03839186046085752,-0.06568494973146773
15.79,1.612903225806452,5.483870967741936,0.0,-0.0,575.9456016635996,-0.03618177197340175,0.03839185955385693,-0.06568491682036813
15.8,1.612903225806452,5.483870967741936,0.0,-0.0,575.9498389772224,-0.03618177448209611,0.03839185868625594,-0.06568488600788866
15.81,1.612903225806452,5.483870967741936,0.0,-0.0,575.9540762908198,-0.03618177684683846,0.03839185785696536,-0.0656848571607551
15.82,1.612903225806452,5.483870967741936,0.0,-0.0,575.9583136043935,-0.03618177907555767,0.0383918570648521,-0.06568483015392558
15.83,1.612903225806452,5.483870967741936,0.0,-0.0,575.9625509179451,-0.03618178117577639,0.038391856308752526,-0.06568480487016949
15.84,1.612903225806452,5.483870967741936,0.0,0.0,575.9667882314759,-0.036181783154625086,0.03839185558748631,-0.06568478119979371
15.85,1.612903225806452,5.483870967741936,0.0,0.0,575.9710255449874,-0.036181785018858104,0.03839185489986696,-0.06568475904028716
15.86,1.612903225806452,5.483870967741936,0.0,0.0,575.9752628584806,-0.036181786774883956,0.038391854244695545,-0.0656847382951989
15.87,1.612903225806452,5.483870967741936,0.0,0.0,575.9795001719568,-0.03618178842876679,0.0383918536207829,-0.0656847188745215
15.88,1.612903225806452,5.483870967741936,0.0,0.0,575.9837374854171,-0.03618178998624874,0.03839185302694814,-0.06568470069396361
15.89,1.612903225806452,5.483870967741936,0.0,0.0,575.9879747988626,-0.03618179145276565,0.03839185246202348,-0.06568468367458921
15.9,1.612903225806452,5.483870967741936,0.0,0.0,575.9922121122942,-0.03618179283346895,0.03839185192485117,-0.06568466774213651
15.91,1.612903225806452,5.483870967741936,0.0,0.0,575.9964494257127,-0.036181794133221645,0.03839185141430479,-0.06568465282760981
15.92,1.612903225806452,5.483870967741936,0.0,0.0,10.51400909295625,-0.036181795356634516,0.03839185092927033,-0.06568463886584623
15.93,1.612903225806452,5.483870967741936,0.0,0.0,576.004924052514,-0.03618179650805714,0.03839185046866955,-0.06568462579636991
15.94,1.612903225806452,5.483870967741936,0.0,0.0,576.0091613658982,-0.036181797591610054,0.038391850031443076,-0.06568461356211487
15.95,1.612903225806452,5.483870967741936,0.0,0.0,576.0133986792724,-0.03618179861118423,0.03839184961656422,-0.06568460210985488
15.96,1.612903225806452,5.483870967741936,0.0,0.0,576.0176359926373,-0.03618179957045625,0.0383918492230364,-0.06568459138975086
15.97,1.612903225806452,5.483870967741936,0.0,0.0,576.0218733059936,-0.03618180047289968,0.038391848849893606,-0.06568458135513511
15.98,1.612903225806452,5.483870967741936,0.0,0.0,576.0261106193417,-0.036181801321800156,0.03839184849619648,-0.06568457196208331
15.99,1.612903225806452,5.483870967741936,0.0,0.0,576.030347932682,-0.03618180212025621,0.0383918481610418,-0.06568456316967886
16.0,1.612903225806452,5.483870967741936,0.0,0.0,576.0345852460154,-0.036181802871188995,0.03839184784356242,-0.06568455493983923
16.01,1.612903225806452,4.838709677419355,0.0,0.0,576.0386514395102,-0.03743293739741707,-0.007715230928911521,-0.06624092877764196
16.02,1.612903225806452,4.838709677419355,0.0,0.0,576.042579220378,-0.03829804363680153,-0.00019253196507185155,-0.0663410038451951
16.03,1.612903225806452,4.838709677419355,0.0,0.0,576.0464004021721,-0.038791550338747094,0.005773865193457572,-0.06606865687439922
16.04,1.612903225806452,4.838709677419355,0.0,0.0,10.563464864015137,-0.03896864866209618,0.010388638447253185,-0.0654991976215345
16.05,1.612903225806452,4.838709677419355,0.0,0.0,576.0538274682119,-0.038898288340735915,0.013922287059621952,-0.06472615919832997
16.06,1.612903225806452,4.838709677419355,0.0,0.0,576.0574715704352,-0.038644728177948534,0.0166517093526391,-0.06385127060674324
16.07,1.612903225806452,4.838709677419355,0.0,0.0,576.0610870103833,-0.038274589447315516,0.018758781955752202,-0.06288662250108673
16.08,1.612903225806452,4.838709677419355,0.0,0.0,576.0646819586809,-0.03783075985282558,0.02044440556810634,-0.06192407071950391
16.09,1.612903225806452,4.838709677419355,0.0,0.0,10.581583963828498,-0.0373627234900428,0.021839439358417978,-0.060943112693928304
16.1,1.612903225806452,4.838709677419355,0.0,0.0,576.0718298091384,-0.03688660201266872,0.023009561927363753,-0.05997448898536056
16.11,1.612903225806452,4.838709677419355,0.0,0.0,576.0753895286255,-0.03641099915615584,0.02399903218876842,-0.059046778908110775
16.12,1.612903225806452,4.838709677419355,0.0,0.0,10.59226540601866,-0.03594341947845217,0.024842085284746906,-0.058174370195777245
16.13,1.612903225806452,4.838709677419355,0.0,0.0,576.0824919284834,-0.035496328682189576,0.025570799677843425,-0.05734147294752194
16.14,1.612903225806452,4.838709677419355,0.0,0.0,576.0860371513952,-0.03507889891717983,0.026209624881776583,-0.056531388325991604
16.15,1.612903225806452,4.838709677419355,0.0,0.0,576.0895794999798,-0.034690778422313745,0.026771929607329936,-0.055751390090570216
16.16,1.612903225806452,4.838709677419355,0.0,0.0,576.0931195816538,-0.03433132718707779,0.02726875562560266,-0.05500576018161893
16.17,1.612903225806452,4.838709677419355,0.0,0.0,576.0966578703328,-0.03399954955090431,0.027709188761830705,-0.054297017122697445
16.18,1.612903225806452,4.838709677419355,0.0,0.0,576.1001947351505,-0.03369423159826665,0.028100792708864675,-0.053626295563485187
16.19,1.612903225806452,4.838709677419355,0.0,0.0,576.1037304628197,-0.033414020873428235,0.028449914625835238,-0.05299370887265376
16.2,1.612903225806452,4.838709677419355,0.0,0.0,576.107265275476,-0.03315747517564857,0.028761910110780886,-0.05239866571363742
16.21,1.612903225806452,4.838709677419355,0.0,0.0,576.11079934494,-0.032923102036135826,0.02904132070441262,-0.05184010760075698
16.22,1.612903225806452,4.838709677419355,0.0,0.0,576.1143328040463,-0.03270939300985695,0.029292017407276938,-0.051316677349834666
16.23,1.612903225806452,4.838709677419355,0.0,0.0,576.117865755573,-0.03251485252521055,0.029517317210869143,-0.050826836669228936
16.24,1.612903225806452,4.838709677419355,0.0,0.0,576.1213982792307,-0.03233802093785146,0.029720077663950184,-0.0503689480782081
16.25,1.612903225806452,4.838709677419355,0.0,0.0,576.124930437097,-0.03217749198323741,0.029902773576301944,-0.04994133200348377
16.26,1.612903225806452,4.838709677419355,0.0,0.0,576.1284622778193,-0.0320319252122678,0.030067559276274247,-0.049542306515806954
16.27,1.612903225806452,4.838709677419355,0.0,0.0,576.1319938398465,-0.031900054167155495,0.03021631924000151,-0.04917021481362375
16.28,1.612903225806452,4.838709677419355,0.0,0.0,576.1355251539024,-0.03178069108129186,0.030350709387880648,-0.04882344398170397
16.29,1.612903225806452,4.838709677419355,0.0,0.0,576.1390562448682,-0.0316727288338958,0.0304721909000516,-0.04850043748496131
16.3,1.612903225806452,4.838709677419355,0.0,0.0,576.1425871332085,-0.03157514080098367,0.030582058034561932,-0.04819970314327615
16.31,1.612903225806452,4.838709677419355,0.0,0.0,576.1461178360465,-0.03148697914432577,0.030681461131627452,-0.04791981783163911
16.32,1.612903225806452,4.838709677419355,0.0,0.0,576.1496483679695,-0.031407371982802496,0.030771425745538816,-0.047659429807702006
16.33,1.612903225806452,4.838709677419355,0.0,0.0,576.1531787416296,-0.03133551980261315,0.03085286865240655,-0.04741725932743417
16.34,1.612903225806452,4.838709677419355,0.0,0.0,576.1567089681897,-0.031270691386727834,0.030926611328059295,-0.047192098029315815
16.35,1.612903225806452,4.838709677419355,0.0,0.0,576.1602390576519,-0.03121221947987654,0.030993391368612955,-0.04698280744845708
16.36,1.612903225806452,4.838709677419355,0.0,0.0,576.1637690190987,-0.03115949635280027,0.03105387222974293,-0.0467883169231047
16.37,1.612903225806452,4.838709677419355,0.0,0.0,576.1672988608691,-0.031111969386858535,0.031108651584611402,-0.04660762109372726
16.38,1.612903225806452,4.838709677419355,0.0,0.0,576.1708285906868,-0.03106913676621134,0.03115826854024273,-0.0464397771415107
16.39,1.612903225806452,4.838709677419355,0.0,0.0,576.174358215753,-0.031030543338171068,0.03120320990464376,-0.04628390187428345
16.4,1.612903225806452,4.838709677419355,0.0,0.0,576.1778877428144,-0.030995776681590648,0.031243915659513344,-0.04613916874429387
16.41,1.612903225806452,4.838709677419355,0.0,0.0,576.1814171782119,-0.030964463407445963,0.03128078376362087,-0.04600480485401015
16.42,1.612903225806452,4.838709677419355,0.0,0.0,576.1849465279175,-0.030936265703763982,0.03131417438852907,-0.04588008799743811
16.43,1.612903225806452,4.838709677419355,0.0,0.0,576.1884757975621,-0.03091087812832921,0.03134441366959273,-0.0457643437658275
16.44,1.612903225806452,4.838709677419355,0.0,0.0,576.192004992456,-0.03088802464617249,0.03137179704037868,-0.04565694274096692
16.45,1.612903225806452,4.838709677419355,0.0,0.0,10.708856471444157,-0.03086745590437237,0.03139659220680452,-0.04555729779204822
16.46,1.612903225806452,4.838709677419355,0.0,0.0,576.1990631777343,-0.030848946733711302,0.031419041807779324,-0.04546486148367124
16.47,1.612903225806452,4.838709677419355,0.0,0.0,576.202592177282,-0.030832293864744148,0.031439365801584795,-0.04537912360395077
16.48,1.612903225806452,4.838709677419355,0.0,0.0,576.2061211204306,-0.03081731384484271,0.03145776361100272,-0.04529960881221853
16.49,1.612903225806452,4.838709677419355,0.0,0.0,576.2096500111081,-0.0308038411422433,0.03147441605528101,-0.04522587440884497
16.5,1.612903225806452,4.838709677419355,0.0,0.0,576.2131788530015,-0.030791726423145843,0.03148948709292687,-0.04515750822562845
16.51,1.612903225806452,4.838709677419355,0.0,0.0,576.2167076495671,-0.03078083498821918,0.03150312539597672,-0.04509412663337238
16.52,1.612903225806452,4.838709677419355,0.0,0.0,576.2202364040412,-0.03077104535536737,0.03151546577365333,-0.04503537266426951
16.53,1.612903225806452,4.838709677419355,0.0,0.0,576.2237651194508,-0.030762247976293317,0.03152663046101145,-0.04498091424437043
16.54,1.612903225806452,4.838709677419355,0.0,0.0,576.227293798624,-0.03075434407512126,0.03153673028626952,-0.04493044253280093
16.55,1.612903225806452,4.838709677419355,0.0,0.0,576.2308224442005,-0.030747244598156614,0.03154586572888013,-0.04488367036185409
16.56,1.612903225806452,4.838709677419355,0.0,0.0,576.2343510586413,-0.030740869264645004,0.031554127879026006,-0.04484033077330616
16.57,1.612903225806452,4.838709677419355,0.0,0.0,576.2378796442393,-0.030735145709162887,0.03156159930807112,-0.04480017564785251
16.58,1.612903225806452,4.838709677419355,0.0,0.0,576.2414082031287,-0.030730008707088502,0.031568354858422465,-0.04476297442026343
16.59,1.612903225806452,4.838709677419355,0.0,0.0,576.2449367372941,-0.030725399475277998,0.0315744623604311,-0.04472851287748535
16.6,1.612903225806452,4.838709677419355,0.0,0.0,576.2484652485801,-0.030721265040784096,0.03157998328315681,-0.044696592034638855
16.61,1.612903225806452,4.838709677419355,0.0,0.0,576.2519937387,-0.03071755767109982,0.031584973325145316,-0.044667027084014876
16.62,1.612903225806452,4.838709677419355,0.0,0.0,576.2555222092436,-0.03071423435999554,0.0315894829507698,-0.044639646413120765
16.63,1.612903225806452,4.838709677419355,0.0,0.0,576.2590506616862,-0.03071125636356664,0.03159355787716145,-0.044614290688008464
16.64,1.612903225806452,4.838709677419355,0.0,0.0,576.262579097395,-0.030708588781633045,0.03159723951625548,-0.044590811996819746
16.65,1.612903225806452,4.838709677419355,0.0,0.0,576.2661075176376,-0.03070620018005568,0.03160056537609385,-0.04456907305185076
16.66,1.612903225806452,4.838709677419355,0.0,0.0,576.2696359235878,-0.030704062250013014,0.031603569425085076,-0.04454894644396396
16.67,1.612903225806452,4.838709677419355,0.0,0.0,576.2731643163326,-0.030702149500604875,0.03160628242263952,-0.044530313948250216
16.68,1.612903225806452,4.838709677419355,0.0,0.0,576.2766926968781,-0.03070043898154265,0.03160873221924104,-0.04451306587660774
16.69,1.612903225806452,4.838709677419355,0.0,0.0,576.2802210661553,-0.030698910032983168,0.03161094402875497,-0.044497100474339246
16.7,1.612903225806452,4.838709677419355,0.0,0.0,576.2837494250252,-0.030697544059852394,0.03161294067551362,-0.04448232335803098
16.71,1.612903225806452,4.838709677419355,0.0,0.0,576.2872777742845,-0.030696324328258057,0.03161474281849752,-0.04446864699260081
16.72,1.612903225806452,4.838709677419355,0.0,0.0,576.2908061146693,-0.030695235781848546,0.031616369154692736,-0.04445599020339864
16.73,1.612903225806452,4.838709677419355,0.0,0.0,576.2943344468604,-0.03069426487614693,0.03161783660355849,-0.0444442777229164
16.74,1.612903225806452,4.838709677419355,0.0,0.0,576.2978627714867,-0.030693399429117224,0.03161916047432517,-0.0444334397686243
16.75,1.612903225806452,4.838709677419355,0.0,0.0,576.3013910891295,-0.03069262848637125,0.031620354617707125,-0.0444234116501818
16.76,1.612903225806452,4.838709677419355,0.0,0.0,576.3049194003258,-0.030691942199583183,0.031621431563468916,-0.044414133404396344
16.77,1.612903225806452,4.838709677419355,0.0,0.0,576.3084477055717,-0.030691331716832415,0.031622402645137715,-0.04440554945506554
16.78,1.612903225806452,4.838709677419355,0.0,0.0,576.3119760053252,-0.030690789083693132,0.03162327811306598,-0.04439760829745262
16.79,1.612903225806452,4.838709677419355,0.0,0.0,576.3155043000095,-0.030690307154035118,0.03162406723690797,-0.04439026220452885
16.8,1.612903225806452,4.838709677419355,0.0,0.0,576.3190325900152,-0.030689879509582796,0.03162477839849387,-0.044383466953923936
16.81,1.612903225806452,4.838709677419355,0.0,0.0,576.3225608757033,-0.030689500387370477,0.03162541917600015,-0.0443771815747373
16.82,1.612903225806452,4.838709677419355,0.0,0.0,576.3260891574066,-0.030689164614341874,0.03162599642020403,-0.044371368111294454
16.83,1.612903225806452,4.838709677419355,0.0,0.0,576.3296174354327,-0.030688867548369386,0.03162651632358582,-0.044365991404886077
16.84,1.612903225806452,4.838709677419355,0.0,0.0,576.3331457100655,-0.030688605025093935,0.03162698448291601,-0.04436101889005896
16.85,1.612903225806452,4.838709677419355,0.0,0.0,576.3366739815671,-0.030688373309996908,0.0316274059559557,-0.04435642040597243
16.86,1.612903225806452,4.838709677419355,0.0,0.0,576.3402022501791,-0.03068816905520358,0.031627785312807244,-0.044352168021015395
16.87,1.612903225806452,4.838709677419355,0.0,0.0,576.3437305161249,-0.030687989260550302,0.03162812668242215,-0.044348235870200196
16.88,1.612903225806452,4.838709677419355,0.0,0.0,576.3472587796105,-0.030687831238500857,0.031628433794715305,-0.044344600004226124
16.89,1.612903225806452,4.838709677419355,0.0,0.0,576.3507870408259,-0.030687692582543086,0.031628710018690276,-0.04434123824882905
16.9,1.612903225806452,4.838709677419355,0.0,0.0,576.3543152999467,-0.030687571138706793,0.03162895839696689,-0.04433813007512981
16.91,1.612903225806452,4.838709677419355,0.0,0.0,576.3578435571349,-0.03068746497991473,0.031629181677032825,-0.044335256478907625
16.92,1.612903225806452,4.838709677419355,0.0,0.0,576.3613718125397,-0.030687372382887018,0.03162938233952711,-0.044332599868249216
16.93,1.612903225806452,4.838709677419355,0.0,0.0,576.3649000662992,-0.030687291807333844,0.031629562623850416,-0.04433014396020744
16.94,1.612903225806452,4.838709677419355,0.0,0.0,576.3684283185406,-0.03068722187723813,0.03162972455132729,-0.04432787368373433
16.95,1.612903225806452,4.838709677419355,0.0,0.0,576.3719565693814,-0.030687161363987553,0.03162986994618605,-0.04432577509130982
16.96,1.612903225806452,4.838709677419355,0.0,0.0,576.3754848189297,-0.030687109171217836,0.03163000045451814,-0.044323835275015884
16.97,1.612903225806452,4.838709677419355,0.0,0.0,576.3790130672858,-0.030687064321152313,0.03163011756145451,-0.04432204229068549
16.98,1.612903225806452,4.838709677419355,0.0,0.0,576.3825413145416,-0.030687025942332635,0.03163022260668513,-0.04432038508594401
16.99,1.612903225806452,4.838709677419355,0.0,0.0,576.3860695607826,-0.030686993258568745,0.031630316798512526,-0.04431885343481037
17.0,1.612903225806452,4.838709677419355,0.0,0.0,576.3895978060872,-0.030686965579019315,0.031630401226546645,-0.044317437875757024
17.01,1.612903225806452,4.838709677419355,0.0,0.0,576.3931260505277,-0.03068694228925703,0.03163047687320364,-0.04431612965572418
17.02,1.612903225806452,4.838709677419355,0.0,0.0,576.3966542941711,-0.03068692284325139,0.031630544624091705,-0.04431492067726402
17.03,1.612903225806452,4.838709677419355,0.0,0.0,576.4001825370791,-0.030686906756159732,0.031630605277406965,-0.04431380344999341
17.04,1.612903225806452,4.838709677419355,0.0,0.0,576.4037107793087,-0.03068689359786078,0.031630659552420726,-0.04431277104493959
17.05,1.612903225806452,4.838709677419355,0.0,0.0,576.4072390209121,-0.030686882987134734,0.03163070809716417,-0.04431181705333882
17.06,1.612903225806452,4.838709677419355,0.0,0.0,576.4107672619382,-0.030686874586443508,0.0316307514953707,-0.044310935548056145
17.07,1.612903225806452,4.838709677419355,0.0,0.0,576.4142955024314,-0.03068686809726026,0.03163079027273619,-0.044310121046720295
17.08,1.612903225806452,4.838709677419355,0.0,0.0,10.931146096270247,-0.030686863255855512,0.03163082490260127,-0.04430936847966374
17.09,1.612903225806452,4.838709677419355,0.0,0.0,576.4213519819812,-0.030686859829537616,0.031630855811065395,-0.04430867315849576
17.1,1.612903225806452,4.838709677419355,0.0,0.0,576.4248802211109,-0.030686857613274193,0.031630883381616515,-0.044308030747744594
17.11,1.612903225806452,4.838709677419355,0.0,0.0,576.4284084598547,-0.030686856426666215,0.03163090795931156,-0.04430743723849328
17.12,1.612903225806452,4.838709677419355,0.0,0.0,576.4319366982423,-0.030686856111238225,0.031630929854551404,-0.04430688892385504
17.13,1.612903225806452,4.838709677419355,0.0,0.0,576.4354649363015,-0.030686856528005985,0.03163094934649707,-0.044306382376826985
17.14,1.612903225806452,4.838709677419355,0.0,0.0,576.4389931740576,-0.03068685755531475,0.03163096668613896,-0.04430591442845727
17.15,1.612903225806452,4.838709677419355,0.0,0.0,576.442521411534,-0.030686859086886314,0.03163098209908749,-0.04430548214927189
17.16,1.612903225806452,4.838709677419355,0.0,0.0,576.4460496487525,-0.030686861030084334,0.03163099578808071,-0.044305082831118045
17.17,1.612903225806452,4.838709677419355,0.0,0.0,576.449577885733,-0.030686863304363765,0.03163100793524842,-0.044304713970342184
17.18,1.612903225806452,4.838709677419355,0.0,0.0,10.966428476331195,-0.03068686583988242,0.03163101870415885,-0.04430437325254521
17.19,1.612903225806452,4.838709677419355,0.0,0.0,576.4566343590524,-0.03068686857626232,0.03163102824166475,-0.044304058538364804
17.2,1.612903225806452,4.838709677419355,0.0,0.0,576.460162595424,-0.030686871461482385,0.031631036679571456,-0.04430376785055599
17.21,1.612903225806452,4.838709677419355,0.0,0.0,576.4636908316231,-0.03068687445090071,0.03163104413613155,-0.04430349936112996
17.22,1.612903225806452,4.838709677419355,0.0,0.0,576.4672190676633,-0.030686877506364812,0.03163105071741251,-0.04430325138111806
17.23,1.612903225806452,4.838709677419355,0.0,0.0,576.4707473035568,-0.030686880595444416,0.03163105651850395,-0.04430302234889997
17.24,1.612903225806452,4.838709677419355,0.0,0.0,576.4742755393149,-0.03068688369072073,0.03163106162463486,-0.04430281082181315
17.25,1.612903225806452,4.838709677419355,0.0,0.0,576.4778037749483,-0.03068688676918016,0.03163106611215505,-0.04430261546621044
17.26,1.612903225806452,4.838709677419355,0.0,0.0,576.4813320104663,-0.030686889811658985,0.03163107004943655,-0.0443024350496639
17.27,1.612903225806452,4.838709677419355,0.0,0.0,10.998182599715383,-0.030686892802351456,0.03163107349768446,-0.044302268433672215
17.28,1.612903225806452,4.838709677419355,0.0,0.0,576.488388481192,-0.030686895728387675,0.03163107651165398,-0.044302114565696646
17.29,1.612903225806452,4.838709677419355,0.0,0.0,576.4919167164154,-0.030686898579442373,0.03163107914031371,-0.04430197247330279
17.3,1.612903225806452,4.838709677419355,0.0,0.0,576.4954449515554,-0.03068690134739352,0.03163108142743726,-0.04430184125824525
17.31,1.612903225806452,4.838709677419355,0.0,0.0,576.4989731866185,-0.03068690402603244,0.03163108341212506,-0.0443017200900811
17.32,1.612903225806452,4.838709677419355,0.0,0.0,576.5025014216105,-0.030686906610788905,0.031631085129292746,-0.044301608201801276
17.33,1.612903225806452,4.838709677419355,0.0,0.0,576.5060296565371,-0.030686909098500054,0.03163108661009889,-0.04430150488482648
17.34,1.612903225806452,4.838709677419355,0.0,0.0,576.5095578914032,-0.03068691148720737,0.03163108788233038,-0.044301409484362696
17.35,1.612903225806452,4.838709677419355,0.0,0.0,576.5130861262137,-0.03068691377597446,0.03163108897075201,-0.04430132139543047
17.36,1.612903225806452,4.838709677419355,0.0,0.0,576.5166143609727,-0.03068691596472778,0.031631089897420694,-0.044301240059088504
17.37,1.612903225806452,4.838709677419355,0.0,0.0,576.5201425956842,-0.03068691805411325,0.03163109068197134,-0.04430116495928301
17.38,1.612903225806452,4.838709677419355,0.0,0.0,576.523670830352,-0.0306869200453829,0.03163109134186243,-0.04430109561893745
17.39,1.612903225806452,4.838709677419355,0.0,0.0,11.04052141881663,-0.03068692194028108,0.03163109189261115,-0.0443010315975364
17.4,1.612903225806452,4.838709677419355,0.0,0.0,576.5307272995697,-0.03068692374095497,0.031631092347994716,-0.04430097248813922
17.41,1.612903225806452,4.838709677419355,0.0,0.0,576.5342555341256,-0.030686925449875363,0.03163109272023368,-0.04430091791471572
17.42,1.612903225806452,4.838709677419355,0.0,0.0,576.5377837686498,-0.030686927069763892,0.03163109302015976,-0.04430086753001601
17.43,1.612903225806452,4.838709677419355,0.0,0.0,576.5413120031448,-0.030686928603532976,0.03163109325736385,-0.04430082101339096
17.44,1.612903225806452,4.838709677419355,0.0,0.0,576.5448402376128,-0.030686930054236672,0.03163109344032711,-0.044300778068550595
17.45,1.612903225806452,4.838709677419355,0.0,0.0,11.061690825893143,-0.030686931425024988,0.031631093576540814,-0.04430073842181467
17.46,1.612903225806452,4.838709677419355,0.0,0.0,576.5518967064762,-0.03068693271910286,0.03163109367261724,-0.04430070182062461
17.47,1.612903225806452,4.838709677419355,0.0,0.0,576.5554249408752,-0.030686933939707034,0.03163109373437617,-0.044300668031260385
17.48,1.612903225806452,4.838709677419355,0.0,0.0,576.5589531752548,-0.0306869350900639,0.03163109376694606,-0.044300636838517905
17.49,1.612903225806452,4.838709677419355,0.0,0.0,576.5624814096163,-0.030686936173384388,0.03163109377482359,-0.04430060804298135
17.5,1.612903225806452,4.838709677419355,0.0,0.0,576.5660096439613,-0.030686937192829555,0.03163109376195816,-0.0443005814610194
17.51,1.612903225806452,4.838709677419355,0.0,0.0,576.5695378782908,-0.03068693815150586,0.03163109373180284,-0.044300556922715624
17.52,1.612903225806452,4.838709677419355,0.0,0.0,576.5730661126063,-0.030686939052445905,0.031631093687376044,-0.04430053427136519
17.53,1.612903225806452,4.838709677419355,0.0,0.0,11.089916700745896,-0.030686939898603965,0.03163109363130595,-0.04430051336203018
17.54,1.612903225806452,4.838709677419355,0.0,0.0,576.5801225811991,-0.030686940692841308,0.03163109356588106,-0.04430049406118937
17.55,1.612903225806452,4.838709677419355,0.0,0.0,576.5836508154784,-0.03068694143792955,0.03163109349308024,-0.04430047624510385
17.56,1.612903225806452,4.838709677419355,0.0,0.0,576.5871790497475,-0.030686942136535722,0.031631093414619005,-0.044300459799938186
17.57,1.612903225806452,4.838709677419355,0.0,0.0,576.5907072840072,-0.030686942791227495,0.03163109333197245,-0.044300444620359807
17.58,1.612903225806452,4.838709677419355,0.0,0.0,11.107557872095292,-0.030686943404468786,0.03163109324640628,-0.04430043060909971
17.59,1.612903225806452,4.838709677419355,0.0,0.0,576.597763752501,-0.030686943978616182,0.0316310931590042,-0.04430041767655981
17.6,1.612903225806452,4.838709677419355,0.0,0.0,576.6012919867366,-0.0306869445159261,0.03163109307068357,-0.04430040573968285
17.61,1.612903225806452,4.838709677419355,0.0,0.0,576.6048202209653,-0.030686945018548878,0.03163109298222183,-0.0443003947219874
17.62,1.612903225806452,4.838709677419355,0.0,0.0,576.6083484551876,-0.03068694548853415,0.031631092894270185,-0.04430038455274498
17.63,1.612903225806452,4.838709677419355,0.0,0.0,576.6118766894042,-0.030686945927828863,0.03163109280737314,-0.044300375166871346
17.64,1.612903225806452,4.838709677419355,0.0,0.0,576.6154049236154,-0.030686946338285004,0.03163109272197695,-0.0443003665040575
17.65,1.612903225806452,4.838709677419355,0.0,0.0,576.6189331578216,-0.030686946721659725,0.03163109263844455,-0.044300358508613975
17.66,1.612903225806452,4.838709677419355,0.0,0.0,576.6224613920233,-0.030686947079615223,0.03163109255706964,-0.0443003511293447
17.67,1.612903225806452,4.838709677419355,0.0,0.0,576.6259896262208,-0.0306869474137276,0.0316310924780801,-0.04430034431876547
17.68,1.612903225806452,4.838709677419355,0.0,0.0,576.6295178604144,-0.030686947725485664,0.03163109240165146,-0.04430033803314328
17.69,1.612903225806452,4.838709677419355,0.0,0.0,11.146368448441528,-0.030686948016297455,0.03163109232791095,-0.044300332231991084
17.7,1.612903225806452,4.838709677419355,0.0,0.0,576.636574328791,-0.030686948287488997,0.031631092256948656,-0.04430032687814769
17.71,1.612903225806452,4.838709677419355,0.0,0.0,576.6401025629746,-0.030686948540313286,0.03163109218881799,-0.044300321937092636
17.72,1.612903225806452,4.838709677419355,0.0,0.0,576.6436307971554,-0.03068694877594838,0.031631092123546034,-0.04430031737717431
17.73,1.612903225806452,4.838709677419355,0.0,0.0,576.6471590313337,-0.03068694899550753,0.03163109206113096,-0.04430031316884189
17.74,1.612903225806452,4.838709677419355,0.0,0.0,576.6506872655095,-0.030686949200034036,0.03163109200155506,-0.044300309285140074
17.75,1.612903225806452,4.838709677419355,0.0,0.0,576.6542154996831,-0.03068694939051156,0.03163109194478059,-0.04430030570096729
17.76,1.612903225806452,4.838709677419355,0.0,0.0,576.6577437338548,-0.030686949567860222,0.031631091890759855,-0.04430030239348452
17.77,1.612903225806452,4.838709677419355,0.0,0.0,576.6612719680245,-0.030686949732950858,0.03163109183942708,-0.0443002993410586
17.78,1.612903225806452,4.838709677419355,0.0,0.0,576.6648002021925,-0.0306869498865939,0.031631091790714105,-0.044300296524262525
17.79,1.612903225806452,4.838709677419355,0.0,0.0,576.6683284363589,-0.030686950029553683,0.031631091744541595,-0.0443002939248404
17.8,1.612903225806452,4.838709677419355,0.0,0.0,576.6718566705239,-0.03068695016254533,0.031631091700826175,-0.04430029152604608
17.81,1.612903225806452,4.838709677419355,0.0,0.0,576.6753849046875,-0.03068695028623894,0.03163109165948036,-0.044300289312422324
17.82,1.612903225806452,4.838709677419355,0.0,0.0,576.6789131388498,-0.030686950401262014,0.03163109162041433,-0.04430028726970137
17.83,1.612903225806452,4.838709677419355,0.0,0.0,576.682441373011,-0.030686950508202165,0.03163109158353633,-0.04430028538471438
17.84,1.612903225806452,4.838709677419355,0.0,0.0,576.685969607171,-0.03068695060761037,0.031631091548752766,-0.04430028364519216
17.85,1.612903225806452,4.838709677419355,0.0,0.0,576.6894978413302,-0.03068695069999816,0.031631091515973986,-0.04430028204014309
17.86,1.612903225806452,4.838709677419355,0.0,0.0,576.6930260754884,-0.030686950785848988,0.03163109148510579,-0.04430028055898462
17.87,1.612903225806452,4.838709677419355,0.0,0.0,576.6965543096458,-0.030686950865612045,0.03163109145605786,-0.044300279192159404
17.88,1.612903225806452,4.838709677419355,0.0,0.0,576.7000825438024,-0.030686950939704333,0.03163109142874437,-0.04430027793107361
17.89,1.612903225806452,4.838709677419355,0.0,0.0,576.7036107779583,-0.030686951008522118,0.03163109140307463,-0.04430027676724483
17.9,1.612903225806452,4.838709677419355,0.0,0.0,576.7071390121134,-0.03068695107242847,0.03163109137896725,-0.04430027569338614
17.91,1.612903225806452,4.838709677419355,0.0,0.0,576.710667246268,-0.030686951131765006,0.03163109135634046,-0.04430027470256269
17.92,1.612903225806452,4.838709677419355,0.0,0.0,576.7141954804221,-0.030686951186851802,0.03163109133511399,-0.04430027378826045
17.93,1.612903225806452,4.838709677419355,0.0,0.0,576.7177237145756,-0.030686951237984622,0.03163109131521319,-0.04430027294468593
17.94,1.612903225806452,4.838709677419355,0.0,0.0,576.7212519487288,-0.03068695128544216,0.031631091296563274,-0.044300272166273906
17.95,1.612903225806452,4.838709677419355,0.0,0.0,576.7247801828814,-0.030686951329482764,0.03163109127909419,-0.044300271447993186
17.96,1.612903225806452,4.838709677419355,0.0,0.0,576.7283084170336,-0.030686951370347076,0.03163109126273872,-0.04430027078520053
17.97,1.612903225806452,4.838709677419355,0.0,0.0,576.7318366511855,-0.030686951408258084,0.03163109124743396,-0.04430027017372459
17.98,1.612903225806452,4.838709677419355,0.0,0.0,576.735364885337,-0.03068695144342623,0.03163109123311725,-0.04430026960949707
17.99,1.612903225806452,4.838709677419355,0.0,0.0,576.7388931194882,-0.03068695147604608,0.03163109121973012,-0.044300269088868485
18.0,1.612903225806452,4.838709677419355,0.0,0.0,576.7424213536391,-0.030686951506298743,0.03163109120721708,-0.04430026860847086
18.01,1.612903225806452,4.193548387096774,0.0,0.0,576.7457549584085,-0.03195611830611042,-0.013069341523666234,-0.04476895171273489
18.02,1.612903225806452,4.193548387096774,0.0,0.0,576.7489266746629,-0.032820680077760817,-0.004123459288103315,-0.04470379380384637
18.03,1.612903225806452,4.193548387096774,0.0,0.0,576.7519776949885,-0.03322932621916394,0.0027820678595564807,-0.04427931122684335
18.04,1.612903225806452,4.193548387096774,0.0,0.0,11.26826805756331,-0.03324188420370444,0.007800012104533072,-0.04352076868635945
18.05,1.612903225806452,4.193548387096774,0.0,0.0,576.7578599523985,-0.032946447445367705,0.011353308815088503,-0.042569646237219615
18.06,1.612903225806452,4.193548387096774,0.0,0.0,576.760740535202,-0.03245050565696658,0.013889402255726213,-0.04154450423964986
18.07,1.612903225806452,4.193548387096774,0.0,0.0,576.7636008195226,-0.03184696463874026,0.01572303133623687,-0.04049952192603893
18.08,1.612903225806452,4.193548387096774,0.0,0.0,576.7664482088543,-0.031211611431191194,0.0171398208780712,-0.03948414523428669
18.09,1.612903225806452,4.193548387096774,0.0,0.0,576.7692871572841,-0.030587534272896594,0.01827541668868582,-0.03849557109467824
18.1,1.612903225806452,4.193548387096774,0.0,0.0,576.7721208016428,-0.02998553715041999,0.019198840521897298,-0.03757439452038449
18.11,1.612903225806452,4.193548387096774,0.0,0.0,576.7749512898881,-0.029415294280110776,0.01996034386293344,-0.03673263225435074
18.12,1.612903225806452,4.193548387096774,0.0,0.0,576.7777797688912,-0.028892926516218026,0.020604471709928684,-0.03593749502029982
18.13,1.612903225806452,4.193548387096774,0.0,0.0,576.7806069177765,-0.028421301832990437,0.021156701524932597,-0.03518298599128053
18.14,1.612903225806452,4.193548387096774,0.0,0.0,576.7834331845642,-0.027998005531256948,0.021633452942840692,-0.034472159584508
18.15,1.612903225806452,4.193548387096774,0.0,0.0,576.7862588723709,-0.02761949514407372,0.022047049575070365,-0.03380742330459601
18.16,1.612903225806452,4.193548387096774,0.0,0.0,576.7890841853026,-0.027282015426631973,0.022407246721583673,-0.03318948420946063
18.17,1.612903225806452,4.193548387096774,0.0,0.0,576.7919092580563,-0.026981866251816006,0.02272195067800936,-0.032617638732011546
18.18,1.612903225806452,4.193548387096774,0.0,0.0,576.7947341769708,-0.026715491396146512,0.022997648190198616,-0.03209025574903355
18.19,1.612903225806452,4.193548387096774,0.0,0.0,576.7975589952617,-0.026479525085417538,0.02323971229097116,-0.0316051518952639
18.2,1.612903225806452,4.193548387096774,0.0,0.0,11.313706097809236,-0.026270821238445735,0.02345263272663284,-0.031159848517576166
18.21,1.612903225806452,4.193548387096774,0.0,0.0,576.8032084397323,-0.026086470298572778,0.023640192435868512,-0.030751741355708347
18.22,1.612903225806452,4.193548387096774,0.0,0.0,576.8060330901665,-0.025923805852863552,0.023805603643572315,-0.030378210617239696
18.23,1.612903225806452,4.193548387096774,0.0,0.0,576.808857697581,-0.0257804031009449,0.023951613384743664,-0.030036691093907122
18.24,1.612903225806452,4.193548387096774,0.0,0.0,576.8116822614219,-0.02565407121413657,0.02408058583125816,-0.029724715576002796
18.25,1.612903225806452,4.193548387096774,0.0,0.0,576.8145067798603,-0.02554284143917171,0.024194566997820577,-0.029439940412474955
18.26,1.612903225806452,4.193548387096774,0.0,0.0,576.8173312507721,-0.025444952507561375,0.024295336038990256,-0.029180159131835016
18.27,1.612903225806452,4.193548387096774,0.0,0.0,576.8201556723052,-0.02535883458881555,0.024384446309712926,-0.028943308098378605
18.28,1.612903225806452,4.193548387096774,0.0,0.0,576.8229800431717,-0.02528309272188639,0.02446325857376963,-0.028727466897580513
18.29,1.612903225806452,4.193548387096774,0.0,0.0,576.8258043627634,-0.025216490397465013,0.024532968150622725,-0.02853085528350887
18.3,1.612903225806452,4.193548387096774,0.0,0.0,576.8286286311579,-0.02515793375085798,0.024594627345882802,-0.02835182794459754
18.31,1.612903225806452,4.193548387096774,0.0,0.0,576.8314528490617,-0.02510645665925429,0.024649164178083438,-0.02818886794847844
18.32,1.612903225806452,4.193548387096774,0.0,0.0,576.8342770177206,-0.025061206912327078,0.024697398166799278,-0.028040579457851968
18.33,1.612903225806452,4.193548387096774,0.0,0.0,576.8371011388182,-0.025021433534195114,0.024740053762946412,-0.027905680122125312
18.34,1.612903225806452,4.193548387096774,0.0,0.0,576.8399252143738,-0.024986475270795977,0.02477777186514768,-0.02778299341798923
18.35,1.612903225806452,4.193548387096774,0.0,0.0,576.8427492466482,-0.024955750213465272,0.024811119764150846,-0.02767144112382131
18.36,1.612903225806452,4.193548387096774,0.0,0.0,11.358895591896605,-0.024928746501848037,0.024840599781280837,-0.02757003604667635
18.37,1.612903225806452,4.193548387096774,0.0,0.0,576.8483971911116,-0.024905014032964606,0.024866656810052012,-0.027477875077317384
18.38,1.612903225806452,4.193548387096774,0.0,0.0,576.8512211083358,-0.024884157095095866,0.024889684927312583,-0.027394132616449098
18.39,1.612903225806452,4.193548387096774,0.0,0.0,576.8540449922427,-0.0248658278426174,0.02491003320796381,-0.0273180543955506
18.4,1.612903225806452,4.193548387096774,0.0,0.0,576.856868845286,-0.02484972052920356,0.0249280108526011,-0.02724895169632362
18.41,1.612903225806452,4.193548387096774,0.0,0.0,576.859692669835,-0.024835566420470273,0.024943891718467115,-0.027186195967443632
18.42,1.612903225806452,4.193548387096774,0.0,0.0,576.8625164681546,-0.02482312931226996,0.024957918329298612,-0.027129213826326572
18.43,1.612903225806452,4.193548387096774,0.0,0.0,576.8653402423921,-0.02481220158669703,0.024970305428008377,-0.027077482431262
18.44,1.612903225806452,4.193548387096774,0.0,0.0,576.8681639945693,-0.024802600743996567,0.024981243126833752,-0.027030525206083005
18.45,1.612903225806452,4.193548387096774,0.0,0.0,576.8709877265784,-0.024794166354653785,0.02499089970204038,-0.026987907897276984
18.46,1.612903225806452,4.193548387096774,0.0,0.0,576.8738114401815,-0.024786757381770913,0.024999424074078236,-0.02694923494298062
18.47,1.612903225806452,4.193548387096774,0.0,0.0,576.8766351370126,-0.024780249829288753,0.02500694800894121,-0.0269141461350526
18.48,1.612903225806452,4.193548387096774,0.0,0.0,576.8794588185813,-0.024774534676667487,0.025013588072110626,-0.026882313551797106
18.49,1.612903225806452,4.193548387096774,0.0,0.0,576.8822824862773,-0.024769516065184294,0.025019447362779834,-0.0268534387437639
18.5,1.612903225806452,4.193548387096774,0.0,0.0,576.8851061413772,-0.02476510970513915,0.025024617052853693,-0.026827250154290425
18.51,1.612903225806452,4.193548387096774,0.0,0.0,576.88792978505,-0.024761241476959378,0.02502917775242336,-0.026803500754778144
18.52,1.612903225806452,4.193548387096774,0.0,0.0,576.8907534183649,-0.024757846202432238,0.025033200721025106,-0.026781965881385414
18.53,1.612903225806452,4.193548387096774,0.0,0.0,576.8935770422972,-0.02475486656523776,0.025036748941812903,-0.02676244125436005
18.54,1.612903225806452,4.193548387096774,0.0,0.0,576.8964006577357,-0.02475225216248156,0.025039878073916166,-0.026744741167153748
18.55,1.612903225806452,4.193548387096774,0.0,0.0,576.8992242654889,-0.024749958671186983,0.025042637296573245,-0.026728696832087635
18.56,1.612903225806452,4.193548387096774,0.0,0.0,576.9020478662915,-0.024747947115701247,0.025045070057123142,-0.026714154868039904
18.57,1.612903225806452,4.193548387096774,0.0,0.0,576.9048714608105,-0.024746183223683133,0.02504721473363758,-0.026700975919956866
18.58,1.612903225806452,4.193548387096774,0.0,0.0,576.9076950496508,-0.024744636859874658,0.025049105221777834,-0.02668903339871233
18.59,1.612903225806452,4.193548387096774,0.0,0.0,576.9105186333608,-0.024743281528187527,0.02505077145441109,-0.02667821233146092
18.6,1.612903225806452,4.193548387096774,0.0,0.0,576.9133422124369,-0.024742093933805526,0.02505223986157623,-0.02666840831262113
18.61,1.612903225806452,4.193548387096774,0.0,0.0,576.9161657873285,-0.02474105359801479,0.025053533777558146,-0.026659526548052766
18.62,1.612903225806452,4.193548387096774,0.0,0.0,576.9189893584421,-0.0247401425193845,0.025054673801066962,-0.02665148098318125
18.63,1.612903225806452,4.193548387096774,0.0,0.0,576.9218129261453,-0.024739344875681996,0.0250556781138645,-0.02664419350928862
18.64,1.612903225806452,4.193548387096774,0.0,0.0,576.9246364907705,-0.024738646761616162,0.02505656276256807,-0.026637593239607498
18.65,1.612903225806452,4.193548387096774,0.0,0.0,576.9274600526177,-0.02473803595807747,0.025057341907848085,-0.026631615850574487
18.66,1.612903225806452,4.193548387096774,0.0,0.0,11.443605965795419,-0.024737501729084233,0.025058028044752767,-0.026626202982402886
18.67,1.612903225806452,4.193548387096774,0.0,0.0,576.9331071690368,-0.02473703464310925,0.025058632197464736,-0.026621301692473818
18.68,1.612903225806452,4.193548387096774,0.0,0.0,576.9359307240748,-0.024736626415842566,0.025059164091444153,-0.026616863959308883
18.69,1.612903225806452,4.193548387096774,0.0,0.0,576.9387542772716,-0.02473626977183435,0.025059632305544866,-0.026612846229776336
18.7,1.612903225806452,4.193548387096774,0.0,0.0,576.9415778288076,-0.024735958322736923,0.025060044406427673,-0.026609209008270466
18.71,1.612903225806452,4.193548387096774,0.0,0.0,576.9444013788452,-0.024735686460161527,0.02506040706731283,-0.02660591648313479
18.72,1.612903225806452,4.193548387096774,0.0,0.0,576.9472249275312,-0.024735449261405223,0.025060726172873693,-0.026602936186110454
18.73,1.612903225806452,4.193548387096774,0.0,0.0,576.9500484749981,-0.024735242406491748,0.025061006911893557,-0.02660023868394725
18.74,1.612903225806452,4.193548387096774,0.0,0.0,576.9528720213651,-0.024735062105187028,0.02506125385908803,-0.02659779729703372
18.75,1.612903225806452,4.193548387096774,0.0,0.0,576.9556955667401,-0.02473490503278089,0.02506147104736567,-0.02659558784468587
18.76,1.612903225806452,4.193548387096774,0.0,0.0,576.9585191112203,-0.02473476827359769,0.025061662031625964,-0.02659358841297366
18.77,1.612903225806452,4.193548387096774,0.0,0.0,576.9613426548934,-0.02473464927130095,0.025061829945088654,-0.026591779144356363
18.78,1.612903225806452,4.193548387096774,0.0,0.0,576.9641661978385,-0.02473454578518644,0.025061977549017123,-0.02659014204606797
18.79,1.612903225806452,4.193548387096774,0.0,0.0,576.9669897401269,-0.024734455851736836,0.025062107276614065,-0.02658866081699125
18.8,1.612903225806452,4.193548387096774,0.0,0.0,576.969813281823,-0.024734377750819853,0.025062221271759444,-0.026587320689492704
18.81,1.612903225806452,4.193548387096774,0.0,0.0,576.9726368229849,-0.024734309975961738,0.025062321423202027,-0.026586108286587806
18.82,1.612903225806452,4.193548387096774,0.0,0.0,576.9754603636649,-0.02473425120821704,0.025062409394728924,-0.02658501149175132
18.83,1.612903225806452,4.193548387096774,0.0,0.0,576.9782839039101,-0.024734200293194647,0.02506248665179006,-0.02658401933130541
18.84,1.612903225806452,4.193548387096774,0.0,0.0,576.9811074437632,-0.024734156220868136,0.025062554484986455,-0.026583121867380054
18.85,1.612903225806452,4.193548387096774,0.0,0.0,576.9839309832627,-0.024734118107834074,0.02506261403079174,-0.026582310100675435
18.86,1.612903225806452,4.193548387096774,0.0,0.0,576.9867545224431,-0.024734085181721904,0.025062666289833502,-0.02658157588257248
18.87,1.612903225806452,4.193548387096774,0.0,0.0,576.9895780613358,-0.024734056767498874,0.025062712143016863,-0.02658091183519813
18.88,1.612903225806452,4.193548387096774,0.0,0.0,576.9924015999688,-0.024734032275442325,0.0250627523657459,-0.026580311278918897
18.89,1.612903225806452,4.193548387096774,0.0,0.0,576.9952251383678,-0.02473401119057292,0.025062787640468653,-0.026579768167148767
18.9,1.612903225806452,4.193548387096774,0.0,0.0,576.9980486765555,-0.02473399306338625,0.025062818567731515,-0.02657927702591718
18.91,1.612903225806452,4.193548387096774,0.0,0.0,577.0008722145527,-0.02473397750170625,0.02506284567593653,-0.026578832900700147
18.92,1.612903225806452,4.193548387096774,0.0,0.0,577.003695752378,-0.02473396416354337,0.025062869429936907,-0.026578431307046367
18.93,1.612903225806452,4.193548387096774,0.0,0.0,577.0065192900482,-0.024733952750824656,0.02506289023861813,-0.02657806818634864
18.94,1.612903225806452,4.193548387096774,0.0,0.0,577.0093428275786,-0.02473394300389445,0.02506290846157916,-0.02657773986565611
18.95,1.612903225806452,4.193548387096774,0.0,0.0,577.0121663649828,-0.024733934696692994,0.025062924415021226,-0.026577443021026582
18.96,1.612903225806452,4.193548387096774,0.0,0.0,577.0149899022732,-0.02473392763252541,0.02506293837694029,-0.026577174644865403
18.97,1.612903225806452,4.193548387096774,0.0,0.0,577.017813439461,-0.02473392164035762,0.02506295059169905,-0.026576932015681627
18.98,1.612903225806452,4.193548387096774,0.0,0.0,577.020636976556,-0.024733916571567177,0.02506296127405805,-0.026576712671111422
18.99,1.612903225806452,4.193548387096774,0.0,0.0,11.536782867404773,-0.024733912297097288,0.02506297061272783,-0.026576514383489437
19.0,1.612903225806452,4.193548387096774,0.0,0.0,11.53960640434092,-0.02473390870496639,0.025062978773495503,-0.026576335137389565
19.01,1.612903225806452,4.193548387096774,0.0,0.0,577.0291075873718,-0.024733905698086034,0.025062985901980528,-0.026576173109495265
19.02,1.612903225806452,4.193548387096774,0.0,0.0,577.0319311241785,-0.024733903192348555,0.02506299212606483,-0.026576026650806148
19.03,1.612903225806452,4.193548387096774,0.0,0.0,577.0347546609299,-0.024733901114962376,0.02506299755802399,-0.026575894269226127
19.04,1.612903225806452,4.193548387096774,0.0,0.0,577.0375781976313,-0.0247338994029854,0.025063002296414838,-0.026575774615396792
19.05,1.612903225806452,4.193548387096774,0.0,0.0,577.0404017342877,-0.024733898002048532,0.02506300642773146,-0.026575666469045675
19.06,1.612903225806452,4.193548387096774,0.0,0.0,577.0432252709035,-0.024733896865241828,0.025063010027861266,-0.02657556872626987
19.07,1.612903225806452,4.193548387096774,0.0,0.0,577.0460488074825,-0.024733895952137736,0.02506301316337034,-0.026575480388664835
19.08,1.612903225806452,4.193548387096774,0.0,0.0,577.0488723440285,-0.024733895227937702,0.0250630158926356,-0.026575400553616336
19.09,1.612903225806452,4.193548387096774,0.0,0.0,577.0516958805446,-0.02473389466273182,0.025063018266835768,-0.026575328404637152
19.1,1.612903225806452,4.193548387096774,0.0,0.0,577.0545194170337,-0.024733894230847625,0.025063020330828967,-0.026575263203587985
19.11,1.612903225806452,4.193548387096774,0.0,0.0,577.0573429534986,-0.02473389391028627,0.025063022123921253,-0.026575204282999247
19.12,1.612903225806452,4.193548387096774,0.0,0.0,577.0601664899416,-0.024733893682230973,0.025063023680541585,-0.026575151039099142
19.13,1.612903225806452,4.193548387096774,0.0,0.0,577.0629900263648,-0.024733893530614143,0.025063025030841568,-0.02657510292627807
19.14,1.612903225806452,4.193548387096774,0.0,0.0,577.0658135627701,-0.024733893441746396,0.025063026201215366,-0.026575059451112545
19.15,1.612903225806452,4.193548387096774,0.0,0.0,577.0686370991593,-0.024733893403991042,0.025063027214761224,-0.026575020167479736
19.16,1.612903225806452,4.193548387096774,0.0,0.0,577.0714606355341,-0.02473389340747953,0.025063028091687034,-0.026574984672263657
19.17,1.612903225806452,4.193548387096774,0.0,0.0,577.0742841718957,-0.02473389344387053,0.025063028849661717,-0.02657495260058107
19.18,1.612903225806452,4.193548387096774,0.0,0.0,577.0771077082454,-0.02473389350612984,0.02506302950413425,-0.02657492362310399
19.19,1.612903225806452,4.193548387096774,0.0,0.0,577.0799312445845,-0.024733893588351347,0.025063030068602,-0.026574897441800287
19.2,1.612903225806452,4.193548387096774,0.0,0.0,577.082754780914,-0.024733893685592895,0.025063030554855648,-0.02657487378747313
19.21,1.612903225806452,4.193548387096774,0.0,0.0,577.0855783172348,-0.024733893793740996,0.025063030973187184,-0.02657485241645266
19.22,1.612903225806452,4.193548387096774,0.0,0.0,577.0884018535477,-0.024733893909385546,0.025063031332580754,-0.026574833108912437
19.23,1.612903225806452,4.193548387096774,0.0,0.0,577.0912253898535,-0.02473389402972012,0.02506303164087159,-0.02657481566594586
19.24,1.612903225806452,4.193548387096774,0.0,0.0,577.094048926153,-0.024733894152450808,0.025063031904890343,-0.02657479990776483
19.25,1.612903225806452,4.193548387096774,0.0,0.0,577.0968724624468,-0.0247338942757189,0.02506303213058908,-0.0265747856718665
19.26,1.612903225806452,4.193548387096774,0.0,0.0,577.0996959987353,-0.024733894398032336,0.025063032323152545,-0.026574772811602032
19.27,1.612903225806452,4.193548387096774,0.0,0.0,577.1025195350192,-0.024733894518213145,0.02506303248709052,-0.026574761193993254
19.28,1.612903225806452,4.193548387096774,0.0,0.0,577.1053430712988,-0.024733894635341036,0.02506303262632914,-0.02657475069940176
19.29,1.612903225806452,4.193548387096774,0.0,0.0,577.1081666075746,-0.02473389474871704,0.02506303274427929,-0.026574741219390567
19.3,1.612903225806452,4.193548387096774,0.0,0.0,577.110990143847,-0.02473389485782615,0.025063032843902933,-0.026574732655843293
19.31,1.612903225806452,4.193548387096774,0.0,0.0,577.1138136801162,-0.02473389496230194,0.02506303292777401,-0.0265747249205305
19.32,1.612903225806452,4.193548387096774,0.0,0.0,11.629959570219844,-0.024733895061906513,0.025063032998122348,-0.02657471793329068
19.33,1.612903225806452,4.193548387096774,0.0,0.0,577.1194607526465,-0.024733895156502594,0.02506303305688229,-0.026574711622013768
19.34,1.612903225806452,4.193548387096774,0.0,0.0,577.1222842889082,-0.024733895246037974,0.025063033105727328,-0.026574705921318907
19.35,1.612903225806452,4.193548387096774,0.0,0.0,577.1251078251678,-0.024733895330527084,0.02506303314610625,-0.02657470077223742
19.36,1.612903225806452,4.193548387096774,0.0,0.0,577.1279313614255,-0.024733895410038814,0.02506303317926989,-0.02657469612137393
19.37,1.612903225806452,4.193548387096774,0.0,0.0,577.1307548976815,-0.024733895484681884,0.025063033206300545,-0.026574691920814686
19.38,1.612903225806452,4.193548387096774,0.0,0.0,577.133578433936,-0.024733895554601287,0.025063033228127973,-0.02657468812672261
19.39,1.612903225806452,4.193548387096774,0.0,0.0,577.1364019701891,-0.024733895619962393,0.025063033245556254,-0.02657468470002755
19.4,1.612903225806452,4.193548387096774,0.0,0.0,577.139225506441,-0.024733895680950302,0.025063033259275058,-0.026574681605112217
19.41,1.612903225806452,4.193548387096774,0.0,0.0,577.1420490426918,-0.024733895737760664,0.0250630332698783,-0.026574678810013835
19.42,1.612903225806452,4.193548387096774,0.0,0.0,577.1448725789417,-0.024733895790598565,0.025063033277873015,-0.026574676285527097
19.43,1.612903225806452,4.193548387096774,0.0,0.0,577.1476961151906,-0.024733895839670478,0.025063033283695302,-0.02657467400558628
19.44,1.612903225806452,4.193548387096774,0.0,0.0,577.1505196514387,-0.02473389588518418,0.025063033287717418,-0.0265746719465414
19.45,1.612903225806452,4.193548387096774,0.0,0.0,577.153343187686,-0.024733895927346206,0.025063033290256054,-0.02657467008691382
19.46,1.612903225806452,4.193548387096774,0.0,0.0,577.1561667239326,-0.02473389596635764,0.02506303329158205,-0.026574668407517228
19.47,1.612903225806452,4.193548387096774,0.0,0.0,577.1589902601787,-0.02473389600241524,0.02506303329192483,-0.02657466689091667
19.48,1.612903225806452,4.193548387096774,0.0,0.0,577.1618137964242,-0.024733896035709885,0.02506303329147791,-0.026574665521249676
19.49,1.612903225806452,4.193548387096774,0.0,0.0,577.1646373326693,-0.02473389606642365,0.02506303329040588,-0.026574664284403235
19.5,1.612903225806452,4.193548387096774,0.0,0.0,577.1674608689138,-0.02473389609473234,0.02506303328884618,-0.02657466316741318
19.51,1.612903225806452,4.193548387096774,0.0,0.0,577.1702844051581,-0.02473389612080193,0.025063033286915004,-0.026574662158785498
19.52,1.612903225806452,4.193548387096774,0.0,0.0,577.1731079414019,-0.024733896144792183,0.025063033284707548,-0.026574661247807992
19.53,1.612903225806452,4.193548387096774,0.0,0.0,577.1759314776455,-0.024733896166850594,0.025063033282306246,-0.026574660425351143
19.54,1.612903225806452,4.193548387096774,0.0,0.0,577.1787550138887,-0.024733896187120658,0.025063033279775104,-0.02657465968252029
19.55,1.612903225806452,4.193548387096774,0.0,0.0,577.1815785501317,-0.02473389620573374,0.025063033277169966,-0.02657465901181578
19.56,1.612903225806452,4.193548387096774,0.0,0.0,577.1844020863745,-0.0247338962228153,0.025063033274534408,-0.026574658406146482
19.57,1.612903225806452,4.193548387096774,0.0,0.0,577.187225622617,-0.024733896238482073,0.02506303327190401,-0.026574657859209046
19.58,1.612903225806452,4.193548387096774,0.0,0.0,577.1900491588593,-0.024733896252843196,0.0250630332693072,-0.026574657365310714
19.59,1.612903225806452,4.193548387096774,0.0,0.0,577.1928726951014,-0.024733896266000505,0.025063033266766455,-0.026574656919310335
19.6,1.612903225806452,4.193548387096774,0.0,0.0,577.1956962313434,-0.02473389627804809,0.02506303326429965,-0.02657465651667806
19.61,1.612903225806452,4.193548387096774,0.0,0.0,577.1985197675853,-0.02473389628907477,0.025063033261918888,-0.026574656153106318
19.62,1.612903225806452,4.193548387096774,0.0,0.0,577.201343303827,-0.024733896299162533,0.025063033259633605,-0.026574655824807544
19.63,1.612903225806452,4.193548387096774,0.0,0.0,577.2041668400686,-0.02473389630838707,0.025063033257450296,-0.026574655528361225
19.64,1.612903225806452,4.193548387096774,0.0,0.0,577.2069903763102,-0.02473389631681891,0.02506303325537279,-0.026574655260678082
19.65,1.612903225806452,4.193548387096774,0.0,0.0,577.2098139125516,-0.024733896324523025,0.02506303325340309,-0.026574655018968243
19.66,1.612903225806452,4.193548387096774,0.0,0.0,577.2126374487929,-0.024733896331559507,0.025063033251541633,-0.026574654800712392
19.67,1.612903225806452,4.193548387096774,0.0,0.0,577.215460985034,-0.024733896337983924,0.025063033249787425,-0.026574654603635093
19.68,1.612903225806452,4.193548387096774,0.0,0.0,577.2182845212752,-0.024733896343846623,0.025063033248139355,-0.02657465442579522
19.69,1.612903225806452,4.193548387096774,0.0,0.0,577.2211080575163,-0.024733896349196288,0.025063033246593147,-0.02657465426510995
19.7,1.612903225806452,4.193548387096774,0.0,0.0,577.2239315937574,-0.02473389635407494,0.02506303324514697,-0.026574654120130846
19.71,1.612903225806452,4.193548387096774,0.0,0.0,577.2267551299983,-0.024733896358523993,0.025063033243795607,-0.026574653989117784
19.72,1.612903225806452,4.193548387096774,0.0,0.0,577.2295786662393,-0.02473389636257875,0.025063033242536448,-0.026574653870931067
19.73,1.612903225806452,4.193548387096774,0.0,0.0,577.2324022024802,-0.0247338963662736,0.025063033241364385,-0.026574653764223407
19.74,1.612903225806452,4.193548387096774,0.0,0.0,577.235225738721,-0.02473389636964038,0.025063033240274424,-0.026574653667767054
19.75,1.612903225806452,4.193548387096774,0.0,0.0,577.2380492749619,-0.02473389637270601,0.02506303323926351,-0.026574653580782828
19.76,1.612903225806452,4.193548387096774,0.0,0.0,577.2408728112027,-0.02473389637549736,0.025063033238326482,-0.026574653502248708
19.77,1.612903225806452,4.193548387096774,0.0,0.0,577.2436963474435,-0.02473389637803905,0.025063033237458177,-0.026574653431230656
19.78,1.612903225806452,4.193548387096774,0.0,0.0,577.2465198836842,-0.02473389638035159,0.02506303323665593,-0.026574653367214957
19.79,1.612903225806452,4.193548387096774,0.0,0.0,577.2493434199249,-0.02473389638245574,0.025063033235914745,-0.02657465330941918
19.8,1.612903225806452,4.193548387096774,0.0,0.0,577.2521669561656,-0.02473389638436982,0.02506303323523068,-0.026574653257239282
19.81,1.612903225806452,4.193548387096774,0.0,0.0,577.2549904924064,-0.02473389638611065,0.025063033234599963,-0.026574653210129893
19.82,1.612903225806452,4.193548387096774,0.0,0.0,577.2578140286471,-0.02473389638769355,0.025063033234018817,-0.02657465316759852
19.83,1.612903225806452,4.193548387096774,0.0,0.0,577.2606375648877,-0.024733896389133342,0.025063033233483134,-0.026574653129086738
19.84,1.612903225806452,4.193548387096774,0.0,0.0,577.2634611011283,-0.024733896390441407,0.025063033232991083,-0.026574653094420655
19.85,1.612903225806452,4.193548387096774,0.0,0.0,577.2662846373689,-0.024733896391630095,0.02506303323253878,-0.026574653063123788
19.86,1.612903225806452,4.193548387096774,0.0,0.0,577.2691081736095,-0.024733896392710203,0.025063033232123222,-0.026574653034868955
19.87,1.612903225806452,4.193548387096774,0.0,0.0,577.2719317098502,-0.024733896393691363,0.025063033231741805,-0.026574653009360582
19.88,1.612903225806452,4.193548387096774,0.0,0.0,577.2747552460908,-0.02473389639458254,0.025063033231391862,-0.026574652986331722
19.89,1.612903225806452,4.193548387096774,0.0,0.0,577.2775787823314,-0.02473389639539192,0.025063033231071064,-0.026574652965541786
19.9,1.612903225806452,4.193548387096774,0.0,0.0,577.280402318572,-0.024733896396126803,0.02506303323077702,-0.026574652946772758
19.91,1.612903225806452,4.193548387096774,0.0,0.0,577.2832258548126,-0.024733896396793992,0.025063033230507736,-0.026574652929828618
19.92,1.612903225806452,4.193548387096774,0.0,0.0,11.799371744890427,-0.024733896397399674,0.025063033230261156,-0.026574652914531795
19.93,1.612903225806452,4.193548387096774,0.0,0.0,577.2888729272938,-0.02473389639794929,0.025063033230035614,-0.02657465290072226
19.94,1.612903225806452,4.193548387096774,0.0,0.0,577.2916964635344,-0.024733896398448113,0.025063033229829224,-0.02657465288825566
19.95,1.612903225806452,4.193548387096774,0.0,0.0,577.294519999775,-0.024733896398900695,0.025063033229640597,-0.02657465287700123
19.96,1.612903225806452,4.193548387096774,0.0,0.0,577.2973435360157,-0.02473389639931131,0.02506303322946818,-0.026574652866841107
19.97,1.612903225806452,4.193548387096774,0.0,0.0,577.3001670722562,-0.02473389639968457,0.025063033229309917,-0.02657465285755541
19.98,1.612903225806452,4.193548387096774,0.0,0.0,577.3029906084967,-0.02473389640002241,0.025063033229166087,-0.026574652849275345
19.99,1.612903225806452,4.193548387096774,0.0,0.0,577.3058141447372,-0.024733896400328775,0.02506303322903486,-0.026574652841800547
20.0,1.612903225806452,4.193548387096774,0.0,0.0,11.821960034814872,-0.02473389640060661,0.025063033228915066,-0.026574652835053576
20.01,1.612903225806452,3.548387096774194,0.0,0.0,577.3112474697127,-0.02592890011927859,-0.018404678110364114,-0.026892288272796914
20.02,1.612903225806452,3.548387096774194,0.0,0.0,577.3136714824965,-0.026695051255160446,-0.00791280659356236,-0.02665340766930245
20.03,1.612903225806452,3.548387096774194,0.0,0.0,577.3159534552279,-0.026998603950855543,0.00039126787785009887,-0.025928641740873226
20.04,1.612903225806452,3.548387096774194,0.0,0.0,577.3181492320841,-0.02673618592081503,0.005877155946833912,-0.02501313145915133
20.05,1.612903225806452,3.548387096774194,0.0,0.0,577.3203003782716,-0.026084010697674964,0.009233949700089616,-0.023917705163106692
20.06,1.612903225806452,3.548387096774194,0.0,0.0,577.322431095089,-0.025239445590588244,0.011316534630262998,-0.022804849615841186
20.07,1.612903225806452,3.548387096774194,0.0,0.0,577.3245532269088,-0.02435757189993784,0.012718659171489788,-0.021772970337073465
20.08,1.612903225806452,3.548387096774194,0.0,0.0,577.3266717630373,-0.023533032874066995,0.013761097096249064,-0.020802993583088333
20.09,1.612903225806452,3.548387096774194,0.0,0.0,577.328789479797,-0.022781491329207093,0.014562292386972708,-0.019942919576498474
20.1,1.612903225806452,3.548387096774194,0.0,0.0,577.3309075296258,-0.022120419663959418,0.015203180065510191,-0.019163956707581656
20.11,1.612903225806452,3.548387096774194,0.0,0.0,577.3330261937017,-0.021554232018569236,0.015732144341935483,-0.018439845306819646
20.12,1.612903225806452,3.548387096774194,0.0,0.0,577.3351455103043,-0.021073100490038937,0.01617373274863776,-0.017773528111526996
20.13,1.612903225806452,3.548387096774194,0.0,0.0,577.3372654232394,-0.020665958880925067,0.01654473661037692,-0.017166978858709325
20.14,1.612903225806452,3.548387096774194,0.0,0.0,577.3393858405638,-0.02032240532488938,0.016857724174857647,-0.016619430047575295
20.15,1.612903225806452,3.548387096774194,0.0,0.0,577.3415066624652,-0.020033112406978748,0.017122499716596074,-0.016128161787524496
20.16,1.612903225806452,3.548387096774194,0.0,0.0,577.3436277951243,-0.019789881863139264,0.017346898346513262,-0.015689375123133086
20.17,1.612903225806452,3.548387096774194,0.0,0.0,577.3457491569633,-0.019585599546120852,0.01753729236887025,-0.015298789295575755
20.18,1.612903225806452,3.548387096774194,0.0,0.0,577.3478706806167,-0.019414150814981962,0.017698935144046413,-0.014952011237174673
20.19,1.612903225806452,3.548387096774194,0.0,0.0,577.3499923125848,-0.019270318997047925,0.017836203087128355,-0.014644753085346657
20.2,1.612903225806452,3.548387096774194,0.0,0.0,577.3521140117504,-0.019149679089817156,0.017952770838083887,-0.01437295351379813
20.21,1.612903225806452,3.548387096774194,0.0,0.0,577.3542357474565,-0.01904849409179593,0.018051741467161264,-0.014132839392466425
20.22,1.612903225806452,3.548387096774194,0.0,0.0,577.3563574975423,-0.018963618344061656,0.018135745812173087,-0.013920950897989351
20.23,1.612903225806452,3.548387096774194,0.0,0.0,11.87180160037291,-0.01889241017787671,0.018207020178143296,-0.013734144585778221
20.24,1.612903225806452,3.548387096774194,0.0,0.0,577.3606009840953,-0.018832654735540216,0.018267468504885753,-0.013569583521971955
20.25,1.612903225806452,3.548387096774194,0.0,0.0,11.876045057559047,-0.0187824969069548,0.018318713083568916,-0.013424720179525321
20.26,1.612903225806452,3.548387096774194,0.0,0.0,577.364844401725,-0.01874038377332951,0.01836213658817032,-0.013297275664131653
20.27,1.612903225806452,3.548387096774194,0.0,0.0,577.3669660764174,-0.018705015661656027,0.018398917332274556,-0.013185217495407835
20.28,1.612903225806452,3.548387096774194,0.0,0.0,577.3690877274975,-0.018675304801169607,0.018430059103560492,-0.01308673730138581
20.29,1.612903225806452,3.548387096774194,0.0,0.0,11.8845317094242,-0.01865034057002965,0.018456416561925926,-0.013000229243521833
20.3,1.612903225806452,3.548387096774194,0.0,0.0,577.3733309618912,-0.018629360380499588,0.018478716943747753,-0.012924269637045866
20.31,1.612903225806452,3.548387096774194,0.0,0.0,577.3754525479533,-0.018611725342725288,0.018497578649960933,-0.012857598005205969
20.32,1.612903225806452,3.548387096774194,0.0,0.0,577.3775741154817,-0.018596899950857948,0.018513527181099332,-0.012799099666919722
20.33,1.612903225806452,3.548387096774194,0.0,0.0,577.3796956662311,-0.018584435138819883,0.01852700880009328,-0.012747789866188127
20.34,1.612903225806452,3.548387096774194,0.0,0.0,577.3818172019236,-0.01857395414981458,0.01853840224213754,-0.012702799397393006
20.35,1.612903225806452,3.548387096774194,0.0,0.0,577.3839387241985,-0.01856514075057855,0.01854802874319672,-0.012663361648046143
20.36,1.612903225806452,3.548387096774194,0.0,0.0,577.3860602345836,-0.018557729397289974,0.018556160620304463,-0.012628800965511134
20.37,1.612903225806452,3.548387096774194,0.0,0.0,577.3881817344801,-0.0185514970251848,0.018563028604947573,-0.012598522242547639
20.38,1.612903225806452,3.548387096774194,0.0,0.0,577.3903032251577,-0.018546256189061777,0.01856882810384375,-0.012572001619090214
20.39,1.612903225806452,3.548387096774194,0.0,0.0,577.3924247077565,-0.018541849328137322,0.018573724538182068,-0.012548778197563034
20.4,1.612903225806452,3.548387096774194,0.0,0.0,577.3945461832927,-0.018538143967293086,0.01857785789221944,-0.012528446674466238
20.41,1.612903225806452,3.548387096774194,0.0,0.0,577.3966676526669,-0.01853502869880594,0.018581346584510217,-0.01251065079654958
20.42,1.612903225806452,3.548387096774194,0.0,0.0,577.3987891166731,-0.018532409815187306,0.018584290759650623,-0.012495077557536288
20.43,1.612903225806452,3.548387096774194,0.0,0.0,577.4009105760096,-0.01853020848571227,0.01858677508495349,-0.0124814520580551
20.44,1.612903225806452,3.548387096774194,0.0,0.0,11.916354385124684,-0.01852835838737618,0.018588871124709694,-0.012469532955189664
20.45,1.612903225806452,3.548387096774194,0.0,0.0,577.4051534830413,-0.01852680371600071,0.018590639354476357,-0.012459108441855141
20.46,1.612903225806452,3.548387096774194,0.0,0.0,577.4072749317372,-0.018525497515650663,0.018592130868914813,-0.012449992693087145
20.47,1.612903225806452,3.548387096774194,0.0,0.0,577.4093963777809,-0.018524400274780722,0.018593388829016955,-0.01244202273008462
20.48,1.612903225806452,3.548387096774194,0.0,0.0,577.4115178215255,-0.01852347874606375,0.018594449687892922,-0.01243505565443457
20.49,1.612903225806452,3.548387096774194,0.0,0.0,577.4136392632776,-0.01852270495392999,0.018595344228548694,-0.012428966208597327
20.5,1.612903225806452,3.548387096774194,0.0,0.0,11.929083057140351,-0.018522055359714712,0.018596098442160758,-0.012423644628476137
20.51,1.612903225806452,3.548387096774194,0.0,0.0,577.4178821418333,-0.018521510159223403,0.01859673427110492,-0.012418994751388336
20.52,1.612903225806452,3.548387096774194,0.0,0.0,577.4200035790681,-0.01852105269159382,0.018597270237376673,-0.012414932350839876
20.53,1.612903225806452,3.548387096774194,0.0,0.0,577.4221250151809,-0.0185206689417399,0.018597721973942216,-0.012411383672649623
20.54,1.612903225806452,3.548387096774194,0.0,0.0,577.4242464503221,-0.018520347121515235,0.018598102673903383,-0.012408284147376502
20.55,1.612903225806452,3.548387096774194,0.0,0.0,577.426367884622,-0.01852007731711161,0.01859842347010754,-0.012405577258084433
20.56,1.612903225806452,3.548387096774194,0.0,0.0,577.4284893181931,-0.018519851192196707,0.018598693755914664,-0.012403213546540344
20.57,1.612903225806452,3.548387096774194,0.0,0.0,577.430610751133,-0.018519661737974147,0.01859892145619546,-0.012401149740118543
20.58,1.612903225806452,3.548387096774194,0.0,0.0,577.4327321835264,-0.018519503062746995,0.01859911325624619,-0.012399347985393945
20.59,1.612903225806452,3.548387096774194,0.0,0.0,577.4348536154463,-0.018519370214743924,0.018599274795127463,-0.012397775175181576
20.6,1.612903225806452,3.548387096774194,0.0,0.0,577.436975046956,-0.0185192590329539,0.018599410828937346,-0.012396402358415706
20.61,1.612903225806452,3.548387096774194,0.0,0.0,577.4390964781105,-0.018519166021546574,0.018599525368676928,-0.012395204223126087
20.62,1.612903225806452,3.548387096774194,0.0,0.0,577.4412179089572,-0.018519088244160847,0.018599621796646537,-0.012394158642028264
20.63,1.612903225806452,3.548387096774194,0.0,0.0,577.4433393395374,-0.01851902323491944,0.01859970296470992,-0.012393246275020418
20.64,1.612903225806452,3.548387096774194,0.0,0.0,577.4454607698865,-0.018518968923534357,0.018599771277239496,-0.012392450220524206
20.65,1.612903225806452,3.548387096774194,0.0,0.0,577.4475822000354,-0.01851892357227533,0.018599828761126314,-0.012391755710222312
20.66,1.612903225806452,3.548387096774194,0.0,0.0,577.4497036300107,-0.018518885722931533,0.018599877124865438,-0.012391149841463035
20.67,1.612903225806452,3.548387096774194,0.0,0.0,577.4518250598358,-0.01851885415218449,0.01859991780841852,-0.012390621343470208
20.68,1.612903225806452,3.548387096774194,0.0,0.0,577.4539464895304,-0.018518827834068663,0.018599952025285194,-0.01239016037134414
20.69,1.612903225806452,3.548387096774194,0.0,0.0,577.456067919112,-0.018518805908391306,0.018599980798005955,-0.01238975832767025
20.7,1.612903225806452,3.548387096774194,0.0,0.0,577.4581893485957,-0.01851878765417725,0.01860000498811032,-0.012389407704827816
20.71,1.612903225806452,3.548387096774194,0.0,0.0,577.4603107779946,-0.018518772467338823,0.018600025321382663,-0.01238910194750104
20.72,1.612903225806452,3.548387096774194,0.0,0.0,577.4624322073197,-0.01851875984190174,0.01860004240917601,-0.012388835332849076
20.73,1.612903225806452,3.548387096774194,0.0,0.0,577.464553636581,-0.018518749354225927,0.01860005676638743,-0.012388602865171551
20.74,1.612903225806452,3.548387096774194,0.0,0.0,11.979997419624048,-0.01851874064974443,0.018600068826619243,-0.012388400183996251
20.75,1.612903225806452,3.548387096774194,0.0,0.0,577.4687964949447,-0.018518733431822004,0.018600078954963906,-0.012388223483602114
20.76,1.612903225806452,3.548387096774194,0.0,0.0,577.4709179240609,-0.018518727452395717,0.018600087458784997,-0.012388069442659933
20.77,1.612903225806452,3.548387096774194,0.0,0.0,577.4730393531411,-0.018518722504113433,0.018600094596808392,-0.012387935163391806
20.78,1.612903225806452,3.548387096774194,0.0,0.0,577.4751607821898,-0.018518718413736923,0.018600100586783408,-0.012387818116888579
20.79,1.612903225806452,3.548387096774194,0.0,0.0,577.4772822112114,-0.018518715036598993,0.018600105611946027,-0.012387716097244246
20.8,1.612903225806452,3.548387096774194,0.0,0.0,577.4794036402094,-0.018518712251957087,0.01860010982646182,-0.012387627179792691
20.81,1.612903225806452,3.548387096774194,0.0,0.0,577.4815250691869,-0.0185187099590913,0.018600113360017323,-0.01238754968588992
20.82,1.612903225806452,3.548387096774194,0.0,0.0,577.4836464981466,-0.018518708074034246,0.018600116321686788,-0.012387482151201586
20.83,1.612903225806452,3.548387096774194,0.0,0.0,577.4857679270909,-0.01851870652682827,0.01860011880319118,-0.012387423298516772
20.84,1.612903225806452,3.548387096774194,0.0,0.0,577.4878893560218,-0.018518705259225887,0.018600120881644866,-0.012387372014138863
20.85,1.612903225806452,3.548387096774194,0.0,0.0,577.4900107849411,-0.018518704222763832,0.01860012262186833,-0.012387327326841398
20.86,1.612903225806452,3.548387096774194,0.0,0.0,577.4921322138504,-0.01851870337714953,0.018600124078336944,-0.012387288389697994
20.87,1.612903225806452,3.548387096774194,0.0,0.0,577.4942536427509,-0.018518702688910788,0.018600125296821535,-0.01238725446410457
20.88,1.612903225806452,3.548387096774194,0.0,0.0,577.4963750716438,-0.01851870213026352,0.01860012631577146,-0.012387224906274958
20.89,1.612903225806452,3.548387096774194,0.0,0.0,577.4984965005301,-0.018518701678166688,0.018600127167477776,-0.012387199154927487
20.9,1.612903225806452,3.548387096774194,0.0,0.0,577.5006179294106,-0.01851870131353131,0.01860012787905252,-0.012387176720627089
20.91,1.612903225806452,3.548387096774194,0.0,0.0,577.5027393582862,-0.01851870102055772,0.018600128473254596,-0.012387157177035087
20.92,1.612903225806452,3.548387096774194,0.0,0.0,577.5048607871576,-0.018518700786185227,0.01860012896918195,-0.012387140152085403
20.93,1.612903225806452,3.548387096774194,0.0,0.0,577.5069822160251,-0.018518700599628457,0.01860012938285749,-0.012387125321774153
20.94,1.612903225806452,3.548387096774194,0.0,0.0,577.5091036448894,-0.018518700451993414,0.018600129727719572,-0.01238711240359302
20.95,1.612903225806452,3.548387096774194,0.0,0.0,577.5112250737508,-0.018518700335955623,0.018600130015035687,-0.012387101151426938
20.96,1.612903225806452,3.548387096774194,0.0,0.0,577.5133465026098,-0.018518700245492153,0.01860013025425017,-0.012387091350788302
20.97,1.612903225806452,3.548387096774194,0.0,0.0,577.5154679314667,-0.018518700175659486,0.0186001304532758,-0.012387082814535696
20.98,1.612903225806452,3.548387096774194,0.0,0.0,577.5175893603217,-0.018518700122405973,0.018600130618741217,-0.012387075379904085
20.99,1.612903225806452,3.548387096774194,0.0,0.0,577.5197107891752,-0.018518700082418543,0.018600130756196043,-0.012387068904852852
21.0,1.612903225806452,3.548387096774194,0.0,0.0,12.035154571864375,-0.018518700052993636,0.018600130870285003,-0.012387063265603444
21.01,1.612903225806452,3.548387096774194,0.0,0.0,577.523953646878,-0.018518700031929486,0.018600130964895045,-0.012387058354632077
21.02,1.612903225806452,3.548387096774194,0.0,0.0,577.5260750757277,-0.018518700017439826,0.018600131043275292,-0.012387054077722937
21.03,1.612903225806452,3.548387096774194,0.0,0.0,577.5281965045765,-0.018518700008077288,0.018600131108142903,-0.012387050353314383
21.04,1.612903225806452,3.548387096774194,0.0,0.0,577.5303179334245,-0.018518700002674804,0.01860013116176762,-0.01238704711003988
21.05,1.612903225806452,3.548387096774194,0.0,0.0,577.5324393622718,-0.01851870000029418,0.018600131206044923,-0.012387044285826992
21.06,1.612903225806452,3.548387096774194,0.0,0.0,577.5345607911186,-0.01851870000018449,0.018600131242556828,-0.012387041826602477
21.07,1.612903225806452,3.548387096774194,0.0,0.0,577.5366822199647,-0.018518700001748073,0.018600131272622833,-0.012387039685149927
21.08,1.612903225806452,3.548387096774194,0.0,0.0,577.5388036488105,-0.01851870000451103,0.01860013129734356,-0.012387037820553039
21.09,1.612903225806452,3.548387096774194,0.0,0.0,577.5409250776559,-0.018518700008100825,0.01860013131763577,-0.012387036197073657
21.1,1.612903225806452,3.548387096774194,0.0,0.0,577.5430465065009,-0.01851870001222722,0.018600131334262526,-0.012387034783469253
21.11,1.612903225806452,3.548387096774194,0.0,0.0,577.5451679353456,-0.018518700016665668,0.018600131347858873,-0.012387033552627382
21.12,1.612903225806452,3.548387096774194,0.0,0.0,577.5472893641901,-0.018518700021244255,0.018600131358953387,-0.012387032481047902
21.13,1.612903225806452,3.548387096774194,0.0,0.0,577.5494107930343,-0.01851870002583439,0.01860013136798422,-0.012387031548051186
21.14,1.612903225806452,3.548387096774194,0.0,0.0,577.5515322218783,-0.01851870003034098,0.018600131375315687,-0.012387030735725836
21.15,1.612903225806452,3.548387096774194,0.0,0.0,577.5536536507223,-0.0185187000346953,0.01860013138125005,-0.012387030028587072
21.16,1.612903225806452,3.548387096774194,0.0,0.0,577.5557750795659,-0.018518700038850838,0.018600131386037055,-0.01238702941282361
21.17,1.612903225806452,3.548387096774194,0.0,0.0,577.5578965084095,-0.018518700042776226,0.018600131389884256,-0.012387028876832908
21.18,1.612903225806452,3.548387096774194,0.0,0.0,577.560017937253,-0.018518700046453673,0.018600131392962793,-0.012387028410199947
21.19,1.612903225806452,3.548387096774194,0.0,0.0,577.5621393660963,-0.01851870004987502,0.018600131395413944,-0.012387028003954503
21.2,1.612903225806452,3.548387096774194,0.0,0.0,577.5642607949396,-0.018518700053039044,0.018600131397354613,-0.012387027650398712
21.21,1.612903225806452,3.548387096774194,0.0,0.0,577.5663822237829,-0.018518700055950715,0.018600131398880282,-0.012387027342503649
21.22,1.612903225806452,3.548387096774194,0.0,0.0,577.5685036526261,-0.01851870005861786,0.018600131400070552,-0.012387027074574418
21.23,1.612903225806452,3.548387096774194,0.0,0.0,577.5706250814692,-0.01851870006105208,0.01860013140098965,-0.012387026841226377
21.24,1.612903225806452,3.548387096774194,0.0,0.0,577.5727465103123,-0.01851870006326556,0.018600131401691256,-0.012387026638197265
21.25,1.612903225806452,3.548387096774194,0.0,0.0,12.088190292992513,-0.01851870006527276,0.01860013140221839,-0.01238702646134907
21.26,1.612903225806452,3.548387096774194,0.0,0.0,577.5769893679983,-0.018518700067087418,0.018600131402606968,-0.012387026307508856
21.27,1.612903225806452,3.548387096774194,0.0,0.0,577.5791107968413,-0.018518700068724275,0.018600131402885633,-0.01238702617359586
21.28,1.612903225806452,3.548387096774194,0.0,0.0,577.5812322256842,-0.018518700070197708,0.018600131403077647,-0.012387026056917718
21.29,1.612903225806452,3.548387096774194,0.0,0.0,12.096676008364275,-0.018518700071520927,0.01860013140320238,-0.012387025955455242
21.3,1.612903225806452,3.548387096774194,0.0,0.0,577.5854750833699,-0.018518700072707145,0.018600131403275044,-0.012387025867139382
21.31,1.612903225806452,3.548387096774194,0.0,0.0,577.5875965122128,-0.018518700073768962,0.018600131403307907,-0.012387025790267438
21.32,1.612903225806452,3.548387096774194,0.0,0.0,577.5897179410557,-0.018518700074717814,0.018600131403310738,-0.012387025723357209
21.33,1.612903225806452,3.548387096774194,0.0,0.0,12.10516172373581,-0.018518700075564554,0.01860013140329153,-0.012387025665117337
21.34,1.612903225806452,3.548387096774194,0.0,0.0,577.5939607987414,-0.018518700076319533,0.01860013140325617,-0.012387025614314111
21.35,1.612903225806452,3.548387096774194,0.0,0.0,12.109404581421352,-0.018518700076991246,0.01860013140321015,-0.012387025570194546
21.36,1.612903225806452,3.548387096774194,0.0,0.0,577.5982036564269,-0.018518700077588574,0.018600131403156916,-0.01238702553179262
21.37,1.612903225806452,3.548387096774194,0.0,0.0,577.6003250852697,-0.018518700078119038,0.018600131403099518,-0.012387025498369314
21.38,1.612903225806452,3.548387096774194,0.0,0.0,577.6024465141124,-0.018518700078589717,0.018600131403040232,-0.012387025469279075
21.39,1.612903225806452,3.548387096774194,0.0,0.0,577.6045679429552,-0.01851870007900705,0.01860013140298067,-0.012387025443960316
21.4,1.612903225806452,3.548387096774194,0.0,0.0,577.606689371798,-0.018518700079376643,0.01860013140292216,-0.012387025421924332
21.41,1.612903225806452,3.548387096774194,0.0,0.0,577.6088108006408,-0.018518700079703826,0.018600131402865594,-0.012387025402745494
21.42,1.612903225806452,3.548387096774194,0.0,0.0,577.6109322294835,-0.01851870007999315,0.018600131402811526,-0.012387025386053666
21.43,1.612903225806452,3.548387096774194,0.0,0.0,577.6130536583263,-0.018518700080248834,0.018600131402760456,-0.01238702537152631
21.44,1.612903225806452,3.548387096774194,0.0,0.0,577.6151750871691,-0.018518700080474654,0.01860013140271255,-0.01238702535888275
21.45,1.612903225806452,3.548387096774194,0.0,0.0,577.6172965160118,-0.018518700080673994,0.018600131402667974,-0.01238702534787921
21.46,1.612903225806452,3.548387096774194,0.0,0.0,577.6194179448546,-0.018518700080849798,0.018600131402626785,-0.012387025338302651
21.47,1.612903225806452,3.548387096774194,0.0,0.0,577.6215393736974,-0.018518700081004758,0.01860013140258887,-0.012387025329968167
21.48,1.612903225806452,3.548387096774194,0.0,0.0,577.6236608025401,-0.018518700081141343,0.018600131402554065,-0.01238702532271473
21.49,1.612903225806452,3.548387096774194,0.0,0.0,577.6257822313829,-0.018518700081261635,0.018600131402522313,-0.012387025316402154
21.5,1.612903225806452,3.548387096774194,0.0,0.0,577.6279036602257,-0.018518700081367467,0.018600131402493503,-0.012387025310908411
21.51,1.612903225806452,3.548387096774194,0.0,0.0,577.6300250890685,-0.018518700081460643,0.018600131402467246,-0.012387025306127479
21.52,1.612903225806452,3.548387096774194,0.0,0.0,577.6321465179112,-0.018518700081542577,0.018600131402443598,-0.012387025301966597
21.53,1.612903225806452,3.548387096774194,0.0,0.0,577.634267946754,-0.018518700081614548,0.018600131402422226,-0.012387025298345549
21.54,1.612903225806452,3.548387096774194,0.0,0.0,577.6363893755968,-0.018518700081677858,0.01860013140240302,-0.01238702529519444
21.55,1.612903225806452,3.548387096774194,0.0,0.0,577.6385108044395,-0.01851870008173348,0.018600131402385756,-0.012387025292452034
21.56,1.612903225806452,3.548387096774194,0.0,0.0,577.6406322332823,-0.01851870008178222,0.018600131402370268,-0.01238702529006542
21.57,1.612903225806452,3.548387096774194,0.0,0.0,577.6427536621251,-0.018518700081825074,0.018600131402356446,-0.012387025287988653
21.58,1.612903225806452,3.548387096774194,0.0,0.0,577.6448750909678,-0.01851870008186271,0.01860013140234401,-0.012387025286181285
21.59,1.612903225806452,3.548387096774194,0.0,0.0,577.6469965198106,-0.01851870008189574,0.018600131402332964,-0.012387025284608303
21.6,1.612903225806452,3.548387096774194,0.0,0.0,577.6491179486534,-0.018518700081924605,0.01860013140232314,-0.01238702528323963
21.61,1.612903225806452,3.548387096774194,0.0,0.0,577.6512393774962,-0.01851870008195,0.018600131402314313,-0.012387025282048533
21.62,1.612903225806452,3.548387096774194,0.0,0.0,577.6533608063389,-0.018518700081972234,0.01860013140230654,-0.012387025281012
21.63,1.612903225806452,3.548387096774194,0.0,0.0,577.6554822351817,-0.018518700081991718,0.018600131402299602,-0.012387025280109869
21.64,1.612903225806452,3.548387096774194,0.0,0.0,577.6576036640245,-0.01851870008200876,0.018600131402293496,-0.012387025279325002
21.65,1.612903225806452,3.548387096774194,0.0,0.0,577.6597250928672,-0.018518700082023748,0.018600131402288056,-0.012387025278641934
21.66,1.612903225806452,3.548387096774194,0.0,0.0,577.66184652171,-0.018518700082036793,0.018600131402283226,-0.012387025278047402
21.67,1.612903225806452,3.548387096774194,0.0,0.0,577.6639679505528,-0.01851870008204831,0.018600131402278897,-0.012387025277530205
21.68,1.612903225806452,3.548387096774194,0.0,0.0,577.6660893793955,-0.018518700082058387,0.018600131402275122,-0.012387025277079999
21.69,1.612903225806452,3.548387096774194,0.0,0.0,577.6682108082383,-0.018518700082067102,0.01860013140227179,-0.012387025276688297
21.7,1.612903225806452,3.548387096774194,0.0,0.0,577.6703322370811,-0.018518700082074818,0.01860013140226885,-0.012387025276347415
21.71,1.612903225806452,3.548387096774194,0.0,0.0,577.6724536659239,-0.018518700082081535,0.01860013140226624,-0.012387025276050907
21.72,1.612903225806452,3.548387096774194,0.0,0.0,577.6745750947666,-0.01851870008208742,0.01860013140226391,-0.012387025275792734
21.73,1.612903225806452,3.548387096774194,0.0,0.0,577.6766965236094,-0.018518700082092582,0.01860013140226191,-0.012387025275568113
21.74,1.612903225806452,3.548387096774194,0.0,0.0,577.6788179524522,-0.018518700082097023,0.018600131402260134,-0.012387025275372675
21.75,1.612903225806452,3.548387096774194,0.0,0.0,577.6809393812949,-0.018518700082100964,0.018600131402258524,-0.012387025275202574
21.76,1.612903225806452,3.548387096774194,0.0,0.0,577.6830608101377,-0.018518700082104406,0.018600131402257192,-0.012387025275054593
21.77,1.612903225806452,3.548387096774194,0.0,0.0,577.6851822389805,-0.018518700082107348,0.01860013140225597,-0.012387025274925748
21.78,1.612903225806452,3.548387096774194,0.0,0.0,577.6873036678232,-0.018518700082110068,0.01860013140225486,-0.012387025274813725
21.79,1.612903225806452,3.548387096774194,0.0,0.0,577.689425096666,-0.018518700082112344,0.018600131402253917,-0.01238702527471625
21.8,1.612903225806452,3.548387096774194,0.0,0.0,577.6915465255088,-0.018518700082114314,0.01860013140225314,-0.012387025274631258
21.81,1.612903225806452,3.548387096774194,0.0,0.0,577.6936679543516,-0.018518700082116063,0.018600131402252418,-0.01238702527455754
21.82,1.612903225806452,3.548387096774194,0.0,0.0,577.6957893831943,-0.018518700082117617,0.01860013140225175,-0.012387025274493218
21.83,1.612903225806452,3.548387096774194,0.0,0.0,577.6979108120371,-0.01851870008211895,0.018600131402251197,-0.012387025274437382
21.84,1.612903225806452,3.548387096774194,0.0,0.0,577.7000322408799,-0.01851870008212006,0.018600131402250697,-0.01238702527438862
21.85,1.612903225806452,3.548387096774194,0.0,0.0,577.7021536697226,-0.018518700082121087,0.018600131402250253,-0.01238702527434636
21.86,1.612903225806452,3.548387096774194,0.0,0.0,577.7042750985654,-0.018518700082121947,0.01860013140224992,-0.012387025274309519
21.87,1.612903225806452,3.548387096774194,0.0,0.0,577.7063965274082,-0.018518700082122724,0.018600131402249587,-0.012387025274277435
21.88,1.612903225806452,3.548387096774194,0.0,0.0,577.708517956251,-0.018518700082123446,0.01860013140224931,-0.012387025274249593
21.89,1.612903225806452,3.548387096774194,0.0,0.0,12.223961738930932,-0.018518700082124057,0.01860013140224903,-0.012387025274226006
21.9,1.612903225806452,3.548387096774194,0.0,0.0,577.7127608139365,-0.018518700082124556,0.01860013140224881,-0.012387025274204218
21.91,1.612903225806452,3.548387096774194,0.0,0.0,577.7148822427793,-0.018518700082124973,0.018600131402248588,-0.012387025274185743
21.92,1.612903225806452,3.548387096774194,0.0,0.0,577.717003671622,-0.018518700082125333,0.018600131402248476,-0.012387025274169865
21.93,1.612903225806452,3.548387096774194,0.0,0.0,577.7191251004648,-0.018518700082125722,0.018600131402248254,-0.012387025274155816
21.94,1.612903225806452,3.548387096774194,0.0,0.0,577.7212465293076,-0.018518700082126055,0.018600131402248143,-0.01238702527414382
21.95,1.612903225806452,3.548387096774194,0.0,0.0,577.7233679581503,-0.018518700082126333,0.018600131402248032,-0.012387025274133174
21.96,1.612903225806452,3.548387096774194,0.0,0.0,577.7254893869931,-0.018518700082126555,0.01860013140224792,-0.01238702527412405
21.97,1.612903225806452,3.548387096774194,0.0,0.0,577.7276108158359,-0.01851870008212672,0.01860013140224781,-0.012387025274116061
21.98,1.612903225806452,3.548387096774194,0.0,0.0,577.7297322446786,-0.018518700082126888,0.018600131402247755,-0.012387025274109249
21.99,1.612903225806452,3.548387096774194,0.0,0.0,12.245176027358632,-0.018518700082127054,0.0186001314022477,-0.012387025274103892
22.0,1.612903225806452,3.548387096774194,0.0,0.0,12.247297456201402,-0.018518700082127165,0.018600131402247644,-0.012387025274098518
22.01,1.612903225806452,2.903225806451613,0.0,0.0,577.735868157291,-0.019497181054481588,-0.02376469671109449,-0.012543101691032111
22.02,1.612903225806452,2.903225806451613,0.0,0.0,577.7375565870644,-0.019978906489829307,-0.011846137860919093,-0.012090159680514963
22.03,1.612903225806452,2.903225806451613,0.0,0.0,577.7390765245914,-0.020007473661263847,-0.0016640748883179901,-0.011069264747727976
22.04,1.612903225806452,2.903225806451613,0.0,0.0,577.7405037768594,-0.01934708673202981,0.004613038727047547,-0.009963001381001315
22.05,1.612903225806452,2.903225806451613,0.0,0.0,577.7419082366024,-0.018086462381781604,0.0072548901009928946,-0.008837781470461242
22.06,1.612903225806452,2.903225806451613,0.0,0.0,577.7433129180661,-0.01679513808657196,0.008532778115638934,-0.007786285458358459
22.07,1.612903225806452,2.903225806451613,0.0,0.0,577.7447217331234,-0.015707984818361054,0.00936943561500822,-0.006868195212431974
22.08,1.612903225806452,2.903225806451613,0.0,0.0,577.746134584482,-0.014847872120380357,0.009984948452124526,-0.006065213135852161
22.09,1.612903225806452,2.903225806451613,0.0,0.0,577.7475503422245,-0.014191805225811094,0.01046488848248403,-0.0053479051594462375
22.1,1.612903225806452,2.903225806451613,0.0,0.0,577.7489680460799,-0.013695948417599801,0.010842810846769718,-0.004723490347699078
22.11,1.612903225806452,2.903225806451613,0.0,0.0,577.7503869954029,-0.013322646701576596,0.011140637229890449,-0.004190151047122189
22.12,1.612903225806452,2.903225806451613,0.0,0.0,577.7518067104564,-0.013042032198333747,0.011374848460970588,-0.003740255251288801
22.13,1.612903225806452,2.903225806451613,0.0,0.0,577.7532268766909,-0.012831088740393043,0.011558450358412686,-0.003363921556525413
22.14,1.612903225806452,2.903225806451613,0.0,0.0,577.7546472952478,-0.012672362539881354,0.011701885817452712,-0.00305097129338841
22.15,1.612903225806452,2.903225806451613,0.0,0.0,577.7560678446933,-0.01255274433797196,0.011813572162200414,-0.002791849245207467
22.16,1.612903225806452,2.903225806451613,0.0,0.0,577.7574884535659,-0.012462438416266902,0.011900276813982591,-0.0025779995224332083
22.17,1.612903225806452,2.903225806451613,0.0,0.0,577.7589090816506,-0.012394139165629203,0.011967411805245992,-0.0024019671228959123
22.18,1.612903225806452,2.903225806451613,0.0,0.0,577.7603297076863,-0.012342396633881259,0.012019278507684555,-0.002257366580126368
22.19,1.612903225806452,2.903225806451613,0.0,0.0,577.7617503215419,-0.012303138466435243,0.012059274790035046,-0.002138790879648649
22.2,1.612903225806452,2.903225806451613,0.0,0.0,577.7631709193734,-0.012273314352817033,0.012090069959580535,-0.0020416983799174597
22.21,1.612903225806452,2.903225806451613,0.0,0.0,577.7645915007051,-0.01225063331453874,0.012113750885137525,-0.001962296909511022
22.22,1.612903225806452,2.903225806451613,0.0,0.0,577.7660120667194,-0.012233369999289506,0.012131942433727227,-0.0018974343892103802
22.23,1.612903225806452,2.903225806451613,0.0,0.0,577.7674326192888,-0.012220221735428999,0.01214590546412131,-0.0018445000887220531
22.24,1.612903225806452,2.903225806451613,0.0,0.0,577.7688531604518,-0.01221020276575896,0.01215661565364426,-0.0018013378412074948
22.25,1.612903225806452,2.903225806451613,0.0,0.0,577.7702736921499,-0.012202565707573165,0.012164826295667924,-0.0017661711002104762
22.26,1.612903225806452,2.903225806451613,0.0,0.0,577.77169421611,-0.012196742998061755,0.012171117927765596,-0.0017375390040953464
22.27,1.612903225806452,2.903225806451613,0.0,0.0,577.7731147338086,-0.012192303066997728,0.012175937296681927,-0.0017142423148084414
22.28,1.612903225806452,2.903225806451613,0.0,0.0,577.774535246477,-0.012188917411970007,0.012179627790157965,-0.0016952980080194918
22.29,1.612903225806452,2.903225806451613,0.0,0.0,577.7759557551241,-0.012186335783149121,0.012182453103962099,-0.0016799013268489111
22.3,1.612903225806452,2.903225806451613,0.0,0.0,577.7773762605678,-0.012184367427578086,0.012184615585888625,-0.0016673942043502225
22.31,1.612903225806452,2.903225806451613,0.0,0.0,577.7787967634656,-0.01218286687996048,0.012186270415897815,-0.0016572390719387488
22.32,1.612903225806452,2.903225806451613,0.0,0.0,577.7802172643432,-0.012181723177087572,0.012187536544322253,-0.0016489971977793948
22.33,1.612903225806452,2.903225806451613,0.0,0.0,577.7816377636192,-0.01218085165831187,0.0121885051152128,-0.0016423108111452533
22.34,1.612903225806452,2.903225806451613,0.0,0.0,577.7830582616264,-0.01218018772439472,0.012189245944480093,-0.0016368883831941723
22.35,1.612903225806452,2.903225806451613,0.0,0.0,577.7844787586284,-0.012179682082494842,0.012189812496867014,-0.0016324925263711825
22.36,1.612903225806452,2.903225806451613,0.0,0.0,577.7858992548344,-0.012179297120818416,0.012190245706490188,-0.001628930062621554
22.37,1.612903225806452,2.903225806451613,0.0,0.0,577.7873197504094,-0.012179004143088118,0.01219057690776365,-0.0016260438821324432
22.38,1.612903225806452,2.903225806451613,0.0,0.0,577.7887402454847,-0.012178781258110893,0.012190830082706133,-0.0016237062789011283
22.39,1.612903225806452,2.903225806451613,0.0,0.0,577.7901607401639,-0.012178611768853653,0.012191023583379895,-0.001621813499219757
22.4,1.612903225806452,2.903225806451613,0.0,0.0,12.304903588365953,-0.012178482942608454,0.012191171451616356,-0.0016202812892253968
22.41,1.612903225806452,2.903225806451613,0.0,0.0,577.7930017286443,-0.012178385072022513,0.012191284429916543,-0.001619041259777373
22.42,1.612903225806452,2.903225806451613,0.0,0.0,577.7944222225619,-0.0121783107581937,0.012191370735624013,-0.001618037921735615
22.43,1.612903225806452,2.903225806451613,0.0,0.0,577.7958427163225,-0.012178254363334945,0.012191436653697652,-0.0016172262699845857
22.44,1.612903225806452,2.903225806451613,0.0,0.0,577.7972632099581,-0.01217821159293625,0.012191486990516281,-0.0016165698153506156
22.45,1.612903225806452,2.903225806451613,0.0,0.0,577.7986837034946,-0.0121781791768234,0.01219152542124699,-0.0016160389832637042
22.46,1.612903225806452,2.903225806451613,0.0,0.0,577.800104196952,-0.012178154625743925,0.012191554755706935,-0.001615609810911091
22.47,1.612903225806452,2.903225806451613,0.0,0.0,577.8015246903467,-0.012178136045628535,0.01219157714181901,-0.0016152628884094444
22.48,1.612903225806452,2.903225806451613,0.0,0.0,577.8029451836913,-0.012178121995891411,0.012191594221293095,-0.0016149824975240138
22.49,1.612903225806452,2.903225806451613,0.0,0.0,577.8043656769962,-0.012178111381352136,0.012191607248737635,-0.0016147559134544738
22.5,1.612903225806452,2.903225806451613,0.0,0.0,577.8057861702694,-0.012178103369823085,0.012191617182782,-0.0016145728368649527
22.51,1.612903225806452,2.903225806451613,0.0,0.0,577.8072066635171,-0.01217809732928446,0.012191624755779007,-0.00161442493364905
22.52,1.612903225806452,2.903225806451613,0.0,0.0,577.8086271567448,-0.012178092780004757,0.012191630527116332,-0.0016143054616214656
22.53,1.612903225806452,2.903225806451613,0.0,0.0,577.8100476499563,-0.012178089358064692,0.012191634923986922,-0.0016142089670356
22.54,1.612903225806452,2.903225806451613,0.0,0.0,12.324790496992243,-0.012178086787576009,0.012191638272564642,-0.0016141310398152986
22.55,1.612903225806452,2.903225806451613,0.0,0.0,577.8128886363435,-0.012178084859531646,0.012191640821840294,-0.0016140681140842143
22.56,1.612903225806452,2.903225806451613,0.0,0.0,577.8143091295237,-0.012178083415709945,0.012191642761843313,-0.0016140173071583662
22.57,1.612903225806452,2.903225806451613,0.0,0.0,577.8157296226975,-0.012178082336430696,0.01219164423756966,-0.001613976289159798
22.58,1.612903225806452,2.903225806451613,0.0,0.0,577.8171501158661,-0.01217808153124525,0.012191645359626246,-0.001613943177025178
22.59,1.612903225806452,2.903225806451613,0.0,0.0,577.8185706090304,-0.012178080931860541,0.01219164621236496,-0.0016139164493246551
22.6,1.612903225806452,2.903225806451613,0.0,0.0,577.8199911021915,-0.012178080486764359,0.012191646860096383,-0.0016138948769381502
22.61,1.612903225806452,2.903225806451613,0.0,0.0,577.8214115953498,-0.012178080157144944,0.012191647351837004,-0.0016138774667190186
22.62,1.612903225806452,2.903225806451613,0.0,0.0,577.822832088506,-0.01217807991379441,0.012191647724934473,-0.001613863416766389
22.63,1.612903225806452,2.903225806451613,0.0,0.0,577.8242525816604,-0.012178079734761121,0.012191648007835898,-0.0016138520793379896
22.64,1.612903225806452,2.903225806451613,0.0,0.0,577.8256730748135,-0.012178079603570646,0.012191648222201007,-0.0016138429313420158
22.65,1.612903225806452,2.903225806451613,0.0,0.0,577.8270935679654,-0.012178079507878276,0.012191648384515308,-0.0016138355503900778
22.66,1.612903225806452,2.903225806451613,0.0,0.0,577.8285140611166,-0.012178079438449813,0.012191648507321295,-0.0016138295956676086
22.67,1.612903225806452,2.903225806451613,0.0,0.0,577.829934554267,-0.012178079388391161,0.01219164860015684,-0.0016138247916064664
22.68,1.612903225806452,2.903225806451613,0.0,0.0,577.8313550474168,-0.012178079352565735,0.01219164867027206,-0.001613820916267118
22.69,1.612903225806452,2.903225806451613,0.0,0.0,577.8327755405661,-0.012178079327155783,0.012191648723175075,-0.0016138177902151481
22.7,1.612903225806452,2.903225806451613,0.0,0.0,577.8341960337151,-0.01217807930933093,0.012191648763048346,-0.0016138152687240211
22.71,1.612903225806452,2.903225806451613,0.0,0.0,577.8356165268639,-0.012178079296999211,0.012191648793065973,-0.0016138132349966829
22.72,1.612903225806452,2.903225806451613,0.0,0.0,577.8370370200124,-0.012178079288619387,0.012191648815635225,-0.0016138115946688772
22.73,1.612903225806452,2.903225806451613,0.0,0.0,577.8384575131607,-0.012178079283060306,0.012191648832580754,-0.0016138102716894566
22.74,1.612903225806452,2.903225806451613,0.0,0.0,577.8398780063089,-0.012178079279495546,0.01219164884528448,-0.0016138092048096745
22.75,1.612903225806452,2.903225806451613,0.0,0.0,577.841298499457,-0.012178079277324144,0.012191648854792292,-0.0016138083444087305
22.76,1.612903225806452,2.903225806451613,0.0,0.0,577.842718992605,-0.012178079276111864,0.012191648861894971,-0.0016138076505463961
22.77,1.612903225806452,2.903225806451613,0.0,0.0,577.8441394857529,-0.012178079275546788,0.012191648867190208,-0.0016138070910024067
22.78,1.612903225806452,2.903225806451613,0.0,0.0,577.8455599789006,-0.012178079275407233,0.012191648871128946,-0.0016138066397856673
22.79,1.612903225806452,2.903225806451613,0.0,0.0,577.8469804720484,-0.012178079275536713,0.012191648874051247,-0.0016138062760447534
22.8,1.612903225806452,2.903225806451613,0.0,0.0,577.8484009651961,-0.012178079275826481,0.012191648876213296,-0.001613805982755681
22.81,1.612903225806452,2.903225806451613,0.0,0.0,577.8498214583437,-0.012178079276202208,0.012191648877807715,-0.0016138057461658004
22.82,1.612903225806452,2.903225806451613,0.0,0.0,577.8512419514914,-0.012178079276613879,0.012191648878979278,-0.0016138055555023087
22.83,1.612903225806452,2.903225806451613,0.0,0.0,577.852662444639,-0.012178079277029102,0.012191648879836536,-0.001613805401779988
22.84,1.612903225806452,2.903225806451613,0.0,0.0,577.8540829377866,-0.012178079277427672,0.012191648880460815,-0.0016138052778444923
22.85,1.612903225806452,2.903225806451613,0.0,0.0,577.8555034309343,-0.01217807927779796,0.012191648880912814,-0.0016138051779262467
22.86,1.612903225806452,2.903225806451613,0.0,0.0,577.8569239240819,-0.01217807927813394,0.01219164888123797,-0.0016138050973727666
22.87,1.612903225806452,2.903225806451613,0.0,0.0,577.8583444172295,-0.012178079278433507,0.012191648881470035,-0.0016138050324323208
22.88,1.612903225806452,2.903225806451613,0.0,0.0,577.8597649103771,-0.01217807927869699,0.012191648881634043,-0.0016138049799660184
22.89,1.612903225806452,2.903225806451613,0.0,0.0,577.8611854035246,-0.012178079278926252,0.012191648881748673,-0.0016138049377621964
22.9,1.612903225806452,2.903225806451613,0.0,0.0,577.8626058966721,-0.012178079279123927,0.0121916488818275,-0.0016138049037402308
22.91,1.612903225806452,2.903225806451613,0.0,0.0,577.8640263898196,-0.01217807927929318,0.012191648881880734,-0.0016138048763145536
22.92,1.612903225806452,2.903225806451613,0.0,0.0,577.8654468829671,-0.012178079279437232,0.012191648881915707,-0.0016138048542064774
22.93,1.612903225806452,2.903225806451613,0.0,0.0,577.8668673761147,-0.01217807927955919,0.012191648881937744,-0.0016138048363852826
22.94,1.612903225806452,2.903225806451613,0.0,0.0,577.8682878692622,-0.01217807927966183,0.0121916488819509,-0.0016138048220199139
22.95,1.612903225806452,2.903225806451613,0.0,0.0,577.8697083624097,-0.012178079279748039,0.01219164888195795,-0.0016138048104404072
22.96,1.612903225806452,2.903225806451613,0.0,0.0,577.8711288555572,-0.012178079279820148,0.012191648881960837,-0.0016138048011065452
22.97,1.612903225806452,2.903225806451613,0.0,0.0,577.8725493487048,-0.012178079279880266,0.012191648881961115,-0.0016138047935829666
22.98,1.612903225806452,2.903225806451613,0.0,0.0,577.8739698418523,-0.012178079279930254,0.012191648881959699,-0.0016138047875187355
22.99,1.612903225806452,2.903225806451613,0.0,0.0,577.8753903349998,-0.012178079279971693,0.012191648881957395,-0.0016138047826307264
23.0,1.612903225806452,2.903225806451613,0.0,0.0,577.8768108281473,-0.012178079280005999,0.012191648881954564,-0.001613804778690831
23.01,1.612903225806452,2.903225806451613,0.0,0.0,577.8782313212948,-0.012178079280034337,0.012191648881951539,-0.0016138047755152542
23.02,1.612903225806452,2.903225806451613,0.0,0.0,577.8796518144424,-0.012178079280057735,0.012191648881948569,-0.0016138047729556616
23.03,1.612903225806452,2.903225806451613,0.0,0.0,577.8810723075899,-0.01217807928007697,0.01219164888194571,-0.0016138047708926205
23.04,1.612903225806452,2.903225806451613,0.0,0.0,577.8824928007374,-0.012178079280092818,0.012191648881943074,-0.0016138047692298115
23.05,1.612903225806452,2.903225806451613,0.0,0.0,577.8839132938849,-0.012178079280105808,0.012191648881940742,-0.0016138047678897322
23.06,1.612903225806452,2.903225806451613,0.0,0.0,577.8853337870324,-0.012178079280116466,0.012191648881938688,-0.001613804766809499
23.07,1.612903225806452,2.903225806451613,0.0,0.0,577.88675428018,-0.012178079280125154,0.012191648881936884,-0.0016138047659389149
23.08,1.612903225806452,2.903225806451613,0.0,0.0,577.8881747733275,-0.012178079280132315,0.012191648881935274,-0.0016138047652372632
23.09,1.612903225806452,2.903225806451613,0.0,0.0,577.889595266475,-0.012178079280138143,0.012191648881933942,-0.00161380476467176
23.1,1.612903225806452,2.903225806451613,0.0,0.0,577.8910157596225,-0.012178079280142917,0.012191648881932776,-0.0016138047642159914
23.11,1.612903225806452,2.903225806451613,0.0,0.0,577.89243625277,-0.01217807928014683,0.01219164888193175,-0.001613804763848631
23.12,1.612903225806452,2.903225806451613,0.0,0.0,577.8938567459176,-0.01217807928014994,0.012191648881930972,-0.0016138047635526082
23.13,1.612903225806452,2.903225806451613,0.0,0.0,577.8952772390651,-0.012178079280152576,0.012191648881930223,-0.0016138047633139489
23.14,1.612903225806452,2.903225806451613,0.0,0.0,577.8966977322126,-0.012178079280154713,0.012191648881929584,-0.0016138047631216758
23.15,1.612903225806452,2.903225806451613,0.0,0.0,577.8981182253601,-0.012178079280156379,0.01219164888192914,-0.0016138047629666705
23.16,1.612903225806452,2.903225806451613,0.0,0.0,577.8995387185076,-0.012178079280157766,0.012191648881928807,-0.0016138047628418257
23.17,1.612903225806452,2.903225806451613,0.0,0.0,577.9009592116552,-0.012178079280158904,0.012191648881928446,-0.0016138047627411653
23.18,1.612903225806452,2.903225806451613,0.0,0.0,577.9023797048027,-0.012178079280159848,0.012191648881928113,-0.0016138047626600264
23.19,1.612903225806452,2.903225806451613,0.0,0.0,577.9038001979502,-0.01217807928016057,0.012191648881927891,-0.0016138047625946022
23.2,1.612903225806452,2.903225806451613,0.0,0.0,577.9052206910977,-0.01217807928016118,0.012191648881927725,-0.0016138047625419826
23.21,1.612903225806452,2.903225806451613,0.0,0.0,577.9066411842452,-0.012178079280161708,0.01219164888192753,-0.001613804762499469
23.22,1.612903225806452,2.903225806451613,0.0,0.0,577.9080616773928,-0.012178079280162096,0.01219164888192742,-0.001613804762465249
23.23,1.612903225806452,2.903225806451613,0.0,0.0,577.9094821705403,-0.012178079280162402,0.012191648881927336,-0.0016138047624376518
23.24,1.612903225806452,2.903225806451613,0.0,0.0,577.9109026636878,-0.012178079280162651,0.012191648881927253,-0.0016138047624154567
23.25,1.612903225806452,2.903225806451613,0.0,0.0,577.9123231568353,-0.012178079280162846,0.01219164888192717,-0.0016138047623975406
23.26,1.612903225806452,2.903225806451613,0.0,0.0,577.9137436499828,-0.012178079280163068,0.012191648881927059,-0.0016138047623831377
23.27,1.612903225806452,2.903225806451613,0.0,0.0,577.9151641431304,-0.012178079280163207,0.01219164888192703,-0.0016138047623714818
23.28,1.612903225806452,2.903225806451613,0.0,0.0,577.9165846362779,-0.01217807928016329,0.012191648881927003,-0.0016138047623621267
23.29,1.612903225806452,2.903225806451613,0.0,0.0,577.9180051294254,-0.012178079280163373,0.012191648881926975,-0.0016138047623545505
23.3,1.612903225806452,2.903225806451613,0.0,0.0,577.9194256225729,-0.012178079280163484,0.012191648881926975,-0.0016138047623484792
23.31,1.612903225806452,2.903225806451613,0.0,0.0,577.9208461157205,-0.012178079280163512,0.012191648881926948,-0.0016138047623435413
23.32,1.612903225806452,2.903225806451613,0.0,0.0,577.922266608868,-0.01217807928016354,0.01219164888192692,-0.0016138047623395985
23.33,1.612903225806452,2.903225806451613,0.0,0.0,577.9236871020155,-0.012178079280163595,0.01219164888192692,-0.0016138047623364359
23.34,1.612903225806452,2.903225806451613,0.0,0.0,577.925107595163,-0.012178079280163623,0.012191648881926892,-0.0016138047623338954
23.35,1.612903225806452,2.903225806451613,0.0,0.0,577.9265280883105,-0.01217807928016365,0.012191648881926864,-0.0016138047623318014
23.36,1.612903225806452,2.903225806451613,0.0,0.0,577.927948581458,-0.01217807928016365,0.01219164888192692,-0.0016138047623301384
23.37,1.612903225806452,2.903225806451613,0.0,0.0,577.9293690746056,-0.012178079280163623,0.012191648881926948,-0.0016138047623287858
23.38,1.612903225806452,2.903225806451613,0.0,0.0,577.9307895677531,-0.012178079280163678,0.012191648881926892,-0.001613804762327696
23.39,1.612903225806452,2.903225806451613,0.0,0.0,577.9322100609006,-0.012178079280163678,0.012191648881926892,-0.0016138047623267808
23.4,1.612903225806452,2.903225806451613,0.0,0.0,577.9336305540481,-0.01217807928016365,0.01219164888192692,-0.0016138047623260635
23.41,1.612903225806452,2.903225806451613,0.0,0.0,577.9350510471957,-0.01217807928016365,0.01219164888192692,-0.00161380476232547
23.42,1.612903225806452,2.903225806451613,0.0,0.0,577.9364715403432,-0.01217807928016365,0.01219164888192692,-0.0016138047623249947
23.43,1.612903225806452,2.903225806451613,0.0,0.0,577.9378920334907,-0.01217807928016365,0.01219164888192692,-0.001613804762324659
23.44,1.612903225806452,2.903225806451613,0.0,0.0,577.9393125266382,-0.012178079280163706,0.012191648881926864,-0.0016138047623243657
23.45,1.612903225806452,2.903225806451613,0.0,0.0,577.9407330197857,-0.012178079280163706,0.012191648881926864,-0.0016138047623241183
23.46,1.612903225806452,2.903225806451613,0.0,0.0,577.9421535129333,-0.012178079280163734,0.012191648881926892,-0.0016138047623239203
23.47,1.612903225806452,2.903225806451613,0.0,0.0,577.9435740060808,-0.012178079280163734,0.012191648881926892,-0.0016138047623237746
23.48,1.612903225806452,2.903225806451613,0.0,0.0,577.9449944992283,-0.012178079280163734,0.012191648881926892,-0.0016138047623236536
23.49,1.612903225806452,2.903225806451613,0.0,0.0,577.9464149923758,-0.012178079280163734,0.012191648881926892,-0.0016138047623235484
23.5,1.612903225806452,2.903225806451613,0.0,0.0,577.9478354855233,-0.012178079280163734,0.012191648881926892,-0.0016138047623234719
23.51,1.612903225806452,2.903225806451613,0.0,0.0,577.9492559786709,-0.012178079280163734,0.012191648881926892,-0.001613804762323428
23.52,1.612903225806452,2.903225806451613,0.0,0.0,577.9506764718184,-0.012178079280163762,0.012191648881926864,-0.001613804762323358
23.53,1.612903225806452,2.903225806451613,0.0,0.0,577.9520969649659,-0.012178079280163734,0.012191648881926892,-0.0016138047623233181
23.54,1.612903225806452,2.903225806451613,0.0,0.0,577.9535174581134,-0.012178079280163706,0.01219164888192692,-0.0016138047623232743
23.55,1.612903225806452,2.903225806451613,0.0,0.0,577.954937951261,-0.012178079280163734,0.012191648881926892,-0.001613804762323248
23.56,1.612903225806452,2.903225806451613,0.0,0.0,577.9563584444085,-0.012178079280163734,0.012191648881926892,-0.0016138047623232405
23.57,1.612903225806452,2.903225806451613,0.0,0.0,577.957778937556,-0.012178079280163734,0.012191648881926892,-0.001613804762323234
23.58,1.612903225806452,2.903225806451613,0.0,0.0,577.9591994307035,-0.012178079280163762,0.012191648881926864,-0.0016138047623231828
23.59,1.612903225806452,2.903225806451613,0.0,0.0,577.960619923851,-0.012178079280163762,0.012191648881926864,-0.0016138047623232004
23.6,1.612903225806452,2.903225806451613,0.0,0.0,577.9620404169985,-0.012178079280163734,0.012191648881926892,-0.0016138047623231878
23.61,1.612903225806452,2.903225806451613,0.0,0.0,12.476783263983286,-0.012178079280163734,0.012191648881926892,-0.0016138047623238839
23.62,1.612903225806452,2.903225806451613,0.0,0.0,577.9648814032936,-0.012178079280163734,0.012191648881926892,-0.0016138047623231655
23.63,1.612903225806452,2.903225806451613,0.0,0.0,577.9663018964411,-0.012178079280163706,0.01219164888192692,-0.001613804762323167
23.64,1.612903225806452,2.903225806451613,0.0,0.0,577.9677223895886,-0.012178079280163762,0.012191648881926864,-0.0016138047623231672
23.65,1.612903225806452,2.903225806451613,0.0,0.0,577.9691428827362,-0.01217807928016379,0.012191648881926836,-0.001613804762323166
23.66,1.612903225806452,2.903225806451613,0.0,0.0,577.9705633758837,-0.012178079280163762,0.012191648881926864,-0.0016138047623231325
23.67,1.612903225806452,2.903225806451613,0.0,0.0,577.9719838690312,-0.012178079280163706,0.01219164888192692,-0.001613804762323146
23.68,1.612903225806452,2.903225806451613,0.0,0.0,577.9734043621787,-0.012178079280163734,0.012191648881926892,-0.0016138047623231507
23.69,1.612903225806452,2.903225806451613,0.0,0.0,577.9748248553262,-0.012178079280163762,0.012191648881926864,-0.001613804762323141
23.7,1.612903225806452,2.903225806451613,0.0,0.0,577.9762453484738,-0.012178079280163762,0.012191648881926864,-0.0016138047623231483
23.71,1.612903225806452,2.903225806451613,0.0,0.0,577.9776658416213,-0.012178079280163762,0.012191648881926864,-0.0016138047623231208
23.72,1.612903225806452,2.903225806451613,0.0,0.0,577.9790863347688,-0.012178079280163762,0.012191648881926864,-0.001613804762323148
23.73,1.612903225806452,2.903225806451613,0.0,0.0,577.9805068279163,-0.012178079280163762,0.012191648881926864,-0.001613804762323148
23.74,1.612903225806452,2.903225806451613,0.0,0.0,577.9819273210638,-0.01217807928016379,0.012191648881926836,-0.0016138047623231425
23.75,1.612903225806452,2.903225806451613,0.0,0.0,577.9833478142114,-0.012178079280163762,0.012191648881926864,-0.0016138047623231316
23.76,1.612903225806452,2.903225806451613,0.0,0.0,577.9847683073589,-0.012178079280163762,0.012191648881926864,-0.0016138047623231384
23.77,1.612903225806452,2.903225806451613,0.0,0.0,577.9861888005064,-0.012178079280163762,0.012191648881926864,-0.0016138047623231388
23.78,1.612903225806452,2.903225806451613,0.0,0.0,577.9876092936539,-0.01217807928016379,0.012191648881926836,-0.0016138047623231399
23.79,1.612903225806452,2.903225806451613,0.0,0.0,577.9890297868014,-0.012178079280163817,0.012191648881926809,-0.0016138047623231399
23.8,1.612903225806452,2.903225806451613,0.0,0.0,577.990450279949,-0.012178079280163817,0.012191648881926809,-0.0016138047623231366
23.81,1.612903225806452,2.903225806451613,0.0,0.0,577.9918707730965,-0.012178079280163762,0.012191648881926864,-0.0016138047623231488
23.82,1.612903225806452,2.903225806451613,0.0,0.0,577.993291266244,-0.01217807928016379,0.012191648881926836,-0.0016138047623231427
23.83,1.612903225806452,2.903225806451613,0.0,0.0,577.9947117593915,-0.012178079280163817,0.012191648881926809,-0.0016138047623231438
23.84,1.612903225806452,2.903225806451613,0.0,0.0,577.996132252539,-0.012178079280163845,0.012191648881926781,-0.0016138047623231288
23.85,1.612903225806452,2.903225806451613,0.0,0.0,577.9975527456866,-0.01217807928016379,0.012191648881926836,-0.0016138047623231323
23.86,1.612903225806452,2.903225806451613,0.0,0.0,577.9989732388341,-0.01217807928016379,0.012191648881926836,-0.0016138047623231507
23.87,1.612903225806452,2.903225806451613,0.0,0.0,578.0003937319816,-0.012178079280163817,0.012191648881926809,-0.0016138047623231405
23.88,1.612903225806452,2.903225806451613,0.0,0.0,578.0018142251291,-0.01217807928016379,0.012191648881926836,-0.0016138047623231407
23.89,1.612903225806452,2.903225806451613,0.0,0.0,578.0032347182766,-0.012178079280163817,0.012191648881926809,-0.0016138047623231358
23.9,1.612903225806452,2.903225806451613,0.0,0.0,578.0046552114242,-0.012178079280163845,0.012191648881926781,-0.0016138047623231407
23.91,1.612903225806452,2.903225806451613,0.0,0.0,578.0060757045717,-0.012178079280163873,0.012191648881926753,-0.0016138047623231412
23.92,1.612903225806452,2.903225806451613,0.0,0.0,578.0074961977192,-0.012178079280163817,0.012191648881926809,-0.001613804762323135
23.93,1.612903225806452,2.903225806451613,0.0,0.0,578.0089166908667,-0.012178079280163845,0.012191648881926781,-0.0016138047623231345
23.94,1.612903225806452,2.903225806451613,0.0,0.0,578.0103371840142,-0.012178079280163873,0.012191648881926753,-0.001613804762323144
23.95,1.612903225806452,2.903225806451613,0.0,0.0,578.0117576771618,-0.0121780792801639,0.012191648881926725,-0.0016138047623231462
23.96,1.612903225806452,2.903225806451613,0.0,0.0,578.0131781703093,-0.012178079280163845,0.012191648881926781,-0.001613804762323125
23.97,1.612903225806452,2.903225806451613,0.0,0.0,578.0145986634568,-0.012178079280163845,0.012191648881926781,-0.001613804762323146
23.98,1.612903225806452,2.903225806451613,0.0,0.0,578.0160191566043,-0.012178079280163817,0.012191648881926809,-0.0016138047623231342
23.99,1.612903225806452,2.903225806451613,0.0,0.0,578.0174396497519,-0.012178079280163817,0.012191648881926809,-0.001613804762323149
24.0,1.612903225806452,2.903225806451613,0.0,0.0,12.532182496736588,-0.012178079280163845,0.012191648881926781,-0.0016138047623238526
24.01,1.612903225806452,2.258064516129032,0.0,0.0,578.0200466390311,-0.012715660851773308,-0.02939151997958586,-0.001659122516545301
24.02,1.612903225806452,2.258064516129032,0.0,0.0,578.0210199950019,-0.012543690930102908,-0.01630325631120841,-0.0010631916279796347
24.03,1.612903225806452,2.258064516129032,0.0,0.0,578.021805578119,-0.011870901509662857,-0.004251431958842755,0.0002451552935091156
24.04,1.612903225806452,2.258064516129032,0.0,0.0,578.0224660313137,-0.010693325739795534,0.004509017116797187,0.0019450714147902731
24.05,1.612903225806452,2.258064516129032,0.0,0.0,578.0231707612104,-0.008138268353222483,0.004380906357450726,0.0031593197581917727
24.06,1.612903225806452,2.258064516129032,0.0,0.0,578.0238858445568,-0.006958804932408802,0.0049329507212365065,0.003875785156127551
24.07,1.612903225806452,2.258064516129032,0.0,0.0,578.024604240174,-0.006374947781064816,0.005316084275956617,0.004403758624978395
24.08,1.612903225806452,2.258064516129032,0.0,0.0,578.0253235173553,-0.006090461350715781,0.005547147908496142,0.004776618199453945
24.09,1.612903225806452,2.258064516129032,0.0,0.0,578.0260429704047,-0.005949939538512139,0.005677012120886948,0.005030944748147326
24.1,1.612903225806452,2.258064516129032,0.0,0.0,578.0267624318516,-0.005879129862216753,0.005747312902724483,0.005200332659345533
24.11,1.612903225806452,2.258064516129032,0.0,0.0,12.54080422828644,-0.0058429311019568275,0.005784653934666317,0.0053113165735086025
24.12,1.612903225806452,2.258064516129032,0.0,0.0,12.541523654560812,-0.0058242753101656886,0.005804298911357614,0.0053832028447259065
24.13,1.612903225806452,2.258064516129032,0.0,0.0,578.0289207165798,-0.005814623400955898,0.005814582160323378,0.005429379270382034
24.14,1.612903225806452,2.258064516129032,0.0,0.0,578.0296401263818,-0.005809622966942513,0.005819949488736514,0.005458857295312862
24.15,1.612903225806452,2.258064516129032,0.0,0.0,578.0303595327877,-0.005807032603609402,0.005822745647991429,0.0054775860112196645
24.16,1.612903225806452,2.258064516129032,0.0,0.0,12.544401291149818,-0.005805692099669552,0.0058242001433060075,0.005489440865251043
24.17,1.612903225806452,2.258064516129032,0.0,0.0,578.0317983407979,-0.005804999581476317,0.0058249556596744745,0.0054969224304883095
24.18,1.612903225806452,2.258064516129032,0.0,0.0,578.0325177437071,-0.00580464265121558,0.0058253475019647005,0.0055016327087636045
24.19,1.612903225806452,2.258064516129032,0.0,0.0,578.0332371462954,-0.005804459231982723,0.0058255503706581,0.005504592440597098
24.2,1.612903225806452,2.258064516129032,0.0,0.0,578.0339565487037,-0.005804365326834482,0.005825655182418177,0.005506449231047759
24.21,1.612903225806452,2.258064516129032,0.0,0.0,578.0346759510104,-0.005804317473443205,0.005825709196243506,0.005507612554943538
24.22,1.612903225806452,2.258064516129032,0.0,0.0,578.0353953532592,-0.0058042932299428585,0.005825736945700488,0.005508340610803572
24.23,1.612903225806452,2.258064516129032,0.0,0.0,578.0361147554748,-0.005804281038623876,0.005825751147558761,0.005508795845913039
24.24,1.612903225806452,2.258064516129032,0.0,0.0,578.0368341576713,-0.0058042749664188875,0.00582575838147148,0.005509080278936061
24.25,1.612903225806452,2.258064516129032,0.0,0.0,578.0375535598565,-0.0058042719798291065,0.005825762044257193,0.005509257882566436
24.26,1.612903225806452,2.258064516129032,0.0,0.0,578.0382729620353,-0.00580427053561125,0.005825763884852092,0.005509368722527266
24.27,1.612903225806452,2.258064516129032,0.0,0.0,578.0389923642102,-0.005804269853597999,0.005825764800770128,0.005509437866055046
24.28,1.612903225806452,2.258064516129032,0.0,0.0,578.0397117663828,-0.0058042695425415125,0.005825765250716902,0.005509480983062572
24.29,1.612903225806452,2.258064516129032,0.0,0.0,578.0404311685539,-0.005804269408266588,0.005825765467938254,0.005509507861923486
24.3,1.612903225806452,2.258064516129032,0.0,0.0,578.0411505707243,-0.005804269355723424,0.005825765570277641,0.005509524613753878
24.31,1.612903225806452,2.258064516129032,0.0,0.0,578.0418699728942,-0.005804269339249907,0.0058257656167876315,0.005509535051818704
24.32,1.612903225806452,2.258064516129032,0.0,0.0,578.0425893750638,-0.005804269337485096,0.005825765636746777,0.00550954155468748
24.33,1.612903225806452,2.258064516129032,0.0,0.0,578.0433087772333,-0.005804269340826451,0.005825765644467962,0.005509545605199088
24.34,1.612903225806452,2.258064516129032,0.0,0.0,578.0440281794026,-0.005804269345228152,0.005825765646814807,0.005509548127968951
24.35,1.612903225806452,2.258064516129032,0.0,0.0,578.0447475815719,-0.0058042693491822395,0.005825765646989417,0.005509549699068383
24.36,1.612903225806452,2.258064516129032,0.0,0.0,578.0454669837411,-0.005804269352278513,0.005825765646425396,0.005509550677313303
24.37,1.612903225806452,2.258064516129032,0.0,0.0,578.0461863859102,-0.005804269354537761,0.00582576564572268,0.005509551286529448
24.38,1.612903225806452,2.258064516129032,0.0,0.0,578.0469057880794,-0.005804269356117858,0.00582576564510115,0.005509551665762244
24.39,1.612903225806452,2.258064516129032,0.0,0.0,578.0476251902485,-0.00580426935719211,0.005825765644618147,0.005509551901863455
24.4,1.612903225806452,2.258064516129032,0.0,0.0,578.0483445924176,-0.005804269357908259,0.00582576564426715,0.00550955204884791
24.41,1.612903225806452,2.258064516129032,0.0,0.0,578.0490639945867,-0.005804269358378855,0.005825765644022374,0.005509552140349473
24.42,1.612903225806452,2.258064516129032,0.0,0.0,578.0497833967559,-0.005804269358684833,0.005825765643856229,0.0055095521973096495
24.43,1.612903225806452,2.258064516129032,0.0,0.0,578.050502798925,-0.0058042693588819805,0.005825765643745678,0.005509552232766878
24.44,1.612903225806452,2.258064516129032,0.0,0.0,578.0512222010941,-0.005804269359008296,0.005825765643673042,0.0055095522548381315
24.45,1.612903225806452,2.258064516129032,0.0,0.0,578.0519416032632,-0.005804269359088732,0.005825765643625913,0.005509552268576675
24.46,1.612903225806452,2.258064516129032,0.0,0.0,578.0526610054324,-0.005804269359139719,0.005825765643595576,0.005509552277128403
24.47,1.612903225806452,2.258064516129032,0.0,0.0,578.0533804076015,-0.005804269359172026,0.005825765643576092,0.005509552282451294
24.48,1.612903225806452,2.258064516129032,0.0,-0.0,578.0540998097706,-0.005804269359192371,0.005825765643563741,0.005509552285764486
24.49,1.612903225806452,2.258064516129032,0.0,-0.0,578.0548192119397,-0.005804269359205222,0.005825765643555886,0.005509552287826654
24.5,1.612903225806452,2.258064516129032,0.0,-0.0,578.0555386141089,-0.005804269359213299,0.0058257656435509175,0.005509552289110117
24.51,1.612903225806452,2.258064516129032,0.0,-0.0,578.056258016278,-0.00580426935921835,0.005825765643547753,0.005509552289909065
24.52,1.612903225806452,2.258064516129032,0.0,-0.0,12.570299772284322,-0.0058042693592215144,0.005825765643545755,0.005509552290405588
24.53,1.612903225806452,2.258064516129032,0.0,-0.0,578.0576968206162,-0.005804269359223457,0.005825765643544589,0.005509552290715773
24.54,1.612903225806452,2.258064516129032,0.0,-0.0,12.571738576622572,-0.005804269359224734,0.005825765643543757,0.005509552290908428
24.55,1.612903225806452,2.258064516129032,0.0,-0.0,578.0591356249545,-0.0058042693592254835,0.005825765643543285,0.00550955229102834
24.56,1.612903225806452,2.258064516129032,0.0,-0.0,578.0598550271236,-0.005804269359225983,0.005825765643542952,0.005509552291103053
24.57,1.612903225806452,2.258064516129032,0.0,-0.0,578.0605744292927,-0.005804269359226288,0.005825765643542757,0.00550955229114949
24.58,1.612903225806452,2.258064516129032,0.0,-0.0,578.0612938314619,-0.005804269359226483,0.005825765643542619,0.005509552291178397
24.59,1.612903225806452,2.258064516129032,0.0,-0.0,578.062013233631,-0.005804269359226649,0.005825765643542508,0.005509552291196404
24.6,1.612903225806452,2.258064516129032,0.0,-0.0,578.0627326358001,-0.005804269359226649,0.005825765643542508,0.00550955229120762
24.61,1.612903225806452,2.258064516129032,0.0,-0.0,578.0634520379692,-0.00580426935922676,0.005825765643542452,0.005509552291214597
24.62,1.612903225806452,2.258064516129032,0.0,-0.0,578.0641714401384,-0.005804269359226788,0.005825765643542424,0.005509552291218893
24.63,1.612903225806452,2.258064516129032,0.0,-0.0,578.0648908423075,-0.005804269359226788,0.005825765643542424,0.005509552291221598
24.64,1.612903225806452,2.258064516129032,0.0,-0.0,578.0656102444766,-0.005804269359226816,0.0058257656435423966,0.00550955229122331
24.65,1.612903225806452,2.258064516129032,0.0,-0.0,578.0663296466457,-0.005804269359226816,0.0058257656435423966,0.005509552291224372
24.66,1.612903225806452,2.258064516129032,0.0,-0.0,578.0670490488149,-0.005804269359226816,0.005825765643542452,0.005509552291225011
24.67,1.612903225806452,2.258064516129032,0.0,-0.0,578.067768450984,-0.005804269359226816,0.0058257656435423966,0.005509552291225459
24.68,1.612903225806452,2.258064516129032,0.0,-0.0,578.0684878531531,-0.005804269359226871,0.0058257656435423966,0.005509552291225656
24.69,1.612903225806452,2.258064516129032,0.0,-0.0,578.0692072553222,-0.005804269359226816,0.0058257656435423966,0.005509552291225837
24.7,1.612903225806452,2.258064516129032,0.0,-0.0,578.0699266574914,-0.005804269359226816,0.0058257656435423966,0.005509552291225931
24.71,1.612903225806452,2.258064516129032,0.0,-0.0,578.0706460596605,-0.005804269359226816,0.005825765643542452,0.0055095522912259574
24.72,1.612903225806452,2.258064516129032,0.0,-0.0,578.0713654618296,-0.005804269359226788,0.005825765643542424,0.005509552291226019
24.73,1.612903225806452,2.258064516129032,0.0,-0.0,578.0720848639987,-0.0058042693592268435,0.005825765643542424,0.005509552291226017
24.74,1.612903225806452,2.258064516129032,0.0,-0.0,578.0728042661679,-0.0058042693592268435,0.005825765643542369,0.005509552291226056
24.75,1.612903225806452,2.258064516129032,0.0,-0.0,578.073523668337,-0.005804269359226816,0.0058257656435423966,0.005509552291226071
24.76,1.612903225806452,2.258064516129032,0.0,-0.0,578.0742430705061,-0.005804269359226816,0.0058257656435423966,0.0055095522912260815
24.77,1.612903225806452,2.258064516129032,0.0,-0.0,578.0749624726752,-0.0058042693592268435,0.005825765643542369,0.005509552291226087
24.78,1.612903225806452,2.258064516129032,0.0,-0.0,578.0756818748443,-0.0058042693592268435,0.005825765643542369,0.005509552291226089
24.79,1.612903225806452,2.258064516129032,0.0,-0.0,578.0764012770135,-0.005804269359226816,0.0058257656435423966,0.005509552291226095
24.8,1.612903225806452,2.258064516129032,0.0,-0.0,578.0771206791826,-0.0058042693592268435,0.005825765643542369,0.005509552291226106
24.81,1.612903225806452,2.258064516129032,0.0,-0.0,578.0778400813517,-0.005804269359226871,0.005825765643542341,0.005509552291226098
24.82,1.612903225806452,2.258064516129032,0.0,-0.0,578.0785594835208,-0.005804269359226788,0.005825765643542424,0.0055095522912261006
24.83,1.612903225806452,2.258064516129032,0.0,-0.0,578.07927888569,-0.00580426935922676,0.005825765643542452,0.0055095522912261075
24.84,1.612903225806452,2.258064516129032,0.0,-0.0,578.0799982878591,-0.005804269359226816,0.0058257656435423966,0.005509552291226108
24.85,1.612903225806452,2.258064516129032,0.0,-0.0,578.0807176900282,-0.005804269359226816,0.0058257656435423966,0.005509552291226106
24.86,1.612903225806452,2.258064516129032,0.0,-0.0,578.0814370921973,-0.005804269359226816,0.0058257656435423966,0.005509552291226105
24.87,1.612903225806452,2.258064516129032,0.0,-0.0,578.0821564943665,-0.005804269359226788,0.005825765643542424,0.005509552291226105
24.88,1.612903225806452,2.258064516129032,0.0,-0.0,578.0828758965356,-0.005804269359226788,0.005825765643542424,0.005509552291226106
24.89,1.612903225806452,2.258064516129032,0.0,-0.0,578.0835952987047,-0.005804269359226816,0.0058257656435423966,0.005509552291226103
24.9,1.612903225806452,2.258064516129032,0.0,-0.0,578.0843147008738,-0.0058042693592268435,0.005825765643542369,0.005509552291226097
24.91,1.612903225806452,2.258064516129032,0.0,-0.0,578.085034103043,-0.005804269359226816,0.0058257656435423966,0.0055095522912261006
24.92,1.612903225806452,2.258064516129032,0.0,-0.0,578.0857535052121,-0.005804269359226816,0.0058257656435423966,0.005509552291226105
24.93,1.612903225806452,2.258064516129032,0.0,-0.0,578.0864729073812,-0.005804269359226816,0.0058257656435423966,0.005509552291226104
24.94,1.612903225806452,2.258064516129032,0.0,-0.0,578.0871923095503,-0.005804269359226816,0.0058257656435423966,0.005509552291226105
24.95,1.612903225806452,2.258064516129032,0.0,-0.0,578.0879117117195,-0.0058042693592268435,0.005825765643542369,0.0055095522912261006
24.96,1.612903225806452,2.258064516129032,0.0,-0.0,578.0886311138886,-0.005804269359226816,0.0058257656435423966,0.005509552291226107
24.97,1.612903225806452,2.258064516129032,0.0,-0.0,578.0893505160577,-0.005804269359226816,0.0058257656435423966,0.005509552291226104
24.98,1.612903225806452,2.258064516129032,0.0,-0.0,578.0900699182268,-0.005804269359226816,0.0058257656435423966,0.005509552291226111
24.99,1.612903225806452,2.258064516129032,0.0,-0.0,578.090789320396,-0.0058042693592268435,0.005825765643542369,0.005509552291226099
25.0,1.612903225806452,2.258064516129032,0.0,-0.0,578.0915087225651,-0.005804269359226816,0.0058257656435423966,0.005509552291226101
25.01,1.612903225806452,2.258064516129032,0.0,-0.0,578.0922281247342,-0.005804269359226788,0.005825765643542424,0.005509552291226109
25.02,1.612903225806452,2.258064516129032,0.0,-0.0,12.606269880740562,-0.005804269359226816,0.0058257656435423966,0.005509552291225391
25.03,1.612903225806452,2.258064516129032,0.0,-0.0,578.0936669290725,-0.005804269359226816,0.0058257656435423966,0.0055095522912261006
25.04,1.612903225806452,2.258064516129032,0.0,-0.0,578.0943863312416,-0.005804269359226788,0.005825765643542424,0.005509552291226109
25.05,1.612903225806452,2.258064516129032,0.0,-0.0,578.0951057334107,-0.005804269359226788,0.005825765643542424,0.005509552291226112
25.06,1.612903225806452,2.258064516129032,0.0,-0.0,578.0958251355798,-0.005804269359226788,0.005825765643542424,0.005509552291226099
25.07,1.612903225806452,2.258064516129032,0.0,-0.0,578.096544537749,-0.005804269359226788,0.005825765643542424,0.005509552291226104
25.08,1.612903225806452,2.258064516129032,0.0,-0.0,578.0972639399181,-0.005804269359226788,0.005825765643542424,0.005509552291226108
25.09,1.612903225806452,2.258064516129032,0.0,-0.0,578.0979833420872,-0.005804269359226788,0.005825765643542424,0.005509552291226104
25.1,1.612903225806452,2.258064516129032,0.0,-0.0,578.0987027442563,-0.005804269359226816,0.0058257656435423966,0.005509552291226112
25.11,1.612903225806452,2.258064516129032,0.0,-0.0,578.0994221464255,-0.005804269359226816,0.0058257656435423966,0.0055095522912260945
25.12,1.612903225806452,2.258064516129032,0.0,-0.0,578.1001415485946,-0.005804269359226788,0.005825765643542424,0.005509552291226101
25.13,1.612903225806452,2.258064516129032,0.0,-0.0,578.1008609507637,-0.00580426935922676,0.005825765643542452,0.005509552291226111
25.14,1.612903225806452,2.258064516129032,0.0,-0.0,578.1015803529328,-0.005804269359226816,0.0058257656435423966,0.005509552291226112
25.15,1.612903225806452,2.258064516129032,0.0,-0.0,578.102299755102,-0.005804269359226788,0.005825765643542424,0.005509552291226107
25.16,1.612903225806452,2.258064516129032,0.0,-0.0,578.1030191572711,-0.00580426935922676,0.005825765643542452,0.005509552291226114
25.17,1.612903225806452,2.258064516129032,0.0,-0.0,578.1037385594402,-0.00580426935922676,0.005825765643542452,0.005509552291226103
25.18,1.612903225806452,2.258064516129032,0.0,-0.0,578.1044579616093,-0.005804269359226788,0.005825765643542424,0.005509552291226106
25.19,1.612903225806452,2.258064516129032,0.0,-0.0,578.1051773637785,-0.005804269359226788,0.005825765643542424,0.005509552291226103
25.2,1.612903225806452,2.258064516129032,0.0,-0.0,578.1058967659476,-0.00580426935922676,0.005825765643542452,0.0055095522912261075
25.21,1.612903225806452,2.258064516129032,0.0,-0.0,578.1066161681167,-0.005804269359226788,0.005825765643542424,0.005509552291226095
25.22,1.612903225806452,2.258064516129032,0.0,-0.0,578.1073355702858,-0.00580426935922676,0.005825765643542452,0.005509552291226102
25.23,1.612903225806452,2.258064516129032,0.0,-0.0,578.108054972455,-0.00580426935922676,0.005825765643542452,0.005509552291226106
25.24,1.612903225806452,2.258064516129032,0.0,-0.0,578.1087743746241,-0.005804269359226788,0.005825765643542424,0.005509552291226108
25.25,1.612903225806452,2.258064516129032,0.0,-0.0,578.1094937767932,-0.005804269359226788,0.005825765643542424,0.005509552291226116
25.26,1.612903225806452,2.258064516129032,0.0,-0.0,578.1102131789623,-0.00580426935922676,0.005825765643542452,0.0055095522912260945
25.27,1.612903225806452,2.258064516129032,0.0,-0.0,578.1109325811315,-0.005804269359226788,0.005825765643542424,0.0055095522912261205
25.28,1.612903225806452,2.258064516129032,0.0,-0.0,578.1116519833006,-0.0058042693592267325,0.00582576564354248,0.005509552291226093
25.29,1.612903225806452,2.258064516129032,0.0,-0.0,578.1123713854697,-0.00580426935922676,0.005825765643542452,0.005509552291226115
25.3,1.612903225806452,2.258064516129032,0.0,-0.0,578.1130907876388,-0.00580426935922676,0.005825765643542452,0.0055095522912261075
25.31,1.612903225806452,2.258064516129032,0.0,-0.0,578.113810189808,-0.0058042693592267325,0.00582576564354248,0.0055095522912261
25.32,1.612903225806452,2.258064516129032,0.0,-0.0,578.1145295919771,-0.00580426935922676,0.005825765643542452,0.005509552291226106
25.33,1.612903225806452,2.258064516129032,0.0,-0.0,578.1152489941462,-0.005804269359226788,0.005825765643542424,0.005509552291226105
25.34,1.612903225806452,2.258064516129032,0.0,-0.0,578.1159683963153,-0.005804269359226788,0.005825765643542424,0.00550955229122611
25.35,1.612903225806452,2.258064516129032,0.0,-0.0,578.1166877984845,-0.00580426935922676,0.005825765643542452,0.0055095522912261205
25.36,1.612903225806452,2.258064516129032,0.0,-0.0,578.1174072006536,-0.00580426935922676,0.005825765643542452,0.0055095522912260875
25.37,1.612903225806452,2.258064516129032,0.0,-0.0,12.63144895665993,-0.0058042693592267325,0.00582576564354248,0.005509552291225362
25.38,1.612903225806452,2.258064516129032,0.0,-0.0,578.1188460049918,-0.00580426935922676,0.005825765643542452,0.005509552291226108
25.39,1.612903225806452,2.258064516129032,0.0,-0.0,578.119565407161,-0.0058042693592267325,0.00582576564354248,0.005509552291226106
25.4,1.612903225806452,2.258064516129032,0.0,-0.0,578.1202848093301,-0.0058042693592267325,0.00582576564354248,0.005509552291226098
25.41,1.612903225806452,2.258064516129032,0.0,-0.0,578.1210042114992,-0.0058042693592267325,0.00582576564354248,0.005509552291226104
25.42,1.612903225806452,2.258064516129032,0.0,-0.0,578.1217236136683,-0.0058042693592267325,0.00582576564354248,0.005509552291226108
25.43,1.612903225806452,2.258064516129032,0.0,-0.0,578.1224430158375,-0.005804269359226788,0.005825765643542424,0.005509552291226095
25.44,1.612903225806452,2.258064516129032,0.0,-0.0,578.1231624180066,-0.005804269359226788,0.005825765643542424,0.005509552291226109
25.45,1.612903225806452,2.258064516129032,0.0,-0.0,578.1238818201757,-0.0058042693592267325,0.00582576564354248,0.005509552291226094
25.46,1.612903225806452,2.258064516129032,0.0,-0.0,578.1246012223448,-0.00580426935922676,0.005825765643542452,0.005509552291226102
25.47,1.612903225806452,2.258064516129032,0.0,-0.0,578.125320624514,-0.0058042693592267325,0.00582576564354248,0.005509552291226106
25.48,1.612903225806452,2.258064516129032,0.0,-0.0,578.1260400266831,-0.0058042693592267325,0.00582576564354248,0.005509552291226102
25.49,1.612903225806452,2.258064516129032,0.0,-0.0,578.1267594288522,-0.005804269359226705,0.005825765643542508,0.005509552291226114
25.5,1.612903225806452,2.258064516129032,0.0,-0.0,578.1274788310213,-0.0058042693592267325,0.00582576564354248,0.005509552291226109
25.51,1.612903225806452,2.258064516129032,0.0,-0.0,578.1281982331905,-0.0058042693592267325,0.00582576564354248,0.005509552291226098
25.52,1.612903225806452,2.258064516129032,0.0,-0.0,578.1289176353596,-0.0058042693592267325,0.00582576564354248,0.005509552291226116
25.53,1.612903225806452,2.258064516129032,0.0,-0.0,578.1296370375287,-0.0058042693592267325,0.00582576564354248,0.005509552291226098
25.54,1.612903225806452,2.258064516129032,0.0,-0.0,578.1303564396978,-0.005804269359226705,0.005825765643542508,0.005509552291226109
25.55,1.612903225806452,2.258064516129032,0.0,-0.0,578.131075841867,-0.005804269359226705,0.005825765643542508,0.00550955229122611
25.56,1.612903225806452,2.258064516129032,0.0,-0.0,578.1317952440361,-0.0058042693592267325,0.00582576564354248,0.005509552291226096
25.57,1.612903225806452,2.258064516129032,0.0,-0.0,578.1325146462052,-0.005804269359226705,0.005825765643542508,0.005509552291226095
25.58,1.612903225806452,2.258064516129032,0.0,-0.0,578.1332340483743,-0.005804269359226705,0.005825765643542508,0.005509552291226103
25.59,1.612903225806452,2.258064516129032,0.0,-0.0,12.647275804380676,-0.0058042693592267325,0.00582576564354248,0.005509552291225366
25.6,1.612903225806452,2.258064516129032,0.0,-0.0,578.1346728527126,-0.005804269359226705,0.005825765643542508,0.005509552291226115
25.61,1.612903225806452,2.258064516129032,0.0,-0.0,578.1353922548817,-0.005804269359226705,0.005825765643542508,0.00550955229122611
25.62,1.612903225806452,2.258064516129032,0.0,-0.0,578.1361116570508,-0.005804269359226705,0.005825765643542508,0.0055095522912261006
25.63,1.612903225806452,2.258064516129032,0.0,-0.0,578.13683105922,-0.0058042693592267325,0.00582576564354248,0.005509552291226105
25.64,1.612903225806452,2.258064516129032,0.0,-0.0,578.1375504613891,-0.0058042693592267325,0.00582576564354248,0.005509552291226097
25.65,1.612903225806452,2.258064516129032,0.0,-0.0,578.1382698635582,-0.005804269359226705,0.005825765643542508,0.005509552291226101
25.66,1.612903225806452,2.258064516129032,0.0,-0.0,578.1389892657273,-0.005804269359226705,0.005825765643542508,0.005509552291226111
25.67,1.612903225806452,2.258064516129032,0.0,-0.0,578.1397086678965,-0.005804269359226705,0.005825765643542508,0.005509552291226109
25.68,1.612903225806452,2.258064516129032,0.0,-0.0,578.1404280700656,-0.005804269359226677,0.005825765643542535,0.0055095522912261136
25.69,1.612903225806452,2.258064516129032,0.0,-0.0,578.1411474722347,-0.0058042693592267325,0.00582576564354248,0.005509552291226108
25.7,1.612903225806452,2.258064516129032,0.0,-0.0,578.1418668744038,-0.0058042693592267325,0.00582576564354248,0.005509552291226111
25.71,1.612903225806452,2.258064516129032,0.0,-0.0,578.142586276573,-0.0058042693592267325,0.00582576564354248,0.005509552291226105
25.72,1.612903225806452,2.258064516129032,0.0,-0.0,578.1433056787421,-0.0058042693592267325,0.00582576564354248,0.005509552291226107
25.73,1.612903225806452,2.258064516129032,0.0,-0.0,578.1440250809112,-0.005804269359226705,0.005825765643542508,0.005509552291226104
25.74,1.612903225806452,2.258064516129032,0.0,-0.0,578.1447444830803,-0.005804269359226705,0.005825765643542508,0.005509552291226108
25.75,1.612903225806452,2.258064516129032,0.0,-0.0,578.1454638852495,-0.005804269359226705,0.005825765643542508,0.005509552291226097
25.76,1.612903225806452,2.258064516129032,0.0,-0.0,578.1461832874186,-0.005804269359226705,0.005825765643542508,0.005509552291226121
25.77,1.612903225806452,2.258064516129032,0.0,-0.0,578.1469026895877,-0.0058042693592267325,0.00582576564354248,0.0055095522912260945
25.78,1.612903225806452,2.258064516129032,0.0,-0.0,578.1476220917568,-0.005804269359226705,0.005825765643542508,0.005509552291226106
25.79,1.612903225806452,2.258064516129032,0.0,-0.0,578.148341493926,-0.005804269359226705,0.005825765643542508,0.005509552291226101
25.8,1.612903225806452,2.258064516129032,0.0,-0.0,578.1490608960951,-0.005804269359226705,0.005825765643542508,0.005509552291226112
25.81,1.612903225806452,2.258064516129032,0.0,-0.0,578.1497802982642,-0.005804269359226705,0.005825765643542508,0.005509552291226108
25.82,1.612903225806452,2.258064516129032,0.0,-0.0,578.1504997004333,-0.005804269359226677,0.005825765643542535,0.005509552291226084
25.83,1.612903225806452,2.258064516129032,0.0,-0.0,578.1512191026025,-0.005804269359226705,0.005825765643542508,0.0055095522912261
25.84,1.612903225806452,2.258064516129032,0.0,-0.0,578.1519385047716,-0.0058042693592267325,0.00582576564354248,0.005509552291226092
25.85,1.612903225806452,2.258064516129032,0.0,-0.0,12.665980260777921,-0.005804269359226705,0.005825765643542508,0.005509552291226096
25.86,1.612903225806452,2.258064516129032,0.0,-0.0,578.1533773091098,-0.005804269359226705,0.005825765643542508,0.005509552291226109
25.87,1.612903225806452,2.258064516129032,0.0,-0.0,12.66741906511617,-0.005804269359226705,0.005825765643542508,0.005509552291225376
25.88,1.612903225806452,2.258064516129032,0.0,-0.0,578.1548161134481,-0.005804269359226677,0.005825765643542535,0.005509552291226115
25.89,1.612903225806452,2.258064516129032,0.0,-0.0,578.1555355156172,-0.005804269359226677,0.005825765643542535,0.005509552291226127
25.9,1.612903225806452,2.258064516129032,0.0,-0.0,578.1562549177863,-0.005804269359226705,0.005825765643542508,0.0055095522912260815
25.91,1.612903225806452,2.258064516129032,0.0,-0.0,578.1569743199555,-0.005804269359226677,0.005825765643542535,0.005509552291226087
25.92,1.612903225806452,2.258064516129032,0.0,-0.0,578.1576937221246,-0.005804269359226705,0.005825765643542508,0.005509552291226123
25.93,1.612903225806452,2.258064516129032,0.0,-0.0,578.1584131242937,-0.00580426935922676,0.005825765643542452,0.005509552291226105
25.94,1.612903225806452,2.258064516129032,0.0,-0.0,578.1591325264628,-0.005804269359226705,0.005825765643542508,0.0055095522912260815
25.95,1.612903225806452,2.258064516129032,0.0,-0.0,578.159851928632,-0.005804269359226677,0.005825765643542535,0.0055095522912261075
25.96,1.612903225806452,2.258064516129032,0.0,-0.0,578.1605713308011,-0.005804269359226677,0.005825765643542535,0.005509552291226119
25.97,1.612903225806452,2.258064516129032,0.0,-0.0,578.1612907329702,-0.005804269359226677,0.005825765643542535,0.005509552291226114
25.98,1.612903225806452,2.258064516129032,0.0,-0.0,12.675332488976544,-0.005804269359226677,0.005825765643542535,0.005509552291225383
25.99,1.612903225806452,2.258064516129032,0.0,-0.0,578.1627295373085,-0.005804269359226677,0.005825765643542535,0.005509552291226106
26.0,1.612903225806452,2.258064516129032,0.0,-0.0,578.1634489394776,-0.005804269359226677,0.005825765643542535,0.005509552291226103
26.01,1.612903225806452,1.612903225806452,0.0,-0.0,578.1639442572198,-0.005686996301437819,-0.03570325148115694,0.005485841449496624
26.02,1.612903225806452,1.612903225806452,0.0,-0.0,578.1642469483985,-0.00423461409596701,-0.022577699528918055,0.005893276096335453
26.03,1.612903225806452,1.612903225806452,0.0,-0.0,578.1643783105006,-0.002164961578805108,-0.01012550497166112,0.006308843974897281
26.04,1.612903225806452,1.612903225806452,0.0,-0.0,578.1643626546187,-0.00011117572031685286,0.0008375707292225532,0.004675485694237871
26.05,1.612903225806452,1.612903225806452,0.0,-0.0,578.1644230059957,0.0013379592314499977,-0.0023193342162470543,-0.006910364562733661
26.06,1.612903225806452,1.612903225806452,0.0,-0.0,12.677609211748965,-0.0037517013788600506,0.004498872508425067,0.009778837155800902
26.07,1.612903225806452,1.612903225806452,0.0,-0.0,578.1644682953041,0.005558278206664602,-0.005436827772958619,-0.008560889713910759
26.08,1.612903225806452,1.612903225806452,0.0,-0.0,578.1642891580526,-0.005394443932305537,0.005461273508695796,0.0065414169579683995
26.09,1.612903225806452,1.612903225806452,0.0,-0.0,578.1644728354552,0.0055874254247837984,-0.005543425168518412,-0.006767088334442255
26.1,1.612903225806452,1.612903225806452,0.0,-0.0,12.677613472217324,-0.005488653551811551,0.005523401197146449,0.006580221050252544
26.11,1.612903225806452,1.612903225806452,0.0,-0.0,578.1644738535691,0.005552096770021164,-0.00552165568480284,-0.006666454121289969
26.12,1.612903225806452,1.612903225806452,0.0,-0.0,578.164291626492,-0.005507176488882021,0.00553578438646965,0.0066224430273850625
26.13,1.612903225806452,1.612903225806452,0.0,-0.0,578.1644741091392,0.005543104865734283,-0.00551534355865313,-0.0066444500966917975
26.14,1.612903225806452,1.612903225806452,0.0,-0.0,578.1642917548247,-0.005511635474156007,0.005539035983613105,0.006633368398942996
26.15,1.612903225806452,1.612903225806452,0.0,-0.0,578.1644741735981,0.005540905364767451,-0.005513672301328126,-0.006638922377871824
26.16,1.612903225806452,1.612903225806452,0.0,-0.0,578.164291787204,-0.005512726595862438,0.005539888887769684,0.006636127070098274
26.17,1.612903225806452,1.612903225806452,0.0,-0.0,578.1644741898598,0.0055403650163105556,-0.005513235926933424,-0.006637528492619377
26.18,1.612903225806452,1.612903225806452,0.0,-0.0,578.1642917953728,-0.005512995336424825,0.005540110574181439,0.006636823399944125
26.19,1.612903225806452,1.612903225806452,0.0,-0.0,578.1644741939624,0.0055402315854135575,-0.005513122944358295,-0.0066371770210807875
26.2,1.612903225806452,1.612903225806452,0.0,-0.0,578.1642917974336,-0.005513061852424089,0.005540167788590983,0.00663699916532762
26.21,1.612903225806452,1.612903225806452,0.0,-0.0,578.1644741949974,0.005540198493708903,-0.005513093871051977,-0.006637088392408437
26.22,1.612903225806452,1.612903225806452,0.0,-0.0,578.1642917979535,-0.005513078380702058,0.005540182476658245,0.006637043527981474
26.23,1.612903225806452,1.612903225806452,0.0,-0.0,578.1644741952585,0.00554019025777,-0.005513086424053765,-0.006637066041479858
26.24,1.612903225806452,1.612903225806452,0.0,-0.0,578.1642917980847,-0.00551308250073701,0.005540186232271316,0.006637054723995662
26.25,1.612903225806452,1.612903225806452,0.0,-0.0,578.1644741953244,0.005540188202166174,-0.0055130845231614045,-0.006637060404324133
26.26,1.612903225806452,1.612903225806452,0.0,-0.0,578.1642917981178,-0.005513083530343604,0.00554018718962121,0.006637057549338404
26.27,1.612903225806452,1.612903225806452,0.0,-0.0,578.164474195341,0.005540187687944703,-0.005513084039232535,-0.006637058982504796
26.28,1.612903225806452,1.612903225806452,0.0,-0.0,578.1642917981261,-0.005513083788163009,0.00554018743309137,0.00663705826232666
26.29,1.612903225806452,1.612903225806452,0.0,-0.0,578.1644741953452,0.005540187559077092,-0.005513083916284411,-0.006637058623934536
26.3,1.612903225806452,1.612903225806452,0.0,-0.0,578.1642917981283,-0.005513083852825701,0.005540187494898846,0.006637058442186666
26.31,1.612903225806452,1.612903225806452,0.0,-0.0,578.1644741953463,0.005540187526735768,-0.005513083885096887,-0.006637058533495103
26.32,1.612903225806452,1.612903225806452,0.0,-0.0,578.1642917981288,-0.005513083869063823,0.00554018751056759,0.00663705848762115
26.33,1.612903225806452,1.612903225806452,0.0,-0.0,578.1644741953465,0.0055401875186098515,-0.0055130838771951796,-0.00663705851059867
26.34,1.612903225806452,1.612903225806452,0.0,-0.0,578.1642917981289,-0.005513083873145835,0.005540187514535694,0.006637058499054832
26.35,1.612903225806452,1.612903225806452,0.0,-0.0,578.1644741953467,0.00554018751656668,-0.0055130838751950295,-0.006637058504908237
26.36,1.612903225806452,1.612903225806452,0.0,-0.0,578.164291798129,-0.005513083874172792,0.005540187515539724,0.00663705850191083
26.37,1.612903225806452,1.612903225806452,0.0,-0.0,578.1644741953468,0.0055401875160524805,-0.005513083874689156,-0.006637058503472704
26.38,1.612903225806452,1.612903225806452,0.0,-0.0,578.164291798129,-0.005513083874431057,0.005540187515793438,0.006637058502745582
26.39,1.612903225806452,1.612903225806452,0.0,-0.0,578.1644741953468,0.005540187515922945,-0.0055130838745612865,-0.0066370585031108814
26.4,1.612903225806452,1.612903225806452,0.0,-0.0,578.164291798129,-0.005513083874496116,0.005540187515857609,0.006637058502927428
26.41,1.612903225806452,1.612903225806452,0.0,-0.0,578.1644741953468,0.005540187515890277,-0.005513083874528896,-0.0066370585030197495
26.42,1.612903225806452,1.612903225806452,0.0,-0.0,578.164291798129,-0.005513083874512575,0.005540187515873846,0.006637058502973294
26.43,1.612903225806452,1.612903225806452,0.0,-0.0,12.677796549183988,0.005540187515882089,-0.005513083874520874,-0.006637058502997109
26.44,1.612903225806452,1.612903225806452,0.0,-0.0,578.164291798129,-0.0055130838745167665,0.005540187515877981,0.006637058502984669
26.45,1.612903225806452,1.612903225806452,0.0,-0.0,578.1644741953468,0.005540187515880035,-0.005513083874518876,-0.006637058502990421
26.46,1.612903225806452,1.612903225806452,0.0,-0.0,578.164291798129,-0.005513083874517655,0.005540187515878869,0.00663705850298789
26.47,1.612903225806452,1.612903225806452,0.0,-0.0,578.1644741953468,0.0055401875158795355,-0.005513083874518321,-0.006637058502989274
26.48,1.612903225806452,1.612903225806452,0.0,-0.0,578.164291798129,-0.0055130838745180155,0.00554018751587923,0.006637058502988341
26.49,1.612903225806452,1.612903225806452,0.0,-0.0,578.1644741953468,0.005540187515879369,-0.005513083874518154,-0.006637058502988799
26.5,1.612903225806452,1.612903225806452,0.0,-0.0,578.164291798129,-0.005513083874517988,0.005540187515879369,0.006637058502988657
26.51,1.612903225806452,1.612903225806452,0.0,-0.0,578.1644741953468,0.005540187515879341,-0.0055130838745180155,-0.006637058502988877
26.52,1.612903225806452,1.612903225806452,0.0,-0.0,578.164291798129,-0.0055130838745180155,0.005540187515879286,0.006637058502988879
26.53,1.612903225806452,1.612903225806452,0.0,-0.0,12.677796549183988,0.005540187515879286,-0.0055130838745180155,-0.006637058502989604
26.54,1.612903225806452,1.612903225806452,0.0,-0.0,578.164291798129,-0.005513083874518043,0.005540187515879258,0.00663705850298884
26.55,1.612903225806452,1.612903225806452,0.0,-0.0,578.1644741953468,0.005540187515879286,-0.005513083874518071,-0.006637058502988799
26.56,1.612903225806452,1.612903225806452,0.0,-0.0,578.164291798129,-0.005513083874518099,0.005540187515879369,0.006637058502988654
26.57,1.612903225806452,1.612903225806452,0.0,-0.0,578.1644741953468,0.005540187515879258,-0.005513083874517988,-0.006637058502988826
26.58,1.612903225806452,1.612903225806452,0.0,-0.0,578.164291798129,-0.0055130838745181265,0.005540187515879397,0.006637058502988729
26.59,1.612903225806452,1.612903225806452,0.0,-0.0,578.1644741953468,0.0055401875158793135,-0.005513083874518043,-0.006637058502988638
26.6,1.612903225806452,1.612903225806452,0.0,-0.0,578.164291798129,-0.0055130838745181265,0.005540187515879341,0.006637058502988715
26.61,1.612903225806452,1.612903225806452,0.0,-0.0,578.1644741953468,0.005540187515879286,-0.0055130838745181265,-0.006637058502988674
26.62,1.612903225806452,1.612903225806452,0.0,-0.0,578.164291798129,-0.005513083874518099,0.0055401875158793135,0.006637058502988715
26.63,1.612903225806452,1.612903225806452,0.0,-0.0,578.1644741953468,0.005540187515879286,-0.005513083874518071,-0.006637058502988749
26.64,1.612903225806452,1.612903225806452,0.0,-0.0,578.164291798129,-0.005513083874518099,0.005540187515879369,0.006637058502988654
26.65,1.612903225806452,1.612903225806452,0.0,-0.0,578.1644741953468,0.005540187515879341,-0.0055130838745180155,-0.006637058502988701
26.66,1.612903225806452,1.612903225806452,0.0,-0.0,578.164291798129,-0.0055130838745180155,0.005540187515879286,0.0066370585029889035
26.67,1.612903225806452,1.612903225806452,0.0,-0.0,578.1644741953468,0.005540187515879258,-0.005513083874518043,-0.006637058502988912
26.68,1.612903225806452,1.612903225806452,0.0,-0.0,12.677614151966274,-0.005513083874518043,0.0055401875158793135,0.006637058502988062
26.69,1.612903225806452,1.612903225806452,0.0,-0.0,578.1644741953468,0.005540187515879341,-0.005513083874518071,-0.006637058502988726
26.7,1.612903225806452,1.612903225806452,0.0,-0.0,578.164291798129,-0.005513083874518071,0.005540187515879341,0.006637058502988729
26.71,1.612903225806452,1.612903225806452,0.0,-0.0,578.1644741953468,0.005540187515879369,-0.005513083874518043,-0.006637058502988752
26.72,1.612903225806452,1.612903225806452,0.0,-0.0,578.164291798129,-0.005513083874517988,0.0055401875158793135,0.0066370585029888055
26.73,1.612903225806452,1.612903225806452,0.0,-0.0,578.1644741953468,0.005540187515879397,-0.005513083874518071,-0.006637058502988701
26.74,1.612903225806452,1.612903225806452,0.0,-0.0,578.164291798129,-0.005513083874518071,0.005540187515879397,0.006637058502988606
26.75,1.612903225806452,1.612903225806452,0.0,-0.0,578.1644741953468,0.005540187515879341,-0.0055130838745180155,-0.0066370585029887266
26.76,1.612903225806452,1.612903225806452,0.0,-0.0,578.164291798129,-0.005513083874518071,0.005540187515879341,0.006637058502988804
26.77,1.612903225806452,1.612903225806452,0.0,-0.0,578.1644741953468,0.005540187515879341,-0.0055130838745181265,-0.006637058502988649
26.78,1.612903225806452,1.612903225806452,0.0,-0.0,578.164291798129,-0.005513083874518099,0.0055401875158793135,0.0066370585029886155
26.79,1.612903225806452,1.612903225806452,0.0,-0.0,12.677796549183988,0.005540187515879286,-0.005513083874518071,-0.006637058502989491
26.8,1.612903225806452,1.612903225806452,0.0,-0.0,578.164291798129,-0.005513083874518071,0.005540187515879341,0.006637058502988704
26.81,1.612903225806452,1.612903225806452,0.0,-0.0,578.1644741953468,0.005540187515879286,-0.0055130838745180155,-0.006637058502988801
26.82,1.612903225806452,1.612903225806452,0.0,-0.0,578.164291798129,-0.005513083874518071,0.005540187515879341,0.006637058502988754
26.83,1.612903225806452,1.612903225806452,0.0,-0.0,578.1644741953468,0.005540187515879341,-0.005513083874518071,-0.006637058502988726
26.84,1.612903225806452,1.612903225806452,0.0,-0.0,578.164291798129,-0.005513083874518099,0.005540187515879369,0.006637058502988654
26.85,1.612903225806452,1.612903225806452,0.0,-0.0,578.1644741953468,0.005540187515879341,-0.0055130838745180155,-0.006637058502988701
26.86,1.612903225806452,1.612903225806452,0.0,-0.0,578.164291798129,-0.0055130838745180155,0.005540187515879286,0.0066370585029889035
26.87,1.612903225806452,1.612903225806452,0.0,-0.0,578.1644741953468,0.005540187515879258,-0.005513083874518043,-0.006637058502988899
26.88,1.612903225806452,1.612903225806452,0.0,-0.0,578.164291798129,-0.0055130838745181265,0.005540187515879397,0.006637058502988654
26.89,1.612903225806452,1.612903225806452,0.0,-0.0,578.1644741953468,0.005540187515879286,-0.005513083874518071,-0.0066370585029886745
26.9,1.612903225806452,1.612903225806452,0.0,-0.0,578.164291798129,-0.0055130838745180155,0.005540187515879286,0.0066370585029889035
26.91,1.612903225806452,1.612903225806452,0.0,-0.0,578.1644741953468,0.0055401875158793135,-0.005513083874518099,-0.006637058502988774
26.92,1.612903225806452,1.612903225806452,0.0,-0.0,578.164291798129,-0.0055130838745181265,0.005540187515879341,0.00663705850298864
26.93,1.612903225806452,1.612903225806452,0.0,-0.0,578.1644741953468,0.005540187515879286,-0.005513083874518071,-0.0066370585029886875
26.94,1.612903225806452,1.612903225806452,0.0,-0.0,578.164291798129,-0.0055130838745181265,0.005540187515879397,0.006637058502988654
26.95,1.612903225806452,1.612903225806452,0.0,-0.0,578.1644741953468,0.005540187515879286,-0.005513083874518071,-0.006637058502988649
26.96,1.612903225806452,1.612903225806452,0.0,-0.0,578.164291798129,-0.0055130838745181265,0.005540187515879341,0.0066370585029887404
26.97,1.612903225806452,1.612903225806452,0.0,-0.0,578.1644741953468,0.005540187515879258,-0.005513083874518099,-0.006637058502988736
26.98,1.612903225806452,1.612903225806452,0.0,-0.0,578.164291798129,-0.005513083874518099,0.0055401875158793135,0.00663705850298879
26.99,1.612903225806452,1.612903225806452,0.0,-0.0,578.1644741953468,0.0055401875158793135,-0.005513083874518099,-0.006637058502988713
27.0,1.612903225806452,1.612903225806452,0.0,-0.0,12.677614151966274,-0.0055130838745181265,0.005540187515879341,0.006637058502987886
27.01,1.612903225806452,1.612903225806452,0.0,-0.0,578.1644741953468,0.005540187515879258,-0.005513083874518043,-0.006637058502988774
27.02,1.612903225806452,1.612903225806452,0.0,-0.0,578.164291798129,-0.005513083874518071,0.005540187515879286,0.00663705850298884
27.03,1.612903225806452,1.612903225806452,0.0,-0.0,578.1644741953468,0.005540187515879369,-0.005513083874518099,-0.006637058502988651
27.04,1.612903225806452,1.612903225806452,0.0,-0.0,578.164291798129,-0.005513083874517988,0.005540187515879258,0.006637058502988804
27.05,1.612903225806452,1.612903225806452,0.0,-0.0,578.1644741953468,0.005540187515879397,-0.0055130838745181265,-0.006637058502988726
27.06,1.612903225806452,1.612903225806452,0.0,-0.0,578.164291798129,-0.0055130838745181265,0.005540187515879286,0.0066370585029885895
27.07,1.612903225806452,1.612903225806452,0.0,-0.0,578.1644741953468,0.0055401875158793135,-0.005513083874518099,-0.006637058502988725
27.08,1.612903225806452,1.612903225806452,0.0,-0.0,578.164291798129,-0.005513083874518071,0.005540187515879286,0.006637058502988765
27.09,1.612903225806452,1.612903225806452,0.0,-0.0,578.1644741953468,0.005540187515879369,-0.005513083874518099,-0.006637058502988663
27.1,1.612903225806452,1.612903225806452,0.0,-0.0,578.164291798129,-0.005513083874518043,0.005540187515879369,0.006637058502988606
27.11,1.612903225806452,1.612903225806452,0.0,-0.0,578.1644741953468,0.0055401875158793135,-0.005513083874518043,-0.006637058502988788
27.12,1.612903225806452,1.612903225806452,0.0,-0.0,578.164291798129,-0.005513083874518071,0.005540187515879341,0.006637058502988754
27.13,1.612903225806452,1.612903225806452,0.0,-0.0,578.1644741953468,0.005540187515879397,-0.0055130838745181265,-0.0066370585029885765
27.14,1.612903225806452,1.612903225806452,0.0,-0.0,578.164291798129,-0.005513083874518154,0.0055401875158793135,0.006637058502988539
27.15,1.612903225806452,1.612903225806452,0.0,-0.0,578.1644741953468,0.005540187515879341,-0.0055130838745181265,-0.006637058502988662
27.16,1.612903225806452,1.612903225806452,0.0,-0.0,578.164291798129,-0.005513083874518071,0.005540187515879286,0.0066370585029887404
27.17,1.612903225806452,1.612903225806452,0.0,-0.0,578.1644741953468,0.0055401875158793135,-0.005513083874518043,-0.006637058502988801
27.18,1.612903225806452,1.612903225806452,0.0,-0.0,578.164291798129,-0.0055130838745181265,0.005540187515879397,0.006637058502988604
27.19,1.612903225806452,1.612903225806452,0.0,-0.0,578.1644741953468,0.005540187515879341,-0.005513083874518071,-0.006637058502988651
27.2,1.612903225806452,1.612903225806452,0.0,-0.0,578.164291798129,-0.005513083874518154,0.005540187515879369,0.006637058502988665
27.21,1.612903225806452,1.612903225806452,0.0,-0.0,578.1644741953468,0.005540187515879369,-0.005513083874518099,-0.0066370585029885765
27.22,1.612903225806452,1.612903225806452,0.0,-0.0,578.164291798129,-0.005513083874518099,0.0055401875158794245,0.006637058502988581
27.23,1.612903225806452,1.612903225806452,0.0,-0.0,578.1644741953468,0.0055401875158793135,-0.005513083874518099,-0.006637058502988649
27.24,1.612903225806452,1.612903225806452,0.0,-0.0,578.164291798129,-0.005513083874518043,0.0055401875158793135,0.006637058502988779
27.25,1.612903225806452,1.612903225806452,0.0,-0.0,578.1644741953468,0.005540187515879341,-0.005513083874518071,-0.006637058502988738
27.26,1.612903225806452,1.612903225806452,0.0,-0.0,578.164291798129,-0.005513083874518071,0.005540187515879341,0.006637058502988729
27.27,1.612903225806452,1.612903225806452,0.0,-0.0,578.1644741953468,0.005540187515879369,-0.005513083874518099,-0.006637058502988651
27.28,1.612903225806452,1.612903225806452,0.0,-0.0,578.164291798129,-0.0055130838745180155,0.005540187515879341,0.006637058502988681
27.29,1.612903225806452,1.612903225806452,0.0,-0.0,578.1644741953468,0.005540187515879286,-0.0055130838745180155,-0.006637058502988913
27.3,1.612903225806452,1.612903225806452,0.0,-0.0,578.164291798129,-0.005513083874518043,0.005540187515879258,0.006637058502988915
27.31,1.612903225806452,1.612903225806452,0.0,-0.0,578.1644741953468,0.0055401875158793135,-0.005513083874518043,-0.006637058502988826
27.32,1.612903225806452,1.612903225806452,0.0,-0.0,578.164291798129,-0.005513083874518071,0.005540187515879341,0.006637058502988729
27.33,1.612903225806452,1.612903225806452,0.0,-0.0,578.1644741953468,0.005540187515879341,-0.005513083874518071,-0.006637058502988738
27.34,1.612903225806452,1.612903225806452,0.0,-0.0,578.164291798129,-0.005513083874518099,0.005540187515879369,0.006637058502988654
27.35,1.612903225806452,1.612903225806452,0.0,-0.0,578.1644741953468,0.005540187515879341,-0.0055130838745180155,-0.006637058502988701
27.36,1.612903225806452,1.612903225806452,0.0,-0.0,578.164291798129,-0.0055130838745180155,0.005540187515879286,0.0066370585029889035
27.37,1.612903225806452,1.612903225806452,0.0,-0.0,578.1644741953468,0.005540187515879258,-0.005513083874518043,-0.006637058502988899
27.38,1.612903225806452,1.612903225806452,0.0,-0.0,578.164291798129,-0.0055130838745181265,0.005540187515879397,0.006637058502988654
27.39,1.612903225806452,1.612903225806452,0.0,-0.0,578.1644741953468,0.005540187515879286,-0.005513083874518071,-0.0066370585029886745
27.4,1.612903225806452,1.612903225806452,0.0,-0.0,578.164291798129,-0.0055130838745180155,0.005540187515879286,0.0066370585029889035
27.41,1.612903225806452,1.612903225806452,0.0,-0.0,578.1644741953468,0.0055401875158793135,-0.005513083874518099,-0.006637058502988774
27.42,1.612903225806452,1.612903225806452,0.0,-0.0,578.164291798129,-0.0055130838745181265,0.005540187515879341,0.00663705850298864
27.43,1.612903225806452,1.612903225806452,0.0,-0.0,578.1644741953468,0.005540187515879286,-0.005513083874518071,-0.0066370585029886875
27.44,1.612903225806452,1.612903225806452,0.0,-0.0,578.164291798129,-0.0055130838745181265,0.005540187515879397,0.006637058502988654
27.45,1.612903225806452,1.612903225806452,0.0,-0.0,578.1644741953468,0.005540187515879286,-0.005513083874518071,-0.006637058502988649
27.46,1.612903225806452,1.612903225806452,0.0,-0.0,578.164291798129,-0.0055130838745181265,0.005540187515879341,0.0066370585029887404
27.47,1.612903225806452,1.612903225806452,0.0,-0.0,578.1644741953468,0.005540187515879258,-0.005513083874518099,-0.006637058502988736
27.48,1.612903225806452,1.612903225806452,0.0,-0.0,578.164291798129,-0.005513083874518099,0.0055401875158793135,0.00663705850298879
27.49,1.612903225806452,1.612903225806452,0.0,-0.0,578.1644741953468,0.0055401875158793135,-0.005513083874518099,-0.006637058502988713
27.5,1.612903225806452,1.612903225806452,0.0,-0.0,578.164291798129,-0.0055130838745181265,0.005540187515879341,0.00663705850298864
27.51,1.612903225806452,1.612903225806452,0.0,-0.0,578.1644741953468,0.005540187515879258,-0.005513083874518043,-0.006637058502988774
27.52,1.612903225806452,1.612903225806452,0.0,-0.0,578.164291798129,-0.005513083874518071,0.005540187515879286,0.00663705850298884
27.53,1.612903225806452,1.612903225806452,0.0,-0.0,578.1644741953468,0.005540187515879369,-0.005513083874518099,-0.006637058502988651
27.54,1.612903225806452,1.612903225806452,0.0,-0.0,578.164291798129,-0.005513083874517988,0.005540187515879258,0.006637058502988804
27.55,1.612903225806452,1.612903225806452,0.0,-0.0,578.1644741953468,0.005540187515879397,-0.0055130838745181265,-0.006637058502988726
27.56,1.612903225806452,1.612903225806452,0.0,-0.0,578.164291798129,-0.0055130838745181265,0.005540187515879286,0.0066370585029885895
27.57,1.612903225806452,1.612903225806452,0.0,-0.0,578.1644741953468,0.0055401875158793135,-0.005513083874518099,-0.006637058502988725
27.58,1.612903225806452,1.612903225806452,0.0,-0.0,578.164291798129,-0.005513083874518071,0.005540187515879286,0.006637058502988765
27.59,1.612903225806452,1.612903225806452,0.0,-0.0,578.1644741953468,0.005540187515879369,-0.005513083874518099,-0.006637058502988663
27.6,1.612903225806452,1.612903225806452,0.0,-0.0,578.164291798129,-0.005513083874518043,0.005540187515879369,0.006637058502988606
27.61,1.612903225806452,1.612903225806452,0.0,-0.0,578.1644741953468,0.0055401875158793135,-0.005513083874518043,-0.006637058502988788
27.62,1.612903225806452,1.612903225806452,0.0,-0.0,578.164291798129,-0.005513083874518071,0.005540187515879341,0.006637058502988754
27.63,1.612903225806452,1.612903225806452,0.0,-0.0,578.1644741953468,0.005540187515879397,-0.0055130838745181265,-0.0066370585029885765
27.64,1.612903225806452,1.612903225806452,0.0,-0.0,578.164291798129,-0.005513083874518154,0.0055401875158793135,0.006637058502988539
27.65,1.612903225806452,1.612903225806452,0.0,-0.0,578.1644741953468,0.005540187515879341,-0.0055130838745181265,-0.006637058502988662
27.66,1.612903225806452,1.612903225806452,0.0,-0.0,578.164291798129,-0.005513083874518071,0.005540187515879286,0.0066370585029887404
27.67,1.612903225806452,1.612903225806452,0.0,-0.0,578.1644741953468,0.0055401875158793135,-0.005513083874518043,-0.006637058502988801
27.68,1.612903225806452,1.612903225806452,0.0,-0.0,578.164291798129,-0.0055130838745181265,0.005540187515879397,0.006637058502988604
27.69,1.612903225806452,1.612903225806452,0.0,-0.0,578.1644741953468,0.005540187515879341,-0.005513083874518071,-0.006637058502988651
27.7,1.612903225806452,1.612903225806452,0.0,-0.0,578.164291798129,-0.005513083874518154,0.005540187515879369,0.006637058502988665
27.71,1.612903225806452,1.612903225806452,0.0,-0.0,578.1644741953468,0.005540187515879369,-0.005513083874518099,-0.0066370585029885765
27.72,1.612903225806452,1.612903225806452,0.0,-0.0,578.164291798129,-0.005513083874518099,0.0055401875158794245,0.006637058502988581
27.73,1.612903225806452,1.612903225806452,0.0,-0.0,578.1644741953468,0.0055401875158793135,-0.005513083874518099,-0.006637058502988649
27.74,1.612903225806452,1.612903225806452,0.0,-0.0,578.164291798129,-0.005513083874518043,0.0055401875158793135,0.006637058502988779
27.75,1.612903225806452,1.612903225806452,0.0,-0.0,578.1644741953468,0.005540187515879341,-0.005513083874518071,-0.006637058502988738
27.76,1.612903225806452,1.612903225806452,0.0,-0.0,578.164291798129,-0.005513083874518071,0.005540187515879341,0.006637058502988729
27.77,1.612903225806452,1.612903225806452,0.0,-0.0,578.1644741953468,0.005540187515879369,-0.005513083874518099,-0.006637058502988651
27.78,1.612903225806452,1.612903225806452,0.0,-0.0,578.164291798129,-0.0055130838745180155,0.005540187515879341,0.006637058502988681
27.79,1.612903225806452,1.612903225806452,0.0,-0.0,578.1644741953468,0.005540187515879286,-0.0055130838745180155,-0.006637058502988913
27.8,1.612903225806452,1.612903225806452,0.0,-0.0,578.164291798129,-0.005513083874518043,0.005540187515879258,0.006637058502988915
27.81,1.612903225806452,1.612903225806452,0.0,-0.0,578.1644741953468,0.0055401875158793135,-0.005513083874518043,-0.006637058502988826
27.82,1.612903225806452,1.612903225806452,0.0,-0.0,578.164291798129,-0.005513083874518071,0.005540187515879341,0.006637058502988729
27.83,1.612903225806452,1.612903225806452,0.0,-0.0,578.1644741953468,0.005540187515879341,-0.005513083874518071,-0.006637058502988738
27.84,1.612903225806452,1.612903225806452,0.0,-0.0,578.164291798129,-0.005513083874518099,0.005540187515879369,0.006637058502988654
27.85,1.612903225806452,1.612903225806452,0.0,-0.0,578.1644741953468,0.005540187515879341,-0.0055130838745180155,-0.006637058502988701
27.86,1.612903225806452,1.612903225806452,0.0,-0.0,578.164291798129,-0.0055130838745180155,0.005540187515879286,0.0066370585029889035
27.87,1.612903225806452,1.612903225806452,0.0,-0.0,578.1644741953468,0.005540187515879258,-0.005513083874518043,-0.006637058502988899
27.88,1.612903225806452,1.612903225806452,0.0,-0.0,578.164291798129,-0.0055130838745181265,0.005540187515879397,0.006637058502988654
27.89,1.612903225806452,1.612903225806452,0.0,-0.0,578.1644741953468,0.005540187515879286,-0.005513083874518071,-0.0066370585029886745
27.9,1.612903225806452,1.612903225806452,0.0,-0.0,578.164291798129,-0.0055130838745180155,0.005540187515879286,0.0066370585029889035
27.91,1.612903225806452,1.612903225806452,0.0,-0.0,578.1644741953468,0.0055401875158793135,-0.005513083874518099,-0.006637058502988774
27.92,1.612903225806452,1.612903225806452,0.0,-0.0,578.164291798129,-0.0055130838745181265,0.005540187515879341,0.00663705850298864
27.93,1.612903225806452,1.612903225806452,0.0,-0.0,578.1644741953468,0.005540187515879286,-0.005513083874518071,-0.0066370585029886875
27.94,1.612903225806452,1.612903225806452,0.0,-0.0,578.164291798129,-0.0055130838745181265,0.005540187515879397,0.006637058502988654
27.95,1.612903225806452,1.612903225806452,0.0,-0.0,578.1644741953468,0.005540187515879286,-0.005513083874518071,-0.006637058502988649
27.96,1.612903225806452,1.612903225806452,0.0,-0.0,578.164291798129,-0.0055130838745181265,0.005540187515879341,0.0066370585029887404
27.97,1.612903225806452,1.612903225806452,0.0,-0.0,578.1644741953468,0.005540187515879258,-0.005513083874518099,-0.006637058502988736
27.98,1.612903225806452,1.612903225806452,0.0,-0.0,578.164291798129,-0.005513083874518099,0.0055401875158793135,0.00663705850298879
27.99,1.612903225806452,1.612903225806452,0.0,-0.0,578.1644741953468,0.0055401875158793135,-0.005513083874518099,-0.006637058502988713
28.0,1.612903225806452,1.612903225806452,0.0,-0.0,578.164291798129,-0.0055130838745181265,0.005540187515879341,0.00663705850298864
28.01,1.612903225806452,0.9677419354838719,0.0,-0.0,578.1641058005731,0.0023767732614473347,-0.04157758129860227,-0.0005203052088749312
28.02,1.612903225806452,0.9677419354838719,0.0,-0.0,578.1637074971047,-0.0014667162722470095,-0.032555332540868814,-0.0036338255663128736
28.03,1.612903225806452,0.9677419354838719,0.0,-0.0,578.163282520283,0.0034703947210722175,-0.026001816331864394,-0.004376919646158652
28.04,1.612903225806452,0.9677419354838719,0.0,-0.0,578.1627046358795,0.001132618517936279,-0.019073393082770868,-0.005315069647202341
28.05,1.612903225806452,0.9677419354838719,0.0,-0.0,578.1620841543808,0.003248294907984478,-0.014376332715500748,-0.005599381810332948
28.06,1.612903225806452,0.9677419354838719,0.0,-0.0,578.1614046147567,0.003477807463059507,-0.01056789777528043,-0.006318288106808505
28.07,1.612903225806452,0.9677419354838719,0.0,-0.0,578.1607015365412,0.004301157056924992,-0.00831810953013036,-0.007008641265398834
28.08,1.612903225806452,0.9677419354838719,0.0,-0.0,578.1599870593235,0.00487862925217486,-0.007049857806677509,-0.007663760641605611
28.09,1.612903225806452,0.9677419354838719,0.0,-0.0,578.1592687118272,0.005280375375854324,-0.006413572796889658,-0.008199379445029796
28.1,1.612903225806452,0.9677419354838719,0.0,-0.0,12.671871680675956,0.005526775476377366,-0.006104300676501598,-0.008608778410665253
28.11,1.612903225806452,0.9677419354838719,0.0,-0.0,578.1578297461458,0.0056667144177567075,-0.005952502042992552,-0.008905403370895161
28.12,1.612903225806452,0.9677419354838719,0.0,-0.0,578.1571101660571,0.005742859219210805,-0.0058763938563987095,-0.009111996443075216
28.13,1.612903225806452,0.9677419354838719,0.0,-0.0,578.1563906148506,0.005783396510948974,-0.00583760682442834,-0.009251941134945327
28.14,1.612903225806452,0.9677419354838719,0.0,-0.0,578.1556710866324,0.005804741873771946,-0.005817654559161237,-0.009344914756141638
28.15,1.612903225806452,0.9677419354838719,0.0,-0.0,578.1549515727038,0.005815917129644105,-0.0058073452474497606,-0.00940583286009209
28.16,1.612903225806452,0.9677419354838719,0.0,-0.0,578.1542320669658,0.005821748580099262,-0.005802010154150064,-0.009445344116250797
28.17,1.612903225806452,0.9677419354838719,0.0,-0.0,578.1535125657776,0.005824784810481043,-0.005799249638429413,-0.009470775580287591
28.18,1.612903225806452,0.9677419354838719,0.0,-0.0,578.1527930670882,0.005826362831927362,-0.005797823039530692,-0.009487048304263552
28.19,1.612903225806452,0.9677419354838719,0.0,-0.0,578.152073569768,0.005827181553203609,-0.005797087302287993,-0.009497412580739101
28.2,1.612903225806452,0.9677419354838719,0.0,-0.0,578.1513540732003,0.005827605524294094,-0.005796708920190921,-0.009503989431578609
28.21,1.612903225806452,0.9677419354838719,0.0,-0.0,12.663956930885085,0.0058278245925584005,-0.005796515018916162,-0.009508150549313277
28.22,1.612903225806452,0.9677419354838719,0.0,-0.0,578.1499150811261,0.0058279374872930445,-0.005796416103588858,-0.009510776931686286
28.23,1.612903225806452,0.9677419354838719,0.0,-0.0,578.1491955853334,0.0058279954788441335,-0.005796365931414207,-0.009512431380739155
28.24,1.612903225806452,0.9677419354838719,0.0,-0.0,578.1484760896133,0.005828025149218402,-0.0057963406674418905,-0.009513471897700798
28.25,1.612903225806452,0.9677419354838719,0.0,-0.0,578.1477565939346,0.005828040254214462,-0.005796328064736803,-0.00951412543225398
28.26,1.612903225806452,0.9677419354838719,0.0,-0.0,578.1470370982794,0.005828047896001054,-0.005796321855063805,-0.009514535458031945
28.27,1.612903225806452,0.9677419354838719,0.0,-0.0,578.1463176026379,0.0058280517312385705,-0.005796318845841933,-0.009514792473433842
28.28,1.612903225806452,0.9677419354838719,0.0,-0.0,578.1455981070043,0.00582805363616104,-0.005796317420987157,-0.00951495345611225
28.29,1.612903225806452,0.9677419354838719,0.0,-0.0,578.1448786113754,0.005828054569373492,-0.005796316768838794,-0.009515054224957983
28.3,1.612903225806452,0.9677419354838719,0.0,-0.0,578.1441591157492,0.005828055018042344,-0.005796316485877473,-0.009515117269290855
28.31,1.612903225806452,0.9677419354838719,0.0,-0.0,578.1434396201246,0.005828055228083356,-0.005796316374175617,-0.009515156694697708
28.32,1.612903225806452,0.9677419354838719,0.0,-0.0,578.142720124501,0.005828055322562725,-0.005796316338411336,-0.009515181340885859
28.33,1.612903225806452,0.9677419354838719,0.0,-0.0,578.142000628878,0.005828055362375989,-0.005796316333850443,-0.009515196743293068
28.34,1.612903225806452,0.9677419354838719,0.0,-0.0,578.1412811332553,0.005828055377204572,-0.005796316340294136,-0.009515206366465646
28.35,1.612903225806452,0.9677419354838719,0.0,-0.0,578.1405616376329,0.005828055381217945,-0.005796316349175226,-0.009515212377610324
28.36,1.612903225806452,0.9677419354838719,0.0,-0.0,12.653164495847811,0.00582805538098094,-0.005796316357259745,-0.00951521613178552
28.37,1.612903225806452,0.9677419354838719,0.0,-0.0,578.1391226463884,0.005828055379398872,-0.005796316363634757,-0.009515218476111581
28.38,1.612903225806452,0.9677419354838719,0.0,-0.0,578.1384031507662,0.0058280553776612065,-0.005796316368308754,-0.009515219939766688
28.39,1.612903225806452,0.9677419354838719,0.0,-0.0,578.137683655144,0.005828055376184332,-0.005796316371589436,-0.009515220853532699
28.4,1.612903225806452,0.9677419354838719,0.0,-0.0,578.1369641595218,0.005828055375057428,-0.005796316373827062,-0.009515221423950596
28.41,1.612903225806452,0.9677419354838719,0.0,-0.0,12.649567017736892,0.005828055374246882,-0.005796316375322838,-0.009515221780122032
28.42,1.612903225806452,0.9677419354838719,0.0,-0.0,12.6488475221148,0.005828055373684832,-0.005796316376308411,-0.009515222002360544
28.43,1.612903225806452,0.9677419354838719,0.0,-0.0,578.1348056726555,0.005828055373304691,-0.005796316376950647,-0.009515222141066267
28.44,1.612903225806452,0.9677419354838719,0.0,-0.0,578.1340861770334,0.005828055373052116,-0.00579631637736569,-0.009515222227633844
28.45,1.612903225806452,0.9677419354838719,0.0,-0.0,578.1333666814113,0.00582805537288647,-0.005796316377632102,-0.009515222281659293
28.46,1.612903225806452,0.9677419354838719,0.0,-0.0,578.1326471857892,0.00582805537277889,-0.005796316377802244,-0.009515222315374636
28.47,1.612903225806452,0.9677419354838719,0.0,-0.0,578.1319276901671,0.005828055372709556,-0.00579631637791049,-0.009515222336414669
28.48,1.612903225806452,0.9677419354838719,0.0,-0.0,12.644530548382242,0.005828055372665147,-0.005796316377979074,-0.009515222349545199
28.49,1.612903225806452,0.9677419354838719,0.0,-0.0,578.1304886989229,0.005828055372636809,-0.005796316378022484,-0.00951522235773774
28.5,1.612903225806452,0.9677419354838719,0.0,-0.0,578.1297692033008,0.005828055372618823,-0.005796316378049823,-0.009515222362850424
28.51,1.612903225806452,0.9677419354838719,0.0,-0.0,578.1290497076787,0.0058280553726074436,-0.005796316378067032,-0.009515222366040809
28.52,1.612903225806452,0.9677419354838719,0.0,-0.0,578.1283302120567,0.005828055372600255,-0.005796316378077829,-0.009515222368031645
28.53,1.612903225806452,0.9677419354838719,0.0,-0.0,578.1276107164346,0.005828055372595703,-0.005796316378084643,-0.009515222369273879
28.54,1.612903225806452,0.9677419354838719,0.0,-0.0,578.1268912208125,0.005828055372592872,-0.005796316378088917,-0.00951522237004905
28.55,1.612903225806452,0.9677419354838719,0.0,-0.0,578.1261717251904,0.005828055372591068,-0.0057963163780915955,-0.009515222370532771
28.56,1.612903225806452,0.9677419354838719,0.0,-0.0,12.6387745834055,0.00582805537258993,-0.005796316378093261,-0.009515222370835312
28.57,1.612903225806452,0.9677419354838719,0.0,-0.0,578.1247327339462,0.005828055372589236,-0.005796316378094302,-0.009515222371022976
28.58,1.612903225806452,0.9677419354838719,0.0,-0.0,578.1240132383241,0.005828055372588792,-0.005796316378094954,-0.009515222371140452
28.59,1.612903225806452,0.9677419354838719,0.0,-0.0,12.636616096539221,0.005828055372588514,-0.00579631637809537,-0.009515222371214532
28.6,1.612903225806452,0.9677419354838719,0.0,-0.0,578.1225742470799,0.005828055372588348,-0.00579631637809562,-0.00951522237125953
28.61,1.612903225806452,0.9677419354838719,0.0,-0.0,578.1218547514578,0.0058280553725882644,-0.005796316378095787,-0.009515222371287992
28.62,1.612903225806452,0.9677419354838719,0.0,-0.0,578.1211352558357,0.005828055372588181,-0.00579631637809587,-0.009515222371305847
28.63,1.612903225806452,0.9677419354838719,0.0,-0.0,578.1204157602136,0.005828055372588153,-0.005796316378095939,-0.00951522237131696
28.64,1.612903225806452,0.9677419354838719,0.0,-0.0,578.1196962645915,0.005828055372588098,-0.005796316378095981,-0.00951522237132388
28.65,1.612903225806452,0.9677419354838719,0.0,-0.0,578.1189767689694,0.005828055372588098,-0.005796316378096009,-0.00951522237132818
28.66,1.612903225806452,0.9677419354838719,0.0,-0.0,578.1182572733474,0.00582805537258807,-0.005796316378096036,-0.009515222371330862
28.67,1.612903225806452,0.9677419354838719,0.0,-0.0,578.1175377777253,0.00582805537258807,-0.00579631637809605,-0.009515222371332573
28.68,1.612903225806452,0.9677419354838719,0.0,-0.0,578.1168182821032,0.005828055372588042,-0.005796316378096036,-0.009515222371333667
28.69,1.612903225806452,0.9677419354838719,0.0,-0.0,578.1160987864811,0.00582805537258807,-0.00579631637809605,-0.00951522237133433
28.7,1.612903225806452,0.9677419354838719,0.0,-0.0,578.115379290859,0.005828055372588042,-0.005796316378096036,-0.00951522237133477
28.71,1.612903225806452,0.9677419354838719,0.0,-0.0,578.1146597952369,0.00582805537258807,-0.005796316378096036,-0.009515222371335022
28.72,1.612903225806452,0.9677419354838719,0.0,-0.0,578.1139402996148,0.005828055372588042,-0.005796316378096036,-0.009515222371335211
28.73,1.612903225806452,0.9677419354838719,0.0,-0.0,578.1132208039927,0.00582805537258807,-0.00579631637809605,-0.009515222371335305
28.74,1.612903225806452,0.9677419354838719,0.0,-0.0,578.1125013083706,0.00582805537258807,-0.005796316378096036,-0.009515222371335381
28.75,1.612903225806452,0.9677419354838719,0.0,-0.0,578.1117818127485,0.00582805537258807,-0.00579631637809605,-0.009515222371335381
28.76,1.612903225806452,0.9677419354838719,0.0,-0.0,578.1110623171264,0.005828055372588042,-0.005796316378096064,-0.009515222371335449
28.77,1.612903225806452,0.9677419354838719,0.0,-0.0,578.1103428215043,0.005828055372588042,-0.005796316378096064,-0.009515222371335447
28.78,1.612903225806452,0.9677419354838719,0.0,-0.0,578.1096233258822,0.005828055372588042,-0.005796316378096064,-0.00951522237133547
28.79,1.612903225806452,0.9677419354838719,0.0,-0.0,578.1089038302601,0.005828055372588042,-0.005796316378096064,-0.00951522237133545
28.8,1.612903225806452,0.9677419354838719,0.0,-0.0,578.108184334638,0.005828055372588042,-0.005796316378096064,-0.009515222371335466
28.81,1.612903225806452,0.9677419354838719,0.0,-0.0,578.107464839016,0.005828055372588042,-0.005796316378096064,-0.009515222371335466
28.82,1.612903225806452,0.9677419354838719,0.0,-0.0,578.1067453433939,0.005828055372588042,-0.005796316378096036,-0.009515222371335464
28.83,1.612903225806452,0.9677419354838719,0.0,-0.0,578.1060258477718,0.005828055372588042,-0.005796316378096078,-0.009515222371335468
28.84,1.612903225806452,0.9677419354838719,0.0,-0.0,578.1053063521497,0.005828055372588042,-0.005796316378096064,-0.009515222371335478
28.85,1.612903225806452,0.9677419354838719,0.0,-0.0,578.1045868565276,0.00582805537258807,-0.005796316378096036,-0.009515222371335464
28.86,1.612903225806452,0.9677419354838719,0.0,-0.0,578.1038673609055,0.005828055372588042,-0.005796316378096036,-0.009515222371335485
28.87,1.612903225806452,0.9677419354838719,0.0,-0.0,578.1031478652834,0.00582805537258807,-0.00579631637809605,-0.00951522237133546
28.88,1.612903225806452,0.9677419354838719,0.0,-0.0,12.615750723498529,0.005828055372588042,-0.005796316378096036,-0.009515222371336188
28.89,1.612903225806452,0.9677419354838719,0.0,-0.0,578.1017088740392,0.00582805537258807,-0.00579631637809605,-0.009515222371335468
28.9,1.612903225806452,0.9677419354838719,0.0,-0.0,12.614311732254343,0.005828055372588042,-0.005796316378096064,-0.009515222371336203
28.91,1.612903225806452,0.9677419354838719,0.0,-0.0,578.100269882795,0.005828055372588042,-0.005796316378096078,-0.00951522237133546
28.92,1.612903225806452,0.9677419354838719,0.0,-0.0,578.0995503871729,0.005828055372588015,-0.005796316378096064,-0.009515222371335487
28.93,1.612903225806452,0.9677419354838719,0.0,-0.0,578.0988308915508,0.005828055372588042,-0.005796316378096064,-0.009515222371335461
28.94,1.612903225806452,0.9677419354838719,0.0,-0.0,578.0981113959288,0.005828055372588042,-0.005796316378096064,-0.00951522237133548
28.95,1.612903225806452,0.9677419354838719,0.0,-0.0,578.0973919003067,0.005828055372588042,-0.005796316378096064,-0.009515222371335463
28.96,1.612903225806452,0.9677419354838719,0.0,-0.0,578.0966724046846,0.005828055372588015,-0.005796316378096064,-0.009515222371335475
28.97,1.612903225806452,0.9677419354838719,0.0,-0.0,578.0959529090625,0.005828055372588042,-0.005796316378096078,-0.009515222371335477
28.98,1.612903225806452,0.9677419354838719,0.0,-0.0,578.0952334134404,0.005828055372588042,-0.005796316378096064,-0.009515222371335483
28.99,1.612903225806452,0.9677419354838719,0.0,-0.0,578.0945139178183,0.005828055372588042,-0.005796316378096078,-0.009515222371335463
29.0,1.612903225806452,0.9677419354838719,0.0,-0.0,578.0937944221962,0.005828055372588015,-0.005796316378096064,-0.009515222371335482
29.01,1.612903225806452,0.9677419354838719,0.0,-0.0,12.606397280411322,0.005828055372588042,-0.005796316378096078,-0.00951522237133619
29.02,1.612903225806452,0.9677419354838719,0.0,-0.0,578.092355430952,0.005828055372588015,-0.005796316378096092,-0.009515222371335483
29.03,1.612903225806452,0.9677419354838719,0.0,-0.0,578.0916359353299,0.005828055372588015,-0.005796316378096092,-0.009515222371335471
29.04,1.612903225806452,0.9677419354838719,0.0,-0.0,578.0909164397078,0.005828055372588015,-0.005796316378096092,-0.00951522237133548
29.05,1.612903225806452,0.9677419354838719,0.0,-0.0,578.0901969440857,0.005828055372588015,-0.005796316378096092,-0.00951522237133547
29.06,1.612903225806452,0.9677419354838719,0.0,-0.0,578.0894774484636,0.005828055372588015,-0.005796316378096064,-0.009515222371335477
29.07,1.612903225806452,0.9677419354838719,0.0,-0.0,578.0887579528415,0.005828055372588015,-0.005796316378096092,-0.009515222371335468
29.08,1.612903225806452,0.9677419354838719,0.0,-0.0,578.0880384572195,0.005828055372588015,-0.005796316378096064,-0.009515222371335477
29.09,1.612903225806452,0.9677419354838719,0.0,-0.0,578.0873189615974,0.005828055372588042,-0.005796316378096078,-0.009515222371335468
29.1,1.612903225806452,0.9677419354838719,0.0,-0.0,12.599921819812486,0.005828055372588015,-0.005796316378096064,-0.009515222371336205
29.11,1.612903225806452,0.9677419354838719,0.0,-0.0,578.0858799703532,0.005828055372588015,-0.005796316378096092,-0.009515222371335461
29.12,1.612903225806452,0.9677419354838719,0.0,-0.0,578.0851604747311,0.005828055372588015,-0.005796316378096092,-0.00951522237133548
29.13,1.612903225806452,0.9677419354838719,0.0,-0.0,578.084440979109,0.005828055372588042,-0.005796316378096078,-0.009515222371335466
29.14,1.612903225806452,0.9677419354838719,0.0,-0.0,578.0837214834869,0.005828055372588015,-0.005796316378096092,-0.009515222371335473
29.15,1.612903225806452,0.9677419354838719,0.0,-0.0,578.0830019878648,0.005828055372588015,-0.005796316378096092,-0.00951522237133546
29.16,1.612903225806452,0.9677419354838719,0.0,-0.0,578.0822824922427,0.005828055372588015,-0.005796316378096092,-0.009515222371335482
29.17,1.612903225806452,0.9677419354838719,0.0,-0.0,12.594885350457837,0.005828055372588015,-0.005796316378096092,-0.009515222371336191
29.18,1.612903225806452,0.9677419354838719,0.0,-0.0,578.0808435009985,0.005828055372588015,-0.005796316378096092,-0.00951522237133548
29.19,1.612903225806452,0.9677419354838719,0.0,-0.0,578.0801240053764,0.005828055372588015,-0.005796316378096106,-0.009515222371335464
29.2,1.612903225806452,0.9677419354838719,0.0,-0.0,578.0794045097543,0.005828055372588015,-0.005796316378096064,-0.00951522237133548
29.21,1.612903225806452,0.9677419354838719,0.0,-0.0,12.592007367969465,0.005828055372588042,-0.005796316378096078,-0.009515222371336193
29.22,1.612903225806452,0.9677419354838719,0.0,-0.0,578.0779655185102,0.005828055372588015,-0.005796316378096092,-0.009515222371335477
29.23,1.612903225806452,0.9677419354838719,0.0,-0.0,578.0772460228881,0.005828055372588015,-0.005796316378096106,-0.009515222371335468
29.24,1.612903225806452,0.9677419354838719,0.0,-0.0,578.076526527266,0.005828055372588015,-0.005796316378096064,-0.009515222371335475
29.25,1.612903225806452,0.9677419354838719,0.0,-0.0,578.0758070316439,0.005828055372588015,-0.005796316378096092,-0.009515222371335466
29.26,1.612903225806452,0.9677419354838719,0.0,-0.0,578.0750875360218,0.005828055372588015,-0.005796316378096064,-0.009515222371335482
29.27,1.612903225806452,0.9677419354838719,0.0,-0.0,578.0743680403997,0.005828055372588015,-0.005796316378096092,-0.009515222371335466
29.28,1.612903225806452,0.9677419354838719,0.0,-0.0,578.0736485447776,0.005828055372588015,-0.005796316378096092,-0.009515222371335482
29.29,1.612903225806452,0.9677419354838719,0.0,-0.0,578.0729290491555,0.005828055372588042,-0.005796316378096064,-0.009515222371335468
29.3,1.612903225806452,0.9677419354838719,0.0,-0.0,12.58553190737063,0.005828055372588042,-0.005796316378096064,-0.009515222371336212
29.31,1.612903225806452,0.9677419354838719,0.0,-0.0,578.0714900579113,0.005828055372588015,-0.005796316378096106,-0.009515222371335463
29.32,1.612903225806452,0.9677419354838719,0.0,-0.0,578.0707705622892,0.005828055372587987,-0.005796316378096092,-0.00951522237133548
29.33,1.612903225806452,0.9677419354838719,0.0,-0.0,578.0700510666671,0.005828055372588015,-0.005796316378096106,-0.009515222371335464
29.34,1.612903225806452,0.9677419354838719,0.0,-0.0,578.069331571045,0.005828055372587987,-0.005796316378096092,-0.00951522237133548
29.35,1.612903225806452,0.9677419354838719,0.0,-0.0,578.068612075423,0.005828055372588015,-0.005796316378096092,-0.009515222371335466
29.36,1.612903225806452,0.9677419354838719,0.0,-0.0,578.0678925798009,0.005828055372588015,-0.005796316378096092,-0.009515222371335477
29.37,1.612903225806452,0.9677419354838719,0.0,-0.0,12.58049543801598,0.005828055372588015,-0.005796316378096092,-0.009515222371336195
29.38,1.612903225806452,0.9677419354838719,0.0,-0.0,578.0664535885567,0.005828055372588015,-0.005796316378096092,-0.009515222371335482
29.39,1.612903225806452,0.9677419354838719,0.0,-0.0,578.0657340929346,0.005828055372588042,-0.005796316378096078,-0.009515222371335464
29.4,1.612903225806452,0.9677419354838719,0.0,-0.0,578.0650145973125,0.005828055372588015,-0.005796316378096064,-0.009515222371335478
29.41,1.612903225806452,0.9677419354838719,0.0,-0.0,578.0642951016904,0.005828055372588042,-0.005796316378096078,-0.009515222371335464
29.42,1.612903225806452,0.9677419354838719,0.0,-0.0,578.0635756060683,0.005828055372588015,-0.005796316378096092,-0.009515222371335482
29.43,1.612903225806452,0.9677419354838719,0.0,-0.0,578.0628561104462,0.005828055372588015,-0.005796316378096092,-0.009515222371335466
29.44,1.612903225806452,0.9677419354838719,0.0,-0.0,12.57545896866133,0.005828055372588015,-0.005796316378096092,-0.009515222371336207
29.45,1.612903225806452,0.9677419354838719,0.0,-0.0,578.061417119202,0.005828055372588015,-0.005796316378096092,-0.009515222371335466
29.46,1.612903225806452,0.9677419354838719,0.0,-0.0,578.0606976235799,0.005828055372588042,-0.005796316378096036,-0.009515222371335485
29.47,1.612903225806452,0.9677419354838719,0.0,-0.0,578.0599781279578,0.00582805537258807,-0.00579631637809605,-0.009515222371335463
29.48,1.612903225806452,0.9677419354838719,0.0,-0.0,578.0592586323357,0.005828055372588042,-0.005796316378096036,-0.009515222371335482
29.49,1.612903225806452,0.9677419354838719,0.0,-0.0,578.0585391367136,0.00582805537258807,-0.00579631637809605,-0.009515222371335464
29.5,1.612903225806452,0.9677419354838719,0.0,-0.0,578.0578196410916,0.00582805537258807,-0.005796316378096036,-0.009515222371335482
29.51,1.612903225806452,0.9677419354838719,0.0,-0.0,578.0571001454695,0.005828055372588042,-0.005796316378096064,-0.009515222371335463
29.52,1.612903225806452,0.9677419354838719,0.0,-0.0,578.0563806498474,0.005828055372588042,-0.005796316378096064,-0.00951522237133548
29.53,1.612903225806452,0.9677419354838719,0.0,-0.0,578.0556611542253,0.005828055372588042,-0.005796316378096064,-0.009515222371335466
29.54,1.612903225806452,0.9677419354838719,0.0,-0.0,578.0549416586032,0.005828055372588042,-0.005796316378096036,-0.009515222371335482
29.55,1.612903225806452,0.9677419354838719,0.0,-0.0,578.0542221629811,0.00582805537258807,-0.00579631637809605,-0.009515222371335463
29.56,1.612903225806452,0.9677419354838719,0.0,-0.0,578.053502667359,0.005828055372588042,-0.005796316378096036,-0.009515222371335482
29.57,1.612903225806452,0.9677419354838719,0.0,-0.0,578.0527831717369,0.00582805537258807,-0.005796316378096036,-0.009515222371335466
29.58,1.612903225806452,0.9677419354838719,0.0,0.0,578.0520636761148,0.00582805537258807,-0.005796316378096036,-0.00951522237133548
29.59,1.612903225806452,0.9677419354838719,0.0,0.0,578.0513441804927,0.00582805537258807,-0.00579631637809605,-0.009515222371335461
29.6,1.612903225806452,0.9677419354838719,0.0,0.0,578.0506246848706,0.00582805537258807,-0.005796316378096036,-0.00951522237133548
29.61,1.612903225806452,0.9677419354838719,0.0,0.0,578.0499051892485,0.00582805537258807,-0.00579631637809605,-0.009515222371335464
29.62,1.612903225806452,0.9677419354838719,0.0,0.0,12.562508047463659,0.005828055372588042,-0.005796316378096064,-0.00951522237133621
29.63,1.612903225806452,0.9677419354838719,0.0,0.0,578.0484661980043,0.005828055372588042,-0.005796316378096064,-0.009515222371335464
29.64,1.612903225806452,0.9677419354838719,0.0,0.0,578.0477467023823,0.005828055372588042,-0.005796316378096064,-0.009515222371335482
29.65,1.612903225806452,0.9677419354838719,0.0,0.0,12.56034956059738,0.005828055372588042,-0.005796316378096078,-0.009515222371336191
29.66,1.612903225806452,0.9677419354838719,0.0,0.0,12.559630064975288,0.005828055372588042,-0.005796316378096064,-0.009515222371336207
29.67,1.612903225806452,0.9677419354838719,0.0,0.0,578.045588215516,0.005828055372588042,-0.005796316378096064,-0.009515222371335463
29.68,1.612903225806452,0.9677419354838719,0.0,0.0,12.558191073731102,0.005828055372588042,-0.005796316378096036,-0.009515222371336207
29.69,1.612903225806452,0.9677419354838719,0.0,0.0,12.55747157810901,0.005828055372588042,-0.005796316378096078,-0.009515222371336193
29.7,1.612903225806452,0.9677419354838719,0.0,0.0,578.0434297286497,0.005828055372588015,-0.005796316378096092,-0.00951522237133548
29.71,1.612903225806452,0.9677419354838719,0.0,0.0,578.0427102330276,0.005828055372588015,-0.005796316378096106,-0.009515222371335461
29.72,1.612903225806452,0.9677419354838719,0.0,0.0,578.0419907374055,0.005828055372588015,-0.005796316378096064,-0.009515222371335477
29.73,1.612903225806452,0.9677419354838719,0.0,0.0,578.0412712417834,0.005828055372588042,-0.005796316378096078,-0.009515222371335466
29.74,1.612903225806452,0.9677419354838719,0.0,0.0,578.0405517461613,0.005828055372588015,-0.005796316378096092,-0.009515222371335482
29.75,1.612903225806452,0.9677419354838719,0.0,0.0,578.0398322505392,0.005828055372588015,-0.005796316378096092,-0.009515222371335464
29.76,1.612903225806452,0.9677419354838719,0.0,0.0,578.0391127549171,0.005828055372588042,-0.005796316378096064,-0.00951522237133548
29.77,1.612903225806452,0.9677419354838719,0.0,0.0,578.038393259295,0.005828055372588042,-0.005796316378096064,-0.009515222371335468
29.78,1.612903225806452,0.9677419354838719,0.0,0.0,578.037673763673,0.005828055372588015,-0.005796316378096092,-0.00951522237133548
29.79,1.612903225806452,0.9677419354838719,0.0,0.0,578.0369542680509,0.005828055372588015,-0.005796316378096092,-0.009515222371335466
29.8,1.612903225806452,0.9677419354838719,0.0,0.0,578.0362347724288,0.005828055372587987,-0.005796316378096092,-0.009515222371335477
29.81,1.612903225806452,0.9677419354838719,0.0,0.0,578.0355152768067,0.005828055372588015,-0.005796316378096092,-0.009515222371335464
29.82,1.612903225806452,0.9677419354838719,0.0,0.0,578.0347957811846,0.005828055372588015,-0.005796316378096064,-0.00951522237133548
29.83,1.612903225806452,0.9677419354838719,0.0,0.0,578.0340762855625,0.005828055372588015,-0.005796316378096092,-0.009515222371335464
29.84,1.612903225806452,0.9677419354838719,0.0,0.0,578.0333567899404,0.005828055372587987,-0.005796316378096092,-0.009515222371335483
29.85,1.612903225806452,0.9677419354838719,0.0,0.0,578.0326372943183,0.005828055372588015,-0.005796316378096092,-0.009515222371335464
29.86,1.612903225806452,0.9677419354838719,0.0,0.0,578.0319177986962,0.005828055372588015,-0.005796316378096064,-0.009515222371335489
29.87,1.612903225806452,0.9677419354838719,0.0,0.0,578.0311983030741,0.005828055372588042,-0.005796316378096078,-0.009515222371335461
29.88,1.612903225806452,0.9677419354838719,0.0,0.0,578.030478807452,0.005828055372588015,-0.005796316378096064,-0.009515222371335485
29.89,1.612903225806452,0.9677419354838719,0.0,0.0,12.543081665667152,0.005828055372588042,-0.005796316378096078,-0.009515222371335461
29.9,1.612903225806452,0.9677419354838719,0.0,0.0,578.0290398162078,0.005828055372588015,-0.005796316378096092,-0.00951522237133548
29.91,1.612903225806452,0.9677419354838719,0.0,0.0,578.0283203205857,0.005828055372588042,-0.005796316378096078,-0.009515222371335463
29.92,1.612903225806452,0.9677419354838719,0.0,0.0,578.0276008249637,0.005828055372588015,-0.005796316378096064,-0.00951522237133548
29.93,1.612903225806452,0.9677419354838719,0.0,0.0,578.0268813293416,0.005828055372588042,-0.005796316378096078,-0.009515222371335473
29.94,1.612903225806452,0.9677419354838719,0.0,0.0,578.0261618337195,0.005828055372587987,-0.005796316378096092,-0.009515222371335482
29.95,1.612903225806452,0.9677419354838719,0.0,0.0,578.0254423380974,0.005828055372588015,-0.005796316378096092,-0.009515222371335464
29.96,1.612903225806452,0.9677419354838719,0.0,0.0,578.0247228424753,0.005828055372588015,-0.005796316378096092,-0.009515222371335483
29.97,1.612903225806452,0.9677419354838719,0.0,0.0,578.0240033468532,0.005828055372588015,-0.005796316378096092,-0.009515222371335464
29.98,1.612903225806452,0.9677419354838719,0.0,0.0,578.0232838512311,0.005828055372588015,-0.005796316378096092,-0.009515222371335485
29.99,1.612903225806452,0.9677419354838719,0.0,0.0,578.022564355609,0.005828055372588042,-0.005796316378096078,-0.009515222371335464
30.0,1.612903225806452,0.9677419354838719,0.0,0.0,578.0218448599869,0.005828055372588015,-0.005796316378096092,-0.00951522237133548
30.01,1.612903225806452,0.32258064516129004,0.0,0.0,578.0209611011505,0.0032235883036587365,-0.053672239113887785,-0.008634880500830085
30.02,1.612903225806452,0.32258064516129004,0.0,0.0,578.0199786102377,0.003533014161634346,-0.047379649424549655,-0.007688381113670952
30.03,1.612903225806452,0.32258064516129004,0.0,0.0,578.01891189593,0.004178272780163111,-0.041630453084068944,-0.006960375307111882
30.04,1.612903225806452,0.32258064516129004,0.0,0.0,578.0177708461888,0.004879318327394855,-0.036424680256864767,-0.006392119520079745
30.05,1.612903225806452,0.32258064516129004,0.0,0.0,578.0165646827885,0.005559000325484259,-0.031799110522588214,-0.005971445088972406
30.06,1.612903225806452,0.32258064516129004,0.0,0.0,578.0153045305748,0.00628483565938473,-0.02780155308933423,-0.005751028458450234
30.07,1.612903225806452,0.32258064516129004,0.0,0.0,578.0140008489908,0.007019557137978971,-0.02442895177431208,-0.0056311667665010804
30.08,1.612903225806452,0.32258064516129004,0.0,0.0,578.0126631585371,0.00773540611695947,-0.02165216529180015,-0.00558415304077828
30.09,1.612903225806452,0.32258064516129004,0.0,0.0,578.0112997479885,0.008410642963089104,-0.019418290696125783,-0.00558555958612573
30.1,1.612903225806452,0.32258064516129004,0.0,0.0,578.0099174918163,0.009028743245451581,-0.017658145620992844,-0.005616248489701403
30.11,1.612903225806452,0.32258064516129004,0.0,0.0,578.0085218481688,0.009579636806369363,-0.016295971063567383,-0.0056668479808153595
30.12,1.612903225806452,0.32258064516129004,0.0,0.0,578.0071169791453,0.010059266925424831,-0.0152572831535135,-0.005734866969304138
30.13,1.612903225806452,0.32258064516129004,0.0,0.0,578.0057059281884,0.010468063219515988,-0.014473861698064739,-0.005816656502207459
30.14,1.612903225806452,0.32258064516129004,0.0,0.0,578.004290833614,0.010809866786462952,-0.01388701491126473,-0.005906094950421584
30.15,1.612903225806452,0.32258064516129004,0.0,0.0,12.516195503628403,0.011090997492966825,-0.013448975746102185,-0.005997617259094176
30.16,1.612903225806452,0.32258064516129004,0.0,0.0,578.0014538414905,0.011319123884524385,-0.013122406000070298,-0.006087650546648722
30.17,1.612903225806452,0.32258064516129004,0.0,0.0,578.0000335360301,0.011502238093685307,-0.01287886390563871,-0.006174319064570332
30.18,1.612903225806452,0.32258064516129004,0.0,0.0,577.9986126340428,0.011647942667183941,-0.012697009807554917,-0.006256660537454458
30.19,1.612903225806452,0.32258064516129004,0.0,0.0,577.9971913866854,0.011763059177156171,-0.012560963863997087,-0.006334053552271363
30.2,1.612903225806452,0.32258064516129004,0.0,0.0,577.9957699481421,0.011853477602630086,-0.012458959576649675,-0.0064059946482333836
30.21,1.612903225806452,0.32258064516129004,0.0,0.0,577.9943484107599,0.011924151937704186,-0.01238229560988521,-0.006472089810533037
30.22,1.612903225806452,0.32258064516129004,0.0,0.0,577.9929268282026,0.011979170620379731,-0.012324539311050476,-0.006532103448744739
30.23,1.612903225806452,0.32258064516129004,0.0,0.0,577.9915052304435,0.012021858823656417,-0.01228092987976789,-0.006585986230348872
30.24,1.612903225806452,0.32258064516129004,0.0,0.0,577.9900836332884,0.012054889419337717,-0.012247935882695526,-0.006633867361137636
30.25,1.612903225806452,0.32258064516129004,0.0,0.0,577.988662044302,0.01208039045867218,-0.012222929871051839,-0.006676022844222657
30.26,1.612903225806452,0.32258064516129004,0.0,0.0,577.9872404664211,0.012100042990094872,-0.012203950325509073,-0.006712834336474652
30.27,1.612903225806452,0.32258064516129004,0.0,0.0,577.9858189001077,0.012115166491649787,-0.012189527817144125,-0.006744748752079897
30.28,1.612903225806452,0.32258064516129004,0.0,0.0,12.497719698438907,0.012126791291596994,-0.012178557949618186,-0.006772243817021585
30.29,1.612903225806452,0.32258064516129004,0.0,0.0,577.9829757986266,0.01213571858758225,-0.012170208223713338,-0.006795801342468393
30.3,1.612903225806452,0.32258064516129004,0.0,0.0,577.9815542607704,0.012142569328809166,-0.012163849483508082,-0.006815888051412358
30.31,1.612903225806452,0.32258064516129004,0.0,0.0,577.9801327296781,0.01214782349180571,-0.012159005216028088,-0.006832942908900689
30.32,1.612903225806452,0.32258064516129004,0.0,0.0,577.9787112041381,0.012151851305400668,-0.012155313872355914,-0.0068473696270665236
30.33,1.612903225806452,0.32258064516129004,0.0,0.0,577.9772896831101,0.012154937870476251,-0.01215250073613353,-0.0068595330577398365
30.34,1.612903225806452,0.32258064516129004,0.0,0.0,577.9758681657236,0.012157302446346246,-0.012150356832031594,-0.0068697583620331544
30.35,1.612903225806452,0.32258064516129004,0.0,0.0,577.974446651262,0.012159113482687806,-0.0121487230543602,-0.006878332059656175
30.36,1.612903225806452,0.32258064516129004,0.0,0.0,577.9730251391428,0.012160500289135567,-0.012147478186589237,-0.006885504270538226
30.37,1.612903225806452,0.32258064516129004,0.0,0.0,577.9716036288952,0.012161562066574094,-0.012146529834498928,-0.006891491640143617
30.38,1.612903225806452,0.32258064516129004,0.0,0.0,577.9701821201415,0.01216237487970065,-0.01214580754990684,-0.006896480586884286
30.39,1.612903225806452,0.32258064516129004,0.0,0.0,12.482082966416662,0.012162997029996958,-0.012145257606928524,-0.006900630619433888
30.4,1.612903225806452,0.32258064516129004,0.0,0.0,577.9673391059675,0.012163473189987034,-0.012144839028357873,-0.0069040775639725846
30.41,1.612903225806452,0.32258064516129004,0.0,0.0,577.9659176001134,0.012163837580715625,-0.012144520559890262,-0.006906936596887231
30.42,1.612903225806452,0.32258064516129004,0.0,0.0,577.9644960948638,0.012164116411694237,-0.012144278364297541,-0.006909305028646488
30.43,1.612903225806452,0.32258064516129004,0.0,0.0,577.9630745900967,0.012164329753203779,-0.012144094263234744,-0.006911264811625608
30.44,1.612903225806452,0.32258064516129004,0.0,0.0,577.9616530857149,0.01216449297223679,-0.01214395439605934,-0.006912884769790416
30.45,1.612903225806452,0.32258064516129004,0.0,0.0,577.9602315816411,0.012164617833311603,-0.012143848196468108,-0.006914222556500716
30.46,1.612903225806452,0.32258064516129004,0.0,0.0,577.9588100778135,0.012164713342093653,-0.012143767611500666,-0.006915326360509531
30.47,1.612903225806452,0.32258064516129004,0.0,0.0,577.957388574183,0.012164786391744759,-0.012143706505458377,-0.006916236378851077
30.48,1.612903225806452,0.32258064516129004,0.0,0.0,577.9559670707105,0.012164842258028635,-0.01214366020494784,-0.006916986082177843
30.49,1.612903225806452,0.32258064516129004,0.0,0.0,577.9545455673643,0.012164884978499296,-0.012143625151652421,-0.006917603295212219
30.5,1.612903225806452,0.32258064516129004,0.0,0.0,577.9531240641197,0.01216491764287328,-0.012143598637347184,-0.006918111115900885
30.51,1.612903225806452,0.32258064516129004,0.0,0.0,577.9517025609566,0.012164942615362773,-0.012143578601705302,-0.006918528692257197
30.52,1.612903225806452,0.32258064516129004,0.0,0.0,577.9502810578589,0.012164961704896754,-0.012143563478042577,-0.006918871879010883
30.53,1.612903225806452,0.32258064516129004,0.0,0.0,577.9488595548138,0.012164976295434254,-0.012143552075658665,-0.006919153789981334
30.54,1.612903225806452,0.32258064516129004,0.0,0.0,577.947438051811,0.012164987445717146,-0.012143543490114674,-0.006919385260440621
30.55,1.612903225806452,0.32258064516129004,0.0,0.0,577.9460165488423,0.012164995965625924,-0.012143537034831318,-0.00691957523535031
30.56,1.612903225806452,0.32258064516129004,0.0,0.0,577.944595045901,0.012165002474620962,-0.012143532188957817,-0.006919731092476153
30.57,1.612903225806452,0.32258064516129004,0.0,0.0,577.9431735429819,0.012165007446470616,-0.012143528557653046,-0.006919858912780451
30.58,1.612903225806452,0.32258064516129004,0.0,0.0,577.9417520400806,0.0121650112434811,-0.01214352584183592,-0.006919963704283536
30.59,1.612903225806452,0.32258064516129004,0.0,0.0,577.9403305371937,0.012165014142691027,-0.012143523815154916,-0.0069200495890937375
30.6,1.612903225806452,0.32258064516129004,0.0,0.0,577.9389090343185,0.012165016355915353,-0.012143522306462495,-0.006920119957765619
30.61,1.612903225806452,0.32258064516129004,0.0,0.0,577.9374875314526,0.012165018045081827,-0.012143521186484128,-0.006920177597825097
30.62,1.612903225806452,0.32258064516129004,0.0,0.0,577.9360660285943,0.012165019333965021,-0.012143520357683065,-0.0069202247998594564
30.63,1.612903225806452,0.32258064516129004,0.0,0.0,577.9346445257421,0.012165020317162906,-0.0121435197465594,-0.006920263444888461
30.64,1.612903225806452,0.32258064516129004,0.0,0.0,577.9332230228949,0.012165021066964238,-0.012143519297801313,-0.0069202950772655316
30.65,1.612903225806452,0.32258064516129004,0.0,0.0,577.9318015200517,0.012165021638601142,-0.012143518969846761,-0.0069203209641233426
30.66,1.612903225806452,0.32258064516129004,0.0,0.0,577.9303800172119,0.012165022074266701,-0.01214351873151703,-0.006920342145125268
30.67,1.612903225806452,0.32258064516129004,0.0,0.0,577.9289585143746,0.012165022406187498,-0.012143518559465844,-0.00692035947251613
30.68,1.612903225806452,0.32258064516129004,0.0,0.0,577.9275370115395,0.01216502265897304,-0.012143518436247527,-0.006920373645135387
30.69,1.612903225806452,0.32258064516129004,0.0,0.0,577.9261155087061,0.012165022851412355,-0.01214351834885569,-0.006920385235482725
30.7,1.612903225806452,0.32258064516129004,0.0,0.0,577.9246940058741,0.012165022997847691,-0.012143518287618404,-0.00692039471280555
30.71,1.612903225806452,0.32258064516129004,0.0,0.0,577.9232725030433,0.012165023109223932,-0.01214351824536455,-0.0069204024611331325
30.72,1.612903225806452,0.32258064516129004,0.0,0.0,577.9218510002135,0.012165023193891678,-0.012143518216794654,-0.006920408795127385
30.73,1.612903225806452,0.32258064516129004,0.0,0.0,577.9204294973842,0.012165023258220248,-0.012143518198007349,-0.006920413972291247
30.74,1.612903225806452,0.32258064516129004,0.0,0.0,577.9190079945557,0.012165023307066508,-0.012143518186142881,-0.006920418203610153
30.75,1.612903225806452,0.32258064516129004,0.0,0.0,577.9175864917277,0.01216502334413258,-0.012143518179116016,-0.006920421661321269
30.76,1.612903225806452,0.32258064516129004,0.0,0.0,577.9161649889,0.01216502337223982,-0.012143518175415032,-0.006920424486754294
30.77,1.612903225806452,0.32258064516129004,0.0,0.0,12.428065839909998,0.012165023393537283,-0.012143518173951966,-0.006920426795219673
30.78,1.612903225806452,0.32258064516129004,0.0,0.0,577.9133219832457,0.012165023409661385,-0.012143518173950523,-0.0069204286811172825
30.79,1.612903225806452,0.32258064516129004,0.0,0.0,577.9119004804189,0.012165023421857768,-0.012143518174862509,-0.006920430221760756
30.8,1.612903225806452,0.32258064516129004,0.0,0.0,577.9104789775922,0.012165023431074035,-0.012143518176306083,-0.006920431480155681
30.81,1.612903225806452,0.32258064516129004,0.0,0.0,12.422379828602963,0.01216502343803097,-0.012143518178019532,-0.006920432508132371
30.82,1.612903225806452,0.32258064516129004,0.0,0.0,577.9076359719394,0.01216502344327608,-0.012143518179827912,-0.0069204333476426926
30.83,1.612903225806452,0.32258064516129004,0.0,0.0,577.906214469113,0.012165023447225393,-0.012143518181617702,-0.006920434033164957
30.84,1.612903225806452,0.32258064516129004,0.0,0.0,577.9047929662868,0.01216502345019485,-0.012143518183318675,-0.006920434593101371
30.85,1.612903225806452,0.32258064516129004,0.0,0.0,577.9033714634606,0.012165023452423984,-0.012143518184890876,-0.006920435050362166
30.86,1.612903225806452,0.32258064516129004,0.0,0.0,577.9019499606345,0.01216502345409437,-0.012143518186314917,-0.006920435423646241
30.87,1.612903225806452,0.32258064516129004,0.0,0.0,577.9005284578084,0.012165023455343621,-0.01214351818758497,-0.006920435728437425
30.88,1.612903225806452,0.32258064516129004,0.0,0.0,577.8991069549824,0.01216502345627593,-0.012143518188704,-0.006920435977405901
30.89,1.612903225806452,0.32258064516129004,0.0,0.0,577.8976854521563,0.012165023456969931,-0.012143518189680538,-0.00692043618058142
30.9,1.612903225806452,0.32258064516129004,0.0,0.0,577.8962639493303,0.012165023457485102,-0.01214351819052591,-0.006920436346456022
30.91,1.612903225806452,0.32258064516129004,0.0,0.0,12.408164800341517,0.012165023457866325,-0.012143518191252877,-0.0069204364818736
30.92,1.612903225806452,0.32258064516129004,0.0,0.0,577.8934209436784,0.012165023458147545,-0.012143518191874463,-0.006920436592534404
30.93,1.612903225806452,0.32258064516129004,0.0,0.0,577.8919994408525,0.012165023458353963,-0.01214351819240352,-0.006920436682777412
30.94,1.612903225806452,0.32258064516129004,0.0,0.0,577.8905779380266,0.012165023458504814,-0.01214351819285191,-0.006920436756442978
30.95,1.612903225806452,0.32258064516129004,0.0,0.0,577.8891564352007,0.012165023458614421,-0.012143518193230566,-0.00692043681657457
30.96,1.612903225806452,0.32258064516129004,0.0,0.0,577.8877349323748,0.012165023458693552,-0.012143518193549346,-0.00692043686565738
30.97,1.612903225806452,0.32258064516129004,0.0,0.0,577.8863134295489,0.01216502345875023,-0.012143518193816937,-0.006920436905720603
30.98,1.612903225806452,0.32258064516129004,0.0,0.0,577.884891926723,0.012165023458790447,-0.012143518194041043,-0.006920436938420808
30.99,1.612903225806452,0.32258064516129004,0.0,0.0,577.883470423897,0.012165023458818591,-0.012143518194228296,-0.0069204369651107555
31.0,1.612903225806452,0.32258064516129004,0.0,0.0,12.395371274908364,0.012165023458838048,-0.012143518194384448,-0.00692043698689532
31.01,1.612903225806452,0.32258064516129004,0.0,0.0,577.8806274182452,0.012165023458851176,-0.012143518194514476,-0.006920437004673814
31.02,1.612903225806452,0.32258064516129004,0.0,0.0,577.8792059154193,0.012165023458859808,-0.012143518194622515,-0.006920437019184393
31.03,1.612903225806452,0.32258064516129004,0.0,0.0,577.8777844125934,0.012165023458865276,-0.012143518194712186,-0.006920437031027006
31.04,1.612903225806452,0.32258064516129004,0.0,0.0,577.8763629097675,0.012165023458868496,-0.012143518194786537,-0.006920437040692101
31.05,1.612903225806452,0.32258064516129004,0.0,0.0,577.8749414069416,0.012165023458870189,-0.012143518194848085,-0.006920437048579876
31.06,1.612903225806452,0.32258064516129004,0.0,0.0,577.8735199041157,0.012165023458870883,-0.012143518194898974,-0.006920437055017093
31.07,1.612903225806452,0.32258064516129004,0.0,0.0,577.8720984012898,0.012165023458870883,-0.012143518194941024,-0.006920437060270489
31.08,1.612903225806452,0.32258064516129004,0.0,0.0,577.8706768984639,0.012165023458870466,-0.012143518194975719,-0.0069204370645576194
31.09,1.612903225806452,0.32258064516129004,0.0,0.0,577.869255395638,0.0121650234588698,-0.012143518195004355,-0.006920437068056312
31.1,1.612903225806452,0.32258064516129004,0.0,0.0,577.8678338928121,0.012165023458868995,-0.012143518195027948,-0.0069204370709113885
31.11,1.612903225806452,0.32258064516129004,0.0,0.0,577.8664123899862,0.012165023458868163,-0.012143518195047377,-0.006920437073241255
31.12,1.612903225806452,0.32258064516129004,0.0,0.0,577.8649908871603,0.012165023458867358,-0.012143518195063357,-0.006920437075142635
31.13,1.612903225806452,0.32258064516129004,0.0,0.0,577.8635693843344,0.012165023458866553,-0.01214351819507652,-0.006920437076694209
31.14,1.612903225806452,0.32258064516129004,0.0,0.0,577.8621478815085,0.012165023458865803,-0.012143518195087338,-0.006920437077960287
31.15,1.612903225806452,0.32258064516129004,0.0,0.0,577.8607263786826,0.012165023458865165,-0.012143518195096212,-0.00692043707899352
31.16,1.612903225806452,0.32258064516129004,0.0,0.0,577.8593048758567,0.012165023458864582,-0.012143518195103505,-0.0069204370798365555
31.17,1.612903225806452,0.32258064516129004,0.0,0.0,577.8578833730307,0.012165023458864055,-0.012143518195109507,-0.006920437080524528
31.18,1.612903225806452,0.32258064516129004,0.0,0.0,12.369784224042057,0.012165023458863639,-0.012143518195114413,-0.006920437081085919
31.19,1.612903225806452,0.32258064516129004,0.0,0.0,577.8550403673789,0.01216502345886325,-0.01214351819511843,-0.006920437081544066
31.2,1.612903225806452,0.32258064516129004,0.0,0.0,577.853618864553,0.012165023458862917,-0.01214351819512174,-0.006920437081917839
31.21,1.612903225806452,0.32258064516129004,0.0,0.0,577.8521973617271,0.01216502345886264,-0.012143518195124454,-0.0069204370822228784
31.22,1.612903225806452,0.32258064516129004,0.0,0.0,577.8507758589012,0.01216502345886239,-0.012143518195126653,-0.006920437082471839
31.23,1.612903225806452,0.32258064516129004,0.0,0.0,577.8493543560753,0.012165023458862195,-0.012143518195128478,-0.006920437082674905
31.24,1.612903225806452,0.32258064516129004,0.0,0.0,577.8479328532494,0.012165023458862001,-0.012143518195129977,-0.006920437082840633
31.25,1.612903225806452,0.32258064516129004,0.0,0.0,577.8465113504235,0.012165023458861834,-0.012143518195131212,-0.0069204370829758
31.26,1.612903225806452,0.32258064516129004,0.0,0.0,577.8450898475976,0.012165023458861751,-0.01214351819513219,-0.00692043708308616
31.27,1.612903225806452,0.32258064516129004,0.0,0.0,577.8436683447717,0.01216502345886164,-0.012143518195133023,-0.006920437083176214
31.28,1.612903225806452,0.32258064516129004,0.0,0.0,577.8422468419458,0.01216502345886153,-0.012143518195133696,-0.006920437083249687
31.29,1.612903225806452,0.32258064516129004,0.0,0.0,577.8408253391199,0.012165023458861446,-0.012143518195134238,-0.006920437083309624
31.3,1.612903225806452,0.32258064516129004,0.0,0.0,577.839403836294,0.01216502345886139,-0.012143518195134682,-0.006920437083358529
31.31,1.612903225806452,0.32258064516129004,0.0,0.0,577.8379823334681,0.012165023458861363,-0.01214351819513505,-0.006920437083398472
31.32,1.612903225806452,0.32258064516129004,0.0,0.0,12.349883184479374,0.012165023458861307,-0.012143518195135355,-0.006920437083431034
31.33,1.612903225806452,0.32258064516129004,0.0,0.0,577.8351393278163,0.012165023458861252,-0.012143518195135605,-0.006920437083457639
31.34,1.612903225806452,0.32258064516129004,0.0,0.0,577.8337178249903,0.012165023458861252,-0.012143518195135799,-0.006920437083479341
31.35,1.612903225806452,0.32258064516129004,0.0,0.0,577.8322963221644,0.012165023458861196,-0.012143518195135965,-0.006920437083496991
31.36,1.612903225806452,0.32258064516129004,0.0,0.0,577.8308748193385,0.012165023458861196,-0.012143518195136076,-0.006920437083511498
31.37,1.612903225806452,0.32258064516129004,0.0,0.0,577.8294533165126,0.012165023458861196,-0.012143518195136187,-0.006920437083523196
31.38,1.612903225806452,0.32258064516129004,0.0,0.0,577.8280318136867,0.012165023458861196,-0.012143518195136285,-0.006920437083532847
31.39,1.612903225806452,0.32258064516129004,0.0,0.0,577.8266103108608,0.01216502345886114,-0.012143518195136375,-0.006920437083540678
31.4,1.612903225806452,0.32258064516129004,0.0,0.0,577.8251888080349,0.01216502345886114,-0.01214351819513643,-0.0069204370835470345
31.41,1.612903225806452,0.32258064516129004,0.0,0.0,577.823767305209,0.01216502345886114,-0.012143518195136472,-0.006920437083552312
31.42,1.612903225806452,0.32258064516129004,0.0,0.0,577.8223458023831,0.01216502345886114,-0.01214351819513652,-0.006920437083556585
31.43,1.612903225806452,0.32258064516129004,0.0,0.0,12.334246653394409,0.01216502345886114,-0.012143518195136548,-0.006920437083560732
31.44,1.612903225806452,0.32258064516129004,0.0,0.0,577.8195027967313,0.012165023458861113,-0.012143518195136569,-0.006920437083562831
31.45,1.612903225806452,0.32258064516129004,0.0,0.0,577.8180812939054,0.012165023458861113,-0.012143518195136597,-0.006920437083565192
31.46,1.612903225806452,0.32258064516129004,0.0,0.0,577.8166597910795,0.012165023458861113,-0.012143518195136618,-0.0069204370835670975
31.47,1.612903225806452,0.32258064516129004,0.0,0.0,577.8152382882536,0.012165023458861113,-0.012143518195136638,-0.006920437083568552
31.48,1.612903225806452,0.32258064516129004,0.0,0.0,577.8138167854277,0.012165023458861113,-0.012143518195136645,-0.006920437083569824
31.49,1.612903225806452,0.32258064516129004,0.0,0.0,12.325717636438974,0.01216502345886114,-0.012143518195136632,-0.00692043708357088
31.5,1.612903225806452,0.32258064516129004,0.0,0.0,577.8109737797758,0.012165023458861113,-0.012143518195136645,-0.006920437083571773
31.51,1.612903225806452,0.32258064516129004,0.0,0.0,577.80955227695,0.012165023458861113,-0.012143518195136652,-0.006920437083572402
31.52,1.612903225806452,0.32258064516129004,0.0,0.0,577.808130774124,0.012165023458861113,-0.012143518195136666,-0.0069204370835729894
31.53,1.612903225806452,0.32258064516129004,0.0,0.0,577.8067092712981,0.012165023458861113,-0.012143518195136652,-0.006920437083573394
31.54,1.612903225806452,0.32258064516129004,0.0,0.0,577.8052877684722,0.012165023458861113,-0.012143518195136666,-0.0069204370835737865
31.55,1.612903225806452,0.32258064516129004,0.0,0.0,577.8038662656463,0.012165023458861113,-0.012143518195136652,-0.006920437083574096
31.56,1.612903225806452,0.32258064516129004,0.0,0.0,577.8024447628204,0.012165023458861113,-0.012143518195136652,-0.0069204370835743555
31.57,1.612903225806452,0.32258064516129004,0.0,0.0,577.8010232599945,0.012165023458861113,-0.012143518195136652,-0.006920437083574597
31.58,1.612903225806452,0.32258064516129004,0.0,0.0,577.7996017571686,0.012165023458861113,-0.012143518195136666,-0.0069204370835746955
31.59,1.612903225806452,0.32258064516129004,0.0,0.0,577.7981802543427,0.012165023458861113,-0.012143518195136652,-0.0069204370835749115
31.6,1.612903225806452,0.32258064516129004,0.0,0.0,577.7967587515168,0.012165023458861113,-0.012143518195136666,-0.006920437083574964
31.61,1.612903225806452,0.32258064516129004,0.0,0.0,577.7953372486909,0.01216502345886114,-0.012143518195136666,-0.006920437083575031
31.62,1.612903225806452,0.32258064516129004,0.0,0.0,577.793915745865,0.012165023458861113,-0.01214351819513668,-0.006920437083575106
31.63,1.612903225806452,0.32258064516129004,0.0,0.0,577.7924942430391,0.012165023458861113,-0.01214351819513668,-0.006920437083575184
31.64,1.612903225806452,0.32258064516129004,0.0,0.0,577.7910727402132,0.01216502345886114,-0.012143518195136666,-0.006920437083575268
31.65,1.612903225806452,0.32258064516129004,0.0,0.0,577.7896512373873,0.01216502345886114,-0.012143518195136666,-0.006920437083575324
31.66,1.612903225806452,0.32258064516129004,0.0,0.0,577.7882297345614,0.01216502345886114,-0.012143518195136666,-0.006920437083575358
31.67,1.612903225806452,0.32258064516129004,0.0,0.0,577.7868082317354,0.01216502345886114,-0.012143518195136666,-0.006920437083575336
31.68,1.612903225806452,0.32258064516129004,0.0,0.0,577.7853867289095,0.01216502345886114,-0.012143518195136666,-0.006920437083575418
31.69,1.612903225806452,0.32258064516129004,0.0,0.0,577.7839652260836,0.01216502345886114,-0.012143518195136666,-0.006920437083575422
31.7,1.612903225806452,0.32258064516129004,0.0,0.0,577.7825437232577,0.012165023458861113,-0.01214351819513668,-0.006920437083575421
31.71,1.612903225806452,0.32258064516129004,0.0,0.0,577.7811222204318,0.01216502345886114,-0.012143518195136666,-0.0069204370835753695
31.72,1.612903225806452,0.32258064516129004,0.0,0.0,577.7797007176059,0.01216502345886114,-0.012143518195136666,-0.0069204370835754606
31.73,1.612903225806452,0.32258064516129004,0.0,0.0,577.77827921478,0.012165023458861113,-0.01214351819513668,-0.006920437083575425
31.74,1.612903225806452,0.32258064516129004,0.0,0.0,577.7768577119541,0.01216502345886114,-0.012143518195136666,-0.00692043708357549
31.75,1.612903225806452,0.32258064516129004,0.0,0.0,577.7754362091282,0.012165023458861113,-0.012143518195136694,-0.006920437083575404
31.76,1.612903225806452,0.32258064516129004,0.0,0.0,577.7740147063023,0.01216502345886114,-0.012143518195136666,-0.006920437083575425
31.77,1.612903225806452,0.32258064516129004,0.0,0.0,577.7725932034764,0.012165023458861113,-0.01214351819513668,-0.006920437083575497
31.78,1.612903225806452,0.32258064516129004,0.0,0.0,577.7711717006505,0.012165023458861113,-0.01214351819513668,-0.006920437083575427
31.79,1.612903225806452,0.32258064516129004,0.0,0.0,577.7697501978246,0.01216502345886114,-0.012143518195136666,-0.006920437083575433
31.8,1.612903225806452,0.32258064516129004,0.0,0.0,577.7683286949987,0.01216502345886114,-0.012143518195136666,-0.006920437083575481
31.81,1.612903225806452,0.32258064516129004,0.0,0.0,577.7669071921728,0.01216502345886114,-0.012143518195136666,-0.006920437083575439
31.82,1.612903225806452,0.32258064516129004,0.0,0.0,577.7654856893469,0.01216502345886114,-0.012143518195136666,-0.006920437083575453
31.83,1.612903225806452,0.32258064516129004,0.0,0.0,577.764064186521,0.01216502345886114,-0.012143518195136666,-0.00692043708357551
31.84,1.612903225806452,0.32258064516129004,0.0,0.0,577.762642683695,0.01216502345886114,-0.012143518195136666,-0.006920437083575435
31.85,1.612903225806452,0.32258064516129004,0.0,0.0,577.7612211808691,0.012165023458861113,-0.01214351819513668,-0.00692043708357544
31.86,1.612903225806452,0.32258064516129004,0.0,0.0,577.7597996780432,0.012165023458861113,-0.01214351819513668,-0.006920437083575425
31.87,1.612903225806452,0.32258064516129004,0.0,0.0,577.7583781752173,0.01216502345886114,-0.012143518195136666,-0.0069204370835754606
31.88,1.612903225806452,0.32258064516129004,0.0,0.0,577.7569566723914,0.01216502345886114,-0.012143518195136652,-0.006920437083575444
31.89,1.612903225806452,0.32258064516129004,0.0,0.0,577.7555351695655,0.01216502345886114,-0.012143518195136666,-0.006920437083575383
31.9,1.612903225806452,0.32258064516129004,0.0,0.0,577.7541136667396,0.01216502345886114,-0.012143518195136666,-0.006920437083575506
31.91,1.612903225806452,0.32258064516129004,0.0,0.0,577.7526921639137,0.012165023458861113,-0.01214351819513668,-0.006920437083575481
31.92,1.612903225806452,0.32258064516129004,0.0,0.0,577.7512706610878,0.012165023458861113,-0.01214351819513668,-0.006920437083575466
31.93,1.612903225806452,0.32258064516129004,0.0,0.0,577.7498491582619,0.012165023458861113,-0.01214351819513668,-0.006920437083575435
31.94,1.612903225806452,0.32258064516129004,0.0,0.0,577.748427655436,0.01216502345886114,-0.012143518195136666,-0.006920437083575375
31.95,1.612903225806452,0.32258064516129004,0.0,0.0,577.7470061526101,0.01216502345886114,-0.012143518195136652,-0.006920437083575529
31.96,1.612903225806452,0.32258064516129004,0.0,0.0,577.7455846497842,0.012165023458861113,-0.01214351819513668,-0.0069204370835754155
31.97,1.612903225806452,0.32258064516129004,0.0,0.0,577.7441631469583,0.012165023458861113,-0.01214351819513668,-0.006920437083575484
31.98,1.612903225806452,0.32258064516129004,0.0,0.0,577.7427416441324,0.01216502345886114,-0.012143518195136666,-0.006920437083575468
31.99,1.612903225806452,0.32258064516129004,0.0,0.0,577.7413201413065,0.012165023458861113,-0.01214351819513668,-0.00692043708357544
32.0,1.612903225806452,0.32258064516129004,0.0,0.0,12.253220992317772,0.01216502345886114,-0.012143518195136666,-0.006920437083576122
32.01,1.612903225806452,-0.32258064516129004,0.0,0.0,577.7383407715059,0.010069991612960683,-0.06120068908303676,-0.006209532683547434
32.02,1.612903225806452,-0.32258064516129004,0.0,0.0,577.7366789627376,0.0092151940869388,-0.055756613907219074,-0.005411323536072383
32.03,1.612903225806452,-0.32258064516129004,0.0,0.0,577.7349351237967,0.009036582262571036,-0.050964197275891424,-0.0038952443632368616
32.04,1.612903225806452,-0.32258064516129004,0.0,0.0,577.7331248632102,0.00931771511364718,-0.046657912694350684,-0.0029242026031947982
32.05,1.612903225806452,-0.32258064516129004,0.0,0.0,577.7312591791491,0.009829067370126315,-0.042787897888201795,-0.0023546251816447916
32.06,1.612903225806452,-0.32258064516129004,0.0,0.0,577.729346645283,0.010443831195627251,-0.03933403587709876,-0.0019987633012531355
32.07,1.612903225806452,-0.32258064516129004,0.0,0.0,577.7273945139381,0.01110033853578099,-0.03627792131069217,-0.0017742112827845455
32.08,1.612903225806452,-0.32258064516129004,0.0,0.0,577.725409124103,0.011765158947527304,-0.03359763639977313,-0.0016391432504365199
32.09,1.612903225806452,-0.32258064516129004,0.0,0.0,577.723396046798,0.012417954482733917,-0.031266980190811436,-0.0015670913908249502
32.1,1.612903225806452,-0.32258064516129004,0.0,0.0,577.7213601446424,0.01304540455701847,-0.029256344170143788,-0.0015382602421270745
32.11,1.612903225806452,-0.32258064516129004,0.0,0.0,577.719305613275,0.013638649332156458,-0.027534169157209024,-0.0015373946253035623
32.12,1.612903225806452,-0.32258064516129004,0.0,0.0,577.7172360288192,0.014192105698522972,-0.026068495641345755,-0.0015544581033023676
32.13,1.612903225806452,-0.32258064516129004,0.0,0.0,577.7151544079518,0.014702828144469632,-0.02482836664078884,-0.0015866281019329268
32.14,1.612903225806452,-0.32258064516129004,0.0,0.0,12.226385627565143,0.015169931990706959,-0.02378475340009632,-0.0016383008051729486
32.15,1.612903225806452,-0.32258064516129004,0.0,0.0,577.710964708449,0.015593736757678917,-0.022910626692198493,-0.001713960820529111
32.16,1.612903225806452,-0.32258064516129004,0.0,0.0,577.7088603962318,0.01597517219035227,-0.022180926806218564,-0.0018116384862567148
32.17,1.612903225806452,-0.32258064516129004,0.0,0.0,577.7067516732308,0.016315771794636447,-0.021573033698713082,-0.001924687864692692
32.18,1.612903225806452,-0.32258064516129004,0.0,0.0,577.7046395843502,0.01661769933207144,-0.0210671338606338,-0.0020455226856443166
32.19,1.612903225806452,-0.32258064516129004,0.0,0.0,577.7025249382278,0.016883622053382286,-0.020646242288269955,-0.0021676287254433543
32.2,1.612903225806452,-0.32258064516129004,0.0,0.0,577.700408355847,0.017116522360126563,-0.020296004713523687,-0.0022862006207422024
32.21,1.612903225806452,-0.32258064516129004,0.0,0.0,577.6982903113468,0.017319518753891053,-0.020004403886858525,-0.0023981136194289867
32.22,1.612903225806452,-0.32258064516129004,0.0,0.0,577.6961711652032,0.01749572223183704,-0.019761440822624276,-0.002501635405099413
32.23,1.612903225806452,-0.32258064516129004,0.0,0.0,577.6940511906239,0.017648132258113236,-0.01955882759195574,-0.002596074250415513
32.24,1.612903225806452,-0.32258064516129004,0.0,0.0,577.691930594213,0.017779567922371425,-0.019389708931753246,-0.00268145097415629
32.25,1.612903225806452,-0.32258064516129004,0.0,0.0,577.6898095319563,0.01789262740429376,-0.01924841919402986,-0.002758228076971387
32.26,1.612903225806452,-0.32258064516129004,0.0,0.0,577.6876881214748,0.017989668867031253,-0.019130275312228957,-0.002827103688647469
32.27,1.612903225806452,-0.32258064516129004,0.0,0.0,577.6855664513573,0.018072806803896863,-0.019031403428431275,-0.002888866315220301
32.28,1.612903225806452,-0.32258064516129004,0.0,0.0,577.6834445882387,0.018143918963407335,-0.018948595400824466,-0.00294430122227573
32.29,1.612903225806452,-0.32258064516129004,0.0,0.0,577.6813225821593,0.018204660021729088,-0.018879190919422768,-0.002994137228461389
32.3,1.612903225806452,-0.32258064516129004,0.0,0.0,577.6792004706208,0.018256479095481976,-0.018820981024665017,-0.003039022508184338
32.31,1.612903225806452,-0.32258064516129004,0.0,0.0,577.6770782816578,0.01830063898340384,-0.018772129213060904,-0.003079519221516533
32.32,1.612903225806452,-0.32258064516129004,0.0,0.0,577.6749560361659,0.018338235686793117,-0.01873110685502501,-0.0031161088690758376
32.33,1.612903225806452,-0.32258064516129004,0.0,0.0,577.6728337496667,0.01837021728026106,-0.01869664021787792,-0.003149202613571619
32.34,1.612903225806452,-0.32258064516129004,0.0,0.0,577.6707114336459,0.018397401590537765,-0.01866766690540744,-0.0031791529233201046
32.35,1.612903225806452,-0.32258064516129004,0.0,0.0,577.668589096567,0.01842049240914781,-0.01864329996120671,-0.003206264526924037
32.36,1.612903225806452,-0.32258064516129004,0.0,0.0,577.6664667446365,0.018440094139722613,-0.0186227982326224,-0.003230803776480436
32.37,1.612903225806452,-0.32258064516129004,0.0,0.0,577.6643443823824,0.018456724888326115,-0.018605541866732116,-0.0032530061870066
32.38,1.612903225806452,-0.32258064516129004,0.0,0.0,12.175544366924889,0.018470828067298148,-0.01859101202473522,-0.003273082270556038
32.39,1.612903225806452,-0.32258064516129004,0.0,0.0,577.6600996391162,0.01848278261608295,-0.01857877407067317,-0.003291221934474052
32.4,1.612903225806452,-0.32258064516129004,0.0,0.0,577.6579772621562,0.01849291195745803,-0.018568463625643652,-0.00330759774670706
32.41,1.612903225806452,-0.32258064516129004,0.0,0.0,577.6558548834012,0.01850149181169869,-0.018559774987788918,-0.0033223673471712936
32.42,1.612903225806452,-0.32258064516129004,0.0,0.0,577.6537325036841,0.018508756988969505,-0.018552451507138062,-0.0033356752408486637
32.43,1.612903225806452,-0.32258064516129004,0.0,0.0,12.16493247741402,0.018514907274348874,-0.018546277577061236,-0.0033476541530504836
32.44,1.612903225806452,-0.32258064516129004,0.0,0.0,577.6494877434633,0.018520112512030645,-0.018541071963758395,-0.003358426085560267
32.45,1.612903225806452,-0.32258064516129004,0.0,0.0,577.6473653635933,0.01852451698643101,-0.01853668224425242,-0.003368103170330943
32.46,1.612903225806452,-0.32258064516129004,0.0,0.0,577.6452429841213,0.018528243188805943,-0.018532980163684352,-0.0033767883892241606
32.47,1.612903225806452,-0.32258064516129004,0.0,0.0,577.6431206051353,0.01853139504895973,-0.018529857755858702,-0.003384576207133908
32.48,1.612903225806452,-0.32258064516129004,0.0,0.0,577.6409982266773,0.018534060702962388,-0.018527224098231255,-0.003391553146264561
32.49,1.612903225806452,-0.32258064516129004,0.0,0.0,577.6388758487582,0.018536314859652223,-0.01852500259491623,-0.0033977983217708453
32.5,1.612903225806452,-0.32258064516129004,0.0,0.0,577.6367534713681,0.01853822082116985,-0.018523128699685625,-0.003403383948046971
32.51,1.612903225806452,-0.32258064516129004,0.0,0.0,12.147953448321793,0.01853983220590004,-0.01852154800605781,-0.003408375823197531
32.52,1.612903225806452,-0.32258064516129004,0.0,0.0,577.632508718077,0.018541194415992904,-0.018520214644015504,-0.0034128337921149714
32.53,1.612903225806452,-0.32258064516129004,0.0,0.0,577.6303863421111,0.018542345886083986,-0.01851908993314257,-0.003416812191322487
32.54,1.612903225806452,-0.32258064516129004,0.0,0.0,577.6282639665508,0.018543319144903328,-0.018518141250421328,-0.0034203602728091363
32.55,1.612903225806452,-0.32258064516129004,0.0,0.0,577.62614159136,0.018544141717114992,-0.018517341077911618,-0.0034235226091988563
32.56,1.612903225806452,-0.32258064516129004,0.0,0.0,577.6240192165042,0.01854483688891384,-0.018516666201307427,-0.0034263394766795917
32.57,1.612903225806452,-0.32258064516129004,0.0,0.0,577.6218968419504,0.018545424357577223,-0.018516097035149694,-0.0034288472167755017
32.58,1.612903225806452,-0.32258064516129004,0.0,0.0,577.6197744676679,0.018545920782276126,-0.018515617054443743,-0.003431078576203934
32.59,1.612903225806452,-0.32258064516129004,0.0,0.0,577.6176520936284,0.018546340250944565,-0.01851521231572895,-0.0034330630253293663
32.6,1.612903225806452,-0.32258064516129004,0.0,0.0,577.6155297198062,0.018546694675843495,-0.018514871053396196,-0.0034348270535950304
32.61,1.612903225806452,-0.32258064516129004,0.0,0.0,577.6134073461777,0.018546994128595243,-0.01851458333933705,-0.003436394444413202
32.62,1.612903225806452,-0.32258064516129004,0.0,0.0,577.6112849727217,0.018547247123865684,-0.018514340795922606,-0.0034377865292290325
32.63,1.612903225806452,-0.32258064516129004,0.0,0.0,577.609162599419,0.018547460859502624,-0.01851413635390776,-0.0034390224213252663
32.64,1.612903225806452,-0.32258064516129004,0.0,0.0,577.6070402262526,0.018547641419768307,-0.018513964048194855,-0.0034401192305077155
32.65,1.612903225806452,-0.32258064516129004,0.0,0.0,577.604917853207,0.018547793947304075,-0.018513818845512533,-0.003441092259899817
32.66,1.612903225806452,-0.32258064516129004,0.0,0.0,577.6027954802686,0.018547922788612684,-0.01851369649900574,-0.003441955185563452
32.67,1.612903225806452,-0.32258064516129004,0.0,0.0,577.6006731074251,0.01854803161711832,-0.01851359342552333,-0.003442720219915697
32.68,1.612903225806452,-0.32258064516129004,0.0,0.0,577.5985507346658,0.01854812353724654,-0.018513506602052466,-0.0034433982609439677
32.69,1.612903225806452,-0.32258064516129004,0.0,0.0,577.5964283619809,0.01854820117244116,-0.018513433478307955,-0.003443999026705674
32.7,1.612903225806452,-0.32258064516129004,0.0,0.0,577.5943059893618,0.01854826673959023,-0.018513371902953355,-0.0034445311777567635
32.71,1.612903225806452,-0.32258064516129004,0.0,0.0,577.5921836168011,0.01854832211195362,-0.018513320061326586,-0.0034450024278405837
32.72,1.612903225806452,-0.32258064516129004,0.0,0.0,577.5900612442919,0.018548368872364787,-0.018513276422875664,-0.003445419643010337
32.73,1.612903225806452,-0.32258064516129004,0.0,0.0,577.5879388718282,0.01854840835820687,-0.018513239696789748,-0.0034457889321496352
32.74,1.612903225806452,-0.32258064516129004,0.0,0.0,577.5858164994048,0.01854844169943229,-0.018513208794548906,-0.00344611572725252
32.75,1.612903225806452,-0.32258064516129004,0.0,0.0,577.5836941270169,0.01854846985070019,-0.018513182798313706,-0.00344640485643301
32.76,1.612903225806452,-0.32258064516129004,0.0,0.0,577.5815717546604,0.018548493618540607,-0.018513160934244818,-0.0034466606093895894
32.77,1.612903225806452,-0.32258064516129004,0.0,0.0,577.5794493823317,0.018548513684313275,-0.018513142549984724,-0.0034468867951130983
32.78,1.612903225806452,-0.32258064516129004,0.0,0.0,577.5773270100275,0.018548530623612225,-0.01851312709565243,-0.0034470867950949324
32.79,1.612903225806452,-0.32258064516129004,0.0,0.0,577.575204637745,0.018548544922664972,-0.01851311410780457,-0.0034472636101239725
32.8,1.612903225806452,-0.32258064516129004,0.0,0.0,577.5730822654815,0.01854855699219149,-0.018513103195900136,-0.0034474199016670147
32.81,1.612903225806452,-0.32258064516129004,0.0,0.0,577.5709598932349,0.01854856717911635,-0.018513094030878866,-0.003447558030033947
32.82,1.612903225806452,-0.32258064516129004,0.0,0.0,577.5688375210032,0.018548575776465792,-0.0185130863355237,-0.0034476800876152244
32.83,1.612903225806452,-0.32258064516129004,0.0,0.0,577.5667151487845,0.018548583031730972,-0.01851307987632957,-0.0034477879285125814
32.84,1.612903225806452,-0.32258064516129004,0.0,0.0,577.5645927765775,0.018548589153934897,-0.01851307445664296,-0.003447883195614011
32.85,1.612903225806452,-0.32258064516129004,0.0,0.0,577.5624704043806,0.018548594319603706,-0.018513069910874907,-0.00344796734385911
32.86,1.612903225806452,-0.32258064516129004,0.0,0.0,577.5603480321929,0.018548598677812,-0.018513066099618978,-0.003448041661702427
32.87,1.612903225806452,-0.32258064516129004,0.0,0.0,577.5582256600131,0.018548602354445803,-0.018513062905534127,-0.0034481072895725553
32.88,1.612903225806452,-0.32258064516129004,0.0,0.0,577.5561032878404,0.018548605455804196,-0.018513060229871817,-0.0034481652370477412
32.89,1.612903225806452,-0.32258064516129004,0.0,0.0,577.5539809156738,0.018548608071642242,-0.01851305798954783,-0.00344821639727224
32.9,1.612903225806452,-0.32258064516129004,0.0,0.0,577.5518585435127,0.01854861027774171,-0.018513056114672976,-0.0034482615606216864
32.91,1.612903225806452,-0.32258064516129004,0.0,0.0,577.5497361713565,0.018548612138082843,-0.01851305454647142,-0.0034483014261015347
32.92,1.612903225806452,-0.32258064516129004,0.0,0.0,577.5476137992044,0.018548613706679096,-0.018513053235525722,-0.003448336611654495
32.93,1.612903225806452,-0.32258064516129004,0.0,0.0,577.5454914270562,0.018548615029126844,-0.0185130521402976,-0.003448367663980129
32.94,1.612903225806452,-0.32258064516129004,0.0,0.0,577.5433690549112,0.018548616143914676,-0.018513051225881257,-0.0034483950661737036
32.95,1.612903225806452,-0.32258064516129004,0.0,0.0,577.5412466827692,0.0185486170835292,-0.018513050462952898,-0.0034484192453482386
32.96,1.612903225806452,-0.32258064516129004,0.0,0.0,577.5391243106296,0.018548617875389,-0.018513049826885657,-0.0034484405787465256
32.97,1.612903225806452,-0.32258064516129004,0.0,0.0,577.5370019384924,0.018548618542633732,-0.018513049297003852,-0.0034484594000330836
32.98,1.612903225806452,-0.32258064516129004,0.0,0.0,577.5348795663572,0.018548619104790262,-0.018513048855955023,-0.003448476003794317
32.99,1.612903225806452,-0.32258064516129004,0.0,0.0,577.5327571942237,0.01854861957833545,-0.01851304848918112,-0.0034484906501437837
33.0,1.612903225806452,-0.32258064516129004,0.0,0.0,577.5306348220918,0.0185486199771715,-0.018513048184473035,-0.003448503569155033
33.01,1.612903225806452,-0.32258064516129004,0.0,0.0,577.5285124499612,0.018548620313027023,-0.018513047931595823,-0.003448514963701046
33.02,1.612903225806452,-0.32258064516129004,0.0,0.0,577.5263900778319,0.018548620595796275,-0.018513047721973114,-0.0034485250131403205
33.03,1.612903225806452,-0.32258064516129004,0.0,0.0,577.5242677057037,0.01854862083382494,-0.018513047548421643,-0.003448533875621484
33.04,1.612903225806452,-0.32258064516129004,0.0,0.0,577.5221453335763,0.018548621034152085,-0.018513047404927877,-0.0034485416909787814
33.05,1.612903225806452,-0.32258064516129004,0.0,0.0,577.5200229614499,0.018548621202713916,-0.018513047286459996,-0.003448548582664731
33.06,1.612903225806452,-0.32258064516129004,0.0,0.0,577.5179005893241,0.01854862134451607,-0.018513047188810094,-0.003448554659318859
33.07,1.612903225806452,-0.32258064516129004,0.0,0.0,12.029100571036217,0.01854862146377903,-0.018513047108461172,-0.00344856001725335
33.08,1.612903225806452,-0.32258064516129004,0.0,0.0,577.5136558450745,0.01854862156406087,-0.018513047042475608,-0.003448564741147
33.09,1.612903225806452,-0.32258064516129004,0.0,0.0,577.5115334729504,0.01854862164836081,-0.018513046988401245,-0.0034485689058272174
33.1,1.612903225806452,-0.32258064516129004,0.0,0.0,577.5094111008268,0.01854862171920671,-0.01851304694419267,-0.003448572577429191
33.11,1.612903225806452,-0.32258064516129004,0.0,0.0,577.5072887287035,0.01854862177872875,-0.018513046908145054,-0.003448575814090255
33.12,1.612903225806452,-0.32258064516129004,0.0,0.0,577.5051663565806,0.018548621828721856,-0.018513046878838455,-0.0034485786673138312
33.13,1.612903225806452,-0.32258064516129004,0.0,0.0,577.503043984458,0.018548621870698168,-0.018513046855091416,-0.003448581182433941
33.14,1.612903225806452,-0.32258064516129004,0.0,0.0,577.5009216123357,0.01854862190593143,-0.018513046835921757,-0.0034485833993263574
33.15,1.612903225806452,-0.32258064516129004,0.0,0.0,577.4987992402135,0.01854862193549431,-0.0185130468205137,-0.0034485853533760863
33.16,1.612903225806452,-0.32258064516129004,0.0,0.0,577.4966768680916,0.018548621960290085,-0.018513046808190495,-0.0034485870756927185
33.17,1.612903225806452,-0.32258064516129004,0.0,0.0,577.49455449597,0.01854862198107922,-0.01851304679839143,-0.003448588593712337
33.18,1.612903225806452,-0.32258064516129004,0.0,0.0,577.4924321238484,0.01854862199850177,-0.018513046790652462,-0.003448589931516763
33.19,1.612903225806452,-0.32258064516129004,0.0,0.0,577.490309751727,0.018548622013096427,-0.018513046784590047,-0.003448591110555436
33.2,1.612903225806452,-0.32258064516129004,0.0,0.0,577.4881873796056,0.018548622025316375,-0.01851304677988772,-0.0034485921496430864
33.21,1.612903225806452,-0.32258064516129004,0.0,0.0,577.4860650074844,0.01854862203554289,-0.018513046776284767,-0.0034485930653682605
33.22,1.612903225806452,-0.32258064516129004,0.0,0.0,577.4839426353633,0.018548622044096588,-0.018513046773566817,-0.003448593872357648
33.23,1.612903225806452,-0.32258064516129004,0.0,0.0,577.4818202632423,0.018548622051247007,-0.018513046771557923,-0.003448594583506568
33.24,1.612903225806452,-0.32258064516129004,0.0,0.0,577.4796978911214,0.01854862205722077,-0.01851304677011401,-0.0034485952101842602
33.25,1.612903225806452,-0.32258064516129004,0.0,0.0,577.4775755190005,0.018548622062208253,-0.01851304676911741,-0.003448595762299652
33.26,1.612903225806452,-0.32258064516129004,0.0,0.0,577.4754531468798,0.018548622066369425,-0.018513046768472177,-0.00344859624891533
33.27,1.612903225806452,-0.32258064516129004,0.0,0.0,11.986653128596224,0.018548622069838636,-0.018513046768100522,-0.0034485966775932107
33.28,1.612903225806452,-0.32258064516129004,0.0,0.0,577.4712084026384,0.018548622072728643,-0.018513046767939353,-0.0034485970554238056
33.29,1.612903225806452,-0.32258064516129004,0.0,0.0,577.4690860305177,0.018548622075134108,-0.018513046767937937,-0.0034485973882335424
33.3,1.612903225806452,-0.32258064516129004,0.0,0.0,577.466963658397,0.018548622077134452,-0.01851304676805544,-0.0034485976814688474
33.31,1.612903225806452,-0.32258064516129004,0.0,0.0,577.4648412862765,0.018548622078796276,-0.01851304676825934,-0.003448597939944958
33.32,1.612903225806452,-0.32258064516129004,0.0,0.0,577.462718914156,0.01854862208017538,-0.01851304676852383,-0.003448598167577888
33.33,1.612903225806452,-0.32258064516129004,0.0,0.0,577.4605965420354,0.018548622081318578,-0.018513046768828516,-0.0034485983681325754
33.34,1.612903225806452,-0.32258064516129004,0.0,0.0,577.4584741699149,0.01854862208226503,-0.018513046769157538,-0.0034485985448278263
33.35,1.612903225806452,-0.32258064516129004,0.0,0.0,577.4563517977944,0.018548622083047528,-0.01851304676949859,-0.0034485987004996194
33.36,1.612903225806452,-0.32258064516129004,0.0,0.0,577.4542294256738,0.01854862208369354,-0.01851304676984233,-0.003448598837647233
33.37,1.612903225806452,-0.32258064516129004,0.0,0.0,577.4521070535534,0.018548622084226057,-0.018513046770181684,-0.0034485989585872462
33.38,1.612903225806452,-0.32258064516129004,0.0,0.0,577.449984681433,0.01854862208466418,-0.0185130467705116,-0.003448599065032944
33.39,1.612903225806452,-0.32258064516129004,0.0,0.0,577.4478623093125,0.018548622085023975,-0.018513046770828327,-0.0034485991588086443
33.4,1.612903225806452,-0.32258064516129004,0.0,0.0,577.4457399371921,0.018548622085318794,-0.01851304677112944,-0.003448599241421049
33.41,1.612903225806452,-0.32258064516129004,0.0,0.0,577.4436175650717,0.018548622085559838,-0.018513046771413345,-0.0034485993141985727
33.42,1.612903225806452,-0.32258064516129004,0.0,0.0,577.4414951929513,0.01854862208575636,-0.01851304677167923,-0.0034485993783112106
33.43,1.612903225806452,-0.32258064516129004,0.0,0.0,577.4393728208308,0.018548622085916122,-0.018513046771926753,-0.003448599434789923
33.44,1.612903225806452,-0.32258064516129004,0.0,0.0,577.4372504487104,0.018548622086045574,-0.018513046772156077,-0.0034485994845431084
33.45,1.612903225806452,-0.32258064516129004,0.0,0.0,11.948450430427206,0.018548622086150074,-0.018513046772367623,-0.0034485995283715138
33.46,1.612903225806452,-0.32258064516129004,0.0,0.0,577.4330057044696,0.018548622086234062,-0.018513046772562002,-0.003448599566980024
33.47,1.612903225806452,-0.32258064516129004,0.0,0.0,577.4308833323491,0.018548622086301203,-0.01851304677274004,-0.003448599600990134
33.48,1.612903225806452,-0.32258064516129004,0.0,0.0,577.4287609602287,0.018548622086354605,-0.01851304677290261,-0.0034485996309490397
33.49,1.612903225806452,-0.32258064516129004,0.0,0.0,577.4266385881083,0.018548622086396765,-0.01851304677305068,-0.0034485996573396594
33.5,1.612903225806452,-0.32258064516129004,0.0,0.0,577.4245162159879,0.018548622086429795,-0.01851304677318522,-0.0034485996805861813
33.51,1.612903225806452,-0.32258064516129004,0.0,0.0,11.935716197704656,0.018548622086455413,-0.018513046773307184,-0.003448599701062408
33.52,1.612903225806452,-0.32258064516129004,0.0,0.0,577.420271471747,0.018548622086475036,-0.018513046773417568,-0.003448599719100824
33.53,1.612903225806452,-0.32258064516129004,0.0,0.0,577.4181490996266,0.01854862208648983,-0.018513046773517266,-0.003448599734989289
33.54,1.612903225806452,-0.32258064516129004,0.0,0.0,577.4160267275062,0.018548622086500738,-0.018513046773607187,-0.0034485997489845854
33.55,1.612903225806452,-0.32258064516129004,0.0,0.0,11.927226709222955,0.018548622086508607,-0.018513046773688164,-0.003448599761311248
33.56,1.612903225806452,-0.32258064516129004,0.0,0.0,577.4117819832653,0.018548622086514005,-0.018513046773761,-0.003448599772170902
33.57,1.612903225806452,-0.32258064516129004,0.0,0.0,577.4096596111449,0.018548622086517502,-0.01851304677382642,-0.003448599781735596
33.58,1.612903225806452,-0.32258064516129004,0.0,0.0,577.4075372390245,0.01854862208651953,-0.018513046773885104,-0.0034485997901602668
33.59,1.612903225806452,-0.32258064516129004,0.0,0.0,11.918737220741255,0.01854862208652039,-0.0185130467739377,-0.0034485997975809684
33.6,1.612903225806452,-0.32258064516129004,0.0,0.0,577.4032924947836,0.01854862208652036,-0.018513046773984795,-0.003448599804117411
33.61,1.612903225806452,-0.32258064516129004,0.0,0.0,577.4011701226633,0.01854862208651975,-0.0185130467740269,-0.0034485998099882346
33.62,1.612903225806452,-0.32258064516129004,0.0,0.0,577.399047750543,0.01854862208651864,-0.01851304677406455,-0.0034485998150593027
33.63,1.612903225806452,-0.32258064516129004,0.0,0.0,577.3969253784227,0.018548622086517183,-0.01851304677409817,-0.0034485998195257234
33.64,1.612903225806452,-0.32258064516129004,0.0,0.0,577.3948030063024,0.018548622086515504,-0.01851304677412818,-0.003448599823460032
33.65,1.612903225806452,-0.32258064516129004,0.0,0.0,577.392680634182,0.018548622086513727,-0.01851304677415495,-0.00344859982692531
33.66,1.612903225806452,-0.32258064516129004,0.0,0.0,577.3905582620617,0.01854862208651184,-0.018513046774178785,-0.0034485998299773474
33.67,1.612903225806452,-0.32258064516129004,0.0,0.0,577.3884358899414,0.018548622086509953,-0.01851304677420004,-0.0034485998326655868
33.68,1.612903225806452,-0.32258064516129004,0.0,0.0,577.3863135178211,0.018548622086508093,-0.018513046774218948,-0.0034485998350335017
33.69,1.612903225806452,-0.32258064516129004,0.0,0.0,577.3841911457008,0.01854862208650629,-0.01851304677423576,-0.0034485998371189047
33.7,1.612903225806452,-0.32258064516129004,0.0,0.0,577.3820687735805,0.018548622086504568,-0.018513046774250735,-0.0034485998389557943
33.71,1.612903225806452,-0.32258064516129004,0.0,0.0,577.3799464014602,0.01854862208650293,-0.01851304677426403,-0.0034485998405736277
33.72,1.612903225806452,-0.32258064516129004,0.0,0.0,577.3778240293399,0.018548622086501362,-0.018513046774275833,-0.0034485998419986254
33.73,1.612903225806452,-0.32258064516129004,0.0,0.0,577.3757016572196,0.01854862208649992,-0.018513046774286324,-0.003448599843253794
33.74,1.612903225806452,-0.32258064516129004,0.0,0.0,577.3735792850993,0.018548622086498545,-0.018513046774295636,-0.0034485998443590684
33.75,1.612903225806452,-0.32258064516129004,0.0,0.0,577.3714569129789,0.018548622086497296,-0.0185130467743039,-0.0034485998453327323
33.76,1.612903225806452,-0.32258064516129004,0.0,0.0,577.3693345408586,0.018548622086496158,-0.018513046774311214,-0.0034485998461903727
33.77,1.612903225806452,-0.32258064516129004,0.0,0.0,577.3672121687383,0.018548622086495076,-0.018513046774317723,-0.003448599846945491
33.78,1.612903225806452,-0.32258064516129004,0.0,0.0,11.878412150455224,0.018548622086494118,-0.01851304677432349,-0.0034485998476096874
33.79,1.612903225806452,-0.32258064516129004,0.0,0.0,577.3629674244977,0.01854862208649323,-0.018513046774328596,-0.0034485998481965565
33.8,1.612903225806452,-0.32258064516129004,0.0,0.0,577.3608450523774,0.01854862208649241,-0.018513046774333127,-0.0034485998487128688
33.81,1.612903225806452,-0.32258064516129004,0.0,0.0,577.3587226802571,0.01854862208649169,-0.018513046774337138,-0.003448599849167235
33.82,1.612903225806452,-0.32258064516129004,0.0,0.0,577.3566003081368,0.018548622086491023,-0.018513046774340684,-0.003448599849567506
33.83,1.612903225806452,-0.32258064516129004,0.0,0.0,577.3544779360165,0.018548622086490427,-0.018513046774343834,-0.003448599849920123
33.84,1.612903225806452,-0.32258064516129004,0.0,0.0,577.3523555638961,0.01854862208648987,-0.01851304677434661,-0.0034485998502307336
33.85,1.612903225806452,-0.32258064516129004,0.0,0.0,577.3502331917758,0.018548622086489386,-0.018513046774349066,-0.003448599850504064
33.86,1.612903225806452,-0.32258064516129004,0.0,0.0,577.3481108196555,0.018548622086488956,-0.018513046774351245,-0.0034485998507448427
33.87,1.612903225806452,-0.32258064516129004,0.0,0.0,577.3459884475352,0.018548622086488553,-0.01851304677435318,-0.0034485998509571555
33.88,1.612903225806452,-0.32258064516129004,0.0,0.0,577.3438660754149,0.018548622086488192,-0.018513046774354874,-0.0034485998511439085
33.89,1.612903225806452,-0.32258064516129004,0.0,0.0,577.3417437032946,0.018548622086487873,-0.01851304677435638,-0.003448599851308488
33.9,1.612903225806452,-0.32258064516129004,0.0,0.0,577.3396213311743,0.01854862208648758,-0.018513046774357705,-0.003448599851453439
33.91,1.612903225806452,-0.32258064516129004,0.0,0.0,577.337498959054,0.018548622086487318,-0.018513046774358877,-0.0034485998515809916
33.92,1.612903225806452,-0.32258064516129004,0.0,0.0,577.3353765869336,0.018548622086487082,-0.018513046774359918,-0.0034485998516933973
33.93,1.612903225806452,-0.32258064516129004,0.0,0.0,11.846576568650553,0.018548622086486888,-0.01851304677436084,-0.0034485998517914834
33.94,1.612903225806452,-0.32258064516129004,0.0,0.0,11.844454196530243,0.018548622086486694,-0.01851304677436164,-0.003448599851880514
33.95,1.612903225806452,-0.32258064516129004,0.0,0.0,11.84233182440993,0.018548622086486527,-0.01851304677436236,-0.0034485998519555206
33.96,1.612903225806452,-0.32258064516129004,0.0,0.0,577.3268870984524,0.018548622086486388,-0.018513046774363006,-0.0034485998520240803
33.97,1.612903225806452,-0.32258064516129004,0.0,0.0,577.3247647263321,0.01854862208648625,-0.018513046774363554,-0.003448599852083853
33.98,1.612903225806452,-0.32258064516129004,0.0,0.0,11.835964708048996,0.01854862208648614,-0.018513046774364054,-0.0034485998521351082
33.99,1.612903225806452,-0.32258064516129004,0.0,0.0,577.3205199820915,0.018548622086486027,-0.01851304677436449,-0.0034485998521824406
34.0,1.612903225806452,-0.32258064516129004,0.0,0.0,11.831719963808373,0.018548622086485944,-0.01851304677436488,-0.003448599852222214
34.01,1.612903225806452,-0.9677419354838701,0.0,0.0,577.3161601356638,0.016847007608632114,-0.06846527517092979,-0.0027985129023707115
34.02,1.612903225806452,-0.9677419354838701,0.0,0.0,577.3138286293018,0.01587865873776792,-0.06373528152918334,-0.0021987265442526046
34.03,1.612903225806452,-0.9677419354838701,0.0,0.0,577.3114196482327,0.015436113347535516,-0.059482859668473886,-0.00171237412390727
34.04,1.612903225806452,-0.9677419354838701,0.0,0.0,577.3089460105008,0.015353263650552978,-0.055647515600399204,-0.0012462540961129809
34.05,1.612903225806452,-0.9677419354838701,0.0,0.0,577.3064180507718,0.015516357138720405,-0.052192509088549846,-0.0008779494764031247
34.06,1.612903225806452,-0.9677419354838701,0.0,0.0,577.3038441493425,0.015841057026237032,-0.04908374216758638,-0.0006097770726871098
34.07,1.612903225806452,-0.9677419354838701,0.0,0.0,577.3012311391668,0.016264596372281212,-0.046290212789109664,-0.00036709006535248887
34.08,1.612903225806452,-0.9677419354838701,0.0,0.0,577.2985845226113,0.01673608925957573,-0.04378217328887805,0.0
34.09,1.612903225806452,-0.9677419354838701,0.0,0.0,577.2959092018651,0.017238820343889127,-0.04153996824187274,0.0005141668524725409
34.1,1.612903225806452,-0.9677419354838701,0.0,0.0,577.2932095209586,0.017759130791224848,-0.03954343207986201,0.0008486035574614364
34.11,1.612903225806452,-0.9677419354838701,0.0,0.0,11.803811516189162,0.018279704645270733,-0.03776978959922127,0.0011123531935734537
34.12,1.612903225806452,-0.9677419354838701,0.0,0.0,577.2877512673126,0.01878881143614261,-0.036197974986037565,0.001337654698770881
34.13,1.612903225806452,-0.9677419354838701,0.0,0.0,577.2849986101081,0.01928271694582409,-0.03480948226996384,0.0014649012361762474
34.14,1.612903225806452,-0.9677419354838701,0.0,0.0,577.2822335281373,0.01975425322930055,-0.0335850051482665,0.0015402873142416926
34.15,1.612903225806452,-0.9677419354838701,0.0,0.0,11.792780325398658,0.020198157194962485,-0.03250634010945227,0.001620037012304652
34.16,1.612903225806452,-0.9677419354838701,0.0,0.0,577.2766737298944,0.02061839903354931,-0.031559781749849455,0.0015910178895612369
34.17,1.612903225806452,-0.9677419354838701,0.0,0.0,577.273882263958,0.021010892428187225,-0.03072949763211763,0.001515034692030058
34.18,1.612903225806452,-0.9677419354838701,0.0,0.0,577.2710847688312,0.02137346467043963,-0.03000155645689049,0.0014408971381929005
34.19,1.612903225806452,-0.9677419354838701,0.0,0.0,577.2682823031198,0.02170880388714351,-0.02936499980981963,0.0013249213118178814
34.2,1.612903225806452,-0.9677419354838701,0.0,0.0,11.778798183726956,0.02202070105404169,-0.02881024701055259,0.0010961180942018493
34.21,1.612903225806452,-0.9677419354838701,0.0,0.0,577.2626661505512,0.022309472739010863,-0.028327185156731854,0.0007614028388055693
34.22,1.612903225806452,-0.9677419354838701,0.0,0.0,577.2598539145696,0.022575231505926024,-0.027906493814261614,0.00034344146443404693
34.23,1.612903225806452,-0.9677419354838701,0.0,0.0,577.2570396441635,0.022818507128898116,-0.02753993206620703,0.0
34.24,1.612903225806452,-0.9677419354838701,0.0,0.0,577.2542237571087,0.02304017175927968,-0.02722029852773747,-0.0006547496492525622
34.25,1.612903225806452,-0.9677419354838701,0.0,0.0,577.2514065865245,0.023241343847718227,-0.02694134455796536,-0.0011977588803857957
34.26,1.612903225806452,-0.9677419354838701,0.0,0.0,577.2485883975085,0.02342330107103359,-0.02669767036326906,-0.0017505114778358934
34.27,1.612903225806452,-0.9677419354838701,0.0,0.0,577.2457694007928,0.023587406285560678,-0.02648461855346701,-0.002302156320774417
34.28,1.612903225806452,-0.9677419354838701,0.0,0.0,577.2429497637914,0.023735049440905265,-0.0262981740829007,-0.002844432791812764
34.29,1.612903225806452,-0.9677419354838701,0.0,0.0,577.2401296194603,0.023867604879338214,-0.02613487446093246,-0.003371239743575353
34.3,1.612903225806452,-0.9677419354838701,0.0,0.0,577.2373090733706,0.02398640160437973,-0.025991731168158463,-0.00387823253514487
34.31,1.612903225806452,-0.9677419354838701,0.0,0.0,577.23448820934,0.024092703738970392,-0.02586616181669671,-0.0043624698851639785
34.32,1.612903225806452,-0.9677419354838701,0.0,0.0,577.2316670939092,0.024187698673382024,-0.025755932027424835,-0.004822115121764984
34.33,1.612903225806452,-0.9677419354838701,0.0,0.0,577.2288457798975,0.024272490860466067,-0.025659105833971227,-0.005256188943160211
34.34,1.612903225806452,-0.9677419354838701,0.0,0.0,577.2260243092259,0.024348099664184164,-0.025574003444260772,-0.005664367906742017
34.35,1.612903225806452,-0.9677419354838701,0.0,0.0,577.2232027151587,0.024415460047932436,-0.02549916528918402,-0.006046822091906685
34.36,1.612903225806452,-0.9677419354838701,0.0,0.0,577.2203810240827,0.02447542519325492,-0.025433321413309118,-0.006404085580456041
34.37,1.612903225806452,-0.9677419354838701,0.0,0.0,577.2175592569204,0.024528770375404796,-0.025375365390268932,-0.006736954015690869
34.38,1.612903225806452,-0.9677419354838701,0.0,0.0,577.2147374302514,0.02457619760225177,-0.025324332064641894,-0.007046404249428344
34.39,1.612903225806452,-0.9677419354838701,0.0,0.0,11.725237911042077,0.024618340659169402,-0.02527937852853434,-0.0073335318475464565
34.4,1.612903225806452,-0.9677419354838701,0.0,0.0,577.2090936481675,0.024655770304819122,-0.02523976783365739,-0.007599502922611353
34.41,1.612903225806452,-0.9677419354838701,0.0,0.0,577.2062717113465,0.024688999439196738,-0.02520485501900155,-0.00784551739010417
34.42,1.612903225806452,-0.9677419354838701,0.0,0.0,577.2034497532181,0.024718488122142765,-0.025174075101459747,-0.008072781277615803
34.43,1.612903225806452,-0.9677419354838701,0.0,0.0,577.200627778883,0.024744648362512542,-0.0251469327333729,-0.008282486167861659
34.44,1.612903225806452,-0.9677419354838701,0.0,0.0,577.19780579235,0.024767848628988162,-0.025122993278422767,-0.008475794238186167
34.45,1.612903225806452,-0.9677419354838701,0.0,0.0,577.1949837967617,0.024788418055854092,-0.025101875096944504,-0.008653827662464881
34.46,1.612903225806452,-0.9677419354838701,0.0,0.0,577.1921617945734,0.024806650333054653,-0.02508324286479325,-0.008817661396361915
34.47,1.612903225806452,-0.9677419354838701,0.0,0.0,577.1893397876963,0.024822807281099424,-0.025066801777454004,-0.008968318572750088
34.48,1.612903225806452,-0.9677419354838701,0.0,0.0,577.1865177776109,0.024837122119090477,-0.025052292514052346,-0.009106767891286156
34.49,1.612903225806452,-0.9677419354838701,0.0,0.0,577.1836957654573,0.02484980243923826,-0.025039486855083767,-0.009233922523104692
34.5,1.612903225806452,-0.9677419354838701,0.0,0.0,577.1808737521068,0.024861032904398547,-0.025028183863691267,-0.009350640150336301
34.51,1.612903225806452,-0.9677419354838701,0.0,0.0,11.691374092056769,0.02487097768693247,-0.025018206553723617,-0.009457723847128952
34.52,1.612903225806452,-0.9677419354838701,0.0,0.0,577.1752297242896,0.02487978266795321,-0.025009398979056664,-0.009555923567289962
34.53,1.612903225806452,-0.9677419354838701,0.0,0.0,577.1724077106807,0.02488757741607879,-0.025001623688121144,-0.009645938062689298
34.54,1.612903225806452,-0.9677419354838701,0.0,0.0,577.1695856976552,0.024894476964373274,-0.024994759495564386,-0.009728417091285572
34.55,1.612903225806452,-0.9677419354838701,0.0,0.0,577.1667636853965,0.02490058340339811,-0.024988699529725045,-0.009803963807151818
34.56,1.612903225806452,-0.9677419354838701,0.0,0.0,577.1639416740272,0.024905987307327238,-0.02498334952032684,-0.00987313725175986
34.57,1.612903225806452,-0.9677419354838701,0.0,0.0,577.1611196636229,0.024910769008993194,-0.02497862629566896,-0.009936454881930895
34.58,1.612903225806452,-0.9677419354838701,0.0,0.0,577.1582976542235,0.024914999738590377,-0.024974456462743003,-0.009994395089376086
34.59,1.612903225806452,-0.9677419354838701,0.0,0.0,11.668797999679207,0.024918742639609054,-0.024970775247258006,-0.010047399675572426
34.6,1.612903225806452,-0.9677419354838701,0.0,0.0,577.1526536384714,0.024922053674442363,-0.024967525473597298,-0.010095876256670506
34.61,1.612903225806452,-0.9677419354838701,0.0,0.0,577.1498316320901,0.02492498243101987,-0.024964656667343522,-0.010140200581358646
34.62,1.612903225806452,-0.9677419354838701,0.0,0.0,577.147009626666,0.02492757284078584,-0.024962124265258588,-0.01018071874807294
34.63,1.612903225806452,-0.9677419354838701,0.0,0.0,577.1441876221598,0.024929863817371625,-0.024959888919544287,-0.010217749315650823
34.64,1.612903225806452,-0.9677419354838701,0.0,0.0,577.1413656185279,0.024931889824407097,-0.024957915884886883,-0.01025158530084824
34.65,1.612903225806452,-0.9677419354838701,0.0,0.0,577.1385436157234,0.02493368138008345,-0.02495617447823926,-0.01028249606369661
34.66,1.612903225806452,-0.9677419354838701,0.0,0.0,577.1357216136987,0.024935265505312804,-0.02495463760255405,-0.010310729079467082
34.67,1.612903225806452,-0.9677419354838701,0.0,0.0,577.1328996124057,0.0249366661216307,-0.024953281326774206,-0.010336511599213661
34.68,1.612903225806452,-0.9677419354838701,0.0,0.0,577.130077611797,0.024937904404350175,-0.02495208451533766,-0.010360052203330646
34.69,1.612903225806452,-0.9677419354838701,0.0,0.0,577.1272556118265,0.02493899909589828,-0.02495102850128291,-0.010381542250391666
34.7,1.612903225806452,-0.9677419354838701,0.0,0.0,577.1244336124498,0.024939966783742648,-0.024950096797763804,-0.01040115722611665
34.71,1.612903225806452,-0.9677419354838701,0.0,0.0,577.1216116136245,0.024940822146845065,-0.024949274843413013,-0.010419057998006284
34.72,1.612903225806452,-0.9677419354838701,0.0,0.0,577.1187896153101,0.024941578174153337,-0.024948549777546236,-0.01043539197910101
34.73,1.612903225806452,-0.9677419354838701,0.0,0.0,577.1159676174684,0.02494224635826217,-0.024947910241680873,-0.010450294207696394
34.74,1.612903225806452,-0.9677419354838701,0.0,0.0,577.1131456200635,0.02494283686703111,-0.024947346204267404,-0.01046388834620556
34.75,1.612903225806452,-0.9677419354838701,0.0,0.0,577.1103236230617,0.024943358695641293,-0.024946848805901263,-0.010476287605231631
34.76,1.612903225806452,-0.9677419354838701,0.0,0.0,577.1075016264317,0.024943819801298964,-0.024946410222609544,-0.010487595597314882
34.77,1.612903225806452,-0.9677419354838701,0.0,0.0,577.1046796301439,0.0249442272225478,-0.024946023545092004,-0.010497907124542558
34.78,1.612903225806452,-0.9677419354838701,0.0,0.0,577.1018576341711,0.024944587184935377,-0.02494568267204722,-0.010507308906405303
34.79,1.612903225806452,-0.9677419354838701,0.0,0.0,577.099035638488,0.02494490519458145,-0.024945382215936382,-0.010515880248517217
34.8,1.612903225806452,-0.9677419354838701,0.0,0.0,577.096213643071,0.02494518612102506,-0.02494511741973022,-0.010523693660101127
34.81,1.612903225806452,-0.9677419354838701,0.0,0.0,577.0933916478986,0.024945434270570416,-0.02494488408335669,-0.01053081542189799
34.82,1.612903225806452,-0.9677419354838701,0.0,0.0,577.0905696529504,0.02494565345121494,-0.024944678498717607,-0.010537306107758758
34.83,1.612903225806452,-0.9677419354838701,0.0,0.0,577.0877476582081,0.02494584703012101,-0.024944497392274452,-0.010543221065694566
34.84,1.612903225806452,-0.9677419354838701,0.0,0.0,577.0849256636544,0.02494601798448265,-0.02494433787432173,-0.010548610858483022
34.85,1.612903225806452,-0.9677419354838701,0.0,0.0,577.0821036692738,0.024946168946543126,-0.024944197394168532,-0.010553521668959625
34.86,1.612903225806452,-0.9677419354838701,0.0,0.0,577.0792816750517,0.02494630224343322,-0.02494407370054043,-0.010557995671857697
34.87,1.612903225806452,-0.9677419354838701,0.0,0.0,577.0764596809746,0.02494641993242354,-0.02494396480659397,-0.010562071375339837
34.88,1.612903225806452,-0.9677419354838701,0.0,0.0,577.0736376870304,0.024946523832116596,-0.02494386895900684,-0.01056578393417232
34.89,1.612903225806452,-0.9677419354838701,0.0,0.0,577.0708156932079,0.02494661555004464,-0.024943784610669872,-0.010569165436315087
34.9,1.612903225806452,-0.9677419354838701,0.0,0.0,577.0679936994967,0.02494669650708632,-0.024943710396561458,-0.01057224516636193
34.91,1.612903225806452,-0.9677419354838701,0.0,0.0,577.0651717058872,0.024946767959067112,-0.024943645112434173,-0.010575049846494428
34.92,1.612903225806452,-0.9677419354838701,0.0,0.0,11.575672066208078,0.02494683101586774,-0.024943587695986702,-0.010577603857527467
34.93,1.612903225806452,-0.9677419354838701,0.0,0.0,577.0595277189395,0.024946886658326853,-0.024943537210231848,-0.010579929440650254
34.94,1.612903225806452,-0.9677419354838701,0.0,0.0,577.056705725586,0.02494693575319215,-0.0249434928288048,-0.010582046883108145
34.95,1.612903225806452,-0.9677419354838701,0.0,0.0,577.0538837323035,0.024946979066344216,-0.024943453822986503,-0.01058397468714701
34.96,1.612903225806452,-0.9677419354838701,0.0,0.0,577.051061739086,0.024947017274492556,-0.02494341955024195,-0.01058572972535883
34.97,1.612903225806452,-0.9677419354838701,0.0,0.0,577.0482397459277,0.024947050975519164,-0.024943389444097706,-0.010587327381897771
34.98,1.612903225806452,-0.9677419354838701,0.0,0.0,577.0454177528237,0.024947080697626453,-0.02494336300520167,-0.01058878168316823
34.99,1.612903225806452,-0.9677419354838701,0.0,0.0,577.0425957597691,0.024947106907426353,-0.0249433397934289,-0.010590105415243627
35.0,1.612903225806452,-0.9677419354838701,0.0,0.0,11.553096120596924,0.024947130017093797,-0.024943319420910326,-0.010591310233032598
35.01,1.612903225806452,-0.9677419354838701,0.0,0.0,577.0369517737915,0.024947150390691716,-0.02494330154587754,-0.0105924067591054
35.02,1.612903225806452,-0.9677419354838701,0.0,0.0,577.034129780861,0.024947168349763613,-0.024943285867228382,-0.010593404673955503
35.03,1.612903225806452,-0.9677419354838701,0.0,0.0,577.0313077879648,0.024947184178278375,-0.024943272119729146,-0.010594312799036113
35.04,1.612903225806452,-0.9677419354838701,0.0,0.0,11.541808148937198,0.02494719812700183,-0.02494326006977931,-0.010595139172160786
35.05,1.612903225806452,-0.9677419354838701,0.0,0.0,577.0256638022637,0.02494721041736142,-0.024943249511673156,-0.010595891116249648
35.06,1.612903225806452,-0.9677419354838701,0.0,0.0,577.0228418094536,0.02494722124486301,-0.02494324026429999,-0.010596575302874198
35.07,1.612903225806452,-0.9677419354838701,0.0,0.0,577.0200198166672,0.024947230782110655,-0.024943232168232327,-0.010597197808957206
35.08,1.612903225806452,-0.9677419354838701,0.0,0.0,577.0171978239025,0.024947239181476483,-0.024943225083155933,-0.010597764170050589
35.09,1.612903225806452,-0.9677419354838701,0.0,0.0,577.0143758311576,0.024947246577460003,-0.024943218885602435,-0.01059827942766623
35.1,1.612903225806452,-0.9677419354838701,0.0,0.0,577.0115538384307,0.024947253088773783,-0.02494321346694875,-0.010598748173213357
35.11,1.612903225806452,-0.9677419354838701,0.0,0.0,11.52205419955748,0.024947258820186557,-0.02494320873165211,-0.010599174588108213
35.12,1.612903225806452,-0.9677419354838701,0.0,0.0,11.519232206861934,0.02494726386415183,-0.024943204595693394,-0.010599562479471676
35.13,1.612903225806452,-0.9677419354838701,0.0,0.0,577.0030878603429,0.024947268302247555,-0.024943200985203792,-0.010599915314353203
35.14,1.612903225806452,-0.9677419354838701,0.0,0.0,577.0002658676735,0.024947272206447713,-0.024943197835254158,-0.010600236248732188
35.15,1.612903225806452,-0.9677419354838701,0.0,0.0,576.9974438750155,0.024947275640246402,-0.02494319508878689,-0.010600528156388053
35.16,1.612903225806452,-0.9677419354838701,0.0,0.0,576.9946218823678,0.024947278659650532,-0.02494319269567466,-0.010600793653155957
35.17,1.612903225806452,-0.9677419354838701,0.0,0.0,576.9917998897296,0.024947281314057115,-0.024943190611890292,-0.01060103512033248
35.18,1.612903225806452,-0.9677419354838701,0.0,0.0,576.9889778970999,0.024947283647028237,-0.0249431887987753,-0.01060125472537061
35.19,1.612903225806452,-0.9677419354838701,0.0,0.0,576.986155904478,0.024947285696975574,-0.024943187222394927,-0.010601454441291808
35.2,1.612903225806452,-0.9677419354838701,0.0,0.0,576.9833339118632,0.024947287497764967,-0.024943185852970146,-0.010601636063501734
35.21,1.612903225806452,-0.9677419354838701,0.0,0.0,576.9805119192548,0.0249472890792507,-0.024943184664376908,-0.01060180122631336
35.22,1.612903225806452,-0.9677419354838701,0.0,0.0,576.9776899266524,0.024947290467746894,-0.02494318363370515,-0.010601951416816403
35.23,1.612903225806452,-0.9677419354838701,0.0,0.0,576.9748679340554,0.024947291686444162,-0.024943182740870352,-0.010602087988372564
35.24,1.612903225806452,-0.9677419354838701,0.0,0.0,11.485368295300523,0.02494729275577738,-0.02494318196827147,-0.010602212172258952
35.25,1.612903225806452,-0.9677419354838701,0.0,0.0,11.48254630271287,0.024947293693750483,-0.024943181300489628,-0.010602325089048684
35.26,1.612903225806452,-0.9677419354838701,0.0,0.0,11.479724310129306,0.02494729451622313,-0.024943180724022976,-0.010602427758316922
35.27,1.612903225806452,-0.9677419354838701,0.0,0.0,576.9635799637122,0.024947295237163852,-0.02494318022705335,-0.010602521107488046
35.28,1.612903225806452,-0.9677419354838701,0.0,0.0,11.474080324972865,0.024947295868873495,-0.024943179799240683,-0.0106026059806505
35.29,1.612903225806452,-0.9677419354838701,0.0,0.0,576.9579359785622,0.024947296422182463,-0.024943179431542492,-0.01060268314539422
35.3,1.612903225806452,-0.9677419354838701,0.0,0.0,576.9551139859915,0.024947296906624686,-0.02494317911605476,-0.010602753300101082
35.31,1.612903225806452,-0.9677419354838701,0.0,0.0,576.9522919934234,0.02494729733059145,-0.02494317884587209,-0.010602817080303108
35.32,1.612903225806452,-0.9677419354838701,0.0,0.0,576.9494700008576,0.024947297701466628,-0.02494317861496495,-0.01060287506366868
35.33,1.612903225806452,-0.9677419354838701,0.0,0.0,576.9466480082938,0.02494729802574655,-0.024943178418071324,-0.0106029277759685
35.34,1.612903225806452,-0.9677419354838701,0.0,0.0,576.9438260157319,0.02494729830914541,-0.024943178250601897,-0.01060297569543797
35.35,1.612903225806452,-0.9677419354838701,0.0,0.0,576.9410040231719,0.0249472985566883,-0.024943178108556563,-0.010603019256947155
35.36,1.612903225806452,-0.9677419354838701,0.0,0.0,576.9381820306133,0.024947298772793308,-0.024943177988451262,-0.010603058855785745
35.37,1.612903225806452,-0.9677419354838701,0.0,0.0,576.9353600380563,0.024947298961344067,-0.024943177887253164,-0.010603094852007916
35.38,1.612903225806452,-0.9677419354838701,0.0,0.0,576.9325380455006,0.024947299125753372,-0.024943177802324634,-0.01060312757263922
35.39,1.612903225806452,-0.9677419354838701,0.0,0.0,576.929716052946,0.02494729926901959,-0.02494317773137341,-0.01060315731507239
35.4,1.612903225806452,-0.9677419354838701,0.0,0.0,576.9268940603926,0.02494729939377638,-0.024943177672408993,-0.0106031843500829
35.41,1.612903225806452,-0.9677419354838701,0.0,0.0,576.92407206784,0.024947299502336165,-0.024943177623704682,-0.010603208923469816
35.42,1.612903225806452,-0.9677419354838701,0.0,0.0,576.9212500752884,0.024947299596729033,-0.024943177583763868,-0.010603231259180215
35.43,1.612903225806452,-0.9677419354838701,0.0,0.0,576.9184280827376,0.024947299678736407,-0.0249431775512909,-0.010603251560530842
35.44,1.612903225806452,-0.9677419354838701,0.0,0.0,576.9156060901876,0.024947299749921173,-0.024943177525165228,-0.010603270012610964
35.45,1.612903225806452,-0.9677419354838701,0.0,0.0,576.9127840976382,0.024947299811653945,-0.024943177504419003,-0.010603286783497458
35.46,1.612903225806452,-0.9677419354838701,0.0,0.0,576.9099621050894,0.02494729986513637,-0.02494317748821731,-0.010603302026114706
35.47,1.612903225806452,-0.9677419354838701,0.0,0.0,11.420462466378458,0.02494729991142154,-0.02494317747584085,-0.010603315879616262
35.48,1.612903225806452,-0.9677419354838701,0.0,0.0,576.9043181199936,0.024947299951432064,-0.024943177466670963,-0.010603328470419143
35.49,1.612903225806452,-0.9677419354838701,0.0,0.0,576.9014961274464,0.02494729998597575,-0.02494317746017642,-0.010603339913337995
35.5,1.612903225806452,-0.9677419354838701,0.0,0.0,576.8986741348997,0.024947300015759857,-0.024943177455901855,-0.010603350312976626
35.51,1.612903225806452,-0.9677419354838701,0.0,0.0,576.8958521423533,0.024947300041403095,-0.0249431774534577,-0.010603359764215177
35.52,1.612903225806452,-0.9677419354838701,0.0,0.0,576.8930301498073,0.024947300063446642,-0.024943177452511414,-0.010603368353525879
35.53,1.612903225806452,-0.9677419354838701,0.0,0.0,576.8902081572616,0.02494730008236351,-0.024943177452779755,-0.010603376159416774
35.54,1.612903225806452,-0.9677419354838701,0.0,0.0,576.8873861647161,0.024947300098566966,-0.02494317745402229,-0.010603383253142171
35.55,1.612903225806452,-0.9677419354838701,0.0,0.0,576.8845641721709,0.024947300112417983,-0.024943177456035248,-0.010603389699806629
35.56,1.612903225806452,-0.9677419354838701,0.0,0.0,576.881742179626,0.024947300124231436,-0.024943177458646784,-0.010603395558157931
35.57,1.612903225806452,-0.9677419354838701,0.0,0.0,576.8789201870813,0.02494730013428209,-0.02494317746171231,-0.010603400881918459
35.58,1.612903225806452,-0.9677419354838701,0.0,0.0,576.8760981945368,0.024947300142809353,-0.024943177465110836,-0.010603405719704594
35.59,1.612903225806452,-0.9677419354838701,0.0,0.0,576.8732762019924,0.024947300150021903,-0.024943177468741473,-0.01060341011603823
35.6,1.612903225806452,-0.9677419354838701,0.0,0.0,576.8704542094482,0.02494730015610125,-0.024943177472520714,-0.010603414110953602
35.61,1.612903225806452,-0.9677419354838701,0.0,0.0,576.8676322169042,0.024947300161205388,-0.024943177476379766,-0.010603417741273892
35.62,1.612903225806452,-0.9677419354838701,0.0,0.0,576.8648102243603,0.024947300165471503,-0.02494317748026255,-0.010603421040034337
35.63,1.612903225806452,-0.9677419354838701,0.0,0.0,576.8619882318166,0.02494730016901886,-0.024943177484123627,-0.010603424037582009
35.64,1.612903225806452,-0.9677419354838701,0.0,0.0,576.8591662392729,0.024947300171950862,-0.02494317748792671,-0.010603426761395147
35.65,1.612903225806452,-0.9677419354838701,0.0,0.0,576.8563442467293,0.024947300174357145,-0.024943177491643216,-0.010603429236448976
35.66,1.612903225806452,-0.9677419354838701,0.0,0.0,576.8535222541859,0.02494730017631537,-0.0249431774952511,-0.010603431485442162
35.67,1.612903225806452,-0.9677419354838701,0.0,0.0,576.8507002616425,0.024947300177892595,-0.024943177498733753,-0.01060343352889138
35.68,1.612903225806452,-0.9677419354838701,0.0,0.0,576.8478782690992,0.02494730017914687,-0.02494317750207907,-0.010603435385773333
35.69,1.612903225806452,-0.9677419354838701,0.0,0.0,576.845056276556,0.02494730018012821,-0.024943177505278802,-0.01060343707301444
35.7,1.612903225806452,-0.9677419354838701,0.0,0.0,576.8422342840128,0.02494730018087972,-0.02494317750832792,-0.010603438605987257
35.71,1.612903225806452,-0.9677419354838701,0.0,0.0,576.8394122914697,0.024947300181438523,-0.024943177511223824,-0.01060343999899344
35.72,1.612903225806452,-0.9677419354838701,0.0,0.0,576.8365902989266,0.024947300181836413,-0.024943177513966144,-0.010603441264595755
35.73,1.612903225806452,-0.9677419354838701,0.0,0.0,576.8337683063836,0.02494730018210073,-0.024943177516556073,-0.010603442414645297
35.74,1.612903225806452,-0.9677419354838701,0.0,0.0,576.8309463138406,0.024947300182254842,-0.02494317751899633,-0.010603443459478218
35.75,1.612903225806452,-0.9677419354838701,0.0,0.0,576.8281243212977,0.02494730018231868,-0.02494317752129055,-0.010603444408807245
35.76,1.612903225806452,-0.9677419354838701,0.0,0.0,576.8253023287548,0.024947300182309284,-0.024943177523443195,-0.010603445271469948
35.77,1.612903225806452,-0.9677419354838701,0.0,0.0,576.8224803362119,0.024947300182241033,-0.02494317752545943,-0.010603446055166027
35.78,1.612903225806452,-0.9677419354838701,0.0,0.0,576.8196583436691,0.024947300182126167,-0.024943177527344762,-0.010603446767213157
35.79,1.612903225806452,-0.9677419354838701,0.0,0.0,576.8168363511262,0.024947300181975024,-0.02494317752910498,-0.010603447414157577
35.8,1.612903225806452,-0.9677419354838701,0.0,0.0,576.8140143585834,0.024947300181796334,-0.02494317753074611,-0.010603448002061418
35.81,1.612903225806452,-0.9677419354838701,0.0,0.0,576.8111923660407,0.024947300181597284,-0.024943177532274263,-0.010603448536103165
35.82,1.612903225806452,-0.9677419354838701,0.0,0.0,576.808370373498,0.024947300181383997,-0.024943177533695474,-0.010603449021308114
35.83,1.612903225806452,-0.9677419354838701,0.0,0.0,576.8055483809552,0.02494730018116148,-0.02494317753501575,-0.010603449462139848
35.84,1.612903225806452,-0.9677419354838701,0.0,0.0,576.8027263884125,0.0249473001809339,-0.024943177536241007,-0.01060344986265409
35.85,1.612903225806452,-0.9677419354838701,0.0,0.0,576.7999043958697,0.024947300180704596,-0.024943177537376945,-0.010603450226536104
35.86,1.612903225806452,-0.9677419354838701,0.0,0.0,11.310404757164171,0.02494730018047636,-0.02494317753842913,-0.01060345055713532
35.87,1.612903225806452,-0.9677419354838701,0.0,0.0,576.7942604107843,0.02494730018025139,-0.024943177539402894,-0.010603450857606061
35.88,1.612903225806452,-0.9677419354838701,0.0,0.0,576.7914384182417,0.024947300180031343,-0.024943177540303396,-0.010603451130487874
35.89,1.612903225806452,-0.9677419354838701,0.0,0.0,576.788616425699,0.02494730017981761,-0.0249431775411355,-0.010603451378405931
35.9,1.612903225806452,-0.9677419354838701,0.0,0.0,576.7857944331564,0.024947300179611165,-0.024943177541903845,-0.01060345160364288
35.91,1.612903225806452,-0.9677419354838701,0.0,0.0,576.7829724406138,0.024947300179412782,-0.024943177542612854,-0.010603451808272678
35.92,1.612903225806452,-0.9677419354838701,0.0,0.0,576.7801504480711,0.024947300179222975,-0.024943177543266713,-0.010603451994179952
35.93,1.612903225806452,-0.9677419354838701,0.0,0.0,576.7773284555285,0.02494730017904201,-0.024943177543869308,-0.010603452163076803
35.94,1.612903225806452,-0.9677419354838701,0.0,0.0,11.287828816823087,0.024947300178870105,-0.024943177544424378,-0.010603452316519775
35.95,1.612903225806452,-0.9677419354838701,0.0,0.0,576.7716844704432,0.024947300178707263,-0.024943177544935385,-0.010603452455920337
35.96,1.612903225806452,-0.9677419354838701,0.0,0.0,576.7688624779006,0.024947300178553414,-0.024943177545405565,-0.010603452582564909
35.97,1.612903225806452,-0.9677419354838701,0.0,0.0,576.766040485358,0.024947300178408446,-0.024943177545838024,-0.0106034526976195
35.98,1.612903225806452,-0.9677419354838701,0.0,0.0,576.7632184928153,0.02494730017827211,-0.024943177546235568,-0.010603452802144642
35.99,1.612903225806452,-0.9677419354838701,0.0,0.0,576.7603965002727,0.024947300178144186,-0.02494317754660086,-0.010603452897103304
36.0,1.612903225806452,-0.9677419354838701,0.0,0.0,576.75757450773,0.024947300178024323,-0.024943177546936382,-0.010603452983370981
36.01,1.612903225806452,-1.612903225806452,0.0,0.0,576.7546536870886,0.02353284067241493,-0.07559446071490028,-0.010633228343136715
36.02,1.612903225806452,-1.612903225806452,0.0,0.0,576.7516488763971,0.022600681019813038,-0.07143682332824151,-0.01082635054713687
36.03,1.612903225806452,-1.612903225806452,0.0,0.0,576.7485725583902,0.02204583215229451,-0.06765832888623581,-0.011364558663094272
36.04,1.612903225806452,-1.612903225806452,0.0,0.0,576.7454350191867,0.021776584812689806,-0.06421757172228641,-0.012136650493110001
36.05,1.612903225806452,-1.612903225806452,0.0,0.0,11.25556721863517,0.021722260356286646,-0.06108341594190424,-0.013168846002467474
36.06,1.612903225806452,-1.612903225806452,0.0,0.0,576.7390094307456,0.021829377664498092,-0.05823235102218487,-0.014629457571851865
36.07,1.612903225806452,-1.612903225806452,0.0,0.0,576.7357349214183,0.02205393211502514,-0.05563983491215922,-0.016558958359578418
36.08,1.612903225806452,-1.612903225806452,0.0,0.0,576.732426608399,0.022361673223341996,-0.05328359006435339,-0.018983535083540604
36.09,1.612903225806452,-1.612903225806452,0.0,0.0,11.24241135146382,0.02272615832290696,-0.05114366112673903,-0.02192697736029125
36.1,1.612903225806452,-1.612903225806452,0.0,0.0,576.725725929629,0.02312581915201037,-0.049201292454170376,-0.02533439676953437
36.11,1.612903225806452,-1.612903225806452,0.0,0.0,576.7223406265385,0.023541733765222853,-0.047437931214161524,-0.02897068126628596
36.12,1.612903225806452,-1.612903225806452,0.0,0.0,576.718936067107,0.02397030171819213,-0.04584242898865816,-0.03331647087758348
36.13,1.612903225806452,-1.612903225806452,0.0,0.0,576.7155148418641,0.0244022709677581,-0.04440051156450303,-0.03845089003219395
36.14,1.612903225806452,-1.612903225806452,0.0,0.0,576.7120791349181,0.02482799040313864,-0.04309720092852233,-0.044228963977284694
36.15,1.612903225806452,-1.612903225806452,0.0,0.0,576.708630973508,0.025247597630310842,-0.041922853177652486,-0.05114339246282093
36.16,1.612903225806452,-1.612903225806452,0.0,0.0,576.7051720968607,0.02565590574546847,-0.040865201688310177,-0.05924425761389105
36.17,1.612903225806452,-1.612903225806452,0.0,0.0,576.7017039552551,0.026047577667088262,-0.039912073294045586,-0.06840033516398153
36.18,1.612903225806452,-1.612903225806452,0.0,0.0,11.211550157403726,0.02642074767655006,-0.03905349225238447,-0.07867082959188365
36.19,1.612903225806452,-1.612903225806452,0.0,0.0,11.208067144308293,0.026776746088740463,-0.03828169258632318,-0.09045002828596306
36.2,1.612903225806452,-1.612903225806452,0.0,0.0,576.6912559267912,0.027115327366436487,-0.03758856589111967,-0.1039922231774586
36.21,1.612903225806452,-1.612903225806452,0.0,0.0,576.6877620685967,0.027435270156648178,-0.0369659555172753,-0.11938313578521315
36.22,1.612903225806452,-1.612903225806452,0.0,0.0,576.6842639362663,0.02773577412509312,-0.03640643891019149,-0.13667706348374506
36.23,1.612903225806452,-1.612903225806452,0.0,0.0,576.6807621385053,0.028016650763935252,-0.03590343717808961,-0.15594016160985943
36.24,1.612903225806452,-1.612903225806452,0.0,0.0,576.6772571950821,0.02827828099677239,-0.03545117981379799,-0.1772763896914099
36.25,1.612903225806452,-1.612903225806452,0.0,0.0,576.6737495568915,0.02852152424343951,-0.03504463366420782,-0.20085061547291339
36.26,1.612903225806452,-1.612903225806452,0.0,0.0,576.6702396208893,0.02874753431051881,-0.03467937621364507,-0.22688934191771046
36.27,1.612903225806452,-1.612903225806452,0.0,0.0,576.6667277378609,0.028957497294465784,-0.03435142344223721,-0.25564279039227333
36.28,1.612903225806452,-1.612903225806452,0.0,0.0,576.6632142150582,0.029152449819907722,-0.03405710059517697,-0.28733241632005524
36.29,1.612903225806452,-1.612903225806452,0.0,0.0,576.6596993179501,0.029333262629447784,-0.03379300487614546,-0.32211745800340436
36.3,1.612903225806452,-1.612903225806452,0.0,0.0,576.6561832731912,0.02950070512783473,-0.03355601474475581,-0.36008058034870427
36.31,1.612903225806452,-1.612903225806452,0.0,0.0,576.6526662726607,0.029655503008730863,-0.03334329709853294,-0.4012186290409432
36.32,1.612903225806452,-1.612903225806452,0.0,0.0,576.6491484778628,0.029798367447261956,-0.033152300060749526,-0.4454324337922103
36.33,1.612903225806452,-1.612903225806452,0.0,0.0,576.6456300241922,0.029930004084081557,-0.03298073573452304,-0.4925167518533055
36.34,1.612903225806452,-1.612903225806452,0.0,0.0,576.6421110248237,0.030051112031709834,-0.03282655849834813,-0.5421538193481529
36.35,1.612903225806452,-1.612903225806452,0.0,0.0,576.6385915741481,0.030162379081736204,-0.03268794223308176,-0.5939141056030234
36.36,1.612903225806452,-1.612903225806452,0.0,0.0,576.6350717507493,0.03026447612410052,-0.032563258163982284,-0.6472669776555762
36.37,1.612903225806452,-1.612903225806452,0.0,0.0,576.6315516199554,0.030358052074504163,-0.03245105407962261,-0.7016023197088197
36.38,1.612903225806452,-1.612903225806452,0.0,0.0,576.6280312360076,0.03044372978185278,-0.03235003523638,-0.756261929366702
36.39,1.612903225806452,-1.612903225806452,0.0,0.0,576.6245106438919,0.03052210301184821,-0.03225904703375915,-0.8105772452230817
36.4,1.612903225806452,-1.612903225806452,0.0,0.0,576.6209898808822,0.03059373443935924,-0.03217705943112455,-0.8639083596179277
36.41,1.612903225806452,-1.612903225806452,0.0,0.0,576.6174689778339,0.030659154518102374,-0.032103153015917166,-0.9156789122372123
36.42,1.612903225806452,-1.612903225806452,0.0,0.0,576.6139479602666,0.03071886107879883,-0.03203650660245942,-0.9654024733018293
36.43,1.612903225806452,-1.612903225806452,0.0,0.0,576.6104268492679,0.03077331951139986,-0.031976386226982484,-1.0126980122779807
36.44,1.612903225806452,-1.612903225806452,0.0,0.0,576.6069056622472,0.030822963401050243,-0.03192213540185111,-1.0572942971738215
36.45,1.612903225806452,-1.612903225806452,0.0,0.0,576.603384413563,0.030868195505054624,-0.0318731664959829,-1.0990249018750324
36.46,1.612903225806452,-1.612903225806452,0.0,0.0,576.5998631150454,0.030909388976130395,-0.03182895311640489,-1.1378165341803648
36.47,1.612903225806452,-1.612903225806452,0.0,0.0,576.5963417764294,0.03094688875412488,-0.03178902337590525,-1.1736736122729532
36.48,1.612903225806452,-1.612903225806452,0.0,0.0,576.5928204057157,0.03098101306344636,-0.031752953942587814,-1.206661634994043
36.49,1.612903225806452,-1.612903225806452,0.0,0.0,576.5892990094695,0.031012054966486707,-0.031720364778014654,-1.236891212653989
36.5,1.612903225806452,-1.612903225806452,0.0,0.0,11.099099946906668,0.03104028393431356,-0.031690914481044954,-1.264503903893069
36.51,1.612903225806452,-1.612903225806452,0.0,0.0,576.5822561609128,0.031065947405045424,-0.0316642961641635,-1.289660394358461
36.52,1.612903225806452,-1.612903225806452,0.0,0.0,576.5787347165868,0.031089272307796026,-0.03164023379791499,-1.312531114451368
36.53,1.612903225806452,-1.612903225806452,0.0,0.0,576.57521326301,0.03111046653611961,-0.03161847896697688,-1.3332891226880683
36.54,1.612903225806452,-1.612903225806452,0.0,0.0,576.5716918025495,0.03112972035972182,-0.03159880798843738,-1.3521049442880817
36.55,1.612903225806452,-1.612903225806452,0.0,0.0,576.5681703371181,0.031147207767027424,-0.031581019349043865,-1.3691430100244761
36.56,1.612903225806452,-1.612903225806452,0.0,0.0,576.5646488682551,0.031163087734187703,-0.03156493142362772,-1.3845593516366634
36.57,1.612903225806452,-1.612903225806452,0.0,0.0,576.5611273971924,0.031177505418428023,-0.03155038044166118,-1.3985002500473138
36.58,1.612903225806452,-1.612903225806452,0.0,0.0,576.55760592491,0.031190593275402065,-0.03153721867304422,-1.4111015833366154
36.59,1.612903225806452,-1.612903225806452,0.0,0.0,576.5540844521815,0.031202472101545545,-0.03152531280782288,-1.4224886723957746
36.6,1.612903225806452,-1.612903225806452,0.0,0.0,11.06388533344863,0.03121325200339302,-0.03151454250767739,-1.4327764680406625
36.61,1.612903225806452,-1.612903225806452,0.0,0.0,576.5470415076667,0.031223033296521693,-0.03150479910973682,-1.4420699620068105
36.62,1.612903225806452,-1.612903225806452,0.0,0.0,576.543520036702,0.03123190733725177,-0.031495984465654256,-1.4504647353794977
36.63,1.612903225806452,-1.612903225806452,0.0,0.0,576.5399985669815,0.031239957290545656,-0.03148800990092793,-1.458047582330786
36.64,1.612903225806452,-1.612903225806452,0.0,0.0,576.5364770986954,0.03124725883770864,-0.031480795281256066,-1.464897165540566
36.65,1.612903225806452,-1.612903225806452,0.0,0.0,576.532955631975,0.03125388082756879,-0.03147426817427014,-1.4710846735035128
36.66,1.612903225806452,-1.612903225806452,0.0,0.0,576.5294341669043,0.03125988587480019,-0.03146836309635914,-1.4766744600548165
36.67,1.612903225806452,-1.612903225806452,0.0,0.0,576.5259127035295,0.03126533090898867,-0.03146302083548769,-1.481724653760728
36.68,1.612903225806452,-1.612903225806452,0.0,0.0,576.5223912418671,0.0312702676779298,-0.0314581878419541,-1.4862877300093675
36.69,1.612903225806452,-1.612903225806452,0.0,0.0,576.5188697819106,0.03127474320851428,-0.031453815679945374,-1.4904110422554726
36.7,1.612903225806452,-1.612903225806452,0.0,0.0,11.028670677472284,0.03127880022839405,-0.03144986053355109,-1.4941373113364413
36.71,1.612903225806452,-1.612903225806452,0.0,0.0,576.5118268670024,0.03128247755145726,-0.031446282761599234,-1.4975050734160076
36.72,1.612903225806452,-1.612903225806452,0.0,0.0,576.5083054119639,0.0312858104299622,-0.03144304649629792,-1.5005490881532508
36.73,1.612903225806452,-1.612903225806452,0.0,0.0,576.5047839584638,0.031288830876004314,-0.031440119281212486,-1.5033007093207562
36.74,1.612903225806452,-1.612903225806452,0.0,0.0,576.5012625064414,0.031291567954813,-0.03143747174459044,-1.5057882204296715
36.75,1.612903225806452,-1.612903225806452,0.0,0.0,576.4977410558325,0.03129404805220312,-0.031435077304472536,-1.5080371380565736
36.76,1.612903225806452,-1.612903225806452,0.0,0.0,576.4942196065712,0.03129629511834267,-0.03143291190240305,-1.510070485574354
36.77,1.612903225806452,-1.612903225806452,0.0,0.0,11.004020512428148,0.03129833088983329,-0.031430953762892,-1.511909039904999
36.78,1.612903225806452,-1.612903225806452,0.0,0.0,576.4871767118254,0.03130017509195257,-0.03142918317607479,-1.5135715537833727
36.79,1.612903225806452,-1.612903225806452,0.0,0.0,576.4836552662093,0.03130184562276499,-0.031427582301278525,-1.5150749558607346
36.8,1.612903225806452,-1.612903225806452,0.0,0.0,576.4801338216788,0.031303358720668306,-0.03142613498944272,-1.5164345307977813
36.81,1.612903225806452,-1.612903225806452,0.0,0.0,576.4766123781719,0.03130472911682067,-0.03142482662254861,-1.5176640813225448
36.82,1.612903225806452,-1.612903225806452,0.0,0.0,576.4730909356288,0.031305970173774234,-0.03142364396839861,-1.51877607405302
36.83,1.612903225806452,-1.612903225806452,0.0,0.0,576.4695694939918,0.03130709401153109,-0.03142257504925422,-1.5197817707172814
36.84,1.612903225806452,-1.612903225806452,0.0,0.0,576.4660480532061,0.03130811162213551,-0.03142160902299157,-1.5206913462472875
36.85,1.612903225806452,-1.612903225806452,0.0,0.0,10.975848967056427,0.03130903297382208,-0.031420736075565434,-1.5215139950778265
36.86,1.612903225806452,-1.612903225806452,0.0,0.0,576.4590051739812,0.03130986710565452,-0.031419947323691924,-1.5222580268503327
36.87,1.612903225806452,-1.612903225806452,0.0,0.0,576.4554837354445,0.03131062221350579,-0.031419234726769926,-1.522930952597007
36.88,1.612903225806452,-1.612903225806452,0.0,0.0,576.4519622975646,0.031311305728159794,-0.0314185910071548,-1.5235395623737502
36.89,1.612903225806452,-1.612903225806452,0.0,0.0,576.448440860299,0.031311924386244486,-0.031418009577986225,-1.5240899952085878
36.9,1.612903225806452,-1.612903225806452,0.0,0.0,576.4449194236079,0.031312484294645865,-0.031417484477849145,-1.5245878021445327
36.91,1.612903225806452,-1.612903225806452,0.0,0.0,576.4413979874535,0.031312990988993344,-0.031417010311616395,-1.5250380030743194
36.92,1.612903225806452,-1.612903225806452,0.0,0.0,576.4378765518004,0.031313449486756725,-0.031416582196884854,-1.52544513799337
36.93,1.612903225806452,-1.612903225806452,0.0,0.0,576.4343551166155,0.03131386433544364,-0.031416195715474715,-1.525813313230506
36.94,1.612903225806452,-1.612903225806452,0.0,0.0,576.4308336818674,0.03131423965634632,-0.03141584686951081,-1.5261462431607842
36.95,1.612903225806452,-1.612903225806452,0.0,0.0,576.427312247527,0.031314579184244934,-0.03141553204165051,-1.5264472878523327
36.96,1.612903225806452,-1.612903225806452,0.0,0.0,576.4237908135666,0.03131488630343507,-0.03141524795906936,-1.526719487049204
36.97,1.612903225806452,-1.612903225806452,0.0,0.0,576.4202693799607,0.03131516408042098,-0.03141499166084355,-1.526965590858427
36.98,1.612903225806452,-1.612903225806452,0.0,0.0,576.4167479466852,0.03131541529357597,-0.03141476046841392,-1.5271880874625468
36.99,1.612903225806452,-1.612903225806452,0.0,0.0,576.4132265137175,0.03131564246005292,-0.03141455195883583,-1.5273892281552062
37.0,1.612903225806452,-1.612903225806452,0.0,0.0,576.4097050810367,0.03131584786019563,-0.03141436394055476,-1.5275710499605486
37.01,1.612903225806452,-1.612903225806452,0.0,0.0,10.919506002460245,0.03131603355968243,-0.031414194431468034,-1.527735396074508
37.02,1.612903225806452,-1.612903225806452,0.0,0.0,576.4026622164582,0.03131620142961111,-0.03141404163905745,-1.527883934340945
37.03,1.612903225806452,-1.612903225806452,0.0,0.0,576.399140784525,0.03131635316471493,-0.03141390394239804,-1.5280181739538172
37.04,1.612903225806452,-1.612903225806452,0.0,0.0,576.3956193528074,0.03131649029988376,-0.03141377987586447,-1.5281394805594293
37.05,1.612903225806452,-1.612903225806452,0.0,0.0,576.3920979212907,0.031316614225145145,-0.031413668114377985,-1.5282490899118235
37.06,1.612903225806452,-1.612903225806452,0.0,0.0,576.3885764899607,0.03131672619924965,-0.03141356746004596,-1.5283481202235847
37.07,1.612903225806452,-1.612903225806452,0.0,0.0,576.3850550588045,0.031316827361989444,-0.03141347683006397,-1.5284375833373325
37.08,1.612903225806452,-1.612903225806452,0.0,0.0,576.38153362781,0.031316918745366754,-0.03141339524576238,-1.5285183948310894
37.09,1.612903225806452,-1.612903225806452,0.0,0.0,576.3780121969659,0.03131700128372028,-0.03141332182268769,-1.5285913831613533
37.1,1.612903225806452,-1.612903225806452,0.0,0.0,576.3744907662617,0.03131707582290498,-0.03141325576162314,-1.5286572979351625
37.11,1.612903225806452,-1.612903225806452,0.0,0.0,576.3709693356876,0.03131714312861397,-0.03141319634045869,-1.5287168173953585
37.12,1.612903225806452,-1.612903225806452,0.0,0.0,576.3674479052345,0.031317203893922854,-0.0314131429068306,-1.5287705551948607
37.13,1.612903225806452,-1.612903225806452,0.0,0.0,576.3639264748939,0.031317258746127175,-0.03141309487145891,-1.528819066526661
37.14,1.612903225806452,-1.612903225806452,0.0,0.0,576.3604050446579,0.03131730825294014,-0.031413051702116127,-1.5288628536720272
37.15,1.612903225806452,-1.612903225806452,0.0,0.0,576.3568836145191,0.03131735292811015,-0.031413012918167685,-1.528902371022653
37.16,1.612903225806452,-1.612903225806452,0.0,0.0,576.3533621844707,0.03131739323651153,-0.03141297808563068,-1.5289380296260466
37.17,1.612903225806452,-1.612903225806452,0.0,0.0,10.86316310834342,0.03131742959875769,-0.031412946812702014,-1.528970201299802
37.18,1.612903225806452,-1.612903225806452,0.0,0.0,576.3463193246198,0.03131746239538248,-0.03141291874571052,-1.5289992223566884
37.19,1.612903225806452,-1.612903225806452,0.0,0.0,576.3427978948059,0.031317491970627415,-0.03141289356545546,-1.5290253969754166
37.2,1.612903225806452,-1.612903225806452,0.0,0.0,576.3392764650595,0.03131751863587498,-0.03141287098389153,-1.5290490002534736
37.21,1.612903225806452,-1.612903225806452,0.0,0.0,576.3357550353755,0.031317542672757964,-0.03141285074113109,-1.529070280969675
37.22,1.612903225806452,-1.612903225806452,0.0,0.0,576.3322336057498,0.03131756433597768,-0.03141283260273048,-1.5290894640860433
37.23,1.612903225806452,-1.612903225806452,0.0,0.0,576.3287121761781,0.03131758385585548,-0.031412816357236806,-1.5291067530113975
37.24,1.612903225806452,-1.612903225806452,0.0,0.0,576.3251907466566,0.03131760144064587,-0.03141280181396701,-1.5291223316520663
37.25,1.612903225806452,-1.612903225806452,0.0,0.0,576.3216693171818,0.03131761727863025,-0.031412788801000596,-1.5291363662669557
37.26,1.612903225806452,-1.612903225806452,0.0,0.0,576.3181478877502,0.03131763154001464,-0.03141277716336298,-1.529149007148064
37.27,1.612903225806452,-1.612903225806452,0.0,0.0,576.3146264583588,0.03131764437864733,-0.03141276676138362,-1.5291603901408255
37.28,1.612903225806452,-1.612903225806452,0.0,0.0,576.3111050290048,0.03131765593357572,-0.031412757469210184,-1.5291706380213541
37.29,1.612903225806452,-1.612903225806452,0.0,0.0,576.3075835996855,0.03131766633045455,-0.031412749173466814,-1.5291798617418517
37.3,1.612903225806452,-1.612903225806452,0.0,0.0,576.3040621703983,0.031317675682822815,-0.031412741772039315,-1.5291881615593463
37.31,1.612903225806452,-1.612903225806452,0.0,0.0,576.300540741141,0.03131768409325901,-0.03141273517297806,-1.529195628056545
37.32,1.612903225806452,-1.612903225806452,0.0,0.0,576.2970193119115,0.03131769165442716,-0.031412729293506136,-1.5292023430659407
37.33,1.612903225806452,-1.612903225806452,0.0,0.0,576.2934978827077,0.03131769845002409,-0.031412724059122835,-1.529208380506444
37.34,1.612903225806452,-1.612903225806452,0.0,0.0,576.2899764535279,0.03131770455563716,-0.03141271940279315,-1.5292138071407095
37.35,1.612903225806452,-1.612903225806452,0.0,0.0,576.2864550243702,0.03131771003951979,-0.03141271526421678,-1.5292186832596537
37.36,1.612903225806452,-1.612903225806452,0.0,0.0,576.2829335952331,0.03131771496329479,-0.03141271158916571,-1.5292230633033395
37.37,1.612903225806452,-1.612903225806452,0.0,0.0,576.2794121661152,0.03131771938258994,-0.03141270832888722,-1.529226996421778
37.38,1.612903225806452,-1.612903225806452,0.0,0.0,576.2758907370151,0.03131772334761315,-0.03141270543956476,-1.5292305269823556
37.39,1.612903225806452,-1.612903225806452,0.0,0.0,576.2723693079314,0.03131772690367399,-0.031412702881829846,-1.5292336950299643
37.4,1.612903225806452,-1.612903225806452,0.0,0.0,576.268847878863,0.0313177300916542,-0.03141270062032267,-1.5292365367021297
37.41,1.612903225806452,-1.612903225806452,0.0,0.0,576.2653264498088,0.03131773294843479,-0.031412698623294294,-1.5292390846055517
37.42,1.612903225806452,-1.612903225806452,0.0,0.0,576.2618050207677,0.03131773550728109,-0.03141269686224857,-1.5292413681558816
37.43,1.612903225806452,-1.612903225806452,0.0,0.0,10.771605945576075,0.03131773779819218,-0.031412695311618236,-1.5292434138857158
37.44,1.612903225806452,-1.612903225806452,0.0,0.0,576.2547621627214,0.03131773984821655,-0.03141269394847247,-1.5292452457232177
37.45,1.612903225806452,-1.612903225806452,0.0,0.0,576.2512407337143,0.03131774168173722,-0.031412692752254015,-1.52924688524332
37.46,1.612903225806452,-1.612903225806452,0.0,0.0,576.2477193047171,0.031317743320730604,-0.03141269170454063,-1.529248351896133
37.47,1.612903225806452,-1.612903225806452,0.0,0.0,576.2441978757289,0.03131774478499934,-0.03141269078883131,-1.5292496632122845
37.48,1.612903225806452,-1.612903225806452,0.0,0.0,576.2406764467491,0.03131774609238373,-0.031412689990352585,-1.5292508349893514
37.49,1.612903225806452,-1.612903225806452,0.0,0.0,576.2371550177771,0.031317747258952616,-0.031412689295884144,-1.5292518814602034
37.5,1.612903225806452,-1.612903225806452,0.0,0.0,576.2336335888124,0.03131774829917622,-0.03141268869360139,-1.5292528154454315
37.51,1.612903225806452,-1.612903225806452,0.0,0.0,576.2301121598543,0.03131774922608138,-0.03141268817293438,-1.5292536484903567
37.52,1.612903225806452,-1.612903225806452,0.0,0.0,576.2265907309024,0.03131775005139316,-0.03141268772443971,-1.529254390989843
37.53,1.612903225806452,-1.612903225806452,0.0,0.0,576.2230693019563,0.031317750785662374,-0.03141268733968525,-1.5292550523008002
37.54,1.612903225806452,-1.612903225806452,0.0,0.0,576.2195478730156,0.03131775143837991,-0.03141268701114726,-1.5292556408431814
37.55,1.612903225806452,-1.612903225806452,0.0,0.0,576.2160264440798,0.03131775201808161,-0.03141268673211646,-1.529256164192321
37.56,1.612903225806452,-1.612903225806452,0.0,0.0,576.2125050151486,0.03131775253244154,-0.03141268649661455,-1.529256629161399
37.57,1.612903225806452,-1.612903225806452,0.0,0.0,576.2089835862217,0.03131775298835758,-0.03141268629931794,-1.5292570418769016
37.58,1.612903225806452,-1.612903225806452,0.0,0.0,576.2054621572988,0.031317753392027275,-0.0314126861354905,-1.5292574078456023
37.59,1.612903225806452,-1.612903225806452,0.0,0.0,576.2019407283796,0.031317753749017546,-0.0314126860009219,-1.5292577320161105
37.6,1.612903225806452,-1.612903225806452,0.0,0.0,576.1984192994637,0.03131775406432721,-0.031412685891872516,-1.5292580188340532
37.61,1.612903225806452,-1.612903225806452,0.0,0.0,576.194897870551,0.03131775434244319,-0.03141268580502424,-1.5292582722916577
37.62,1.612903225806452,-1.612903225806452,0.0,0.0,576.1913764416412,0.031317754587391264,-0.03141268573743601,-1.529258495972727
37.63,1.612903225806452,-1.612903225806452,0.0,0.0,576.1878550127341,0.031317754802782705,-0.03141268568650332,-1.5292586930936902
37.64,1.612903225806452,-1.612903225806452,0.0,0.0,10.697655937666687,0.03131775499185491,-0.03141268564992308,-1.5292588665395501
37.65,1.612903225806452,-1.612903225806452,0.0,0.0,576.1808121549273,0.0313177551575094,-0.03141268562566077,-1.5292590188975166
37.66,1.612903225806452,-1.612903225806452,0.0,0.0,10.690613079864413,0.03131775530234508,-0.031412685611921995,-1.5292591524863655
37.67,1.612903225806452,-1.612903225806452,0.0,0.0,576.1737692971292,0.03131775542868924,-0.031412685607126054,-1.5292592693838027
37.68,1.612903225806452,-1.612903225806452,0.0,0.0,576.170247868233,0.031317755538624426,-0.03141268560988311,-1.5292593714502742
37.69,1.612903225806452,-1.612903225806452,0.0,0.0,576.1667264393385,0.031317755634013636,-0.03141268561897288,-1.5292594603512928
37.7,1.612903225806452,-1.612903225806452,0.0,0.0,576.1632050104456,0.0313177557165223,-0.03141268563332621,-1.529259537576827
37.71,1.612903225806452,-1.612903225806452,0.0,0.0,576.1596835815542,0.031317755787638485,-0.03141268565200822,-1.5292596044591922
37.72,1.612903225806452,-1.612903225806452,0.0,0.0,576.1561621526641,0.03131775584869102,-0.03141268567420337,-1.5292596621890715
37.73,1.612903225806452,-1.612903225806452,0.0,0.0,576.1526407237754,0.03131775590086586,-0.03141268569920186,-1.5292597118300715
37.74,1.612903225806452,-1.612903225806452,0.0,0.0,576.1491192948879,0.031317755945220266,-0.03141268572638803,-1.5292597543312632
37.75,1.612903225806452,-1.612903225806452,0.0,0.0,576.1455978660015,0.031317755982696996,-0.03141268575522886,-1.5292597905396967
37.76,1.612903225806452,-1.612903225806452,0.0,0.0,576.142076437116,0.031317756014135084,-0.031412685785265376,-1.529259821210036
37.77,1.612903225806452,-1.612903225806452,0.0,0.0,576.1385550082315,0.031317756040281794,-0.031412685816102806,-1.529259847015072
37.78,1.612903225806452,-1.612903225806452,0.0,0.0,576.1350335793478,0.031317756061800706,-0.0314126858474045,-1.5292598685530197
37.79,1.612903225806452,-1.612903225806452,0.0,0.0,576.1315121504649,0.031317756079281944,-0.0314126858788836,-1.5292598863564486
37.8,1.612903225806452,-1.612903225806452,0.0,0.0,576.1279907215828,0.03131775609324895,-0.0314126859102979,-1.5292599008984076
37.81,1.612903225806452,-1.612903225806452,0.0,0.0,576.1244692927014,0.03131775610416569,-0.03141268594144429,-1.5292599125987507
37.82,1.612903225806452,-1.612903225806452,0.0,0.0,576.1209478638207,0.03131775611244331,-0.03141268597215355,-1.5292599218300713
37.83,1.612903225806452,-1.612903225806452,0.0,0.0,576.1174264349405,0.03131775611844517,-0.03141268600228658,-1.5292599289222644
37.84,1.612903225806452,-1.612903225806452,0.0,0.0,576.1139050060609,0.03131775612249264,-0.03141268603173013,-1.5292599341674964
37.85,1.612903225806452,-1.612903225806452,0.0,0.0,576.1103835771818,0.031317756124868965,-0.03141268606039381,-1.5292599378238063
37.86,1.612903225806452,-1.612903225806452,0.0,0.0,576.1068621483032,0.03131775612582405,-0.031412686088206604,-1.5292599401193068
37.87,1.612903225806452,-1.612903225806452,0.0,0.0,576.103340719425,0.03131775612557715,-0.031412686115115176,-1.5292599412545436
37.88,1.612903225806452,-1.612903225806452,0.0,0.0,576.0998192905472,0.03131775612432146,-0.0314126861410801,-1.529259941406675
37.89,1.612903225806452,-1.612903225806452,0.0,0.0,576.0962978616698,0.03131775612222579,-0.031412686166075204,-1.529259940730846
37.9,1.612903225806452,-1.612903225806452,0.0,0.0,576.0927764327927,0.03131775611943807,-0.03141268619008475,-1.5292599393634545
37.91,1.612903225806452,-1.612903225806452,0.0,0.0,576.0892550039159,0.03131775611608738,-0.031412686213102295,-1.5292599374238072
37.92,1.612903225806452,-1.612903225806452,0.0,0.0,576.0857335750395,0.031317756112286044,-0.03141268623512919,-1.5292599350161216
37.93,1.612903225806452,-1.612903225806452,0.0,0.0,576.0822121461633,0.031317756108131437,-0.0314126862561734,-1.5292599322311056
37.94,1.612903225806452,-1.612903225806452,0.0,0.0,576.0786907172875,0.031317756103708266,-0.031412686276247936,-1.5292599291479252
37.95,1.612903225806452,-1.612903225806452,0.0,0.0,576.0751692884119,0.03131775609908907,-0.03141268629537086,-1.5292599258347612
37.96,1.612903225806452,-1.612903225806452,0.0,0.0,576.0716478595365,0.03131775609433653,-0.03141268631356341,-1.5292599223508183
37.97,1.612903225806452,-1.612903225806452,0.0,0.0,576.0681264306613,0.0313177560895042,-0.03141268633084997,-1.529259918746945
37.98,1.612903225806452,-1.612903225806452,0.0,0.0,576.0646050017863,0.031317756084637466,-0.03141268634725722,-1.5292599150666053
37.99,1.612903225806452,-1.612903225806452,0.0,0.0,576.0610835729115,0.031317756079775105,-0.031412686362813275,-1.5292599113471912
38.0,1.612903225806452,-1.612903225806452,0.0,0.0,576.0575621440368,0.031317756074949285,-0.03141268637754806,-1.5292599076199942
38.01,1.612903225806452,-2.258064516129032,0.0,0.0,576.053954397805,0.030113474893992576,-0.08261194216965931,-2.443745745419959
38.02,1.612903225806452,-2.258064516129032,0.0,0.0,10.56359377561977,0.029251336812439993,-0.07891515493495638,-2.7492320626149063
38.03,1.612903225806452,-2.258064516129032,0.0,0.0,576.0465228357738,0.028669156932874557,-0.07552136964659417,-2.8701969690532767
38.04,1.612903225806452,-2.258064516129032,0.0,0.0,576.042716878553,0.028311616109521875,-0.07240221502166741,-2.932071957233218
38.05,1.612903225806452,-2.258064516129032,0.0,0.0,576.0388607007209,0.02813432138591304,-0.06953614069467964,-2.968574011850338
38.06,1.612903225806452,-2.258064516129032,0.0,0.0,576.0349605247434,0.028100398878810856,-0.06690377559582489,-2.9919914140554646
38.07,1.612903225806452,-2.258064516129032,0.0,0.0,576.0310217438853,0.02817864617967164,-0.06448607252679428,-3.007909142379855
38.08,1.612903225806452,-2.258064516129032,0.0,0.0,576.0270490415711,0.028343452408210346,-0.06226562605946134,-3.019174674197724
38.09,1.612903225806452,-2.258064516129032,0.0,0.0,576.023046498632,0.028574025034930187,-0.06022671156583759,-3.027373455603487
38.1,1.612903225806452,-2.258064516129032,0.0,0.0,576.0190176817526,0.02885351775516584,-0.058355018070128856,-3.0334554363589388
38.11,1.612903225806452,-2.258064516129032,0.0,0.0,576.0149657142966,0.029168226956774693,-0.056637383920240314,-3.0380281956528696
38.12,1.612903225806452,-2.258064516129032,0.0,0.0,576.0108933301909,0.029506830368522904,-0.055061531535443325,-3.041509308851618
38.13,1.612903225806452,-2.258064516129032,0.0,0.0,576.0068029157744,0.02985983799897622,-0.053615887073353546,-3.044205203958629
38.14,1.612903225806452,-2.258064516129032,0.0,0.0,576.0026965711683,0.03022025400101687,-0.05229010157345804,-3.0463065303913295
38.15,1.612903225806452,-2.258064516129032,0.0,0.0,575.9985761961237,0.030584374509105852,-0.051075736505169334,-3.0478725649099316
38.16,1.612903225806452,-2.258064516129032,0.0,0.0,575.9944434866728,0.030948338442212175,-0.04996430754296233,-3.0489869593172507
38.17,1.612903225806452,-2.258064516129032,0.0,0.0,575.9902999237738,0.03130783621270132,-0.04894709081651907,-3.049764255040086
38.18,1.612903225806452,-2.258064516129032,0.0,0.0,575.9861468011984,0.03165955395574882,-0.04801605668665748,-3.05029093367386
38.19,1.612903225806452,-2.258064516129032,0.0,0.0,575.9819852641134,0.03200153072410883,-0.04716416063423151,-3.0506129487265414
38.2,1.612903225806452,-2.258064516129032,0.0,0.0,575.9778163376815,0.032332744312929984,-0.046385152620700754,-3.0507512456114383
38.21,1.612903225806452,-2.258064516129032,0.0,0.0,575.9736409354228,0.03265233226663887,-0.04567312956893246,-3.050728416870995
38.22,1.612903225806452,-2.258064516129032,0.0,0.0,575.96945986237,0.03295939421366603,-0.0450224174931462,-3.050574191298411
38.23,1.612903225806452,-2.258064516129032,0.0,0.0,575.9652738233884,0.03325318302427327,-0.0444276934068506,-3.050318042369023
38.24,1.612903225806452,-2.258064516129032,0.0,0.0,575.961083434654,0.033533219305505985,-0.04388406209992704,-3.049984695791526
38.25,1.612903225806452,-2.258064516129032,0.0,0.0,575.9568892353498,0.03379929794659306,-0.04338706292317343,-3.0495932571723188
38.26,1.612903225806452,-2.258064516129032,0.0,-0.0,575.9526916983352,0.034051450578814854,-0.04293264505012084,-3.0491577834504557
38.27,1.612903225806452,-2.258064516129032,0.0,-0.0,575.9484912393601,0.03428989412174124,-0.04251713069919591,-3.048688328866099
38.28,1.612903225806452,-2.258064516129032,0.0,-0.0,575.9442882247051,0.034514976557813826,-0.04213717405713091,-3.048192127529619
38.29,1.612903225806452,-2.258064516129032,0.0,-0.0,575.9400829773518,0.034727127725179815,-0.041789721372421484,-3.047674686235132
38.3,1.612903225806452,-2.258064516129032,0.0,-0.0,575.9358757819681,0.0349268216351281,-0.04147197682257378,-3.0471405993929954
38.31,1.612903225806452,-2.258064516129032,0.0,-0.0,575.9316668890651,0.03511455264481292,-0.04118137614316911,-3.046594016008148
38.32,1.612903225806452,-2.258064516129032,0.0,-0.0,575.9274565186253,0.03529082307835321,-0.04091556697784568,-3.0460388208897076
38.33,1.612903225806452,-2.258064516129032,0.0,-0.0,575.9232448633859,0.03545613775541674,-0.04067239344488316,-3.0454786510175693
38.34,1.612903225806452,-2.258064516129032,0.0,-0.0,575.9190320918588,0.03561100149431594,-0.04044988267355171,-3.044916851261759
38.35,1.612903225806452,-2.258064516129032,0.0,-0.0,575.91481835111,0.03575591731241126,-0.04024623202100633,-3.0443564289350444
38.36,1.612903225806452,-2.258064516129032,0.0,-0.0,575.9106037692987,0.035891384438315646,-0.040059796511208084,-3.0438000294654617
38.37,1.612903225806452,-2.258064516129032,0.0,-0.0,575.9063884579754,0.036017896017526765,-0.03988907649543502,-3.0432499351458975
38.38,1.612903225806452,-2.258064516129032,0.0,-0.0,575.9021725141415,0.03613593668237733,-0.039732705698240695,-3.0427080812500957
38.39,1.612903225806452,-2.258064516129032,0.0,-0.0,575.8979560220839,0.036245980198002264,-0.039589439822280054,-3.042176082671735
38.4,1.612903225806452,-2.258064516129032,0.0,-0.0,575.893739054996,0.03634848734421223,-0.03945814583767629,-3.04165526554558
38.41,1.612903225806452,-2.258064516129032,0.0,-0.0,575.8895216764059,0.03644390412512322,-0.03933779202526749,-3.041146700068806
38.42,1.612903225806452,-2.258064516129032,0.0,-0.0,575.8853039414295,0.03653266034232035,-0.03922743879647381,-3.0406512322275074
38.43,1.612903225806452,-2.258064516129032,0.0,-0.0,575.8810858978668,0.0366151685290641,-0.039126230279476926,-3.040169513200798
38.44,1.612903225806452,-2.258064516129032,0.0,-0.0,575.8768675871597,0.03669182322018237,-0.039033386640320494,-3.039702025901445
38.45,1.612903225806452,-2.258064516129032,0.0,-0.0,575.8726490452275,0.03676300052062885,-0.03894819709540079,-3.0392491085360533
38.46,1.612903225806452,-2.258064516129032,0.0,-0.0,575.8684303031943,0.03682905793131576,-0.038870013565928146,-3.0388109752932824
38.47,1.612903225806452,-2.258064516129032,0.0,-0.0,575.8642113880227,0.036890334390943386,-0.038798244923073405,-3.038387734392834
38.48,1.612903225806452,-2.258064516129032,0.0,-0.0,575.859992323065,0.0369471504951179,-0.03873235177321391,-3.037979403770326
38.49,1.612903225806452,-2.258064516129032,0.0,-0.0,575.8557731285416,0.03699980885785531,-0.03867184173487004,-3.0375859246818653
38.5,1.612903225806452,-2.258064516129032,0.0,-0.0,575.8515538219581,0.037048594584816436,-0.03861626516191377,-3.0372071734976998
38.51,1.612903225806452,-2.258064516129032,0.0,-0.0,575.8473344184662,0.037093775831852346,-0.0385652112709981,-3.036842971927709
38.52,1.612903225806452,-2.258064516129032,0.0,-0.0,575.8431149311782,0.0371356044264273,-0.03851830463461195,-3.0364930958945484
38.53,1.612903225806452,-2.258064516129032,0.0,-0.0,575.8388953714394,0.03717431653309761,-0.03847520200455978,-3.036157283241262
38.54,1.612903225806452,-2.258064516129032,0.0,-0.0,575.8346757490643,0.037210133347418906,-0.038435589433895634,-3.0358352404337943
38.55,1.612903225806452,-2.258064516129032,0.0,-0.0,575.8304560725422,0.037243261805440186,-0.038399179668357875,-3.035526648396606
38.56,1.612903225806452,-2.258064516129032,0.0,-0.0,575.826236349215,0.037273895298323936,-0.03836570978114859,-3.035231167595546
38.57,1.612903225806452,-2.258064516129032,0.0,-0.0,575.8220165854312,0.03730221438368289,-0.03833493902744059,-3.0349484424693003
38.58,1.612903225806452,-2.258064516129032,0.0,-0.0,575.81779678668,0.03732838748694085,-0.038306646897324076,-3.034678105293524
38.59,1.612903225806452,-2.258064516129032,0.0,-0.0,575.8135769577068,0.03735257158747192,-0.03828063134801454,-3.0344197795479646
38.6,1.612903225806452,-2.258064516129032,0.0,-0.0,575.809357102614,0.037374912885494174,-0.038256707198037615,-3.034173082849633
38.61,1.612903225806452,-2.258064516129032,0.0,-0.0,575.8051372249473,0.03739554744669829,-0.03823470466783066,-3.0339376295039115
38.62,1.612903225806452,-2.258064516129032,0.0,-0.0,575.8009173277718,0.03741460182243159,-0.038214468052743505,-3.0337130327195436
38.63,1.612903225806452,-2.258064516129032,0.0,-0.0,575.7966974137363,0.03743219364394623,-0.03819585451581775,-3.0334989065261686
38.64,1.612903225806452,-2.258064516129032,0.0,-0.0,575.7924774851301,0.03744843218979037,-0.038178732988970926,-3.0332948674293956
38.65,1.612903225806452,-2.258064516129032,0.0,-0.0,575.7882575439319,0.0374634189258788,-0.038162983172342096,-3.033100535832925
38.66,1.612903225806452,-2.258064516129032,0.0,-0.0,575.7840375918515,0.03747724801815322,-0.03814849462256792,-3.0329155372536434
38.67,1.612903225806452,-2.258064516129032,0.0,-0.0,575.7798176303669,0.03749000681804418,-0.03813516592166358,-3.032739503353529
38.68,1.612903225806452,-2.258064516129032,0.0,-0.0,575.7755976607552,0.037501776321179334,-0.03812290391900508,-3.032572072808352
38.69,1.612903225806452,-2.258064516129032,0.0,-0.0,575.7713776841205,0.03751263159996898,-0.038111623039642495,-3.0324128920312083
38.7,1.612903225806452,-2.258064516129032,0.0,-0.0,10.280480055253966,0.03752264221084274,-0.03810124465283185,-3.0322616157675935
38.71,1.612903225806452,-2.258064516129032,0.0,-0.0,575.7629377134689,0.03753187257701228,-0.03809169649527014,-3.0321179075758335
38.72,1.612903225806452,-2.258064516129032,0.0,-0.0,575.75871772099,0.037540382347714896,-0.038082912144047854,-3.031981440206313
38.73,1.612903225806452,-2.258064516129032,0.0,-0.0,575.7544977245966,0.03754822673493781,-0.03807483053481739,-3.031851895890242
38.74,1.612903225806452,-2.258064516129032,0.0,-0.0,575.7502777248217,0.03755545682866161,-0.03806739552109864,-3.0317289665499727
38.75,1.612903225806452,-2.258064516129032,0.0,-0.0,575.7460577221261,0.037562119891663484,-0.03806055547104284,-3.0316123539381232
38.76,1.612903225806452,-2.258064516129032,0.0,-0.0,575.7418377169087,0.037568259634933585,-0.03805426289831301,-3.0315017697158777
38.77,1.612903225806452,-2.258064516129032,0.0,-0.0,575.7376177095141,0.037573916474736443,-0.0380484741240629,-3.0313969354763692
38.78,1.612903225806452,-2.258064516129032,0.0,-0.0,575.7333977002406,0.03757912777233967,-0.038043148967272705,-3.031297582721239
38.79,1.612903225806452,-2.258064516129032,0.0,-0.0,575.7291776893463,0.037583928057401655,-0.03803825046095824,-3.031203452796095
38.8,1.612903225806452,-2.258064516129032,0.0,-0.0,575.7249576770546,0.037588349235979174,-0.038033744592000845,-3.0311142967899554
38.81,1.612903225806452,-2.258064516129032,0.0,-0.0,575.7207376635585,0.0375924207840834,-0.038029600062551044,-3.0310298754037963
38.82,1.612903225806452,-2.258064516129032,0.0,-0.0,575.7165176490253,0.037596169927681,-0.0380257880711416,-3.0309499587942783
38.83,1.612903225806452,-2.258064516129032,0.0,-0.0,575.7122976335997,0.03759962180998257,-0.03802228211182934,-3.030874326393282
38.84,1.612903225806452,-2.258064516129032,0.0,-0.0,575.7080776174071,0.03760279964684207,-0.038019057789817595,-3.030802766710391
38.85,1.612903225806452,-2.258064516129032,0.0,-0.0,575.7038576005558,0.037605724871035695,-0.038016092652163935,-3.0307350771198647
38.86,1.612903225806452,-2.258064516129032,0.0,-0.0,575.6996375831397,0.03760841726615022,-0.0380133660323016,-3.0306710636340806
38.87,1.612903225806452,-2.258064516129032,0.0,-0.0,575.6954175652402,0.037610895090782775,-0.03801085890720421,-3.030610540668665
38.88,1.612903225806452,-2.258064516129032,0.0,-0.0,575.6911975469275,0.03761317519369842,-0.0380085537661429,-3.030553330798874
38.89,1.612903225806452,-2.258064516129032,0.0,-0.0,575.6869775282624,0.037615273120567755,-0.038006434490063995,-3.030499264510869
38.9,1.612903225806452,-2.258064516129032,0.0,-0.0,575.6827575092979,0.03761720321286474,-0.03800448624070543,-3.0304481799495924
38.91,1.612903225806452,-2.258064516129032,0.0,-0.0,575.6785374900792,0.03761897869946697,-0.03800269535864914,-3.0303999226636997
38.92,1.612903225806452,-2.258064516129032,0.0,-0.0,575.6743174706459,0.03762061178147577,-0.03800104926956696,-3.0303543453508968
38.93,1.612903225806452,-2.258064516129032,0.0,-0.0,575.670097451032,0.03762211371072892,-0.03799953639799328,-3.0303113076027532
38.94,1.612903225806452,-2.258064516129032,0.0,-0.0,575.665877431267,0.03762349486245928,-0.03799814608800359,-3.0302706756515483
38.95,1.612903225806452,-2.258064516129032,0.0,-0.0,575.6616574113763,0.037624764802519015,-0.037996868530235206,-3.0302323221201957
38.96,1.612903225806452,-2.258064516129032,0.0,-0.0,575.6574373913818,0.03762593234955437,-0.03799569469473954,-3.0301961257740064
38.97,1.612903225806452,-2.258064516129032,0.0,-0.0,575.6532173713025,0.037627005632507676,-0.037994616269183185,-3.030161971278388
38.98,1.612903225806452,-2.258064516129032,0.0,-0.0,575.6489973511545,0.03762799214377466,-0.037993625601975556,-3.030129748959312
38.99,1.612903225806452,-2.258064516129032,0.0,-0.0,575.644777330952,0.03762889878834644,-0.03799271564991527,-3.03009935457056
39.0,1.612903225806452,-2.258064516129032,0.0,-0.0,10.153879664544197,0.03762973192922037,-0.037991879930000916,-3.0300706890648574
39.01,1.612903225806452,-2.258064516129032,0.0,-0.0,575.6363372904297,0.03763049742936361,-0.037991112475063954,-3.0300436583718455
39.02,1.612903225806452,-2.258064516129032,0.0,-0.0,575.6321172701289,0.03763120069048091,-0.037990407792919983,-3.0300181731821034
39.03,1.612903225806452,-2.258064516129032,0.0,-0.0,575.6278972498122,0.037631846688822745,-0.03798976082875932,-3.0299941487367774
39.04,1.612903225806452,-2.258064516129032,0.0,-0.0,575.623677229486,0.03763244000825797,-0.037989166930513435,-3.0299715046242897
39.05,1.612903225806452,-2.258064516129032,0.0,-0.0,575.6194572091556,0.03763298487081289,-0.037988621816963414,-3.0299501645832265
39.06,1.612903225806452,-2.258064516129032,0.0,-0.0,575.6152371888256,0.037633485164868904,-0.03798812154836981,-3.0299300563121347
39.07,1.612903225806452,-2.258064516129032,0.0,-0.0,575.6110171684999,0.037633944471190714,-0.03798766249942662,-3.0299111112851085
39.08,1.612903225806452,-2.258064516129032,0.0,-0.0,575.6067971481816,0.03763436608695597,-0.037987241334349275,-3.0298932645752092
39.09,1.612903225806452,-2.258064516129032,0.0,-0.0,575.6025771278734,0.03763475304792814,-0.037986854983934754,-3.029876454682937
39.1,1.612903225806452,-2.258064516129032,0.0,-0.0,575.5983571075774,0.03763510814892343,-0.037986500624428515,-3.029860623372877
39.11,1.612903225806452,-2.258064516129032,0.0,-0.0,575.5941370872954,0.03763543396269066,-0.03798617565806561,-3.0298457155149197
39.12,1.612903225806452,-2.258064516129032,0.0,-0.0,575.5899170670288,0.037635732857334375,-0.03798587769514375,-3.0298316789332254
39.13,1.612903225806452,-2.258064516129032,0.0,-0.0,575.5856970467786,0.037636007012386175,-0.03798560453751376,-3.0298184642606767
39.14,1.612903225806452,-2.258064516129032,0.0,-0.0,575.5814770265457,0.037636258433628875,-0.037985354163373536,-3.0298060247992407
39.15,1.612903225806452,-2.258064516129032,0.0,-0.0,575.5772570063307,0.03763648896677063,-0.0379851247132611,-3.0297943163866727
39.16,1.612903225806452,-2.258064516129032,0.0,-0.0,575.573036986134,0.03763670031005531,-0.03798491447715455,-3.0297832972687258
39.17,1.612903225806452,-2.258064516129032,0.0,-0.0,575.5688169659558,0.03763689402589045,-0.037984721882590944,-3.029772927976709
39.18,1.612903225806452,-2.258064516129032,0.0,-0.0,575.5645969457961,0.03763707155157009,-0.03798454548372254,-3.029763171210802
39.19,1.612903225806452,-2.258064516129032,0.0,-0.0,575.560376925655,0.037637234209161596,-0.03798438395123738,-3.0297539917287253
39.2,1.612903225806452,-2.258064516129032,0.0,-0.0,575.5561569055324,0.0376373832146189,-0.037984236063077215,-3.029745356239037
39.21,1.612903225806452,-2.258064516129032,0.0,-0.0,10.065259239265165,0.03763751968618313,-0.03798410069588967,-3.0297372332992225
39.22,1.612903225806452,-2.258064516129032,0.0,-0.0,575.5477168653415,0.03763764465212929,-0.03798397681715296,-3.029729593219651
39.23,1.612903225806452,-2.258064516129032,0.0,-0.0,575.5434968452727,0.03763775905790176,-0.03798386347792729,-3.029722407970627
39.24,1.612903225806452,-2.258064516129032,0.0,-0.0,575.539276825221,0.03763786377269303,-0.03798375980617755,-3.0297156510947394
39.25,1.612903225806452,-2.258064516129032,0.0,-0.0,575.5350568051862,0.037637959595506226,-0.037983665000624306,-3.029709297623443
39.26,1.612903225806452,-2.258064516129032,0.0,-0.0,575.5308367851676,0.03763804726073909,-0.03798357832508423,-3.0297033239969036
39.27,1.612903225806452,-2.258064516129032,0.0,-0.0,575.5266167651649,0.03763812744333289,-0.03798349910325477,-3.029697707989105
39.28,1.612903225806452,-2.258064516129032,0.0,-0.0,575.5223967451776,0.037638200763511084,-0.037983426713917356,-3.0296924286349998
39.29,1.612903225806452,-2.258064516129032,0.0,-0.0,575.5181767252052,0.03763826779114968,-0.03798336058651605,-3.0296874661629354
39.3,1.612903225806452,-2.258064516129032,0.0,-0.0,575.5139567052471,0.03763832904979922,-0.037983300197091036,-3.0296828019291593
39.31,1.612903225806452,-2.258064516129032,0.0,-0.0,575.5097366853028,0.037638385020391754,-0.03798324506453235,-3.0296784183565126
39.32,1.612903225806452,-2.258064516129032,0.0,-0.0,575.5055166653717,0.03763843614465415,-0.03798319474713244,-3.0296742988759213
39.33,1.612903225806452,-2.258064516129032,0.0,-0.0,575.5012966454535,0.03763848282825086,-0.03798314883941342,-3.0296704278706605
39.34,1.612903225806452,-2.258064516129032,0.0,-0.0,10.010398979384822,0.03763852544367857,-0.03798310696920598,-3.029666790623712
39.35,1.612903225806452,-2.258064516129032,0.0,-0.0,575.4928566056535,0.037638564332932445,-0.037983068794960106,-3.029663373268196
39.36,1.612903225806452,-2.258064516129032,0.0,-0.0,10.001958939608008,0.03763859980995932,-0.03798303400327219,-3.029660162739717
39.37,1.612903225806452,-2.258064516129032,0.0,-0.0,575.4844165658989,0.03763863216291681,-0.037983002306607866,-3.029657146731557
39.38,1.612903225806452,-2.258064516129032,0.0,-0.0,575.4801965460373,0.0376386616562541,-0.03798297344120624,-3.029654313652549
39.39,1.612903225806452,-2.258064516129032,0.0,-0.0,575.4759765261856,0.03763868853262535,-0.03798294716515302,-3.029651652586548
39.4,1.612903225806452,-2.258064516129032,0.0,-0.0,575.4717565063434,0.037638713014652006,-0.03798292325660649,-3.029649153254482
39.41,1.612903225806452,-2.258064516129032,0.0,-0.0,575.4675364865102,0.03763873530654485,-0.037982901512165795,-3.0296468059784525
39.42,1.612903225806452,-2.258064516129032,0.0,-0.0,575.4633164666857,0.03763875559559504,-0.03798288174537062,-3.029644601647318
39.43,1.612903225806452,-2.258064516129032,0.0,-0.0,575.4590964468694,0.03763877405354858,-0.03798286378531973,-3.0296425316848015
39.44,1.612903225806452,-2.258064516129032,0.0,-0.0,575.4548764270609,0.03763879083786943,-0.03798284747540101,-3.029640588019008
39.45,1.612903225806452,-2.258064516129032,0.0,-0.0,575.4506564072598,0.03763880609290095,-0.03798283267212457,-3.029638763053268
39.46,1.612903225806452,-2.258064516129032,0.0,-0.0,575.4464363874658,0.03763881995093682,-0.03798281924404712,-3.029637049639462
39.47,1.612903225806452,-2.258064516129032,0.0,-0.0,575.4422163676786,0.03763883253320213,-0.0379828070707868,-3.0296354410514863
39.48,1.612903225806452,-2.258064516129032,0.0,-0.0,575.4379963478978,0.03763884395076038,-0.03798279604211277,-3.029633930961723
39.49,1.612903225806452,-2.258064516129032,0.0,-0.0,575.433776328123,0.03763885430534425,-0.037982786057111584,-3.029632513417729
39.5,1.612903225806452,-2.258064516129032,0.0,-0.0,575.4295563083541,0.037638863690120025,-0.037982777023420566,-3.029631182820307
39.51,1.612903225806452,-2.258064516129032,0.0,-0.0,575.4253362885906,0.03763887219039176,-0.03798276885652138,-3.0296299339033625
39.52,1.612903225806452,-2.258064516129032,0.0,-0.0,575.4211162688324,0.03763887988424819,-0.037982761479091964,-3.029628761714562
39.53,1.612903225806452,-2.258064516129032,0.0,-0.0,575.4168962490792,0.03763888684315618,-0.0379827548204113,-3.029627661596849
39.54,1.612903225806452,-2.258064516129032,0.0,-0.0,575.4126762293306,0.0376388931325074,-0.037982748815812484,-3.029626629171219
39.55,1.612903225806452,-2.258064516129032,0.0,-0.0,575.4084562095865,0.03763889881212128,-0.037982743406178354,-3.0296256603208036
39.56,1.612903225806452,-2.258064516129032,0.0,-0.0,575.4042361898466,0.03763890393670602,-0.03798273853748055,-3.0296247511753114
39.57,1.612903225806452,-2.258064516129032,0.0,-0.0,575.4000161701108,0.03763890855628138,-0.037982734160356024,-3.029623898096222
39.58,1.612903225806452,-2.258064516129032,0.0,-0.0,575.3957961503787,0.03763891271657052,-0.037982730229715406,-3.0296230976638294
39.59,1.612903225806452,-2.258064516129032,0.0,-0.0,575.3915761306503,0.037638916459356714,-0.03798272670438593,-3.029622346664041
39.6,1.612903225806452,-2.258064516129032,0.0,-0.0,9.900678464762441,0.03763891982281152,-0.03798272354678375,-3.0296216420760227
39.61,1.612903225806452,-2.258064516129032,0.0,-0.0,575.3831360912034,0.03763892284179751,-0.03798272072261097,-3.029620981061118
39.62,1.612903225806452,-2.258064516129032,0.0,-0.0,575.3789160714846,0.03763892554814581,-0.037982718200578997,-3.029620360952066
39.63,1.612903225806452,-2.258064516129032,0.0,-0.0,575.3746960517686,0.0376389279709094,-0.03798271595215513,-3.0296197792425197
39.64,1.612903225806452,-2.258064516129032,0.0,-0.0,575.3704760320554,0.037638930136598234,-0.03798271395132796,-3.0296192335779324
39.65,1.612903225806452,-2.258064516129032,0.0,-0.0,575.3662560123447,0.037638932069392506,-0.03798271217439492,-3.0296187217460937
39.66,1.612903225806452,-2.258064516129032,0.0,-0.0,575.3620359926365,0.037638933791341034,-0.03798271059976388,-3.029618241669211
39.67,1.612903225806452,-2.258064516129032,0.0,-0.0,9.871138326767769,0.0376389353225397,-0.0379827092077758,-3.0296177913951197
39.68,1.612903225806452,-2.258064516129032,0.0,-0.0,575.3535959532268,0.03763893668129961,-0.03798270798053685,-3.0296173690905572
39.69,1.612903225806452,-2.258064516129032,0.0,-0.0,575.349375933525,0.037638937884297716,-0.037982706901768415,-3.029616973033608
39.7,1.612903225806452,-2.258064516129032,0.0,-0.0,575.3451559138252,0.03763893894671662,-0.03798270595666792,-3.0296166016071573
39.71,1.612903225806452,-2.258064516129032,0.0,-0.0,575.3409358941273,0.03763893988237266,-0.037982705131781425,-3.0296162532926005
39.72,1.612903225806452,-2.258064516129032,0.0,-0.0,575.336715874431,0.03763894070383299,-0.037982704414887075,-3.029615926663935
39.73,1.612903225806452,-2.258064516129032,0.0,-0.0,575.3324958547364,0.037638941422523664,-0.03798270379488766,-3.0296156203823057
39.74,1.612903225806452,-2.258064516129032,0.0,-0.0,575.3282758350433,0.037638942048826646,-0.037982703261714296,-3.0296153331903133
39.75,1.612903225806452,-2.258064516129032,0.0,-0.0,575.3240558153517,0.03763894259217271,-0.037982702806234114,-3.029615063907884
39.76,1.612903225806452,-2.258064516129032,0.0,-0.0,575.3198357956614,0.03763894306112167,-0.03798270242017052,-3.029614811426835
39.77,1.612903225806452,-2.258064516129032,0.0,-0.0,575.3156157759724,0.0376389434634396,-0.03798270209602661,-3.029614574706969
39.78,1.612903225806452,-2.258064516129032,0.0,-0.0,575.3113957562847,0.037638943806168404,-0.03798270182701638,-3.029614352771969
39.79,1.612903225806452,-2.258064516129032,0.0,-0.0,575.3071757365981,0.03763894409568819,-0.03798270160700268,-3.029614144705199
39.8,1.612903225806452,-2.258064516129032,0.0,-0.0,575.3029557169126,0.03763894433777701,-0.037982701430438054,-3.0296139496465293
39.81,1.612903225806452,-2.258064516129032,0.0,-0.0,575.2987356972282,0.03763894453766266,-0.037982701292313514,-3.029613766788467
39.82,1.612903225806452,-2.258064516129032,0.0,-0.0,575.2945156775446,0.03763894470007262,-0.03798270118810926,-3.029613595373288
39.83,1.612903225806452,-2.258064516129032,0.0,-0.0,575.290295657862,0.03763894482927861,-0.03798270111375049,-3.029613434690019
39.84,1.612903225806452,-2.258064516129032,0.0,-0.0,575.2860756381803,0.03763894492913662,-0.03798270106556775,-3.029613284071372
39.85,1.612903225806452,-2.258064516129032,0.0,-0.0,575.2818556184993,0.03763894500312444,-0.037982701040260275,-3.0296131428910784
39.86,1.612903225806452,-2.258064516129032,0.0,-0.0,575.2776355988191,0.03763894505437625,-0.03798270103486137,-3.029613010561607
39.87,1.612903225806452,-2.258064516129032,0.0,-0.0,575.2734155791396,0.03763894508571432,-0.037982701046707396,-3.029612886531923
39.88,1.612903225806452,-2.258064516129032,0.0,-0.0,575.2691955594609,0.03763894509967533,-0.037982701073412034,-3.0296127702845896
39.89,1.612903225806452,-2.258064516129032,0.0,-0.0,575.2649755397827,0.03763894509853852,-0.03798270111283816,-3.029612661334368
39.9,1.612903225806452,-2.258064516129032,0.0,-0.0,575.260755520105,0.03763894508434912,-0.03798270116307517,-3.02961255922615
39.91,1.612903225806452,-2.258064516129032,0.0,-0.0,575.256535500428,0.037638945058939346,-0.03798270122241815,-3.02961246353289
39.92,1.612903225806452,-2.258064516129032,0.0,-0.0,575.2523154807515,0.03763894502394856,-0.037982701289348136,-3.0296123738539937
39.93,1.612903225806452,-2.258064516129032,0.0,-0.0,575.2480954610754,0.03763894498084093,-0.037982701362514776,-3.0296122898135804
39.94,1.612903225806452,-2.258064516129032,0.0,-0.0,575.2438754413998,0.037638944930923096,-0.03798270144071911,-3.0296122110593022
39.95,1.612903225806452,-2.258064516129032,0.0,-0.0,575.2396554217247,0.03763894487535803,-0.0379827015228999,-3.0296121372605676
39.96,1.612903225806452,-2.258064516129032,0.0,-0.0,575.23543540205,0.03763894481517904,-0.03798270160811984,-3.029612068107314
39.97,1.612903225806452,-2.258064516129032,0.0,-0.0,575.2312153823757,0.03763894475130207,-0.03798270169555387,-3.029612003308629
39.98,1.612903225806452,-2.258064516129032,0.0,-0.0,575.2269953627017,0.037638944684537934,-0.03798270178447688,-3.029611942591906
39.99,1.612903225806452,-2.258064516129032,0.0,-0.0,575.2227753430282,0.03763894461560208,-0.037982701874254454,-3.0296118857015006
40.0,1.612903225806452,-2.258064516129032,0.0,-0.0,575.2185553233548,0.03763894454512248,-0.037982701964335036,-3.0296118323972334
40.01,1.612903225806452,-2.903225806451612,0.0,-0.0,575.2142587087216,0.03658708710960809,-0.08961871127301782,-3.034162804512491
40.02,1.612903225806452,-2.903225806451612,0.0,-0.0,9.723216513252728,0.03579183773370119,-0.08629711947780941,-3.038001366383211
40.03,1.612903225806452,-2.903225806451612,0.0,-0.0,575.2054693068096,0.03521224258713815,-0.08322233465393783,-3.041220059605795
40.04,1.612903225806452,-2.903225806451612,0.0,-0.0,575.200990874456,0.03481271635517495,-0.08037492817483652,-3.043903130257221
40.05,1.612903225806452,-2.903225806451612,0.0,-0.0,575.1964647929777,0.03456266947699263,-0.07773743809851894,-3.046121331094465
40.06,1.612903225806452,-2.903225806451612,0.0,-0.0,575.19189630003,0.034435931805451556,-0.07529404071883875,-3.0479355377117723
40.07,1.612903225806452,-2.903225806451612,0.0,-0.0,575.1872900273095,0.03441021069942335,-0.07303030759896229,-3.04939877304764
40.08,1.612903225806452,-2.903225806451612,0.0,-0.0,9.695972430178008,0.034466592030858445,-0.07093302442853805,-3.050557355072335
40.09,1.612903225806452,-2.903225806451612,0.0,-0.0,575.1779800843547,0.03458908447089612,-0.06899004633249159,-3.0514517385978994
40.1,1.612903225806452,-2.903225806451612,0.0,-0.0,575.1732832814051,0.03476420863504627,-0.06719017778335332,-3.0521172470353277
40.11,1.612903225806452,-2.903225806451612,0.0,-0.0,575.1685625397589,0.03498063074472499,-0.06552307065792143,-3.0525847636655583
40.12,1.612903225806452,-2.903225806451612,0.0,-0.0,575.1638204164622,0.03522883779599291,-0.06397913558074178,-3.0528814242842124
40.13,1.612903225806452,-2.903225806451612,0.0,-0.0,575.1590591898849,0.035500851266325045,-0.06254946331580027,-3.0530313133042473
40.14,1.612903225806452,-2.903225806451612,0.0,-0.0,575.1542808911865,0.03578998487556881,-0.0612257591611752,-3.05305600019383
40.15,1.612903225806452,-2.903225806451612,0.0,-0.0,575.1494873322554,0.03609066861498075,-0.06000030531583253,-3.052974472591792
40.16,1.612903225806452,-2.903225806451612,0.0,-0.0,575.1446801320142,0.03639834905252137,-0.05886596149402584,-3.0528022542227484
40.17,1.612903225806452,-2.903225806451612,0.0,-0.0,575.1398607408341,0.03670938383785263,-0.05781615581190261,-3.0525510276999794
40.18,1.612903225806452,-2.903225806451612,0.0,-0.0,575.1350304599412,0.03702082688437211,-0.05684479616405794,-3.052230368532135
40.19,1.612903225806452,-2.903225806451612,0.0,-0.0,575.1301904554606,0.03733020983157015,-0.05594616380648082,-3.0518497971723426
40.2,1.612903225806452,-2.903225806451612,0.0,-0.0,575.1253417705142,0.03763545571833929,-0.05511488169238607,-3.0514189614183183
40.21,1.612903225806452,-2.903225806451612,0.0,-0.0,575.1204853372982,0.037934865807951634,-0.054345926466215555,-3.0509468621423124
40.22,1.612903225806452,-2.903225806451612,0.0,-0.0,575.1156219888956,0.03822709912852636,-0.05363463283432249,-3.050441336126865
40.23,1.612903225806452,-2.903225806451612,0.0,-0.0,575.1107524702052,0.03851113167213861,-0.05297668084844434,-3.0499089679911213
40.24,1.612903225806452,-2.903225806451612,0.0,-0.0,575.1058774476494,0.038786205614250335,-0.052368072664816356,-3.0493552562749398
40.25,1.612903225806452,-2.903225806451612,0.0,-0.0,575.1009975175987,0.03905177848970068,-0.051805105599870976,-3.0487848714181607
40.26,1.612903225806452,-2.903225806451612,0.0,-0.0,575.0961132136489,0.03930747925342033,-0.05128434655219724,-3.048201891013947
40.27,1.612903225806452,-2.903225806451612,0.0,-0.0,9.604547366819238,0.03955307429683766,-0.05080261044895587,-3.047609955608228
40.28,1.612903225806452,-2.903225806451612,0.0,-0.0,575.0863333420288,0.039788442591732504,-0.05035694280116118,-3.047012345902183
40.29,1.612903225806452,-2.903225806451612,0.0,-0.0,9.594760935421155,0.040013557171604486,-0.049944605031252975,-3.0464120118794638
40.3,1.612903225806452,-2.903225806451612,0.0,-0.0,575.0765410714575,0.04022847031488094,-0.04956306118674378,-3.0458115839897273
40.31,1.612903225806452,-2.903225806451612,0.0,-0.0,575.0716411147065,0.04043330082116803,-0.04920996522523369,-3.0452133836593553
40.32,1.612903225806452,-2.903225806451612,0.0,-0.0,575.0667389814738,0.04062822266880231,-0.04888314859141343,-3.0446194390119934
40.33,1.612903225806452,-2.903225806451612,0.0,-0.0,575.0618349124601,0.0408134548289264,-0.048580608098211076,-3.0440315056805822
40.34,1.612903225806452,-2.903225806451612,0.0,-0.0,575.0569291220517,0.040989252189828435,-0.04830049422143137,-3.0434510906162475
40.35,1.612903225806452,-2.903225806451612,0.0,-0.0,575.0520218011329,0.04115589757286317,-0.04804109991646974,-3.042879476776593
40.36,1.612903225806452,-2.903225806451612,0.0,-0.0,575.0471131196093,0.04131369479859516,-0.0478008500321255,-3.042317747162879
40.37,1.612903225806452,-2.903225806451612,0.0,-0.0,575.0422032286676,0.04146296273405012,-0.047578291360413166,-3.0417668073016806
40.38,1.612903225806452,-2.903225806451612,0.0,-0.0,575.0372922627997,0.041604030233283684,-0.04737208333270726,-3.0412274057402677
40.39,1.612903225806452,-2.903225806451612,0.0,-0.0,575.0323803416127,0.041737231875296044,-0.04718098935285109,-3.0407001524340727
40.4,1.612903225806452,-2.903225806451612,0.0,-0.0,575.0274675714475,0.041862904403182605,-0.0470038687454323,-3.04018553508982
40.41,1.612903225806452,-2.903225806451612,0.0,-0.0,575.0225540468253,0.041981383773343345,-0.04683966929029662,-3.039683933620423
40.42,1.612903225806452,-2.903225806451612,0.0,-0.0,575.0176398517409,0.04209300273129234,-0.04668742031077375,-3.039195632909119
40.43,1.612903225806452,-2.903225806451612,0.0,-0.0,575.0127250608161,0.042198088839442455,-0.04654622628180358,-3.038720834082619
40.44,1.612903225806452,-2.903225806451612,0.0,-0.0,575.0078097403319,0.04229696289124858,-0.0464152609242143,-3.038259664486845
40.45,1.612903225806452,-2.903225806451612,0.0,-0.0,575.0028939491478,0.042389937654569845,-0.04629376175234365,-3.037812186532226
40.46,1.612903225806452,-2.903225806451612,0.0,-0.0,574.9979777395237,0.042477316894904804,-0.04618102504350108,-3.0373784055610784
40.47,1.612903225806452,-2.903225806451612,0.0,-0.0,574.9930611578516,0.04255939463598307,-0.04607640119936873,-3.0369582768601284
40.48,1.612903225806452,-2.903225806451612,0.0,-0.0,574.9881442453092,0.042636454621226394,-0.0459792904710451,-3.0365517119283507
40.49,1.612903225806452,-2.903225806451612,0.0,-0.0,574.9832270384412,0.042708769944740335,-0.04588913902110367,-3.0361585840892062
40.5,1.612903225806452,-2.903225806451612,0.0,-0.0,574.9783095696782,0.042776602824950716,-0.04580543529763964,-3.0357787335250492
40.51,1.612903225806452,-2.903225806451612,0.0,-0.0,574.9733918677975,0.042840204497778714,-0.045727706696857245,-3.035411971796726
40.52,1.612903225806452,-2.903225806451612,0.0,-0.0,574.9684739583345,0.04289981520952575,-0.04565551649222607,-3.03505808590694
40.53,1.612903225806452,-2.903225806451612,0.0,-0.0,574.9635558639474,0.042955664292384704,-0.04558846100971367,-3.034716841951577
40.54,1.612903225806452,-2.903225806451612,0.0,-0.0,574.9586376047423,0.043007970307918475,-0.045526167029944664,-3.0343879884031573
40.55,1.612903225806452,-2.903225806451612,0.0,-0.0,574.9537191985622,0.043056941245884536,-0.04546828939946987,-3.0340712590621783
40.56,1.612903225806452,-2.903225806451612,0.0,-0.0,574.9488006612428,0.04310277476754974,-0.04541450883458922,-3.0337663757063704
40.57,1.612903225806452,-2.903225806451612,0.0,-0.0,9.457204360677784,0.043145658484205374,-0.045364529902330586,-3.033473050469728
40.58,1.612903225806452,-2.903225806451612,0.0,-0.0,574.9389632478351,0.04318577026288278,-0.04531807916435354,-3.0331909879731485
40.59,1.612903225806452,-2.903225806451612,0.0,-0.0,574.9340443953081,0.04322327855245674,-0.04527490347057708,-3.0329198872315657
40.6,1.612903225806452,-2.903225806451612,0.0,-0.0,574.9291254591027,0.043258342724314114,-0.045234768390349955,-3.032659443357562
40.61,1.612903225806452,-2.903225806451612,0.0,-0.0,574.9242064479646,0.04329111342263997,-0.0451974567699191,-3.032409349079803
40.62,1.612903225806452,-2.903225806451612,0.0,-0.0,574.919287369667,0.043321732920135095,-0.04516276740583555,-3.032169296092881
40.63,1.612903225806452,-2.903225806451612,0.0,-0.0,574.9143682311214,0.04335033547564443,-0.04513051382475336,-3.0319389762543927
40.64,1.612903225806452,-2.903225806451612,0.0,-0.0,574.909449038476,0.04337704769075021,-0.0451005231608482,-3.0317180826432404
40.65,1.612903225806452,-2.903225806451612,0.0,-0.0,574.9045297972025,0.04340198886287652,-0.045072635122802046,-3.0315063104906406
40.66,1.612903225806452,-2.903225806451612,0.0,-0.0,574.899610512173,0.04342527133290358,-0.04504670104294234,-3.03130335799716
40.67,1.612903225806452,-2.903225806451612,0.0,-0.0,574.8946911877285,0.04344700082564673,-0.04502258300175749,-3.031108927044681
40.68,1.612903225806452,-2.903225806451612,0.0,-0.0,574.8897718277391,0.04346727678189963,-0.04500015302155411,-3.030922723814438
40.69,1.612903225806452,-2.903225806451612,0.0,-0.0,574.8848524356573,0.043486192681006466,-0.04497929232355888,-3.0307444593189485
40.7,1.612903225806452,-2.903225806451612,0.0,-0.0,574.8799330145655,0.04350383635317587,-0.04495989064323999,-3.030573849855797
40.71,1.612903225806452,-2.903225806451612,0.0,-0.0,574.8750135672176,0.04352029028096466,-0.044941845599054564,-3.0304106173921204
40.72,1.612903225806452,-2.903225806451612,0.0,-0.0,574.8700940960763,0.043535631889518284,-0.04492506211025296,-3.030254489884836
40.73,1.612903225806452,-2.903225806451612,0.0,-0.0,574.8651746033456,0.04354993382531927,-0.0449094518597247,-3.030105201543552
40.74,1.612903225806452,-2.903225806451612,0.0,-0.0,574.8602550910001,0.043563264223320214,-0.044894932798214965,-3.0299624930422433
40.75,1.612903225806452,-2.903225806451612,0.0,-0.0,574.8553355608101,0.043575686962435925,-0.044881428686558617,-3.0298261116838003
40.76,1.612903225806452,-2.903225806451612,0.0,-0.0,574.8504160143649,0.04358726190947622,-0.0448688686728472,-3.0296958115240598
40.77,1.612903225806452,-2.903225806451612,0.0,-0.0,574.8454964530924,0.043598045151644116,-0.044857186901732904,-3.02957135345664
40.78,1.612903225806452,-2.903225806451612,0.0,-0.0,574.8405768782774,0.04360808921782722,-0.04484632215327111,-3.029452505266336
40.79,1.612903225806452,-2.903225806451612,0.0,-0.0,574.8356572910767,0.04361744328891348,-0.04483621750896394,-3.0293390416512085
40.8,1.612903225806452,-2.903225806451612,0.0,-0.0,574.8307376925335,0.043626153397435086,-0.04482682004283206,-3.0292307442187596
40.81,1.612903225806452,-2.903225806451612,0.0,-0.0,574.8258180835894,0.04363426261686132,-0.04481808053553721,-3.029127401459012
40.82,1.612903225806452,-2.903225806451612,0.0,-0.0,9.334220818933083,0.04364181124087975,-0.04480995320974576,-3.0290288086966006
40.83,1.612903225806452,-2.903225806451612,0.0,-0.0,574.8159788378232,0.04364883695302377,-0.04480239548507439,-3.0289347680239382
40.84,1.612903225806452,-2.903225806451612,0.0,-0.0,574.8110592024697,0.043655374987031564,-0.04479536775107809,-3.0288450882200633
40.85,1.612903225806452,-2.903225806451612,0.0,-0.0,574.8061395596688,0.04366145827829497,-0.0447888331569021,-3.0287595846541686
40.86,1.612903225806452,-2.903225806451612,0.0,-0.0,574.8012199099966,0.04366711760679373,-0.0447827574162977,-3.0286780791782486
40.87,1.612903225806452,-2.903225806451612,0.0,-0.0,574.7963002539767,0.04367238173188287,-0.04477710862683515,-3.028600400008757
40.88,1.612903225806452,-2.903225806451612,0.0,-0.0,574.7913805920866,0.04367727751931785,-0.04477185710222151,-3.0285263816003396
40.89,1.612903225806452,-2.903225806451612,0.0,-0.0,574.7864609247619,0.043681830060879404,-0.044766975216736254,-3.0284558645118005
40.9,1.612903225806452,-2.903225806451612,0.0,-0.0,574.7815412524003,0.043686062786965574,-0.04476243726086504,-3.028388695266395
40.91,1.612903225806452,-2.903225806451612,0.0,-0.0,574.776621575366,0.04368999757250197,-0.04475821930729168,-3.028324726207263
40.92,1.612903225806452,-2.903225806451612,0.0,-0.0,574.7717018939924,0.04369365483651358,-0.044754299086474464,-3.028263815349049
40.93,1.612903225806452,-2.903225806451612,0.0,-0.0,574.7667822085855,0.04369705363569258,-0.044750655871090866,-3.028205826226997
40.94,1.612903225806452,-2.903225806451612,0.0,-0.0,574.7618625194264,0.043700211752276535,-0.04474727036870016,-3.028150627743334
40.95,1.612903225806452,-2.903225806451612,0.0,-0.0,574.7569428267735,0.043703145776555874,-0.04474412462200872,-3.028098094013296
40.96,1.612903225806452,-2.903225806451612,0.0,-0.0,574.7520231308649,0.043705871184297085,-0.044741201916188966,-3.0280481042098786
40.97,1.612903225806452,-2.903225806451612,0.0,-0.0,574.7471034319201,0.04370840240937465,-0.044738486692727814,-3.0280005424093868
40.98,1.612903225806452,-2.903225806451612,0.0,-0.0,574.7421837301415,0.043710752911873166,-0.04473596446934039,-3.0279552974365087
40.99,1.612903225806452,-2.903225806451612,0.0,-0.0,574.7372640257165,0.04371293524193233,-0.044733621765494974,-3.0279122627117587
41.0,1.612903225806452,-2.903225806451612,0.0,-0.0,574.7323443188184,0.04371496109956541,-0.044731446033160815,-3.0278713360988756
41.01,1.612903225806452,-2.903225806451612,0.0,-0.0,574.7274246096075,0.04371684139070234,-0.04472942559238799,-3.027832419755142
41.02,1.612903225806452,-2.903225806451612,0.0,-0.0,574.7225048982327,0.04371858627967218,-0.04472754957138053,-3.0277954199835855
41.03,1.612903225806452,-2.903225806451612,0.0,-0.0,574.7175851848322,0.04372020523833653,-0.044725807850743204,-3.0277602470872176
41.04,1.612903225806452,-2.903225806451612,0.0,-0.0,574.7126654695342,0.0437217070920793,-0.044724191011599884,-3.0277268152262264
41.05,1.612903225806452,-2.903225806451612,0.0,-0.0,574.7077457524581,0.04372310006284025,-0.04472269028731296,-3.027695042277866
41.06,1.612903225806452,-2.903225806451612,0.0,-0.0,574.7028260337149,0.04372439180937232,-0.04472129751854709,-3.0276648496992142
41.07,1.612903225806452,-2.903225806451612,0.0,-0.0,574.6979063134082,0.043725589464898434,-0.04472000511143845,-3.027636162393725
41.08,1.612903225806452,-2.903225806451612,0.0,-0.0,574.6929865916345,0.0437266996723166,-0.04471880599866071,-3.027608908579875
41.09,1.612903225806452,-2.903225806451612,0.0,-0.0,574.6880668684837,0.043727728617117406,-0.04471769360317343,-3.027583019663921
41.1,1.612903225806452,-2.903225806451612,0.0,-0.0,574.6831471440398,0.04372868205815282,-0.044716661804469066,-3.027558430116149
41.11,1.612903225806452,-2.903225806451612,0.0,-0.0,574.6782274183814,0.04372956535638735,-0.04471570490714746,-3.027535077350101
41.12,1.612903225806452,-2.903225806451612,0.0,-0.0,574.673307691582,0.04373038350176198,-0.04471481761165244,-3.0275129016053746
41.13,1.612903225806452,-2.903225806451612,0.0,-0.0,574.6683879637101,0.04373114113829066,-0.044713994987019806,-3.027491845834008
41.14,1.612903225806452,-2.903225806451612,0.0,-0.0,574.66346823483,0.043731842587500874,-0.04471323244549827,-3.027471855590339
41.15,1.612903225806452,-2.903225806451612,0.0,-0.0,574.658548505002,0.04373249187032435,-0.04471252571891232,-3.0274528789244437
41.16,1.612903225806452,-2.903225806451612,0.0,-0.0,574.6536287742827,0.04373309272753512,-0.04471187083664996,-3.0274348662786714
41.17,1.612903225806452,-2.903225806451612,0.0,-0.0,9.162031396561808,0.04373364863882939,-0.04471126410516041,-3.0274177703875957
41.18,1.612903225806452,-2.903225806451612,0.0,-0.0,574.6437893103775,0.04373416284064113,-0.044710702088852694,-3.0274015461822343
41.19,1.612903225806452,-2.903225806451612,0.0,-0.0,574.638869577288,0.04373463834276041,-0.0447101815923123,-3.027386150696132
41.2,1.612903225806452,-2.903225806451612,0.0,-0.0,574.6339498434996,0.043735077943848455,-0.04470969964372995,-3.0273715429759442
41.21,1.612903225806452,-2.903225806451612,0.0,-0.0,574.6290301090535,0.04373548424591074,-0.04470925347946911,-3.02735768399468
41.22,1.612903225806452,-2.903225806451612,0.0,-0.0,9.137432727825278,0.0437358596677989,-0.04470884052969101,-3.0273445365680844
41.23,1.612903225806452,-2.903225806451612,0.0,-0.0,574.6191906383395,0.04373620645780624,-0.044708458404964124,-3.0273320652742193
41.24,1.612903225806452,-2.903225806451612,0.0,-0.0,574.614270902142,0.043736526705416584,-0.044708104883790095,-3.0273202363762906
41.25,1.612903225806452,-2.903225806451612,0.0,-0.0,574.6093511654274,0.043736822352256344,-0.04470777790098879,-3.0273090177476036
41.26,1.612903225806452,-2.903225806451612,0.0,-0.0,574.6044314282257,0.04373709520231474,-0.044707475536871794,-3.027298378800764
41.27,1.612903225806452,-2.903225806451612,0.0,-0.0,574.5995116905652,0.043737346931463916,-0.044707196007166494,-3.027288290418179
41.28,1.612903225806452,-2.903225806451612,0.0,-0.0,574.5945919524727,0.04373757909633952,-0.04470693765362571,-3.0272787248861834
41.29,1.612903225806452,-2.903225806451612,0.0,-0.0,9.102994567810121,0.043737793142616416,-0.044706698935283645,-3.0272696558314616
41.3,1.612903225806452,-2.903225806451612,0.0,-0.0,574.5847524750895,0.043737990412725275,-0.04470647842030798,-3.0272610581605846
41.31,1.612903225806452,-2.903225806451612,0.0,-0.0,574.5798327358448,0.04373817215303734,-0.04470627477841796,-3.0272529080009014
41.32,1.612903225806452,-2.903225806451612,0.0,-0.0,574.5749129962595,0.043738339520565925,-0.04470608677381685,-3.0272451826449527
41.33,1.612903225806452,-2.903225806451612,0.0,-0.0,574.5699932563533,0.043738493589205535,-0.044705913258613644,-3.027237860496419
41.34,1.612903225806452,-2.903225806451612,0.0,-0.0,574.5650735161447,0.04373863535554953,-0.0447057531666932,-3.027230921019107
41.35,1.612903225806452,-2.903225806451612,0.0,-0.0,574.5601537756512,0.04373876574430438,-0.04470560550801159,-3.0272243446873106
41.36,1.612903225806452,-2.903225806451612,0.0,-0.0,9.068556388726272,0.04373888561333322,-0.044705469363283956,-3.02721811293838
41.37,1.612903225806452,-2.903225806451612,0.0,-0.0,574.5503142938738,0.0437389957583596,-0.04470534387903169,-3.027212208128329
41.38,1.612903225806452,-2.903225806451612,0.0,-0.0,574.54539455262,0.04373909691733646,-0.04470522826298173,-3.0272066134875835
41.39,1.612903225806452,-2.903225806451612,0.0,-0.0,574.5404748111413,0.04373918977452601,-0.04470512177977126,-3.0272013130805266
41.4,1.612903225806452,-2.903225806451612,0.0,-0.0,9.04887742328787,0.04373927496428939,-0.04470502374695787,-3.0271962917653843
41.41,1.612903225806452,-2.903225806451612,0.0,-0.0,574.5306353275603,0.04373935307461847,-0.044704933531300645,-3.027191535156523
41.42,1.612903225806452,-2.903225806451612,0.0,-0.0,574.5257155854816,0.04373942465042374,-0.04470485054529871,-3.0271870295884344
41.43,1.612903225806452,-2.903225806451612,0.0,-0.0,574.5207958432255,0.043739490196592734,-0.0447047742439699,-3.0271827620810887
41.44,1.612903225806452,-2.903225806451612,0.0,-0.0,574.5158761008021,0.04373955018083729,-0.04470470412185221,-3.0271787203069556
41.45,1.612903225806452,-2.903225806451612,0.0,-0.0,574.5109563582209,0.043739605036344276,-0.04470463971021105,-3.027174892559737
41.46,1.612903225806452,-2.903225806451612,0.0,-0.0,574.5060366154912,0.04373965516423842,-0.04470458057444396,-3.027171267723954
41.47,1.612903225806452,-2.903225806451612,0.0,-0.0,574.5011168726213,0.04373970093587591,-0.04470452631166319,-3.0271678352462517
41.48,1.612903225806452,-2.903225806451612,0.0,-0.0,574.4961971296194,0.04373974269498107,-0.04470447654844259,-3.027164585108572
41.49,1.612903225806452,-2.903225806451612,0.0,-0.0,574.4912773864929,0.0437397807596242,-0.04470443093873111,-3.027161507801008
41.5,1.612903225806452,-2.903225806451612,0.0,-0.0,574.4863576432491,0.04373981542407518,-0.04470438916189756,-3.0271585942981267
41.51,1.612903225806452,-2.903225806451612,0.0,-0.0,574.4814378998947,0.04373984696051192,-0.04470435092092595,-3.027155836034069
41.52,1.612903225806452,-2.903225806451612,0.0,-0.0,574.4765181564359,0.043739875620620136,-0.044704315940726685,-3.0271532248804567
41.53,1.612903225806452,-2.903225806451612,0.0,-0.0,574.4715984128788,0.04373990163707783,-0.044704283966567365,-3.0271507531250195
41.54,1.612903225806452,-2.903225806451612,0.0,-0.0,574.4666786692292,0.04373992522492953,-0.044704254762619966,-3.027148413450215
41.55,1.612903225806452,-2.903225806451612,0.0,-0.0,574.4617589254921,0.043739946582872336,-0.04470422811060021,-3.0271461989142954
41.56,1.612903225806452,-2.903225806451612,0.0,-0.0,574.4568391816726,0.043739965894447105,-0.044704203808506954,-3.0271441029326245
41.57,1.612903225806452,-2.903225806451612,0.0,-0.0,574.4519194377756,0.043739983329141904,-0.04470418166945292,-3.0271421192593055
41.58,1.612903225806452,-2.903225806451612,0.0,-0.0,574.4469996938053,0.043739999043424044,-0.04470416152057119,-3.027140241970806
41.59,1.612903225806452,-2.903225806451612,0.0,-0.0,574.442079949766,0.043740013181694154,-0.044704143202003194,-3.027138465449587
41.6,1.612903225806452,-2.903225806451612,0.0,-0.0,574.4371602056617,0.043740025877173794,-0.044704126565956515,-3.027136784368744
41.61,1.612903225806452,-2.903225806451612,0.0,-0.0,8.94556281533334,0.04374003725272971,-0.04470411147582945,-3.0271351936773803
41.62,1.612903225806452,-2.903225806451612,0.0,-0.0,574.4273207172728,0.04374004742163941,-0.044704097805397164,-3.027133688586688
41.63,1.612903225806452,-2.903225806451612,0.0,-0.0,574.422400972995,0.043740056488301815,-0.04470408543805543,-3.0271322645567142
41.64,1.612903225806452,-2.903225806451612,0.0,-0.0,574.4174812286658,0.04374006454889731,-0.04470407426611819,-3.027130917283755
41.65,1.612903225806452,-2.903225806451612,0.0,-0.0,574.4125614842883,0.043740071692001475,-0.044704064190163234,-3.0271296426885996
41.66,1.612903225806452,-2.903225806451612,0.0,-0.0,574.4076417398651,0.043740077999149446,-0.04470405511843015,-3.0271284369044555
41.67,1.612903225806452,-2.903225806451612,0.0,-0.0,574.4027219953989,0.04374008354536976,-0.04470404696625055,-3.027127296267128
41.68,1.612903225806452,-2.903225806451612,0.0,-0.0,574.3978022508923,0.0437400883996682,-0.04470403965553105,-3.0271262173038065
41.69,1.612903225806452,-2.903225806451612,0.0,-0.0,574.3928825063473,0.04374009262548306,-0.04470403311426574,-3.027125196723496
41.7,1.612903225806452,-2.903225806451612,0.0,-0.0,574.3879627617664,0.04374009628111088,-0.044704027276081165,-3.0271242314083837
41.71,1.612903225806452,-2.903225806451612,0.0,-0.0,574.3830430171515,0.04374009942008873,-0.044704022079825406,-3.0271233184037376
41.72,1.612903225806452,-2.903225806451612,0.0,-0.0,574.3781232725047,0.04374010209156455,-0.044704017469171714,-3.0271224549107467
41.73,1.612903225806452,-2.903225806451612,0.0,-0.0,574.3732035278276,0.04374010434062621,-0.044704013392264236,-3.027121638277502
41.74,1.612903225806452,-2.903225806451612,0.0,-0.0,574.3682837831221,0.043740106208618484,-0.04470400980137765,-3.0271208659923157
41.75,1.612903225806452,-2.903225806451612,0.0,-0.0,574.3633640383898,0.04374010773342615,-0.04470400665261151,-3.027120135675708
41.76,1.612903225806452,-2.903225806451612,0.0,-0.0,574.3584442936323,0.0437401089497451,-0.04470400390559895,-3.027119445074126
41.77,1.612903225806452,-2.903225806451612,0.0,-0.0,574.3535245488509,0.04374010988932739,-0.04470400152324125,-3.027118792053093
41.78,1.612903225806452,-2.903225806451612,0.0,-0.0,574.3486048040471,0.04374011058121044,-0.04470399947146034,-3.0271181745910303
41.79,1.612903225806452,-2.903225806451612,0.0,-0.0,574.3436850592221,0.04374011105193232,-0.04470399771896616,-3.027117590773841
41.8,1.612903225806452,-2.903225806451612,0.0,-0.0,574.3387653143773,0.04374011132572454,-0.044703996237047156,-3.027117038788774
41.81,1.612903225806452,-2.903225806451612,0.0,-0.0,574.3338455695136,0.04374011142469528,-0.04470399499937153,-3.027116516919358
41.82,1.612903225806452,-2.903225806451612,0.0,-0.0,574.3289258246323,0.04374011136899782,-0.04470399398180422,-3.0271160235403833
41.83,1.612903225806452,-2.903225806451612,0.0,-0.0,574.3240060797342,0.04374011117698684,-0.04470399316223672,-3.027115557113251
41.84,1.612903225806452,-2.903225806451612,0.0,-0.0,574.3190863348204,0.043740110865361725,-0.044703992520430724,-3.0271151161813337
41.85,1.612903225806452,-2.903225806451612,0.0,-0.0,574.3141665898918,0.04374011044929833,-0.044703992037874146,-3.0271146993654603
41.86,1.612903225806452,-2.903225806451612,0.0,-0.0,574.3092468449491,0.04374010994257563,-0.0447039916976428,-3.02711430536041
41.87,1.612903225806452,-2.903225806451612,0.0,-0.0,574.3043270999934,0.04374010935768666,-0.04470399148427864,-3.027113932930594
41.88,1.612903225806452,-2.903225806451612,0.0,-0.0,574.2994073550252,0.04374010870594214,-0.0447039913836757,-3.0271135809061644
41.89,1.612903225806452,-2.903225806451612,0.0,-0.0,574.2944876100453,0.04374010799757341,-0.04470399138296757,-3.0271132481804455
41.9,1.612903225806452,-2.903225806451612,0.0,-0.0,8.802890218891541,0.043740107241816234,-0.04470399147043433,-3.0271129337057285
41.91,1.612903225806452,-2.903225806451612,0.0,-0.0,8.797970473890238,0.043740106446996635,-0.04470399163540814,-3.0271126364905947
41.92,1.612903225806452,-2.903225806451612,0.0,-0.0,574.2797283750419,0.04374010562060568,-0.044703991868190435,-3.0271123555967248
41.93,1.612903225806452,-2.903225806451612,0.0,-0.0,574.2748086300217,0.04374010476937151,-0.044703992159971895,-3.0271120901363164
41.94,1.612903225806452,-2.903225806451612,0.0,-0.0,574.2698888849926,0.04374010389932287,-0.04470399250276208,-3.0271118392691827
41.95,1.612903225806452,-2.903225806451612,0.0,-0.0,8.7782914937926,0.043740103015851156,-0.04470399288932017,-3.02711160220057
41.96,1.612903225806452,-2.903225806451612,0.0,-0.0,8.773371748747643,0.04374010212376292,-0.04470399331309635,-3.027111378178305
41.97,1.612903225806452,-2.903225806451612,0.0,-0.0,574.2551296498582,0.04374010122733277,-0.04470399376817272,-3.0271111664908603
41.98,1.612903225806452,-2.903225806451612,0.0,-0.0,574.2502099047991,0.04374010033034953,-0.04470399424921123,-3.0271109664650915
41.99,1.612903225806452,-2.903225806451612,0.0,-0.0,574.2452901597336,0.043740099436158836,-0.0447039947514061,-3.0271107774640775
42.0,1.612903225806452,-2.903225806451612,0.0,-0.0,574.2403704146619,0.04374009854770394,-0.04470399527043745,-3.0271105988854163
42.01,1.612903225806452,-3.548387096774194,0.0,-0.0,574.2353820517669,0.04281051873969231,-0.09670114143316627,-3.0290922498955766
42.02,1.612903225806452,-3.548387096774194,0.0,-0.0,574.2303319607769,0.04207909654665058,-0.09369184107066547,-3.030788288456986
42.03,1.612903225806452,-3.548387096774194,0.0,-0.0,574.2252263177429,0.04151816677482731,-0.09088631698093941,-3.032223424689748
42.04,1.612903225806452,-3.548387096774194,0.0,-0.0,574.2200706584994,0.04110326867038114,-0.0882702327837947,-3.033421181370239
42.05,1.612903225806452,-3.548387096774194,0.0,-0.0,574.2148699458663,0.04081288285536762,-0.08583038319332881,-3.034403752728698
42.06,1.612903225806452,-3.548387096774194,0.0,-0.0,574.2096286306312,0.040628160149246945,-0.08355458821095163,-3.0351919098279017
42.07,1.612903225806452,-3.548387096774194,0.0,-0.0,574.2043507065093,0.040532652880604064,-0.08143159694614649,-3.0358049591377374
42.08,1.612903225806452,-3.548387096774194,0.0,-0.0,574.1990397594072,0.04051205640169053,-0.07945100082343556,-3.036260745311069
42.09,1.612903225806452,-3.548387096774194,0.0,-0.0,574.1936990113902,0.04055396596863951,-0.0776031558110662,-3.0365756869431473
42.1,1.612903225806452,-3.548387096774194,0.0,-0.0,574.1883313597992,0.040647652084107144,-0.07587911311563592,-3.0367648353900734
42.11,1.612903225806452,-3.548387096774194,0.0,-0.0,574.1829394119744,0.04078385579170213,-0.07427055764050824,-3.0368419488353493
42.12,1.612903225806452,-3.548387096774194,0.0,-0.0,574.1775255160343,0.040954604218008325,-0.07276975342244452,-3.036819575799676
42.13,1.612903225806452,-3.548387096774194,0.0,-0.0,574.1720917881383,0.04115304585970471,-0.07136949525803155,-3.0367091434682556
42.14,1.612903225806452,-3.548387096774194,0.0,-0.0,574.1666401366357,0.04137330470981364,-0.0700630658409232,-3.036521045876082
42.15,1.612903225806452,-3.548387096774194,0.0,-0.0,574.1611722834763,0.041610352216754104,-0.06884419793471103,-3.0362647255439286
42.16,1.612903225806452,-3.548387096774194,0.0,-0.0,574.1556897832376,0.04185989592952925,-0.0677070412197231,-3.0359487427046514
42.17,1.612903225806452,-3.548387096774194,0.0,-0.0,574.1501940400796,0.04211828305573473,-0.06664613318493642,-3.0355808328884075
42.18,1.612903225806452,-3.548387096774194,0.0,-0.0,574.1446863228765,0.042382416238336426,-0.06565637286892512,-3.035167963832566
42.19,1.612903225806452,-3.548387096774194,0.0,-0.0,574.1391677787074,0.042649678816118905,-0.06473299614940092,-3.034716404200968
42.2,1.612903225806452,-3.548387096774194,0.0,-0.0,574.1336394448597,0.042917868289161415,-0.06387155215676205,-3.034231803278288
42.21,1.612903225806452,-3.548387096774194,0.0,-0.0,574.1281022595135,0.043185138226217806,-0.06306788140621672,-3.0337192671266764
42.22,1.612903225806452,-3.548387096774194,0.0,-0.0,574.1225570712867,0.04344994879390186,-0.06231809627495699,-3.0331834186243705
42.23,1.612903225806452,-3.548387096774194,0.0,-0.0,574.1170046478068,0.04371102499962032,-0.061618563733579074,-3.0326284407247597
42.24,1.612903225806452,-3.548387096774194,0.0,-0.0,574.1114456834374,0.043967321092172565,-0.06096588973730216,-3.0320581097858263
42.25,1.612903225806452,-3.548387096774194,0.0,-0.0,574.1058808062562,0.044217989728214294,-0.06035690470614008,-3.031475825403504
42.26,1.612903225806452,-3.548387096774194,0.0,-0.0,574.100310584361,0.044462354983461766,-0.05978864977762188,-3.030884639703138
42.27,1.612903225806452,-3.548387096774194,0.0,-0.0,574.0947355315683,0.044699888652383515,-0.05925836372316462,-3.0302872864327415
42.28,1.612903225806452,-3.548387096774194,0.0,-0.0,574.0891561125644,0.044930189462692435,-0.05876347051478725,-3.0296862091824357
42.29,1.612903225806452,-3.548387096774194,0.0,-0.0,574.0835727475617,0.04515296489959997,-0.05830156755048568,-3.029083587989318
42.3,1.612903225806452,-3.548387096774194,0.0,-0.0,574.0779858165102,0.045368015357821465,-0.057870414537922854,-3.028481363865826
42.31,1.612903225806452,-3.548387096774194,0.0,-0.0,574.0723956629089,0.04557522035238104,-0.05746792302143125,-3.027881261092142
42.32,1.612903225806452,-3.548387096774194,0.0,-0.0,574.0668025972562,0.045774526535388826,-0.057092146526092374,-3.027284807333161
42.33,1.612903225806452,-3.548387096774194,0.0,-0.0,574.0612069001764,0.04596593728732748,-0.056741271286942396,-3.0266933517551333
42.34,1.612903225806452,-3.548387096774194,0.0,-0.0,574.0556088252522,0.04614950367639449,-0.05641360753004071,-3.0261080813676213
42.35,1.612903225806452,-3.548387096774194,0.0,-0.0,574.0500086015932,0.046325316605244096,-0.05610758127366966,-3.025530035808411
42.36,1.612903225806452,-3.548387096774194,0.0,-0.0,574.0444064361641,0.046493499989068376,-0.05582172662058163,-3.024960120765383
42.37,1.612903225806452,-3.548387096774194,0.0,-0.0,574.0388025158957,0.04665420483102997,-0.055554678514984634,-3.024399120199991
42.38,1.612903225806452,-3.548387096774194,0.0,-0.0,574.0331970095988,0.04680760408010286,-0.05530516594037238,-3.023847707505761
42.39,1.612903225806452,-3.548387096774194,0.0,-0.0,574.0275900696994,0.04695388817250391,-0.05507200553614816,-3.0233064557111224
42.4,1.612903225806452,-3.548387096774194,0.0,-0.0,574.0219818338111,0.04709326117144556,-0.054854095612309584,-3.0227758468191914
42.41,1.612903225806452,-3.548387096774194,0.0,-0.0,574.0163724261603,0.0472259374312773,-0.05465041054240599,-3.0222562803626607
42.42,1.612903225806452,-3.548387096774194,0.0,-0.0,574.0107619588769,0.04735213872164193,-0.05445999551567565,-3.021748081241014
42.43,1.612903225806452,-3.548387096774194,0.0,-0.0,574.0051505331635,0.04747209175541159,-0.054281961629781994,-3.021251506901982
42.44,1.612903225806452,-3.548387096774194,0.0,-0.0,573.9995382403544,0.04758602607109433,-0.054115481306067914,-3.020766753920603
42.45,1.612903225806452,-3.548387096774194,0.0,-0.0,573.9939251628729,0.04769417222639298,-0.053959784009700695,-3.0202939640248174
42.46,1.612903225806452,-3.548387096774194,0.0,-0.0,573.9883113750991,0.0477967602648177,-0.05381415225753344,-3.0198332296150316
42.47,1.612903225806452,-3.548387096774194,0.0,-0.0,8.496019297990863,0.04789401842172497,-0.05367791789707266,-3.0193845988157366
42.48,1.612903225806452,-3.548387096774194,0.0,-0.0,573.9770819306069,0.047986172040172984,-0.05355045864042923,-3.018948080100175
42.49,1.612903225806452,-3.548387096774194,0.0,-0.0,573.97146638912,0.048073442670409666,-0.05343119483776332,-3.018523646520755
42.5,1.612903225806452,-3.548387096774194,0.0,-0.0,573.9658503690241,0.04815604732989645,-0.05331958647531104,-3.0181112395787557
42.51,1.612903225806452,-3.548387096774194,0.0,-0.0,573.9602339148438,0.0482341979034379,-0.053215130383746756,-3.017710772761354
42.52,1.612903225806452,-3.548387096774194,0.0,-0.0,573.9546170667695,0.048308100665384365,-0.053117357643261476,-3.017322134774056
42.53,1.612903225806452,-3.548387096774194,0.0,-0.0,573.9489998610842,0.04837795590795786,-0.053025831172418325,-3.016945192492637
42.54,1.612903225806452,-3.548387096774194,0.0,-0.0,573.9433823305485,0.04844395766162117,-0.052940143488495794,-3.016579793658015
42.55,1.612903225806452,-3.548387096774194,0.0,-0.0,573.9377645047483,0.048506293495036545,-0.05285991462770423,-3.016225769333961
42.56,1.612903225806452,-3.548387096774194,0.0,-0.0,573.9321464104081,0.04856514438363603,-0.052784790214295885,-3.0158829361476536
42.57,1.612903225806452,-3.548387096774194,0.0,-0.0,573.9265280716737,0.04862068463710455,-0.052714439668233526,-3.015551098330452
42.58,1.612903225806452,-3.548387096774194,0.0,-0.0,573.9209095103669,0.048673081877220595,-0.052648554541707415,-3.015230049574579
42.59,1.612903225806452,-3.548387096774194,0.0,-0.0,573.9152907462154,0.048722497058537026,-0.052586846975367696,-3.0149195747222275
42.6,1.612903225806452,-3.548387096774194,0.0,-0.0,573.9096717970599,0.048769084525239786,-0.052529048265762435,-3.014619451297836
42.61,1.612903225806452,-3.548387096774194,0.0,-0.0,573.9040526790404,0.04881299209838977,-0.052474907535961124,-3.014329450899625
42.62,1.612903225806452,-3.548387096774194,0.0,-0.0,573.8984334067645,0.048854361188395534,-0.052424190501938916,-3.0140493404587647
42.63,1.612903225806452,-3.548387096774194,0.0,-0.0,573.8928139934583,0.04889332692825013,-0.052376678327746895,-3.0137788833789405
42.64,1.612903225806452,-3.548387096774194,0.0,-0.0,573.887194451103,0.048930018323602734,-0.05233216656299283,-3.0135178405658207
42.65,1.612903225806452,-3.548387096774194,0.0,-0.0,573.8815747905578,0.0489645584162188,-0.05229046415662353,-3.013265971353902
42.66,1.612903225806452,-3.548387096774194,0.0,-0.0,573.8759550216698,0.04899706445786292,-0.052251392541383945,-3.0130230343411157
42.67,1.612903225806452,-3.548387096774194,0.0,-0.0,573.8703351533738,0.04902764809199431,-0.05221478478376618,-3.0127887881374886
42.68,1.612903225806452,-3.548387096774194,0.0,-0.0,573.8647151937818,0.049056415541033516,-0.052180484794613236,-3.012562992035598
42.69,1.612903225806452,-3.548387096774194,0.0,-0.0,573.8590951502633,0.04908346779725545,-0.05214834659590545,-3.0123454066089614
42.7,1.612903225806452,-3.548387096774194,-0.0,-0.0,573.8534750295181,0.049108900815632364,-0.052118233639588285,-3.0121357942436506
42.71,1.612903225806452,-3.548387096774194,-0.0,-0.0,8.361177191478525,0.04913280570722661,-0.052090018174573594,-3.0119339196112382
42.72,1.612903225806452,-3.548387096774194,-0.0,-0.0,573.8422345801822,0.049155268931876786,-0.05206358065839645,-3.011739550084367
42.73,1.612903225806452,-3.548387096774194,-0.0,-0.0,573.8366142621968,0.04917637248918093,-0.05203880921020676,-3.011552456102561
42.74,1.612903225806452,-3.548387096774194,-0.0,-0.0,573.8309938882958,0.049196194106909355,-0.05201559910205489,-3.011372411492194
42.75,1.612903225806452,-3.548387096774194,-0.0,-0.0,573.8253734626868,0.049214807426107635,-0.051993852285679265,-3.011199193742513
42.76,1.612903225806452,-3.548387096774194,-0.0,-0.0,573.8197529892136,0.0492322821823379,-0.05197347695215321,-3.0110325842449726
42.77,1.612903225806452,-3.548387096774194,-0.0,-0.0,573.81413247139,0.04924868438253338,-0.05195438712203382,-3.0108723684948684
42.78,1.612903225806452,-3.548387096774194,-0.0,-0.0,573.8085119124318,0.04926407647713725,-0.05193650226373531,-3.0107183362632357
42.79,1.612903225806452,-3.548387096774194,-0.0,-0.0,573.8028913152841,0.049278517527185,-0.05191974693811913,-3.0105702817375954
42.8,1.612903225806452,-3.548387096774194,-0.0,-0.0,8.310593036484752,0.04929206336613587,-0.051904050467372176,-3.0104280036367466
42.81,1.612903225806452,-3.548387096774194,-0.0,-0.0,573.7916500170002,0.049304766756288615,-0.05188934662642619,-3.010291305301305
42.82,1.612903225806452,-3.548387096774194,-0.0,-0.0,8.299351674455913,0.049316677539683454,-0.051875573355292304,-3.0101599947625783
42.83,1.612903225806452,-3.548387096774194,-0.0,-0.0,573.7804085955966,0.049327842783424086,-0.051862672490822326,-3.0100338847906785
42.84,1.612903225806452,-3.548387096774194,-0.0,-0.0,573.774787843861,0.04933830691942927,-0.051850589516487244,-3.0099127929259413
42.85,1.612903225806452,-3.548387096774194,-0.0,-0.0,573.7691670671876,0.04934811187860712,-0.05183927332891991,-3.0097965414927117
42.86,1.612903225806452,-3.548387096774194,-0.0,-0.0,573.7635462672145,0.04935729721953386,-0.05182867602000463,-3.0096849575999927
42.87,1.612903225806452,-3.548387096774194,-0.0,-0.0,573.7579254454539,0.049365900251684344,-0.051818752673444435,-3.0095778731278453
42.88,1.612903225806452,-3.548387096774194,-0.0,-0.0,573.752304603304,0.049373956153333745,-0.05180946117476992,-3.0094751247029827
42.89,1.612903225806452,-3.548387096774194,-0.0,-0.0,573.7466837420582,0.04938149808422519,-0.05180076203386552,-3.0093765536632398
42.9,1.612903225806452,-3.548387096774194,-0.0,-0.0,573.7410628629146,0.04938855729314355,-0.05179261821913239,-3.0092820060132324
42.91,1.612903225806452,-3.548387096774194,-0.0,-0.0,8.248764320821344,0.049395163220521954,-0.051784995002491785,-3.0091913323713757
42.92,1.612903225806452,-3.548387096774194,-0.0,-0.0,573.7298210552976,0.049401343596241695,-0.05177785981446931,-3.009104387910497
42.93,1.612903225806452,-3.548387096774194,-0.0,-0.0,573.724200128813,0.049407124532756336,-0.05177118210868842,-3.0090210322910314
42.94,1.612903225806452,-3.548387096774194,-0.0,-0.0,573.7185791884208,0.0494125306137158,-0.05176493323511466,-3.008941129589427
42.95,1.612903225806452,-3.548387096774194,-0.0,-0.0,573.7129582349503,0.049417584978244916,-0.0517590863214597,-3.0088645482219762
42.96,1.612903225806452,-3.548387096774194,-0.0,-0.0,573.7073372691739,0.0494223094010227,-0.05175361616220947,-3.008791160863506
42.97,1.612903225806452,-3.548387096774194,-0.0,-0.0,573.701716291812,0.04942672436835259,-0.0517484991147345,-3.0087208443641793
42.98,1.612903225806452,-3.548387096774194,-0.0,-0.0,573.696095303537,0.04943084915035326,-0.05174371300203945,-3.008653479662147
42.99,1.612903225806452,-3.548387096774194,-0.0,-0.0,573.6904743049773,0.049434701869449524,-0.051739237021688644,-3.0085889516945157
43.0,1.612903225806452,-3.548387096774194,-0.0,-0.0,573.6848532967201,0.049438299565311,-0.05173505166050768,-3.008527149306193
43.01,1.612903225806452,-3.548387096774194,-0.0,-0.0,573.6792322793151,0.049441658256398985,-0.05173113861467282,-3.0084679651577453
43.02,1.612903225806452,-3.548387096774194,-0.0,-0.0,573.6736112532772,0.04944479299826293,-0.05172748071484279,-3.0084112956317375
43.03,1.612903225806452,-3.548387096774194,-0.0,-0.0,573.6679902190888,0.04944771793873827,-0.051724061855999315,-3.0083570407383866
43.04,1.612903225806452,-3.548387096774194,-0.0,-0.0,573.6623691772024,0.04945044637019322,-0.05172086693168404,-3.008305104021296
43.05,1.612903225806452,-3.548387096774194,-0.0,-0.0,573.656748128043,0.04945299077895851,-0.051717881772350593,-3.0082553924631137
43.06,1.612903225806452,-3.548387096774194,-0.0,-0.0,573.6511270720094,0.04945536289206849,-0.05171509308757288,-3.00820781639081
43.07,1.612903225806452,-3.548387096774194,-0.0,-0.0,573.6455060094768,0.04945757372145343,-0.05171248841184961,-3.0081622893818345
43.08,1.612903225806452,-3.548387096774194,-0.0,-0.0,573.6398849407976,0.04945963360570749,-0.05171005605377732,-3.0081187281711315
43.09,1.612903225806452,-3.548387096774194,-0.0,-0.0,573.634263866304,0.049461552249544696,-0.051707785048381194,-3.00807705255864
43.1,1.612903225806452,-3.548387096774194,-0.0,-0.0,573.6286427863083,0.04946333876106282,-0.05170566511240221,-3.008037185317671
43.11,1.612903225806452,-3.548387096774194,-0.0,-0.0,573.6230217011049,0.049465001686929105,-0.051703686602346866,-3.0079990521046445
43.12,1.612903225806452,-3.548387096774194,-0.0,-0.0,8.13072296480856,0.049466549045600244,-0.05170184047512166,-3.007962581370782
43.13,1.612903225806452,-3.548387096774194,-0.0,-0.0,573.6117795161693,0.049467988358653125,-0.051700118251112204,-3.007927704273584
43.14,1.612903225806452,-3.548387096774194,-0.0,-0.0,573.6061584169457,0.049469326680356834,-0.0516985119795223,-3.007894354591148
43.15,1.612903225806452,-3.548387096774194,-0.0,-0.0,573.6005373135336,0.049470570625561996,-0.0516970142058481,-3.0078624686378257
43.16,1.612903225806452,-3.548387096774194,-0.0,-0.0,573.5949162061528,0.04947172639599212,-0.0516956179413568,-3.007831985180942
43.17,1.612903225806452,-3.548387096774194,-0.0,-0.0,573.5892950950113,0.049472799805036494,-0.05169431663443225,-3.0078028453598917
43.18,1.612903225806452,-3.548387096774194,-0.0,-0.0,573.5836739803055,0.049473796301115175,-0.05169310414368039,-3.0077749926067483
43.19,1.612903225806452,-3.548387096774194,-0.0,-0.0,573.5780528622212,0.04947472098968837,-0.05169197471269016,-3.0077483725679777
43.2,1.612903225806452,-3.548387096774194,-0.0,-0.0,573.5724317409338,0.049475578654008645,-0.05169092294632338,-3.007722933029552
43.21,1.612903225806452,-3.548387096774194,-0.0,-0.0,573.5668106166095,0.04947637377464939,-0.05168994378847358,-3.007698623842197
43.22,1.612903225806452,-3.548387096774194,-0.0,-0.0,573.5611894894055,0.04947711054790731,-0.05168903250117313,-3.007675396849626
43.23,1.612903225806452,-3.548387096774194,-0.0,-0.0,573.5555683594704,0.04947779290312078,-0.05168818464498637,-3.00765320581784
43.24,1.612903225806452,-3.548387096774194,-0.0,-0.0,573.549947226945,0.04947842451898493,-0.05168739606058903,-3.007632006367427
43.25,1.612903225806452,-3.548387096774194,-0.0,-0.0,573.5443260919628,0.04947900883889278,-0.05168666285148693,-3.007611755906359
43.26,1.612903225806452,-3.548387096774194,-0.0,-0.0,573.5387049546499,0.049479549085380256,-0.051685981367782186,-3.007592413565439
43.27,1.612903225806452,-3.548387096774194,-0.0,-0.0,573.533083815126,0.04948004827371923,-0.051685348190928404,-3.0075739401358184
43.28,1.612903225806452,-3.548387096774194,-0.0,-0.0,573.5274626735044,0.049480509224694116,-0.05168476011942763,-3.0075562980073163
43.29,1.612903225806452,-3.548387096774194,-0.0,-0.0,573.5218415298925,0.04948093457663469,-0.051684214155384545,-3.007539451110032
43.3,1.612903225806452,-3.548387096774194,-0.0,-0.0,573.5162203843921,0.049481326796711994,-0.051683707491901654,-3.0075233648559183
43.31,1.612903225806452,-3.548387096774194,-0.0,-0.0,573.5105992370997,0.04948168819158161,-0.05168323750122217,-3.0075080060841706
43.32,1.612903225806452,-3.548387096774194,-0.0,-0.0,573.5049780881067,0.049482020917371194,-0.05168280172361539,-3.0074933430066415
43.33,1.612903225806452,-3.548387096774194,-0.0,-0.0,573.4993569374999,0.049482326989076675,-0.051682397856932405,-3.007479345155765
43.34,1.612903225806452,-3.548387096774194,-0.0,-0.0,573.4937357853617,0.0494826082893933,-0.0516820237468007,-3.007465983334153
43.35,1.612903225806452,-3.548387096774194,-0.0,-0.0,573.4881146317699,0.04948286657701015,-0.051681677377421464,-3.0074532295655
43.36,1.612903225806452,-3.548387096774194,-0.0,-0.0,573.4824934767987,0.04948310349440817,-0.051681356862924854,-3.007441057047552
43.37,1.612903225806452,-3.548387096774194,-0.0,-0.0,573.4768723205182,0.04948332057518057,-0.05168106043925946,-3.007429440106201
43.38,1.612903225806452,-3.548387096774194,-0.0,-0.0,573.471251162995,0.04948351925091515,-0.05168078645657159,-3.0074183541516915
43.39,1.612903225806452,-3.548387096774194,-0.0,-0.0,573.4656300042924,0.049483700857646404,-0.05168053337206352,-3.007407775635308
43.4,1.612903225806452,-3.548387096774194,-0.0,-0.0,573.4600088444702,0.049483866641928706,-0.05168029974327354,-3.0073976820089032
43.41,1.612903225806452,-3.548387096774194,-0.0,-0.0,573.4543876835853,0.049484017766528596,-0.051680084221779055,-3.007388051684948
43.42,1.612903225806452,-3.548387096774194,-0.0,-0.0,573.4487665216917,0.04948415531576704,-0.05167988554728692,-3.0073788639978667
43.43,1.612903225806452,-3.548387096774194,-0.0,-0.0,573.4431453588408,0.049484280300544595,-0.051679702542075934,-3.0073700991677574
43.44,1.612903225806452,-3.548387096774194,-0.0,-0.0,573.437524195081,0.049484393663040305,-0.051679534105798286,-3.007361738263846
43.45,1.612903225806452,-3.548387096774194,-0.0,-0.0,573.4319030304586,0.04948449628113909,-0.051679379210582355,-3.0073537631709306
43.46,1.612903225806452,-3.548387096774194,-0.0,-0.0,573.4262818650172,0.049484588972572074,-0.05167923689645104,-3.00734615655583
43.47,1.612903225806452,-3.548387096774194,-0.0,-0.0,573.4206606987987,0.04948467249880803,-0.05167910626701494,-3.0073389018357273
43.48,1.612903225806452,-3.548387096774194,-0.0,-0.0,7.928361885679456,0.04948474756869804,-0.05167898648543595,-3.0073319831472385
43.49,1.612903225806452,-3.548387096774194,-0.0,-0.0,573.4094183641855,0.04948481484189869,-0.051678876770636206,-3.0073253853170794
43.5,1.612903225806452,-3.548387096774194,-0.0,-0.0,573.403797195864,0.04948487493207546,-0.05167877639374685,-3.0073190938332734
43.51,1.612903225806452,-3.548387096774194,-0.0,-0.0,573.3981760269113,0.04948492840991463,-0.05167868467476877,-3.0073130948182296
43.52,1.612903225806452,-3.548387096774194,-0.0,-0.0,7.9058772111968585,0.049484975805938275,-0.051678600979448264,-3.0073073750020636
43.53,1.612903225806452,-3.548387096774194,-0.0,-0.0,573.3869336872394,0.049485017613147095,-0.05167852471634249,-3.007301921697383
43.54,1.612903225806452,-3.548387096774194,-0.0,-0.0,573.3813125165796,0.04948505428949479,-0.05167845533406923,-3.0072967227748153
43.55,1.612903225806452,-3.548387096774194,-0.0,-0.0,573.3756913454074,0.049485086260209005,-0.05167839231872573,-3.0072917666397116
43.56,1.612903225806452,-3.548387096774194,-0.0,-0.0,573.370070173749,0.0494851139199642,-0.05167833519146953,-3.0072870422096414
43.57,1.612903225806452,-3.548387096774194,-0.0,-0.0,573.364449001629,0.049485137634915785,-0.051678283506251366,-3.007282538892657
43.58,1.612903225806452,-3.548387096774194,-0.0,-0.0,573.358827829071,0.04948515774460763,-0.051678236847687464,-3.0072782465666354
43.59,1.612903225806452,-3.548387096774194,-0.0,-0.0,573.353206656097,0.04948517456375698,-0.05167819482906638,-3.007274155559325
43.6,1.612903225806452,-3.548387096774194,-0.0,-0.0,573.3475854827284,0.04948518838392553,-0.05167815709048046,-3.0072702566291887
43.61,1.612903225806452,-3.548387096774194,-0.0,-0.0,573.3419643089851,0.04948519947507861,-0.05167812329707999,-3.0072665409465493
43.62,1.612903225806452,-3.548387096774194,-0.0,-0.0,573.3363431348863,0.049485208087060584,-0.051678093137420666,-3.007263000076961
43.63,1.612903225806452,-3.548387096774194,-0.0,-0.0,573.33072196045,0.04948521445095079,-0.05167806632194044,-3.007259625963006
43.64,1.612903225806452,-3.548387096774194,-0.0,-0.0,573.3251007856934,0.04948521878035793,-0.051678042581505934,-3.0072564109091724
43.65,1.612903225806452,-3.548387096774194,-0.0,-0.0,573.3194796106328,0.04948522127260899,-0.051678021666073326,-3.0072533475653427
43.66,1.612903225806452,-3.548387096774194,-0.0,-0.0,573.3138584352837,0.04948522210987662,-0.051678003343418155,-3.007250428912396
43.67,1.612903225806452,-3.548387096774194,-0.0,-0.0,573.3082372596607,0.04948522146022517,-0.05167798739795393,-3.0072476482476267
43.68,1.612903225806452,-3.548387096774194,-0.0,-0.0,573.3026160837778,0.04948521947859236,-0.051677973629622564,-3.007244999171097
43.69,1.612903225806452,-3.548387096774194,-0.0,-0.0,573.2969949076482,0.049485216307702626,-0.051677961852859,-3.0072424755722116
43.7,1.612903225806452,-3.548387096774194,-0.0,-0.0,573.2913737312846,0.049485212078927504,-0.05167795189561547,-3.007240071617409
43.71,1.612903225806452,-3.548387096774194,-0.0,-0.0,573.2857525546988,0.04948520691308163,-0.051677943598456344,-3.007237781737697
43.72,1.612903225806452,-3.548387096774194,-0.0,-0.0,573.2801313779021,0.04948520092117134,-0.051677936813705194,-3.007235600617149
43.73,1.612903225806452,-3.548387096774194,-0.0,-0.0,573.2745102009053,0.049485194205095354,-0.051677931404645994,-3.0072335231819944
43.74,1.612903225806452,-3.548387096774194,-0.0,-0.0,573.2688890237187,0.04948518685829245,-0.051677927244781596,-3.007231544589615
43.75,1.612903225806452,-3.548387096774194,-0.0,-0.0,573.2632678463518,0.049485178966351295,-0.05167792421713535,-3.0072296602184414
43.76,1.612903225806452,-3.548387096774194,-0.0,-0.0,573.257646668814,0.049485170607579454,-0.05167792221359768,-3.007227865658279
43.77,1.612903225806452,-3.548387096774194,-0.0,-0.0,573.252025491114,0.04948516185353197,-0.05167792113431757,-3.0072261567008267
43.78,1.612903225806452,-3.548387096774194,-0.0,-0.0,573.2464043132599,0.0494851527695043,-0.05167792088713369,-3.0072245293305873
43.79,1.612903225806452,-3.548387096774194,-0.0,-0.0,573.2407831352597,0.04948514341499842,-0.051677921387036196,-3.0072229797167327
43.8,1.612903225806452,-3.548387096774194,-0.0,-0.0,573.2351619571208,0.049485133844144866,-0.051677922555676215,-3.007221504204199
43.81,1.612903225806452,-3.548387096774194,-0.0,-0.0,573.2295407788504,0.04948512410611121,-0.05167792432089263,-3.0072200993064966
43.82,1.612903225806452,-3.548387096774194,-0.0,-0.0,573.2239196004551,0.04948511424546863,-0.05167792661628329,-3.007218761697607
43.83,1.612903225806452,-3.548387096774194,-0.0,-0.0,573.2182984219414,0.049485104302544006,-0.05167792938079491,-3.0072174882051184
43.84,1.612903225806452,-3.548387096774194,-0.0,-0.0,573.2126772433153,0.04948509431374215,-0.05167793255834485,-3.0072162758032115
43.85,1.612903225806452,-3.548387096774194,-0.0,-0.0,573.2070560645825,0.04948508431184885,-0.05167793609746535,-3.007215121606176
43.86,1.612903225806452,-3.548387096774194,-0.0,-0.0,573.2014348857485,0.04948507432630897,-0.05167793995097508,-3.0072140228618722
43.87,1.612903225806452,-3.548387096774194,-0.0,-0.0,7.709136060655843,0.04948506438349022,-0.05167794407566795,-3.0072129769459157
43.88,1.612903225806452,-3.548387096774194,-0.0,-0.0,573.1901925277976,0.049485054506923476,-0.05167794843202744,-3.007211981355682
43.89,1.612903225806452,-3.548387096774194,-0.0,-0.0,573.1845713486902,0.04948504471752993,-0.05167795298395644,-3.007211033704892
43.9,1.612903225806452,-3.548387096774194,-0.0,-0.0,573.1789501695007,0.049485035033835,-0.05167795769852257,-3.007210131718677
43.91,1.612903225806452,-3.548387096774194,-0.0,-0.0,573.1733289902335,0.04948502547215557,-0.0516779625457322,-3.0072092732278457
43.92,1.612903225806452,-3.548387096774194,-0.0,-0.0,7.681030164729683,0.04948501604678643,-0.05167796749830711,-3.007208456164515
43.93,1.612903225806452,-3.548387096774194,-0.0,-0.0,573.1620866314814,0.04948500677016718,-0.0516779725314826,-3.007207678557381
43.94,1.612903225806452,-3.548387096774194,-0.0,-0.0,573.1564654520039,0.04948499765303818,-0.051677977622818394,-3.007206938527309
43.95,1.612903225806452,-3.548387096774194,-0.0,-0.0,573.1508442724634,0.04948498870458813,-0.051677982752019624,-3.007206234283348
43.96,1.612903225806452,-3.548387096774194,-0.0,-0.0,573.145223092863,0.04948497993258184,-0.05167798790077888,-3.007205564118134
43.97,1.612903225806452,-3.548387096774194,-0.0,-0.0,573.139601913206,0.04948497134349103,-0.051677993052617166,-3.007204926404611
43.98,1.612903225806452,-3.548387096774194,-0.0,-0.0,573.1339807334952,0.04948496294260686,-0.051677998192743935,-3.007204319592124
43.99,1.612903225806452,-3.548387096774194,-0.0,-0.0,573.1283595537333,0.04948495473414585,-0.05167800330792632,-3.0072037422027966
44.0,1.612903225806452,-3.548387096774194,-0.0,-0.0,573.122738373923,0.04948494672135048,-0.05167800838636316,-3.0072031928283978
44.01,1.612903225806452,-4.193548387096774,-0.0,-0.0,573.1170552810858,0.0486552784255532,-0.1039815537054844,-3.008537210021638
44.02,1.612903225806452,-4.193548387096774,-0.0,-0.0,573.1113158782518,0.04798281314130323,-0.10124163318706281,-3.0096721256877648
44.03,1.612903225806452,-4.193548387096774,-0.0,-0.0,573.1055252486187,0.047447915135789304,-0.09867218716562515,-3.0106240332199676
44.04,1.612903225806452,-4.193548387096774,-0.0,-0.0,573.0996880032138,0.047032993248675325,-0.09626219328010888,-3.011408136857461
44.05,1.612903225806452,-4.193548387096774,-0.0,-0.0,573.093808324893,0.046722344670665286,-0.09400140715150862,-3.012038742058005
44.06,1.612903225806452,-4.193548387096774,-0.0,-0.0,573.0878900087143,0.046501996972920734,-0.09188030066940756,-3.012529259987858
44.07,1.612903225806452,-4.193548387096774,-0.0,-0.0,573.0819364988035,0.04635955275843294,-0.08989000471087255,-3.012892223448368
44.08,1.612903225806452,-4.193548387096774,-0.0,-0.0,573.0759509218797,0.046284040074312346,-0.08802225640196232,-3.01313931171868
44.09,1.612903225806452,-4.193548387096774,-0.0,-0.0,573.0699361176474,0.0462657707346109,-0.08626935085517029,-3.013281382054937
44.1,1.612903225806452,-4.193548387096774,-0.0,-0.0,573.0638946662787,0.04629620791413708,-0.08462409719908193,-3.013328505891793
44.11,1.612903225806452,-4.193548387096774,-0.0,-0.0,573.0578289132148,0.04636784375328121,-0.08307977864244193,-3.0132900081086342
44.12,1.612903225806452,-4.193548387096774,-0.0,-0.0,7.565063345359696,0.04647408723686726,-0.08163011627219136,-3.013174508019871
44.13,1.612903225806452,-4.193548387096774,-0.0,-0.0,573.045632842025,0.046609162254790434,-0.08026923626566079,-3.0129899610147506
44.14,1.612903225806452,-4.193548387096774,-0.0,-0.0,573.0395062314249,0.04676801549862476,-0.07899164019490201,-3.0127436999976465
44.15,1.612903225806452,-4.193548387096774,-0.0,-0.0,573.033362768615,0.04694623367717701,-0.07779217811080802,-3.0124424759745323
44.16,1.612903225806452,-4.193548387096774,-0.0,-0.0,573.0272039193654,0.04713996942638453,-0.07666602411133994,-3.012092497302643
44.17,1.612903225806452,-4.193548387096774,-0.0,-0.0,573.0210310195516,0.047345875229056394,-0.0756086541178615,-3.011699467287517
44.18,1.612903225806452,-4.193548387096774,-0.0,-0.0,573.0148452870793,0.047561044636628,-0.07461582560479563,-3.011268619962672
44.19,1.612903225806452,-4.193548387096774,-0.0,-0.0,573.0086478326417,0.04778296009183683,-0.07368355905157153,-3.0108047539888574
44.2,1.612903225806452,-4.193548387096774,-0.0,-0.0,573.0024396694326,0.04800944668231073,-0.07280812091281669,-3.010312264657224
44.21,1.612903225806452,-4.193548387096774,-0.0,-0.0,572.9962217219255,0.04823863120156803,-0.07198600793132631,-3.0097951739816553
44.22,1.612903225806452,-4.193548387096774,-0.0,-0.0,572.9899948338153,0.04846890594567124,-0.07121393264466519,-3.009257158863857
44.23,1.612903225806452,-4.193548387096774,-0.0,-0.0,572.9837597752116,0.04869889672382363,-0.0704888099575589,-3.0087015773405112
44.24,1.612903225806452,-4.193548387096774,-0.0,-0.0,572.9775172491591,0.04892743460773091,-0.06980774466875539,-3.0081314929610827
44.25,1.612903225806452,-4.193548387096774,-0.0,-0.0,572.9712678975548,0.04915353098904378,-0.0691680198546013,-3.0075496973868874
44.26,1.612903225806452,-4.193548387096774,-0.0,-0.0,572.9650123065237,0.04937635555769228,-0.06856708602396033,-3.006958731324873
44.27,1.612903225806452,-4.193548387096774,-0.0,-0.0,572.9587510113053,0.049595216856141516,-0.0680025509708082,-3.0063609039144668
44.28,1.612903225806452,-4.193548387096774,-0.0,-0.0,572.9524845006997,0.04980954510445082,-0.06747217026155,-3.0057583106833508
44.29,1.612903225806452,-4.193548387096774,-0.0,-0.0,572.9462132211166,0.05001887702734459,-0.06697383830355941,-3.0051528501745497
44.3,1.612903225806452,-4.193548387096774,-0.0,-0.0,572.939937580264,0.050222842447063654,-0.06650557994924156,-3.0045462393425
44.31,1.612903225806452,-4.193548387096774,-0.0,-0.0,572.9336579505109,0.050421152434364916,-0.06606554259638875,-3.0039400278035138
44.32,1.612903225806452,-4.193548387096774,-0.0,-0.0,572.9273746719551,0.05061358883524075,-0.06565198875069189,-3.003335611023684
44.33,1.612903225806452,-4.193548387096774,-0.0,-0.0,572.921088055222,0.05079999501295114,-0.06526328902042594,-3.0027342425205945
44.34,1.612903225806452,-4.193548387096774,-0.0,-0.0,572.9147983840193,0.050980267664279405,-0.06489791551666019,-3.0021370451502074
44.35,1.612903225806452,-4.193548387096774,-0.0,-0.0,572.9085059174707,0.05115434958588816,-0.06455443563503238,-3.001545021546968
44.36,1.612903225806452,-4.193548387096774,-0.0,-0.0,572.9022108922466,0.05132222328149527,-0.06423150619735263,-3.000959063779374
44.37,1.612903225806452,-4.193548387096774,-0.0,-0.0,572.8959135245103,0.05148390531365671,-0.0639278679330898,-3.000379962280958
44.38,1.612903225806452,-4.193548387096774,-0.0,-0.0,572.8896140116973,0.05163944131532559,-0.063642340282343,-2.9998084141094843
44.39,1.612903225806452,-4.193548387096774,-0.0,-0.0,572.8833125341399,0.051788901586430944,-0.06337381650309987,-2.999245030586944
44.4,1.612903225806452,-4.193548387096774,-0.0,-0.0,572.8770092565527,0.05193237720943049,-0.06312125906671529,-2.998690344364712
44.41,1.612903225806452,-4.193548387096774,-0.0,-0.0,572.8707043293891,0.05206997662554558,-0.06288369532639115,-2.9981448159587547
44.42,1.612903225806452,-4.193548387096774,-0.0,-0.0,572.8643978900822,0.05220182262010249,-0.06266021344426165,-2.997608839794343
44.43,1.612903225806452,-4.193548387096774,-0.0,-0.0,572.8580900641774,0.05232804967131087,-0.06244995856340202,-2.997082749795895
44.44,1.612903225806452,-4.193548387096774,-0.0,-0.0,572.8517809663683,0.05244880162203215,-0.062252129211683827,-2.996566824556412
44.45,1.612903225806452,-4.193548387096774,-0.0,-0.0,572.8454707014425,0.0525642296386709,-0.06206597392497404,-2.9960612921188656
44.46,1.612903225806452,-4.193548387096774,-0.0,-0.0,572.8391593651461,0.05267449042528728,-0.061890788077767045,-2.9955663343959933
44.47,1.612903225806452,-4.193548387096774,-0.0,-0.0,572.8328470449729,0.05277974466464144,-0.061725910909788906,-2.995082091257112
44.48,1.612903225806452,-4.193548387096774,-0.0,-0.0,572.8265338208861,0.05288015566096048,-0.061570722737645744,-2.9946086643055354
44.49,1.612903225806452,-4.193548387096774,-0.0,-0.0,572.8202197659758,0.052975888161997164,-0.06142464234105105,-2.9941461203692596
44.5,1.612903225806452,-4.193548387096774,-0.0,-0.0,572.8139049470615,0.05306710734041441,-0.06128712451360574,-2.9936944947272135
44.51,1.612903225806452,-4.193548387096774,-0.0,-0.0,572.80758942524,0.05315397791663644,-0.06115765776861343,-2.9932537940879795
44.52,1.612903225806452,-4.193548387096774,-0.0,-0.0,572.8012732563875,0.05323666340731073,-0.061035762190773835,-2.992823999341645
44.53,1.612903225806452,-4.193548387096774,-0.0,-0.0,7.308278845453166,0.053315325485158785,-0.06092098742509855,-2.992405068099518
44.54,1.612903225806452,-4.193548387096774,-0.0,-0.0,572.7886391776914,0.053390123437565024,-0.06081291079476259,-2.991996937038486
44.55,1.612903225806452,-4.193548387096774,-0.0,-0.0,572.7823213574139,0.05346121371255086,-0.06071113554007068,-2.9915995240623205
44.56,1.612903225806452,-4.193548387096774,-0.0,-0.0,572.7760030699659,0.05352874954206917,-0.06061528917103304,-2.991212730296409
44.57,1.612903225806452,-4.193548387096774,-0.0,-0.0,572.7696843512282,0.05359288063351435,-0.06052502192655512,-2.9908364419241034
44.58,1.612903225806452,-4.193548387096774,-0.0,-0.0,572.7633652340696,0.05365375292142496,-0.06044000533349647,-2.9904705318797093
44.59,1.612903225806452,-4.193548387096774,-0.0,-0.0,7.2703681024475975,0.0537115083721198,-0.06035993085932212,-2.9901148614062643
44.6,1.612903225806452,-4.193548387096774,-0.0,-0.0,572.7507259224623,0.053766284834829606,-0.06028450865236512,-2.9897692814888748
44.61,1.612903225806452,-4.193548387096774,-0.0,-0.0,572.744405780948,0.0538182159335624,-0.0602134663640741,-2.989433634172868
44.62,1.612903225806452,-4.193548387096774,-0.0,-0.0,572.7380853473007,0.05386743099453488,-0.060146548047967874,-2.9891077537741024
44.63,1.612903225806452,-4.193548387096774,-0.0,-0.0,572.7317646428464,0.05391405500460078,-0.06008351313028781,-2.9887914679908696
44.64,1.612903225806452,-4.193548387096774,-0.0,-0.0,572.7254436871696,0.0539582085965427,-0.060024135447695415,-2.9884845989227435
44.65,1.612903225806452,-4.193548387096774,-0.0,-0.0,572.7191224982643,0.05400000805759546,-0.0599682023475947,-2.988186964004599
44.66,1.612903225806452,-4.193548387096774,-0.0,-0.0,572.7128010926725,0.054039565357943076,-0.05991551384695348,-2.9878983768620535
44.67,1.612903225806452,-4.193548387096774,-0.0,-0.0,572.7064794856094,0.054076988196256795,-0.059865881845789615,-2.987618648092198
44.68,1.612903225806452,-4.193548387096774,-0.0,-0.0,572.7001576910778,0.054112380059746376,-0.05981912939165046,-2.987347585978066
44.69,1.612903225806452,-4.193548387096774,-0.0,-0.0,572.6938357219726,0.05414584029638292,-0.059775089991746744,-2.987084997138746
44.7,1.612903225806452,-4.193548387096774,-0.0,-0.0,572.6875135901756,0.05417746419730292,-0.059733606969530784,-2.986830687122268
44.71,1.612903225806452,-4.193548387096774,-0.0,-0.0,7.194513660479621,0.05420734308756954,-0.0596945328627802,-2.98658446094405
44.72,1.612903225806452,-4.193548387096774,-0.0,-0.0,572.674868881481,0.054235564423707805,-0.059657728860411874,-2.9863461235753532
44.73,1.612903225806452,-4.193548387096774,-0.0,-0.0,572.668546324024,0.05426221189662081,-0.059623064275430626,-2.9861154803860734
44.74,1.612903225806452,-4.193548387096774,-0.0,-0.0,572.662223642894,0.05428736553862633,-0.05959041605162585,-2.98589233754383
44.75,1.612903225806452,-4.193548387096774,-0.0,-0.0,572.6559008460634,0.05431110183356182,-0.05955966830173004,-2.98567650237453
44.76,1.612903225806452,-4.193548387096774,-0.0,-0.0,572.649577940909,0.0543334938289807,-0.05953071187496922,-2.9854677836857606
44.77,1.612903225806452,-4.193548387096774,-0.0,-0.0,572.6432549342611,0.05435461124961953,-0.05950344395203566,-2.9852659920563847
44.78,1.612903225806452,-4.193548387096774,-0.0,-0.0,572.6369318324495,0.05437452061142814,-0.0594777676656465,-2.985070940095657
44.79,1.612903225806452,-4.193548387096774,-0.0,-0.0,572.6306086413441,0.05439328533550482,-0.05945359174501952,-2.984882442672358
44.8,1.612903225806452,-4.193548387096774,-0.0,-0.0,572.6242853663932,0.05441096586144102,-0.05943083018263817,-2.9847003171187083
44.81,1.612903225806452,-4.193548387096774,-0.0,-0.0,572.6179620126576,0.054427619759573845,-0.05940940192186933,-2.9845243834087887
44.82,1.612903225806452,-4.193548387096774,-0.0,-0.0,572.6116385848414,0.054443301841768696,-0.05938923056404288,-2.9843544643143156
44.83,1.612903225806452,-4.193548387096774,-0.0,-0.0,572.6053150873216,0.05445806427042346,-0.059370244093687796,-2.9841903855409617
44.84,1.612903225806452,-4.193548387096774,-0.0,-0.0,572.5989915241735,0.05447195666536635,-0.059352374620781856,-2.9840319758439464
44.85,1.612903225806452,-4.193548387096774,-0.0,-0.0,572.5926678991947,0.05448502620845991,-0.05933555813885971,-2.983879067126967
44.86,1.612903225806452,-4.193548387096774,-0.0,-0.0,572.586344215927,0.054497317745703044,-0.05931973429796589,-2.983731494524669
44.87,1.612903225806452,-4.193548387096774,-0.0,-0.0,572.5800204776765,0.054508873886691206,-0.059304846191476746,-2.9835890964705847
44.88,1.612903225806452,-4.193548387096774,-0.0,-0.0,572.5736966875312,0.0545197351013086,-0.05929084015590447,-2.983451714751213
44.89,1.612903225806452,-4.193548387096774,-0.0,-0.0,572.5673728483782,0.054529939813571016,-0.059277665582837535,-2.98331919454776
44.9,1.612903225806452,-4.193548387096774,-0.0,-0.0,7.074371316756234,0.0545395244925619,-0.0592652747422347,-2.9831913844668385
44.91,1.612903225806452,-4.193548387096774,-0.0,-0.0,572.5547250336829,0.0545485237404008,-0.05925362261636691,-2.9830681365598886
44.92,1.612903225806452,-4.193548387096774,-0.0,-0.0,572.5484010630403,0.05455697037726748,-0.05924266674368528,-2.9829493063347416
44.93,1.612903225806452,-4.193548387096774,-0.0,-0.0,572.542077053214,0.054564895523416826,-0.05923236707204693,-2.982834752756564
44.94,1.612903225806452,-4.193548387096774,-0.0,-0.0,572.5357530062905,0.0545723286782684,-0.059222685820635834,-2.9827243382431856
44.95,1.612903225806452,-4.193548387096774,-0.0,-0.0,572.5294289242291,0.05457929779652301,-0.05921358735010229,-2.9826179286513415
44.96,1.612903225806452,-4.193548387096774,-0.0,-0.0,572.5231048088717,0.05458582936140606,-0.05920503804034294,-2.9825153932582817
44.97,1.612903225806452,-4.193548387096774,-0.0,-0.0,572.5167806619504,0.05459194845502348,-0.05919700617550222,-2.9824166047359677
44.98,1.612903225806452,-4.193548387096774,-0.0,-0.0,572.5104564850956,0.05459767882593862,-0.05918946183569107,-2.9823214391217396
44.99,1.612903225806452,-4.193548387096774,-0.0,-0.0,572.5041322798428,0.05460304295398011,-0.059182376795055114,-2.9822297757831775
45.0,1.612903225806452,-4.193548387096774,-0.0,-0.0,7.011130401476627,0.054608062112374775,-0.05917572442577179,-2.982141497379454
45.01,1.612903225806452,-4.193548387096774,-0.0,-0.0,572.4914837898501,0.054612756427250705,-0.05916947960763491,-2.982056489818313
45.02,1.612903225806452,-4.193548387096774,-0.0,-0.0,572.4851595077629,0.05461714493461638,-0.05916361864285247,-2.9819746422111275
45.03,1.612903225806452,-4.193548387096774,-0.0,-0.0,6.992157556430917,0.054621245634839874,-0.05915811917578828,-2.9818958468236123
45.04,1.612903225806452,-4.193548387096774,-0.0,-0.0,572.4725108754914,0.054625075544749976,-0.059152960117304754,-2.981819999025164
45.05,1.612903225806452,-4.193548387096774,-0.0,-0.0,572.4661865275418,0.05462865074740658,-0.05914812157345628,-2.9817469972355846
45.06,1.612903225806452,-4.193548387096774,-0.0,-0.0,572.4598621597721,0.05463198643962873,-0.05914358477826309,-2.9816767428700635
45.07,1.612903225806452,-4.193548387096774,-0.0,-0.0,572.453537773154,0.05463509697735529,-0.05913933203032479,-2.9816091402826017
45.08,1.612903225806452,-4.193548387096774,-0.0,-0.0,572.4472133686077,0.05463799591891923,-0.05913534663303921,-2.9815440967083604
45.09,1.612903225806452,-4.193548387096774,-0.0,-0.0,572.4408889470044,0.05464069606630262,-0.059131612838225656,-2.9814815222046196
45.1,1.612903225806452,-4.193548387096774,-0.0,-0.0,572.43456450917,0.054643209504460125,-0.059128115792938085,-2.981421329591243
45.11,1.612903225806452,-4.193548387096774,-0.0,-0.0,572.4282400558872,0.054645547638779574,-0.05912484148928726,-2.981363434390523
45.12,1.612903225806452,-4.193548387096774,-0.0,-0.0,572.4219155878984,0.05464772123074754,-0.05912177671710245,-2.981307754766246
45.13,1.612903225806452,-4.193548387096774,-0.0,-0.0,572.4155911059081,0.054649740431907484,-0.05911890901925043,-2.9812542114630562
45.14,1.612903225806452,-4.193548387096774,-0.0,-0.0,572.4092666105847,0.05465161481616124,-0.05911622664947791,-2.981202727745145
45.15,1.612903225806452,-4.193548387096774,-0.0,-0.0,572.4029421025629,0.054653353410500455,-0.059113718532612936,-2.98115322933543
45.16,1.612903225806452,-4.193548387096774,-0.0,-0.0,572.3966175824455,0.05465496472423097,-0.05911137422699414,-2.981105644355116
45.17,1.612903225806452,-4.193548387096774,-0.0,-0.0,572.3902930508053,0.05465645677672899,-0.05910918388902375,-2.981059903262291
45.18,1.612903225806452,-4.193548387096774,-0.0,-0.0,572.3839685081865,0.05465783712384427,-0.05910713823967406,-2.9810159387926087
45.19,1.612903225806452,-4.193548387096774,-0.0,-0.0,572.3776439551065,0.05465911288296303,-0.05910522853287986,-2.9809736858994302
45.2,1.612903225806452,-4.193548387096774,-0.0,-0.0,572.3713193920572,0.05466029075681256,-0.05910344652569033,-2.9809330816947557
45.21,1.612903225806452,-4.193548387096774,-0.0,-0.0,6.878317173343922,0.05466137705605728,-0.059101784450085404,-2.980894065390687
45.22,1.612903225806452,-4.193548387096774,-0.0,-0.0,572.3586702379001,0.05466237772075082,-0.05910023498635408,-2.9808565782419443
45.23,1.612903225806452,-4.193548387096774,-0.0,-0.0,572.3523456476611,0.054663298340683814,-0.0590987912379588,-2.980820563488807
45.24,1.612903225806452,-4.193548387096774,-0.0,-0.0,572.3460210491927,0.05466414417468948,-0.05909744670779277,-2.9807859663011143
45.25,1.612903225806452,-4.193548387096774,-0.0,-0.0,572.3396964428788,0.054664920168951595,-0.05909619527575444,-2.9807527337231288
45.26,1.612903225806452,-4.193548387096774,-0.0,-0.0,572.3333718290849,0.054665630974360266,-0.059095031177568536,-2.98072081461921
45.27,1.612903225806452,-4.193548387096774,-0.0,-0.0,572.3270472081589,0.05466628096296114,-0.059093948984783484,-2.980690159620311
45.28,1.612903225806452,-4.193548387096774,-0.0,-0.0,572.3207225804323,0.05466687424354891,-0.05909294358587147,-2.980660721071798
45.29,1.612903225806452,-4.193548387096774,-0.0,-0.0,572.3143979462208,0.05466741467643914,-0.05909201016837784,-2.9806324529821633
45.3,1.612903225806452,-4.193548387096774,-0.0,-0.0,572.3080733058251,0.05466790588745869,-0.05909114420206085,-2.9806053109726367
45.31,1.612903225806452,-4.193548387096774,-0.0,-0.0,572.3017486595321,0.05466835128119649,-0.05909034142296404,-2.9805792522279626
45.32,1.612903225806452,-4.193548387096774,-0.0,-0.0,572.2954240076148,0.054668754053543364,-0.05908959781837564,-2.980554235447877
45.33,1.612903225806452,-4.193548387096774,-0.0,-0.0,572.2890993503335,0.054669117203576076,-0.0590889096126081,-2.980530220800453
45.34,1.612903225806452,-4.193548387096774,-0.0,-0.0,572.2827746879364,0.054669443544791,-0.05908827325357835,-2.980507169875709
45.35,1.612903225806452,-4.193548387096774,-0.0,-0.0,572.2764500206599,0.05466973571573698,-0.059087685400127765,-2.9804850456405223
45.36,1.612903225806452,-4.193548387096774,-0.0,-0.0,572.2701253487298,0.054669996190084585,-0.05908714291003481,-2.980463812395182
45.37,1.612903225806452,-4.193548387096774,-0.0,-0.0,572.2638006723611,0.05467022728612797,-0.059086642828713565,-2.9804434357297587
45.38,1.612903225806452,-4.193548387096774,-0.0,-0.0,572.2574759917586,0.05467043117579397,-0.059086182378515595,-2.98042388248291
45.39,1.612903225806452,-4.193548387096774,-0.0,-0.0,572.251151307118,0.05467060989314819,-0.0590857589486371,-2.9804051207010627
45.4,1.612903225806452,-4.193548387096774,-0.0,-0.0,572.2448266186257,0.05467076534243376,-0.05908537008558712,-2.980387119598535
45.41,1.612903225806452,-4.193548387096774,-0.0,-0.0,572.2385019264594,0.05467089930567444,-0.05908501348418094,-2.9803698495190454
45.42,1.612903225806452,-4.193548387096774,-0.0,-0.0,572.2321772307889,0.05467101344985724,-0.059084686979034295,-2.9803532818981404
45.43,1.612903225806452,-4.193548387096774,-0.0,-0.0,572.2258525317758,0.054671109333714316,-0.059084388536535526,-2.9803373892264173
45.44,1.612903225806452,-4.193548387096774,-0.0,-0.0,572.2195278295744,0.054671188414140426,-0.059084116247252405,-2.980322145014442
45.45,1.612903225806452,-4.193548387096774,-0.0,-0.0,572.2132031243319,0.05467125205223421,-0.059083868318781485,-2.980307523757518
45.46,1.612903225806452,-4.193548387096774,-0.0,-0.0,572.2068784161887,0.05467130151902376,-0.05908364306897451,-2.9802935009026936
45.47,1.612903225806452,-4.193548387096774,-0.0,-0.0,6.7138760591159246,0.054671338000856634,-0.059083438919558806,-2.980280052815821
45.48,1.612903225806452,-4.193548387096774,-0.0,-0.0,572.1942289917297,0.05467136260449448,-0.05908325439010581,-2.9802671567500165
45.49,1.612903225806452,-4.193548387096774,-0.0,-0.0,572.1879042756635,0.054671376361917295,-0.05908308809234131,-2.9802547908148305
45.5,1.612903225806452,-4.193548387096774,-0.0,-0.0,572.1815795571964,0.05467138023485814,-0.05908293872477194,-2.98024293394644
45.51,1.612903225806452,-4.193548387096774,-0.0,-0.0,572.1752548364393,0.05467137511908471,-0.05908280506760921,-2.9802315658789666
45.52,1.612903225806452,-4.193548387096774,-0.0,-0.0,572.168930113498,0.054671361848428135,-0.05908268597798794,-2.980220667116107
45.53,1.612903225806452,-4.193548387096774,-0.0,-0.0,572.1626053884736,0.05467134119858921,-0.05908258038544634,-2.980210218904072
45.54,1.612903225806452,-4.193548387096774,-0.0,-0.0,6.66960301529945,0.054671313890725465,-0.05908248728766147,-2.9802002032052592
45.55,1.612903225806452,-4.193548387096774,-0.0,-0.0,572.1499559325559,0.0546712805948342,-0.05908240574642404,-2.980190602672859
45.56,1.612903225806452,-4.193548387096774,-0.0,-0.0,572.1436312018423,0.054671241932930714,-0.05908233488384962,-2.980181400625694
45.57,1.612903225806452,-4.193548387096774,-0.0,-0.0,572.1373064694048,0.05467119848206273,-0.05908227387878501,-2.980172581024983
45.58,1.612903225806452,-4.193548387096774,-0.0,-0.0,572.1309817353236,0.054671150777130806,-0.05908222196343693,-2.9801641284507343
45.59,1.612903225806452,-4.193548387096774,-0.0,-0.0,572.1246569996746,0.05467109931354626,-0.059082178420191145,-2.9801560280789947
45.6,1.612903225806452,-4.193548387096774,-0.0,-0.0,572.1183322625304,0.054671044549757616,-0.059082142578587904,-2.980148265661198
45.61,1.612903225806452,-4.193548387096774,-0.0,-0.0,572.1120075239604,0.05467098690959234,-0.05908211381250694,-2.9801408275020562
45.62,1.612903225806452,-4.193548387096774,-0.0,-0.0,572.1056827840307,0.05467092678449381,-0.05908209153748034,-2.9801337004400805
45.63,1.612903225806452,-4.193548387096774,-0.0,-0.0,572.0993580428043,0.05467086453560341,-0.05908207520818187,-2.9801268718274057
45.64,1.612903225806452,-4.193548387096774,-0.0,-0.0,572.0930333003414,0.05467080049573855,-0.05908206431604052,-2.980120329511409
45.65,1.612903225806452,-4.193548387096774,-0.0,-0.0,6.600030910536581,0.05467073497123215,-0.05908205838701286,-2.9801140618157143
45.66,1.612903225806452,-4.193548387096774,-0.0,-0.0,572.080383811933,0.05467066824368591,-0.05908205697945973,-2.9801080575231795
45.67,1.612903225806452,-4.193548387096774,-0.0,-0.0,572.0740590660945,0.05467060057159914,-0.059082059682164956,-2.980102305858348
45.68,1.612903225806452,-4.193548387096774,-0.0,-0.0,572.0677343192338,0.05467053219190762,-0.059082066112460474,-2.98009679647094
45.69,1.612903225806452,-4.193548387096774,-0.0,-0.0,572.0614095713983,0.05467046332143358,-0.05908207591445641,-2.9800915194201396
45.7,1.612903225806452,-4.193548387096774,-0.0,-0.0,572.0550848226334,0.0546703941582424,-0.059082088757379414,-2.9800864651590877
45.71,1.612903225806452,-4.193548387096774,-0.0,-0.0,572.0487600729824,0.05467032488291852,-0.059082104334005625,-2.9800816245200292
45.72,1.612903225806452,-4.193548387096774,-0.0,-0.0,572.0424353224867,0.05467025565976193,-0.05908212235918725,-2.9800769886998597
45.73,1.612903225806452,-4.193548387096774,-0.0,-0.0,572.0361105711854,0.0546701866379148,-0.05908214256846123,-2.980072549246405
45.74,1.612903225806452,-4.193548387096774,-0.0,-0.0,572.0297858191162,0.054670117952417524,-0.05908216471674127,-2.980068298045075
45.75,1.612903225806452,-4.193548387096774,-0.0,-0.0,572.0234610663149,0.05467004972519894,-0.05908218857708686,-2.980064227305988
45.76,1.612903225806452,-4.193548387096774,-0.0,-0.0,572.0171363128155,0.05466998206600368,-0.0590822139395466,-2.9800603295514416
45.77,1.612903225806452,-4.193548387096774,-0.0,-0.0,572.0108115586509,0.05466991507326931,-0.05908224061006229,-2.9800565976042797
45.78,1.612903225806452,-4.193548387096774,-0.0,-0.0,572.0044868038518,0.054669848834928814,-0.059082268409457406,-2.980053024575553
45.79,1.612903225806452,-4.193548387096774,-0.0,-0.0,571.9981620484482,0.05466978342919608,-0.059082297172452225,-2.9800496038545297
45.8,1.612903225806452,-4.193548387096774,-0.0,-0.0,571.9918372924682,0.05466971892526261,-0.059082326746777325,-2.9800463290968295
45.81,1.612903225806452,-4.193548387096774,-0.0,-0.0,571.9855125359387,0.05466965538398298,-0.059082356992306406,-2.9800431942148875
45.82,1.612903225806452,-4.193548387096774,-0.0,-0.0,571.9791877788855,0.05466959285849721,-0.05908238778026065,-2.98004019336765
45.83,1.612903225806452,-4.193548387096774,-0.0,-0.0,571.9728630213331,0.054669531394821,-0.059082418992453256,-2.9800373209510957
45.84,1.612903225806452,-4.193548387096774,-0.0,-0.0,571.9665382633049,0.054669471032393654,-0.05908245052058397,-2.9800345715888765
45.85,1.612903225806452,-4.193548387096774,-0.0,-0.0,571.9602135048231,0.05466941180459049,-0.05908248226557544,-2.980031940123303
45.86,1.612903225806452,-4.193548387096774,-0.0,-0.0,571.953888745909,0.054669353739213944,-0.0590825141369391,-2.9800294216073393
45.87,1.612903225806452,-4.193548387096774,-0.0,-0.0,571.9475639865831,0.05466929685893031,-0.05908254605220059,-2.980027011295665
45.88,1.612903225806452,-4.193548387096774,-0.0,-0.0,571.9412392268645,0.05466924118169153,-0.05908257793634719,-2.980024704636841
45.89,1.612903225806452,-4.193548387096774,-0.0,-0.0,571.9349144667717,0.05466918672113669,-0.059082609721301416,-2.980022497266226
45.9,1.612903225806452,-4.193548387096774,-0.0,-0.0,571.9285897063223,0.054669133486943314,-0.05908264134544977,-2.9800203849978164
45.91,1.612903225806452,-4.193548387096774,-0.0,-0.0,571.9222649455331,0.05466908148518006,-0.05908267275317686,-2.9800183638178397
45.92,1.612903225806452,-4.193548387096774,-0.0,-0.0,6.429262538257254,0.05466903071861429,-0.05908270389444825,-2.9800164298773657
45.93,1.612903225806452,-4.193548387096774,-0.0,-0.0,571.9096154229984,0.05466898118701777,-0.059082734724401176,-2.980014579486311
45.94,1.612903225806452,-4.193548387096774,-0.0,-0.0,6.416613015119871,0.05466893288743005,-0.05908276520298189,-2.980012809106442
45.95,1.612903225806452,-4.193548387096774,-0.0,-0.0,571.8969658992867,0.0546688858144269,-0.05908279529458288,-2.9800111153459836
45.96,1.612903225806452,-4.193548387096774,-0.0,-0.0,571.8906411370236,0.05466883996035023,-0.059082824967721714,-2.9800094949533205
45.97,1.612903225806452,-4.193548387096774,-0.0,-0.0,571.8843163745063,0.05466879531553587,-0.05908285419472792,-2.9800079448117183
45.98,1.612903225806452,-4.193548387096774,-0.0,-0.0,571.8779916117464,0.054668751868506726,-0.05908288295146635,-2.9800064619332387
45.99,1.612903225806452,-4.193548387096774,-0.0,-0.0,571.8716668487557,0.05466870960618406,-0.059082911217048395,-2.980005043454678
46.0,1.612903225806452,-4.193548387096774,-0.0,-0.0,571.8653420855449,0.05466866851404198,-0.05908293897360123,-2.9800036866313198
46.01,1.612903225806452,-4.838709677419354,-0.0,-0.0,571.8589612094812,0.053922572755557494,-0.1116544023042132,-2.981057817510486
46.02,1.612903225806452,-4.838709677419354,-0.0,-0.0,571.8525288393927,0.05330353388217417,-0.10915290327059157,-2.9819519910389136
46.03,1.612903225806452,-4.838709677419354,-0.0,-0.0,571.8460492045922,0.052797138481594244,-0.1067950571244225,-2.982698447206288
46.04,1.612903225806452,-4.838709677419354,-0.0,-0.0,571.839526177303,0.05239034175190989,-0.10457226904151856,-2.983308715402043
46.05,1.612903225806452,-4.838709677419354,-0.0,-0.0,571.8329633027787,0.05207136926470754,-0.10247649907541545,-2.983793635375118
46.06,1.612903225806452,-4.838709677419354,-0.0,-0.0,571.8263638271608,0.051829619070408756,-0.10050022299734207,-2.9841633808881487
46.07,1.612903225806452,-4.838709677419354,-0.0,-0.0,571.8197307231526,0.05165556599571071,-0.09863639562301996,-2.9844274854256874
46.08,1.612903225806452,-4.838709677419354,-0.0,-0.0,571.8130667136087,0.051540669489788915,-0.0968784166685484,-2.9845948693697553
46.09,1.612903225806452,-4.838709677419354,-0.0,-0.0,571.8063742931558,0.05147728597270107,-0.09522009910287915,-2.984673868122952
46.1,1.612903225806452,-4.838709677419354,-0.0,-0.0,571.7996557479695,0.05145858631149386,-0.0936556399130965,-2.9846722607242233
46.11,1.612903225806452,-4.838709677419354,-0.0,-0.0,571.7929131738348,0.0514784787858725,-0.09217959316466723,-2.9845972985703138
46.12,1.612903225806452,-4.838709677419354,-0.0,-0.0,571.7861484926202,0.05153153769671334,-0.09078684521774255,-2.984455733917739
46.13,1.612903225806452,-4.838709677419354,-0.0,-0.0,571.7793634672909,0.0516129376094263,-0.08947259194911028,-2.9842538479015235
46.14,1.612903225806452,-4.838709677419354,-0.0,-0.0,571.7725597155815,0.05171839310292925,-0.08823231782522772,-2.983997477857579
46.15,1.612903225806452,-4.838709677419354,-0.0,-0.0,571.7657387224456,0.05184410380752906,-0.08706177667276899,-2.9836920437881393
46.16,1.612903225806452,-4.838709677419354,0.0,0.0,6.272224205225704,0.05198670445505729,-0.08595697399811142,-2.9833425738469064
46.17,1.612903225806452,-4.838709677419354,0.0,0.0,6.265372708622173,0.052143219627185156,-0.08491415071463498,-2.9829537287609624
46.18,1.612903225806452,-4.838709677419354,0.0,0.0,6.25850773711226,0.05231102286790815,-0.08392976814598585,-2.9825298251338714
46.19,1.612903225806452,-4.838709677419354,0.0,0.0,571.7383079943227,0.0524877998198786,-0.08300049418361272,-2.9820748576006473
46.2,1.612903225806452,-4.838709677419354,0.0,0.0,571.731419160016,0.05267151504806167,-0.08212319048741351,-2.9815925198274984
46.21,1.612903225806452,-4.838709677419354,0.0,0.0,571.72451977418,0.05286038222511916,-0.08129490062892131,-2.9810862243624263
46.22,1.612903225806452,-4.838709677419354,0.0,0.0,571.7176106588654,0.05305283736888701,-0.08051283908658463,-2.980559121358264
46.23,1.612903225806452,-4.838709677419354,0.0,0.0,571.7106925702736,0.0532475148412892,-0.07977438101233442,-2.980014116198317
46.24,1.612903225806452,-4.838709677419354,0.0,0.0,571.7037662041683,0.05344322583870706,-0.07907705269756132,-2.9794538860615494
46.25,1.612903225806452,-4.838709677419354,0.0,0.0,571.6968322008232,0.05363893912518003,-0.07841852267474442,-2.9788808954708643
46.26,1.612903225806452,-4.838709677419354,0.0,0.0,571.6898911495471,0.05383376378095575,-0.07779659339839179,-2.978297410868465
46.27,1.612903225806452,-4.838709677419354,0.0,0.0,571.682943592826,0.05402693375953921,-0.07720919345544713,-2.97770551426815
46.28,1.612903225806452,-4.838709677419354,0.0,0.0,571.6759900301165,0.05421779406584171,-0.07665437026122185,-2.9771071160310854
46.29,1.612903225806452,-4.838709677419354,0.0,0.0,571.6690309213224,0.054405788386410914,-0.07613028320196641,-2.976503966814838
46.3,1.612903225806452,-4.838709677419354,0.0,0.0,571.6620666899806,0.054590448019610494,-0.07563519718973294,-2.9758976687411285
46.31,1.612903225806452,-4.838709677419354,0.0,0.0,571.6550977261861,0.05477138196930456,-0.07516747659895812,-2.975289685831846
46.32,1.612903225806452,-4.838709677419354,0.0,0.0,571.6481243892739,0.054948268079641704,-0.07472557955770281,-2.974681353753794
46.33,1.612903225806452,-4.838709677419354,0.0,0.0,571.641147010283,0.055120845101564064,-0.07430805256921941,-2.9740738889185874
46.34,1.612903225806452,-4.838709677419354,0.0,0.0,571.634165894219,0.055288905593147725,-0.07391352544212504,-2.9734683969760938
46.35,1.612903225806452,-4.838709677419354,0.0,0.0,571.6271813221325,0.05545228956637824,-0.0735407065095332,-2.9728658807408253
46.36,1.612903225806452,-4.838709677419354,0.0,0.0,571.6201935530303,0.055610878802316466,-0.07318837811932283,-2.9722672475885026
46.37,1.612903225806452,-4.838709677419354,0.0,0.0,571.6132028256314,0.05576459176492668,-0.07285539237934219,-2.9716733163559645
46.38,1.612903225806452,-4.838709677419354,0.0,0.0,571.6062093599826,0.05591337905134777,-0.072540667142652,-2.971084823777543
46.39,1.612903225806452,-4.838709677419354,0.0,0.0,571.5992133589434,0.056057219323042445,-0.07224318221907977,-2.9705024304890486
46.4,1.612903225806452,-4.838709677419354,0.0,0.0,571.5922150095532,0.056196115668136454,-0.07196197580041819,-2.9699267266263267
46.41,1.612903225806452,-4.838709677419354,0.0,0.0,571.5852144842879,0.05633009235059619,-0.07169614108742406,-2.969358237046269
46.42,1.612903225806452,-4.838709677419354,0.0,0.0,6.091534296054184,0.05645919190656776,-0.07144482310756772,-2.968797426195452
46.43,1.612903225806452,-4.838709677419354,0.0,0.0,6.084529883904785,0.056583472552343084,-0.07120721571320482,-2.9682447026483803
46.44,1.612903225806452,-4.838709677419354,0.0,0.0,571.5642013832046,0.05670300587222124,-0.07098255875036863,-2.967700423339457
46.45,1.612903225806452,-4.838709677419354,0.0,0.0,571.5571936265318,0.056817874757728676,-0.07077013538904608,-2.9671648975063096
46.46,1.612903225806452,-4.838709677419354,0.0,0.0,571.5501843753216,0.05692817157273544,-0.07056926960617577,-2.966638390366133
46.47,1.612903225806452,-4.838709677419354,0.0,0.0,571.5431737359786,0.0570339965215296,-0.07037932381316497,-2.9661211265410774
46.48,1.612903225806452,-4.838709677419354,0.0,0.0,571.5361618067427,0.05713545619932592,-0.0701996966200758,-2.96561329325045
46.49,1.612903225806452,-4.838709677419354,0.0,0.0,571.5291486783354,0.05723266230671281,-0.07002982072908676,-2.965115043283711
46.5,1.612903225806452,-4.838709677419354,0.0,0.0,571.5221344345557,0.05732573051150122,-0.06986916095011175,-2.964626497771181
46.51,1.612903225806452,-4.838709677419354,0.0,0.0,6.028441506664527,0.05741477944298248,-0.06971721233193573,-2.9641477487629064
46.52,1.612903225806452,-4.838709677419354,0.0,0.0,571.5081029047034,0.057499929805234135,-0.06957349840241311,-2.963678861631226
46.53,1.612903225806452,-4.838709677419354,0.0,0.0,571.5010857563303,0.05758130359733177,-0.0694375695117106,-2.9632198773066065
46.54,1.612903225806452,-4.838709677419354,0.0,0.0,571.4940677688746,0.057659023429596834,-0.06930900127280132,-2.962770814358693
46.55,1.612903225806452,-4.838709677419354,0.0,0.0,571.487048998916,0.05773321192607653,-0.06918739309371263,-2.9623316709333003
46.56,1.612903225806452,-4.838709677419354,0.0,0.0,571.4800294988084,0.057803991204369104,-0.06907236679635409,-2.96190242655345
46.57,1.612903225806452,-4.838709677419354,0.0,0.0,571.4730093170135,0.057871482424853266,-0.06896356531693593,-2.961483043795087
46.58,1.612903225806452,-4.838709677419354,0.0,0.0,571.4659884984057,0.057935805402086815,-0.06886065148331871,-2.961073469844421
46.59,1.612903225806452,-4.838709677419354,0.0,0.0,571.4589670845546,0.05799707827190123,-0.0687633068648148,-2.960673637945785
46.6,1.612903225806452,-4.838709677419354,0.0,0.0,571.4519451139834,0.0580554172083001,-0.068671230690251,-2.960283468746205
46.61,1.612903225806452,-4.838709677419354,0.0,0.0,571.4449226224075,0.05811093618489857,-0.06858413883026254,-2.95990287154477
46.62,1.612903225806452,-4.838709677419354,0.0,0.0,571.4378996429537,0.0581637467760823,-0.06850176284008108,-2.95953174545148
46.63,1.612903225806452,-4.838709677419354,0.0,0.0,571.4308762063619,0.05821395799363224,-0.06842384905917748,-2.9591699804640146
46.64,1.612903225806452,-4.838709677419354,0.0,0.0,571.4238523411705,0.05826167615483163,-0.06835015776446834,-2.958817458464347
46.65,1.612903225806452,-4.838709677419354,0.0,0.0,571.4168280738872,0.05830700477864256,-0.06828046237379237,-2.9584740541445753
46.66,1.612903225806452,-4.838709677419354,0.0,0.0,571.4098034291461,0.05835004450668427,-0.06821454869673699,-2.9581396358629313
46.67,1.612903225806452,-4.838709677419354,0.0,0.0,571.4027784298518,0.05839089304622941,-0.06815221422989742,-2.9578140664376615
46.68,1.612903225806452,-4.838709677419354,0.0,0.0,571.3957530973123,0.058429645132572844,-0.06809326749395189,-2.9574972038803553
46.69,1.612903225806452,-4.838709677419354,0.0,0.0,571.3887274513619,0.05846639250850916,-0.06803752740996644,-2.9571889020752495
46.7,1.612903225806452,-4.838709677419354,0.0,0.0,571.3817015104727,0.05850122391875068,-0.06798482271262524,-2.9568890114052104
46.71,1.612903225806452,-4.838709677419354,0.0,0.0,571.3746752918588,0.05853422511748327,-0.0679349913980632,-2.95659737933131
46.72,1.612903225806452,-4.838709677419354,0.0,0.0,571.3676488115713,0.0585654788872772,-0.0678878802042821,-2.9563138509257687
46.73,1.612903225806452,-4.838709677419354,0.0,0.0,571.3606220845857,0.05859506506789525,-0.06784334412210097,-2.9560382693640563
46.74,1.612903225806452,-4.838709677419354,0.0,0.0,571.3535951248829,0.05862306059358241,-0.067801245934825,-2.955770476377207
46.75,1.612903225806452,-4.838709677419354,0.0,0.0,571.3465679455232,0.05864953953762825,-0.06776145578486364,-2.9555103126678217
46.76,1.612903225806452,-4.838709677419354,0.0,0.0,571.3395405587149,0.058674573163090604,-0.06772385076566284,-2.9552576182919323
46.77,1.612903225806452,-4.838709677419354,0.0,0.0,571.3325129758766,0.05869822997869206,-0.06768831453741292,-2.955012233008947
46.78,1.612903225806452,-4.838709677419354,0.0,0.0,571.3254852076959,0.05872057579902604,-0.0676547369650628,-2.954773996602673
46.79,1.612903225806452,-4.838709677419354,0.0,0.0,571.3184572641823,0.05874167380823503,-0.06762301377733365,-2.954542749173413
46.8,1.612903225806452,-4.838709677419354,0.0,0.0,571.3114291547162,0.05876158462652106,-0.06759304624539397,-2.9543183314055548
46.81,1.612903225806452,-4.838709677419354,0.0,0.0,571.3044008880947,0.05878036637882575,-0.06756474088004072,-2.954100584810848
46.82,1.612903225806452,-4.838709677419354,0.0,0.0,571.2973724725732,0.05879807476512189,-0.06753800914626668,-2.9538893519489386
46.83,1.612903225806452,-4.838709677419354,0.0,0.0,571.2903439159035,0.05881476313184772,-0.06751276719414351,-2.9536844766275077
46.84,1.612903225806452,-4.838709677419354,0.0,0.0,571.2833152253694,0.05883048254403908,-0.06748893560504465,-2.95348580408304
46.85,1.612903225806452,-4.838709677419354,0.0,0.0,571.2762864078198,0.05884528185778087,-0.06746643915228151,-2.953293181143691
46.86,1.612903225806452,-4.838709677419354,0.0,0.0,571.2692574696986,0.05885920779263079,-0.0674452065752999,-2.9531064563749783
46.87,1.612903225806452,-4.838709677419354,0.0,0.0,571.2622284170724,0.05887230500375035,-0.06742517036659584,-2.952925480210615
46.88,1.612903225806452,-4.838709677419354,0.0,0.0,571.2551992556566,0.05888461615345322,-0.06740626657062615,-2.952750105068145
46.89,1.612903225806452,-4.838709677419354,0.0,0.0,571.2481699908392,0.05889618198198557,-0.06738843459396532,-2.9525801854517786
46.9,1.612903225806452,-4.838709677419354,0.0,0.0,571.2411406277021,0.05890704137731731,-0.06737161702607147,-2.952415578042166
46.91,1.612903225806452,-4.838709677419354,0.0,0.0,571.234111171042,0.05891723144381866,-0.06735575946999844,-2.9522561417753823
46.92,1.612903225806452,-4.838709677419354,0.0,0.0,571.227081625389,0.058926787569653305,-0.06734081038249756,-2.9521017379107377
46.93,1.612903225806452,-4.838709677419354,0.0,0.0,571.2200519950243,0.05893574349278333,-0.06732672092294972,-2.9519522300885486
46.94,1.612903225806452,-4.838709677419354,0.0,0.0,571.2130222839955,0.05894413136549956,-0.06731344481060064,-2.9518074843789672
46.95,1.612903225806452,-4.838709677419354,0.0,0.0,571.2059924961324,0.05895198181739683,-0.06730093818962007,-2.9516673693223336
46.96,1.612903225806452,-4.838709677419354,0.0,0.0,571.1989626350597,0.058959324016729125,-0.06728915950153347,-2.951531755961607
46.97,1.612903225806452,-4.838709677419354,0.0,0.0,5.705255058048457,0.058966185730110865,-0.06727806936458686,-2.9514005178679237
46.98,1.612903225806452,-4.838709677419354,0.0,0.0,571.1849027068404,0.05897259338049263,-0.06726763045968243,-2.951273531158397
46.99,1.612903225806452,-4.838709677419354,0.0,0.0,571.1778726460319,0.05897857210345775,-0.06725780742243898,-2.951150674509407
47.0,1.612903225806452,-4.838709677419354,0.0,0.0,5.684164878549487,0.058984145801758064,-0.06724856674109408,-2.9510318291631648
47.01,1.612903225806452,-4.838709677419354,0.0,0.0,571.1638123456585,0.058989337198100567,-0.06723987665989967,-2.9509168789286875
47.02,1.612903225806452,-4.838709677419354,0.0,0.0,571.1567821115076,0.058994167886244925,-0.06723170708764348,-2.950805710179798
47.03,1.612903225806452,-4.838709677419354,0.0,0.0,571.1497518247646,0.05899865838032131,-0.06722402951110501,-2.9506982118466722
47.04,1.612903225806452,-4.838709677419354,0.0,0.0,571.1427214878101,0.059002828162475485,-0.06721681691307896,-2.950594275404861
47.05,1.612903225806452,-4.838709677419354,0.0,0.0,571.1356911029077,0.05900669572881406,-0.06721004369475586,-2.950493794860301
47.06,1.612903225806452,-4.838709677419354,0.0,0.0,571.12866067221,0.0590102786336722,-0.06720368560222162,-2.950396666730554
47.07,1.612903225806452,-4.838709677419354,0.0,0.0,571.1216301977656,0.059013593532270064,-0.06719771965680654,-2.9503027900240464
47.08,1.612903225806452,-4.838709677419354,0.0,0.0,571.1145996815246,0.059016656221742375,-0.06719212408911956,-2.950212066215787
47.09,1.612903225806452,-4.838709677419354,0.0,0.0,571.1075691253437,0.05901948168059534,-0.06718687827654396,-2.9501243992206283
47.1,1.612903225806452,-4.838709677419354,0.0,0.0,571.1005385309918,0.059022084106653994,-0.06718196268397797,-2.9500396953653376
47.11,1.612903225806452,-4.838709677419354,0.0,0.0,571.0935079001542,0.0590244769534751,-0.06717735880770381,-2.949957863357339
47.12,1.612903225806452,-4.838709677419354,0.0,0.0,571.0864772344376,0.059026672965329846,-0.0671730491221525,-2.949878814252828
47.13,1.612903225806452,-4.838709677419354,0.0,0.0,5.59276888921078,0.05902868421075505,-0.06716901702944594,-2.949802461422883
47.14,1.612903225806452,-4.838709677419354,0.0,0.0,571.0724158044233,0.05903052211472523,-0.06716524681155683,-2.9497287205182117
47.15,1.612903225806452,-4.838709677419354,0.0,0.0,571.0653850429803,0.05903219748948682,-0.06716172358494421,-2.949657509432702
47.16,1.612903225806452,-4.838709677419354,0.0,0.0,571.0583542523748,0.05903372056410758,-0.06715843325752113,-2.9495887482664074
47.17,1.612903225806452,-4.838709677419354,0.0,0.0,571.0513234338762,0.05903510101275636,-0.06715536248785559,-2.9495223592870827
47.18,1.612903225806452,-4.838709677419354,0.0,0.0,571.0442925886965,0.05903634798177504,-0.06715249864646616,-2.949458266891211
47.19,1.612903225806452,-4.838709677419354,0.0,0.0,5.550584071830364,0.05903747011558058,-0.06714982977910394,-2.949396397564535
47.2,1.612903225806452,-4.838709677419354,0.0,0.0,571.0302308228717,0.05903847558144143,-0.06714734457191301,-2.949336679842337
47.21,1.612903225806452,-4.838709677419354,0.0,0.0,571.0231999043881,0.05903937209313781,-0.06714503231839902,-2.9492790442684145
47.22,1.612903225806452,-4.838709677419354,0.0,0.0,571.0161689635515,0.0590401669336027,-0.06714288288805753,-2.9492234233550527
47.23,1.612903225806452,-4.838709677419354,0.0,0.0,571.0091380013264,0.059040866976528245,-0.06714088669662577,-2.949169751542005
47.24,1.612903225806452,-4.838709677419354,0.0,0.0,571.0021070186344,0.05904147870699994,-0.06713903467785004,-2.949117965155501
47.25,1.612903225806452,-4.838709677419354,0.0,0.0,570.995076016357,0.05904200824120112,-0.06713731825668595,-2.9490680023675813
47.26,1.612903225806452,-4.838709677419354,0.0,0.0,570.9880449953364,0.059042461345198055,-0.06713572932388112,-2.9490198031548074
47.27,1.612903225806452,-4.838709677419354,0.0,0.0,570.9810139563784,0.059042843452888155,-0.06713426021182423,-2.9489733092582364
47.28,1.612903225806452,-4.838709677419354,0.0,0.0,570.9739829002536,0.05904315968308674,-0.06713290367165115,-2.94892846414245
47.29,1.612903225806452,-4.838709677419354,0.0,0.0,570.9669518276991,0.059043414855830284,-0.06713165285150219,-2.948885212955389
47.3,1.612903225806452,-4.838709677419354,0.0,0.0,570.9599207394197,0.05904361350791115,-0.06713050127588743,-2.94884350248838
47.31,1.612903225806452,-4.838709677419354,0.0,0.0,570.9528896360899,0.059043759907683874,-0.06712944282609484,-2.9488032811367186
47.32,1.612903225806452,-4.838709677419354,0.0,0.0,570.9458585183552,0.05904385806915666,-0.0671284717216053,-2.9487644988601946
47.33,1.612903225806452,-4.838709677419354,0.0,0.0,570.9388273868329,0.05904391176542351,-0.06712758250243761,-2.9487271071445944
47.34,1.612903225806452,-4.838709677419354,0.0,0.0,570.931796242114,0.05904392454143395,-0.06712677001240758,-2.9486910589629884
47.35,1.612903225806452,-4.838709677419354,0.0,0.0,570.9247650847641,0.05904389972616872,-0.06712602938321399,-2.948656308738403
47.36,1.612903225806452,-4.838709677419354,0.0,0.0,570.9177339153243,0.05904384044419847,-0.06712535601935926,-2.948622812305993
47.37,1.612903225806452,-4.838709677419354,0.0,0.0,5.4240250881499525,0.059043749626695424,-0.06712474558381887,-2.9485905268764228
47.38,1.612903225806452,-4.838709677419354,0.0,0.0,570.9036715422251,0.05904363002190524,-0.06712419398443908,-2.948559410999816
47.39,1.612903225806452,-4.838709677419354,0.0,0.0,570.8966403395361,0.05904348420509942,-0.06712369736102869,-2.9485294245301565
47.4,1.612903225806452,-4.838709677419354,0.0,0.0,570.8896091267003,0.059043314588023865,-0.06712325207311914,-2.948500528589838
47.41,1.612903225806452,-4.838709677419354,0.0,0.0,5.39590025798963,0.0590431234278907,-0.06712285468833307,-2.9484726855353802
47.42,1.612903225806452,-4.838709677419354,0.0,0.0,570.875546672309,0.05904291283593038,-0.06712250197133612,-2.9484458589241096
47.43,1.612903225806452,-4.838709677419354,0.0,0.0,570.8685154315688,0.05904268478547847,-0.06712219087338672,-2.948420013480094
47.44,1.612903225806452,-4.838709677419354,0.0,0.0,570.8614841823135,0.05904244111970147,-0.06712191852237154,-2.948395115062541
47.45,1.612903225806452,-4.838709677419354,0.0,0.0,570.8544529249084,0.0590421835588783,-0.06712168221340259,-2.948371130632781
47.46,1.612903225806452,-4.838709677419354,0.0,0.0,570.8474216597036,0.05904191370737233,-0.06712147939983332,-2.948348028224286
47.47,1.612903225806452,-4.838709677419354,0.0,0.0,570.8403903870342,0.059041633060185755,-0.06712130768479446,-2.9483257769109503
47.48,1.612903225806452,-4.838709677419354,0.0,0.0,570.8333591072208,0.05904134300921787,-0.06712116481312319,-2.948304346777603
47.49,1.612903225806452,-4.838709677419354,0.0,0.0,570.8263278205706,0.0590410448491919,-0.0671210486637141,-2.9482837088908376
47.5,1.612903225806452,-4.838709677419354,0.0,0.0,570.8192965273777,0.05904073978326288,-0.0671209572422739,-2.948263835270028
47.51,1.612903225806452,-4.838709677419354,0.0,0.0,570.8122652279236,0.05904042892834216,-0.0671208886744406,-2.948244698859331
47.52,1.612903225806452,-4.838709677419354,0.0,0.0,570.8052339224781,0.059040113320155935,-0.06712084119924366,-2.9482262735007905
47.53,1.612903225806452,-4.838709677419354,0.0,0.0,570.7982026112993,0.05903979391800224,-0.06712081316293689,-2.9482085339067092
47.54,1.612903225806452,-4.838709677419354,0.0,0.0,570.7911712946344,0.05903947160930431,-0.06712080301310264,-2.9481914556344786
47.55,1.612903225806452,-4.838709677419354,0.0,0.0,5.297462326557244,0.059039147213878596,-0.06712080929310421,-2.9481750150603303
47.56,1.612903225806452,-4.838709677419354,0.0,0.0,570.7771086457828,0.05903882148801401,-0.06712083063678748,-2.948159189355184
47.57,1.612903225806452,-4.838709677419354,0.0,0.0,570.7700773140399,0.059038495128300644,-0.06712086576348952,-2.9481439564598646
47.58,1.612903225806452,-4.838709677419354,0.0,0.0,570.7630459776989,0.059038168775270655,-0.06712091347328863,-2.948129295061608
47.59,1.612903225806452,-4.838709677419354,0.0,0.0,570.7560146369586,0.05903784301684262,-0.067120972642502,-2.9481151845711655
47.6,1.612903225806452,-4.838709677419354,0.0,0.0,570.7489832920097,0.05903751839157928,-0.06712104221941734,-2.9481016051005047
47.61,1.612903225806452,-4.838709677419354,0.0,0.0,570.7419519430345,0.059037195391753894,-0.06712112122026309,-2.9480885374405204
47.62,1.612903225806452,-4.838709677419354,0.0,0.0,570.7349205902074,0.059036874466265404,-0.06712120872537092,-2.9480759630400066
47.63,1.612903225806452,-4.838709677419354,0.0,0.0,570.7278892336956,0.05903655602339125,-0.06712130387554377,-2.9480638639850776
47.64,1.612903225806452,-4.838709677419354,0.0,0.0,570.720857873659,0.05903624043337927,-0.06712140586862242,-2.9480522229788066
47.65,1.612903225806452,-4.838709677419354,0.0,0.0,570.713826510251,0.05903592803090754,-0.0671215139562219,-2.948041023321864
47.66,1.612903225806452,-4.838709677419354,0.0,0.0,570.706795143618,0.059035619117389415,-0.0671216274406578,-2.948030248893011
47.67,1.612903225806452,-4.838709677419354,0.0,0.0,5.213086127737703,0.05903531396317563,-0.06712174567200918,-2.9480198841311425
47.68,1.612903225806452,-4.838709677419354,0.0,0.0,570.6927324012328,0.05903501280960641,-0.06712186804536319,-2.948009914016826
47.69,1.612903225806452,-4.838709677419354,0.0,0.0,570.6857010257436,0.05903471587096468,-0.06712199399818913,-2.9480003240550263
47.7,1.612903225806452,-4.838709677419354,0.0,0.0,570.6786696475559,0.05903442333630335,-0.06712212300786774,-2.9479911002577572
47.71,1.612903225806452,-4.838709677419354,0.0,0.0,570.6716382667877,0.05903413537119184,-0.06712225458932847,-2.9479822291281357
47.72,1.612903225806452,-4.838709677419354,0.0,0.0,570.6646068835516,0.05903385211933254,-0.06712238829284317,-2.947973697643764
47.73,1.612903225806452,-4.838709677419354,0.0,0.0,570.6575754979558,0.05903357370410725,-0.0671225237019153,-2.947965493241498
47.74,1.612903225806452,-4.838709677419354,0.0,0.0,570.6505441101034,0.059033300230016156,-0.06712266043130066,-2.94795760380198
47.75,1.612903225806452,-4.838709677419354,0.0,0.0,570.6435127200933,0.05903303178405278,-0.06712279812511429,-2.9479500176354185
47.76,1.612903225806452,-4.838709677419354,0.0,0.0,570.6364813280203,0.05903276843697772,-0.06712293645506118,-2.947942723467
47.77,1.612903225806452,-4.838709677419354,0.0,0.0,570.6294499339749,0.059032510244525854,-0.06712307511875465,-2.947935710423073
47.78,1.612903225806452,-4.838709677419354,0.0,0.0,570.6224185380437,0.05903225724853772,-0.06712321383812941,-2.9479289680176306
47.79,1.612903225806452,-4.838709677419354,0.0,0.0,570.6153871403097,0.059032009478044545,-0.0671233523579215,-2.947922486139991
47.8,1.612903225806452,-4.838709677419354,0.0,0.0,570.6083557408523,0.05903176695024051,-0.06712349044427801,-2.9479162550410565
47.81,1.612903225806452,-4.838709677419354,0.0,0.0,570.6013243397473,0.059031529671450755,-0.06712362788338927,-2.9479102653221156
47.82,1.612903225806452,-4.838709677419354,0.0,0.0,570.5942929370675,0.05903129763800327,-0.06712376448023372,-2.9479045079225443
47.83,1.612903225806452,-4.838709677419354,0.0,0.0,570.5872615328823,0.059031070837048866,-0.0671239000573906,-2.9478989741079844
47.84,1.612903225806452,-4.838709677419354,0.0,0.0,570.5802301272582,0.05903084924736243,-0.0671240344538866,-2.94789365546013
47.85,1.612903225806452,-4.838709677419354,0.0,0.0,570.573198720259,0.05903063284004789,-0.06712416752415357,-2.9478885438650404
47.86,1.612903225806452,-4.838709677419354,0.0,0.0,570.5661673119455,0.059030421579229664,-0.06712429913701384,-2.947883631503044
47.87,1.612903225806452,-4.838709677419354,0.0,0.0,570.5591359023758,0.05903021542269496,-0.06712442917472788,-2.947878910838742
47.88,1.612903225806452,-4.838709677419354,0.0,0.0,570.5521044916059,0.059030014322491636,-0.06712455753209945,-2.947874374611215
47.89,1.612903225806452,-4.838709677419354,0.0,0.0,570.5450730796888,0.05902981822547573,-0.06712468411564354,-2.947870015824093
47.9,1.612903225806452,-4.838709677419354,0.0,0.0,570.5380416666756,0.059029627073848734,-0.06712480884277577,-2.947865827736947
47.91,1.612903225806452,-4.838709677419354,0.0,0.0,570.531010252615,0.05902944080564276,-0.0671249316410662,-2.9478618038562914
47.92,1.612903225806452,-4.838709677419354,0.0,0.0,570.5239788375537,0.05902925935516112,-0.06712505244754735,-2.947857937926421
47.93,1.612903225806452,-4.838709677419354,0.0,0.0,570.5169474215363,0.05902908265342688,-0.06712517120802569,-2.9478542239220027
47.94,1.612903225806452,-4.838709677419354,0.0,0.0,570.5099160046054,0.05902891062855767,-0.06712528787647637,-2.9478506560392326
47.95,1.612903225806452,-4.838709677419354,0.0,0.0,5.0162069406391,0.059028743206145984,-0.06712540241444204,-2.9478472286885036
47.96,1.612903225806452,-4.838709677419354,0.0,0.0,570.4958531681647,0.0590285803095959,-0.06712551479048406,-2.9478439364866498
47.97,1.612903225806452,-4.838709677419354,0.0,0.0,570.4888217487311,0.05902842186044449,-0.06712562497965852,-2.9478407742497748
47.98,1.612903225806452,-4.838709677419354,0.0,0.0,570.4817903285368,0.05902826777865744,-0.06712573296302599,-2.9478377369862114
47.99,1.612903225806452,-4.838709677419354,0.0,0.0,570.474758907616,0.059028117982900086,-0.06712583872719374,-2.9478348198895974
48.0,1.612903225806452,-4.838709677419354,0.0,0.0,570.4677274860011,0.059027972390791356,-0.06712594226388319,-2.9478320183322904
48.01,1.612903225806452,-5.483870967741936,0.0,0.0,570.4606451063014,0.05835361129612604,-0.11993804987372148,-2.948727637605168
48.02,1.612903225806452,-5.483870967741936,0.0,0.0,570.4535156101425,0.05778332302761066,-0.1176530807087397,-2.949487964384444
48.03,1.612903225806452,-5.483870967741936,0.0,0.0,570.4463425411031,0.05730624429361508,-0.11548964288989416,-2.9501227181650567
48.04,1.612903225806452,-5.483870967741936,0.0,0.0,570.4391291675792,0.05691246364549546,-0.11344097176573531,-2.950641065686402
48.05,1.612903225806452,-5.483870967741936,0.0,0.0,570.4318785041245,0.056592957036787545,-0.1115007085803903,-2.951051643593554
48.06,1.612903225806452,-5.483870967741936,0.0,0.0,570.4245933313093,0.056339524190688106,-0.10966287417624276,-2.95136258123917
48.07,1.612903225806452,-5.483870967741936,0.0,0.0,570.4172762141459,0.056144726625093705,-0.10792184423763013,-2.9515815234484886
48.08,1.612903225806452,-5.483870967741936,0.0,0.0,570.4099295191473,0.05600182796877046,-0.10627232608417447,-2.951715653103326
48.09,1.612903225806452,-5.483870967741936,0.0,0.0,570.4025554300887,0.05590473702244342,-0.10470933698957974,-2.9517717134138426
48.1,1.612903225806452,-5.483870967741936,0.0,0.0,570.3951559625455,0.05584795387023711,-0.10322818397822442,-2.9517560297723726
48.11,1.612903225806452,-5.483870967741936,0.0,0.0,570.3877329772863,0.055826519225029736,-0.10182444503602572,-2.951674531095968
48.12,1.612903225806452,-5.483870967741936,0.0,0.0,570.3802881925964,0.05583596709290273,-0.1004939516616069,-2.951532770583084
48.13,1.612903225806452,-5.483870967741936,0.0,0.0,570.3728231956075,0.05587228076358469,-0.09923277267774955,-2.9513359458235398
48.14,1.612903225806452,-5.483870967741936,0.0,0.0,570.3653394527086,0.055931852072986676,-0.09803719922032761,-2.9510889182144733
48.15,1.612903225806452,-5.483870967741936,0.0,0.0,570.3578383191061,0.05601144383799092,-0.09690373082166032,-2.9507962316459024
48.16,1.612903225806452,-5.483870967741936,0.0,0.0,570.3503210476023,0.05610815533045549,-0.09582906250668333,-2.950462130434271
48.17,1.612903225806452,-5.483870967741936,0.0,0.0,570.3427887966533,0.05621939063443665,-0.0948100728233704,-2.9500905764877325
48.18,1.612903225806452,-5.483870967741936,0.0,0.0,570.3352426377668,0.056342829716409304,-0.09384381273262055,-2.949685265697884
48.19,1.612903225806452,-5.483870967741936,0.0,0.0,570.327683562294,0.056476402030877365,-0.09292749528724364,-2.9492496435615005
48.2,1.612903225806452,-5.483870967741936,0.0,0.0,570.3201124876662,0.056618262481569676,-0.09205848603461603,-2.948786920037301
48.21,1.612903225806452,-5.483870967741936,0.0,0.0,570.3125302631229,0.05676676956065871,-0.09123429408232914,-2.948300083654828
48.22,1.612903225806452,-5.483870967741936,0.0,0.0,570.3049376749759,0.056920465493319417,-0.09045256377128652,-2.9477919148896854
48.23,1.612903225806452,-5.483870967741936,0.0,0.0,570.2973354514472,0.05707805822236195,-0.08971106690533037,-2.947264998828801
48.24,1.612903225806452,-5.483870967741936,0.0,0.0,570.2897242671172,0.057238405076208365,-0.08900769549121057,-2.9467217371468464
48.25,1.612903225806452,-5.483870967741936,0.0,0.0,570.2821047470175,0.05740049797319896,-0.08834045494687148,-2.9461643594220623
48.26,1.612903225806452,-5.483870967741936,0.0,0.0,570.274477470397,0.05756345002505156,-0.08770745774020366,-2.9455949338155714
48.27,1.612903225806452,-5.483870967741936,0.0,0.0,570.2668429741901,0.05772648341253156,-0.08710691742395926,-2.9450153771436764
48.28,1.612903225806452,-5.483870967741936,0.0,0.0,570.2592017562113,0.057888918416246105,-0.08653714303599147,-2.9444274643698343
48.29,1.612903225806452,-5.483870967741936,0.0,0.0,570.2515542780985,0.0580501634951488,-0.08599653383697647,-2.943832837544702
48.3,1.612903225806452,-5.483870967741936,0.0,0.0,570.2439009680277,0.058209706314486104,-0.08548357436054932,-2.943233014221374
48.31,1.612903225806452,-5.483870967741936,0.0,0.0,570.2362422232161,0.05836710563362921,-0.08499682975317907,-2.9426293953745026
48.32,1.612903225806452,-5.483870967741936,0.0,0.0,570.2285784122324,0.058521983972175284,-0.0845349413834402,-2.9420232728466944
48.33,1.612903225806452,-5.483870967741936,0.0,0.0,570.2209098771287,0.058674020980370584,-0.08409662270210944,-2.9414158363505125
48.34,1.612903225806452,-5.483870967741936,0.0,0.0,570.2132369354096,0.05882294744669539,-0.0836806553363647,-2.940808180049484
48.35,1.612903225806452,-5.483870967741936,0.0,0.0,4.718882235687594,0.058968539881825044,-0.0832858854028522,-2.9402013087417513
48.36,1.612903225806452,-5.483870967741936,0.0,0.0,570.1978789901784,0.05911061562398756,-0.08291122002572471,-2.9395961436694584
48.37,1.612903225806452,-5.483870967741936,0.0,0.0,570.1901945146255,0.059249028415969074,-0.08255562404698447,-2.93899352797452
48.38,1.612903225806452,-5.483870967741936,0.0,0.0,570.1825066913641,0.0593836644088733,-0.08221811691745756,-2.938394231822477
48.39,1.612903225806452,-5.483870967741936,0.0,0.0,570.1748157398351,0.059514438552037335,-0.0818977697576978,-2.937798957213628
48.4,1.612903225806452,-5.483870967741936,0.0,0.0,570.1671218639761,0.05964129133239526,-0.08159370257898557,-2.9372083424983964
48.41,1.612903225806452,-5.483870967741936,0.0,0.0,570.1594252533577,0.059764185830270156,-0.08130508165517525,-2.936622966617376
48.42,1.612903225806452,-5.483870967741936,0.0,0.0,570.1517260842344,0.05988310506158223,-0.08103111703699406,-2.936043353079345
48.43,1.612903225806452,-5.483870967741936,0.0,0.0,570.1440245205184,0.0599980495795307,-0.08077106020079428,-2.935469973695331
48.44,1.612903225806452,-5.483870967741936,0.0,0.0,570.1363207146796,0.06010903531127443,-0.08052420182441988,-2.934903252081696
48.45,1.612903225806452,-5.483870967741936,0.0,0.0,570.1286148085794,0.06021609160758212,-0.08028986968321583,-2.9343435669474665
48.46,1.612903225806452,-5.483870967741936,0.0,0.0,570.1209069342424,0.060319259485454524,-0.08006742665972,-2.933791255177818
48.47,1.612903225806452,-5.483870967741936,0.0,0.0,570.1131972145714,0.06041859004569994,-0.0798562688608816,-2.933246614727178
48.48,1.612903225806452,-5.483870967741936,0.0,0.0,570.105485764009,0.06051414304906155,-0.07965582383710923,-2.9327099073317147
48.49,1.612903225806452,-5.483870967741936,0.0,0.0,570.0977726891504,0.06060598563617431,-0.07946554889763524,-2.932181361054345
48.5,1.612903225806452,-5.483870967741936,0.0,0.0,570.0900580893109,0.06069419117789007,-0.07928492951711935,-2.9316611726707427
48.51,1.612903225806452,-5.483870967741936,0.0,0.0,570.0823420570518,0.060778838243835565,-0.07911347782862033,-2.9311495099063425
48.52,1.612903225806452,-5.483870967741936,0.0,0.0,570.0746246786675,0.060860009678228355,-0.07895073119829477,-2.930646513534545
48.53,1.612903225806452,-5.483870967741936,0.0,0.0,570.0669060346358,0.060937791772868594,-0.07879625087755676,-2.930152299341874
48.54,1.612903225806452,-5.483870967741936,0.0,0.0,570.0591862000366,0.0610122735283721,-0.07864962072843168,-2.929666959972041
48.55,1.612903225806452,-5.483870967741936,0.0,0.0,570.0514652449383,0.061083545995270744,-0.07851044601832813,-2.929190566652161
48.56,1.612903225806452,-5.483870967741936,0.0,0.0,570.0437432347568,0.06115170168761272,-0.07837835228039908,-2.9287231708114123
48.57,1.612903225806452,-5.483870967741936,0.0,0.0,570.0360202305873,0.06121683406220213,-0.078252984236032,-2.9282648055967613
48.58,1.612903225806452,-5.483870967741936,0.0,0.0,570.0282962895125,0.0612790370573624,-0.07813400477606058,-2.927815487293699
48.59,1.612903225806452,-5.483870967741936,0.0,0.0,570.0205714648873,0.06133840468552143,-0.07802109399760937,-2.9273752166552436
48.6,1.612903225806452,-5.483870967741936,0.0,0.0,570.0128458066035,0.06139503067462562,-0.07791394829344461,-2.9269439801479953
48.61,1.612903225806452,-5.483870967741936,0.0,0.0,570.0051193613342,0.06144900815363302,-0.07781227949107583,-2.926521751117329
48.62,1.612903225806452,-5.483870967741936,0.0,0.0,569.9973921727608,0.06150042937793054,-0.07771581403882744,-2.9261084908785984
48.63,1.612903225806452,-5.483870967741936,0.0,0.0,569.9896642817832,0.06154938549079217,-0.07762429223634365,-2.92570414973786
48.64,1.612903225806452,-5.483870967741936,0.0,0.0,569.9819357267148,0.06159596631738995,-0.07753746750707846,-2.9253086679467
48.65,1.612903225806452,-5.483870967741936,0.0,0.0,569.9742065434629,0.06164026018818178,-0.07745510571045006,-2.924921976595483
48.66,1.612903225806452,-5.483870967741936,0.0,0.0,569.9664767656957,0.06168235378873532,-0.07737698449151198,-2.9245439984476156
48.67,1.612903225806452,-5.483870967741936,0.0,0.0,569.9587464249981,0.061722332033417066,-0.0773028926659981,-2.9241746487203657
48.68,1.612903225806452,-5.483870967741936,0.0,0.0,569.9510155510152,0.0617602779604676,-0.07723262963885685,-2.923813835813351
48.69,1.612903225806452,-5.483870967741936,0.0,0.0,569.943284171585,0.06179627264631668,-0.07716600485437641,-2.9234614619890125
48.7,1.612903225806452,-5.483870967741936,0.0,0.0,569.935552312863,0.06183039513717822,-0.077102837276113,-2.9231174240088653
48.71,1.612903225806452,-5.483870967741936,0.0,0.0,569.927819999436,0.061862722396004655,-0.07704295489507096,-2.922781613725137
48.72,1.612903225806452,-5.483870967741936,0.0,0.0,4.433409608265939,0.06189332926331462,-0.07698619426440284,-2.922453918634992
48.73,1.612903225806452,-5.483870967741936,0.0,0.0,569.9123540996023,0.061922288430230815,-0.07693240005930951,-2.922134222395029
48.74,1.612903225806452,-5.483870967741936,0.0,0.0,569.9046205554458,0.06194967042249064,-0.07688142466061337,-2.9218224053019117
48.75,1.612903225806452,-5.483870967741936,0.0,0.0,569.8968866412608,0.06197554359412796,-0.07683312776074464,-2.921518344739382
48.76,1.612903225806452,-5.483870967741936,0.0,0.0,569.8891523752402,0.06199997412971897,-0.07678737599087215,-2.9212219155941628
48.77,1.612903225806452,-5.483870967741936,0.0,0.0,569.8814177745414,0.06202302605419757,-0.07674404256797229,-2.9209329906433585
48.78,1.612903225806452,-5.483870967741936,0.0,0.0,569.873682855354,0.0620447612492421,-0.07670300696079446,-2.9206514409130206
48.79,1.612903225806452,-5.483870967741936,0.0,0.0,569.8659476329626,0.062065239475507294,-0.07666415457355857,-2.9203771360127404
48.8,1.612903225806452,-5.483870967741936,0.0,0.0,569.8582121218055,0.062084518399827565,-0.07662737644650525,-2.9201099444445986
48.81,1.612903225806452,-5.483870967741936,0.0,0.0,569.8504763355288,0.06210265362679063,-0.07659256897227762,-2.919849733890348
48.82,1.612903225806452,-5.483870967741936,0.0,0.0,569.8427402870369,0.06211969873402054,-0.07655963362729001,-2.919596371477113
48.83,1.612903225806452,-5.483870967741936,0.0,0.0,569.8350039885396,0.06213570531060722,-0.07652847671725344,-2.9193497240228194
48.84,1.612903225806452,-5.483870967741936,0.0,0.0,4.340589805432379,0.06215072299818464,-0.07649900913606344,-2.9191096582628413
48.85,1.612903225806452,-5.483870967741936,0.0,0.0,569.8195306871513,0.06216479953423315,-0.07647114613728012,-2.9188760410598227
48.86,1.612903225806452,-5.483870967741936,0.0,0.0,569.8117937055828,0.062177980797134796,-0.07644480711756174,-2.918648739596087
48.87,1.612903225806452,-5.483870967741936,0.0,0.0,569.8040565167263,0.06219031085266,-0.07641991541134974,-2.9184276215509195
48.88,1.612903225806452,-5.483870967741936,0.0,0.0,4.309641483750503,0.062201832001544693,-0.0763963980961942,-2.918212555263359
48.89,1.612903225806452,-5.483870967741936,0.0,0.0,569.7885815540002,0.06221258482785916,-0.07637418580813954,-2.9180034098813086
48.9,1.612903225806452,-5.483870967741936,0.0,0.0,569.780843797397,0.0622226082479192,-0.07635321256660632,-2.917800055498171
48.91,1.612903225806452,-5.483870967741936,0.0,0.0,569.7731058680934,0.062231939559468236,-0.07633341560828477,-2.9176023632768002
48.92,1.612903225806452,-5.483870967741936,0.0,0.0,569.7653677736834,0.0622406144909772,-0.07631473522949811,-2.917410205563011
48.93,1.612903225806452,-5.483870967741936,0.0,0.0,569.7576295213883,0.06224866725083314,-0.07629711463661704,-2.9172234559881214
48.94,1.612903225806452,-5.483870967741936,0.0,0.0,569.7498911180783,0.0622561305762917,-0.07628049980405371,-2.9170419895622293
48.95,1.612903225806452,-5.483870967741936,0.0,0.0,569.742152570292,0.062263035781986414,-0.07626483933949019,-2.9168656827570354
48.96,1.612903225806452,-5.483870967741936,0.0,0.0,569.7344138842556,0.06226941280798515,-0.07625008435583869,-2.916694413582012
48.97,1.612903225806452,-5.483870967741936,0.0,0.0,569.7266750658999,0.06227529026714654,-0.07623618834970858,-2.9165280616506006
48.98,1.612903225806452,-5.483870967741936,0.0,0.0,569.718936120877,0.06228069549178619,-0.0762231070859335,-2.916366508239829
48.99,1.612903225806452,-5.483870967741936,0.0,0.0,569.711197054575,0.06228565457955626,-0.07621079848784973,-2.9162096363433787
49.0,1.612903225806452,-5.483870967741936,0.0,0.0,569.7034578721328,0.062290192438396785,-0.07619922253309375,-2.916057330716546
49.01,1.612903225806452,-5.483870967741936,0.0,0.0,569.6957185784532,0.06229433283062161,-0.07618834115451206,-2.915909477916819
49.02,1.612903225806452,-5.483870967741936,0.0,0.0,569.6879791782155,0.062298098415992514,-0.07617811814600706,-2.915765966337778
49.03,1.612903225806452,-5.483870967741936,0.0,0.0,569.6802396758872,0.06230151079377316,-0.0761685190730359,-2.9156266862374935
49.04,1.612903225806452,-5.483870967741936,0.0,0.0,569.6725000757348,0.06230459054376447,-0.07615951118748432,-2.915491529762711
49.05,1.612903225806452,-5.483870967741936,0.0,-0.0,569.6647603818345,0.06230735726625014,-0.0761510633467376,-2.915360390967806
49.06,1.612903225806452,-5.483870967741936,0.0,-0.0,569.6570205980819,0.062309829620875806,-0.07614314593668908,-2.9152331658299704
49.07,1.612903225806452,-5.483870967741936,0.0,-0.0,569.6492807282007,0.062312025364410356,-0.07613573079852592,-2.9151097522598053
49.08,1.612903225806452,-5.483870967741936,0.0,-0.0,569.6415407757514,0.06231396138741557,-0.07612879115906357,-2.914990050108521
49.09,1.612903225806452,-5.483870967741936,0.0,-0.0,569.63380074414,0.062315653749836525,-0.07612230156443561,-2.914873961172355
49.1,1.612903225806452,-5.483870967741936,0.0,-0.0,569.6260606366245,0.06231711771543083,-0.07611623781704951,-2.9147613891921966
49.11,1.612903225806452,-5.483870967741936,0.0,-0.0,569.6183204563231,0.062318367785176965,-0.07611057691551226,-2.9146522398522934
49.12,1.612903225806452,-5.483870967741936,0.0,-0.0,569.6105802062201,0.062319417729528176,-0.0761052969975139,-2.9145464207744056
49.13,1.612903225806452,-5.483870967741936,0.0,-0.0,569.6028398891729,0.062320280619646146,-0.0761003772854017,-2.9144438415109186
49.14,1.612903225806452,-5.483870967741936,0.0,-0.0,569.5950995079174,0.0623209688575396,-0.07609579803439592,-2.9143444135347223
49.15,1.612903225806452,-5.483870967741936,0.0,-0.0,569.5873590650746,0.06232149420517932,-0.07609154048326222,-2.9142480502275365
49.16,1.612903225806452,-5.483870967741936,0.0,-0.0,569.5796185631547,0.06232186781256527,-0.07608758680735872,-2.914154666865707
49.17,1.612903225806452,-5.483870967741936,0.0,-0.0,569.5718780045631,0.06232210024481599,-0.07608392007389198,-2.9140641806050187
49.18,1.612903225806452,-5.483870967741936,0.0,-0.0,569.5641373916051,0.06232220150824974,-0.0760805241993201,-2.9139765104633093
49.19,1.612903225806452,-5.483870967741936,0.0,-0.0,569.5563967264899,0.06232218107550988,-0.07607738390877111,-2.913891577301831
49.2,1.612903225806452,-5.483870967741936,0.0,-0.0,569.5486560113354,0.062322047909743106,-0.07607448469738731,-2.913809303805152
49.21,1.612903225806452,-5.483870967741936,0.0,-0.0,569.5409152481723,0.06232181048787125,-0.07607181279348774,-2.9137296144601907
49.22,1.612903225806452,-5.483870967741936,0.0,-0.0,569.5331744389475,0.062321476822955246,-0.0760693551234829,-2.913652435533817
49.23,1.612903225806452,-5.483870967741936,0.0,-0.0,569.5254335855283,0.06232105448568323,-0.0760670992784494,-2.9135776950493564
49.24,1.612903225806452,-5.483870967741936,0.0,-0.0,569.5176926897055,0.0623205506250496,-0.07606503348224347,-2.913505322763256
49.25,1.612903225806452,-5.483870967741936,0.0,-0.0,569.509951753197,0.06231997198814421,-0.07606314656118096,-2.913435250139155
49.26,1.612903225806452,-5.483870967741936,0.0,-0.0,569.5022107776506,0.06231932493921913,-0.07606142791506965,-2.9133674103233247
49.27,1.612903225806452,-5.483870967741936,0.0,-0.0,569.4944697646473,0.06231861547793113,-0.07605986748965171,-2.9133017381181596
49.28,1.612903225806452,-5.483870967741936,0.0,-0.0,569.4867287157041,0.06231784925684761,-0.07605845575032832,-2.9132381699554957
49.29,1.612903225806452,-5.483870967741936,0.0,-0.0,569.4789876322765,0.062317031598235595,-0.07605718365710834,-2.913176643869732
49.3,1.612903225806452,-5.483870967741936,0.0,-0.0,569.4712465157613,0.06231616751014904,-0.07605604264073174,-2.913117099470588
49.31,1.612903225806452,-5.483870967741936,0.0,-0.0,569.4635053674991,0.06231526170182178,-0.07605502457992885,-2.913059477915112
49.32,1.612903225806452,-5.483870967741936,0.0,-0.0,569.4557641887765,0.06231431859843031,-0.07605412177972004,-2.9130037218801483
49.33,1.612903225806452,-5.483870967741936,0.0,-0.0,569.4480229808282,0.062313342355204415,-0.07605332695075195,-2.912949775534053
49.34,1.612903225806452,-5.483870967741936,0.0,-0.0,569.4402817448397,0.06231233687093979,-0.07605263318958977,-2.9128975845086376
49.35,1.612903225806452,-5.483870967741936,0.0,-0.0,569.4325404819485,0.06231130580091518,-0.07605203395993987,-2.9128470958708137
49.36,1.612903225806452,-5.483870967741936,0.0,-0.0,569.4247991932468,0.06231025256925518,-0.07605152307473984,-2.912798258094554
49.37,1.612903225806452,-5.483870967741936,0.0,-0.0,569.417057879783,0.062309180380739765,-0.07605109467909454,-2.912751021032648
49.38,1.612903225806452,-5.483870967741936,0.0,-0.0,569.4093165425635,0.062308092232084084,-0.07605074323401612,-2.9127053358884005
49.39,1.612903225806452,-5.483870967741936,0.0,-0.0,569.4015751825546,0.06230699092272149,-0.07605046350091738,-2.9126611551876525
49.4,1.612903225806452,-5.483870967741936,0.0,-0.0,569.3938338006836,0.06230587906509266,-0.07605025052684034,-2.9126184327507083
49.41,1.612903225806452,-5.483870967741936,0.0,-0.0,569.3860923978414,0.062304759094492734,-0.07605009963035247,-2.9125771236651
49.42,1.612903225806452,-5.483870967741936,0.0,-0.0,569.3783509748826,0.06230363327841923,-0.07605000638815385,-2.91253718425718
49.43,1.612903225806452,-5.483870967741936,0.0,-0.0,569.3706095326281,0.06230250372555629,-0.07604996662224761,-2.9124985720657466
49.44,1.612903225806452,-5.483870967741936,0.0,-0.0,569.3628680718659,0.062301372394269444,-0.07604997638778743,-2.9124612458138626
49.45,1.612903225806452,-5.483870967741936,0.0,-0.0,569.3551265933527,0.06230024110078755,-0.07605003196141313,-2.9124251653832065
49.46,1.612903225806452,-5.483870967741936,0.0,-0.0,569.3473850978146,0.06229911152691514,-0.07605012983022308,-2.9123902917863225
49.47,1.612903225806452,-5.483870967741936,0.0,-0.0,569.3396435859489,0.06229798522745539,-0.07605026668119097,-2.9123565871412085
49.48,1.612903225806452,-5.483870967741936,0.0,-0.0,569.3319020584252,0.06229686363724482,-0.07605043939111972,-2.912324014645201
49.49,1.612903225806452,-5.483870967741936,0.0,-0.0,569.324160515886,0.062295748077848295,-0.07605064501707282,-2.9122925385490723
49.5,1.612903225806452,-5.483870967741936,0.0,-0.0,3.829741312785578,0.06229463976395341,-0.07605088078723876,-2.912262124132043
49.51,1.612903225806452,-5.483870967741936,0.0,-0.0,569.3086773882047,0.06229353980944846,-0.07605114409223535,-2.912232737676916
49.52,1.612903225806452,-5.483870967741936,0.0,-0.0,569.3009358042236,0.062292449233188746,-0.07605143247684343,-2.9122043464451224
49.53,1.612903225806452,-5.483870967741936,0.0,-0.0,569.2931942075509,0.06229136896451451,-0.07605174363210004,-2.912176918653053
49.54,1.612903225806452,-5.483870967741936,0.0,-0.0,3.7987749525476517,0.06229029984847326,-0.07605207538779224,-2.912150423448081
49.55,1.612903225806452,-5.483870967741936,0.0,-0.0,569.2777109782053,0.06228924265078847,-0.07605242570530468,-2.9121248308850953
49.56,1.612903225806452,-5.483870967741936,0.0,-0.0,3.7832917003554405,0.0622881980625892,-0.07605279267080034,-2.9121001119036456
49.57,1.612903225806452,-5.483870967741936,0.0,-0.0,569.2622277041127,0.06228716670489154,-0.07605317448873983,-2.9120762383051506
49.58,1.612903225806452,-5.483870967741936,0.0,-0.0,569.2544860514334,0.062286149132870644,-0.07605356947569453,-2.9120531827309564
49.59,1.612903225806452,-5.483870967741936,0.0,-0.0,569.2467443889075,0.06228514583989661,-0.07605397605447795,-2.912030918640238
49.6,1.612903225806452,-5.483870967741936,0.0,-0.0,569.2390027169445,0.062284157261385004,-0.07605439274853837,-2.9120094202888667
49.61,1.612903225806452,-5.483870967741936,0.0,-0.0,569.2312610359377,0.06228318377843864,-0.0760548181766344,-2.9119886627083513
49.62,1.612903225806452,-5.483870967741936,0.0,-0.0,569.2235193462644,0.06228222572130088,-0.07605525104776822,-2.9119686216851837
49.63,1.612903225806452,-5.483870967741936,0.0,-0.0,569.2157776482869,0.062281283372643076,-0.0760556901563515,-2.911949273740932
49.64,1.612903225806452,-5.483870967741936,0.0,-0.0,569.2080359423526,0.06228035697065534,-0.07605613437763142,-2.911930596112066
49.65,1.612903225806452,-5.483870967741936,0.0,-0.0,569.200294228795,0.062279446712012104,-0.07605658266330162,-2.9119125667312002
49.66,1.612903225806452,-5.483870967741936,0.0,-0.0,569.192552507934,0.062278552754635896,-0.07605703403737352,-2.9118951642075057
49.67,1.612903225806452,-5.483870967741936,0.0,-0.0,569.1848107800766,0.062277675220355044,-0.07605748759220832,-2.9118783678086473
49.68,1.612903225806452,-5.483870967741936,0.0,-0.0,3.6903913993546587,0.062276814197398556,-0.07605794248476427,-2.9118621574425605
49.69,1.612903225806452,-5.483870967741936,0.0,-0.0,569.169327304539,0.062275969742756704,-0.07605839793302871,-2.911846513639625
49.7,1.612903225806452,-5.483870967741936,0.0,-0.0,569.1615855574124,0.0622751418844128,-0.07605885321262662,-2.9118314175352267
49.71,1.612903225806452,-5.483870967741936,0.0,-0.0,569.1538438043978,0.0622743306234701,-0.07605930765358071,-2.9118168508531705
49.72,1.612903225806452,-5.483870967741936,0.0,-0.0,569.1461020457443,0.06227353593612803,-0.07605976063726527,-2.911802795888565
49.73,1.612903225806452,-5.483870967741936,0.0,-0.0,569.1383602816916,0.062272757775598514,-0.07606021159346221,-2.911789235492457
49.74,1.612903225806452,-5.483870967741936,0.0,-0.0,569.1306185124689,0.06227199607384934,-0.07606065999763117,-2.91177615305502
49.75,1.612903225806452,-5.483870967741936,0.0,-0.0,569.1228767382963,0.062271250743310164,-0.07606110536825433,-2.9117635324908266
49.76,1.612903225806452,-5.483870967741936,0.0,-0.0,569.115134959385,0.062270521678462365,-0.07606154726433534,-2.911751358223914
49.77,1.612903225806452,-5.483870967741936,0.0,-0.0,569.1073931759374,0.06226980875730387,-0.07606198528305796,-2.9117396151723063
49.78,1.612903225806452,-5.483870967741936,0.0,-0.0,569.0996513881475,0.06226911184278308,-0.07606241905751071,-2.911728288734373
49.79,1.612903225806452,-5.483870967741936,0.0,-0.0,569.0919095962015,0.06226843078411637,-0.076062848254559,-2.9117173647746273
49.8,1.612903225806452,-5.483870967741936,0.0,-0.0,569.0841678002778,0.06226776541803661,-0.07606327257281903,-2.9117068296101007
49.81,1.612903225806452,-5.483870967741936,0.0,-0.0,569.0764260005475,0.062267115569963144,-0.07606369174073935,-2.9116966699969447
49.82,1.612903225806452,-5.483870967741936,0.0,-0.0,569.0686841971745,0.06226648105510557,-0.07606410551477771,-2.9116868731174796
49.83,1.612903225806452,-5.483870967741936,0.0,-0.0,569.0609423903163,0.06226586167951373,-0.07606451367765954,-2.9116774265679184
49.84,1.612903225806452,-5.483870967741936,0.0,-0.0,569.0532005801234,0.062265257241025856,-0.07606491603676424,-2.9116683183453866
49.85,1.612903225806452,-5.483870967741936,0.0,-0.0,3.5587811205775695,0.06226466753020782,-0.07606531242254677,-2.9116595368366283
49.86,1.612903225806452,-5.483870967741936,0.0,-0.0,569.0377169503056,0.06226409233119268,-0.07606570268708313,-2.911651070805886
49.87,1.612903225806452,-5.483870967741936,0.0,-0.0,3.5432974847890284,0.06226353142248722,-0.07606608670267184,-2.9116429093836524
49.88,1.612903225806452,-5.483870967741936,0.0,-0.0,3.5355556626433247,0.062262984577723335,-0.0760664643605139,-2.911635042055616
49.89,1.612903225806452,-5.483870967741936,0.0,-0.0,569.0144914839904,0.06226245156636476,-0.07606683556945931,-2.9116274586520072
49.9,1.612903225806452,-5.483870967741936,0.0,-0.0,569.0067496566214,0.062261932154359184,-0.07606720025482833,-2.9116201493370113
49.91,1.612903225806452,-5.483870967741936,0.0,-0.0,568.9990078268111,0.06226142610473892,-0.07606755835730511,-2.9116131045982323
49.92,1.612903225806452,-5.483870967741936,0.0,-0.0,568.9912659946666,0.06226093317822173,-0.07606790983185008,-2.911606315237575
49.93,1.612903225806452,-5.483870967741936,0.0,-0.0,568.9835241602906,0.062260453133705373,-0.07606825464673717,-2.911599772360575
49.94,1.612903225806452,-5.483870967741936,0.0,-0.0,568.9757823237815,0.06225998572880137,-0.07606859278257017,-2.9115934673680415
49.95,1.612903225806452,-5.483870967741936,0.0,-0.0,568.9680404852334,0.06225953072026197,-0.07606892423142264,-2.9115873919460293
49.96,1.612903225806452,-5.483870967741936,0.0,-0.0,568.9602986447366,0.06225908786443257,-0.07606924899596912,-2.911581538057652
49.97,1.612903225806452,-5.483870967741936,0.0,-0.0,568.9525568023774,0.06225865691763166,-0.07606956708870471,-2.9115758979340094
49.98,1.612903225806452,-5.483870967741936,0.0,-0.0,568.9448149582388,0.06225823763652591,-0.07606987853118496,-2.911570464066035
49.99,1.612903225806452,-5.483870967741936,0.0,-0.0,568.9370731124,0.062257829778469054,-0.07607018335331617,-2.911565229196361
50.0,1.612903225806452,-5.483870967741936,0.0,-0.0,3.4426536187738663,0.06225743310179782,-0.07607048159270391,-2.91156018631095
50.01,1.612903225806452,-6.129032258064516,0.0,-0.0,568.9215431570987,0.061646203302170965,-0.12910413913411078,-2.9123467940919574
50.02,1.612903225806452,-6.129032258064516,0.0,-0.0,3.427034353901937,0.06112100345808169,-0.12702055770770682,-2.9130168006338764
50.03,1.612903225806452,-6.129032258064516,0.0,-0.0,568.9058407733778,0.060673469708463934,-0.125039870486777,-2.913578006968537
50.04,1.612903225806452,-6.129032258064516,0.0,-0.0,568.8979322415378,0.06029592183454138,-0.12315672608085165,-2.9140377936415796
50.05,1.612903225806452,-6.129032258064516,0.0,-0.0,568.8899889695497,0.05998131941567686,-0.12136607552165601,-2.9144031390152003
50.06,1.612903225806452,-6.129032258064516,0.0,-0.0,568.8820133374568,0.059723218776222775,-0.1196631538132441,-2.9146806371633254
50.07,1.612903225806452,-6.129032258064516,0.0,-0.0,568.8740075538964,0.059515731143990946,-0.11804346251269426,-2.9148765153251737
50.08,1.612903225806452,-6.129032258064516,0.0,-0.0,568.8659736687191,0.05935348233838067,-0.1165027533356695,-2.9149966508878684
50.09,1.612903225806452,-6.129032258064516,0.0,-0.0,568.8579135847185,0.059231574219857946,-0.1150370127658294,-2.9150465878795266
50.1,1.612903225806452,-6.129032258064516,0.0,-0.0,568.8498290685185,0.05914554805963787,-0.11364244763628994,-2.9150315529556505
50.11,1.612903225806452,-6.129032258064516,0.0,-0.0,568.8417217606662,0.05909134992778731,-0.11231547164367839,-2.9149564708652727
50.12,1.612903225806452,-6.129032258064516,0.0,-0.0,568.833593184981,0.059065298148113454,-0.11105269275010465,-2.914825979390086
50.13,1.612903225806452,-6.129032258064516,0.0,-0.0,568.825444757206,0.05906405282740784,-0.10985090142544152,-2.9146444437482093
50.14,1.612903225806452,-6.129032258064516,0.0,-0.0,568.8172777930096,0.05908458743429518,-0.10870705968066974,-2.9144159704594945
50.15,1.612903225806452,-6.129032258064516,0.0,-0.0,568.8090935153825,0.05912416237767515,-0.10761829084270591,-2.914144420672304
50.16,1.612903225806452,-6.129032258064516,0.0,-0.0,568.8008930614736,0.05918030051555251,-0.10658187002180008,-2.91383342295244
50.17,1.612903225806452,-6.129032258064516,0.0,-0.0,568.7926774889046,0.059250764511198206,-0.10559521522385595,-2.9134863855383837
50.18,1.612903225806452,-6.129032258064516,0.0,-0.0,568.7844477816041,0.05933353594409496,-0.10465587906183837,-2.9131065080695295
50.19,1.612903225806452,-6.129032258064516,0.0,-0.0,568.7762048551962,0.05942679607717713,-0.10376154102268831,-2.912696792794248
50.2,1.612903225806452,-6.129032258064516,0.0,-0.0,568.7679495619785,0.05952890817906567,-0.10291000024847341,-2.9122600552692575
50.21,1.612903225806452,-6.129032258064516,0.0,-0.0,568.759682695521,0.05963840129931722,-0.10209916879316938,-2.9117989345604984
50.22,1.612903225806452,-6.129032258064516,0.0,-0.0,568.7514049949152,0.05975395539607309,-0.1013270653189704,-2.9113159029596094
50.23,1.612903225806452,-6.129032258064516,0.0,-0.0,568.7431171487023,0.05987438771803935,-0.10059180919873512,-2.9108132752284233
50.24,1.612903225806452,-6.129032258064516,0.0,-0.0,568.7348197985029,0.0599986403465354,-0.0998916149935749,-2.9102932173881144
50.25,1.612903225806452,-6.129032258064516,0.0,-0.0,568.7265135423753,0.0601257688076097,-0.09922478727716377,-2.909757755067151
50.26,1.612903225806452,-6.129032258064516,0.0,-0.0,568.7181989379203,0.06025493166918197,-0.09858971578055031,-2.9092087814255376
50.27,1.612903225806452,-6.129032258064516,0.0,-0.0,568.7098765051555,0.060385381043168485,-0.09798487083355101,-2.9086480646704156
50.28,1.612903225806452,-6.129032258064516,0.0,-0.0,568.701546729175,0.06051645391784277,-0.09740879908075761,-2.9080772551803045
50.29,1.612903225806452,-6.129032258064516,0.0,-0.0,568.693210062612,0.06064756425084844,-0.09686011945210371,-2.9074978922546904
50.3,1.612903225806452,-6.129032258064516,0.0,-0.0,568.6848669279208,0.06077819575835955,-0.09633751936968438,-2.9069114105053475
50.31,1.612903225806452,-6.129032258064516,0.0,-0.0,568.67651771949,0.06090789534077423,-0.09583975117413057,-2.906319145905228
50.32,1.612903225806452,-6.129032258064516,0.0,-0.0,568.6681628056026,0.06103626709007251,-0.09536562875523424,-2.9057223415118383
50.33,1.612903225806452,-6.129032258064516,0.0,-0.0,568.6598025302525,0.061162966828314125,-0.09491402437293306,-2.905122152879489
50.34,1.612903225806452,-6.129032258064516,0.0,-0.0,3.164759568666674,0.06128769713101362,-0.0944838656558693,-2.9045196531765933
50.35,1.612903225806452,-6.129032258064516,0.0,-0.0,568.6430671596833,0.06141020279298379,-0.0940741327658528,-2.903915838022805
50.36,1.612903225806452,-6.129032258064516,0.0,-0.0,568.6346926455743,0.061530266697789826,-0.09368385571760673,-2.903311630058755
50.37,1.612903225806452,-6.129032258064516,0.0,-0.0,3.1396362888583473,0.06164770605545147,-0.09331211184390109,-2.9027078832640627
50.38,1.612903225806452,-6.129032258064516,0.0,-0.0,568.6179312735517,0.0617623689759873,-0.0929580233971058,-2.902105387035731
50.39,1.612903225806452,-6.129032258064516,0.0,-0.0,3.1228672447025394,0.061874131349240635,-0.09262075527889901,-2.9015048700386696
50.4,1.612903225806452,-6.129032258064516,0.0,-0.0,568.6011550019127,0.061982894004148525,-0.09229951289038785,-2.9009070038423124
50.41,1.612903225806452,-6.129032258064516,0.0,-0.0,568.5927618078995,0.062088580122855175,-0.091993540095623,-2.900312406353421
50.42,1.612903225806452,-6.129032258064516,0.0,-0.0,568.584365497219,0.06219113288732281,-0.09170211729193145,-2.899721645056393
50.43,1.612903225806452,-6.129032258064516,0.0,-0.0,568.5759662463196,0.06229051333805541,-0.09142455958099072,-2.899135240071255
50.44,1.612903225806452,-6.129032258064516,0.0,-0.0,568.5675642205117,0.06238669842643249,-0.09116021503491639,-2.8985536670406895
50.45,1.612903225806452,-6.129032258064516,0.0,-0.0,568.5591595747176,0.06247967924360179,-0.090908463052227,-2.8979773598523546
50.46,1.612903225806452,-6.129032258064516,0.0,-0.0,568.5507524541696,0.06256945941070555,-0.09066871279856342,-2.8974067132097496
50.47,1.612903225806452,-6.129032258064516,0.0,-0.0,568.5423429950595,0.06265605361620274,-0.0904404017277477,-2.8968420850557544
50.48,1.612903225806452,-6.129032258064516,0.0,-0.0,568.5339313251427,0.06273948628763362,-0.09022299417870538,-2.8962837988603383
50.49,1.612903225806452,-6.129032258064516,0.0,-0.0,568.5255175643013,0.06281979038607316,-0.09001598004427569,-2.8957321457782585
50.5,1.612903225806452,-6.129032258064516,0.0,-0.0,568.5171018250669,0.06289700631260717,-0.08981887350811285,-2.8951873866836237
50.51,1.612903225806452,-6.129032258064516,0.0,-0.0,3.0220065669460534,0.06297118091719264,-0.08963121184601569,-2.89464975408982
50.52,1.612903225806452,-6.129032258064516,0.0,-0.0,568.5002648276876,0.06304236660096657,-0.08945255428836929,-2.8941194539597537
50.53,1.612903225806452,-6.129032258064516,0.0,-0.0,568.4918437620775,0.06311062050391741,-0.08928248094050306,-2.893596667412669
50.54,1.612903225806452,-6.129032258064516,0.0,-0.0,568.4834211039605,0.06317600377059435,-0.08912059175788078,-2.893081552334847
50.55,1.612903225806452,-6.129032258064516,0.0,-0.0,568.4749969357929,0.06323858088696394,-0.08896650557341446,-2.8925742448965854
50.56,1.612903225806452,-6.129032258064516,0.0,-0.0,568.4665713351467,0.06329841908240247,-0.08881985917404467,-2.892074860984158
50.57,1.612903225806452,-6.129032258064516,0.0,-0.0,568.4581443750278,0.06335558779104275,-0.08868030642417862,-2.8915834975485555
50.58,1.612903225806452,-6.129032258064516,0.0,-0.0,568.4497161241727,0.0634101581674135,-0.08854751743347045,-2.8911002338777574
50.59,1.612903225806452,-6.129032258064516,0.0,-0.0,568.4412866473245,0.06346220265158864,-0.08842117776671965,-2.8906251327954946
50.6,1.612903225806452,-6.129032258064516,0.0,-0.0,568.4328560054904,0.06351179457954184,-0.08830098769370376,-2.8901582417909184
50.61,1.612903225806452,-6.129032258064516,0.0,-0.0,568.4244242561817,0.06355900783480933,-0.08818666147683052,-2.8896995940842705
50.62,1.612903225806452,-6.129032258064516,0.0,-0.0,568.4159914536374,0.06360391653770361,-0.08807792669480019,-2.889249209629201
50.63,1.612903225806452,-6.129032258064516,0.0,-0.0,568.4075576490326,0.06364659476895129,-0.08797452360023705,-2.8888070960592422
50.64,1.612903225806452,-6.129032258064516,0.0,-0.0,568.3991228906731,0.06368711632453725,-0.08787620450971861,-2.8883732495777643
50.65,1.612903225806452,-6.129032258064516,0.0,-0.0,568.3906872241764,0.06372555449909353,-0.08778273322441704,-2.887947655797054
50.66,1.612903225806452,-6.129032258064516,0.0,-0.0,568.382250692641,0.0637619818952444,-0.08769388447981286,-2.887530290528551
50.67,1.612903225806452,-6.129032258064516,0.0,-0.0,568.3738133368038,0.06379647025654919,-0.08760944342300586,-2.887121120526462
50.68,1.612903225806452,-6.129032258064516,0.0,-0.0,568.365375195187,0.06382909032195169,-0.08752920511615109,-2.8867201041884
50.69,1.612903225806452,-6.129032258064516,0.0,-0.0,2.870258658072763,0.06385991169973018,-0.08745297406471542,-2.886327192214505
50.7,1.612903225806452,-6.129032258064516,0.0,-0.0,568.3484966984453,0.06388900275918877,-0.08738056376923697,-2.88594232822818
50.71,1.612903225806452,-6.129032258064516,0.0,-0.0,568.3400564104819,0.06391643053837995,-0.08731179629943364,-2.88556544935928
50.72,1.612903225806452,-6.129032258064516,0.0,-0.0,568.3316154712927,0.06394226066643127,-0.08724650188942873,-2.8851964867935456
50.73,1.612903225806452,-6.129032258064516,0.0,-0.0,568.3231739102107,0.06396655729903936,-0.08718451855305198,-2.8848353662891015
50.74,1.612903225806452,-6.129032258064516,0.0,-0.0,2.8280541088889697,0.06398938306585428,-0.08712569171819096,-2.8844820086616494
50.75,1.612903225806452,-6.129032258064516,0.0,-0.0,2.81961138604219,0.06401079902860976,-0.08706987387919152,-2.8841363302404455
50.76,1.612903225806452,-6.129032258064516,0.0,-0.0,568.2978457667181,0.06403086464899671,-0.08701692426631846,-2.8837982432979543
50.77,1.612903225806452,-6.129032258064516,0.0,-0.0,568.2894019823761,0.06404963776514927,-0.08696670853154542,-2.8834676564514545
50.78,1.612903225806452,-6.129032258064516,0.0,-0.0,568.2809577017756,0.06406717457600991,-0.08691909844968393,-2.883144475041346
50.79,1.612903225806452,-6.129032258064516,0.0,-0.0,568.2725129463936,0.06408352963269859,-0.0868739716341127,-2.8828286014863096
50.8,1.612903225806452,-6.129032258064516,0.0,-0.0,568.2640677366524,0.06409875583608596,-0.08683121126641458,-2.882519935615486
50.81,1.612903225806452,-6.129032258064516,0.0,-0.0,568.2556220919801,0.06411290443999806,-0.08679070583909365,-2.882218374981184
50.82,1.612903225806452,-6.129032258064516,0.0,-0.0,568.2471760308671,0.06412602505930345,-0.08675234891082861,-2.8819238151506754
50.83,1.612903225806452,-6.129032258064516,0.0,-0.0,568.2387295709188,0.0641381656824172,-0.0867160388735142,-2.8816361499803365
50.84,1.612903225806452,-6.129032258064516,0.0,-0.0,568.2302827289056,0.06414937268766574,-0.08668167873052579,-2.8813552718723847
50.85,1.612903225806452,-6.129032258064516,0.0,-0.0,568.2218355208088,0.0641596908629927,-0.08664917588567667,-2.881081072014285
50.86,1.612903225806452,-6.129032258064516,0.0,-0.0,568.2133879618641,0.06416916342865261,-0.08661844194224616,-2.880813440603347
50.87,1.612903225806452,-6.129032258064516,0.0,-0.0,568.2049400666026,0.06417783206243263,-0.08658939251163172,-2.880552267056027
50.88,1.612903225806452,-6.129032258064516,0.0,-0.0,568.1964918488887,0.06418573692709406,-0.08656194703108677,-2.880297440203793
50.89,1.612903225806452,-6.129032258064516,0.0,-0.0,568.1880433219559,0.0641929166996486,-0.08653602859014309,-2.8800488484750844
50.9,1.612903225806452,-6.129032258064516,0.0,-0.0,2.6929168522774414,0.06419940860226181,-0.08651156376519231,-2.879806380065925
50.91,1.612903225806452,-6.129032258064516,0.0,-0.0,568.1711453904118,0.06420524843439526,-0.08648848246193552,-2.879569923097394
50.92,1.612903225806452,-6.129032258064516,0.0,-0.0,568.1626960094044,0.06421047060609492,-0.08646671776515602,-2.879339365763694
50.93,1.612903225806452,-6.129032258064516,0.0,-0.0,568.1542463664431,0.06421510817203402,-0.08644620579561912,-2.8791145964679004
50.94,1.612903225806452,-6.129032258064516,0.0,-0.0,568.1457964720705,0.06421919286629144,-0.08642688557356815,-2.8788955039496473
50.95,1.612903225806452,-6.129032258064516,0.0,-0.0,568.1373463363709,0.06422275513750961,-0.0864086988886607,-2.878681977401658
50.96,1.612903225806452,-6.129032258064516,0.0,-0.0,568.1288959689937,0.06422582418445497,-0.08639159017584735,-2.8784739065794094
50.97,1.612903225806452,-6.129032258064516,0.0,-0.0,568.1204453791747,0.06422842799165465,-0.08637550639707714,-2.878271181900678
50.98,1.612903225806452,-6.129032258064516,0.0,-0.0,568.1119945757569,0.06423059336512016,-0.08636039692840702,-2.8780736945382905
50.99,1.612903225806452,-6.129032258064516,0.0,-0.0,568.103543567209,0.06423234596798641,-0.08634621345230359,-2.8778813365053892
51.0,1.612903225806452,-6.129032258064516,0.0,-0.0,568.0950923616446,0.06423371035595571,-0.08633290985489317,-2.8776940007334106
51.01,1.612903225806452,-6.129032258064516,0.0,-0.0,2.5999633206752075,0.06423471001247655,-0.08632044212789858,-2.877511581143639
51.02,1.612903225806452,-6.129032258064516,0.0,-0.0,568.0781893902413,0.06423536738356758,-0.08630876827504347,-2.877333972712485
51.03,1.612903225806452,-6.129032258064516,0.0,-0.0,568.069737638999,0.06423570391222802,-0.0862978482226987,-2.8771610715310882
51.04,1.612903225806452,-6.129032258064516,0.0,-0.0,568.0612857199625,0.06423574007235588,-0.08628764373458153,-2.8769927748592297
51.05,1.612903225806452,-6.129032258064516,0.0,-0.0,568.0528336397036,0.06423549540212789,-0.0862781183303078,-2.876828981174008
51.06,1.612903225806452,-6.129032258064516,0.0,-0.0,568.0443814045275,0.06423498853681725,-0.08626923720758972,-2.876669590214035
51.07,1.612903225806452,-6.129032258064516,0.0,-0.0,568.0359290204844,0.0642342372409648,-0.08626096716795084,-2.8765145030185315
51.08,1.612903225806452,-6.129032258064516,0.0,-0.0,568.0274764933815,0.06423325843990085,-0.08625327654576342,-2.876363621962167
51.09,1.612903225806452,-6.129032258064516,0.0,-0.0,568.0190238287936,0.06423206825062172,-0.08624613514041568,-2.876216850786595
51.1,1.612903225806452,-6.129032258064516,0.0,-0.0,2.5238933859104615,0.06423068201189369,-0.08623951415156994,-2.8760740946267584
51.11,1.612903225806452,-6.129032258064516,0.0,-0.0,568.0021181083606,0.06422911431369521,-0.08623338611723719,-2.8759352600348254
51.12,1.612903225806452,-6.129032258064516,0.0,-0.0,567.9936650625926,0.06422737902590517,-0.08622772485461405,-2.8758002550003843
51.13,1.612903225806452,-6.129032258064516,0.0,-0.0,2.4985342533491273,0.06422548932623884,-0.08622250540354337,-2.8756689889673286
51.14,1.612903225806452,-6.129032258064516,0.0,-0.0,567.976758623675,0.06422345772744098,-0.08621770397245898,-2.8755413728479824
51.15,1.612903225806452,-6.129032258064516,0.0,-0.0,567.9683052394599,0.06422129610369423,-0.08621329788674037,-2.8754173190338532
51.16,1.612903225806452,-6.129032258064516,0.0,-0.0,2.4731741049116556,0.06421901571634239,-0.08620926553926511,-2.875296741405239
51.17,1.612903225806452,-6.129032258064516,0.0,-0.0,567.9513981625623,0.06421662723875612,-0.08620558634323083,-2.8751795553363366
51.18,1.612903225806452,-6.129032258064516,0.0,-0.0,567.9429444778107,0.06421414078054069,-0.0862022406869496,-2.8750656776999888
51.19,1.612903225806452,-6.129032258064516,0.0,-0.0,567.9344907005562,0.06421156591094679,-0.08619920989066776,-2.8749550268692685
51.2,1.612903225806452,-6.129032258064516,0.0,-0.0,567.9260368343917,0.06420891168155149,-0.08619647616526055,-2.8748475227172943
51.21,1.612903225806452,-6.129032258064516,0.0,-0.0,567.9175828827712,0.06420618664820807,-0.08619402257272574,-2.8747430866151835
51.22,1.612903225806452,-6.129032258064516,0.0,-0.0,567.9091288490164,0.06420339889228552,-0.08619183298838645,-2.8746416414285054
51.23,1.612903225806452,-6.129032258064516,0.0,-0.0,567.9006747363214,0.06420055604118047,-0.0861898920647528,-2.874543111511784
51.24,1.612903225806452,-6.129032258064516,0.0,-0.0,567.8922205477581,0.06419766528814785,-0.08618818519693605,-2.874447422701848
51.25,1.612903225806452,-6.129032258064516,0.0,-0.0,567.8837662862809,0.06419473341143986,-0.08618669848956734,-2.8743545023096893
51.26,1.612903225806452,-6.129032258064516,0.0,-0.0,567.8753119547314,0.0641917667927791,-0.08618541872514396,-2.874264279111148
51.27,1.612903225806452,-6.129032258064516,0.0,-0.0,567.8668575558428,0.06418877143514501,-0.0861843333337734,-2.874176683335859
51.28,1.612903225806452,-6.129032258064516,0.0,-0.0,567.8584030922442,0.06418575297997409,-0.08618343036417075,-2.874091646656238
51.29,1.612903225806452,-6.129032258064516,0.0,-0.0,567.8499485664647,0.06418271672368059,-0.0861826984559575,-2.8740091021744503
51.3,1.612903225806452,-6.129032258064516,0.0,-0.0,567.8414939809371,0.06417966763358132,-0.08618212681314186,-2.8739289844088023
51.31,1.612903225806452,-6.129032258064516,0.0,-0.0,567.8330393380019,0.06417661036324612,-0.08618170517872037,-2.8738512292797473
51.32,1.612903225806452,-6.129032258064516,0.0,-0.0,567.8245846399104,0.06417354926722063,-0.08618142381042015,-2.8737757740942205
51.33,1.612903225806452,-6.129032258064516,0.0,-0.0,567.8161298888288,0.06417048841522899,-0.08618127345744331,-2.8737025575301853
51.34,1.612903225806452,-6.129032258064516,0.0,-0.0,567.8076750868407,0.06416743160580918,-0.08618124533823013,-2.8736315196202136
51.35,1.612903225806452,-6.129032258064516,0.0,-0.0,567.799220235951,0.06416438237939151,-0.08618133111920456,-2.8735626017340428
51.36,1.612903225806452,-6.129032258064516,0.0,-0.0,567.790765338088,0.06416134403089793,-0.08618152289439651,-2.8734957465614213
51.37,1.612903225806452,-6.129032258064516,0.0,-0.0,567.7823103951073,0.06415831962183316,-0.08618181316594875,-2.8734308980943903
51.38,1.612903225806452,-6.129032258064516,0.0,-0.0,567.7738554087937,0.06415531199184213,-0.0861821948255096,-2.8733680016082537
51.39,1.612903225806452,-6.129032258064516,0.0,-0.0,567.7654003808644,0.0641523237698643,-0.0861826611363613,-2.8733070036435624
51.4,1.612903225806452,-6.129032258064516,0.0,-0.0,567.7569453129714,0.06414935738476754,-0.08618320571638177,-2.873247851986544
51.41,1.612903225806452,-6.129032258064516,0.0,-0.0,567.7484902067038,0.06414641507559174,-0.08618382252169221,-2.8731904956502956
51.42,1.612903225806452,-6.129032258064516,0.0,-0.0,2.2533574174273023,0.06414349890133009,-0.08618450583104409,-2.8731348848550726
51.43,1.612903225806452,-6.129032258064516,0.0,-0.0,567.731579885101,0.06414061075032598,-0.08618525023085499,-2.8730809710089624
51.44,1.612903225806452,-6.129032258064516,0.0,-0.0,567.723124672651,0.06413775234921965,-0.08618605060094109,-2.8730287066873976
51.45,1.612903225806452,-6.129032258064516,0.0,-0.0,567.7146694276007,0.06413492527159503,-0.08618690210078528,-2.872978045614251
51.46,1.612903225806452,-6.129032258064516,0.0,-0.0,567.7062141512589,0.06413213094616352,-0.08618780015649002,-2.8729289426410403
51.47,1.612903225806452,-6.129032258064516,0.0,-0.0,567.6977588448842,0.06412937066464067,-0.08618874044824587,-2.8728813537271027
51.48,1.612903225806452,-6.129032258064516,0.0,-0.0,567.6893035096873,0.06412664558928902,-0.08618971889833488,-2.8728352359199727
51.49,1.612903225806452,-6.129032258064516,0.0,-0.0,567.6808481468325,0.06412395676008764,-0.08619073165969404,-2.8727905473349686
51.5,1.612903225806452,-6.129032258064516,0.0,-0.0,2.185715111276856,0.06412130510159808,-0.08619177510496179,-2.8727472471351474
51.51,1.612903225806452,-6.129032258064516,0.0,-0.0,567.6639373425853,0.06411869142953303,-0.08619284581599096,-2.8727052955115346
51.52,1.612903225806452,-6.129032258064516,0.0,-0.0,567.655481903305,0.06411611645702231,-0.0861939405738259,-2.8726646536633167
51.53,1.612903225806452,-6.129032258064516,0.0,-0.0,567.6470264405943,0.06411358080057547,-0.08619505634913621,-2.8726252837777735
51.54,1.612903225806452,-6.129032258064516,0.0,-0.0,567.6385709554105,0.06411108498579843,-0.08619619029304126,-2.8725871490108963
51.55,1.612903225806452,-6.129032258064516,0.0,-0.0,567.6301154486739,0.06410862945282819,-0.08619733972835597,-2.8725502134677843
51.56,1.612903225806452,-6.129032258064516,0.0,-0.0,567.6216599212694,0.06410621456150839,-0.0861985021412266,-2.872514442183069
51.57,1.612903225806452,-6.129032258064516,0.0,-0.0,567.6132043740474,0.06410384059633209,-0.08619967517312649,-2.872479801101721
51.58,1.612903225806452,-6.129032258064516,0.0,-0.0,567.6047488078257,0.06410150777116161,-0.08620085661319282,-2.8724462570602536
51.59,1.612903225806452,-6.129032258064516,0.0,-0.0,567.5962932233901,0.06409921623370099,-0.08620204439092671,-2.8724137777676457
51.6,1.612903225806452,-6.129032258064516,0.0,-0.0,567.5878376214961,0.06409696606974077,-0.0862032365692284,-2.872382331786235
51.61,1.612903225806452,-6.129032258064516,0.0,-0.0,567.5793820028695,0.06409475730725925,-0.08620443133768196,-2.872351888514058
51.62,1.612903225806452,-6.129032258064516,0.0,-0.0,567.5709263682079,0.0640925899202443,-0.08620562700621726,-2.8723224181658105
51.63,1.612903225806452,-6.129032258064516,0.0,-0.0,567.5624707181817,0.06409046383238282,-0.08620682199900043,-2.8722938917551613
51.64,1.612903225806452,-6.129032258064516,0.0,-0.0,567.5540150534349,0.06408837892055042,-0.08620801484861573,-2.8722662810769544
51.65,1.612903225806452,-6.129032258064516,0.0,-0.0,567.5455593745866,0.06408633501811453,-0.08620920419051942,-2.8722395586894107
51.66,1.612903225806452,-6.129032258064516,0.0,-0.0,567.5371036822311,0.06408433191807641,-0.08621038875774034,-2.8722136978966857
51.67,1.612903225806452,-6.129032258064516,0.0,-0.0,567.5286479769395,0.06408236937606968,-0.08621156737580232,-2.8721886727320114
51.68,1.612903225806452,-6.129032258064516,0.0,-0.0,567.5201922592605,0.064080447113194,-0.08621273895788883,-2.8721644579408587
51.69,1.612903225806452,-6.129032258064516,0.0,-0.0,567.5117365297209,0.06407856481867918,-0.08621390250025074,-2.872141028963897
51.7,1.612903225806452,-6.129032258064516,0.0,-0.0,567.5032807888267,0.06407672215245472,-0.08621505707777916,-2.872118361921119
51.71,1.612903225806452,-6.129032258064516,0.0,-0.0,567.4948250370638,0.06407491874754473,-0.0862162018398206,-2.87209643359543
51.72,1.612903225806452,-6.129032258064516,0.0,-0.0,567.4863692748988,0.06407315421235743,-0.08621733600616244,-2.8720752214169507
51.73,1.612903225806452,-6.129032258064516,0.0,-0.0,567.4779135027796,0.06407142813284072,-0.086218458863215,-2.8720547034473576
51.74,1.612903225806452,-6.129032258064516,0.0,-0.0,567.4694577211363,0.06406974007453156,-0.08621956976036033,-2.872034858364715
51.75,1.612903225806452,-6.129032258064516,0.0,-0.0,567.4610019303817,0.06406808958447643,-0.08622066810648621,-2.8720156654482305
51.76,1.612903225806452,-6.129032258064516,0.0,-0.0,567.4525461309121,0.06406647619306752,-0.08622175336666127,-2.8719971045637314
51.77,1.612903225806452,-6.129032258064516,0.0,-0.0,567.4440903231077,0.06406489941574858,-0.08622282505899359,-2.8719791561488415
51.78,1.612903225806452,-6.129032258064516,0.0,-0.0,567.4356345073336,0.06406335875465155,-0.08622388275160964,-2.8719618011989914
51.79,1.612903225806452,-6.129032258064516,0.0,-0.0,567.4271786839398,0.06406185370012313,-0.08622492605979226,-2.871945021253352
51.8,1.612903225806452,-6.129032258064516,0.0,-0.0,567.4187228532625,0.06406038373217454,-0.08622595464324423,-2.871928798381265
51.81,1.612903225806452,-6.129032258064516,0.0,-0.0,567.410267015624,0.06405894832182893,-0.08622696820349895,-2.871913115168592
51.82,1.612903225806452,-6.129032258064516,0.0,-0.0,567.4018111713334,0.06405754693239454,-0.08622796648145026,-2.8718979547044463
51.83,1.612903225806452,-6.129032258064516,0.0,-0.0,567.3933553206874,0.06405617902068944,-0.0862289492549726,-2.871883300568749
51.84,1.612903225806452,-6.129032258064516,0.0,-0.0,567.3848994639706,0.06405484403815315,-0.08622991633669586,-2.871869136819255
51.85,1.612903225806452,-6.129032258064516,0.0,-0.0,567.3764436014554,0.06405354143188857,-0.08623086757188902,-2.8718554479788323
51.86,1.612903225806452,-6.129032258064516,0.0,-0.0,567.3679877334037,0.06405227064569496,-0.08623180283639109,-2.87184221902414
51.87,1.612903225806452,-6.129032258064516,0.0,-0.0,567.359531860066,0.06405103112096364,-0.08623272203471594,-2.871829435373077
51.88,1.612903225806452,-6.129032258064516,0.0,-0.0,567.3510759816828,0.06404982229755307,-0.08623362509821264,-2.871817082873282
51.89,1.612903225806452,-6.129032258064516,0.0,-0.0,567.3426200984844,0.06404864361460819,-0.08623451198331733,-2.87180514779088
51.9,1.612903225806452,-6.129032258064516,0.0,-0.0,567.3341642106917,0.06404749451132416,-0.08623538266989134,-2.871793616799477
51.91,1.612903225806452,-6.129032258064516,0.0,-0.0,567.3257083185163,0.06404637442763092,-0.08623623715967249,-2.871782476968831
51.92,1.612903225806452,-6.129032258064516,0.0,-0.0,567.3172524221608,0.06404528280486832,-0.08623707547476434,-2.8717717157545546
51.93,1.612903225806452,-6.129032258064516,0.0,-0.0,567.3087965218195,0.06404421908639835,-0.08623789765622014,-2.87176132098772
51.94,1.612903225806452,-6.129032258064516,0.0,-0.0,567.3003406176787,0.06404318271816095,-0.08623870376270992,-2.871751280864468
51.95,1.612903225806452,-6.129032258064516,0.0,-0.0,567.2918847099163,0.06404217314920027,-0.08623949386924545,-2.8717415839360747
51.96,1.612903225806452,-6.129032258064516,0.0,-0.0,567.2834287987031,0.06404118983216225,-0.08624026806596108,-2.8717322190994796
51.97,1.612903225806452,-6.129032258064516,0.0,-0.0,1.7882952380397155,0.0640402322237375,-0.0862410264569734,-2.8717231755876886
51.98,1.612903225806452,-6.129032258064516,0.0,-0.0,567.2665169665709,0.06403929978505735,-0.0862417691593137,-2.8717144429601777
51.99,1.612903225806452,-6.129032258064516,0.0,-0.0,567.258061045958,0.06403839198210767,-0.0862424963018667,-2.8717060110945374
52.0,1.612903225806452,-6.129032258064516,0.0,-0.0,567.2496051225073,0.06403750828604204,-0.0862432080244322,-2.8716978701769644
52.01,1.612903225806452,-6.774193548387096,0.0,-0.0,1.7544296655186062,0.0634830667262489,-0.13948508109557717,-2.8723968198649787
52.02,1.612903225806452,-6.774193548387096,0.0,-0.0,567.2325703023151,0.06300016367447356,-0.13759255260337583,-2.8729949667776005
52.03,1.612903225806452,-6.774193548387096,0.0,-0.0,567.2239966011091,0.06258224372243334,-0.1357869470609246,-2.8734985450529864
52.04,1.612903225806452,-6.774193548387096,0.0,-0.0,567.215388544967,0.06222325662554978,-0.13406402503622405,-2.8739134765476244
52.05,1.612903225806452,-6.774193548387096,0.0,-0.0,567.2067483125919,0.06191762646662666,-0.13241977547185374,-2.8742453841705937
52.06,1.612903225806452,-6.774193548387096,0.0,-0.0,567.1980779353623,0.06166022147316824,-0.13085040228468992,-2.8744996047725286
52.07,1.612903225806452,-6.774193548387096,0.0,-0.0,567.1893793075164,0.06144632471254538,-0.12935231169572675,-2.874681201600139
52.08,1.612903225806452,-6.774193548387096,0.0,-0.0,567.1806541956723,0.06127160583685151,-0.1279221002789705,-2.874794976326147
52.09,1.612903225806452,-6.774193548387096,0.0,-0.0,567.1719042477159,0.06113209400452149,-0.12655654371116387,-2.8748454806658166
52.1,1.612903225806452,-6.774193548387096,0.0,-0.0,567.1631310010888,0.061024152067494675,-0.1252525861988949,-2.874837027590294
52.11,1.612903225806452,-6.774193548387096,0.0,-0.0,567.1543358905074,0.060944452080198275,-0.12400733055599467,-2.8747737021449855
52.12,1.612903225806452,-6.774193548387096,0.0,-0.0,567.1455202551474,0.06088995215957618,-0.12281802890144544,-2.874659371883841
52.13,1.612903225806452,-6.774193548387096,0.0,-0.0,567.1366853453253,0.06085787470258089,-0.12168207394671193,-2.8744976969252125
52.14,1.612903225806452,-6.774193548387096,0.0,-0.0,567.1278323287069,0.06084568594926104,-0.12059699084048836,-2.874292139637226
52.15,1.612903225806452,-6.774193548387096,0.0,-0.0,567.1189622960754,0.06085107686484742,-0.11956042953865609,-2.8740459739609427
52.16,1.612903225806452,-6.774193548387096,0.0,-0.0,1.6233986205248736,0.060871945302524016,-0.11857015766774531,-2.8737622943760597
52.17,1.612903225806452,-6.774193548387096,0.0,-0.0,567.1011751932451,0.060906379399997795,-0.11762405385070951,-2.87344402451741
52.18,1.612903225806452,-6.774193548387096,0.0,-0.0,567.0922599665083,0.06095264215649776,-0.1167201014649456,-2.873093925448011
52.19,1.612903225806452,-6.774193548387096,0.0,-0.0,567.0833314195787,0.06100915713265562,-0.11585638280355742,-2.872714603597271
52.2,1.612903225806452,-6.774193548387096,0.0,-0.0,567.0743903318717,0.061074495212911195,-0.11503107361240295,-2.8723085183695156
52.21,1.612903225806452,-6.774193548387096,0.0,-0.0,567.0654374328036,0.06114736236912066,-0.11424243797667166,-2.8718779894329804
52.22,1.612903225806452,-6.774193548387096,0.0,-0.0,567.0564734052133,0.061226588363704565,-0.11348882353249967,-2.8714252036948316
52.23,1.612903225806452,-6.774193548387096,0.0,-0.0,567.0474988885375,0.06131111633174674,-0.11276865698040017,-2.870952221972832
52.24,1.612903225806452,-6.774193548387096,0.0,-0.0,567.0385144817584,0.061399993182742724,-0.11208043987902816,-2.8704609853703236
52.25,1.612903225806452,-6.774193548387096,0.0,-0.0,567.0295207461411,0.06149236076493114,-0.1114227446990802,-2.8699533213651427
52.26,1.612903225806452,-6.774193548387096,0.0,-0.0,567.0205182077746,0.061587447737361856,-0.11079421111875898,-2.869430949619719
52.27,1.612903225806452,-6.774193548387096,0.0,-0.0,567.0115073599325,0.061684562097703705,-0.11019354254342406,-2.868895487523109
52.28,1.612903225806452,-6.774193548387096,0.0,-0.0,567.0024886652672,0.061783084316553966,-0.10961950283342042,-2.868348455474631
52.29,1.612903225806452,-6.774193548387096,0.0,-0.0,1.5067849116850234,0.061882461031755515,-0.10907091322545787,-2.8677912819160123
52.3,1.612903225806452,-6.774193548387096,0.0,-0.0,566.9844294450561,0.06198219925947504,-0.10854664943373826,-2.86722530812506
52.31,1.612903225806452,-6.774193548387096,0.0,-0.0,566.9753897093486,0.06208186108130856,-0.10804563891845775,-2.8666517927772595
52.32,1.612903225806452,-6.774193548387096,0.0,-0.0,566.9663437098966,0.062181058769738756,-0.10756685831005891,-2.8660719162862307
52.33,1.612903225806452,-6.774193548387096,0.0,-0.0,1.470614137948693,0.06227945031685686,-0.10710933097863734,-2.8654867849318446
52.34,1.612903225806452,-6.774193548387096,0.0,-0.0,566.9482342490653,0.06237673533385521,-0.10667212473874815,-2.8648974347848295
52.35,1.612903225806452,-6.774193548387096,0.0,-0.0,566.9391714028128,0.06247265129126156,-0.10625434968062375,-2.864304835436775
52.36,1.612903225806452,-6.774193548387096,0.0,-0.0,566.9301035256234,0.06256697007223885,-0.10585515611948465,-2.8637098935449976
52.37,1.612903225806452,-6.774193548387096,0.0,-0.0,566.9210308811283,0.06265949481328081,-0.1054737326554448,-2.8631134561985876
52.38,1.612903225806452,-6.774193548387096,0.0,-0.0,566.9119537173902,0.06275005700892386,-0.10510930433684357,-2.8625163141164593
52.39,1.612903225806452,-6.774193548387096,0.0,-0.0,566.9028722679003,0.06283851385873462,-0.10476113092063188,-2.8619192046834763
52.4,1.612903225806452,-6.774193548387096,0.0,-0.0,566.8937867525074,0.06292474583666502,-0.10442850522385383,-2.8613228148320156
52.41,1.612903225806452,-6.774193548387096,0.0,-0.0,566.8846973782855,0.06300865446464049,-0.10411075156056626,-2.860727783778638
52.42,1.612903225806452,-6.774193548387096,0.0,-0.0,566.8756043403426,0.06309016027341449,-0.1038072242592813,-2.860134705619536
52.43,1.612903225806452,-6.774193548387096,0.0,-0.0,566.8665078225756,0.06316920093549291,-0.10351730625600103,-2.859544131794948
52.44,1.612903225806452,-6.774193548387096,0.0,-0.0,566.857407998375,0.06324572955586277,-0.10324040775859755,-2.858956573426502
52.45,1.612903225806452,-6.774193548387096,0.0,-0.0,566.8483050312828,0.06331971310761539,-0.10297596497841627,-2.858372503534463
52.46,1.612903225806452,-6.774193548387096,0.0,-0.0,566.8391990756072,0.06339113100067137,-0.1027234389252179,-2.857792359142348
52.47,1.612903225806452,-6.774193548387096,0.0,-0.0,566.8300902769961,0.06345997377253768,-0.10248231426210097,-2.8572165432715475
52.48,1.612903225806452,-6.774193548387096,0.0,-0.0,566.8209787729736,0.0635262418912877,-0.1022520982169205,-2.856645426834567
52.49,1.612903225806452,-6.774193548387096,0.0,-0.0,566.8118646934412,0.06358994466147977,-0.10203231954724246,-2.85607935043
52.5,1.612903225806452,-6.774193548387096,0.0,-0.0,566.8027481611459,0.06365109922465145,-0.1018225275559066,-2.8555186260449297
52.51,1.612903225806452,-6.774193548387096,0.0,-0.0,1.306951645955557,0.06370972964665955,-0.10162229115451493,-2.8549635386691867
52.52,1.612903225806452,-6.774193548387096,0.0,-0.0,566.7845081960818,0.06376586608482418,-0.1014311979722774,-2.854414347826547
52.53,1.612903225806452,-6.774193548387096,0.0,-0.0,566.7753849768353,0.06381954402832901,-0.10124885350788837,-2.853871289026267
52.54,1.612903225806452,-6.774193548387096,0.0,-0.0,566.7662597326118,0.0638708036059612,-0.10107488032215262,-2.8533345751398085
52.55,1.612903225806452,-6.774193548387096,0.0,-0.0,566.757132556413,0.06391968895566105,-0.10090891726930984,-2.852804397705715
52.56,1.612903225806452,-6.774193548387096,0.0,-0.0,566.748003536323,0.0639662476509392,-0.10075061876498881,-2.8522809281677746
52.57,1.612903225806452,-6.774193548387096,0.0,-0.0,566.7388727558016,0.06401053017938826,-0.1005996540890754,-2.8517643190474296
52.58,1.612903225806452,-6.774193548387096,0.0,-0.0,566.7297402939587,0.06405258946923814,-0.10045570672153314,-2.8512547050570136
52.59,1.612903225806452,-6.774193548387096,0.0,-0.0,566.7206062258118,0.0640924804598838,-0.1003184737096785,-2.850752204154194
52.6,1.612903225806452,-6.774193548387096,0.0,-0.0,566.7114706225265,0.06413025971284841,-0.10018766506528587,-2.850256918541465
52.61,1.612903225806452,-6.774193548387096,0.0,-0.0,566.7023335516416,0.0641659850599296,-0.10006300318997985,-2.8497689356143834
52.62,1.612903225806452,-6.774193548387096,0.0,-0.0,566.6931950772808,0.06419971528542018,-0.09994422232757982,-2.8492883288600397
52.63,1.612903225806452,-6.774193548387096,0.0,-0.0,566.6840552603503,0.06423150983961609,-0.09983106804205338,-2.848815158708473
52.64,1.612903225806452,-6.774193548387096,0.0,-0.0,566.6749141587237,0.0642614285810908,-0.09972329671976232,-2.848349473340295
52.65,1.612903225806452,-6.774193548387096,0.0,-0.0,566.6657718274163,0.06428953154530448,-0.09962067509486394,-2.847891309451826
52.66,1.612903225806452,-6.774193548387096,0.0,-0.0,566.6566283187474,0.06431587873738531,-0.09952297979671743,-2.84744069298019
52.67,1.612903225806452,-6.774193548387096,0.0,-0.0,566.6474836824932,0.06434052994709416,-0.09942999691819232,-2.846997639790795
52.68,1.612903225806452,-6.774193548387096,0.0,-0.0,566.6383379660298,0.06436354458408194,-0.0993415216039002,-2.846562156328512
52.69,1.612903225806452,-6.774193548387096,0.0,-0.0,566.6291912144674,0.06438498153177863,-0.09925735765733368,-2.8461342402351026
52.7,1.612903225806452,-6.774193548387096,0.0,-0.0,566.6200434707762,0.06440489901827989,-0.09917731716605627,-2.845713880933666
52.71,1.612903225806452,-6.774193548387096,0.0,-0.0,566.6108947759045,0.06442335450284828,-0.09910122014400086,-2.8453010601828024
52.72,1.612903225806452,-6.774193548387096,0.0,-0.0,566.6017451688896,0.06444040457665312,-0.09902889419009231,-2.844895752601424
52.73,1.612903225806452,-6.774193548387096,0.0,-0.0,566.5925946869617,0.06445610487653503,-0.09896017416238656,-2.8444979261659404
52.74,1.612903225806452,-6.774193548387096,0.0,-0.0,566.5834433656416,0.06447051001063331,-0.09889490186700634,-2.844107542680814
52.75,1.612903225806452,-6.774193548387096,0.0,-0.0,566.5742912388329,0.0644836734948826,-0.09883292576111324,-2.843724558224624
52.76,1.612903225806452,-6.774193548387096,0.0,-0.0,566.5651383389071,0.0644956476993459,-0.09877410066930703,-2.843348923571812
52.77,1.612903225806452,-6.774193548387096,0.0,-0.0,566.5559846967857,0.06450648380358223,-0.09871828751272688,-2.842980584592668
52.78,1.612903225806452,-6.774193548387096,0.0,-0.0,566.5468303420157,0.06451623176014795,-0.09866535305032759,-2.8426194826313766
52.79,1.612903225806452,-6.774193548387096,0.0,-0.0,566.5376753028412,0.06452494026549183,-0.098615169631737,-2.842265554863431
52.8,1.612903225806452,-6.774193548387096,0.0,-0.0,1.0418419601079372,0.06453265673764522,-0.09856761496104938,-2.8419187346349335
52.81,1.612903225806452,-6.774193548387096,0.0,-0.0,566.5193632781403,0.06453942729989659,-0.09852257187120272,-2.8415789517820507
52.82,1.612903225806452,-6.774193548387096,0.0,-0.0,566.5102063431734,0.06454529677006346,-0.09847992810824141,-2.84124613293473
52.83,1.612903225806452,-6.774193548387096,0.0,-0.0,566.5010488250366,0.06455030865459915,-0.09843957612521226,-2.840920201802044
52.84,1.612903225806452,-6.774193548387096,0.0,-0.0,566.4918907463924,0.0645545051472512,-0.09840141288503024,-2.840601079443419
52.85,1.612903225806452,-6.774193548387096,0.0,-0.0,566.482732128949,0.06455792713164976,-0.09836533967204963,-2.84028868452392
52.86,1.612903225806452,-6.774193548387096,0.0,-0.0,566.4735729935072,0.06456061418751227,-0.09833126191182784,-2.839982933556066
52.87,1.612903225806452,-6.774193548387096,0.0,-0.0,566.4644133600044,0.06456260459997776,-0.09829908899879491,-2.839683741127292
52.88,1.612903225806452,-6.774193548387096,0.0,-0.0,0.9685756013933464,0.0645639353718166,-0.09826873413136195,-2.8393910201153414
52.89,1.612903225806452,-6.774193548387096,0.0,-0.0,566.4460926744954,0.06456464223813213,-0.098240114154176,-2.8391046818913135
52.9,1.612903225806452,-6.774193548387096,0.0,-0.0,566.4369316584099,0.06456475968326336,-0.09821314940718262,-2.838824636511106
52.91,1.612903225806452,-6.774193548387096,0.0,-0.0,566.4277702161767,0.06456432095958495,-0.09818776358121012,-2.838550792895375
52.92,1.612903225806452,-6.774193548387096,0.0,-0.0,566.4186083639954,0.06456335810804897,-0.09816388357968009,-2.838283059000044
52.93,1.612903225806452,-6.774193548387096,0.0,-0.0,566.4094461174194,0.06456190198010106,-0.09814143938629805,-2.838021341975733
52.94,1.612903225806452,-6.774193548387096,0.0,-0.0,0.9136058452224838,0.06455998226090665,-0.09812036393830725,-2.837765548318874
52.95,1.612903225806452,-6.774193548387096,0.0,-0.0,566.3911205002405,0.06455762749354271,-0.09810059300520058,-2.837515584012606
52.96,1.612903225806452,-6.774193548387096,0.0,-0.0,566.3819571577703,0.06455486510415648,-0.09808206507246975,-2.8372713546606305
52.97,1.612903225806452,-6.774193548387096,0.0,-0.0,566.3727934772222,0.06455172142772625,-0.09806472123036436,-2.8370327656112675
52.98,1.612903225806452,-6.774193548387096,0.0,-0.0,566.36362947133,0.06454822173450087,-0.09804850506721874,-2.836799722075537
52.99,1.612903225806452,-6.774193548387096,0.0,-0.0,566.3544651523358,0.06454439025675843,-0.0980333625673615,-2.836572129236126
53.0,1.612903225806452,-6.774193548387096,0.0,-0.0,0.8586228858489372,0.06454025021599241,-0.09801924201318224,-2.8363498923511377
53.01,1.612903225806452,-6.774193548387096,0.0,-0.0,566.3361356216795,0.06453582385021273,-0.0980060938913675,-2.8361329168497833
53.02,1.612903225806452,-6.774193548387096,0.0,-0.0,566.3269704322303,0.06453113244142611,-0.09799387080296385,-2.835921108422869
53.03,1.612903225806452,-6.774193548387096,0.0,-0.0,566.317804974142,0.06452619634308213,-0.09798252737721935,-2.835714373106435
53.04,1.612903225806452,-6.774193548387096,0.0,-0.0,566.3086392574971,0.06452103500751041,-0.09797202018893658,-2.835512617360476
53.05,1.612903225806452,-6.774193548387096,0.0,-0.0,566.2994732919991,0.06451566701318956,-0.09796230767926772,-2.835315748141635
53.06,1.612903225806452,-6.774193548387096,0.0,-0.0,566.2903070869876,0.06451011009185789,-0.09795335007972977,-2.8351236729713003
53.07,1.612903225806452,-6.774193548387096,0.0,-0.0,566.2811406514534,0.06450438115534515,-0.09794510933936312,-2.8349362999983434
53.08,1.612903225806452,-6.774193548387096,0.0,-0.0,566.2719739940525,0.06449849632213225,-0.09793754905484009,-2.8347535380576434
53.09,1.612903225806452,-6.774193548387096,0.0,-0.0,566.2628071231197,0.06449247094357485,-0.09793063440341587,-2.834575296724311
53.1,1.612903225806452,-6.774193548387096,0.0,-0.0,566.2536400466814,0.06448631962970741,-0.09792433207864337,-2.8344014863631384
53.11,1.612903225806452,-6.774193548387096,0.0,-0.0,566.2444727724675,0.06448005627466766,-0.0979186102286616,-2.8342320181746463
53.12,1.612903225806452,-6.774193548387096,0.0,-0.0,566.235305307923,0.06447369408166811,-0.09791343839698935,-2.8340668042372292
53.13,1.612903225806452,-6.774193548387096,0.0,-0.0,566.2261376602197,0.06446724558752037,-0.09790878746568932,-2.833905757546072
53.14,1.612903225806452,-6.774193548387096,0.0,-0.0,566.2169698362662,0.06446072268661529,-0.09790462960087432,-2.8337487920478677
53.15,1.612903225806452,-6.774193548387096,0.0,-0.0,566.2078018427181,0.06445413665443955,-0.09790093820036305,-2.8335958226730025
53.16,1.612903225806452,-6.774193548387096,0.0,-0.0,566.1986336859878,0.06444749817058268,-0.09789768784342284,-2.833446765364924
53.17,1.612903225806452,-6.774193548387096,0.0,-0.0,566.1894653722537,0.06444081734117238,-0.0978948542425625,-2.833301537106048
53.18,1.612903225806452,-6.774193548387096,0.0,-0.0,566.180296907469,0.06443410372078068,-0.09789241419724082,-2.8331600559411685
53.19,1.612903225806452,-6.774193548387096,0.0,-0.0,566.1711282973703,0.06442736633379384,-0.09789034554940895,-2.8330222409985013
53.2,1.612903225806452,-6.774193548387096,0.0,-0.0,566.1619595474853,0.06442061369520485,-0.097888627140848,-2.8328880125079445
53.21,1.612903225806452,-6.774193548387096,0.0,-0.0,566.1527906631409,0.06441385383087797,-0.09788723877217664,-2.8327572918174835
53.22,1.612903225806452,-6.774193548387096,0.0,-0.0,566.1436216494708,0.06440709429724734,-0.09788616116349658,-2.832630001407294
53.23,1.612903225806452,-6.774193548387096,0.0,-0.0,566.1344525114221,0.06440034220041327,-0.09788537591664492,-2.832506064901101
53.24,1.612903225806452,-6.774193548387096,0.0,-0.0,566.1252832537624,0.06439360421477197,-0.09788486547885777,-2.832385407076953
53.25,1.612903225806452,-6.774193548387096,0.0,-0.0,566.1161138810864,0.06438688660101238,-0.09788461310795338,-2.8322679538749105
53.26,1.612903225806452,-6.774193548387096,0.0,-0.0,566.1069443978223,0.06438019522362434,-0.09788460283883654,-2.832153632403909
53.27,1.612903225806452,-6.774193548387096,0.0,-0.0,566.0977748082373,0.06437353556781361,-0.09788481945137995,-2.8320423709461973
53.28,1.612903225806452,-6.774193548387096,0.0,-0.0,566.088605116444,0.06436691275593379,-0.09788524843952384,-2.831934098961031
53.29,1.612903225806452,-6.774193548387096,0.0,-0.0,566.0794353264056,0.0643603315633608,-0.09788587598162724,-2.8318287470864725
53.3,1.612903225806452,-6.774193548387096,0.0,-0.0,566.0702654419415,0.06435379643386246,-0.0978866889119745,-2.831726247140056
53.31,1.612903225806452,-6.774193548387096,0.0,-0.0,566.0610954667322,0.06434731149442777,-0.09788767469343762,-2.8316265321177245
53.32,1.612903225806452,-6.774193548387096,0.0,-0.0,566.0519254043245,0.06434088056964593,-0.09788882139116639,-2.831529536192366
53.33,1.612903225806452,-6.774193548387096,0.0,-0.0,566.0427552581359,0.06433450719555603,-0.09789011764735356,-2.8314351947106595
53.34,1.612903225806452,-6.774193548387096,0.0,-0.0,566.0335850314597,0.06432819463302189,-0.09789155265698846,-2.8313434441889913
53.35,1.612903225806452,-6.774193548387096,0.0,-0.0,566.0244147274689,0.06432194588064288,-0.09789311614456098,-2.8312542223084978
53.36,1.612903225806452,-6.774193548387096,0.0,-0.0,566.0152443492207,0.064315763687187,-0.09789479834170034,-2.8311674679089682
53.37,1.612903225806452,-6.774193548387096,0.0,-0.0,566.0060738996606,0.06430965056361218,-0.09789658996565964,-2.831083120982466
53.38,1.612903225806452,-6.774193548387096,0.0,-0.0,565.9969033816263,0.06430360879460167,-0.0978984821986949,-2.8310011226654668
53.39,1.612903225806452,-6.774193548387096,0.0,-0.0,565.9877327978515,0.06429764044968564,-0.09790046666824442,-2.8309214152304936
53.4,1.612903225806452,-6.774193548387096,0.0,-0.0,565.9785621509695,0.06429174739397542,-0.09790253542786354,-2.8308439420775167
53.41,1.612903225806452,-6.774193548387096,0.0,-0.0,565.9693914435169,0.06428593129845264,-0.09790468093894888,-2.8307686477241543
53.42,1.612903225806452,-6.774193548387096,0.0,-0.0,565.9602206779366,0.0642801936498634,-0.09790689605318903,-2.8306954777952886
53.43,1.612903225806452,-6.774193548387096,0.0,-0.0,565.9510498565816,0.06427453576026465,-0.09790917399567267,-2.8306243790127086
53.44,1.612903225806452,-6.774193548387096,0.0,-0.0,565.9418789817178,0.06426895877617417,-0.09791150834868978,-2.83055529918392
53.45,1.612903225806452,-6.774193548387096,0.0,-0.0,565.9327080555272,0.06426346368733626,-0.0979138930361978,-2.8304881871901597
53.46,1.612903225806452,-6.774193548387096,0.0,-0.0,565.9235370801109,0.06425805133517903,-0.09791632230886349,-2.8304229929746767
53.47,1.612903225806452,-6.774193548387096,0.0,-0.0,565.9143660574917,0.06425272242089372,-0.09791879072973547,-2.8303596675300704
53.48,1.612903225806452,-6.774193548387096,0.0,-0.0,0.4185173434544744,0.06424747751322038,-0.0979212931604525,-2.8302981628858563
53.49,1.612903225806452,-6.774193548387096,0.0,-0.0,565.896023878362,0.06424231705585315,-0.09792382474806172,-2.8302384320948133
53.5,1.612903225806452,-6.774193548387096,0.0,-0.0,565.8868527255306,0.06423724137462516,-0.09792638091227612,-2.830180429220424
53.51,1.612903225806452,-6.774193548387096,0.0,-0.0,565.8776815328598,0.06423225068430372,-0.0979289573333304,-2.830124109322702
53.52,1.612903225806452,-6.774193548387096,0.0,-0.0,565.8685103020209,0.06422734509513958,-0.09793154994028136,-2.830069428444491
53.53,1.612903225806452,-6.774193548387096,0.0,-0.0,565.8593390346224,0.06422252461915876,-0.09793415489975649,-2.83001634359791
53.54,1.612903225806452,-6.774193548387096,0.0,-0.0,565.8501677322117,0.06421778917611509,-0.09793676860522216,-2.8299648127496217
53.55,1.612903225806452,-6.774193548387096,0.0,-0.0,565.8409963962777,0.0642131385992416,-0.0979393876666278,-2.8299147948068613
53.56,1.612903225806452,-6.774193548387096,0.0,-0.0,565.8318250282524,0.06420857264074076,-0.097942008900475,-2.829866249603247
53.57,1.612903225806452,-6.774193548387096,0.0,-0.0,565.8226536295135,0.06420409097699445,-0.09794462932032766,-2.8298191378839226
53.58,1.612903225806452,-6.774193548387096,0.0,-0.0,565.813482201386,0.06419969321359001,-0.09794724612765615,-2.829773421291426
53.59,1.612903225806452,-6.774193548387096,0.0,-0.0,565.8043107451438,0.06419537889004548,-0.09794985670312928,-2.8297290623503644
53.6,1.612903225806452,-6.774193548387096,0.0,-0.0,565.795139262012,0.06419114748444285,-0.09795245859813645,-2.829686024453993
53.61,1.612903225806452,-6.774193548387096,0.0,-0.0,565.7859677531683,0.0641869984176866,-0.09795504952681933,-2.8296442718482697
53.62,1.612903225806452,-6.774193548387096,0.0,-0.0,565.7767962197449,0.06418293105770856,-0.0979576273582845,-2.829603769618183
53.63,1.612903225806452,-6.774193548387096,0.0,-0.0,565.7676246628301,0.06417894472338062,-0.09796019010923251,-2.8295644836726184
53.64,1.612903225806452,-6.774193548387096,0.0,-0.0,565.7584530834697,0.06417503868828475,-0.09796273593684773,-2.8295263807299307
53.65,1.612903225806452,-6.774193548387096,0.0,-0.0,565.7492814826685,0.06417121218428654,-0.09796526313199788,-2.8294894283033347
53.66,1.612903225806452,-6.774193548387096,0.0,-0.0,565.740109861392,0.06416746440495058,-0.09796777011270175,-2.829453594686574
53.67,1.612903225806452,-6.774193548387096,0.0,-0.0,565.7309382205679,0.06416379450875886,-0.09797025541789928,-2.829418848939203
53.68,1.612903225806452,-6.774193548387096,0.0,-0.0,565.7217665610868,0.06416020162221298,-0.09797271770143845,-2.8293851608726235
53.69,1.612903225806452,-6.774193548387096,0.0,-0.0,0.22591723764184404,0.06415668484273057,-0.09797515572636606,-2.829352501035418
53.7,1.612903225806452,-6.774193548387096,0.0,-0.0,565.7034231895427,0.06415324324143068,-0.09797756835942328,-2.829320840699345
53.71,1.612903225806452,-6.774193548387096,0.0,-0.0,565.6942514790899,0.06414987586577675,-0.09797995456577435,-2.829290151845437
53.72,1.612903225806452,-6.774193548387096,0.0,-0.0,565.6850797532034,0.064146581742069,-0.09798231340397268,-2.829260407149989
53.73,1.612903225806452,-6.774193548387096,0.0,-0.0,565.6759080126097,0.06414335987778286,-0.0979846440211658,-2.8292315799703247
53.74,1.612903225806452,-6.774193548387096,0.0,-0.0,565.6667362580065,0.06414020926386468,-0.0979869456484237,-2.8292036443319395
53.75,1.612903225806452,-6.774193548387096,0.0,-0.0,565.6575644900627,0.06413712887679479,-0.09798921759637791,-2.8291765749140763
53.76,1.612903225806452,-6.774193548387096,0.0,-0.0,565.6483927094201,0.06413411768063262,-0.09799145925095532,-2.8291503470369173
53.77,1.612903225806452,-6.774193548387096,0.0,-0.0,565.6392209166945,0.06413117462889142,-0.09799367006935367,-2.82912493664801
53.78,1.612903225806452,-6.774193548387096,0.0,-0.0,565.6300491124762,0.06412829866633785,-0.0979958495761647,-2.829100320309304
53.79,1.612903225806452,-6.774193548387096,0.0,-0.0,565.6208772973313,0.06412548873068188,-0.09799799735967324,-2.829076475184225
53.8,1.612903225806452,-6.774193548387096,0.0,-0.0,565.6117054718025,0.06412274375414831,-0.09800011306834211,-2.829053379024566
53.81,1.612903225806452,-6.774193548387096,0.0,-0.0,565.6025336364097,0.06412006266499257,-0.09800219640741542,-2.8290310101581158
53.82,1.612903225806452,-6.774193548387096,0.0,-0.0,565.5933617916515,0.06411744438892805,-0.09800424713567196,-2.8290093474764446
53.83,1.612903225806452,-6.774193548387096,0.0,-0.0,565.5841899380054,0.06411488785040162,-0.09800626506239046,-2.8289883704218464
53.84,1.612903225806452,-6.774193548387096,0.0,-0.0,565.5750180759286,0.06411239197390001,-0.09800825004434088,-2.8289680589761463
53.85,1.612903225806452,-6.774193548387096,0.0,-0.0,565.5658462058592,0.06410995568505984,-0.09801020198302823,-2.8289483936478717
53.86,1.612903225806452,-6.774193548387096,0.0,-0.0,565.5566743282167,0.06410757791181526,-0.09801212082195221,-2.8289293554613013
53.87,1.612903225806452,-6.774193548387096,0.0,-0.0,565.5475024434024,0.06410525758537117,-0.09801400654409353,-2.8289109259440974
53.88,1.612903225806452,-6.774193548387096,0.0,-0.0,565.5383305518008,0.06410299364119854,-0.09801585916942901,-2.8288930871164863
53.89,1.612903225806452,-6.774193548387096,0.0,-0.0,565.5291586537793,0.06410078501990574,-0.0980176787526188,-2.828875821479702
53.9,1.612903225806452,-6.774193548387096,0.0,-0.0,565.5199867496898,0.06409863066807894,-0.0980194653807715,-2.8288591120050706
53.91,1.612903225806452,-6.774193548387096,0.0,-0.0,565.5108148398687,0.06409652953904918,-0.09802121917132983,-2.828842942123047
53.92,1.612903225806452,-6.774193548387096,0.0,-0.0,565.5016429246375,0.06409448059361125,-0.09802294027004732,-2.8288272957125438
53.93,1.612903225806452,-6.774193548387096,0.0,-0.0,565.4924710043039,0.06409248280069768,-0.09802462884905305,-2.8288121570905593
53.94,1.612903225806452,-6.774193548387096,0.0,-0.0,565.4832990791615,0.0640905351379718,-0.0980262851050393,-2.828797511001529
53.95,1.612903225806452,-6.774193548387096,0.0,0.0,565.4741271494912,0.06408863659242603,-0.09802790925748395,-2.8287833426076547
53.96,1.612903225806452,-6.774193548387096,0.0,0.0,565.4649552155611,0.06408678616086674,-0.09802950154702494,-2.828769637478394
53.97,1.612903225806452,-6.774193548387096,0.0,0.0,565.4557832776273,0.06408498285043876,-0.09803106223383296,-2.8287563815813748
53.98,1.612903225806452,-6.774193548387096,0.0,0.0,565.4466113359343,0.06408322567899599,-0.09803259159617483,-2.82874356127179
53.99,1.612903225806452,-6.774193548387096,0.0,0.0,565.4374393907154,0.0640815136755758,-0.09803408992890805,-2.8287311632841265
54.0,1.612903225806452,-6.774193548387096,0.0,0.0,565.4282674421931,0.06407984588069338,-0.09803555754218973,-2.8287191747219116
54.01,1.612903225806452,-7.419354838709676,0.0,0.0,565.4190577419804,0.06357743571345459,-0.15147602171800378,-2.8293388225251097
54.02,1.612903225806452,-7.419354838709676,0.0,0.0,565.4098125398967,0.06313474388404888,-0.14976730016799245,-2.8298718850162468
54.03,1.612903225806452,-7.419354838709676,0.0,0.0,565.4005339412114,0.0627465492237633,-0.14813166076381173,-2.830323272978119
54.04,1.612903225806452,-7.419354838709676,0.0,0.0,565.3912239160194,0.062408013946478214,-0.14656574973925085,-2.8306976722372004
54.05,1.612903225806452,-7.419354838709676,0.0,0.0,565.3818843080743,0.06211466126791568,-0.14506638758295942,-2.830999552789897
54.06,1.612903225806452,-7.419354838709676,0.0,0.0,565.3725168430947,0.06186235353222591,-0.14363055902666066,-2.8312331775556725
54.07,1.612903225806452,-7.419354838709676,0.0,0.0,565.3631231365638,0.06164727097491621,-0.1422554035729131,-2.8314026107834733
54.08,1.612903225806452,-7.419354838709676,0.0,0.0,565.3537047010432,0.06146589122252144,-0.14093820655039657,-2.831511726134278
54.09,1.612903225806452,-7.419354838709676,0.0,0.0,565.3442629530227,0.06131496960465746,-0.13967639068115734,-2.831564214461612
54.1,1.612903225806452,-7.419354838709676,0.0,0.0,565.3347992193288,0.06119152033234185,-0.13846750814189562,-2.8315635913064767
54.11,1.612903225806452,-7.419354838709676,0.0,0.0,565.3253147431136,0.061092798578085306,-0.13730923309934429,-2.831513204123923
54.12,1.612903225806452,-7.419354838709676,0.0,0.0,565.3158106894479,0.06101628347717411,-0.1361993546987343,-2.8314162392535764
54.13,1.612903225806452,-7.419354838709676,0.0,0.0,565.3062881505406,0.060959662056285724,-0.1351357704834243,-2.8312757286468813
54.14,1.612903225806452,-7.419354838709676,0.0,0.0,565.2967481506064,0.060920814084131164,-0.13411648022362277,-2.8310945563589036
54.15,1.612903225806452,-7.419354838709676,0.0,0.0,565.2871916504024,0.060897797829805395,-0.13313958013188265,-2.8308754648142007
54.16,1.612903225806452,-7.419354838709676,0.0,0.0,565.2776195514557,0.06088883670701142,-0.13220325744334405,-2.830621060853849
54.17,1.612903225806452,-7.419354838709676,0.0,0.0,565.2680327000002,0.060892306776390154,-0.13130578533922566,-2.830333821568428
54.18,1.612903225806452,-7.419354838709676,0.0,0.0,565.2584318906428,0.0609067250739764,-0.13044551819242556,-2.8300160999244297
54.19,1.612903225806452,-7.419354838709676,0.0,0.0,565.2488178697769,0.06093073873033503,-0.12962088711506237,-2.8296701301874694
54.2,1.612903225806452,-7.419354838709676,0.0,0.0,565.2391913387588,0.06096311484285333,-0.1288303957884911,-2.829298033146958
54.21,1.612903225806452,-7.419354838709676,0.0,0.0,565.229552956866,0.06100273106250864,-0.12807261655708824,-2.8289018211486328
54.22,1.612903225806452,-7.419354838709676,0.0,0.0,-0.2667743021136253,0.061048566855500835,-0.12734618676838472,-2.8284834029359907
54.23,1.612903225806452,-7.419354838709676,0.0,0.0,565.210243083495,0.06109969540060983,-0.12664980534266823,-2.8280445883077987
54.24,1.612903225806452,-7.419354838709676,0.0,0.0,565.2005727240117,0.06115527608339941,-0.12598222955640503,-2.8275870925949516
54.25,1.612903225806452,-7.419354838709676,0.0,0.0,565.1908927822502,0.06121454754933903,-0.12534227202475312,-2.8271125409605826
54.26,1.612903225806452,-7.419354838709676,0.0,0.0,565.1812037447721,0.06127682127919454,-0.12472879786931235,-2.826622472528382
54.27,1.612903225806452,-7.419354838709676,0.0,0.0,565.1715060699765,0.06134147565145598,-0.1241407220581825,-2.82611834434403
54.28,1.612903225806452,-7.419354838709676,0.0,0.0,565.1618001898947,0.06140795045808134,-0.12357700690634454,-2.8256015351737704
54.29,1.612903225806452,-7.419354838709676,0.0,0.0,565.1520865118624,0.06147574184156926,-0.12303665972517408,-2.8250733491450153
54.3,1.612903225806452,-7.419354838709676,0.0,0.0,565.1423654200788,0.06154439762312566,-0.12251873061067342,-2.8245350192341907
54.31,1.612903225806452,-7.419354838709676,0.0,0.0,565.1326372770595,0.061613512993326014,-0.12202231036088274,-2.8239877106054947
54.32,1.612903225806452,-7.419354838709676,0.0,0.0,-0.3637752211703934,0.061682726538663635,-0.12154652851339354,-2.8234325238077167
54.33,1.612903225806452,-7.419354838709676,0.0,0.0,565.1131611870015,0.061751716578699156,-0.12109055149494063,-2.822870497830913
54.34,1.612903225806452,-7.419354838709676,0.0,0.0,565.1034138683274,0.06182019779060627,-0.12065358087525024,-2.8223026130305886
54.35,1.612903225806452,-7.419354838709676,0.0,0.0,565.093660757428,0.06188791809919503,-0.12023485171821147,-2.821729793922654
54.36,1.612903225806452,-7.419354838709676,0.0,0.0,-0.4027755191554057,0.06195465581215767,-0.11983363102384381,-2.821152911854284
54.37,1.612903225806452,-7.419354838709676,0.0,0.0,565.0741382349762,0.062020216981739956,-0.11944921625501825,-2.8205727875558075
54.38,1.612903225806452,-7.419354838709676,0.0,0.0,-0.4223083208137348,0.06208443297532945,-0.11908093394344033,-2.819990193577537
54.39,1.612903225806452,-7.419354838709676,0.0,0.0,565.0545956290831,0.06214715823884928,-0.11872813836971363,-2.819405856616794
54.4,1.612903225806452,-7.419354838709676,0.0,0.0,565.0448173648624,0.06220826823799877,-0.11839021031275976,-2.818820459739466
54.41,1.612903225806452,-7.419354838709676,0.0,0.0,565.0350347398312,0.06226765756350375,-0.11806655586423254,-2.8182346445001913
54.42,1.612903225806452,-7.419354838709676,0.0,0.0,565.0252479502795,0.06232523818759614,-0.11775660530389898,-2.8176490129651177
54.43,1.612903225806452,-7.419354838709676,0.0,0.0,565.0154571822857,0.062380937860054775,-0.11745981203212885,-2.8170641296428784
54.44,1.612903225806452,-7.419354838709676,0.0,0.0,-0.4810150338463552,0.06243469863277687,-0.11717565155618637,-2.8164805233255064
54.45,1.612903225806452,-7.419354838709676,0.0,0.0,564.9958644077901,0.06248647550301753,-0.11690362052695313,-2.815898688845312
54.46,1.612903225806452,-7.419354838709676,0.0,0.0,564.9860627276031,0.06253623516592369,-0.11664323582322944,-2.815319088749623
54.47,1.612903225806452,-7.419354838709676,0.0,0.0,564.9762577226234,0.06258395486797186,-0.11639403368072543,-2.8147421548986475
54.48,1.612903225806452,-7.419354838709676,0.0,0.0,564.9664495361529,0.06262962135336392,-0.1161555688632615,-2.814168289988637
54.49,1.612903225806452,-7.419354838709676,0.0,0.0,564.9566383043616,0.06267322989623103,-0.11592741387370498,-2.813597869004758
54.5,1.612903225806452,-7.419354838709676,0.0,0.0,564.9468241566932,0.06271478341188871,-0.11570915820250471,-2.8130312406056626
54.51,1.612903225806452,-7.419354838709676,0.0,0.0,564.9370072162465,0.06275429164106439,-0.11550040761168323,-2.8124687284436707
54.52,1.612903225806452,-7.419354838709676,0.0,0.0,564.9271876001332,0.0627917704015063,-0.1153007834522779,-2.8119106324244325
54.53,1.612903225806452,-7.419354838709676,0.0,0.0,564.9173654198129,0.06282724090151759,-0.11510992201365944,-2.8113572299057283
54.54,1.612903225806452,-7.419354838709676,0.0,0.0,564.9075407814084,0.06286072911094956,-0.11492747390269042,-2.8108087768426655
54.55,1.612903225806452,-7.419354838709676,0.0,0.0,564.8977137860011,0.06289226518488286,-0.11475310345147571,-2.8102655088774116
54.56,1.612903225806452,-7.419354838709676,0.0,0.0,564.8878845299081,0.0629218829361573,-0.11458648815197003,-2.8097276423792326
54.57,1.612903225806452,-7.419354838709676,0.0,0.0,564.8780531049435,0.06294961935284554,-0.11442731811618168,-2.8091953754354626
54.58,1.612903225806452,-7.419354838709676,0.0,0.0,564.8682195986629,0.06297551415721642,-0.11427529556063909,-2.808668888795991
54.59,1.612903225806452,-7.419354838709676,0.0,0.0,564.8583840945935,0.06299960940305077,-0.11413013431381802,-2.8081483467743986
54.6,1.612903225806452,-7.419354838709676,0.0,0.0,564.8485466724504,0.06302194910819561,-0.11399155934552296,-2.80763389810584
54.61,1.612903225806452,-7.419354838709676,0.0,0.0,564.83870740834,0.06304257891977338,-0.11385930631698093,-2.807125676765629
54.62,1.612903225806452,-7.419354838709676,0.0,0.0,564.8288663749512,0.06306154580946316,-0.11373312115067835,-2.8066238027496717
54.63,1.612903225806452,-7.419354838709676,0.0,0.0,564.8190236417349,0.06307889779645467,-0.11361275961904038,-2.8061283828176733
54.64,1.612903225806452,-7.419354838709676,0.0,0.0,564.8091792750736,0.06309468369601803,-0.11349798695093793,-2.8056395112021377
54.65,1.612903225806452,-7.419354838709676,0.0,0.0,564.7993333384403,0.06310895289169324,-0.1133885774551655,-2.8051572702847016
54.66,1.612903225806452,-7.419354838709676,0.0,0.0,564.7894858925487,0.0631217551291191,-0.11328431416021312,-2.8046817312395884
54.67,1.612903225806452,-7.419354838709676,0.0,0.0,564.7796369954938,0.06313314032999526,-0.1131849884693632,-2.8042129546481878
54.68,1.612903225806452,-7.419354838709676,0.0,0.0,564.7697867028854,0.06314315842448451,-0.11309039983050428,-2.803750991084616
54.69,1.612903225806452,-7.419354838709676,0.0,0.0,564.7599350679728,0.063151859200554,-0.11300035542001186,-2.803295881673054
54.7,1.612903225806452,-7.419354838709676,0.0,0.0,564.7500821417631,0.06315929216910918,-0.11291466983984533,-2.8028476586206716
54.71,1.612903225806452,-7.419354838709676,0.0,0.0,564.7402279731318,0.06316550644338906,-0.11283316482752137,-2.802406345723743
54.72,1.612903225806452,-7.419354838709676,0.0,0.0,564.7303726089286,0.06317055063176827,-0.11275566897807987,-2.801971958851878
54.73,1.612903225806452,-7.419354838709676,0.0,0.0,564.7205160940755,0.06317447274262089,-0.11268201747775919,-2.801544506407978
54.74,1.612903225806452,-7.419354838709676,0.0,0.0,564.71065847166,0.06317732010046839,-0.1126120518486432,-2.8011239897675893
54.75,1.612903225806452,-7.419354838709676,0.0,0.0,564.700799783024,0.06317913927242574,-0.11254561970384569,-2.8007104036977695
54.76,1.612903225806452,-7.419354838709676,0.0,0.0,564.6909400678456,0.0631799760040116,-0.11248257451284405,-2.80030373675529
54.77,1.612903225806452,-7.419354838709676,0.0,0.0,564.6810793642188,0.06317987516370191,-0.11242277537634382,-2.7999039716671503
54.78,1.612903225806452,-7.419354838709676,0.0,0.0,564.6712177087268,0.06317888069538688,-0.11236608681035753,-2.799511085692787
54.79,1.612903225806452,-7.419354838709676,0.0,0.0,564.6613551365122,0.06317703557806023,-0.1123123785390866,-2.799125050968828
54.8,1.612903225806452,-7.419354838709676,0.0,0.0,564.6514916813433,0.06317438179220194,-0.11226152529613398,-2.798745834838193
54.81,1.612903225806452,-7.419354838709676,0.0,0.0,-0.8450502704861345,0.06317096029219935,-0.11221340663375479,-2.798373400163282
54.82,1.612903225806452,-7.419354838709676,0.0,0.0,564.6317622507163,0.06316681098429322,-0.11216790673977295,-2.798007705624189
54.83,1.612903225806452,-7.419354838709676,0.0,0.0,564.6218963364696,0.06316197270958415,-0.11212491426179982,-2.797648706002977
54.84,1.612903225806452,-7.419354838709676,0.0,0.0,564.6120296618004,0.06315648323160841,-0.11208432213846953,-2.797296352454196
54.85,1.612903225806452,-7.419354838709676,0.0,0.0,564.6021622544794,0.06315037922809899,-0.1120460274373477,-2.7969505927627325
54.86,1.612903225806452,-7.419354838709676,0.0,0.0,564.5922941412313,0.06314369628647917,-0.11200993119928815,-2.796611371588776
54.87,1.612903225806452,-7.419354838709676,0.0,0.0,564.5824253477803,0.06313646890281033,-0.11197593828887531,-2.7962786307014955
54.88,1.612903225806452,-7.419354838709676,0.0,0.0,564.5725558988927,0.06312873048380849,-0.11194395725074635,-2.795952309201272
54.89,1.612903225806452,-7.419354838709676,0.0,0.0,564.5626858184174,0.0631205133516021,-0.111913900171555,-2.7956323437307766
54.9,1.612903225806452,-7.419354838709676,0.0,0.0,564.5528151293246,0.06311184875103257,-0.1118856825472585,-2.795318668676403
54.91,1.612903225806452,-7.419354838709676,0.0,0.0,564.5429438537419,0.06310276685913266,-0.11185922315559749,-2.795011216359268
54.92,1.612903225806452,-7.419354838709676,0.0,0.0,564.5330720129896,0.06309329679660741,-0.11183444393348763,-2.7947099172170136
54.93,1.612903225806452,-7.419354838709676,0.0,0.0,564.5231996276129,0.06308346664106643,-0.11181126985914047,-2.7944146999765014
54.94,1.612903225806452,-7.419354838709676,0.0,0.0,564.5133267174142,0.0630733034418493,-0.1117896288386725,-2.794125491818362
54.95,1.612903225806452,-7.419354838709676,0.0,0.0,564.5034533014821,0.06306283323615372,-0.1117694515971106,-2.7938422185325376
54.96,1.612903225806452,-7.419354838709676,0.0,0.0,564.4935793982199,0.06305208106638449,-0.1117506715735247,-2.793564804666318
54.97,1.612903225806452,-7.419354838709676,0.0,0.0,564.4837050253733,0.063041070998583,-0.11173322482009418,-2.7932931736654534
54.98,1.612903225806452,-7.419354838709676,0.0,0.0,564.4738302000552,0.06302982614164215,-0.11171704990509257,-2.79302724800685
54.99,1.612903225806452,-7.419354838709676,0.0,0.0,564.4639549387708,0.06301836866734839,-0.111702087819459,-2.7927669493253386
55.0,1.612903225806452,-7.419354838709676,0.0,0.0,-1.0325983887220298,0.06300671983101538,-0.11168828188691537,-2.792512198533447
55.01,1.612903225806452,-7.419354838709676,0.0,0.0,564.4442031714234,0.06299489999265398,-0.11167557767743264,-2.792262915935157
55.02,1.612903225806452,-7.419354838709676,0.0,0.0,564.4343266955362,0.06298292863852681,-0.11166392292395488,-2.7920190213333527
55.03,1.612903225806452,-7.419354838709676,0.0,0.0,564.4244498440762,0.0629708244030319,-0.11165326744221393,-2.791780434131679
55.04,1.612903225806452,-7.419354838709676,0.0,0.0,564.414572630839,0.06295860509080056,-0.11164356305353818,-2.7915470734307317
55.05,1.612903225806452,-7.419354838709676,0.0,0.0,564.4046950691375,0.06294628769896041,-0.11163476351050816,-2.7913188581191517
55.06,1.612903225806452,-7.419354838709676,0.0,0.0,564.3948171718197,0.06293388843947229,-0.11162682442536342,-2.79109570695964
55.07,1.612903225806452,-7.419354838709676,0.0,0.0,564.3849389512857,0.06292142276148799,-0.11161970320104364,-2.7908775386702263
55.08,1.612903225806452,-7.419354838709676,0.0,0.0,564.3750604195037,0.06290890537364052,-0.11161335896478708,-2.7906642720006563
55.09,1.612903225806452,-7.419354838709676,0.0,0.0,564.365181588026,0.06289635026627266,-0.11160775250413113,-2.7904558258047985
55.1,1.612903225806452,-7.419354838709676,0.0,0.0,564.3553024680032,0.06288377073347035,-0.11160284620530425,-2.7902521191082283
55.11,1.612903225806452,-7.419354838709676,0.0,0.0,564.345423070199,0.06287117939496281,-0.11159860399381571,-2.7900530711724345
55.12,1.612903225806452,-7.419354838709676,0.0,0.0,564.3355434050038,0.06285858821778553,-0.11159499127722028,-2.7898586015550326
55.13,1.612903225806452,-7.419354838709676,0.0,0.0,564.3256634824478,0.0628460085376445,-0.11159197489000472,-2.7896686301658105
55.14,1.612903225806452,-7.419354838709676,0.0,0.0,564.3157833122134,0.06283345108003613,-0.11158952304042957,-2.7894830773197974
55.15,1.612903225806452,-7.419354838709676,0.0,0.0,564.3059029036477,0.06282092598105002,-0.11158760525930012,-2.7893018637869478
55.16,1.612903225806452,-7.419354838709676,0.0,0.0,564.2960222657738,0.0628084428077745,-0.11158619235064515,-2.7891249108379017
55.17,1.612903225806452,-7.419354838709676,0.0,0.0,564.2861414073018,0.06279601057843623,-0.11158525634408867,-2.788952140287795
55.18,1.612903225806452,-7.419354838709676,0.0,0.0,564.2762603366402,0.06278363778212445,-0.11158477044897408,-2.7887834745366558
55.19,1.612903225806452,-7.419354838709676,0.0,0.0,564.2663790619057,0.062771332398048,-0.11158470901021766,-2.7886188366060787
55.2,1.612903225806452,-7.419354838709676,0.0,0.0,564.256497590933,0.06275910191452899,-0.11158504746561104,-2.7884581501749066
55.21,1.612903225806452,-7.419354838709676,0.0,0.0,564.246615931285,0.0627469533474968,-0.1115857623047416,-2.7883013396113214
55.22,1.612903225806452,-7.419354838709676,0.0,0.0,564.2367340902613,0.06273489325855094,-0.11158683102939704,-2.7881483300023695
55.23,1.612903225806452,-7.419354838709676,0.0,0.0,564.2268520749076,0.06272292777265004,-0.11158823211533442,-2.7879990471818297
55.24,1.612903225806452,-7.419354838709676,0.0,0.0,564.2169698920239,0.06271106259533052,-0.11158994497545649,-2.7878534177553944
55.25,1.612903225806452,-7.419354838709676,0.0,0.0,564.2070875481729,0.06269930302948795,-0.11159194992430688,-2.7877113691237256
55.26,1.612903225806452,-7.419354838709676,0.0,0.0,564.197205049688,0.0626876539917853,-0.11159422814376962,-2.7875728295042763
55.27,1.612903225806452,-7.419354838709676,0.0,0.0,564.1873224026807,0.0626761200284808,-0.11159676165013599,-2.7874377279494733
55.28,1.612903225806452,-7.419354838709676,0.0,0.0,564.1774396130483,0.06266470533099605,-0.11159953326217231,-2.787305994365227
55.29,1.612903225806452,-7.419354838709676,0.0,0.0,564.1675566864806,0.06265341375089614,-0.11160252657047653,-2.7871775595258588
55.3,1.612903225806452,-7.419354838709676,0.0,0.0,564.1576736284674,0.06264224881454764,-0.1116057259078197,-2.7870523550887336
55.31,1.612903225806452,-7.419354838709676,0.0,0.0,564.1477904443046,0.06263121373726116,-0.11160911632062931,-2.786930313606278
55.32,1.612903225806452,-7.419354838709676,0.0,0.0,564.1379071391009,0.06262031143704352,-0.11161268354145615,-2.7868113685369456
55.33,1.612903225806452,-7.419354838709676,0.0,0.0,564.1280237177839,0.06260954454798406,-0.1116164139623681,-2.786695454255428
55.34,1.612903225806452,-7.419354838709676,0.0,0.0,564.118140185106,0.06259891543307325,-0.111620294609444,-2.786582506059688
55.35,1.612903225806452,-7.419354838709676,0.0,0.0,564.1082565456504,0.06258842619680643,-0.11162431311798526,-2.7864724601790827
55.36,1.612903225806452,-7.419354838709676,0.0,0.0,564.0983728038366,0.06257807869719581,-0.1116284577087987,-2.7863652537789863
55.37,1.612903225806452,-7.419354838709676,0.0,0.0,564.0884889639257,0.06256787455754204,-0.11163271716517242,-2.7862608249661807
55.38,1.612903225806452,-7.419354838709676,0.0,0.0,564.0786050300258,0.06255781517769304,-0.11163708081079571,-2.7861591127916667
55.39,1.612903225806452,-7.419354838709676,0.0,0.0,564.0687210060969,0.06254790174499386,-0.11164153848839731,-2.7860600572533354
55.4,1.612903225806452,-7.419354838709676,0.0,0.0,564.058836895956,0.06253813524483118,-0.11164608053917746,-2.7859635992973115
55.41,1.612903225806452,-7.419354838709676,0.0,0.0,564.0489527032817,0.06252851647081878,-0.11165069778297076,-2.7858696808184757
55.42,1.612903225806452,-7.419354838709676,0.0,0.0,564.0390684316185,0.0625190460346034,-0.11165538149913945,-2.7857782446598716
55.43,1.612903225806452,-7.419354838709676,0.0,0.0,564.0291840843819,0.06250972437536448,-0.1116601234081096,-2.78568923461185
55.44,1.612903225806452,-7.419354838709676,0.0,0.0,564.019299664862,0.06250055176890362,-0.11166491565363756,-2.7856025954096277
55.45,1.612903225806452,-7.419354838709676,0.0,0.0,564.0094151762283,0.06249152833646404,-0.11166975078565222,-2.785518272730901
55.46,1.612903225806452,-7.419354838709676,0.0,0.0,563.9995306215332,0.062482654053164804,-0.11167462174377296,-2.785436213192078
55.47,1.612903225806452,-7.419354838709676,0.0,0.0,563.989646003716,0.06247392875617261,-0.11167952184136976,-2.7853563643445347
55.48,1.612903225806452,-7.419354838709676,0.0,0.0,563.9797613256068,0.062465352152486525,-0.11168444475027528,-2.7852786746693474
55.49,1.612903225806452,-7.419354838709676,0.0,0.0,563.9698765899301,0.062456923826523486,-0.11168938448595223,-2.7852030935726955
55.5,1.612903225806452,-7.419354838709676,0.0,0.0,563.9599917993082,0.06244864324730556,-0.11169433539330131,-2.78512957137947
55.51,1.612903225806452,-7.419354838709676,0.0,0.0,563.9501069562651,0.062440509775464836,-0.11169929213288587,-2.7850580593276293
55.52,1.612903225806452,-7.419354838709676,0.0,0.0,563.940222063229,0.06243252266981825,-0.11170424966781012,-2.78498850956026
55.53,1.612903225806452,-7.419354838709676,0.0,0.0,563.9303371225363,0.06242468109388091,-0.1117092032508733,-2.784920875119697
55.54,1.612903225806452,-7.419354838709676,0.0,0.0,563.9204521364343,0.06241698412191837,-0.11171414841239058,-2.7848551099388508
55.55,1.612903225806452,-7.419354838709676,0.0,0.0,563.9105671070839,0.062409430744858246,-0.11171908094835281,-2.784791168833508
55.56,1.612903225806452,-7.419354838709676,0.0,0.0,563.9006820365635,0.06240201987596486,-0.11172399690901302,-2.7847290074944056
55.57,1.612903225806452,-7.419354838709676,0.0,0.0,563.8907969268707,0.0623947503561805,-0.11172889258798879,-2.7846685824778326
55.58,1.612903225806452,-7.419354838709676,0.0,0.0,563.880911779926,0.06238762095933012,-0.11173376451167738,-2.784609851197072
55.59,1.612903225806452,-7.419354838709676,0.0,0.0,563.8710265975745,0.062380630397045334,-0.11173860942911995,-2.7845527719128853
55.6,1.612903225806452,-7.419354838709676,0.0,0.0,563.8611413815894,0.06237377732352886,-0.11174342430218887,-2.784497303724426
55.61,1.612903225806452,-7.419354838709676,0.0,0.0,563.8512561336738,0.06236706034004344,-0.11174820629620741,-2.784443406559128
55.62,1.612903225806452,-7.419354838709676,0.0,0.0,-1.645306790699359,0.062360477999216374,-0.11175295277090491,-2.784391041162612
55.63,1.612903225806452,-7.419354838709676,0.0,0.0,563.8314855485287,0.062354028809197076,-0.11175766127166509,-2.7843401690889746
55.64,1.612903225806452,-7.419354838709676,0.0,0.0,563.8216002143774,0.06234771123759658,-0.11176232952113352,-2.7842907526905636
55.65,1.612903225806452,-7.419354838709676,0.0,0.0,563.8117148544567,0.06234152371518789,-0.11176695541119974,-2.784242755106927
55.66,1.612903225806452,-7.419354838709676,0.0,0.0,563.8018294701549,0.0623354646395253,-0.11177153699519238,-2.784196140254759
55.67,1.612903225806452,-7.419354838709676,0.0,0.0,563.791944062804,0.06232953237833708,-0.11177607248042765,-2.7841508728170536
55.68,1.612903225806452,-7.419354838709676,0.0,0.0,563.7820586336813,0.06232372527276375,-0.11178056022103522,-2.784106918232271
55.69,1.612903225806452,-7.419354838709676,0.0,0.0,563.7721731840119,0.06231804164045801,-0.1117849987110413,-2.784064242683644
55.7,1.612903225806452,-7.419354838709676,0.0,0.0,563.7622877149695,0.06231247977848442,-0.11178938657776605,-2.784022813087849
55.71,1.612903225806452,-7.419354838709676,0.0,0.0,563.7524022276793,0.06230703796615905,-0.111793722575394,-2.78398259708464
55.72,1.612903225806452,-7.419354838709676,0.0,0.0,563.7425167232193,0.062301714467642905,-0.11179800557889619,-2.7839435630251934
55.73,1.612903225806452,-7.419354838709676,0.0,0.0,563.7326312026217,0.062296507534485845,-0.11180223457810856,-2.7839056799614386
55.74,1.612903225806452,-7.419354838709676,0.0,0.0,563.7227456668752,0.06229141540799207,-0.1118064086720878,-2.7838689176348046
55.75,1.612903225806452,-7.419354838709676,0.0,0.0,563.7128601169258,0.0622864363214696,-0.111810527063682,-2.78383324646507
55.76,1.612903225806452,-7.419354838709676,0.0,0.0,563.7029745536788,0.06228156850238806,-0.1118145890542892,-2.7837986375395567
55.77,1.612903225806452,-7.419354838709676,0.0,0.0,563.6930889780004,0.06227681017437228,-0.1118185940388694,-2.783765062601764
55.78,1.612903225806452,-7.419354838709676,0.0,0.0,563.6832033907189,0.06227215955912338,-0.11182254150112148,-2.7837324940404824
55.79,1.612903225806452,-7.419354838709676,0.0,0.0,563.6733177926259,0.062267614878222854,-0.1118264310088617,-2.7837009048788204
55.8,1.612903225806452,-7.419354838709676,0.0,0.0,563.6634321844781,0.06226317435480547,-0.11183026220961867,-2.7836702687629287
55.81,1.612903225806452,-7.419354838709676,0.0,0.0,563.6535465669982,0.06225883621518155,-0.11183403482635956,-2.783640559951338
55.82,1.612903225806452,-7.419354838709676,0.0,0.0,563.6436609408764,0.06225459869034558,-0.11183774865341023,-2.783611753304125
55.83,1.612903225806452,-7.419354838709676,0.0,0.0,563.6337753067716,0.06225046001737514,-0.11184140355256156,-2.7835838242719064
55.84,1.612903225806452,-7.419354838709676,0.0,0.0,563.6238896653123,0.062246418440771695,-0.11184499944930804,-2.7835567488852444
55.85,1.612903225806452,-7.419354838709676,0.0,0.0,563.6140040170981,0.06224247221368032,-0.1118485363292816,-2.783530503743667
55.86,1.612903225806452,-7.419354838709676,0.0,0.0,563.6041183627005,0.06223861959909596,-0.11185201423476687,-2.783505066005563
55.87,1.612903225806452,-7.419354838709676,0.0,0.0,563.5942327026644,0.0622348588709177,-0.11185543326143943,-2.7834804133772506
55.88,1.612903225806452,-7.419354838709676,0.0,0.0,563.5843470375085,0.062231188314986835,-0.11185879355518491,-2.7834565241028146
55.89,1.612903225806452,-7.419354838709676,0.0,0.0,563.5744613677266,0.06222760623000828,-0.11186209530910074,-2.783433376953471
55.9,1.612903225806452,-7.419354838709676,0.0,0.0,563.5645756937887,0.06222411092845179,-0.11186533876057903,-2.783410951217594
55.91,1.612903225806452,-7.419354838709676,0.0,0.0,563.5546900161419,0.062220700737390555,-0.11186852418851567,-2.7833892266908413
55.92,1.612903225806452,-7.419354838709676,0.0,0.0,563.544804335211,0.06221737399919225,-0.11187165191072335,-2.783368183665367
55.93,1.612903225806452,-7.419354838709676,0.0,0.0,563.5349186513996,0.06221412907226695,-0.11187472228134765,-2.7833478029205008
55.94,1.612903225806452,-7.419354838709676,0.0,0.0,563.525032965091,0.06221096433170181,-0.11187773568845105,-2.7833280657128556
55.95,1.612903225806452,-7.419354838709676,0.0,0.0,563.5151472766487,0.06220787816983375,-0.11188069255171329,-2.7833089537664377
55.96,1.612903225806452,-7.419354838709676,0.0,0.0,563.5052615864175,0.062204868996809604,-0.11188359332019837,-2.783290449263324
55.97,1.612903225806452,-7.419354838709676,0.0,0.0,563.4953758947242,0.06220193524105988,-0.11188643847025725,-2.7832725348340044
55.98,1.612903225806452,-7.419354838709676,0.0,0.0,563.4854902018782,0.0621990753497462,-0.11188922850350935,-2.783255193548071
55.99,1.612903225806452,-7.419354838709676,0.0,0.0,563.4756045081721,0.062196287789174076,-0.11189196394490464,-2.7832384089051416
56.0,1.612903225806452,-7.419354838709676,0.0,0.0,563.4657188138826,0.062193571045136065,-0.1118946453409041,-2.7832221648255664
56.01,1.612903225806452,-8.064516129032256,0.0,0.0,-2.0308783307153893,0.06173956740602579,-0.16552592419031342,-2.7837646587986704
56.02,1.612903225806452,-8.064516129032256,0.0,0.0,563.4458478916598,0.0613355894455386,-0.16399522579839176,-2.7842337720526684
56.03,1.612903225806452,-8.064516129032256,0.0,0.0,563.4358663055439,0.06097740952367406,-0.16252556862720502,-2.7846332835919916
56.04,1.612903225806452,-8.064516129032256,0.0,0.0,563.4258562116373,0.06066109899376612,-0.1611143070409481,-2.7849668169983675
56.05,1.612903225806452,-8.064516129032256,0.0,0.0,563.4158191628643,0.06038301145289926,-0.1597589296723435,-2.7852378463549656
56.06,1.612903225806452,-8.064516129032256,0.0,0.0,563.4057566170121,0.060139766372285075,-0.1584570517569046,-2.785449701870122
56.07,1.612903225806452,-8.064516129032256,0.0,0.0,563.3956699428255,0.05992823318783949,-0.15720640787791784,-2.7856055752301936
56.08,1.612903225806452,-8.064516129032256,0.0,0.0,563.385560425734,0.059745515915053005,-0.1560048451108097,-2.7857085247121276
56.09,1.612903225806452,-8.064516129032256,0.0,-0.0,563.3754292732276,0.05958893833739917,-0.15485031655414605,-2.7857614800798216
56.1,1.612903225806452,-8.064516129032256,0.0,-0.0,563.3652776198986,0.05945602980476697,-0.15374087523319924,-2.7857672472861665
56.11,1.612903225806452,-8.064516129032256,0.0,-0.0,563.3551065321635,0.05934451166701013,-0.1526746683612511,-2.7857285129982214
56.12,1.612903225806452,-8.064516129032256,0.0,-0.0,563.3449170126837,0.05925228435796673,-0.15164993194310727,-2.7856478489614322
56.13,1.612903225806452,-8.064516129032256,0.0,-0.0,563.3347100045,0.059177415136641986,-0.15066498570506015,-2.785527716214806
56.14,1.612903225806452,-8.064516129032256,0.0,-0.0,563.3244863948969,0.059118126484944244,-0.14971822833535453,-2.785370469167057
56.15,1.612903225806452,-8.064516129032256,0.0,-0.0,563.3142470190124,0.05907278515530737,-0.14880813301904927,-2.785178359543612
56.16,1.612903225806452,-8.064516129032256,0.0,-0.0,563.3039926632093,0.05903989185606631,-0.14793324325159207,-2.7849535402094743
56.17,1.612903225806452,-8.064516129032256,0.0,-0.0,563.2937240682209,0.059018071558466445,-0.147092168915416,-2.784698068874612
56.18,1.612903225806452,-8.064516129032256,0.0,-0.0,563.2834419320861,0.05900606440562367,-0.1462835826043999,-2.7844139116853466
56.19,1.612903225806452,-8.064516129032256,0.0,-0.0,563.2731469128883,0.05900271720130751,-0.14550621618129778,-2.784102946706383
56.2,1.612903225806452,-8.064516129032256,0.0,-0.0,563.262839631308,0.05900697545433767,-0.14475885755389473,-2.7837669672956227
56.21,1.612903225806452,-8.064516129032256,0.0,-0.0,563.2525206730049,0.059017875953096655,-0.14404034765616347,-2.7834076853739287
56.22,1.612903225806452,-8.064516129032256,0.0,-0.0,563.2421905908382,0.059034539843998535,-0.1433495776211431,-2.7830267345932556
56.23,1.612903225806452,-8.064516129032256,0.0,-0.0,563.2318499069363,0.059056166187082954,-0.1426854861331962,-2.78262567340279
56.24,1.612903225806452,-8.064516129032256,0.0,-0.0,563.2214991146283,0.059082025962332946,-0.1420470569475134,-2.782205988017407
56.25,1.612903225806452,-8.064516129032256,0.0,-0.0,563.2111386802436,0.05911145650022995,-0.14143331656578584,-2.7817690952880993
56.26,1.612903225806452,-8.064516129032256,0.0,-0.0,563.2007690447914,0.05914385631086147,-0.14084333205736577,-2.781316345476756
56.27,1.612903225806452,-8.064516129032256,0.0,-0.0,563.1903906255262,0.05917868028658618,-0.1402762090159395,-2.780849024936966
56.28,1.612903225806452,-8.064516129032256,0.0,-0.0,563.1800038174094,0.05921543525421208,-0.1397310896423044,-2.780368358703156
56.29,1.612903225806452,-8.064516129032256,0.0,-0.0,563.1696089944726,0.05925367585348296,-0.13920715094461433,-2.77987551298855
56.3,1.612903225806452,-8.064516129032256,0.0,-0.0,563.1592065110897,0.059293000719943756,-0.13870360304783957,-2.7793715975947935
56.31,1.612903225806452,-8.064516129032256,0.0,-0.0,563.1487967031653,0.05933304895129232,-0.13821968760482317,-2.7788576682352
56.32,1.612903225806452,-8.064516129032256,0.0,-0.0,563.138379889244,0.05937349683741844,-0.13775467630189697,-2.7783347287731672
56.33,1.612903225806452,-8.064516129032256,0.0,-0.0,563.1279563715462,0.059414054835528,-0.13730786945245532,-2.77780373337804
56.34,1.612903225806452,-8.064516129032256,0.0,-0.0,563.1175264369368,0.05945446477287089,-0.1368785946723695,-2.7772655886007023
56.35,1.612903225806452,-8.064516129032256,0.0,-0.0,563.1070903578299,0.059494497260684315,-0.13646620563156586,-2.7767211553712183
56.36,1.612903225806452,-8.064516129032256,0.0,-0.0,563.0966483930346,0.0595339493039109,-0.13607008087662886,-2.776171250919583
56.37,1.612903225806452,-8.064516129032256,0.0,-0.0,563.0862007885468,0.05957264209255342,-0.13568962271939033,-2.775616650623837
56.38,1.612903225806452,-8.064516129032256,0.0,-0.0,563.0757477782889,0.05961041896113059,-0.135324256187202,-2.7750580897856887
56.39,1.612903225806452,-8.064516129032256,0.0,-0.0,563.0652895848032,0.05964714350396036,-0.13497342803058932,-2.774496265337527
56.4,1.612903225806452,-8.064516129032256,0.0,-0.0,563.0548264198997,0.05968269783461047,-0.13463660578455272,-2.7739318374818307
56.41,1.612903225806452,-8.064516129032256,0.0,-0.0,563.0443584852641,0.05971698097887734,-0.13431327687988437,-2.7733654312661193
56.42,1.612903225806452,-8.064516129032256,0.0,-0.0,563.0338859730267,0.05974990739129771,-0.134002947801251,-2.772797638095178
56.43,1.612903225806452,-8.064516129032256,0.0,-0.0,563.0234090662957,0.05978140558595718,-0.13370514328902317,-2.772229017182592
56.44,1.612903225806452,-8.064516129032256,0.0,-0.0,563.0129279396567,0.05981141687307151,-0.13341940558200893,-2.7716600969440273
56.45,1.612903225806452,-8.064516129032256,0.0,-0.0,563.0024427596421,0.05983989419346314,-0.1331452936984565,-2.771091376334766
56.46,1.612903225806452,-8.064516129032256,0.0,-0.0,562.9919536851705,0.05986680104347947,-0.13288238275304032,-2.7705233261322353
56.47,1.612903225806452,-8.064516129032256,0.0,-0.0,562.9814608679596,0.05989211048371165,-0.1326302633074613,-2.7699563901670516
56.48,1.612903225806452,-8.064516129032256,0.0,-0.0,562.9709644529134,0.05991580422512355,-0.13238854075271078,-2.769390986503334
56.49,1.612903225806452,-8.064516129032256,0.0,-0.0,562.9604645784866,0.05993787178693713,-0.13215683472093542,-2.768827508571794
56.5,1.612903225806452,-8.064516129032256,0.0,-0.0,562.9499613770257,0.05995830972063898,-0.1319347785253906,-2.7682663262546328
56.51,1.612903225806452,-8.064516129032256,0.0,-0.0,562.9394549750908,0.059977120895484404,-0.1317220186264978,-2.7677077869276916
56.52,1.612903225806452,-8.064516129032256,0.0,-0.0,-2.5577321524055003,0.0599943138406184,-0.13151821412276132,-2.76715221645853
56.53,1.612903225806452,-8.064516129032256,0.0,-0.0,562.9184330488997,0.060009902139736726,-0.13132303626495656,-2.766599920163926
56.54,1.612903225806452,-8.064516129032256,0.0,-0.0,562.907917751459,0.06002390387427317,-0.13113616799235173,-2.766051183727514
56.55,1.612903225806452,-8.064516129032256,0.0,-0.0,562.8973997076937,0.0600363411115751,-0.13095730348964096,-2.7655062740801366
56.56,1.612903225806452,-8.064516129032256,0.0,-0.0,562.8868790194168,0.06004723943457588,-0.13078614776357156,-2.764965440243047
56.57,1.612903225806452,-8.064516129032256,0.0,-0.0,562.8763557842184,0.06005662750998347,-0.13062241623807258,-2.7644289141367624
56.58,1.612903225806452,-8.064516129032256,0.0,-0.0,562.8658300956753,0.06006453669202971,-0.1304658343669668,-2.763896911356143
56.59,1.612903225806452,-8.064516129032256,0.0,-0.0,562.855302043549,0.06007100065918189,-0.13031613726327207,-2.763369631913713
56.6,1.612903225806452,-8.064516129032256,0.0,-0.0,562.8447717139724,0.06007605508130662,-0.13017306934427075,-2.7628472609520203
56.61,1.612903225806452,-8.064516129032256,0.0,-0.0,562.8342391896247,0.06007973731501218,-0.13003638399152695,-2.7623299694263657
56.62,1.612903225806452,-8.064516129032256,0.0,-0.0,562.8237045498983,0.0600820861251323,-0.12990584322501697,-2.7618179147598494
56.63,1.612903225806452,-8.064516129032256,0.0,-0.0,562.8131678710541,0.06008314143021545,-0.1297812173908408,-2.761311241470023
56.64,1.612903225806452,-8.064516129032256,0.0,-0.0,562.8026292263703,0.060082944070533356,-0.12966228486151865,-2.760810081771609
56.65,1.612903225806452,-8.064516129032256,0.0,-0.0,562.7920886862807,0.060081535596533175,-0.12954883174864673,-2.760314556152198
56.66,1.612903225806452,-8.064516129032256,0.0,-0.0,562.7815463185073,0.06007895807652247,-0.1294406516269767,-2.75982477392553
56.67,1.612903225806452,-8.064516129032256,0.0,-0.0,562.7710021881841,0.0600752539219892,-0.12933754526951946,-2.759340833761665
56.68,1.612903225806452,-8.064516129032256,0.0,-0.0,562.7604563579753,0.060070465729170935,-0.12923932039320707,-2.7588628241944715
56.69,1.612903225806452,-8.064516129032256,0.0,-0.0,562.749908888186,0.060064636135804705,-0.12914579141444504,-2.758390824109067
56.7,1.612903225806452,-8.064516129032256,0.0,-0.0,562.7393598368681,0.06005780769179417,-0.12905677921421344,-2.7579249032088673
56.71,1.612903225806452,-8.064516129032256,0.0,-0.0,562.7288092599189,0.060050022742710485,-0.12897211091229244,-2.7574651224628757
56.72,1.612903225806452,-8.064516129032256,0.0,-0.0,562.7182572111764,0.06004132332526582,-0.12889161965007812,-2.7570115345352795
56.73,1.612903225806452,-8.064516129032256,0.0,-0.0,562.7077037425078,0.06003175107368028,-0.12881514438175812,-2.756564184196446
56.74,1.612903225806452,-8.064516129032256,0.0,-0.0,562.6971489038945,0.060021347136273384,-0.1287425296732977,-2.7561231087178815
56.75,1.612903225806452,-8.064516129032256,0.0,-0.0,562.6865927435122,0.06001015210132815,-0.12867362550905204,-2.7556883382501653
56.76,1.612903225806452,-8.064516129032256,0.0,-0.0,562.676035307807,0.059998205931598214,-0.12860828710556815,-2.7552598961855796
56.77,1.612903225806452,-8.064516129032256,0.0,-0.0,562.6654766415671,0.05998554790671415,-0.128546374732332,-2.7548377995053994
56.78,1.612903225806452,-8.064516129032256,0.0,-0.0,562.6549167879919,0.0599722165729735,-0.12848775353904474,-2.754422059113613
56.79,1.612903225806452,-8.064516129032256,0.0,-0.0,-2.8423218574066675,0.059958249699773564,-0.1284322933893035,-2.754012680156081
56.8,1.612903225806452,-8.064516129032256,0.0,-0.0,562.6337936840724,0.05994368424225849,-0.1283798687003056,-2.753609662326844
56.81,1.612903225806452,-8.064516129032256,0.0,-0.0,562.6232305127494,0.05992855630962077,-0.12833035828837336,-2.7532130001615576
56.82,1.612903225806452,-8.064516129032256,0.0,-0.0,562.6126663122475,0.059912901138637176,-0.12828364522001556,-2.7528226833190397
56.83,1.612903225806452,-8.064516129032256,0.0,-0.0,562.6021011187321,0.05989675307194797,-0.12823961666834693,-2.7524386968508514
56.84,1.612903225806452,-8.064516129032256,0.0,-0.0,562.5915349671238,0.059880145540712,-0.12819816377461468,-2.752061021459747
56.85,1.612903225806452,-8.064516129032256,0.0,-0.0,562.5809678911468,0.059863111051286916,-0.1281591815145987,-2.751689633747666
56.86,1.612903225806452,-8.064516129032256,0.0,-0.0,562.570399923374,0.05984568117549785,-0.128122568569778,-2.751324506452801
56.87,1.612903225806452,-8.064516129032256,0.0,-0.0,562.5598310952712,0.05982788654427412,-0.12808822720297153,-2.7509656086771828
56.88,1.612903225806452,-8.064516129032256,0.0,-0.0,562.5492614372383,0.05980975684432302,-0.12805606313830598,-2.7506129061048488
56.89,1.612903225806452,-8.064516129032256,0.0,-0.0,562.538690978649,0.0597913208174837,-0.12802598544541965,-2.7502663612101688
56.9,1.612903225806452,-8.064516129032256,0.0,-0.0,562.5281197478886,0.05977260626267508,-0.12799790642756592,-2.749925933458414
56.91,1.612903225806452,-8.064516129032256,0.0,-0.0,562.5175477723899,0.05975364003998457,-0.12797174151367696,-2.7495915794967547
56.92,1.612903225806452,-8.064516129032256,0.0,-0.0,562.506975078668,0.059734448076892765,-0.12794740915402247,-2.7492632533381838
56.93,1.612903225806452,-8.064516129032256,0.0,-0.0,562.4964016923532,0.05971505537625929,-0.1279248307194899,-2.74894090653698
56.94,1.612903225806452,-8.064516129032256,0.0,-0.0,562.4858276382221,0.059695486025938105,-0.12790393040429404,-2.7486244883565956
56.95,1.612903225806452,-8.064516129032256,0.0,-0.0,562.4752529402282,0.05967576320992618,-0.12788463513190795,-2.7483139459310495
56.96,1.612903225806452,-8.064516129032256,0.0,-0.0,562.4646776215303,0.05965590922071362,-0.1278668744642576,-2.7480092244184156
56.97,1.612903225806452,-8.064516129032256,0.0,-0.0,562.4541017045207,0.059635945472913315,-0.12785058051383746,-2.7477102671489364
56.98,1.612903225806452,-8.064516129032256,0.0,-0.0,562.4435252108508,0.05961589251772276,-0.1278356878589395,-2.7474170157649693
56.99,1.612903225806452,-8.064516129032256,0.0,-0.0,562.4329481614571,0.05959577005844613,-0.12782213346153282,-2.747129410356528
57.0,1.612903225806452,-8.064516129032256,0.0,-0.0,-3.0643070695772474,0.05957559696669479,-0.12780985658795374,-2.746847389590043
57.01,1.612903225806452,-8.064516129032256,0.0,-0.0,562.4117924758142,0.059555391299214944,-0.12779879873224875,-2.746570890831151
57.02,1.612903225806452,-8.064516129032256,0.0,-0.0,-3.085463768086478,0.059535170315344915,-0.1277889035419727,-2.7462998502627394
57.03,1.612903225806452,-8.064516129032256,0.0,-0.0,562.3906348016814,0.0595149504948749,-0.12778011674648715,-2.746034202997112
57.04,1.612903225806452,-8.064516129032256,0.0,-0.0,562.380055264336,0.05949474755633519,-0.12777238608755892,-2.745773883183598
57.05,1.612903225806452,-8.064516129032256,0.0,-0.0,562.3694752831636,0.059474576475536556,-0.12776566125227629,-2.745518824110791
57.06,1.612903225806452,-8.064516129032256,0.0,-0.0,562.3588948747237,0.05945445150434531,-0.12775989380814612,-2.7452689583041616
57.07,1.612903225806452,-8.064516129032256,0.0,-0.0,562.3483140550298,0.059434386189698596,-0.12775503714022518,-2.7450242176199198
57.08,1.612903225806452,-8.064516129032256,0.0,-0.0,-3.1489448065948484,0.05941439339259405,-0.12775104639042068,-2.7447845333332377
57.09,1.612903225806452,-8.064516129032256,0.0,-0.0,562.3271512433126,0.059394485307226935,-0.12774787839865653,-2.744549836223285
57.1,1.612903225806452,-8.064516129032256,0.0,-0.0,562.3165692807441,0.05937467348010178,-0.12774549164596516,-2.744320056653985
57.11,1.612903225806452,-8.064516129032256,0.0,-0.0,-3.180690680298888,0.059354968829083504,-0.12774384619942836,-2.7440951246507534
57.12,1.612903225806452,-8.064516129032256,0.0,-0.0,562.2954043122096,0.059335381662346004,-0.1277429036589045,-2.743874969973371
57.13,1.612903225806452,-8.064516129032256,0.0,-0.0,-3.201856313292645,0.05931592169726582,-0.12774262710539952,-2.743659522185934
57.14,1.612903225806452,-8.064516129032256,0.0,-0.0,562.2742380404998,0.059296598079096124,-0.12774298105115334,-2.743448710722759
57.15,1.612903225806452,-8.064516129032256,0.0,-0.0,562.2636544473318,0.059277419399464404,-0.1277439313913149,-2.743242464951067
57.16,1.612903225806452,-8.064516129032256,0.0,-0.0,562.2530705651915,0.05925839371465247,-0.12774544535716514,-2.7430407142304505
57.17,1.612903225806452,-8.064516129032256,0.0,-0.0,562.2424864055093,0.05923952856368364,-0.12774749147078823,-2.74284338796971
57.18,1.612903225806452,-8.064516129032256,0.0,-0.0,562.231901979333,0.0592208309860785,-0.1277500395012603,-2.742650415680035
57.19,1.612903225806452,-8.064516129032256,0.0,-0.0,562.2213172973394,0.059202307539412496,-0.12775306042215517,-2.7424617270261265
57.2,1.612903225806452,-8.064516129032256,0.0,-0.0,562.2107323698463,0.059183964316483734,-0.1277565263704964,-2.7422772518736607
57.21,1.612903225806452,-8.064516129032256,0.0,-0.0,562.2001472068231,0.05916580696226381,-0.12776041060692533,-2.7420969203350216
57.22,1.612903225806452,-8.064516129032256,0.0,-0.0,-3.2971158282605377,0.05914784069049042,-0.1277646874771704,-2.7419206628121553
57.23,1.612903225806452,-8.064516129032256,0.0,-0.0,562.1789762123891,0.05913007029989292,-0.12776933237477706,-2.7417484100366396
57.24,1.612903225806452,-8.064516129032256,0.0,-0.0,562.1683903992723,0.05911250019014458,-0.12777432170495528,-2.741580093108097
57.25,1.612903225806452,-8.064516129032256,0.0,-0.0,562.1578043872336,0.05909513437742045,-0.1277796328496199,-2.7414156435298924
57.26,1.612903225806452,-8.064516129032256,0.0,-0.0,562.1472181846572,0.05907797650962307,-0.12778524413352155,-2.741254993242896
57.27,1.612903225806452,-8.064516129032256,0.0,-0.0,562.136631799639,0.05906102988121384,-0.1277911347914874,-2.7410980746568296
57.28,1.612903225806452,-8.064516129032256,0.0,-0.0,562.1260452399956,0.059044297447764155,-0.12779728493662434,-2.740944820680405
57.29,1.612903225806452,-8.064516129032256,0.0,-0.0,562.1154585132728,0.059027781840013144,-0.12780367552965766,-2.7407951647482998
57.3,1.612903225806452,-8.064516129032256,0.0,-0.0,-3.3818060194089488,0.059011485377734624,-0.12781028834907493,-2.740649040847996
57.31,1.612903225806452,-8.064516129032256,0.0,-0.0,562.0942845874679,0.058995410083051536,-0.12781710596240226,-2.7405063835430337
57.32,1.612903225806452,-8.064516129032256,0.0,-0.0,562.0836974021976,0.058979557693536716,-0.1278241116982478,-2.7403671279960466
57.33,1.612903225806452,-8.064516129032256,0.0,-0.0,562.0731100774867,0.058963929674856586,-0.1278312896193261,-2.740231209989265
57.34,1.612903225806452,-8.064516129032256,0.0,-0.0,562.0625226196477,0.05894852723309896,-0.12783862449629868,-2.7400985659439128
57.35,1.612903225806452,-8.064516129032256,0.0,-0.0,562.0519350347687,0.05893335132675409,-0.1278461017824376,-2.7399691329382247
57.36,1.612903225806452,-8.064516129032256,0.0,-0.0,562.0413473287207,0.05891840267826931,-0.1278537075891678,-2.739842848723349
57.37,1.612903225806452,-8.064516129032256,0.0,-0.0,562.0307595071641,0.058903681785345,-0.12786142866230044,-2.739719651738789
57.38,1.612903225806452,-8.064516129032256,0.0,-0.0,562.0201715755555,0.058889188931812636,-0.12786925235909674,-2.739599481125846
57.39,1.612903225806452,-8.064516129032256,0.0,-0.0,562.0095835391537,0.05887492419819315,-0.1278771666260451,-2.739482276740035
57.4,1.612903225806452,-8.064516129032256,0.0,-0.0,561.9989954030262,0.05886088747196297,-0.12788515997730565,-2.7393679791627488
57.41,1.612903225806452,-8.064516129032256,0.0,-0.0,561.9884071720552,0.05884707845738274,-0.127893221473953,-2.7392565297107496
57.42,1.612903225806452,-8.064516129032256,0.0,-0.0,561.9778188509432,0.05883349668512697,-0.12790134070376147,-2.739147870445808
57.43,1.612903225806452,-8.064516129032256,0.0,-0.0,561.9672304442189,0.058820141521462616,-0.12790950776177012,-2.739041944182042
57.44,1.612903225806452,-8.064516129032256,0.0,-0.0,561.9566419562426,0.058807012177242296,-0.12791771323134993,-2.7389386944935
57.45,1.612903225806452,-8.064516129032256,0.0,-0.0,561.9460533912114,0.0587941077164581,-0.12792594816601244,-2.738838065719533
57.46,1.612903225806452,-8.064516129032256,0.0,-0.0,561.9354647531646,0.05878142706462158,-0.12793420407168277,-2.7387400029705002
57.47,1.612903225806452,-8.064516129032256,0.0,-0.0,561.9248760459886,0.05876896901674192,-0.12794247288965288,-2.738644452131585
57.48,1.612903225806452,-8.064516129032256,0.0,-0.0,561.9142872734218,0.05875673224507241,-0.12795074698003595,-2.738551359866335
57.49,1.612903225806452,-8.064516129032256,0.0,-0.0,561.9036984390594,0.05874471530658518,-0.12795901910574858,-2.7384606736195334
57.5,1.612903225806452,-8.064516129032256,0.0,-0.0,561.893109546358,0.05873291665006433,-0.12796728241712452,-2.7383723416182857
57.51,1.612903225806452,-8.064516129032256,0.0,-0.0,561.88252059864,0.05872133462311552,-0.12797553043684884,-2.738286312874207
57.52,1.612903225806452,-8.064516129032256,0.0,-0.0,561.8719315990979,0.05870996747871396,-0.12798375704558573,-2.7382025371829966
57.53,1.612903225806452,-8.064516129032256,0.0,-0.0,561.8613425507989,0.05869881338164762,-0.1279919564679327,-2.7381209651248395
57.54,1.612903225806452,-8.064516129032256,0.0,-0.0,561.8507534566883,0.058687870414605575,-0.1280001232589436,-2.738041548063166
57.55,1.612903225806452,-8.064516129032256,0.0,-0.0,561.8401643195942,0.058677136584139894,-0.12800825229098511,-2.7379642381439684
57.56,1.612903225806452,-8.064516129032256,0.0,-0.0,561.8295751422311,0.05866660982621533,-0.12801633874120588,-2.7378889882928554
57.57,1.612903225806452,-8.064516129032256,0.0,-0.0,561.8189859272034,0.058656288011740165,-0.12802437807921752,-2.7378157522136286
57.58,1.612903225806452,-8.064516129032256,0.0,-0.0,561.8083966770092,0.05864616895168584,-0.12803236605537371,-2.7377444843845433
57.59,1.612903225806452,-8.064516129032256,0.0,-0.0,561.7978073940442,0.058636250402130635,-0.12804029868930722,-2.737675140055468
57.6,1.612903225806452,-8.064516129032256,0.0,-0.0,561.7872180806045,0.05862653006900986,-0.12804817225893417,-2.737607675243801
57.61,1.612903225806452,-8.064516129032256,0.0,-0.0,561.7766287388904,0.058617005612686235,-0.12805598328980972,-2.737542046730201
57.62,1.612903225806452,-8.064516129032256,0.0,-0.0,561.7660393710096,0.058607674652333075,-0.12806372854483483,-2.737478212054036
57.63,1.612903225806452,-8.064516129032256,0.0,-0.0,561.7554499789801,0.05859853477010238,-0.1280714050143381,-2.737416129508237
57.64,1.612903225806452,-8.064516129032256,0.0,-0.0,561.7448605647334,0.05858958351511828,-0.1280790099064869,-2.7373557581339187
57.65,1.612903225806452,-8.064516129032256,0.0,-0.0,561.7342711301173,0.05858081840732604,-0.12808654063799452,-2.737297057715016
57.66,1.612903225806452,-8.064516129032256,0.0,-0.0,561.7236816768994,0.058572236941107525,-0.12809399482520634,-2.737239988772048
57.67,1.612903225806452,-8.064516129032256,0.0,-0.0,561.7130922067689,0.05856383658872838,-0.12810137027549628,-2.7371845125555967
57.68,1.612903225806452,-8.064516129032256,0.0,-0.0,561.70250272134,0.05855561480371596,-0.1281086649788713,-2.737130591040434
57.69,1.612903225806452,-8.064516129032256,0.0,-0.0,561.6919132221543,0.058547569023950335,-0.12811587709999672,-2.7370781869181475
57.7,1.612903225806452,-8.064516129032256,0.0,-0.0,561.6813237106835,0.058539696674708624,-0.12812300497039864,-2.7370272635905666
57.71,1.612903225806452,-8.064516129032256,0.0,-0.0,561.6707341883316,0.05853199517148022,-0.12813004708102294,-2.7369777851621735
57.72,1.612903225806452,-8.064516129032256,0.0,-0.0,561.6601446564376,0.05852446192272187,-0.12813700207497813,-2.7369297164331234
57.73,1.612903225806452,-8.064516129032256,0.0,-0.0,561.6495551162775,0.05851709433237032,-0.12814386874064077,-2.736883022891059
57.74,1.612903225806452,-8.064516129032256,0.0,-0.0,561.6389655690668,0.05850988980238708,-0.1281506460048467,-2.73683767070435
57.75,1.612903225806452,-8.064516129032256,0.0,-0.0,561.6283760159627,0.05850284573495243,-0.12815733292654652,-2.736793626713024
57.76,1.612903225806452,-8.064516129032256,0.0,-0.0,561.6177864580658,0.058495959534759806,-0.12816392869047222,-2.7367508584217286
57.77,1.612903225806452,-8.064516129032256,0.0,-0.0,561.6071968964228,0.05848922861103911,-0.12817043260118421,-2.736709333991079
57.78,1.612903225806452,-8.064516129032256,0.0,-0.0,561.5966073320282,0.05848265037953665,-0.12817684407726593,-2.736669022229593
57.79,1.612903225806452,-8.064516129032256,0.0,-0.0,561.5860177658258,0.05847622226433785,-0.12818316264577945,-2.736629892585059
57.8,1.612903225806452,-8.064516129032256,0.0,-0.0,561.5754281987113,0.05846994169966721,-0.1281893879368451,-2.736591915136628
57.81,1.612903225806452,-8.064516129032256,0.0,-0.0,561.5648386315337,0.05846380613149213,-0.1281955196785135,-2.7365550605859075
57.82,1.612903225806452,-8.064516129032256,0.0,-0.0,561.554249065097,0.058457813019064775,-0.12820155769179653,-2.7365193002483412
57.83,1.612903225806452,-8.064516129032256,0.0,-0.0,561.5436595001621,0.05845195983641663,-0.12820750188583796,-2.7364846060449843
57.84,1.612903225806452,-8.064516129032256,0.0,-0.0,561.5330699374484,0.05844624407369259,-0.12821335225333552,-2.7364509504935546
57.85,1.612903225806452,-8.064516129032256,0.0,-0.0,-3.9641972685274216,0.05844066323842176,-0.12821910886611498,-2.736418306699672
57.86,1.612903225806452,-8.064516129032256,0.0,-0.0,561.511890821364,0.05843521485674044,-0.1282247718708388,-2.736386648348414
57.87,1.612903225806452,-8.064516129032256,0.0,-0.0,561.5013012692383,0.05842989647446517,-0.12823034148494783,-2.7363559496951733
57.88,1.612903225806452,-8.064516129032256,0.0,-0.0,561.490711721827,0.058424705658182224,-0.1282358179926707,-2.7363261855574064
57.89,1.612903225806452,-8.064516129032256,0.0,-0.0,561.4801221796647,0.05841963999618249,-0.12824120174126608,-2.7362973313055923
57.9,1.612903225806452,-8.064516129032256,0.0,-0.0,561.4695326432532,0.05841469709932573,-0.12824649313741565,-2.736269362854188
57.91,1.612903225806452,-8.064516129032256,0.0,-0.0,561.4589431130629,0.058409874601954515,-0.12825169264364222,-2.736242256653736
57.92,1.612903225806452,-8.064516129032256,0.0,-0.0,-4.0383240566285465,0.05840517016256827,-0.12825680077504342,-2.736215989681282
57.93,1.612903225806452,-8.064516129032256,0.0,-0.0,561.4377640730786,0.05840058146457544,-0.1282618180960191,-2.736190539432176
57.94,1.612903225806452,-8.064516129032256,0.0,-0.0,561.4271745640796,0.05839610621690608,-0.12826674521721027,-2.7361658839111196
57.95,1.612903225806452,-8.064516129032256,0.0,-0.0,561.4165850628943,0.058391742154647985,-0.12827158279248196,-2.7361420016240263
57.96,1.612903225806452,-8.064516129032256,0.0,-0.0,561.4059955698544,0.05838748703950161,-0.1282763315161567,-2.736118871568683
57.97,1.612903225806452,-8.064516129032256,0.0,-0.0,561.395406085267,0.058383338660335266,-0.1282809921202125,-2.736096473226929
57.98,1.612903225806452,-8.064516129032256,0.0,-0.0,561.384816609416,0.05837929483358553,-0.12828556537169955,-2.736074786555863
57.99,1.612903225806452,-8.064516129032256,0.0,-0.0,561.3742271425629,0.058375353403634256,-0.12829005207024413,-2.736053791979329
58.0,1.612903225806452,-8.064516129032256,0.0,-0.0,-4.123039961215234,0.05837151224315251,-0.1282944530456449,-2.736033470379575
58.01,1.612903225806452,-8.70967741935484,0.0,-0.0,561.3530181980258,0.05796312035763154,-0.18210887540646925,-2.736498623289056
58.02,1.612903225806452,-8.70967741935484,0.0,-0.0,561.3423702495566,0.057596917787730656,-0.18075030820258853,-2.736902797268389
58.03,1.612903225806452,-8.70967741935484,0.0,-0.0,561.3316953134113,0.05726941025983731,-0.17944236256104906,-2.737248803634475
58.04,1.612903225806452,-8.70967741935484,0.0,-0.0,561.3209947753708,0.05697734368371135,-0.17818295428763276,-2.7375393526720364
58.05,1.612903225806452,-8.70967741935484,0.0,-0.0,561.3102699386046,0.05671769120887665,-0.17697010398540436,-2.737777057180104
58.06,1.612903225806452,-8.70967741935484,0.0,-0.0,561.2995220288423,0.0564876405737422,-0.17580193105359165,-2.7379644357685815
58.07,1.612903225806452,-8.70967741935484,0.0,-0.0,561.2887521992478,0.05628458179878254,-0.1746766480071752,-2.7381039159568474
58.08,1.612903225806452,-8.70967741935484,-0.0,-0.0,561.2779615350092,0.05610609526311375,-0.17359255510559735,-2.7381978371118834
58.09,1.612903225806452,-8.70967741935484,-0.0,-0.0,561.2671510576536,0.055949940195198805,-0.17254803527843077,-2.738248453257525
58.1,1.612903225806452,-8.70967741935484,-0.0,-0.0,561.2563217291009,0.05581404360120418,-0.17154154933612675,-2.738257935777008
58.11,1.612903225806452,-8.70967741935484,-0.0,-0.0,561.2454744554685,0.05569648964858931,-0.17057163145439336,-2.7382283760232022
58.12,1.612903225806452,-8.70967741935484,-0.0,-0.0,561.234610090637,0.05559550951770184,-0.16963688492080053,-2.7381617878482922
58.13,1.612903225806452,-8.70967741935484,-0.0,-0.0,561.2237294395915,0.0555094717293734,-0.16873597813261632,-2.738060110059441
58.14,1.612903225806452,-8.70967741935484,-0.0,-0.0,561.2128332615479,0.05543687295224381,-0.16786764083495231,-2.7379252088051107
58.15,1.612903225806452,-8.70967741935484,-0.0,-0.0,561.2019222728787,0.055376329289618276,-0.16703066058821303,-2.73775887989654
58.16,1.612903225806452,-8.70967741935484,-0.0,-0.0,561.1909971498469,0.05532656804143915,-0.1662238794542763,-2.737562851063936
58.17,1.612903225806452,-8.70967741935484,-0.0,-0.0,561.1800585311604,0.05528641993403893,-0.16544619089029589,-2.7373387841515577
58.18,1.612903225806452,-8.70967741935484,-0.0,-0.0,561.1691070203588,0.05525481180686906,-0.16469653683945462,-2.7370882772516665
58.19,1.612903225806452,-8.70967741935484,-0.0,-0.0,561.1581431880406,0.05523075974279934,-0.1639739050080561,-2.7368128667773544
58.2,1.612903225806452,-8.70967741935484,-0.0,-0.0,561.1471675739436,0.05521336262672785,-0.1632773263181858,-2.7365140294769326
58.21,1.612903225806452,-8.70967741935484,-0.0,-0.0,561.1361806888845,0.055201796115109364,-0.16260587252582748,-2.736193184388251
58.22,1.612903225806452,-8.70967741935484,-0.0,-0.0,561.1251830165704,0.0551953069984,-0.1619586539939768,-2.7358516947370557
58.23,1.612903225806452,-8.70967741935484,-0.0,-0.0,561.1141750152887,0.05519320793677837,-0.16133481761144286,-2.7354908697757487
58.24,1.612903225806452,-8.70967741935484,-0.0,-0.0,561.103157119483,0.05519487255009184,-0.16073354484738245,-2.7351119665684465
58.25,1.612903225806452,-8.70967741935484,-0.0,-0.0,561.0921297412247,0.05519973084192456,-0.16015404993296156,-2.7347161917194898
58.26,1.612903225806452,-8.70967741935484,-0.0,-0.0,561.0810932715856,0.05520726493854908,-0.1595955781612719,-2.7343047030491325
58.27,1.612903225806452,-8.70967741935484,-0.0,-0.0,561.0700480819188,0.05521700512346131,-0.15905740429753323,-2.733878611216038
58.28,1.612903225806452,-8.70967741935484,-0.0,-0.0,561.0589945250543,0.055228526149113694,-0.15853883109171307,-2.733438981289578
58.29,1.612903225806452,-8.70967741935484,-0.0,-0.0,561.0479329364152,0.05524144380783688,-0.15803918788647442,-2.7329868342720482
58.3,1.612903225806452,-8.70967741935484,-0.0,-0.0,561.0368636350594,0.05525541174498097,-0.15755782931356577,-2.732523148573336
58.31,1.612903225806452,-8.70967741935484,-0.0,-0.0,561.0257869246525,0.0552701184980057,-0.15709413407235806,-2.7320488614392326
58.32,1.612903225806452,-8.70967741935484,-0.0,-0.0,561.014703094377,0.05528528474620739,-0.15664750378459646,-2.7315648703352737
58.33,1.612903225806452,-8.70967741935484,-0.0,-0.0,561.0036124197804,0.05530066075657228,-0.15621736191993907,-2.7310720342871733
58.34,1.612903225806452,-8.70967741935484,-0.0,-0.0,560.9925151635688,0.055316024012282555,-0.15580315278711387,-2.7305711751801383
58.35,1.612903225806452,-8.70967741935484,-0.0,-0.0,-4.505266069815555,0.05533117701121845,-0.15540434058595576,-2.7300630790188483
58.36,1.612903225806452,-8.70967741935484,-0.0,-0.0,560.9703018973128,0.05534594522250222,-0.15502040851608956,-2.7295484971484525
58.37,1.612903225806452,-8.70967741935484,-0.0,-0.0,560.9591863549019,0.05536017519028055,-0.1546508579380188,-2.7290281474399567
58.38,1.612903225806452,-8.70967741935484,-0.0,-0.0,560.9480651673958,0.05537373277426008,-0.15429520758314985,-2.7285027154391575
58.39,1.612903225806452,-8.70967741935484,-0.0,-0.0,560.9369385434866,0.055386501517771664,-0.15395299280903774,-2.727972855483019
58.4,1.612903225806452,-8.70967741935484,-0.0,-0.0,560.9258066828068,0.05539838113432052,-0.15362376489691354,-2.727439191782706
58.41,1.612903225806452,-8.70967741935484,-0.0,-0.0,560.9146697764251,0.05540928610458115,-0.1533070903884397,-2.7269023194757125
58.42,1.612903225806452,-8.70967741935484,-0.0,-0.0,560.9035280073097,0.055419144376163604,-0.1530025504590946,-2.726362805647364
58.43,1.612903225806452,-8.70967741935484,-0.0,-0.0,560.8923815507628,0.05542789615931906,-0.15270974032550577,-2.725821190324505
58.44,1.612903225806452,-8.70967741935484,-0.0,-0.0,560.8812305748266,0.05543549281168389,-0.15242826868482195,-2.725277987438955
58.45,1.612903225806452,-8.70967741935484,-0.0,-0.0,560.8700752406644,0.0554418958065315,-0.15215775718348323,-2.7247336857663065
58.46,1.612903225806452,-8.70967741935484,-0.0,-0.0,560.8589157029163,0.05544707577830718,-0.15189783991403805,-2.724188749835535
58.47,1.612903225806452,-8.70967741935484,-0.0,-0.0,560.8477521100343,0.055451011640822306,-0.15164816293758543,-2.723643620815619
58.48,1.612903225806452,-8.70967741935484,-0.0,-0.0,560.836584604595,0.05545368977269208,-0.15140838383071809,-2.7230987173750445
58.49,1.612903225806452,-8.70967741935484,-0.0,-0.0,560.8254133235934,0.05545510326581052,-0.1511781712550725,-2.7225544365178473
58.5,1.612903225806452,-8.70967741935484,-0.0,-0.0,560.814238398718,0.055455251232484376,-0.15095720454818595,-2.7220111543955854
58.51,1.612903225806452,-8.70967741935484,-0.0,-0.0,560.8030599566104,0.05545413816732356,-0.1507451733342584,-2.7214692270963754
58.52,1.612903225806452,-8.70967741935484,-0.0,-0.0,560.7918781191069,0.055451773359943696,-0.15054177715380945,-2.72092899140949
58.53,1.612903225806452,-8.70967741935484,-0.0,-0.0,560.7806930034673,0.055448170355401644,-0.15034672511066927,-2.720390765569516
58.54,1.612903225806452,-8.70967741935484,-0.0,-0.0,560.7695047225889,0.055443346458645154,-0.15015973553568662,-2.7198548499765636
58.55,1.612903225806452,-8.70967741935484,-0.0,-0.0,560.758313385208,0.05543732228022005,-0.14998053566583436,-2.7193215278956755
58.56,1.612903225806452,-8.70967741935484,-0.0,-0.0,560.7471190960897,0.055430121320198006,-0.14980886133793692,-2.718791066134489
58.57,1.612903225806452,-8.70967741935484,-0.0,-0.0,560.7359219562062,0.055421769587643416,-0.1496444566961186,-2.718263715699774
58.58,1.612903225806452,-8.70967741935484,-0.0,-0.0,560.7247220629049,0.05541229525305827,-0.14948707391217264,-2.717739712433131
58.59,1.612903225806452,-8.70967741935484,-0.0,-0.0,560.713519510067,0.055401728331452155,-0.14933647291804797,-2.7172192776265693
58.6,1.612903225806452,-8.70967741935484,-0.0,-0.0,560.7023143882572,0.0553901003937102,-0.149192421149822,-2.7167026186176817
58.61,1.612903225806452,-8.70967741935484,-0.0,-0.0,560.6911067848641,0.055377444304186424,-0.14905469330245324,-2.7161899293651484
58.62,1.612903225806452,-8.70967741935484,-0.0,-0.0,560.6798967842346,0.05536379398253974,-0.14892307109469183,-2.7156813910049737
58.63,1.612903225806452,-8.70967741935484,-0.0,-0.0,560.668684467799,0.055349184187917316,-0.14879734304360492,-2.7151771723875195
58.64,1.612903225806452,-8.70967741935484,-0.0,-0.0,560.6574699141909,0.05533365032380991,-0.14867730424810666,-2.7146774305963346
58.65,1.612903225806452,-8.70967741935484,-0.0,-0.0,560.6462531993594,0.05531722826179328,-0.14856275618114045,-2.714182311447837
58.66,1.612903225806452,-8.70967741935484,-0.0,-0.0,560.635034396677,0.055299954182887884,-0.1484535064897905,-2.713691949974455
58.67,1.612903225806452,-8.70967741935484,-0.0,-0.0,560.6238135770403,0.05528186443481317,-0.14834936880317695,-2.713206470889066
58.68,1.612903225806452,-8.70967741935484,-0.0,-0.0,560.6125908089665,0.05526299540408222,-0.14825016254745937,-2.7127259890334607
58.69,1.612903225806452,-8.70967741935484,-0.0,-0.0,560.6013661586851,0.05524338340154919,-0.14815571276771378,-2.712250609809942
58.7,1.612903225806452,-8.70967741935484,-0.0,-0.0,560.5901396902245,0.05522306456024237,-0.14806584995635497,-2.711780429596306
58.71,1.612903225806452,-8.70967741935484,-0.0,-0.0,560.5789114654953,0.05520207474462671,-0.14798040988755845,-2.7113155361463837
58.72,1.612903225806452,-8.70967741935484,-0.0,-0.0,560.5676815443683,0.05518044947002551,-0.14789923345766542,-2.7108560089741336
58.73,1.612903225806452,-8.70967741935484,-0.0,-0.0,560.5564499847501,0.05515822383152183,-0.1478221665310473,-2.7104019197236986
58.74,1.612903225806452,-8.70967741935484,-0.0,-0.0,560.5452168426544,0.05513543244145738,-0.1477490597912079,-2.7099533325254517
58.75,1.612903225806452,-8.70967741935484,-0.0,-0.0,560.5339821722707,0.055112109374691104,-0.14767976859693488,-2.709510304337957
58.76,1.612903225806452,-8.70967741935484,-0.0,-0.0,560.5227460260288,0.0550882881208862,-0.1476141528432896,-2.70907288527608
58.77,1.612903225806452,-8.70967741935484,-0.0,-0.0,560.5115084546616,0.05506400154337873,-0.14755207682700777,-2.708641118927441
58.78,1.612903225806452,-8.70967741935484,-0.0,-0.0,560.5002695072644,0.05503928184379234,-0.14749340911634823,-2.7082150426556275
58.79,1.612903225806452,-8.70967741935484,-0.0,-0.0,560.4890292313524,0.05501416053198824,-0.147438022425058,-2.7077946878917576
58.8,1.612903225806452,-8.70967741935484,-0.0,-0.0,560.4777876729146,0.054988668400758306,-0.14738579349036907,-2.7073800804140515
58.81,1.612903225806452,-8.70967741935484,-0.0,-0.0,560.4665448764663,0.054962835504997615,-0.14733660295466655,-2.7069712406174515
58.82,1.612903225806452,-8.70967741935484,-0.0,-0.0,560.4553008850994,0.05493669114465424,-0.1472903352509538,-2.7065681837713162
58.83,1.612903225806452,-8.70967741935484,-0.0,-0.0,560.4440557405304,0.05491026385133699,-0.14724687849170848,-2.706170920267782
58.84,1.612903225806452,-8.70967741935484,-0.0,-0.0,560.4328094831461,0.05488358137801877,-0.14720612436120828,-2.705779455859373
58.85,1.612903225806452,-8.70967741935484,-0.0,-0.0,560.4215621520484,0.05485667069180686,-0.14716796801090837,-2.7053937918886404
58.86,1.612903225806452,-8.70967741935484,-0.0,-0.0,560.4103137850963,0.05482955796907227,-0.14713230795817167,-2.7050139255066874
58.87,1.612903225806452,-8.70967741935484,-0.0,-0.0,560.399064418947,0.05480226859316964,-0.14709904598774481,-2.7046398498850426
58.88,1.612903225806452,-8.70967741935484,-0.0,-0.0,560.3878140890953,0.054774827154074585,-0.1470680870563057,-2.7042715544176
58.89,1.612903225806452,-8.70967741935484,-0.0,-0.0,560.3765628299109,0.054747257449969416,-0.14703933919973866,-2.7039090249150046
58.9,1.612903225806452,-8.70967741935484,-0.0,-0.0,560.365310674675,0.05471958249059658,-0.1470127134430217,-2.7035522437919366
58.91,1.612903225806452,-8.70967741935484,-0.0,-0.0,560.3540576556154,0.05469182450202573,-0.1469881237128141,-2.7032011902461264
58.92,1.612903225806452,-8.70967741935484,-0.0,-0.0,560.3428038039398,0.054664004932807625,-0.1469654867525203,-2.7028558404305385
58.93,1.612903225806452,-8.70967741935484,-0.0,-0.0,560.3315491498685,0.0546361444613864,-0.14694472203973352,-2.7025161676191307
58.94,1.612903225806452,-8.70967741935484,-0.0,-0.0,560.3202937226653,0.054608263004470387,-0.14692575170614308,-2.7021821423651025
58.95,1.612903225806452,-8.70967741935484,-0.0,-0.0,-5.177640095494901,0.054580379726529654,-0.14690850045954662,-2.7018537326542824
58.96,1.612903225806452,-8.70967741935484,-0.0,-0.0,560.2977806613169,0.054552513049994394,-0.1468928955082065,-2.7015309040512947
58.97,1.612903225806452,-8.70967741935484,-0.0,-0.0,560.2865230811836,0.05452468066623603,-0.14687886648730641,-2.7012136198402374
58.98,1.612903225806452,-8.70967741935484,-0.0,-0.0,560.2752648359973,0.054496899547234884,-0.1468663453874426,-2.7009018411600794
58.99,1.612903225806452,-8.70967741935484,-0.0,-0.0,560.2640059506708,0.054469185957788296,-0.14685526648515468,-2.700595527134455
59.0,1.612903225806452,-8.70967741935484,-0.0,-0.0,560.2527464493262,0.054441555468222574,-0.1468455662753958,-2.700294634996396
59.01,1.612903225806452,-8.70967741935484,-0.0,-0.0,560.2414863553188,0.05441402296755474,-0.1468371834058695,-2.699999120208318
59.02,1.612903225806452,-8.70967741935484,-0.0,-0.0,560.2302256912604,0.054386602676931434,-0.14683005861328935,-2.69970893657655
59.03,1.612903225806452,-8.70967741935484,-0.0,-0.0,-5.267713167120185,0.054359308163536096,-0.14682413466125777,-2.69942403636263
59.04,1.612903225806452,-8.70967741935484,-0.0,-0.0,-5.278974906304832,0.054332152354580304,-0.14681935628004594,-2.699144370388818
59.05,1.612903225806452,-8.70967741935484,-0.0,-0.0,560.1964404942215,0.054305147551583305,-0.1468156701079737,-2.6988698881400492
59.06,1.612903225806452,-8.70967741935484,-0.0,-0.0,560.1851777619913,0.05427830544485032,-0.1468130246343866,-2.698600537862125
59.07,1.612903225806452,-8.70967741935484,-0.0,-0.0,-5.312763083774605,0.05425163712800271,-0.14681137014429058,-2.698336266655408
59.08,1.612903225806452,-8.70967741935484,-0.0,-0.0,560.1626509140144,0.05422515311257811,-0.14681065866454612,-2.698077020564609
59.09,1.612903225806452,-8.70967741935484,-0.0,-0.0,560.1513868348729,0.05419886334283361,-0.14681084391141197,-2.6978227446661793
59.1,1.612903225806452,-8.70967741935484,-0.0,-0.0,560.1401223423849,0.05417277721038735,-0.146811881239729,-2.6975733831506963
59.11,1.612903225806452,-8.70967741935484,-0.0,-0.0,560.1288574534069,0.05414690356895083,-0.14681372759342604,-2.697328879402665
59.12,1.612903225806452,-8.70967741935484,-0.0,-0.0,560.1175921842482,0.05412125074904081,-0.1468163414573911,-2.697089176077164
59.13,1.612903225806452,-8.70967741935484,-0.0,-0.0,560.1063265506865,0.05409582657256515,-0.14681968281075441,-2.6968542151727672
59.14,1.612903225806452,-8.70967741935484,-0.0,-0.0,560.0950605679839,0.054070638367428286,-0.1468237130813772,-2.6966239381022286
59.15,1.612903225806452,-8.70967741935484,-0.0,-0.0,560.0837942509023,0.05404569298199738,-0.14682839510165258,-2.69639828575989
59.16,1.612903225806452,-8.70967741935484,-0.0,-0.0,560.0725276137182,0.05402099679938263,-0.14683369306560667,-2.696177198585694
59.17,1.612903225806452,-8.70967741935484,-0.0,-0.0,560.0612606702366,0.053996555751712555,-0.1468395724870779,-2.6959606166274885
59.18,1.612903225806452,-8.70967741935484,-0.0,-0.0,560.0499934338054,0.05397237533420643,-0.1468460001591152,-2.6957484796002382
59.19,1.612903225806452,-8.70967741935484,-0.0,-0.0,560.0387259173286,0.05394846061907291,-0.1468529441145271,-2.695540726942582
59.2,1.612903225806452,-8.70967741935484,-0.0,-0.0,560.0274581332797,0.053924816269278725,-0.14686037358749227,-2.6953372978712684
59.21,1.612903225806452,-8.70967741935484,-0.0,-0.0,560.0161900937137,0.0539014465520781,-0.14686825897630007,-2.695138131432766
59.22,1.612903225806452,-8.70967741935484,-0.0,-0.0,560.0049218102803,0.053878355352419166,-0.14687657180706526,-2.694943166553143
59.23,1.612903225806452,-8.70967741935484,-0.0,-0.0,559.9936532942351,0.05385554618610591,-0.14688528469850137,-2.694752342085395
59.24,1.612903225806452,-8.70967741935484,-0.0,-0.0,559.9823845564515,0.05383302221276512,-0.14689437132766792,-2.6945655968547397
59.25,1.612903225806452,-8.70967741935484,-0.0,-0.0,559.971115607432,0.05381078624858063,-0.14690380639669443,-2.6943828697017334
59.26,1.612903225806452,-8.70967741935484,-0.0,-0.0,559.959846457319,0.053788840778860786,-0.14691356560038327,-2.6942040995238346
59.27,1.612903225806452,-8.70967741935484,-0.0,-0.0,559.9485771159054,0.05376718797027921,-0.1469236255948212,-2.6940292253142433
59.28,1.612903225806452,-8.70967741935484,-0.0,-0.0,559.9373075926451,0.0537458296830067,-0.14693396396675118,-2.693858186199893
59.29,1.612903225806452,-8.70967741935484,-0.0,-0.0,559.9260378966626,0.0537247674824802,-0.14694455920393135,-2.6936909214766107
59.3,1.612903225806452,-8.70967741935484,-0.0,-0.0,559.9147680367631,0.05370400265102679,-0.14695539066623553,-2.6935273706433294
59.31,1.612903225806452,-8.70967741935484,-0.0,-0.0,559.9034980214418,0.05368353619920277,-0.14696643855761093,-2.693367473434266
59.32,1.612903225806452,-8.70967741935484,-0.0,-0.0,559.8922278588931,0.053663368876913004,-0.14697768389880217,-2.693211169849698
59.33,1.612903225806452,-8.70967741935484,-0.0,-0.0,559.8809575570194,0.05364350118422592,-0.14698910850090574,-2.6930584001847087
59.34,1.612903225806452,-8.70967741935484,-0.0,-0.0,559.8696871234401,0.053623933382008576,-0.14700069493960377,-2.6929091050569687
59.35,1.612903225806452,-8.70967741935484,-0.0,-0.0,559.8584165654996,0.05360466550225482,-0.14701242653018842,-2.6927632254326004
59.36,1.612903225806452,-8.70967741935484,-0.0,-0.0,559.8471458902758,0.05358569735823296,-0.14702428730322648,-2.6926207026511735
59.37,1.612903225806452,-8.70967741935484,-0.0,-0.0,559.8358751045878,0.053567028554283275,-0.14703626198101705,-2.6924814784485385
59.38,1.612903225806452,-8.70967741935484,-0.0,-0.0,559.824604215004,0.05354865849547788,-0.14704833595461086,-2.6923454949792345
59.39,1.612903225806452,-8.70967741935484,-0.0,-0.0,559.8133332278494,0.053530586396931285,-0.14706049526158416,-2.6922126948368184
59.4,1.612903225806452,-8.70967741935484,-0.0,-0.0,559.8020621492129,0.05351281129293314,-0.1470727265643832,-2.692083021073521
59.41,1.612903225806452,-8.70967741935484,-0.0,-0.0,559.7907909849547,0.05349533204580478,-0.147085017129317,-2.6919564172184782
59.42,1.612903225806452,-8.70967741935484,-0.0,-0.0,559.7795197407127,0.053478147354481836,-0.14709735480618558,-2.6918328272945797
59.43,1.612903225806452,-8.70967741935484,-0.0,-0.0,559.7682484219098,0.053461255762965926,-0.1471097280083845,-2.691712195835104
59.44,1.612903225806452,-8.70967741935484,-0.0,-0.0,559.7569770337602,0.053444655668350965,-0.14712212569376582,-2.6915944678978083
59.45,1.612903225806452,-8.70967741935484,-0.0,-0.0,559.7457055812758,0.05342834532879345,-0.14713453734587434,-2.6914795890794485
59.46,1.612903225806452,-8.70967741935484,-0.0,-0.0,559.7344340692725,0.05341232287114764,-0.14714695295582858,-2.6913675055285005
59.47,1.612903225806452,-8.70967741935484,-0.0,-0.0,559.7231625023761,0.05339658629836733,-0.14715936300472654,-2.691258163956925
59.48,1.612903225806452,-8.70967741935484,-0.0,-0.0,559.7118908850282,0.05338113349671783,-0.1471717584465293,-2.691151511651326
59.49,1.612903225806452,-8.70967741935484,-0.0,-0.0,559.700619221492,0.05336596224274817,-0.14718413069145664,-2.691047496483111
59.5,1.612903225806452,-8.70967741935484,-0.0,-0.0,559.689347515858,0.05335107021000893,-0.14719647158990123,-2.690946066917551
59.51,1.612903225806452,-8.70967741935484,-0.0,-0.0,559.6780757720488,0.053336454975578956,-0.1472087734167884,-2.690847172022239
59.52,1.612903225806452,-8.70967741935484,-0.0,-0.0,559.6668039938254,0.05332211402643075,-0.14722102885634336,-2.690750761475199
59.53,1.612903225806452,-8.70967741935484,-0.0,-0.0,559.6555321847912,0.05330804476539877,-0.14723323098749153,-2.6906567855707473
59.54,1.612903225806452,-8.70967741935484,-0.0,-0.0,559.6442603483979,0.053294244517178985,-0.1472453732694574,-2.6905651952265455
59.55,1.612903225806452,-8.70967741935484,-0.0,-0.0,559.6329884879497,0.05328071053395153,-0.14725744952796016,-2.690475941988572
59.56,1.612903225806452,-8.70967741935484,-0.0,-0.0,559.6217166066084,0.05326744000087405,-0.14726945394175284,-2.6903889780359833
59.57,1.612903225806452,-8.70967741935484,-0.0,-0.0,559.610444707398,0.05325443004133415,-0.14728138102960986,-2.6903042561849726
59.58,1.612903225806452,-8.70967741935484,-0.0,-0.0,559.5991727932087,0.05324167772206376,-0.14729322563765068,-2.6902217298924485
59.59,1.612903225806452,-8.70967741935484,-0.0,-0.0,559.5879008668021,0.053229180058051356,-0.1473049829270603,-2.690141353259003
59.6,1.612903225806452,-8.70967741935484,-0.0,-0.0,559.5766289308145,0.05321693401718294,-0.1473166483622692,-2.6900630810306083
59.61,1.612903225806452,-8.70967741935484,-0.0,-0.0,559.5653569877617,0.05320493652484323,-0.14732821769935334,-2.6899868686008985
59.62,1.612903225806452,-8.70967741935484,-0.0,-0.0,559.5540850400425,0.053193184468255356,-0.14733968697487176,-2.6899126720122335
59.63,1.612903225806452,-8.70967741935484,-0.0,-0.0,559.542813089943,0.05318167470060495,-0.14735105249509362,-2.689840447955916
59.64,1.612903225806452,-8.70967741935484,-0.0,-0.0,559.5315411396401,0.05317040404515086,-0.14736231082539974,-2.689770153773167
59.65,1.612903225806452,-8.70967741935484,-0.0,-0.0,559.5202691912053,0.05315936929898832,-0.14737345878019759,-2.68970174745416
59.66,1.612903225806452,-8.70967741935484,-0.0,-0.0,559.5089972466084,0.05314856723679237,-0.14738449341300952,-2.689635187637746
59.67,1.612903225806452,-8.70967741935484,-0.0,-0.0,559.4977253077205,0.05313799461430688,-0.1473954120069696,-2.689570433609959
59.68,1.612903225806452,-8.70967741935484,-0.0,-0.0,559.4864533763181,0.053127648171751723,-0.14740621206554838,-2.689507445302687
59.69,1.612903225806452,-8.70967741935484,-0.0,-0.0,559.4751814540856,0.05311752463706823,-0.14741689130358504,-2.6894461832918375
59.7,1.612903225806452,-8.70967741935484,-0.0,-0.0,559.4639095426193,0.053107620728992305,-0.14742744763863191,-2.689386608794918
59.71,1.612903225806452,-8.70967741935484,-0.0,-0.0,559.4526376434297,0.05309793315998815,-0.14743787918257445,-2.6893286836682577
59.72,1.612903225806452,-8.70967741935484,-0.0,-0.0,559.4413657579454,0.05308845863910258,-0.1474481842334634,-2.6892723704043635
59.73,1.612903225806452,-8.70967741935484,-0.0,-0.0,559.430093887515,0.053079193874602276,-0.1474583612676953,-2.6892176321282717
59.74,1.612903225806452,-8.70967741935484,-0.0,-0.0,559.4188220334107,0.05307013557656856,-0.14746840893235946,-2.689164432594286
59.75,1.612903225806452,-8.70967741935484,-0.0,-0.0,559.407550196831,0.05306128045933975,-0.14747832603786337,-2.68911273618221
59.76,1.612903225806452,-8.70967741935484,-0.0,-0.0,559.3962783789032,0.053052625243761836,-0.14748811155086772,-2.6890625078927406
59.77,1.612903225806452,-8.70967741935484,-0.0,-0.0,559.3850065806857,0.05304416665943654,-0.1474977645873432,-2.6890137133435217
59.78,1.612903225806452,-8.70967741935484,-0.0,-0.0,559.3737348031714,0.05303590144678541,-0.14750728440592464,-2.688966318764394
59.79,1.612903225806452,-8.70967741935484,-0.0,-0.0,559.3624630472891,0.053027826359033164,-0.14751667040145944,-2.6889202909926473
59.8,1.612903225806452,-8.70967741935484,-0.0,-0.0,559.3511913139068,0.05301993816407044,-0.14752592209878346,-2.68887559746795
59.81,1.612903225806452,-8.70967741935484,-0.0,-0.0,559.3399196038337,0.05301223364622962,-0.14753503914669386,-2.6888322062271985
59.82,1.612903225806452,-8.70967741935484,-0.0,-0.0,559.328647917822,0.05300470960791845,-0.14754402131216504,-2.6887900858988396
59.83,1.612903225806452,-8.70967741935484,-0.0,-0.0,559.3173762565698,0.05299736287124332,-0.14755286847468074,-2.6887492056977047
59.84,1.612903225806452,-8.70967741935484,-0.0,-0.0,559.3061046207229,0.05299019027945592,-0.14756158062083902,-2.688709535419005
59.85,1.612903225806452,-8.70967741935484,-0.0,-0.0,559.2948330108766,0.05298318869833832,-0.14757015783911875,-2.6886710454324003
59.86,1.612903225806452,-8.70967741935484,-0.0,-0.0,559.283561427578,0.052976355017531146,-0.1475786003147972,-2.688633706676165
59.87,1.612903225806452,-8.70967741935484,-0.0,-0.0,559.272289871328,0.05296968615177941,-0.14758690832504384,-2.688597490651221
59.88,1.612903225806452,-8.70967741935484,-0.0,-0.0,559.2610183425829,0.052963179042012115,-0.1475950822342721,-2.68856236941438
59.89,1.612903225806452,-8.70967741935484,-0.0,-0.0,559.2497468417565,0.052956830656459924,-0.14760312248954066,-2.6885283155723796
59.9,1.612903225806452,-8.70967741935484,-0.0,-0.0,559.2384753692215,0.05295063799162711,-0.1476110296161901,-2.688495302275262
59.91,1.612903225806452,-8.70967741935484,-0.0,-0.0,559.2272039253116,0.0529445980732349,-0.14761880421359175,-2.6884633032100025
59.92,1.612903225806452,-8.70967741935484,-0.0,-0.0,559.2159325103229,0.05293870795704006,-0.14762644695110583,-2.688432292593604
59.93,1.612903225806452,-8.70967741935484,-0.0,-0.0,559.2046611245154,0.05293296472965767,-0.14763395856411776,-2.6884022451666896
59.94,1.612903225806452,-8.70967741935484,-0.0,-0.0,559.1933897681149,0.052927365509279484,-0.14764133985025785,-2.6883731361866916
59.95,1.612903225806452,-8.70967741935484,0.0,0.0,559.1821184413144,0.05292190744632999,-0.1476485916657626,-2.688344941420987
59.96,1.612903225806452,-8.70967741935484,0.0,0.0,559.1708471442752,0.052916587724050806,-0.14765571492198415,-2.688317637139868
59.97,1.612903225806452,-8.70967741935484,0.0,0.0,559.1595758771285,0.05291140355909987,-0.14766271058195934,-2.6882912001100467
59.98,1.612903225806452,-8.70967741935484,0.0,0.0,559.1483046399773,0.05290635220204046,-0.14766957965716454,-2.6882656075876645
59.99,1.612903225806452,-8.70967741935484,0.0,0.0,559.1370334328967,0.05290143093775043,-0.14767632320441937,-2.6882408373110556
60.0,1.612903225806452,-8.70967741935484,0.0,0.0,559.125762255936,0.052896637085823955,-0.1476829423228705,-2.68821686749382
60.01,1.612903225806452,-9.35483870967742,0.0,0.0,559.1144646386219,0.05253156710161408,-0.20167153334000576,-2.6886042667703838
60.02,1.612903225806452,-9.35483870967742,0.0,0.0,559.1031419033046,0.052203028322830886,-0.200477921122154,-2.6889420889153755
60.03,1.612903225806452,-9.35483870967742,0.0,0.0,559.0917952946305,0.05190805270342261,-0.19932617132163621,-2.6892323300795455
60.04,1.612903225806452,-9.35483870967742,0.0,0.0,559.0804259840645,0.051643860845777684,-0.19821462852944238,-2.6894769318641636
60.05,1.612903225806452,-9.35483870967742,0.0,0.0,559.0690350741542,0.051407851115904485,-0.19714171799757352,-2.6896777796981883
60.06,1.612903225806452,-9.35483870967742,0.0,0.0,559.0576236025687,0.05119759016613992,-0.196105941429922,-2.6898367014516595
60.07,1.612903225806452,-9.35483870967742,0.0,0.0,559.0461925459366,0.05101080461753407,-0.19510587315742822,-2.6899554667069534
60.08,1.612903225806452,-9.35483870967742,0.0,0.0,559.0347428235021,0.05084537357856658,-0.19414015657226102,-2.690035786876303
60.09,1.612903225806452,-9.35483870967742,0.0,0.0,559.0232753006098,0.050699321681782344,-0.19320750072497372,-2.6900793161472802
60.1,1.612903225806452,-9.35483870967742,0.0,0.0,559.0117907920244,0.050570812380419244,-0.1923066770214158,-2.6900876531158264
60.11,1.612903225806452,-9.35483870967742,0.0,0.0,559.0002900650877,0.05045814132856721,-0.19143651598787992,-2.6900623429010713
60.12,1.612903225806452,-9.35483870967742,0.0,0.0,558.9887738427143,0.05035972974974243,-0.19059590409616523,-2.6900048795348788
60.13,1.612903225806452,-9.35483870967742,0.0,0.0,558.9772428062249,0.05027411776446253,-0.189783780655448,-2.6899167084477846
60.14,1.612903225806452,-9.35483870967742,0.0,0.0,558.9656975980204,0.05019995769345906,-0.18899913478526698,-2.689799228919537
60.15,1.612903225806452,-9.35483870967742,0.0,0.0,558.954138824096,0.05013600737980031,-0.18824100248624343,-2.689653796407406
60.16,1.612903225806452,-9.35483870967742,0.0,0.0,558.9425670564018,0.05008112358547548,-0.18750846382327468,-2.689481724710013
60.17,1.612903225806452,-9.35483870967742,0.0,0.0,558.9309828350499,0.05003425551881971,-0.18680064023323262,-2.689284287951984
60.18,1.612903225806452,-9.35483870967742,0.0,0.0,558.9193866703772,0.04999443854470506,-0.18611669196480884,-2.6890627224012067
60.19,1.612903225806452,-9.35483870967742,0.0,0.0,558.9077790448673,0.04996078812105567,-0.185455815654617,-2.6888182281427446
60.2,1.612903225806452,-9.35483870967742,0.0,0.0,558.8961604149392,0.04993249399614233,-0.18481724204042493,-2.688551970641073
60.21,1.612903225806452,-9.35483870967742,0.0,0.0,558.8845312126097,0.0499088146928687,-0.18420023380942374,-2.6882650822284964
60.22,1.612903225806452,-9.35483870967742,0.0,0.0,558.8728918470354,0.04988907229869735,-0.18360408357780922,-2.687958663555967
60.23,1.612903225806452,-9.35483870967742,0.0,0.0,558.8612427059445,0.04987264757500551,-0.18302811199606228,-2.6876337850464895
60.24,1.612903225806452,-9.35483870967742,0.0,0.0,558.8495841569626,0.04985897539559794,-0.18247166597429942,-2.6872914883847296
60.25,1.612903225806452,-9.35483870967742,0.0,0.0,558.8379165488416,0.04984754052378912,-0.18193411702109363,-2.6869327880816125
60.26,1.612903225806452,-9.35483870967742,0.0,0.0,558.8262402125998,0.04983787373815349,-0.18141485969012827,-2.686558673147238
60.27,1.612903225806452,-9.35483870967742,0.0,0.0,-6.672122183583164,0.04982954832086886,-0.1809133101299787,-2.6861701089047063
60.28,1.612903225806452,-9.35483870967742,0.0,0.0,558.8028625974308,0.049822176929029544,-0.1804289047339659,-2.6857680389755934
60.29,1.612903225806452,-9.35483870967742,0.0,0.0,558.7911619010297,0.049815408878251505,-0.17996109888976808,-2.685353387461987
60.3,1.612903225806452,-9.35483870967742,0.0,0.0,558.7794536433405,0.04980892787898447,-0.17950936583266308,-2.6849270613366265
60.31,1.612903225806452,-9.35483870967742,0.0,0.0,558.7677380812318,0.04980245027996552,-0.17907319561074286,-2.6844899530394826
60.32,1.612903225806452,-9.35483870967742,0.0,0.0,558.7560154592579,0.04979572388612466,-0.17865209417775496,-2.684042943242783
60.33,1.612903225806452,-9.35483870967742,0.0,0.0,558.7442860104195,0.04978852742888226,-0.17824558263711843,-2.6835869036981665
60.34,1.612903225806452,-9.35483870967742,0.0,0.0,558.7325499569172,0.04978067076828632,-0.17785319666939536,-2.6831227000060665
60.35,1.612903225806452,-9.35483870967742,0.0,0.0,558.7208075109171,0.049771995888267,-0.1774744861842047,-2.6826511940374576
60.36,1.612903225806452,-9.35483870967742,0.0,0.0,558.7090588753438,0.04976237869479114,-0.1771090152422986,-2.6821732455968252
60.37,1.612903225806452,-9.35483870967742,0.0,0.0,558.6973042447189,0.0497517315236192,-0.17675636228896596,-2.6816897127528265
60.38,1.612903225806452,-9.35483870967742,0.0,0.0,558.6855438060577,0.04974000609060711,-0.17641612072011437,-2.681201450099277
60.39,1.612903225806452,-9.35483870967742,0.0,0.0,558.6737777398275,0.049727196369545895,-0.17608789975667072,-2.6807093041242185
60.4,1.612903225806452,-9.35483870967742,0.0,0.0,558.6620062209568,0.04971334058356333,-0.17577132552813468,-2.6802141049428183
60.41,1.612903225806452,-9.35483870967742,0.0,0.0,558.650229419863,0.04969852122804605,-0.17546604216442774,-2.6797166540304413
60.42,1.612903225806452,-9.35483870967742,0.0,0.0,558.6384475034415,0.049682861946297535,-0.17517171259318298,-2.6792177083372897
60.43,1.612903225806452,-9.35483870967742,0.0,0.0,558.6266606359388,0.049666520333191105,-0.17488801867932902,-2.678717962254841
60.44,1.612903225806452,-9.35483870967742,0.0,0.0,558.6148689796214,0.04964967645442034,-0.1746146603866069,-2.678218030023858
60.45,1.612903225806452,-9.35483870967742,0.0,0.0,558.6030726951676,0.049632517962214545,-0.17435135381516165,-2.677718431878628
60.46,1.612903225806452,-9.35483870967742,0.0,0.0,558.5912719417416,0.049615223811012826,-0.17409782825288,-2.6772195869876354
60.47,1.612903225806452,-9.35483870967742,0.0,0.0,558.5794668767618,0.04959794923417496,-0.17385382266635874,-2.67672181495443
60.48,1.612903225806452,-9.35483870967742,0.0,0.0,558.5676576554254,0.049580814468097506,-0.1736190822253354,-2.6762253456515555
60.49,1.612903225806452,-9.35483870967742,0.0,0.0,558.5558444300868,0.04956389873734776,-0.17339335542316492,-2.6757303352745216
60.5,1.612903225806452,-9.35483870967742,0.0,0.0,558.5440273495942,0.04954723967300709,-0.17317639215092007,-2.6752368854375095
60.51,1.612903225806452,-9.35483870967742,0.0,0.0,-6.954471087487499,0.04953083717927434,-0.17296794280807481,-2.6747450621452415
60.52,1.612903225806452,-9.35483870967742,0.0,0.0,558.5203821974338,0.04951466014576264,-0.1727677583028585,-2.6742549122955825
60.53,1.612903225806452,-9.35483870967742,0.0,0.0,558.5085544009876,0.0494986543619865,-0.17257559067063866,-2.67376647650127
60.54,1.612903225806452,-9.35483870967742,0.0,0.0,-6.989954346913245,0.04948275033176566,-0.1723911940217282,-2.6732797980089957
60.55,1.612903225806452,-9.35483870967742,0.0,0.0,558.4848890168414,0.04946687016675397,-0.1722143255799563,-2.67279492815409
60.56,1.612903225806452,-9.35483870967742,0.0,0.0,558.4730516731145,0.04945093317679869,-0.17204474665151526,-2.6723119290805815
60.57,1.612903225806452,-9.35483870967742,0.0,0.0,558.461211382254,0.04943486009308021,-0.1718822234358096,-2.671830874506778
60.58,1.612903225806452,-9.35483870967742,0.0,0.0,558.4493682534423,0.049418576046287216,-0.17172652764607133,-2.671351849213725
60.59,1.612903225806452,-9.35483870967742,0.0,0.0,558.4375223910623,0.04940201250715395,-0.17157743694231864,-2.6708749477870883
60.6,1.612903225806452,-9.35483870967742,0.0,0.0,558.4256738949226,0.049385108414242956,-0.1714347351986697,-2.670400272988268
60.61,1.612903225806452,-9.35483870967742,0.0,0.0,558.4138228604944,0.04936781069629578,-0.17129821263407286,-2.66992793400712
60.62,1.612903225806452,-9.35483870967742,0.0,0.0,558.4019693791499,0.04935007436314717,-0.17116766583620013,-2.6694580447524454
60.63,1.612903225806452,-9.35483870967742,0.0,0.0,558.3901135383963,0.049331862302486124,-0.1710428977057019,-2.6689907222662597
60.64,1.612903225806452,-9.35483870967742,0.0,0.0,558.3782554221018,0.04931314488706964,-0.17092371734307865,-2.668526085307402
60.65,1.612903225806452,-9.35483870967742,0.0,0.0,558.3663951107105,0.049293899468456165,-0.17080993989661641,-2.6680642531165337
60.66,1.612903225806452,-9.35483870967742,0.0,0.0,558.3545326814452,0.0492741098117119,-0.1707013863853094,-2.6676053443605694
60.67,1.612903225806452,-9.35483870967742,0.0,0.0,558.342668208497,0.049253765508887964,-0.1705978835071169,-2.667149476245957
60.68,1.612903225806452,-9.35483870967742,0.0,0.0,558.3308017632027,0.04923286139633451,-0.17049926344043398,-2.6666967637832935
60.69,1.612903225806452,-9.35483870967742,0.0,0.0,558.3189334142086,0.0492113969920385,-0.1704053636443641,-2.6662473191849436
60.7,1.612903225806452,-9.35483870967742,0.0,0.0,558.3070632276235,0.049189375963240606,-0.1703160266612742,-2.665801251380651
60.71,1.612903225806452,-9.35483870967742,0.0,0.0,558.2951912671595,0.049166805629361016,-0.1702310999246478,-2.6653586656315986
60.72,1.612903225806452,-9.35483870967742,0.0,0.0,558.2833175942618,0.049143696503034434,-0.17015043557352205,-2.6649196632307284
60.73,1.612903225806452,-9.35483870967742,0.0,0.0,558.2714422682299,0.04912006186947157,-0.17007389027468844,-2.6644843412747914
60.74,1.612903225806452,-9.35483870967742,0.0,0.0,558.2595653463285,0.049095917403456396,-0.17000132505295007,-2.664052792498193
60.75,1.612903225806452,-9.35483870967742,0.0,0.0,558.2476868838908,0.049071280821989444,-0.16993260512988662,-2.6636251051567394
60.76,1.612903225806452,-9.35483870967742,0.0,0.0,558.2358069344133,0.049046171570746894,-0.1698675997707192,-2.663201362955281
60.77,1.612903225806452,-9.35483870967742,0.0,0.0,558.2239255496444,0.04902061054178361,-0.16980618213922527,-2.662781645010834
60.78,1.612903225806452,-9.35483870967742,0.0,0.0,558.2120427796659,0.048994619820080104,-0.16974822916031507,-2.6623660258455746
60.79,1.612903225806452,-9.35483870967742,0.0,0.0,558.200158672969,0.048968222456427485,-0.16969362138994926,-2.6619545754040983
60.8,1.612903225806452,-9.35483870967742,0.0,0.0,558.1882732765248,0.048941442264529705,-0.16964224289176644,-2.6615473590921788
60.81,1.612903225806452,-9.35483870967742,0.0,0.0,558.1763866358496,0.048914303639705364,-0.16959398112039403,-2.6611444378304987
60.82,1.612903225806452,-9.35483870967742,0.0,0.0,558.1644987950663,0.048886831397729175,-0.16954872681042332,-2.6607458681245446
60.83,1.612903225806452,-9.35483870967742,0.0,0.0,558.1526097969611,0.04885905063121396,-0.16950637387133216,-2.6603517021431204
60.84,1.612903225806452,-9.35483870967742,0.0,0.0,558.1407196830369,0.048830986582452746,-0.16946681928729845,-2.659961987808019
60.85,1.612903225806452,-9.35483870967742,0.0,0.0,558.1288284935629,0.04880266453063711,-0.16942996302202673,-2.6595767688895036
60.86,1.612903225806452,-9.35483870967742,0.0,0.0,558.1169362676213,0.04877410969226689,-0.16939570792797498,-2.659196085107927
60.87,1.612903225806452,-9.35483870967742,0.0,0.0,558.1050430431513,0.04874534713338166,-0.16936395965972328,-2.65881997223973
60.88,1.612903225806452,-9.35483870967742,0.0,0.0,558.0931488569897,0.04871640169233296,-0.16933462659127108,-2.658448462226077
60.89,1.612903225806452,-9.35483870967742,0.0,0.0,-7.405423901252683,0.04868729791227175,-0.16930761973674813,-2.6580815832849125
60.9,1.612903225806452,-9.35483870967742,0.0,0.0,558.0693577416589,0.048658059981999874,-0.16928285267466425,-2.6577193600229516
60.91,1.612903225806452,-9.35483870967742,0.0,0.0,558.0574608809903,0.04862871168478297,-0.16926024147499652,-2.65736181355025
60.92,1.612903225806452,-9.35483870967742,0.0,0.0,558.0455631956984,0.04859927635382458,-0.1692397046294154,-2.6570089615931756
60.93,1.612903225806452,-9.35483870967742,0.0,0.0,558.0336647176479,0.04856977683419536,-0.16922116298394851,-2.656660818608846
60.94,1.612903225806452,-9.35483870967742,0.0,0.0,558.0217654778038,0.04854023545022304,-0.16920453967426108,-2.656317395898144
60.95,1.612903225806452,-9.35483870967742,0.0,0.0,558.0098655062586,0.048510673977817914,-0.1691897600633382,-2.6559787017173377
60.96,1.612903225806452,-9.35483870967742,0.0,0.0,557.9979648322591,0.048481113621490574,-0.16917675168114288,-2.655644741389954
60.97,1.612903225806452,-9.35483870967742,0.0,0.0,-7.500614161932057,0.048451574995107355,-0.1691654441666004,-2.655315517415284
60.98,1.612903225806452,-9.35483870967742,0.0,0.0,557.9741614898023,0.04842207810651414,-0.1691557692112311,-2.654991029577185
60.99,1.612903225806452,-9.35483870967742,0.0,0.0,-7.524418770334485,0.04839264234512744,-0.1691476605048391,-2.6546712750493957
61.0,1.612903225806452,-9.35483870967742,0.0,0.0,-7.53632197775233,0.04836328647252189,-0.169141053682777,-2.654356248499841
61.01,1.612903225806452,-9.35483870967742,0.0,0.0,557.9384518929189,0.04833402861556094,-0.16913588627483978,-2.6540459421928095
61.02,1.612903225806452,-9.35483870967742,0.0,0.0,557.926547574012,0.04830488626175347,-0.1691320976557329,-2.653740346088685
61.03,1.612903225806452,-9.35483870967742,0.0,0.0,557.9146427356552,0.04827587625661997,-0.1691296289970049,-2.653439447941383
61.04,1.612903225806452,-9.35483870967742,0.0,0.0,557.9027374011395,0.04824701480293528,-0.16912842322027166,-2.6531432333941427
61.05,1.612903225806452,-9.35483870967742,0.0,0.0,557.8908315930988,0.0482183174614326,-0.16912842495188196,-2.652851686072129
61.06,1.612903225806452,-9.35483870967742,0.0,0.0,557.8789253335271,0.048189799152976914,-0.16912958047876614,-2.652564787673201
61.07,1.612903225806452,-9.35483870967742,0.0,0.0,557.8670186437943,0.048161474161944634,-0.1691318377055121,-2.652282518056124
61.08,1.612903225806452,-9.35483870967742,0.0,0.0,-7.631566101500888,0.0481333561407398,-0.169135146112537,-2.6520048553267923
61.09,1.612903225806452,-9.35483870967742,0.0,0.0,557.8432040562981,0.04810545811506797,-0.16913945671555364,-2.6517317759207484
61.1,1.612903225806452,-9.35483870967742,0.0,0.0,557.8312961982921,0.048077792490303944,-0.1691447220258323,-2.6514632546851677
61.11,1.612903225806452,-9.35483870967742,0.0,0.0,557.8193879896681,0.048050371058339564,-0.1691508960117265,-2.6511992649568104
61.12,1.612903225806452,-9.35483870967742,0.0,0.0,557.807479448899,0.048023205005173625,-0.16915793406106905,-2.6509397786384254
61.13,1.612903225806452,-9.35483870967742,0.0,0.0,-7.691107052244213,0.04799630491893139,-0.16916579294463285,-2.6506847662720503
61.14,1.612903225806452,-9.35483870967742,0.0,0.0,-7.703016204028025,0.047969680798515685,-0.16917443078035233,-2.6504341971111316
61.15,1.612903225806452,-9.35483870967742,0.0,0.0,557.7717520104414,0.04794334206243059,-0.16918380699866864,-2.650188039188778
61.16,1.612903225806452,-9.35483870967742,0.0,0.0,557.75984231523,0.047917297558063315,-0.16919388230863086,-2.649946259384547
61.17,1.612903225806452,-9.35483870967742,0.0,0.0,557.7479323724009,0.04789155557127758,-0.16920461866482994,-2.649708823489095
61.18,1.612903225806452,-9.35483870967742,0.0,0.0,557.7360221973744,0.047866123836109414,-0.16921597923530596,-2.649475696265612
61.19,1.612903225806452,-9.35483870967742,0.0,0.0,557.7241118051011,0.047841009544777796,-0.16922792837016487,-2.6492468415097474
61.2,1.612903225806452,-9.35483870967742,0.0,0.0,557.7122012100722,0.04781621935782934,-0.1692404315710334,-2.649022222107055
61.21,1.612903225806452,-9.35483870967742,0.0,0.0,557.7002904263296,0.047791759414461094,-0.1692534554612687,-2.648801800088444
61.22,1.612903225806452,-9.35483870967742,0.0,0.0,557.6883794674752,0.04776763534285036,-0.1692669677570564,-2.648585536682648
61.23,1.612903225806452,-9.35483870967742,0.0,0.0,557.6764683466804,0.0477438522707925,-0.16928093723906656,-2.6483733923679216
61.24,1.612903225806452,-9.35483870967742,0.0,0.0,557.664557076695,0.04772041483625403,-0.1692953337250338,-2.648165326920389
61.25,1.612903225806452,-9.35483870967742,0.0,0.0,557.6526456698562,0.04769732719811495,-0.1693101280429663,-2.6479612994610275
61.26,1.612903225806452,-9.35483870967742,0.0,0.0,557.6407341380967,0.047674593046997754,-0.1693252920050674,-2.6477612685006533
61.27,1.612903225806452,-9.35483870967742,0.0,0.0,557.6288224929535,0.04765221561611424,-0.16934079838242477,-2.6475651919825154
61.28,1.612903225806452,-9.35483870967742,0.0,0.0,557.6169107455755,0.04763019769229668,-0.16935662088028647,-2.6473730273236784
61.29,1.612903225806452,-9.35483870967742,0.0,0.0,557.6049989067317,0.0476085416270671,-0.16937273411405873,-2.647184731454246
61.3,1.612903225806452,-9.35483870967742,0.0,0.0,557.5930869868184,0.04758724934774919,-0.1693891135860145,-2.647000260854474
61.31,1.612903225806452,-9.35483870967742,0.0,0.0,557.5811749958672,0.047566322368776254,-0.16940573566254435,-2.646819571590874
61.32,1.612903225806452,-9.35483870967742,0.0,0.0,557.5692629435516,0.047545761803069325,-0.16942257755207424,-2.6466426193504575
61.33,1.612903225806452,-9.35483870967742,0.0,0.0,557.5573508391949,0.04752556837349006,-0.16943961728362955,-2.646469359473193
61.34,1.612903225806452,-9.35483870967742,0.0,0.0,557.5454386917763,0.04750574242442521,-0.1694568336859852,-2.646299746983096
61.35,1.612903225806452,-9.35483870967742,0.0,0.0,557.5335265099384,0.047486283933540735,-0.169474206367348,-2.646133736618243
61.36,1.612903225806452,-9.35483870967742,0.0,0.0,557.5216143019935,0.047467192523626384,-0.16949171569564225,-2.6459712828592328
61.37,1.612903225806452,-9.35483870967742,0.0,0.0,557.5097020759304,0.04744846747450135,-0.1695093427794111,-2.6458123399559272
61.38,1.612903225806452,-9.35483870967742,0.0,0.0,557.4977898394205,0.04743010773519843,-0.16952706944910345,-2.6456568619540466
61.39,1.612903225806452,-9.35483870967742,0.0,0.0,557.4858775998248,0.04741211193614328,-0.16954487823900666,-2.6455048027197545
61.4,1.612903225806452,-9.35483870967742,0.0,0.0,557.4739653641992,0.04739447840151054,-0.1695627523696276,-2.6453561159635646
61.41,1.612903225806452,-9.35483870967742,0.0,0.0,557.4620531393018,0.04737720516178526,-0.16958067573046576,-2.64521075526388
61.42,1.612903225806452,-9.35483870967742,0.0,0.0,557.4501409315981,0.04736028996622241,-0.16959863286346144,-2.645068674088192
61.43,1.612903225806452,-9.35483870967742,0.0,0.0,557.4382287472674,0.04734373029569652,-0.16961660894659614,-2.644929825815429
61.44,1.612903225806452,-9.35483870967742,0.0,0.0,557.4263165922093,0.047327523375445296,-0.16963458977811052,-2.644794163756231
61.45,1.612903225806452,-9.35483870967742,0.0,0.0,557.4144044720488,0.047311666187893314,-0.16965256176111676,-2.6446616411725885
61.46,1.612903225806452,-9.35483870967742,0.0,0.0,557.4024923921428,0.047296155485739205,-0.16967051188838644,-2.644532211298279
61.47,1.612903225806452,-9.35483870967742,0.0,0.0,557.3905803575859,0.04728098780480347,-0.16968842772777604,-2.6444058273568687
61.48,1.612903225806452,-9.35483870967742,0.0,0.0,557.3786683732164,0.04726615947716603,-0.1697062974077176,-2.644282442581092
61.49,1.612903225806452,-9.35483870967742,0.0,0.0,557.3667564436219,0.047251666644069074,-0.16972410960325812,-2.6441620102302625
61.5,1.612903225806452,-9.35483870967742,0.0,0.0,-8.131833073017567,0.04723750526904438,-0.16974185352213877,-2.6440444836090573
61.51,1.612903225806452,-9.35483870967742,0.0,0.0,557.3429327658905,0.04722367115070328,-0.16975951889143293,-2.6439298160840856
61.52,1.612903225806452,-9.35483870967742,0.0,0.0,557.3310210257289,0.04721015993572933,-0.1697770959441547,-2.6438179611021613
61.53,1.612903225806452,-9.35483870967742,0.0,0.0,557.3191093563041,0.0471969671315082,-0.169794575406354,-2.643708872206656
61.54,1.612903225806452,-9.35483870967742,0.0,0.0,557.3071977610389,0.04718408811885097,-0.16981194848419767,-2.6436025030552837
61.55,1.612903225806452,-9.35483870967742,0.0,0.0,557.2952862431401,0.047171518164311005,-0.16982920685148728,-2.643498807436146
61.56,1.612903225806452,-9.35483870967742,0.0,0.0,557.2833748056054,0.04715925243251537,-0.1698463426371487,-2.6433977392851307
61.57,1.612903225806452,-9.35483870967742,0.0,0.0,557.2714634512281,0.047147285998079796,-0.1698633484130786,-2.6432992527019517
61.58,1.612903225806452,-9.35483870967742,0.0,0.0,557.2595521826037,0.04713561385737711,-0.16988021718203805,-2.643203301966881
61.59,1.612903225806452,-9.35483870967742,0.0,0.0,557.2476410021355,0.047124230940048556,-0.16989694236566055,-2.6431098415576115
61.6,1.612903225806452,-9.35483870967742,0.0,0.0,557.2357299120404,0.04711313211996124,-0.16991351779283848,-2.6430188261644276
61.61,1.612903225806452,-9.35483870967742,0.0,0.0,557.2238189143545,0.04710231222618935,-0.16992993768787057,-2.642930210707771
61.62,1.612903225806452,-9.35483870967742,0.0,0.0,557.2119080109393,0.047091766053241474,-0.1699461966591228,-2.6428439503530723
61.63,1.612903225806452,-9.35483870967742,0.0,0.0,557.1999972034869,0.04708148837119849,-0.1699622896875056,-2.642760000527497
61.64,1.612903225806452,-9.35483870967742,0.0,0.0,557.188086493526,0.047071473935256875,-0.16997821211525166,-2.642678316935291
61.65,1.612903225806452,-9.35483870967742,0.0,0.0,557.1761758824279,0.04706171749494517,-0.16999395963470576,-2.6425988555736306
61.66,1.612903225806452,-9.35483870967742,0.0,0.0,557.1642653714114,0.04705221380284727,-0.17000952827727633,-2.642521572747936
61.67,1.612903225806452,-9.35483870967742,0.0,0.0,557.1523549615491,0.0470429576228554,-0.17002491440251322,-2.6424464250868445
61.68,1.612903225806452,-9.35483870967742,0.0,0.0,557.1404446537726,0.0470339437380102,-0.17004011468724656,-2.642373369557272
61.69,1.612903225806452,-9.35483870967742,0.0,0.0,557.1285344488782,0.047025166957869596,-0.17005512611483964,-2.642302363479189
61.7,1.612903225806452,-9.35483870967742,0.0,0.0,557.1166243475319,0.04701662212530447,-0.17006994596465685,-2.642233364539398
61.71,1.612903225806452,-9.35483870967742,0.0,0.0,557.1047143502752,0.047008304122969774,-0.17008457180149916,-2.642166330805997
61.72,1.612903225806452,-9.35483870967742,0.0,-0.0,557.0928044575304,0.047000207879201755,-0.17009900146526535,-2.642101220741772
61.73,1.612903225806452,-9.35483870967742,0.0,-0.0,557.0808946696056,0.04699232837346226,-0.17011323306072312,-2.642037993217305
61.74,1.612903225806452,-9.35483870967742,0.0,-0.0,557.0689849866999,0.046984660641270076,-0.17012726494746422,-2.6419766075233055
61.75,1.612903225806452,-9.35483870967742,0.0,-0.0,557.0570754089083,0.046977199778843376,-0.17014109572983205,-2.6419170233836042
61.76,1.612903225806452,-9.35483870967742,0.0,-0.0,557.045165936227,0.04696994094709886,-0.17015472424719447,-2.6418592009663056
61.77,1.612903225806452,-9.35483870967742,0.0,-0.0,557.033256568558,0.04696287937533425,-0.17016814956425252,-2.6418031008952076
61.78,1.612903225806452,-9.35483870967742,0.0,-0.0,557.021347305714,0.046956010364459816,-0.1701813709615393,-2.6417486842604636
61.79,1.612903225806452,-9.35483870967742,0.0,-0.0,557.0094381474225,0.04694932928977655,-0.1701943879261335,-2.64169591262834
61.8,1.612903225806452,-9.35483870967742,0.0,-0.0,556.9975290933313,0.046942831603552254,-0.17020720014236101,-2.641644748051647
61.81,1.612903225806452,-9.35483870967742,0.0,-0.0,556.9856201430118,0.04693651283691044,-0.17021980748298915,-2.641595153077419
61.82,1.612903225806452,-9.35483870967742,0.0,-0.0,556.9737112959643,0.04693036860173752,-0.17023221000023625,-2.641547090756486
61.83,1.612903225806452,-9.35483870967742,0.0,-0.0,556.9618025516216,0.04692439459193962,-0.17024440791728745,-2.6415005246502705
61.84,1.612903225806452,-9.35483870967742,0.0,-0.0,556.9498939093531,0.04691858658455614,-0.17025640161983546,-2.6414554188380976
61.85,1.612903225806452,-9.35483870967742,0.0,-0.0,556.9379853684688,0.04691294044057995,-0.17026819164781992,-2.6414117379238715
61.86,1.612903225806452,-9.35483870967742,0.0,-0.0,556.9260769282232,0.04690745210543876,-0.1702797786874356,-2.6413694470416695
61.87,1.612903225806452,-9.35483870967742,0.0,-0.0,556.9141685878188,0.046902117609273736,-0.17029116356329588,-2.6413285118610403
61.88,1.612903225806452,-9.35483870967742,0.0,-0.0,556.9022603464099,0.046896933066934626,-0.17030234723085613,-2.6412888985913336
61.89,1.612903225806452,-9.35483870967742,0.0,-0.0,556.8903522031057,0.04689189467784452,-0.1703133307689647,-2.641250573985968
61.9,1.612903225806452,-9.35483870967742,0.0,-0.0,556.8784441569741,0.04688699872555316,-0.17032411537274517,-2.6412135053452905
61.91,1.612903225806452,-9.35483870967742,0.0,-0.0,556.8665362070442,0.046882241577245604,-0.17033470234656056,-2.6411776605197255
61.92,1.612903225806452,-9.35483870967742,0.0,-0.0,556.8546283523099,0.04687761968294166,-0.17034509309734414,-2.6411430079113103
61.93,1.612903225806452,-9.35483870967742,0.0,-0.0,556.8427205917327,0.04687312957475412,-0.17035528912794673,-2.641109516475997
61.94,1.612903225806452,-9.35483870967742,0.0,-0.0,556.8308129242446,0.04686876786578517,-0.17036529203093542,-2.6410771557237953
61.95,1.612903225806452,-9.35483870967742,0.0,-0.0,556.8189053487504,0.04686453124906262,-0.17037510348245866,-2.6410458957193788
61.96,1.612903225806452,-9.35483870967742,0.0,-0.0,556.8069978641308,0.0468604164964139,-0.1703847252362919,-2.6410157070823717
61.97,1.612903225806452,-9.35483870967742,0.0,-0.0,556.7950904692447,0.046856420457071585,-0.17039415911828282,-2.6409865609858647
61.98,1.612903225806452,-9.35483870967742,0.0,-0.0,556.7831831629311,0.04685254005642733,-0.17040340702079104,-2.6409584291559005
61.99,1.612903225806452,-9.35483870967742,0.0,-0.0,556.7712759440122,0.04684877229459314,-0.17041247089747003,-2.640931283869562
62.0,1.612903225806452,-9.35483870967742,0.0,-0.0,-8.727308834867934,0.04684511424489837,-0.17042135275827397,-2.6409050979524835
62.01,1.612903225806452,-10.0,0.0,-0.0,-8.739239009365185,0.04652303402997063,-0.2245729075689562,-2.6412156322396316
62.02,1.612903225806452,-10.0,0.0,-0.0,556.7354865316007,0.04623302648663466,-0.22353391471011042,-2.6414917981037713
62.03,1.612903225806452,-10.0,0.0,-0.0,556.7235135232402,0.045971476672437867,-0.22252873280527108,-2.641733274533804
62.04,1.612903225806452,-10.0,0.0,-0.0,556.7115205702598,0.04573550620175573,-0.22155605931962097,-2.6419403492398073
62.05,1.612903225806452,-10.0,0.0,-0.0,556.6995085706466,0.045522654790740386,-0.2206146847777406,-2.642113633996115
62.06,1.612903225806452,-10.0,0.0,-0.0,556.6874783677227,0.0453307464736373,-0.21970347247009314,-2.642253922780408
62.07,1.612903225806452,-10.0,0.0,-0.0,556.67543075478,0.0451578235800931,-0.21882134821670263,-2.6423621169247435
62.08,1.612903225806452,-10.0,0.0,-0.0,556.6633664789842,0.04500210900431942,-0.21796729390401148,-2.642439182674273
62.09,1.612903225806452,-10.0,0.0,-0.0,556.6512862447971,0.04486198169814251,-0.21714034269061755,-2.6424861254026233
62.1,1.612903225806452,-10.0,0.0,-0.0,556.6391907170404,0.04473595899432717,-0.21633957507904777,-2.6425039729533344
62.11,1.612903225806452,-10.0,0.0,-0.0,556.627080523677,0.04462268279820095,-0.21556411551096344,-2.6424937642962383
62.12,1.612903225806452,-10.0,0.0,-0.0,556.614956258353,0.04452090816949486,-0.21481312932485508,-2.642456541455756
62.13,1.612903225806452,-10.0,0.0,-0.0,556.6028184827321,0.04442949350874473,-0.21408581999216836,-2.6423933435638585
62.14,1.612903225806452,-10.0,0.0,-0.0,556.5906677286456,0.04434739190424822,-0.21338142658467318,-2.642305202353238
62.15,1.612903225806452,-10.0,0.0,-0.0,556.5785045000761,0.044273643375181165,-0.21269922144270803,-2.64219313867076
62.16,1.612903225806452,-10.0,0.0,-0.0,556.5663292749892,0.04420736784307053,-0.2120385080240993,-2.6420581597336366
62.17,1.612903225806452,-10.0,0.0,-0.0,556.5541425070273,0.04414775872011509,-0.21139861891779133,-2.6419012569454376
62.18,1.612903225806452,-10.0,0.0,-0.0,556.5419446270754,0.04409407703512566,-0.2107789140097146,-2.6417234041409827
62.19,1.612903225806452,-10.0,0.0,-0.0,556.5297360447107,0.04404564603817776,-0.2101787787901459,-2.641525556165951
62.2,1.612903225806452,-10.0,0.0,-0.0,556.5175171495441,0.04400184623807599,-0.20959762279301442,-2.6413086477214267
62.21,1.612903225806452,-10.0,0.0,-0.0,556.5052883124627,0.043962110835703144,-0.20903487815821242,-2.6410735924224475
62.22,1.612903225806452,-10.0,0.0,-0.0,556.4930498867811,0.043925921522007944,-0.20848999830902026,-2.6408212820293326
62.23,1.612903225806452,-10.0,0.0,-0.0,556.4808022093096,0.043892804614075825,-0.20796245673695346,-2.6405525858219248
62.24,1.612903225806452,-10.0,0.0,-0.0,556.4685456013436,0.04386232750610611,-0.20745174588660098,-2.640268350095027
62.25,1.612903225806452,-10.0,0.0,-0.0,556.4562803695849,0.04383409541439051,-0.2069573761334348,-2.639969397758264
62.26,1.612903225806452,-10.0,0.0,-0.0,556.4440068069961,0.04380774839725429,-0.20647887484766303,-2.639656528029061
62.27,1.612903225806452,-10.0,0.0,-0.0,556.4317251935973,0.04378295863211348,-0.20601578553733857,-2.639330516211189
62.28,1.612903225806452,-10.0,0.0,-0.0,556.4194357972091,0.04375942793289164,-0.20556766706366336,-2.6389921135566046
62.29,1.612903225806452,-10.0,0.0,-0.0,556.4071388741445,0.04373688549067814,-0.2051340929221822,-2.6386420472059355
62.3,1.612903225806452,-10.0,0.0,-0.0,556.3948346698586,0.04371508582173092,-0.20471465058241012,-2.638281020212251
62.31,1.612903225806452,-10.0,0.0,-0.0,556.3825234195559,0.04369380690550731,-0.20430894087973062,-2.6379097116454697
62.32,1.612903225806452,-10.0,0.0,-0.0,556.3702053487609,0.04367284849595196,-0.20391657745267977,-2.637528776780362
62.33,1.612903225806452,-10.0,0.0,-0.0,556.3578806738547,0.043652030588784335,-0.2035371862191213,-2.6371388473692408
62.34,1.612903225806452,-10.0,0.0,-0.0,556.3455496025805,0.04363119202718216,-0.203170404885318,-2.6367405319980453
62.35,1.612903225806452,-10.0,0.0,-0.0,556.3332123345208,0.04361018922841017,-0.20281588248227356,-2.636334416523348
62.36,1.612903225806452,-10.0,0.0,-0.0,556.3208690615473,0.043588895014530754,-0.2024732789241116,-2.635921064586949
62.37,1.612903225806452,-10.0,0.0,-0.0,556.3085199682467,0.04356719753079727,-0.2021422645843055,-2.6355010182003187
62.38,1.612903225806452,-10.0,0.0,-0.0,556.2961652323226,0.04354499923683405,-0.20182251988607536,-2.6350747983909293
62.39,1.612903225806452,-10.0,0.0,-0.0,556.2838050249749,0.04352221595709885,-0.201513734904339,-2.634642905899218
62.4,1.612903225806452,-10.0,0.0,-0.0,556.2714395112591,0.04349877597932514,-0.20121560897719315,-2.6342058219153293
62.41,1.612903225806452,-10.0,0.0,-0.0,556.259068850424,0.04347461919136189,-0.20092785032614924,-2.6337640088411383
62.42,1.612903225806452,-10.0,0.0,-0.0,556.2466931962293,0.043449696249513475,-0.20065017568464427,-2.6333179110657476
62.43,1.612903225806452,-10.0,0.0,-0.0,556.2343126972455,0.043423967773541045,-0.2003823099351093,-2.6328679557421193
62.44,1.612903225806452,-10.0,0.0,-0.0,556.2219274971332,0.04339740356511754,-0.20012398575575407,-2.6324145535509
62.45,1.612903225806452,-10.0,0.0,-0.0,556.2095377349054,0.0433699818491817,-0.19987494327766575,-2.6319580994445824
62.46,1.612903225806452,-10.0,0.0,-0.0,556.1971435451721,0.04334168853797618,-0.19963492975406794,-2.6314989733599186
62.47,1.612903225806452,-10.0,0.0,-0.0,556.1847450583674,0.04331251651969234,-0.19940369924253576,-2.6310375408953317
62.48,1.612903225806452,-10.0,0.0,-0.0,556.1723424009606,0.04328246497329011,-0.1991810123018959,-2.6305741539454273
62.49,1.612903225806452,-10.0,0.0,-0.0,556.1599356956518,0.043251538712330145,-0.19896663570441053,-2.6301091512926
62.5,1.612903225806452,-10.0,0.0,-0.0,556.1475250615528,0.04321974755995148,-0.1987603421643266,-2.629642859152779
62.51,1.612903225806452,-10.0,0.0,-0.0,556.1351106143533,0.04318710575735765,-0.19856191008313384,-2.6291755916766633
62.52,1.612903225806452,-10.0,0.0,-0.0,556.1226924664752,0.043153631407568865,-0.19837112331179763,-2.628707651407629
62.53,1.612903225806452,-10.0,0.0,-0.0,-9.376406918948994,0.04311934595574765,-0.19818777092988726,-2.6282393296987734
62.54,1.612903225806452,-10.0,0.0,-0.0,556.0978455028676,0.04308427370685128,-0.19801164704126506,-2.627770907092168
62.55,1.612903225806452,-10.0,0.0,-0.0,556.0854168968583,0.04304844138089134,-0.197842550585681,-2.6273026536644277
62.56,1.612903225806452,-10.0,0.0,-0.0,556.0729850098409,0.04301187770529899,-0.1976802851656968,-2.626834829341231
62.57,1.612903225806452,-10.0,0.0,-0.0,556.0605499398046,0.04297461304367203,-0.19752465888796022,-2.626367684185111
62.58,1.612903225806452,-10.0,0.0,-0.0,556.0481117821668,0.04293667905976298,-0.19737548421778528,-2.6259014586605645
62.59,1.612903225806452,-10.0,0.0,-0.0,556.0356706298587,0.04289810841489908,-0.19723257784626846,-2.625436383878186
62.6,1.612903225806452,-10.0,0.0,-0.0,556.0232265734055,0.04285893449741754,-0.1970957605685214,-2.624972681823221
62.61,1.612903225806452,-10.0,0.0,-0.0,556.0107797009999,0.04281919118184627,-0.19696485717228673,-2.6245105655693357
62.62,1.612903225806452,-10.0,0.0,-0.0,555.9983300985713,0.0427789126159461,-0.19683969633574538,-2.624050239481111
62.63,1.612903225806452,-10.0,0.0,-0.0,555.9858778498491,0.042738133033403486,-0.19672011053365723,-2.623591899406659
62.64,1.612903225806452,-10.0,0.0,-0.0,555.9734230364236,0.0426968865903318,-0.19660593595066211,-2.6231357328637106
62.65,1.612903225806452,-10.0,0.0,-0.0,555.9609657378014,0.04265520722311142,-0.19649701240131667,-2.6226819192180333
62.66,1.612903225806452,-10.0,0.0,-0.0,555.948506031459,0.04261312852612112,-0.196393183255554,-2.6222306298586933
62.67,1.612903225806452,-10.0,0.0,-0.0,-9.55063365326999,0.04257068364706254,-0.196294295369272,-2.6217820283685223
62.68,1.612903225806452,-10.0,0.0,-0.0,555.9235796956665,0.042527905198323585,-0.1962001990191945,-2.621336270691939
62.69,1.612903225806452,-10.0,0.0,-0.0,555.9111132114568,0.042484825182747404,-0.19611074784140425,-2.6208935053008395
62.7,1.612903225806452,-10.0,0.0,-0.0,555.8986446100967,0.0424414749321633,-0.19602579877314963,-2.62045387335832
62.71,1.612903225806452,-10.0,0.0,-0.0,555.8861739596168,0.04239788505748651,-0.19594521199724968,-2.620017508881933
62.72,1.612903225806452,-10.0,0.0,-0.0,555.8737013262863,0.042354085408834036,-0.19586885088895745,-2.6195845389050993
62.73,1.612903225806452,-10.0,0.0,-0.0,555.8612267746507,0.042310105044673724,-0.1957965819647305,-2.6191550836380544
62.74,1.612903225806452,-10.0,0.0,-0.0,555.8487503675701,0.04226597220900155,-0.1957282748325333,-2.618729256628858
62.75,1.612903225806452,-10.0,0.0,-0.0,555.8362721662554,0.04222171431532892,-0.1956638021436482,-2.6183071649229754
62.76,1.612903225806452,-10.0,0.0,-0.0,555.8237922303041,0.04217735793686303,-0.19560303954549563,-2.6178889092231032
62.77,1.612903225806452,-10.0,0.0,-0.0,555.8113106177349,0.042132928801913855,-0.19554586563543663,-2.6174745840481233
62.78,1.612903225806452,-10.0,0.0,-0.0,555.7988273850217,0.04208845179392287,-0.19549216191526742,-2.61706427789187
62.79,1.612903225806452,-10.0,0.0,-0.0,555.7863425871269,0.04204395095540178,-0.19544181274632477,-2.616658073381229
62.8,1.612903225806452,-10.0,0.0,-0.0,555.773856277534,0.041999449495277036,-0.19539470530499825,-2.6162560474339696
62.81,1.612903225806452,-10.0,0.0,-0.0,555.76136850828,0.04195496979906385,-0.19535072953859223,-2.615858271415916
62.82,1.612903225806452,-10.0,0.0,-0.0,555.7488793299868,0.041910533441347514,-0.1953097781215053,-2.6154648112970262
62.83,1.612903225806452,-10.0,0.0,-0.0,555.7363887918925,0.04186616120030076,-0.19527174641150102,-2.615075727807212
62.84,1.612903225806452,-10.0,0.0,-0.0,555.7238969418818,0.04182187307365556,-0.1952365324062123,-2.6146910765905416
62.85,1.612903225806452,-10.0,0.0,-0.0,555.7114038265165,0.04177768829611081,-0.19520403669952058,-2.6143109083596636
62.86,1.612903225806452,-10.0,0.0,-0.0,555.6989094910655,0.04173362535742833,-0.1951741624382176,-2.6139352690476017
62.87,1.612903225806452,-10.0,0.0,-0.0,555.6864139795337,0.04168970202136066,-0.19514681527851552,-2.6135641999593187
62.88,1.612903225806452,-10.0,0.0,-0.0,555.6739173346914,0.0416459353449711,-0.19512190334259594,-2.613197737921671
62.89,1.612903225806452,-10.0,0.0,-0.0,555.6614195981031,0.04160234169815771,-0.19509933717517292,-2.612835915431757
62.9,1.612903225806452,-10.0,0.0,-0.0,555.6489208101551,0.041558936783200745,-0.19507902970006785,-2.61247876080353
62.91,1.612903225806452,-10.0,0.0,-0.0,555.6364210100842,0.04151573565429126,-0.1950608961766951,-2.6121262983132425
62.92,1.612903225806452,-10.0,0.0,-0.0,555.6239202360044,0.041472752736701674,-0.1950448541566726,-2.6117785483423512
62.93,1.612903225806452,-10.0,0.0,-0.0,555.6114185249344,0.04143000184559967,-0.19503082344047007,-2.611435527518448
62.94,1.612903225806452,-10.0,0.0,-0.0,555.5989159128239,0.0413874962046,-0.19501872603392123,-2.6110972488552373
62.95,1.612903225806452,-10.0,0.0,-0.0,555.5864124345803,0.041345248463493495,-0.19500848610512234,-2.6107637218884983
62.96,1.612903225806452,-10.0,0.0,-0.0,555.573908124094,0.04130327071565845,-0.1950000299411776,-2.610434952811337
62.97,1.612903225806452,-10.0,0.0,-0.0,555.5614030142639,0.04126157451464127,-0.19499328590529552,-2.6101109446057866
62.98,1.612903225806452,-10.0,0.0,-0.0,555.5488971370222,0.04122017089029237,-0.194988184393854,-2.6097916971731667
62.99,1.612903225806452,-10.0,0.0,-0.0,555.5363905233593,0.04117907036404492,-0.1949846577938671,-2.609477207460731
63.0,1.612903225806452,-10.0,0.0,-0.0,555.5238832033473,0.04113828296363112,-0.194982640440583,-2.609167469586345
63.01,1.612903225806452,-10.0,0.0,-0.0,555.5113752061638,0.04109781823705169,-0.19498206857544298,-2.6088624749599876
63.02,1.612903225806452,-10.0,0.0,-0.0,555.4988665601151,0.04105768526594314,-0.19498288030429978,-2.608562212402818
63.03,1.612903225806452,-10.0,0.0,-0.0,555.486357292658,0.04101789267826525,-0.19498501555602787,-2.608266668263186
63.04,1.612903225806452,-10.0,0.0,-0.0,555.4738474304232,0.040978448660468486,-0.19498841604142558,-2.6079758265303403
63.05,1.612903225806452,-10.0,0.0,-0.0,555.461336999236,0.040939360968847566,-0.19499302521276385,-2.6076896689438733
63.06,1.612903225806452,-10.0,0.0,-0.0,555.4488260241376,0.040900636940625595,-0.19499878822350236,-2.6074081751019493
63.07,1.612903225806452,-10.0,0.0,-0.0,555.436314529406,0.04086228350429463,-0.19500565188871188,-2.607131322565225
63.08,1.612903225806452,-10.0,0.0,-0.0,555.4238025385761,0.04082430718962851,-0.19501356464585384,-2.606859086958745
63.09,1.612903225806452,-10.0,0.0,-0.0,555.4112900744593,0.04078671413716131,-0.19502247651618554,-2.6065914420703202
63.1,1.612903225806452,-10.0,0.0,-0.0,555.398777159163,0.04074951010730346,-0.19503233906668382,-2.6063283599462115
63.11,1.612903225806452,-10.0,0.0,-0.0,555.3862638141092,0.04071270048909667,-0.1950431053725451,-2.606069810983895
63.12,1.612903225806452,-10.0,0.0,-0.0,555.3737500600524,0.04067629030864675,-0.19505472998027928,-2.605815764021943
63.13,1.612903225806452,-10.0,0.0,-0.0,555.3612359170983,0.040640284237251884,-0.19506716887143316,-2.6055661864269353
63.14,1.612903225806452,-10.0,0.0,-0.0,-10.13795624144246,0.04060468659935715,-0.1950803794268624,-2.6053210441779995
63.15,1.612903225806452,-10.0,0.0,-0.0,555.3362065417772,0.04056950138016077,-0.19509432039177088,-2.6050803019477824
63.16,1.612903225806452,-10.0,0.0,-0.0,555.3236913465288,0.04053473223312934,-0.19510895184130062,-2.6048439231812504
63.17,1.612903225806452,-10.0,0.0,-0.0,555.3111758366526,0.04050038248739704,-0.19512423514673427,-2.604611870172034
63.18,1.612903225806452,-10.0,0.0,-0.0,555.2986600292594,0.04046645515493988,-0.19514013294244903,-2.6043841041355793
63.19,1.612903225806452,-10.0,0.0,-0.0,555.2861439409079,0.04043295293766361,-0.19515660909351118,-2.604160585279825
63.2,1.612903225806452,-10.0,0.0,-0.0,555.2736275876202,0.040399878234522485,-0.1951736286638165,-2.6039412728740574
63.21,1.612903225806452,-10.0,0.0,-0.0,555.2611109848959,0.040367233148382115,-0.19519115788508157,-2.6037261253141635
63.22,1.612903225806452,-10.0,0.0,-0.0,555.2485941477258,0.04033501949298543,-0.1952091641263397,-2.603515100186399
63.23,1.612903225806452,-10.0,0.0,-0.0,555.2360770906059,0.040303238799865,-0.19522761586411097,-2.60330815432871
63.24,1.612903225806452,-10.0,0.0,-0.0,555.2235598275506,0.04027189232519182,-0.1952464826532596,-2.6031052438895563
63.25,1.612903225806452,-10.0,0.0,-0.0,555.2110423721055,0.040240981056591546,-0.1952657350985142,-2.6029063243844117
63.26,1.612903225806452,-10.0,0.0,-0.0,555.1985247373599,0.040210505720046946,-0.19528534482652882,-2.602711350750692
63.27,1.612903225806452,-10.0,0.0,-0.0,555.1860069359592,0.04018046678666423,-0.19530528445870732,-2.602520277399801
63.28,1.612903225806452,-10.0,0.0,-0.0,555.1734889801165,0.04015086447959246,-0.1953255275844935,-2.6023330582680697
63.29,1.612903225806452,-10.0,0.0,-0.0,555.1609708816246,0.04012169878086827,-0.19534604873535022,-2.6021496468652803
63.3,1.612903225806452,-10.0,0.0,-0.0,555.1484526518667,0.04009296943818627,-0.1953668233594138,-2.601969996320839
63.31,1.612903225806452,-10.0,0.0,-0.0,555.1359343018278,0.040064675971862,-0.19538782779654917,-2.6017940594292477
63.32,1.612903225806452,-10.0,0.0,-0.0,555.1234158421051,0.040036817681620845,-0.19540903925415654,-2.601621788692771
63.33,1.612903225806452,-10.0,0.0,-0.0,555.1108972829188,0.04000939365345921,-0.19543043578346853,-2.6014531363628337
63.34,1.612903225806452,-10.0,0.0,-0.0,555.0983786341217,0.03998240276651657,-0.19545199625638843,-2.6012880544798676
63.35,1.612903225806452,-10.0,0.0,-0.0,-10.400817740953478,0.03995584369987645,-0.1954737003429282,-2.6011264949111985
63.36,1.612903225806452,-10.0,0.0,-0.0,555.0733411053297,0.03992971493942479,-0.19549552848910734,-2.6009684093878254
63.37,1.612903225806452,-10.0,0.0,-0.0,555.0608222432926,0.03990401478457026,-0.19551746189548702,-2.600813749539015
63.38,1.612903225806452,-10.0,0.0,-0.0,555.0483033275784,0.039878741355105135,-0.19553948249604447,-2.6006624669264458
63.39,1.612903225806452,-10.0,0.0,-0.0,555.0357843663475,0.03985389259783775,-0.19556157293773857,-2.6005145130758094
63.4,1.612903225806452,-10.0,0.0,-0.0,555.0232653674485,0.03982946629337372,-0.19558371656037188,-2.6003698395081765
63.41,1.612903225806452,-10.0,0.0,-0.0,555.0107463384272,0.03980546006265509,-0.19560589737712097,-2.600228397768905
63.42,1.612903225806452,-10.0,0.0,-0.0,554.9982272865345,0.0397818713736349,-0.1956281000553427,-2.6000901394564058
63.43,1.612903225806452,-10.0,0.0,-0.0,554.9857082187344,0.039758697547696314,-0.19565030989802634,-2.599955016248529
63.44,1.612903225806452,-10.0,0.0,-0.0,554.9731891417124,0.03973593576625303,-0.19567251282544074,-2.599822979929236
63.45,1.612903225806452,-10.0,0.0,-0.0,554.9606700618824,0.0397135830769276,-0.19569469535756234,-2.59969398241206
63.46,1.612903225806452,-10.0,0.0,-0.0,554.948150985395,0.039691636400052216,-0.19571684459652283,-2.599567975764838
63.47,1.612903225806452,-10.0,0.0,-0.0,554.9356319181445,0.03967009253473733,-0.19573894820981597,-2.599444912231307
63.48,1.612903225806452,-10.0,0.0,-0.0,554.9231128657757,0.039648948165019654,-0.19576099441373818,-2.599324744252677
63.49,1.612903225806452,-10.0,0.0,-0.0,554.9105938336915,0.03962819986595298,-0.1957829719571823,-2.599207424488412
63.5,1.612903225806452,-10.0,0.0,-0.0,554.8980748270592,0.03960784410944143,-0.1958048701059728,-2.599092905835117
63.51,1.612903225806452,-10.0,0.0,-0.0,554.8855558508177,0.0395878772701225,-0.19582667862742353,-2.5989811414453903
63.52,1.612903225806452,-10.0,0.0,-0.0,554.8730369096836,0.039568295631041445,-0.19584838777535862,-2.598872084745175
63.53,1.612903225806452,-10.0,0.0,-0.0,554.8605180081578,0.039549095389252026,-0.19586998827545476,-2.598765689450455
63.54,1.612903225806452,-10.0,0.0,-0.0,554.8479991505315,0.039530272661280424,-0.1958914713109544,-2.5986619095829706
63.55,1.612903225806452,-10.0,0.0,-0.0,554.8354803408923,0.03951182348850732,-0.19591282850868297,-2.5985606994853234
63.56,1.612903225806452,-10.0,0.0,-0.0,554.8229615831306,0.039493743842389656,-0.1959340519254401,-2.5984620138350523
63.57,1.612903225806452,-10.0,0.0,-0.0,554.8104428809447,0.03947602962961519,-0.19595513403466158,-2.5983658076582596
63.58,1.612903225806452,-10.0,0.0,-0.0,554.797924237847,0.03945867669697686,-0.1959760677135557,-2.598272036341578
63.59,1.612903225806452,-10.0,0.0,-0.0,554.7854056571695,0.03944168083638808,-0.1959968462302829,-2.5981806556449873
63.6,1.612903225806452,-10.0,0.0,-0.0,554.7728871420687,0.039425037789481004,-0.19601746323173252,-2.598091621712226
63.61,1.612903225806452,-10.0,0.0,-0.0,554.7603686955317,0.03940874325226704,-0.19603791273140503,-2.5980048910816445
63.62,1.612903225806452,-10.0,0.0,-0.0,554.7478503203807,0.03939279287960787,-0.19605818909764672,-2.5979204206960578
63.63,1.612903225806452,-10.0,0.0,-0.0,554.7353320192784,0.03937718228953854,-0.196078287042191,-2.597838167911843
63.64,1.612903225806452,-10.0,0.0,-0.0,554.722813794733,0.03936190706753448,-0.19609820160890312,-2.5977580905078637
63.65,1.612903225806452,-10.0,0.0,-0.0,554.7102956491027,0.039346962770437116,-0.19611792816301177,-2.5976801466925505
63.66,1.612903225806452,-10.0,0.0,-0.0,554.6977775846008,0.03933234493063428,-0.19613746238022467,-2.597604295112668
63.67,1.612903225806452,-10.0,0.0,-0.0,554.6852596032999,0.039318049059648114,-0.19615680023657145,-2.5975304948587956
63.68,1.612903225806452,-10.0,0.0,-0.0,554.6727417071369,0.0393040706520186,-0.19617593799807853,-2.597458705472761
63.69,1.612903225806452,-10.0,0.0,-0.0,554.6602238979169,0.03929040518871271,-0.19619487221104526,-2.59738888695251
63.7,1.612903225806452,-10.0,0.0,-0.0,554.647706177318,0.039277048140694965,-0.19621359969227814,-2.5973209997581663
63.71,1.612903225806452,-10.0,0.0,-0.0,554.6351885468949,0.03926399497212382,-0.1962321175198175,-2.597255004816131
63.72,1.612903225806452,-10.0,0.0,-0.0,554.6226710080837,0.03925124114365522,-0.19625042302367068,-2.5971908635240677
63.73,1.612903225806452,-10.0,0.0,-0.0,554.6101535622051,0.03923878211541129,-0.19626851377698962,-2.5971285377541857
63.74,1.612903225806452,-10.0,0.0,-0.0,554.5976362104693,0.03922661335000413,-0.19628638758730277,-2.5970679898571025
63.75,1.612903225806452,-10.0,0.0,-0.0,554.5851189539788,0.039214730315305285,-0.19630404248810562,-2.5970091826644865
63.76,1.612903225806452,-10.0,0.0,-0.0,554.5726017937328,0.03920312848719551,-0.19632147673057176,-2.5969520794918615
63.77,1.612903225806452,-10.0,0.0,-0.0,554.5600847306305,0.03919180335218189,-0.19633868877549987,-2.5968966441408985
63.78,1.612903225806452,-10.0,0.0,-0.0,554.5475677654748,0.03918075040986338,-0.19635567728550596,-2.596842840901103
63.79,1.612903225806452,-10.0,0.0,-0.0,554.5350508989759,0.03916996517530705,-0.19637244111740482,-2.59679063455125
63.8,1.612903225806452,-10.0,0.0,-0.0,554.5225341317542,0.03915944318131617,-0.19638897931479027,-2.596739990360465
63.81,1.612903225806452,-10.0,0.0,-0.0,554.5100174643442,0.03914917998063164,-0.19640529110077565,-2.5966908740891954
63.82,1.612903225806452,-10.0,0.0,-0.0,554.4975008971971,0.03913917114799334,-0.19642137587096486,-2.596643251989626
63.83,1.612903225806452,-10.0,0.0,-0.0,554.4849844306846,0.039129412282041726,-0.1964372331866714,-2.5965970908054437
63.84,1.612903225806452,-10.0,0.0,-0.0,554.4724680651012,0.039119899007296594,-0.19645286276814844,-2.5965523577723215
63.85,1.612903225806452,-10.0,0.0,-0.0,554.4599518006678,0.039110626975788126,-0.19646826448825128,-2.5965090206166397
63.86,1.612903225806452,-10.0,0.0,-0.0,554.4474356375342,0.039101591868905355,-0.19648343836596915,-2.5964670475557434
63.87,1.612903225806452,-10.0,0.0,-0.0,554.4349195757823,0.03909278939884411,-0.19649838456043944,-2.596426407296122
63.88,1.612903225806452,-10.0,0.0,-0.0,554.4224036154283,0.03908421531018039,-0.19651310336491978,-2.5963870690325788
63.89,1.612903225806452,-10.0,0.0,-0.0,554.4098877564259,0.03907586538125982,-0.19652759520102447,-2.5963490024465967
63.9,1.612903225806452,-10.0,0.0,-0.0,554.3973719986686,0.039067735425564104,-0.19654186061306533,-2.596312177704802
63.91,1.612903225806452,-10.0,0.0,-0.0,554.3848563419925,0.03905982129291788,-0.19655590026263037,-2.5962765654567597
63.92,1.612903225806452,-10.0,0.0,-0.0,-11.114336859984412,0.03905211887069557,-0.19656971492324138,-2.5962421368330064
63.93,1.612903225806452,-10.0,0.0,-0.0,554.3598253309544,0.03904462408495116,-0.19658330547516556,-2.5962088634428806
63.94,1.612903225806452,-10.0,0.0,-0.0,554.3473099759985,0.039037332901360605,-0.1965966729004912,-2.5961767173714825
63.95,1.612903225806452,-10.0,0.0,-0.0,554.3347947209404,0.0390302413262453,-0.19660981827819757,-2.596145671177351
63.96,1.612903225806452,-10.0,0.0,-0.0,554.3222795653638,0.03902334540743099,-0.19662274277946434,-2.596115697889404
63.97,1.612903225806452,-10.0,0.0,-0.0,554.3097645088088,0.0390166412350795,-0.19663544766308128,-2.5960867710039373
63.98,1.612903225806452,-10.0,0.0,-0.0,554.2972495507739,0.03901012494247438,-0.19664793427097893,-2.5960588644815785
63.99,1.612903225806452,-10.0,0.0,-0.0,554.2847346907179,0.03900379270662882,-0.19666020402400686,-2.5960319527434126
64.0,1.612903225806452,-10.0,0.0,-0.0,-11.214457718101023,0.03899764074900755,-0.1966722584176709,-2.596006010667985
64.01,0.0,0.0,0.0,-0.0,554.2601195866623,-0.09078820976489749,0.6424924790403521,-2.5877392892633697
