time,wheel_l,wheel_r,roll,pitch,yaw,beta_l,beta_r,alpha
0.0,-9.35483870967742,-10.0,0.0,0.0,69.24247075244803,-0.7909646723294927,-0.8461904787811056,0.0
0.01,-9.35483870967742,-10.0,-0.0,-0.0,0.12743237342396171,-0.7811551868667596,-0.8363809903721827,0.0
0.02,-9.35483870967742,-10.0,-0.0,-0.0,69.24247074263427,-0.771346961221638,-0.8265721759052723,0.0
0.03,-9.35483870967742,-10.0,-0.0,-0.0,69.24247072264635,-0.7615388380785219,-0.8167634332616966,0.0
0.04,-9.35483870967742,-10.0,-0.0,-0.0,69.24247069190078,-0.7517308234391621,-0.8069547667093256,0.0
0.05,-9.35483870967742,-10.0,-0.0,-0.0,69.2424706498325,-0.7419229236566472,-0.7971461807702774,0.0
0.06,-9.35483870967742,-10.0,-0.0,-0.0,69.24247059584452,-0.7321151454559841,-0.7873376802361736,0.0
0.07,-9.35483870967742,-10.0,-0.0,-0.0,69.24247052930619,-0.7223074959558937,-0.7775292701843249,0.0
0.08,-9.35483870967742,-10.0,-0.0,-0.0,69.24247044955126,-0.7124999826918987,-0.7677209559949048,0.0
0.09,-9.35483870967742,-10.0,-0.0,-0.0,69.24247035587597,-0.7026926136407801,-0.7579127433691754,0.0
0.1,-9.35483870967742,-10.0,-0.0,-0.0,69.24247024753687,-0.6928853972464892,-0.748104638348832,0.0
0.11,-9.35483870967742,-10.0,-0.0,-0.0,69.2424701237487,-0.683078342447607,-0.7382966473365394,0.0
0.12,-9.35483870967742,-10.0,-0.0,-0.0,69.24246998368203,-0.6732714587064477,-0.7284887771177351,0.0
0.13,-9.35483870967742,-10.0,-0.0,-0.0,69.24246982646078,-0.6634647560399138,-0.7186810348837851,0.0
0.14,-9.35483870967742,-10.0,-0.0,-0.0,69.24246965115967,-0.6536582450522157,-0.708873428256579,0.0
0.15,-9.35483870967742,-10.0,-0.0,-0.0,69.24246945680147,-0.6438519369695781,-0.6990659653146611,0.0
0.16,-9.35483870967742,-10.0,-0.0,-0.0,69.24246924235415,-0.6340458436770686,-0.6892586546210007,0.0
0.17,-9.35483870967742,-10.0,-0.0,-0.0,69.2424690067278,-0.6242399777576907,-0.6794515052525121,0.0
0.18,-9.35483870967742,-10.0,-0.0,-0.0,69.24246874877146,-0.6144343525338999,-0.6696445268314459,0.0
0.19,-9.35483870967742,-10.0,-0.0,-0.0,69.24246846726973,-0.6046289821117138,-0.6598377295587795,0.0
0.2,-9.35483870967742,-10.0,-0.0,-0.0,69.24246816093921,-0.5948238814276048,-0.6500311242497501,0.0
0.21,-9.35483870967742,-10.0,-0.0,-0.0,69.24246782842472,-0.5850190662983799,-0.6402247223716809,0.0
0.22,-9.35483870967742,-10.0,-0.0,-0.0,69.24246746829532,-0.5752145534742767,-0.6304185360842699,0.0
0.23,-9.35483870967742,-10.0,-0.0,-0.0,69.24246707904013,-0.5654103606955253,-0.620612578282521,0.0
0.24,-9.35483870967742,-10.0,-0.0,-0.0,69.24246665906387,-0.5556065067526537,-0.6108068626425177,0.0
0.25,-9.35483870967742,-10.0,-0.0,-0.0,69.24246620668215,-0.5458030115508483,-0.6010014036702565,0.0
0.26,-9.35483870967742,-10.0,-0.0,-0.0,69.24246572011653,-0.5359998961787142,-0.5911962167537809,0.0
0.27,-9.35483870967742,-10.0,-0.0,-0.0,69.24246519748922,-0.5261971829818242,-0.5813913182188811,0.0
0.28,-9.35483870967742,-10.0,-0.0,-0.0,69.24246463681753,-0.5163948956414925,-0.5715867253886493,0.0
0.29,-9.35483870967742,-10.0,-0.0,-0.0,69.2424640360079,-0.50659305925927,-0.5617824566472178,0.0
0.3,-9.35483870967742,-10.0,-0.0,-0.0,69.24246339284963,-0.4967917004477173,-0.5519785315080403,0.0
0.31,-9.35483870967742,-10.0,-0.0,-0.0,69.24246270500817,-0.48699084742809917,-0.5421749706871183,0.0
0.32,-9.35483870967742,-10.0,-0.0,-0.0,69.24246197001797,-0.47719053013572776,-0.532371796181627,0.0
0.33,-9.35483870967742,-10.0,-0.0,-0.0,69.24246118527489,-0.4673907803337947,-0.522569031354446,0.0
0.34,-9.35483870967742,-10.0,-0.0,-0.0,69.24246034802798,-0.4575916317366571,-0.5127667010251691,0.0
0.35,-9.35483870967742,-10.0,-0.0,-0.0,69.24245945537076,-0.44779312014369665,-0.5029648315682416,0.0
0.36,-9.35483870967742,-10.0,-0.0,-0.0,69.24245850423186,-0.43799528358504825,-0.4931634510189633,0.0
0.37,-9.35483870967742,-10.0,-0.0,-0.0,69.2424574913648,-0.42819816248071024,-0.48336258918819824,0.0
0.38,-9.35483870967742,-10.0,-0.0,-0.0,69.24245641333708,-0.41840179981480347,-0.4735622777867527,0.0
0.39,-9.35483870967742,-10.0,-0.0,-0.0,69.2424552665183,-0.4086062413270515,-0.46376255056053106,0.0
0.4,-9.35483870967742,-10.0,-0.0,-0.0,69.24245404706718,-0.3988115357239245,-0.4539634434377445,0.0
0.41,-9.35483870967742,-10.0,-0.0,-0.0,69.24245275091744,-0.3890177349123297,-0.4441649946896511,0.0
0.42,-9.35483870967742,-10.0,-0.0,-0.0,69.24245137376225,-0.3792248942592688,-0.43436724510654817,0.0
0.43,-9.35483870967742,-10.0,-0.0,-0.0,69.24244991103713,-0.3694330728815298,-0.42457023819101825,0.0
0.44,-9.35483870967742,-10.0,-0.0,-0.0,69.24244835790097,-0.35964233397027184,-0.4147740203707803,0.0
0.45,-9.35483870967742,-10.0,-0.0,-0.0,69.24244670921493,-0.34985274515632736,-0.4049786412339058,0.0
0.46,-9.35483870967742,-10.0,-0.0,-0.0,69.2424449595188,-0.3400643789232271,-0.3951841537896584,0.0
0.47,-9.35483870967742,-10.0,-0.0,-0.0,69.24244310300446,-0.3302773130764128,-0.3853906147588175,0.0
0.48,-9.35483870967742,-10.0,-0.0,-0.0,69.24244113348577,-0.3204916312789087,-0.37559808489808244,0.0
0.49,-9.35483870967742,-10.0,-0.0,-0.0,69.24243904436442,-0.3107074236659656,-0.3658066293640433,0.0
0.5,-9.35483870967742,-10.0,-0.0,-0.0,69.24243682859078,-0.3009247875540019,-0.35601631812330253,-3.1415711111378695
0.51,-9.35483870967742,-10.0,-0.0,-0.0,69.24243447861888,-0.2911438282626998,-0.3462272264166847,-3.14156973178379
0.52,-9.35483870967742,-10.0,-0.0,-0.0,69.24243198635422,-0.2813646600735935,-0.33643943528713893,-3.1415682822659865
0.53,-9.35483870967742,-10.0,-0.0,-0.0,69.24242934309312,-0.27158740735419307,-0.3266530321830232,-3.141566759771135
0.54,-9.35483870967742,-10.0,-0.0,-0.0,69.24242653945146,-0.26181220588401943,-0.3168681116510611,-3.1415651613989195
0.55,-9.35483870967742,-10.0,-0.0,-0.0,69.24242356528077,-0.2520392044284291,-0.30708477613654284,-3.141563484155263
0.56,-9.35483870967742,-10.0,-0.0,-0.0,69.2424204095686,-0.24226856661850305,-0.2973031369125049,-3.141561724942678
0.57,-9.35483870967742,-10.0,-0.0,-0.0,69.24241706031945,-0.23250047321163003,-0.2875233151649259,-3.141559880547165
0.58,-9.35483870967742,-10.0,-0.0,-0.0,69.24241350441164,-0.22273512482918523,-0.27774544326782535,-3.141557947619908
0.59,-9.35483870967742,-10.0,-0.0,-0.0,69.24240972742389,-0.21297274529700416,-0.2679696662910197,-3.1415559226525707
0.6,-9.35483870967742,-10.0,-0.0,-0.0,69.24240571342371,-0.20321358575424886,-0.2581961437949204,-3.141553801943231
0.61,-9.35483870967742,-10.0,-0.0,-0.0,69.2424014447072,-0.19345792975127374,-0.24842505198215736,-3.1415515815501425
0.62,-9.35483870967742,-10.0,-0.0,-0.0,69.24239690147635,-0.18370609963399664,-0.2386565862963933,-3.141549257228464
0.63,-9.35483870967742,-10.0,-0.0,-0.0,69.24239206143532,-0.17395846462137976,-0.22889096458659497,-3.141546824343625
0.64,-9.35483870967742,-10.0,-0.0,-0.0,69.24238689928023,-0.16421545113995561,-0.21912843099329438,-3.1415442777518106
0.65,-9.35483870967742,-10.0,-0.0,-0.0,69.24238138604764,-0.15447755621029613,-0.20936926076666562,-3.141541611634021
0.66,-9.35483870967742,-10.0,-0.0,-0.0,69.24237548827246,-0.14474536502612467,-0.19961376630168115,-3.141538819263017
0.67,-9.35483870967742,-10.0,-0.0,-0.0,69.24236916688528,-0.13501957439588785,-0.1898623047843101,-3.141535892671892
0.68,-9.35483870967742,-10.0,-0.0,-0.0,69.24236237574675,-0.12530102454619263,-0.1801152880026443,-3.1415328221746357
0.69,-9.35483870967742,-10.0,-0.0,-0.0,69.2423550596666,-0.11559074312308171,-0.17037319511756543,-3.141529595658807
0.7,-9.35483870967742,-10.0,-0.0,-0.0,69.24234715167418,-0.10589000744800725,-0.16063658955973514,-3.14152619751594
0.71,-9.35483870967742,-10.0,-0.0,-0.0,69.24233856917341,-0.09620043490776065,-0.15090614181292283,-3.141522606975622
0.72,-9.35483870967742,-10.0,-0.0,-0.0,69.24232920838404,-0.08652411820853656,-0.1411826608238349,-3.1415187954160446
0.73,-9.35483870967742,-10.0,-0.0,-0.0,69.24231893605597,-0.07686383509744543,-0.1314671384681162,-3.1415147218272854
0.74,-9.35483870967742,-10.0,-0.0,-0.0,69.24230757665632,-0.06722338773341008,-0.12176081456604959,-3.1415103247342375
0.75,-9.35483870967742,-10.0,-0.0,-0.0,69.24229489164237,-0.05760818124388711,-0.11206527585067594,-3.1415055068150384
0.76,-9.35483870967742,-10.0,-0.0,-0.0,69.24228054398066,-0.04802627643395019,-0.1023826145855008,-3.14150010300076
0.77,-9.35483870967742,-10.0,-0.0,-0.0,69.24226403278287,-0.03849047278556983,-0.0927157006511613,-3.1414938065819875
0.78,-9.35483870967742,-10.0,-0.0,-0.0,69.24224456029044,-0.02902292009888241,-0.08306869350938062,-3.141485970805804
0.79,-9.35483870967742,-10.0,-0.0,-0.0,69.24222071941081,-0.01966709092123864,-0.07344814006679745,-3.1414749542347007
0.8,-9.35483870967742,-10.0,-0.0,-0.0,69.24218957207736,-0.010527555353424423,-0.06386583339784868,-3.1414551816762875
0.81,-9.35483870967742,-10.0,-0.0,-0.0,69.24214248484161,-0.001976669694459976,-0.05434898965894852,-3.141395196822239
0.82,-9.35483870967742,-10.0,-0.0,-0.0,0.12697690613770352,0.002570766929872459,-0.04494673597747756,-3.1409338403833535
0.83,-9.35483870967742,-10.0,-0.0,-0.0,69.24164587819719,-0.0024944746196513545,-0.03533422196364633,-3.140288676668944
0.84,-9.35483870967742,-10.0,-0.0,-0.0,69.24127016215228,0.0038172374124431085,-0.028640176717416144,-3.1398538002050755
0.85,-9.35483870967742,-10.0,-0.0,-0.0,69.24071741445101,0.000546005751214329,-0.021183290003744748,-3.1393615790039218
0.86,-9.35483870967742,-10.0,-0.0,-0.0,69.24012671349011,0.003248909900347763,-0.01618041832065431,-3.1389746468935678
0.87,-9.35483870967742,-10.0,-0.0,-0.0,69.23946178322751,0.0031268801238208965,-0.011804152413981583,-3.138561821186484
0.88,-9.35483870967742,-10.0,-0.0,-0.0,69.23876854262014,0.004078976084602837,-0.009136449559828841,-3.138203521418314
0.89,-9.35483870967742,-10.0,-0.0,-0.0,69.23805846718682,0.004682850710810094,-0.00751238448187963,-3.1379235132646244
0.9,-9.35483870967742,-10.0,-0.0,-0.0,69.23734179250276,0.005134981599271171,-0.006660338998230486,-3.137723797548771
0.91,-9.35483870967742,-10.0,-0.0,-0.0,69.23662277417444,0.0054208287358812335,-0.006232467019503085,-3.1375907412595385
0.92,-9.35483870967742,-10.0,-0.0,-0.0,69.23590297583922,0.005586759290274412,-0.0060192680475795735,-3.137505418501138
0.93,-9.35483870967742,-10.0,-0.0,-0.0,69.2351829087807,0.005678149806146782,-0.0059115928990342015,-3.1374518041016617
0.94,-9.35483870967742,-10.0,-0.0,-0.0,69.23446273755924,0.0057270432890231815,-0.005856387142334607,-3.1374184508457827
0.95,-9.35483870967742,-10.0,-0.0,-0.0,69.23374251927223,0.005752796650130176,-0.005827781608203408,-3.13739780078389
0.96,-9.35483870967742,-10.0,-0.0,-0.0,0.11798389773395444,0.005766245049337093,-0.005812862095366689,-3.137385044604604
0.97,-9.35483870967742,-10.0,-0.0,-0.0,69.23230202050279,0.00577323120434603,-0.005805049125970352,-3.1373771734567253
0.98,-9.35483870967742,-10.0,-0.0,-0.0,69.23158175626415,0.005776847116508499,-0.005800946474021629,-3.137372319410942
0.99,-9.35483870967742,-10.0,-0.0,-0.0,69.23086148718889,0.005778712949002562,-0.0057987875416394274,-3.137369326971917
1.0,-9.35483870967742,-10.0,-0.0,-0.0,0.11510283619467021,0.005779672861330187,-0.005797649253260095,-3.137367482574413
1.01,-9.35483870967742,-10.0,-0.0,-0.0,69.22942094135111,0.0057801651000918275,-0.00579704791914859,-3.1373663459456678
1.02,-9.35483870967742,-10.0,-0.0,-0.0,69.22870066642842,0.005780416563052171,-0.005796729573702031,-3.1373656455665015
1.03,-9.35483870967742,-10.0,-0.0,-0.0,69.22798039082828,0.00578054443875764,-0.00579656064399503,-3.1373652140392427
1.04,-9.35483870967742,-10.0,-0.0,-0.0,69.227260114812,0.005780609102002066,-0.005796470762868822,-3.1373649481806254
1.05,-9.35483870967742,-10.0,-0.0,-0.0,0.11150145956452649,0.005780641570624412,-0.005796422796639722,-3.1373647843986374
1.06,-9.35483870967742,-10.0,-0.0,-0.0,69.22581956211074,0.00578065772787939,-0.005796397112098672,-3.1373646835061764
1.07,-9.35483870967742,-10.0,-0.0,-0.0,69.22509928558483,0.00578066567485791,-0.005796383306558295,-3.1373646213574746
1.08,-9.35483870967742,-10.0,-0.0,-0.0,69.22437900899946,0.005780669523343662,-0.005796375854697389,-3.137364583075964
1.09,-9.35483870967742,-10.0,-0.0,-0.0,69.22365873237752,0.0057806713476799,-0.005796371813647672,-3.137364559496586
1.1,-9.35483870967742,-10.0,-0.0,-0.0,69.22293845573306,0.005780672186356917,-0.005796369611081431,-3.137364544973329
1.11,-9.35483870967742,-10.0,-0.0,-0.0,69.22221817907474,0.00578067255419179,-0.00579636840396347,-3.137364536028214
1.12,-9.35483870967742,-10.0,-0.0,-0.0,69.22149790240792,0.00578067270313265,-0.00579636773850245,-3.137364530518894
1.13,-9.35483870967742,-10.0,-0.0,-0.0,69.22077762573583,0.005780672754361449,-0.005796367369359068,-3.1373645271257162
1.14,-9.35483870967742,-10.0,-0.0,-0.0,69.22005734906053,0.00578067276477523,-0.005796367163254712,-3.1373645250359172
1.15,-9.35483870967742,-10.0,-0.0,-0.0,69.21933707238323,0.005780672760157257,-0.005796367047407269,-3.1373645237488508
1.16,-9.35483870967742,-10.0,-0.0,-0.0,69.2186167957047,0.0057806727515565814,-0.005796366981847267,-3.1373645229561853
1.17,-9.35483870967742,-10.0,-0.0,-0.0,69.21789651902543,0.005780672743254556,-0.005796366944490483,-3.1373645224680073
1.18,-9.35483870967742,-10.0,-0.0,-0.0,69.2171762423457,0.005780672736573789,-0.005796366923060403,-3.137364522167366
1.19,-9.35483870967742,-10.0,-0.0,-0.0,69.21645596566567,0.005780672731640735,-0.005796366910685302,-3.137364521982195
1.2,-9.35483870967742,-10.0,-0.0,-0.0,69.21573568898548,0.005780672728175618,-0.005796366903492944,-3.1373645218681694
1.21,-9.35483870967742,-10.0,-0.0,-0.0,69.21501541230516,0.005780672725818947,-0.005796366899287975,-3.1373645217979376
1.22,-9.35483870967742,-10.0,-0.0,-0.0,69.2142951356248,0.005780672724250757,-0.005796366896814953,-3.1373645217546984
1.23,-9.35483870967742,-10.0,-0.0,-0.0,69.21357485894438,0.005780672723224467,-0.005796366895353233,-3.137364521728062
1.24,-9.35483870967742,-10.0,-0.0,-0.0,69.21285458226394,0.005780672722560776,-0.005796366894484595,-3.137364521711656
1.25,-9.35483870967742,-10.0,-0.0,-0.0,69.21213430558349,0.005780672722135671,-0.005796366893966454,-3.1373645217015556
1.26,-9.35483870967742,-10.0,-0.0,-0.0,69.21141402890302,0.00578067272186511,-0.005796366893655924,-3.13736452169533
1.27,-9.35483870967742,-10.0,-0.0,-0.0,69.21069375222255,0.0057806727216939136,-0.005796366893469407,-3.1373645216915045
1.28,-9.35483870967742,-10.0,-0.0,-0.0,69.20997347554209,0.005780672721586222,-0.005796366893357052,-3.137364521689149
1.29,-9.35483870967742,-10.0,-0.0,-0.0,69.2092531988616,0.005780672721518387,-0.005796366893288996,-3.137364521687684
1.3,-9.35483870967742,-10.0,-0.0,-0.0,69.20853292218112,0.00578067272147631,-0.005796366893247806,-3.1373645216867905
1.31,-9.35483870967742,-10.0,-0.0,-0.0,69.20781264550064,0.00578067272145022,-0.005796366893222604,-3.1373645216862407
1.32,-9.35483870967742,-10.0,-0.0,-0.0,69.20709236882016,0.005780672721433455,-0.005796366893207172,-3.1373645216859014
1.33,-9.35483870967742,-10.0,-0.0,-0.0,69.20637209213967,0.005780672721423463,-0.005796366893197846,-3.1373645216856927
1.34,-9.35483870967742,-10.0,-0.0,-0.0,69.20565181545919,0.005780672721417357,-0.005796366893192184,-3.1373645216855643
1.35,-9.35483870967742,-10.0,-0.0,-0.0,69.20493153877871,0.005780672721413471,-0.005796366893188742,-3.1373645216854853
1.36,-9.35483870967742,-10.0,-0.0,-0.0,0.08917288312277533,0.005780672721410807,-0.005796366893186522,-3.1373645216854364
1.37,-9.35483870967742,-10.0,-0.0,-0.0,69.20349098541774,0.005780672721409252,-0.005796366893185412,-3.1373645216854067
1.38,-9.35483870967742,-10.0,-0.0,-0.0,0.08773232976181065,0.005780672721408475,-0.0057963668931844126,-3.137364521685388
1.39,-9.35483870967742,-10.0,-0.0,-0.0,69.20205043205678,0.005780672721407698,-0.0057963668931840795,-3.137364521685377
1.4,-9.35483870967742,-10.0,-0.0,-0.0,69.2013301553763,0.005780672721407365,-0.0057963668931839685,-3.13736452168537
1.41,-9.35483870967742,-10.0,-0.0,-0.0,69.20060987869581,0.005780672721407254,-0.005796366893183635,-3.1373645216853654
1.42,-9.35483870967742,-10.0,-0.0,-0.0,69.19988960201533,0.005780672721407032,-0.005796366893183413,-3.1373645216853627
1.43,-9.35483870967742,-10.0,-0.0,-0.0,69.19916932533485,0.005780672721407254,-0.005796366893183413,-3.1373645216853614
1.44,-9.35483870967742,-10.0,-0.0,-0.0,69.19844904865437,0.005780672721407143,-0.005796366893183302,-3.13736452168536
1.45,-9.35483870967742,-10.0,-0.0,-0.0,69.19772877197389,0.005780672721406921,-0.005796366893183302,-3.1373645216853596
1.46,-9.35483870967742,-10.0,-0.0,-0.0,69.1970084952934,0.005780672721406921,-0.005796366893183302,-3.137364521685359
1.47,-9.35483870967742,-10.0,-0.0,-0.0,69.19628821861292,0.005780672721406921,-0.005796366893183302,-3.1373645216853587
1.48,-9.35483870967742,-10.0,-0.0,-0.0,69.19556794193244,0.005780672721407032,-0.005796366893183191,-3.1373645216853587
1.49,-9.35483870967742,-10.0,-0.0,-0.0,69.19484766525196,0.005780672721407032,-0.005796366893183191,-3.1373645216853587
1.5,-9.35483870967742,-10.0,-0.0,-0.0,69.19412738857147,0.005780672721407032,-0.005796366893183191,-3.1373645216853587
1.51,-9.35483870967742,-10.0,-0.0,-0.0,69.19340711189099,0.005780672721407143,-0.00579636689318308,-3.1373645216853587
1.52,-9.35483870967742,-10.0,-0.0,-0.0,69.19268683521051,0.005780672721407032,-0.005796366893183191,-3.1373645216853587
1.53,-9.35483870967742,-10.0,-0.0,-0.0,69.19196655853003,0.00578067272140681,-0.005796366893183191,-3.1373645216853587
1.54,-9.35483870967742,-10.0,-0.0,-0.0,69.19124628184954,0.005780672721407032,-0.005796366893183413,-3.1373645216853587
1.55,-9.35483870967742,-10.0,-0.0,-0.0,69.19052600516906,0.005780672721407032,-0.005796366893183191,-3.1373645216853587
1.56,-9.35483870967742,-10.0,-0.0,-0.0,69.18980572848858,0.005780672721407032,-0.005796366893182969,-3.1373645216853583
1.57,-9.35483870967742,-10.0,-0.0,-0.0,69.1890854518081,0.005780672721407254,-0.005796366893182969,-3.1373645216853583
1.58,-9.35483870967742,-10.0,-0.0,-0.0,69.18836517512761,0.005780672721407032,-0.005796366893182969,-3.1373645216853583
1.59,-9.35483870967742,-10.0,-0.0,-0.0,69.18764489844713,0.005780672721407032,-0.005796366893183191,-3.1373645216853583
1.6,-9.35483870967742,-10.0,-0.0,-0.0,69.18692462176665,0.005780672721406921,-0.00579636689318308,-3.1373645216853583
1.61,-9.35483870967742,-10.0,-0.0,-0.0,69.18620434508617,0.005780672721407032,-0.005796366893183191,-3.1373645216853583
1.62,-9.35483870967742,-10.0,-0.0,-0.0,69.18548406840569,0.005780672721407032,-0.005796366893183191,-3.1373645216853587
1.63,-9.35483870967742,-10.0,-0.0,-0.0,0.0697254127497517,0.005780672721407032,-0.005796366893183191,-3.1373645216853587
1.64,-9.35483870967742,-10.0,-0.0,-0.0,69.18404351504472,0.005780672721407254,-0.005796366893182969,-3.1373645216853587
1.65,-9.35483870967742,-10.0,-0.0,-0.0,69.18332323836424,0.005780672721407143,-0.00579636689318308,-3.1373645216853587
1.66,-9.35483870967742,-10.0,-0.0,-0.0,69.18260296168376,0.005780672721406921,-0.00579636689318308,-3.1373645216853583
1.67,-9.35483870967742,-10.0,-0.0,-0.0,69.18188268500327,0.005780672721407032,-0.005796366893183191,-3.1373645216853583
1.68,-9.35483870967742,-10.0,-0.0,-0.0,69.18116240832279,0.005780672721406921,-0.00579636689318308,-3.1373645216853583
1.69,-9.35483870967742,-10.0,-0.0,-0.0,69.18044213164231,0.005780672721407032,-0.005796366893182969,-3.1373645216853583
1.7,-9.35483870967742,-10.0,-0.0,-0.0,69.17972185496183,0.005780672721407032,-0.005796366893182969,-3.1373645216853583
1.71,-9.35483870967742,-10.0,-0.0,-0.0,69.17900157828134,0.005780672721407143,-0.00579636689318308,-3.1373645216853587
1.72,-9.35483870967742,-10.0,-0.0,-0.0,69.17828130160086,0.005780672721407032,-0.005796366893182969,-3.1373645216853583
1.73,-9.35483870967742,-10.0,-0.0,-0.0,69.17756102492038,0.005780672721407143,-0.005796366893183302,-3.1373645216853587
1.74,-9.35483870967742,-10.0,-0.0,-0.0,69.1768407482399,0.005780672721407254,-0.005796366893182969,-3.1373645216853587
1.75,-9.35483870967742,-10.0,-0.0,-0.0,69.17612047155941,0.005780672721407365,-0.005796366893182636,-3.1373645216853583
1.76,-9.35483870967742,-10.0,-0.0,-0.0,69.17540019487893,0.005780672721407254,-0.005796366893182969,-3.1373645216853583
1.77,-9.35483870967742,-10.0,-0.0,-0.0,69.17467991819845,0.005780672721407143,-0.005796366893182858,-3.1373645216853583
1.78,-9.35483870967742,-10.0,-0.0,-0.0,69.17395964151797,0.005780672721407365,-0.005796366893182858,-3.1373645216853583
1.79,-9.35483870967742,-10.0,-0.0,-0.0,69.17323936483749,0.005780672721407254,-0.005796366893182969,-3.1373645216853583
1.8,-9.35483870967742,-10.0,-0.0,-0.0,69.172519088157,0.005780672721407032,-0.005796366893182969,-3.1373645216853583
1.81,-9.35483870967742,-10.0,-0.0,-0.0,69.17179881147652,0.005780672721407032,-0.005796366893182969,-3.1373645216853583
1.82,-9.35483870967742,-10.0,-0.0,-0.0,69.17107853479604,0.005780672721407143,-0.005796366893182858,-3.1373645216853583
1.83,-9.35483870967742,-10.0,-0.0,-0.0,69.17035825811556,0.005780672721407254,-0.005796366893182969,-3.1373645216853583
1.84,-9.35483870967742,-10.0,-0.0,-0.0,69.16963798143507,0.005780672721407254,-0.005796366893182747,-3.1373645216853583
1.85,-9.35483870967742,-10.0,-0.0,-0.0,69.16891770475459,0.005780672721407365,-0.00579636689318308,-3.1373645216853587
1.86,-9.35483870967742,-10.0,-0.0,-0.0,69.16819742807411,0.005780672721407254,-0.005796366893182969,-3.1373645216853587
1.87,-9.35483870967742,-10.0,-0.0,-0.0,69.16747715139363,0.005780672721407143,-0.005796366893182858,-3.1373645216853583
1.88,-9.35483870967742,-10.0,-0.0,-0.0,69.16675687471314,0.005780672721407254,-0.005796366893182969,-3.1373645216853583
1.89,-9.35483870967742,-10.0,-0.0,-0.0,69.16603659803266,0.005780672721407254,-0.005796366893182747,-3.1373645216853583
1.9,-9.35483870967742,-10.0,-0.0,-0.0,69.16531632135218,0.005780672721407254,-0.005796366893182969,-3.1373645216853583
1.91,-9.35483870967742,-10.0,-0.0,-0.0,69.1645960446717,0.005780672721407254,-0.005796366893182969,-3.1373645216853583
1.92,-9.35483870967742,-10.0,-0.0,-0.0,69.16387576799121,0.005780672721407143,-0.005796366893182858,-3.1373645216853583
1.93,-9.35483870967742,-10.0,-0.0,-0.0,69.16315549131073,0.005780672721407143,-0.005796366893182858,-3.1373645216853583
1.94,-9.35483870967742,-10.0,-0.0,-0.0,69.16243521463025,0.005780672721407032,-0.005796366893182969,-3.1373645216853583
1.95,-9.35483870967742,-10.0,-0.0,-0.0,0.0466765589743163,0.005780672721407254,-0.005796366893182969,-3.1373645216853583
1.96,-9.35483870967742,-10.0,-0.0,-0.0,69.16099466126929,0.005780672721407365,-0.005796366893182636,-3.1373645216853583
1.97,-9.35483870967742,-10.0,-0.0,-0.0,69.1602743845888,0.005780672721407698,-0.005796366893182747,-3.1373645216853587
1.98,-9.35483870967742,-10.0,-0.0,-0.0,69.15955410790832,0.005780672721407365,-0.005796366893182858,-3.1373645216853587
1.99,-9.35483870967742,-10.0,-0.0,-0.0,69.15883383122784,0.005780672721407254,-0.005796366893182747,-3.1373645216853583
2.0,-9.35483870967742,-10.0,-0.0,-0.0,0.04307517557190454,0.005780672721407365,-0.005796366893182858,-3.1373645216853583
2.01,-9.35483870967742,-9.35483870967742,-0.0,-0.0,69.15761665044076,0.0056390686610259255,0.035751457520925456,-3.1374356687016385
2.02,-9.35483870967742,-9.35483870967742,-0.0,-0.0,69.15731020925942,0.004108412370964043,0.02267874795984448,-3.1380135386875057
2.03,-9.35483870967742,-9.35483870967742,-0.0,-0.0,69.15717134261304,0.0019000357418608171,0.010315354512519859,-3.1391020123386437
2.04,-9.35483870967742,-9.35483870967742,-0.0,-0.0,69.15717769565059,-0.00019739112367123113,-0.0005823851992357021,-3.140807802205608
2.05,-9.35483870967742,-9.35483870967742,-0.0,-0.0,69.15713440917143,-0.0007219787989077853,0.0019011818382669299,3.1402602771187476
2.06,-9.35483870967742,-9.35483870967742,-0.0,-0.0,69.15724163987548,0.0026758949921740216,-0.003822285673386605,-3.1400276653819823
2.07,-9.35483870967742,-9.35483870967742,-0.0,-0.0,69.15707057878431,-0.0051113810935975446,0.00525492103088776,3.1400015108840815
2.08,-9.35483870967742,-9.35483870967742,-0.0,-0.0,69.15724868356284,0.0054213726618292934,-0.00537177691696078,-3.140415529529608
2.09,-9.35483870967742,-9.35483870967742,-0.0,-0.0,69.15706749000121,-0.005480896285508519,0.0054994335489196855,3.1404374188464184
2.1,-9.35483870967742,-9.35483870967742,-0.0,-0.0,69.15724792162159,0.005470073503052064,-0.005464082692302141,-3.1404540599880275
2.11,-9.35483870967742,-9.35483870967742,-0.0,-0.0,69.15706705019734,-0.005480106114318706,0.005480702195260201,3.1404487216027315
2.12,-9.35483870967742,-9.35483870967742,-0.0,-0.0,69.15724771560582,0.005473313600081631,-0.005475010153359938,-3.1404515349484874
2.13,-9.35483870967742,-9.35483870967742,-0.0,-0.0,69.15706694999045,-0.005478536392633959,0.005475859898635305,3.1404501946122596
2.14,-9.35483870967742,-9.35483870967742,-0.0,-0.0,69.15724766724973,0.005474185503192119,-0.005477280409205365,-3.1404508433039005
2.15,-9.35483870967742,-9.35483870967742,-0.0,-0.0,69.15706692660925,-0.005478078069640402,0.00547480474425166,3.140450529558482
2.16,-9.35483870967742,-9.35483870967742,-0.0,-0.0,69.15724765595282,0.0054744243038876705,-0.005477773916014894,-3.14045068102946
2.17,-9.35483870967742,-9.35483870967742,-0.0,-0.0,69.15706692114864,-0.005477955622174457,0.0054745735105459215,3.1404506077548087
2.18,-9.35483870967742,-9.35483870967742,-0.0,-0.0,69.15724765331416,0.0054744866062783615,-0.005477882624338681,-3.140450643136914
2.19,-9.35483870967742,-9.35483870967742,-0.0,-0.0,69.15706691987326,-0.005477924228259101,0.005474522290071948,3.1404506260243563
2.2,-9.35483870967742,-9.35483870967742,-0.0,-0.0,69.15724765269785,0.0054745023485183175,-0.0054779068217913895,-3.1404506342890928
2.21,-9.35483870967742,-9.35483870967742,-0.0,-0.0,69.15706691957537,-0.005477916386667059,0.005474510835047464,3.140450630292535
2.22,-9.35483870967742,-9.35483870967742,-0.0,-0.0,0.04220927357844049,0.005474506242326593,-0.005477912256123596,-3.1404506322230077
2.23,-9.35483870967742,-9.35483870967742,-0.0,-0.0,69.1570669195058,-0.005477914462387656,0.005474508252195309,3.1404506312896148
2.24,-9.35483870967742,-9.35483870967742,-0.0,-0.0,69.15724765252027,0.005474507191327249,-0.005477913485790631,-3.1404506317405287
2.25,-9.35483870967742,-9.35483870967742,-0.0,-0.0,69.15706691948955,-0.005477913996040251,0.0054745076658097025,3.140450631522524
2.26,-9.35483870967742,-9.35483870967742,-0.0,-0.0,69.15724765251242,0.005474507420189623,-0.005477913765784326,-3.1404506316278558
2.27,-9.35483870967742,-9.35483870967742,-0.0,-0.0,69.15706691948576,-0.005477913884034624,0.005474507531926687,3.140450631576939
2.28,-9.35483870967742,-9.35483870967742,-0.0,-0.0,69.15724765251059,0.005474507474948931,-0.005477913829859515,-3.140450631601538
2.29,-9.35483870967742,-9.35483870967742,-0.0,-0.0,69.15706691948488,-0.0054779138573143316,0.005474507501218251,3.1404506315896423
2.3,-9.35483870967742,-9.35483870967742,-0.0,-0.0,69.15724765251016,0.005474507487979952,-0.005477913844590732,-3.1404506315953906
2.31,-9.35483870967742,-9.35483870967742,-0.0,-0.0,69.15706691948466,-0.0054779138509721825,0.005474507494146685,3.1404506315926195
2.32,-9.35483870967742,-9.35483870967742,-0.0,-0.0,69.15724765251007,0.005474507491069369,-0.005477913847987237,-3.1404506315939624
2.33,-9.35483870967742,-9.35483870967742,-0.0,-0.0,69.15706691948462,-0.005477913849467497,0.005474507492513214,3.140450631593307
2.34,-9.35483870967742,-9.35483870967742,-0.0,-0.0,69.15724765251004,0.005474507491795122,-0.00547791384876628,-3.1404506315936143
2.35,-9.35483870967742,-9.35483870967742,-0.0,-0.0,69.1570669194846,-0.005477913849116778,0.0054745074921409564,3.1404506315934677
2.36,-9.35483870967742,-9.35483870967742,-0.0,-0.0,69.15724765251004,0.00547450749196754,-0.005477913848948912,-3.1404506315935454
2.37,-9.35483870967742,-9.35483870967742,-0.0,-0.0,0.04202854050915492,-0.005477913849032623,0.005474507492048142,3.140450631593507
2.38,-9.35483870967742,-9.35483870967742,-0.0,-0.0,69.15724765251004,0.005474507492007619,-0.0054779138489956525,-3.140450631593526
2.39,-9.35483870967742,-9.35483870967742,-0.0,-0.0,69.1570669194846,-0.00547791384901275,0.005474507492025826,3.1404506315935166
2.4,-9.35483870967742,-9.35483870967742,-0.0,-0.0,69.15724765251004,0.005474507492019165,-0.0054779138490056445,-3.1404506315935214
2.41,-9.35483870967742,-9.35483870967742,-0.0,-0.0,69.1570669194846,-0.005477913849007976,0.005474507492019942,3.1404506315935192
2.42,-9.35483870967742,-9.35483870967742,-0.0,-0.0,69.15724765251004,0.00547450749201861,-0.0054779138490059776,-3.1404506315935192
2.43,-9.35483870967742,-9.35483870967742,-0.0,-0.0,69.1570669194846,-0.005477913849008975,0.005474507492023606,3.14045063159352
2.44,-9.35483870967742,-9.35483870967742,-0.0,-0.0,69.15724765251004,0.005474507492019165,-0.005477913849004534,-3.1404506315935197
2.45,-9.35483870967742,-9.35483870967742,-0.0,-0.0,69.1570669194846,-0.005477913849007088,0.005474507492022607,3.1404506315935197
2.46,-9.35483870967742,-9.35483870967742,-0.0,-0.0,69.15724765251004,0.0054745074920218295,-0.005477913849009197,-3.1404506315935206
2.47,-9.35483870967742,-9.35483870967742,-0.0,-0.0,69.1570669194846,-0.0054779138490056445,0.005474507492020275,3.1404506315935197
2.48,-9.35483870967742,-9.35483870967742,-0.0,-0.0,69.15724765251004,0.0054745074920219405,-0.00547791384900842,-3.1404506315935197
2.49,-9.35483870967742,-9.35483870967742,-0.0,-0.0,69.1570669194846,-0.005477913849011196,0.005474507492021385,3.140450631593521
2.5,-9.35483870967742,-9.35483870967742,-0.0,-0.0,69.15724765251004,0.005474507492017722,-0.0054779138490055335,-3.1404506315935192
2.51,-9.35483870967742,-9.35483870967742,-0.0,-0.0,69.1570669194846,-0.005477913849008531,0.005474507492020941,3.1404506315935192
2.52,-9.35483870967742,-9.35483870967742,-0.0,-0.0,69.15724765251004,0.005474507492020053,-0.005477913849007643,-3.14045063159352
2.53,-9.35483870967742,-9.35483870967742,-0.0,-0.0,69.1570669194846,-0.0054779138490106405,0.005474507492022163,3.1404506315935206
2.54,-9.35483870967742,-9.35483870967742,-0.0,-0.0,69.15724765251004,0.005474507492019054,-0.0054779138490059776,-3.1404506315935197
2.55,-9.35483870967742,-9.35483870967742,-0.0,-0.0,69.1570669194846,-0.00547791384900731,0.005474507492024161,3.14045063159352
2.56,-9.35483870967742,-9.35483870967742,-0.0,-0.0,69.15724765251004,0.005474507492020386,-0.005477913849004423,-3.1404506315935197
2.57,-9.35483870967742,-9.35483870967742,-0.0,-0.0,69.1570669194846,-0.005477913849006533,0.0054745074920216075,3.1404506315935192
2.58,-9.35483870967742,-9.35483870967742,-0.0,-0.0,69.15724765251004,0.005474507492023495,-0.00547791384900842,-3.1404506315935206
2.59,-9.35483870967742,-9.35483870967742,-0.0,-0.0,69.1570669194846,-0.005477913849004423,0.0054745074920219405,3.1404506315935197
2.6,-9.35483870967742,-9.35483870967742,-0.0,-0.0,69.15724765251004,0.005474507492024161,-0.005477913849006866,-3.1404506315935197
2.61,-9.35483870967742,-9.35483870967742,-0.0,-0.0,69.1570669194846,-0.005477913849006089,0.005474507492020497,3.14045063159352
2.62,-9.35483870967742,-9.35483870967742,-0.0,-0.0,69.15724765251004,0.005474507492022607,-0.00547791384900953,-3.14045063159352
2.63,-9.35483870967742,-9.35483870967742,-0.0,-0.0,69.1570669194846,-0.0054779138490058665,0.005474507492019165,3.1404506315935197
2.64,-9.35483870967742,-9.35483870967742,-0.0,-0.0,69.15724765251004,0.00547450749202516,-0.005477913849006533,-3.14045063159352
2.65,-9.35483870967742,-9.35483870967742,-0.0,-0.0,69.1570669194846,-0.005477913849002092,0.005474507492019387,3.1404506315935192
2.66,-9.35483870967742,-9.35483870967742,-0.0,-0.0,0.042209273534585784,0.0054745074920267145,-0.005477913849009863,-3.1404506315935206
2.67,-9.35483870967742,-9.35483870967742,-0.0,-0.0,69.1570669194846,-0.0054779138490062,0.005474507492025937,3.140450631593522
2.68,-9.35483870967742,-9.35483870967742,-0.0,-0.0,69.15724765251004,0.0054745074920214964,-0.005477913849005311,-3.1404506315935197
2.69,-9.35483870967742,-9.35483870967742,-0.0,-0.0,69.1570669194846,-0.0054779138490062,0.005474507492024383,3.14045063159352
2.7,-9.35483870967742,-9.35483870967742,-0.0,-0.0,69.15724765251004,0.005474507492022718,-0.0054779138490058665,-3.14045063159352
2.71,-9.35483870967742,-9.35483870967742,-0.0,-0.0,69.1570669194846,-0.0054779138490057555,0.00547450749202083,3.1404506315935197
2.72,-9.35483870967742,-9.35483870967742,-0.0,-0.0,69.15724765251004,0.005474507492022496,-0.005477913849007643,-3.1404506315935197
2.73,-9.35483870967742,-9.35483870967742,-0.0,-0.0,69.1570669194846,-0.005477913849009974,0.005474507492021052,3.1404506315935206
2.74,-9.35483870967742,-9.35483870967742,-0.0,-0.0,69.15724765251004,0.005474507492020497,-0.005477913849007199,-3.14045063159352
2.75,-9.35483870967742,-9.35483870967742,-0.0,-0.0,69.1570669194846,-0.005477913849009197,0.005474507492022718,3.14045063159352
2.76,-9.35483870967742,-9.35483870967742,-0.0,-0.0,69.15724765251004,0.005474507492018721,-0.00547791384900409,-3.1404506315935192
2.77,-9.35483870967742,-9.35483870967742,-0.0,-0.0,69.1570669194846,-0.005477913849008642,0.005474507492022829,3.1404506315935197
2.78,-9.35483870967742,-9.35483870967742,-0.0,-0.0,69.15724765251004,0.00547450749201861,-0.005477913849005311,-3.1404506315935197
2.79,-9.35483870967742,-9.35483870967742,-0.0,-0.0,69.1570669194846,-0.00547791384900953,0.005474507492024161,3.14045063159352
2.8,-9.35483870967742,-9.35483870967742,-0.0,-0.0,69.15724765251004,0.0054745074920214964,-0.005477913849007088,-3.1404506315935206
2.81,-9.35483870967742,-9.35483870967742,-0.0,-0.0,69.1570669194846,-0.005477913849010085,0.005474507492024494,3.140450631593521
2.82,-9.35483870967742,-9.35483870967742,-0.0,-0.0,0.042209273534585784,0.005474507492020719,-0.0054779138490056445,-3.14045063159352
2.83,-9.35483870967742,-9.35483870967742,-0.0,-0.0,69.1570669194846,-0.005477913849006311,0.00547450749202405,3.1404506315935197
2.84,-9.35483870967742,-9.35483870967742,-0.0,-0.0,69.15724765251004,0.005474507492025715,-0.005477913849009974,-3.1404506315935214
2.85,-9.35483870967742,-9.35483870967742,-0.0,-0.0,69.1570669194846,-0.005477913849006089,0.005474507492022718,3.140450631593521
2.86,-9.35483870967742,-9.35483870967742,-0.0,-0.0,69.15724765251004,0.005474507492023939,-0.005477913849007532,-3.1404506315935206
2.87,-9.35483870967742,-9.35483870967742,-0.0,-0.0,69.1570669194846,-0.005477913849006422,0.005474507492022385,3.14045063159352
2.88,-9.35483870967742,-9.35483870967742,-0.0,-0.0,69.15724765251004,0.0054745074920220516,-0.005477913849008309,-3.14045063159352
2.89,-9.35483870967742,-9.35483870967742,-0.0,-0.0,69.1570669194846,-0.005477913849004201,0.005474507492020608,3.1404506315935197
2.9,-9.35483870967742,-9.35483870967742,-0.0,-0.0,69.15724765251004,0.005474507492024938,-0.005477913849009197,-3.1404506315935206
2.91,-9.35483870967742,-9.35483870967742,-0.0,-0.0,69.1570669194846,-0.0054779138490059776,0.005474507492019942,3.14045063159352
2.92,-9.35483870967742,-9.35483870967742,-0.0,-0.0,69.15724765251004,0.005474507492022163,-0.005477913849009086,-3.1404506315935197
2.93,-9.35483870967742,-9.35483870967742,-0.0,-0.0,0.04202854050915492,-0.005477913849004978,0.005474507492020053,3.1404506315935197
2.94,-9.35483870967742,-9.35483870967742,-0.0,-0.0,69.15724765251004,0.005474507492020719,-0.005477913849008087,-3.1404506315935197
2.95,-9.35483870967742,-9.35483870967742,-0.0,-0.0,69.1570669194846,-0.005477913849009086,0.005474507492023939,3.140450631593521
2.96,-9.35483870967742,-9.35483870967742,-0.0,-0.0,69.15724765251004,0.005474507492021274,-0.005477913849007088,-3.1404506315935206
2.97,-9.35483870967742,-9.35483870967742,-0.0,-0.0,69.1570669194846,-0.005477913849009752,0.005474507492022163,3.1404506315935206
2.98,-9.35483870967742,-9.35483870967742,-0.0,-0.0,69.15724765251004,0.005474507492021385,-0.005477913849006977,-3.14045063159352
2.99,-9.35483870967742,-9.35483870967742,-0.0,-0.0,69.1570669194846,-0.005477913849008864,0.005474507492023273,3.1404506315935206
3.0,-9.35483870967742,-9.35483870967742,-0.0,-0.0,69.15724765251004,0.005474507492019942,-0.005477913849006866,-3.14045063159352
3.01,-9.35483870967742,-9.35483870967742,-0.0,-0.0,69.1570669194846,-0.005477913849006311,0.005474507492019831,3.140450631593519
3.02,-9.35483870967742,-9.35483870967742,-0.0,-0.0,69.15724765251004,0.00547450749202294,-0.005477913849008531,-3.14045063159352
3.03,-9.35483870967742,-9.35483870967742,-0.0,-0.0,69.1570669194846,-0.0054779138490058665,0.0054745074920216075,3.14045063159352
3.04,-9.35483870967742,-9.35483870967742,-0.0,-0.0,69.15724765251004,0.005474507492022829,-0.005477913849007754,-3.14045063159352
3.05,-9.35483870967742,-9.35483870967742,-0.0,-0.0,69.1570669194846,-0.005477913849003757,0.005474507492019498,3.1404506315935192
3.06,-9.35483870967742,-9.35483870967742,-0.0,-0.0,69.15724765251004,0.0054745074920219405,-0.00547791384900731,-3.1404506315935192
3.07,-9.35483870967742,-9.35483870967742,-0.0,-0.0,69.1570669194846,-0.005477913849009419,0.005474507492022718,3.1404506315935206
3.08,-9.35483870967742,-9.35483870967742,-0.0,-0.0,69.15724765251004,0.005474507492020608,-0.005477913849006422,-3.14045063159352
3.09,-9.35483870967742,-9.35483870967742,-0.0,-0.0,69.1570669194846,-0.005477913849006644,0.00547450749202083,3.1404506315935192
3.1,-9.35483870967742,-9.35483870967742,-0.0,-0.0,69.15724765251004,0.0054745074920218295,-0.005477913849004756,-3.1404506315935192
3.11,-9.35483870967742,-9.35483870967742,-0.0,-0.0,69.1570669194846,-0.005477913849006089,0.0054745074920218295,3.1404506315935192
3.12,-9.35483870967742,-9.35483870967742,-0.0,-0.0,69.15724765251004,0.005474507492023273,-0.005477913849007088,-3.14045063159352
3.13,-9.35483870967742,-9.35483870967742,-0.0,-0.0,0.04202854050915492,-0.005477913849007865,0.0054745074920218295,3.14045063159352
3.14,-9.35483870967742,-9.35483870967742,-0.0,-0.0,69.15724765251004,0.005474507492022718,-0.005477913849008087,-3.1404506315935206
3.15,-9.35483870967742,-9.35483870967742,-0.0,-0.0,69.1570669194846,-0.0054779138490057555,0.005474507492021052,3.1404506315935197
3.16,-9.35483870967742,-9.35483870967742,-0.0,-0.0,69.15724765251004,0.0054745074920214964,-0.0054779138490055335,-3.1404506315935192
3.17,-9.35483870967742,-9.35483870967742,-0.0,-0.0,69.1570669194846,-0.0054779138490052,0.005474507492021163,3.1404506315935192
3.18,-9.35483870967742,-9.35483870967742,-0.0,-0.0,69.15724765251004,0.005474507492023273,-0.005477913849006644,-3.1404506315935197
3.19,-9.35483870967742,-9.35483870967742,-0.0,-0.0,69.1570669194846,-0.005477913849009197,0.005474507492024938,3.140450631593521
3.2,-9.35483870967742,-9.35483870967742,-0.0,-0.0,0.042209273534585784,0.005474507492022163,-0.005477913849006866,-3.1404506315935206
3.21,-9.35483870967742,-9.35483870967742,-0.0,-0.0,69.1570669194846,-0.005477913849008198,0.005474507492024605,3.1404506315935206
3.22,-9.35483870967742,-9.35483870967742,-0.0,-0.0,69.15724765251004,0.005474507492021163,-0.005477913849004312,-3.1404506315935197
3.23,-9.35483870967742,-9.35483870967742,-0.0,-0.0,69.1570669194846,-0.005477913849011307,0.005474507492026159,3.140450631593521
3.24,-9.35483870967742,-9.35483870967742,-0.0,-0.0,69.15724765251004,0.005474507492018277,-0.00547791384900409,-3.14045063159352
3.25,-9.35483870967742,-9.35483870967742,-0.0,-0.0,69.1570669194846,-0.0054779138490107515,0.00547450749202405,3.14045063159352
3.26,-9.35483870967742,-9.35483870967742,-0.0,-0.0,69.15724765251004,0.005474507492019831,-0.005477913849003868,-3.1404506315935197
3.27,-9.35483870967742,-9.35483870967742,-0.0,-0.0,69.1570669194846,-0.0054779138490107515,0.005474507492025604,3.1404506315935206
3.28,-9.35483870967742,-9.35483870967742,-0.0,-0.0,69.15724765251004,0.005474507492020941,-0.005477913849009419,-3.1404506315935214
3.29,-9.35483870967742,-9.35483870967742,-0.0,-0.0,69.1570669194846,-0.005477913849007088,0.00547450749202083,3.1404506315935197
3.3,-9.35483870967742,-9.35483870967742,-0.0,-0.0,69.15724765251004,0.005474507492024827,-0.005477913849009308,-3.140450631593521
3.31,-9.35483870967742,-9.35483870967742,-0.0,-0.0,69.1570669194846,-0.0054779138490055335,0.005474507492021052,3.14045063159352
3.32,-9.35483870967742,-9.35483870967742,-0.0,-0.0,69.15724765251004,0.005474507492020608,-0.005477913849007088,-3.1404506315935192
3.33,-9.35483870967742,-9.35483870967742,-0.0,-0.0,69.1570669194846,-0.005477913849009197,0.005474507492020497,3.14045063159352
3.34,-9.35483870967742,-9.35483870967742,-0.0,-0.0,69.15724765251004,0.005474507492018721,-0.005477913849009197,-3.14045063159352
3.35,-9.35483870967742,-9.35483870967742,-0.0,-0.0,69.1570669194846,-0.005477913849007865,0.005474507492020719,3.1404506315935197
3.36,-9.35483870967742,-9.35483870967742,-0.0,-0.0,69.15724765251004,0.0054745074920218295,-0.005477913849006755,-3.14045063159352
3.37,-9.35483870967742,-9.35483870967742,-0.0,-0.0,69.1570669194846,-0.005477913849008087,0.005474507492023162,3.1404506315935206
3.38,-9.35483870967742,-9.35483870967742,-0.0,-0.0,69.15724765251004,0.00547450749202083,-0.0054779138490059776,-3.14045063159352
3.39,-9.35483870967742,-9.35483870967742,-0.0,-0.0,69.1570669194846,-0.0054779138490056445,0.005474507492021163,3.1404506315935192
3.4,-9.35483870967742,-9.35483870967742,-0.0,-0.0,69.15724765251004,0.0054745074920214964,-0.0054779138490062,-3.1404506315935197
3.41,-9.35483870967742,-9.35483870967742,-0.0,-0.0,69.1570669194846,-0.005477913849006089,0.0054745074920220516,3.1404506315935197
3.42,-9.35483870967742,-9.35483870967742,-0.0,-0.0,69.15724765251004,0.005474507492022718,-0.005477913849006089,-3.14045063159352
3.43,-9.35483870967742,-9.35483870967742,-0.0,-0.0,0.04202854050915492,-0.005477913849007754,0.005474507492024605,3.1404506315935206
3.44,-9.35483870967742,-9.35483870967742,-0.0,-0.0,69.15724765251004,0.005474507492020719,-0.0054779138490052,-3.1404506315935197
3.45,-9.35483870967742,-9.35483870967742,-0.0,-0.0,69.1570669194846,-0.0054779138490059776,0.005474507492022385,3.1404506315935192
3.46,-9.35483870967742,-9.35483870967742,-0.0,-0.0,69.15724765251004,0.005474507492024272,-0.005477913849008087,-3.1404506315935206
3.47,-9.35483870967742,-9.35483870967742,-0.0,-0.0,69.1570669194846,-0.00547791384900842,0.005474507492021274,3.1404506315935206
3.48,-9.35483870967742,-9.35483870967742,-0.0,-0.0,69.15724765251004,0.005474507492023495,-0.0054779138490057555,-3.14045063159352
3.49,-9.35483870967742,-9.35483870967742,-0.0,-0.0,69.1570669194846,-0.005477913849007199,0.005474507492023384,3.14045063159352
3.5,-9.35483870967742,-9.35483870967742,-0.0,-0.0,69.15724765251004,0.005474507492019609,-0.005477913849007865,-3.1404506315935197
3.51,-9.35483870967742,-9.35483870967742,-0.0,-0.0,0.04202854050915492,-0.005477913849007754,0.005474507492023273,3.14045063159352
3.52,-9.35483870967742,-9.35483870967742,-0.0,-0.0,69.15724765251004,0.005474507492021052,-0.005477913849004867,-3.1404506315935197
3.53,-9.35483870967742,-9.35483870967742,-0.0,-0.0,69.1570669194846,-0.005477913849008642,0.0054745074920214964,3.1404506315935197
3.54,-9.35483870967742,-9.35483870967742,-0.0,-0.0,69.15724765251004,0.005474507492025937,-0.005477913849012861,-3.140450631593522
3.55,-9.35483870967742,-9.35483870967742,-0.0,-0.0,0.04202854050915492,-0.005477913849007088,0.005474507492020608,3.140450631593521
3.56,-9.35483870967742,-9.35483870967742,-0.0,-0.0,69.15724765251004,0.005474507492022385,-0.005477913849008864,-3.14045063159352
3.57,-9.35483870967742,-9.35483870967742,-0.0,-0.0,69.1570669194846,-0.005477913849004423,0.005474507492019498,3.1404506315935192
3.58,-9.35483870967742,-9.35483870967742,-0.0,-0.0,69.15724765251004,0.005474507492023384,-0.0054779138490105295,-3.14045063159352
3.59,-9.35483870967742,-9.35483870967742,-0.0,-0.0,69.1570669194846,-0.005477913849008309,0.005474507492021385,3.140450631593521
3.6,-9.35483870967742,-9.35483870967742,-0.0,-0.0,69.15724765251004,0.005474507492020941,-0.005477913849007643,-3.14045063159352
3.61,-9.35483870967742,-9.35483870967742,-0.0,-0.0,69.1570669194846,-0.005477913849007088,0.005474507492021274,3.1404506315935197
3.62,-9.35483870967742,-9.35483870967742,-0.0,-0.0,69.15724765251004,0.005474507492020719,-0.005477913849006977,-3.1404506315935197
3.63,-9.35483870967742,-9.35483870967742,-0.0,-0.0,69.1570669194846,-0.005477913849007088,0.005474507492021052,3.1404506315935197
3.64,-9.35483870967742,-9.35483870967742,-0.0,-0.0,69.15724765251004,0.005474507492020164,-0.005477913849007088,-3.1404506315935197
3.65,-9.35483870967742,-9.35483870967742,-0.0,-0.0,69.1570669194846,-0.005477913849007421,0.005474507492019387,3.1404506315935192
3.66,-9.35483870967742,-9.35483870967742,-0.0,-0.0,69.15724765251004,0.005474507492018166,-0.005477913849004201,-3.1404506315935183
3.67,-9.35483870967742,-9.35483870967742,-0.0,-0.0,69.1570669194846,-0.005477913849009641,0.005474507492023606,3.14045063159352
3.68,-9.35483870967742,-9.35483870967742,-0.0,-0.0,69.15724765251004,0.005474507492019276,-0.0054779138490062,-3.14045063159352
3.69,-9.35483870967742,-9.35483870967742,-0.0,-0.0,69.1570669194846,-0.005477913849009974,0.005474507492025937,3.1404506315935206
3.7,-9.35483870967742,-9.35483870967742,-0.0,-0.0,69.15724765251004,0.005474507492021274,-0.005477913849004867,-3.1404506315935206
3.71,-9.35483870967742,-9.35483870967742,-0.0,-0.0,69.1570669194846,-0.0054779138490057555,0.005474507492022829,3.1404506315935192
3.72,-9.35483870967742,-9.35483870967742,-0.0,-0.0,69.15724765251004,0.005474507492020941,-0.005477913849006533,-3.1404506315935197
3.73,-9.35483870967742,-9.35483870967742,-0.0,-0.0,69.1570669194846,-0.005477913849007199,0.005474507492020719,3.1404506315935197
3.74,-9.35483870967742,-9.35483870967742,-0.0,-0.0,69.15724765251004,0.005474507492022496,-0.005477913849007865,-3.14045063159352
3.75,-9.35483870967742,-9.35483870967742,-0.0,-0.0,69.1570669194846,-0.005477913849011529,0.005474507492024605,3.1404506315935214
3.76,-9.35483870967742,-9.35483870967742,-0.0,-0.0,69.15724765251004,0.005474507492025493,-0.005477913849010196,-3.1404506315935223
3.77,-9.35483870967742,-9.35483870967742,-0.0,-0.0,69.1570669194846,-0.005477913849007754,0.005474507492020386,3.1404506315935206
3.78,-9.35483870967742,-9.35483870967742,-0.0,-0.0,69.15724765251004,0.005474507492021052,-0.0054779138490057555,-3.1404506315935197
3.79,-9.35483870967742,-9.35483870967742,-0.0,-0.0,69.1570669194846,-0.0054779138490057555,0.00547450749202083,3.1404506315935192
3.8,-9.35483870967742,-9.35483870967742,-0.0,-0.0,69.15724765251004,0.005474507492021385,-0.005477913849006311,-3.1404506315935192
3.81,-9.35483870967742,-9.35483870967742,-0.0,-0.0,69.1570669194846,-0.005477913849006644,0.005474507492022163,3.1404506315935197
3.82,-9.35483870967742,-9.35483870967742,-0.0,-0.0,69.15724765251004,0.0054745074920220516,-0.005477913849008753,-3.14045063159352
3.83,-9.35483870967742,-9.35483870967742,-0.0,-0.0,69.1570669194846,-0.005477913849009863,0.005474507492023828,3.140450631593521
3.84,-9.35483870967742,-9.35483870967742,-0.0,-0.0,69.15724765251004,0.005474507492020053,-0.005477913849006977,-3.1404506315935206
3.85,-9.35483870967742,-9.35483870967742,-0.0,-0.0,69.1570669194846,-0.005477913849008309,0.005474507492023606,3.14045063159352
3.86,-9.35483870967742,-9.35483870967742,-0.0,-0.0,0.042209273534585784,0.0054745074920169445,-0.005477913849004756,-3.1404506315935192
3.87,-9.35483870967742,-9.35483870967742,-0.0,-0.0,69.1570669194846,-0.005477913849009863,0.005474507492023162,3.14045063159352
3.88,-9.35483870967742,-9.35483870967742,-0.0,-0.0,69.15724765251004,0.005474507492020164,-0.005477913849004423,-3.1404506315935197
3.89,-9.35483870967742,-9.35483870967742,-0.0,-0.0,69.1570669194846,-0.005477913849005089,0.0054745074920217185,3.1404506315935192
3.9,-9.35483870967742,-9.35483870967742,-0.0,-0.0,69.15724765251004,0.005474507492018721,-0.005477913849006533,-3.1404506315935192
3.91,-9.35483870967742,-9.35483870967742,-0.0,-0.0,69.1570669194846,-0.005477913849007532,0.005474507492024827,3.14045063159352
3.92,-9.35483870967742,-9.35483870967742,-0.0,-0.0,69.15724765251004,0.0054745074920218295,-0.005477913849006089,-3.1404506315935206
3.93,-9.35483870967742,-9.35483870967742,-0.0,-0.0,69.1570669194846,-0.005477913849008531,0.00547450749202405,3.1404506315935206
3.94,-9.35483870967742,-9.35483870967742,-0.0,-0.0,69.15724765251004,0.005474507492019609,-0.005477913849003646,-3.1404506315935192
3.95,-9.35483870967742,-9.35483870967742,-0.0,-0.0,69.1570669194846,-0.005477913849005311,0.0054745074920214964,3.140450631593519
3.96,-9.35483870967742,-9.35483870967742,-0.0,-0.0,69.15724765251004,0.0054745074920214964,-0.005477913849008198,-3.14045063159352
3.97,-9.35483870967742,-9.35483870967742,-0.0,-0.0,69.1570669194846,-0.005477913849010196,0.005474507492023273,3.140450631593521
3.98,-9.35483870967742,-9.35483870967742,-0.0,-0.0,69.15724765251004,0.005474507492018277,-0.0054779138490058665,-3.1404506315935197
3.99,-9.35483870967742,-9.35483870967742,-0.0,-0.0,0.04202854050915492,-0.005477913849008864,0.005474507492022163,3.1404506315935197
4.0,-9.35483870967742,-9.35483870967742,-0.0,-0.0,69.15724765251004,0.005474507492018499,-0.0054779138490054224,-3.1404506315935197
4.01,-9.35483870967742,-8.709677419354838,-0.0,-0.0,69.15743380792945,-0.0023237808661075166,0.04162100716917183,3.1411668387260407
4.02,-9.35483870967742,-8.709677419354838,-0.0,-0.0,69.15783144042055,0.001491593235952382,0.032620870727125606,3.140273608946169
4.03,-9.35483870967742,-8.709677419354838,-0.0,-0.0,69.1582548738758,-0.0034956869600486495,0.02607005210327029,3.139815877297197
4.04,-9.35483870967742,-8.709677419354838,-0.0,-0.0,69.15883191564036,-0.0010999905858247727,0.01915708493346835,3.139261912168387
4.05,-9.35483870967742,-8.709677419354838,-0.0,-0.0,69.15944937591595,-0.00330125161058481,0.014506462139788456,3.138816892435647
4.06,-9.35483870967742,-8.709677419354838,-0.0,-0.0,69.16012686604425,-0.003481019042148481,0.01068888563438497,3.1383856062086966
4.07,-9.35483870967742,-8.709677419354838,-0.0,-0.0,69.16082799701658,-0.004309858150931101,0.008427411377459948,3.138026068427018
4.08,-9.35483870967742,-8.709677419354838,-0.0,-0.0,69.1615412828798,-0.004874784328537274,0.007125898812597176,3.1377570556001553
4.09,-9.35483870967742,-8.709677419354838,-0.0,-0.0,69.16225911819146,-0.00526690176837652,0.006458084796141739,3.1375711975467038
4.1,-9.35483870967742,-8.709677419354838,-0.0,-0.0,69.16297848213308,-0.0055066568589480225,0.006125694730393816,3.1374497680868885
4.11,-9.35483870967742,-8.709677419354838,-0.0,-0.0,69.16369834018641,-0.005642839983588721,0.005959568435821572,3.137372858420349
4.12,-9.35483870967742,-8.709677419354838,-0.0,-0.0,69.16441836753616,-0.005716971051636821,0.0058751780054167035,3.1373249115666186
4.13,-9.35483870967742,-8.709677419354838,-0.0,-0.0,69.16513846141524,-0.00575641542652694,0.005831701952692336,3.1372952433664714
4.14,-9.35483870967742,-8.709677419354838,-0.0,-0.0,69.16585858612171,-0.005777151988229701,0.005809097251210482,3.137276946687003
4.15,-9.35483870967742,-8.709677419354838,-0.0,-0.0,69.16657872716536,-0.005787981289388955,0.0057972779174602085,3.137265678868146
4.16,-9.35483870967742,-8.709677419354838,-0.0,-0.0,69.16729887760783,-0.005793613985559776,0.005791075652091804,3.137258743499216
4.17,-9.35483870967742,-8.709677419354838,-0.0,-0.0,69.16801903368666,-0.0057965355230709115,0.005787812551184213,3.1372544754889327
4.18,-9.35483870967742,-8.709677419354838,-0.0,-0.0,69.16873919320918,-0.00579804731598943,0.005786092071055959,3.1372518489949957
4.19,-9.35483870967742,-8.709677419354838,-0.0,-0.0,69.16945935485188,-0.005798827841325682,0.005785183062774091,3.1372502325940013
4.2,-9.35483870967742,-8.709677419354838,-0.0,-0.0,69.17017951780356,-0.005799229829403396,0.005784701750543797,3.1372492377569587
4.21,-9.35483870967742,-8.709677419354838,-0.0,-0.0,69.170899681564,-0.005799436275711334,0.00578444629364161,3.1372486254268557
4.22,-9.35483870967742,-8.709677419354838,-0.0,-0.0,69.1716198458241,-0.0057995419407943505,0.005784310348858512,3.137248248508065
4.23,-9.35483870967742,-8.709677419354838,-0.0,-0.0,69.1723400103928,-0.00579959580108913,0.005784237787337165,3.137248016482833
4.24,-9.35483870967742,-8.709677419354838,-0.0,-0.0,69.17306017515202,-0.005799623116153896,0.0057841989266395055,3.137247873644588
4.25,-9.35483870967742,-8.709677419354838,-0.0,-0.0,69.17378034002881,-0.005799636881393289,0.0057841780361233,3.137247785707381
4.26,-9.35483870967742,-8.709677419354838,-0.0,-0.0,69.17450050497816,-0.0057996437628554665,0.005784166758834974,3.1372477315675513
4.27,-9.35483870967742,-8.709677419354838,-0.0,-0.0,69.17522066997223,-0.005799647167649358,0.0057841606428840064,3.1372476982345368
4.28,-9.35483870967742,-8.709677419354838,-0.0,-0.0,69.1759408349939,-0.005799648829529436,0.0057841573092878296,3.1372476777113896
4.29,-9.35483870967742,-8.709677419354838,-0.0,-0.0,69.17666100003257,-0.005799649625918835,0.005784155482317921,3.1372476650749883
4.3,-9.35483870967742,-8.709677419354838,-0.0,-0.0,69.17738116508171,-0.005799649997826117,0.005784154475188319,3.1372476572944374
4.31,-9.35483870967742,-8.709677419354838,-0.0,-0.0,69.17810133013732,-0.00579965016497519,0.0057841539165619515,3.1372476525036594
4.32,-9.35483870967742,-8.709677419354838,-0.0,-0.0,69.17882149519691,-0.005799650235604026,0.00578415360470208,3.1372476495537684
4.33,-9.35483870967742,-8.709677419354838,-0.0,-0.0,69.17954166025896,-0.005799650262233169,0.005784153429439387,3.1372476477373605
4.34,-9.35483870967742,-8.709677419354838,-0.0,-0.0,69.18026182532252,-0.005799650269827428,0.0057841533302741555,3.1372476466189014
4.35,-9.35483870967742,-8.709677419354838,-0.0,-0.0,69.18098199038701,-0.005799650269907031,0.005784153273781678,3.1372476459301852
4.36,-9.35483870967742,-8.709677419354838,-0.0,-0.0,69.18170215545207,-0.005799650267556911,0.005784153241382484,3.137247645506106
4.37,-9.35483870967742,-8.709677419354838,-0.0,-0.0,69.18242232051749,-0.005799650264856515,0.005784153222677113,3.1372476452449645
4.38,-9.35483870967742,-8.709677419354838,-0.0,-0.0,69.18314248558312,-0.005799650262539702,0.005784153211809806,3.137247645084166
4.39,-9.35483870967742,-8.709677419354838,-0.0,-0.0,69.18386265064889,-0.005799650260771894,0.005784153205457665,3.1372476449851394
4.4,-9.35483870967742,-8.709677419354838,-0.0,-0.0,0.06954443673928255,-0.005799650259504463,0.005784153201723319,3.137247644924177
4.41,-9.35483870967742,-8.709677419354838,-0.0,-0.0,69.18530298078063,-0.0057996502586308285,0.0057841531995163065,3.1372476448866244
4.42,-9.35483870967742,-8.709677419354838,-0.0,-0.0,69.18602314584656,-0.00579965025804452,0.005784153198205466,3.137247644863507
4.43,-9.35483870967742,-8.709677419354838,-0.0,-0.0,69.1867433109125,-0.005799650257658051,0.005784153197423536,3.1372476448492748
4.44,-9.35483870967742,-8.709677419354838,-0.0,-0.0,69.18746347597846,-0.005799650257406808,0.005784153196955355,3.1372476448405053
4.45,-9.35483870967742,-8.709677419354838,-0.0,-0.0,69.18818364104443,-0.005799650257245381,0.0057841531966740245,3.1372476448351
4.46,-9.35483870967742,-8.709677419354838,-0.0,-0.0,69.1889038061104,-0.0057996502571421304,0.005784153196503938,3.13724764483178
4.47,-9.35483870967742,-8.709677419354838,-0.0,-0.0,69.18962397117637,-0.005799650257076627,0.005784153196401576,3.1372476448297353
4.48,-9.35483870967742,-8.709677419354838,-0.0,-0.0,69.19034413624235,-0.005799650257035549,0.005784153196339181,3.1372476448284763
4.49,-9.35483870967742,-8.709677419354838,-0.0,-0.0,69.19106430130833,-0.005799650257009681,0.005784153196301323,3.137247644827687
4.5,-9.35483870967742,-8.709677419354838,-0.0,-0.0,69.19178446637432,-0.0057996502569932495,0.00578415319627823,3.1372476448272097
4.51,-9.35483870967742,-8.709677419354838,-0.0,-0.0,69.1925046314403,-0.0057996502569831465,0.00578415319626413,3.1372476448269158
4.52,-9.35483870967742,-8.709677419354838,-0.0,-0.0,69.19322479650629,-0.005799650256976818,0.0057841531962555814,3.1372476448267346
4.53,-9.35483870967742,-8.709677419354838,-0.0,-0.0,69.19394496157227,-0.0057996502569729325,0.005784153196250363,3.137247644826623
4.54,-9.35483870967742,-8.709677419354838,-0.0,-0.0,69.19466512663826,-0.005799650256970712,0.005784153196247033,3.1372476448265543
4.55,-9.35483870967742,-8.709677419354838,-0.0,-0.0,69.19538529170424,-0.005799650256968936,0.005784153196245034,3.137247644826512
4.56,-9.35483870967742,-8.709677419354838,-0.0,-0.0,69.19610545677023,-0.0057996502569680475,0.005784153196244146,3.137247644826486
4.57,-9.35483870967742,-8.709677419354838,-0.0,-0.0,69.19682562183621,-0.005799650256967381,0.005784153196243258,3.13724764482647
4.58,-9.35483870967742,-8.709677419354838,-0.0,-0.0,69.1975457869022,-0.005799650256966826,0.005784153196242703,3.13724764482646
4.59,-9.35483870967742,-8.709677419354838,-0.0,-0.0,69.19826595196818,-0.005799650256966826,0.005784153196242481,3.137247644826454
4.6,-9.35483870967742,-8.709677419354838,-0.0,-0.0,69.19898611703417,-0.005799650256966715,0.00578415319624237,3.1372476448264504
4.61,-9.35483870967742,-8.709677419354838,-0.0,-0.0,69.19970628210015,-0.005799650256966826,0.005784153196242259,3.137247644826448
4.62,-9.35483870967742,-8.709677419354838,-0.0,-0.0,69.20042644716614,-0.005799650256966604,0.005784153196242037,3.137247644826447
4.63,-9.35483870967742,-8.709677419354838,-0.0,-0.0,69.20114661223212,-0.005799650256966493,0.005784153196241926,3.1372476448264455
4.64,-9.35483870967742,-8.709677419354838,-0.0,-0.0,69.20186677729811,-0.005799650256966715,0.005784153196241926,3.137247644826445
4.65,-9.35483870967742,-8.709677419354838,-0.0,-0.0,69.20258694236409,-0.005799650256966826,0.005784153196242037,3.137247644826445
4.66,-9.35483870967742,-8.709677419354838,-0.0,-0.0,69.20330710743008,-0.005799650256966604,0.005784153196241815,3.1372476448264446
4.67,-9.35483870967742,-8.709677419354838,-0.0,-0.0,69.20402727249606,-0.005799650256966493,0.005784153196241926,3.1372476448264446
4.68,-9.35483870967742,-8.709677419354838,-0.0,-0.0,69.20474743756205,-0.005799650256966493,0.005784153196242148,3.1372476448264446
4.69,-9.35483870967742,-8.709677419354838,-0.0,-0.0,69.20546760262803,-0.005799650256966493,0.005784153196241926,3.1372476448264446
4.7,-9.35483870967742,-8.709677419354838,-0.0,-0.0,69.20618776769402,-0.005799650256966604,0.005784153196242037,3.1372476448264446
4.71,-9.35483870967742,-8.709677419354838,-0.0,-0.0,69.20690793276,-0.005799650256966604,0.005784153196242037,3.1372476448264446
4.72,-9.35483870967742,-8.709677419354838,-0.0,-0.0,69.20762809782599,-0.005799650256966604,0.005784153196241815,3.137247644826444
4.73,-9.35483870967742,-8.709677419354838,-0.0,-0.0,69.20834826289197,-0.005799650256966715,0.005784153196241926,3.1372476448264446
4.74,-9.35483870967742,-8.709677419354838,-0.0,-0.0,69.20906842795796,-0.005799650256966715,0.005784153196242148,3.1372476448264446
4.75,-9.35483870967742,-8.709677419354838,-0.0,-0.0,69.20978859302394,-0.005799650256966604,0.005784153196241815,3.1372476448264446
4.76,-9.35483870967742,-8.709677419354838,-0.0,-0.0,69.21050875808993,-0.005799650256966604,0.005784153196242037,3.1372476448264446
4.77,-9.35483870967742,-8.709677419354838,-0.0,-0.0,69.21122892315591,-0.005799650256966715,0.005784153196241926,3.1372476448264446
4.78,-9.35483870967742,-8.709677419354838,-0.0,-0.0,69.2119490882219,-0.005799650256966604,0.005784153196241815,3.137247644826444
4.79,-9.35483870967742,-8.709677419354838,-0.0,-0.0,69.21266925328788,-0.005799650256966715,0.005784153196241926,3.137247644826444
4.8,-9.35483870967742,-8.709677419354838,-0.0,-0.0,69.21338941835387,-0.005799650256966604,0.005784153196241815,3.137247644826444
4.81,-9.35483870967742,-8.709677419354838,-0.0,-0.0,69.21410958341986,-0.005799650256966604,0.005784153196241815,3.137247644826444
4.82,-9.35483870967742,-8.709677419354838,-0.0,-0.0,69.21482974848584,-0.005799650256966604,0.005784153196241815,3.137247644826444
4.83,-9.35483870967742,-8.709677419354838,-0.0,-0.0,69.21554991355183,-0.005799650256966715,0.005784153196241926,3.1372476448264446
4.84,-9.35483870967742,-8.709677419354838,-0.0,-0.0,69.21627007861781,-0.005799650256966826,0.005784153196242037,3.1372476448264446
4.85,-9.35483870967742,-8.709677419354838,-0.0,-0.0,69.2169902436838,-0.005799650256966715,0.005784153196241704,3.137247644826444
4.86,-9.35483870967742,-8.709677419354838,-0.0,-0.0,0.10267202977432974,-0.005799650256966604,0.005784153196241815,3.137247644826444
4.87,-9.35483870967742,-8.709677419354838,-0.0,-0.0,69.21843057381577,-0.005799650256966715,0.005784153196241926,3.137247644826444
4.88,-9.35483870967742,-8.709677419354838,-0.0,-0.0,0.10411235990630006,-0.005799650256966715,0.005784153196241926,3.1372476448264446
4.89,-9.35483870967742,-8.709677419354838,-0.0,-0.0,69.21987090394774,-0.005799650256966604,0.005784153196241815,3.137247644826444
4.9,-9.35483870967742,-8.709677419354838,-0.0,-0.0,69.22059106901372,-0.005799650256966826,0.005784153196241815,3.1372476448264446
4.91,-9.35483870967742,-8.709677419354838,-0.0,-0.0,69.2213112340797,-0.005799650256966826,0.005784153196241815,3.1372476448264446
4.92,-9.35483870967742,-8.709677419354838,-0.0,-0.0,69.22203139914569,-0.005799650256966715,0.005784153196241926,3.1372476448264446
4.93,-9.35483870967742,-8.709677419354838,-0.0,-0.0,69.22275156421168,-0.005799650256966604,0.005784153196241815,3.137247644826444
4.94,-9.35483870967742,-8.709677419354838,-0.0,-0.0,69.22347172927766,-0.005799650256966826,0.005784153196241815,3.1372476448264446
4.95,-9.35483870967742,-8.709677419354838,-0.0,-0.0,69.22419189434365,-0.005799650256966937,0.005784153196241926,3.1372476448264446
4.96,-9.35483870967742,-8.709677419354838,-0.0,-0.0,69.22491205940963,-0.005799650256966493,0.005784153196241926,3.1372476448264446
4.97,-9.35483870967742,-8.709677419354838,-0.0,-0.0,69.22563222447562,-0.005799650256966604,0.005784153196242037,3.1372476448264446
4.98,-9.35483870967742,-8.709677419354838,-0.0,-0.0,69.2263523895416,-0.005799650256966826,0.005784153196241815,3.1372476448264446
4.99,-9.35483870967742,-8.709677419354838,-0.0,-0.0,69.22707255460759,-0.005799650256966604,0.005784153196241815,3.137247644826444
5.0,-9.35483870967742,-8.709677419354838,-0.0,-0.0,69.22779271967357,-0.005799650256966715,0.005784153196241926,3.1372476448264446
5.01,-9.35483870967742,-8.709677419354838,-0.0,-0.0,69.22851288473956,-0.005799650256966493,0.005784153196241926,3.137247644826444
5.02,-9.35483870967742,-8.709677419354838,-0.0,-0.0,69.22923304980554,-0.005799650256966493,0.005784153196241926,3.137247644826444
5.03,-9.35483870967742,-8.709677419354838,-0.0,-0.0,69.22995321487153,-0.005799650256966493,0.005784153196241926,3.137247644826444
5.04,-9.35483870967742,-8.709677419354838,-0.0,-0.0,69.23067337993751,-0.005799650256966715,0.005784153196241926,3.1372476448264446
5.05,-9.35483870967742,-8.709677419354838,-0.0,-0.0,69.2313935450035,-0.005799650256966937,0.005784153196241926,3.1372476448264446
5.06,-9.35483870967742,-8.709677419354838,-0.0,-0.0,69.23211371006948,-0.005799650256966715,0.005784153196241704,3.137247644826444
5.07,-9.35483870967742,-8.709677419354838,-0.0,-0.0,69.23283387513547,-0.005799650256966826,0.005784153196241593,3.137247644826444
5.08,-9.35483870967742,-8.709677419354838,-0.0,-0.0,69.23355404020145,-0.005799650256966826,0.005784153196241815,3.137247644826444
5.09,-9.35483870967742,-8.709677419354838,-0.0,-0.0,69.23427420526744,-0.005799650256966715,0.005784153196241926,3.1372476448264446
5.1,-9.35483870967742,-8.709677419354838,-0.0,-0.0,69.23499437033342,-0.005799650256966604,0.005784153196241815,3.137247644826444
5.11,-9.35483870967742,-8.709677419354838,-0.0,-0.0,0.12067615642395868,-0.005799650256966604,0.005784153196242037,3.137247644826444
5.12,-9.35483870967742,-8.709677419354838,-0.0,-0.0,69.2364347004654,-0.005799650256966715,0.005784153196241926,3.1372476448264446
5.13,-9.35483870967742,-8.709677419354838,-0.0,-0.0,69.23715486553138,-0.005799650256966826,0.005784153196241815,3.1372476448264446
5.14,-9.35483870967742,-8.709677419354838,-0.0,-0.0,69.23787503059737,-0.005799650256966604,0.005784153196241815,3.137247644826444
5.15,-9.35483870967742,-8.709677419354838,-0.0,-0.0,69.23859519566335,-0.005799650256966715,0.005784153196241926,3.1372476448264446
5.16,-9.35483870967742,-8.709677419354838,-0.0,-0.0,69.23931536072934,-0.005799650256966826,0.005784153196242037,3.1372476448264446
5.17,-9.35483870967742,-8.709677419354838,-0.0,-0.0,69.24003552579532,-0.005799650256966604,0.005784153196241815,3.1372476448264446
5.18,-9.35483870967742,-8.709677419354838,-0.0,-0.0,69.2407556908613,-0.005799650256966826,0.005784153196241815,3.1372476448264446
5.19,-9.35483870967742,-8.709677419354838,-0.0,-0.0,0.12643747695183993,-0.005799650256966715,0.005784153196241926,3.1372476448264446
5.2,-9.35483870967742,-8.709677419354838,-0.0,-0.0,69.24219602099328,-0.005799650256966604,0.005784153196241815,3.137247644826444
5.21,-9.35483870967742,-8.709677419354838,-0.0,-0.0,69.24291618605926,-0.005799650256966826,0.005784153196241815,3.1372476448264446
5.22,-9.35483870967742,-8.709677419354838,-0.0,-0.0,69.24363635112525,-0.005799650256966604,0.005784153196241815,3.137247644826444
5.23,-9.35483870967742,-8.709677419354838,-0.0,-0.0,69.24435651619123,-0.005799650256966493,0.005784153196241926,3.137247644826444
5.24,-9.35483870967742,-8.709677419354838,-0.0,-0.0,69.24507668125722,-0.005799650256966493,0.005784153196241926,3.137247644826444
5.25,-9.35483870967742,-8.709677419354838,-0.0,-0.0,69.2457968463232,-0.005799650256966715,0.005784153196241926,3.137247644826444
5.26,-9.35483870967742,-8.709677419354838,-0.0,-0.0,69.24651701138919,-0.005799650256966826,0.005784153196242037,3.1372476448264446
5.27,-9.35483870967742,-8.709677419354838,-0.0,-0.0,69.24723717645517,-0.005799650256966493,0.005784153196241926,3.137247644826444
5.28,-9.35483870967742,-8.709677419354838,-0.0,-0.0,69.24795734152116,-0.005799650256966382,0.005784153196242037,3.137247644826444
5.29,-9.35483870967742,-8.709677419354838,-0.0,-0.0,69.24867750658714,-0.005799650256966604,0.005784153196242037,3.137247644826444
5.3,-9.35483870967742,-8.709677419354838,-0.0,-0.0,69.24939767165313,-0.005799650256966715,0.005784153196241926,3.1372476448264446
5.31,-9.35483870967742,-8.709677419354838,-0.0,-0.0,69.25011783671911,-0.005799650256966604,0.005784153196241815,3.137247644826444
5.32,-9.35483870967742,-8.709677419354838,-0.0,-0.0,69.2508380017851,-0.005799650256966715,0.005784153196241926,3.1372476448264446
5.33,-9.35483870967742,-8.709677419354838,-0.0,-0.0,69.25155816685108,-0.005799650256966604,0.005784153196242037,3.1372476448264446
5.34,-9.35483870967742,-8.709677419354838,-0.0,-0.0,69.25227833191707,-0.005799650256966604,0.005784153196242037,3.1372476448264446
5.35,-9.35483870967742,-8.709677419354838,-0.0,-0.0,69.25299849698305,-0.005799650256966604,0.005784153196241815,3.137247644826444
5.36,-9.35483870967742,-8.709677419354838,-0.0,-0.0,69.25371866204904,-0.005799650256966826,0.005784153196241815,3.1372476448264446
5.37,-9.35483870967742,-8.709677419354838,-0.0,-0.0,69.25443882711502,-0.005799650256967048,0.005784153196241815,3.1372476448264446
5.38,-9.35483870967742,-8.709677419354838,-0.0,-0.0,69.25515899218101,-0.005799650256966715,0.005784153196241704,3.1372476448264446
5.39,-9.35483870967742,-8.709677419354838,-0.0,-0.0,69.255879157247,-0.005799650256966715,0.005784153196241926,3.1372476448264446
5.4,-9.35483870967742,-8.709677419354838,-0.0,-0.0,69.25659932231298,-0.005799650256966604,0.005784153196242037,3.1372476448264446
5.41,-9.35483870967742,-8.709677419354838,-0.0,-0.0,69.25731948737896,-0.005799650256966493,0.005784153196241926,3.137247644826444
5.42,-9.35483870967742,-8.709677419354838,-0.0,-0.0,69.25803965244495,-0.005799650256966604,0.005784153196242037,3.1372476448264446
5.43,-9.35483870967742,-8.709677419354838,-0.0,-0.0,69.25875981751093,-0.005799650256966604,0.005784153196241815,3.137247644826444
5.44,-9.35483870967742,-8.709677419354838,-0.0,-0.0,69.25947998257692,-0.005799650256966493,0.005784153196241926,3.137247644826444
5.45,-9.35483870967742,-8.709677419354838,-0.0,-0.0,69.2602001476429,-0.005799650256966493,0.005784153196241926,3.137247644826444
5.46,-9.35483870967742,-8.709677419354838,-0.0,-0.0,69.26092031270889,-0.005799650256966715,0.005784153196241926,3.1372476448264446
5.47,-9.35483870967742,-8.709677419354838,-0.0,-0.0,69.26164047777488,-0.005799650256966715,0.005784153196242148,3.1372476448264446
5.48,-9.35483870967742,-8.709677419354838,-0.0,-0.0,69.26236064284086,-0.005799650256966604,0.005784153196241815,3.137247644826444
5.49,-9.35483870967742,-8.709677419354838,-0.0,-0.0,69.26308080790685,-0.005799650256966604,0.005784153196241815,3.137247644826444
5.5,-9.35483870967742,-8.709677419354838,-0.0,-0.0,69.26380097297283,-0.005799650256966604,0.005784153196242037,3.137247644826444
5.51,-9.35483870967742,-8.709677419354838,-0.0,-0.0,69.26452113803882,-0.005799650256966493,0.005784153196242148,3.1372476448264446
5.52,-9.35483870967742,-8.709677419354838,-0.0,-0.0,69.2652413031048,-0.005799650256966493,0.005784153196241926,3.137247644826444
5.53,-9.35483870967742,-8.709677419354838,-0.0,-0.0,69.26596146817079,-0.005799650256966604,0.005784153196242037,3.1372476448264446
5.54,-9.35483870967742,-8.709677419354838,-0.0,-0.0,69.26668163323677,-0.005799650256966715,0.005784153196241926,3.1372476448264446
5.55,-9.35483870967742,-8.709677419354838,-0.0,-0.0,69.26740179830276,-0.005799650256966493,0.005784153196242148,3.1372476448264446
5.56,-9.35483870967742,-8.709677419354838,-0.0,-0.0,69.26812196336874,-0.005799650256966493,0.005784153196241926,3.137247644826444
5.57,-9.35483870967742,-8.709677419354838,-0.0,-0.0,69.26884212843473,-0.005799650256966493,0.005784153196242148,3.1372476448264446
5.58,-9.35483870967742,-8.709677419354838,-0.0,-0.0,69.26956229350071,-0.005799650256966604,0.005784153196242259,3.1372476448264446
5.59,-9.35483870967742,-8.709677419354838,-0.0,-0.0,69.2702824585667,-0.005799650256966493,0.005784153196241926,3.1372476448264446
5.6,-9.35483870967742,-8.709677419354838,-0.0,-0.0,69.27100262363268,-0.005799650256966604,0.005784153196242037,3.1372476448264446
5.61,-9.35483870967742,-8.709677419354838,-0.0,-0.0,69.27172278869867,-0.005799650256966715,0.005784153196241926,3.1372476448264446
5.62,-9.35483870967742,-8.709677419354838,-0.0,-0.0,69.27244295376465,-0.005799650256966382,0.005784153196242037,3.137247644826444
5.63,-9.35483870967742,-8.709677419354838,-0.0,-0.0,69.27316311883064,-0.005799650256966604,0.005784153196242037,3.137247644826444
5.64,-9.35483870967742,-8.709677419354838,-0.0,-0.0,69.27388328389662,-0.005799650256966493,0.005784153196241926,3.137247644826444
5.65,-9.35483870967742,-8.709677419354838,-0.0,-0.0,69.27460344896261,-0.005799650256966493,0.005784153196241926,3.137247644826444
5.66,-9.35483870967742,-8.709677419354838,-0.0,-0.0,69.2753236140286,-0.005799650256966493,0.005784153196241926,3.137247644826444
5.67,-9.35483870967742,-8.709677419354838,-0.0,-0.0,69.27604377909458,-0.005799650256966604,0.005784153196242037,3.1372476448264446
5.68,-9.35483870967742,-8.709677419354838,-0.0,-0.0,0.1617255651851126,-0.005799650256966604,0.005784153196242259,3.1372476448264446
5.69,-9.35483870967742,-8.709677419354838,-0.0,-0.0,69.27748410922655,-0.005799650256966493,0.005784153196241926,3.137247644826444
5.7,-9.35483870967742,-8.709677419354838,-0.0,-0.0,69.27820427429253,-0.005799650256966382,0.005784153196242037,3.137247644826444
5.71,-9.35483870967742,-8.709677419354838,-0.0,-0.0,69.27892443935852,-0.005799650256966493,0.005784153196242148,3.137247644826444
5.72,-9.35483870967742,-8.709677419354838,-0.0,-0.0,69.2796446044245,-0.005799650256966715,0.005784153196241926,3.1372476448264446
5.73,-9.35483870967742,-8.709677419354838,-0.0,-0.0,69.28036476949049,-0.005799650256966493,0.005784153196241926,3.1372476448264446
5.74,-9.35483870967742,-8.709677419354838,-0.0,-0.0,69.28108493455647,-0.005799650256966382,0.005784153196242259,3.1372476448264446
5.75,-9.35483870967742,-8.709677419354838,-0.0,-0.0,69.28180509962246,-0.005799650256966604,0.005784153196242037,3.1372476448264446
5.76,-9.35483870967742,-8.709677419354838,-0.0,-0.0,69.28252526468845,-0.005799650256966604,0.005784153196242037,3.1372476448264446
5.77,-9.35483870967742,-8.709677419354838,-0.0,-0.0,69.28324542975443,-0.005799650256966382,0.005784153196242037,3.137247644826444
5.78,-9.35483870967742,-8.709677419354838,-0.0,-0.0,69.28396559482042,-0.005799650256966493,0.005784153196242148,3.1372476448264446
5.79,-9.35483870967742,-8.709677419354838,-0.0,-0.0,69.2846857598864,-0.005799650256966493,0.00578415319624237,3.1372476448264446
5.8,-9.35483870967742,-8.709677419354838,-0.0,-0.0,69.28540592495239,-0.005799650256966382,0.005784153196242037,3.1372476448264446
5.81,-9.35483870967742,-8.709677419354838,-0.0,-0.0,69.28612609001837,-0.005799650256966604,0.005784153196242037,3.1372476448264446
5.82,-9.35483870967742,-8.709677419354838,-0.0,-0.0,69.28684625508436,-0.005799650256966493,0.005784153196242148,3.1372476448264446
5.83,-9.35483870967742,-8.709677419354838,-0.0,-0.0,69.28756642015034,-0.005799650256966382,0.005784153196242037,3.137247644826444
5.84,-9.35483870967742,-8.709677419354838,-0.0,-0.0,69.28828658521633,-0.005799650256966493,0.005784153196242148,3.1372476448264446
5.85,-9.35483870967742,-8.709677419354838,-0.0,-0.0,69.28900675028231,-0.005799650256966271,0.005784153196242148,3.137247644826444
5.86,-9.35483870967742,-8.709677419354838,-0.0,-0.0,69.2897269153483,-0.005799650256966271,0.005784153196242148,3.137247644826444
5.87,-9.35483870967742,-8.709677419354838,-0.0,-0.0,69.29044708041428,-0.005799650256966271,0.005784153196242148,3.137247644826444
5.88,-9.35483870967742,-8.709677419354838,-0.0,-0.0,69.29116724548027,-0.005799650256966382,0.005784153196242259,3.1372476448264446
5.89,-9.35483870967742,-8.709677419354838,-0.0,-0.0,69.29188741054625,-0.005799650256966382,0.005784153196242481,3.1372476448264446
5.9,-9.35483870967742,-8.709677419354838,-0.0,-0.0,69.29260757561224,-0.005799650256966382,0.005784153196242037,3.137247644826444
5.91,-9.35483870967742,-8.709677419354838,-0.0,-0.0,69.29332774067822,-0.005799650256966382,0.005784153196242037,3.137247644826444
5.92,-9.35483870967742,-8.709677419354838,-0.0,-0.0,69.29404790574421,-0.005799650256966382,0.005784153196242259,3.137247644826444
5.93,-9.35483870967742,-8.709677419354838,-0.0,-0.0,69.29476807081019,-0.005799650256966493,0.005784153196242148,3.1372476448264446
5.94,-9.35483870967742,-8.709677419354838,-0.0,-0.0,69.29548823587618,-0.005799650256966271,0.005784153196242148,3.1372476448264446
5.95,-9.35483870967742,-8.709677419354838,-0.0,-0.0,0.18117002196671178,-0.005799650256966382,0.005784153196242259,3.1372476448264446
5.96,-9.35483870967742,-8.709677419354838,-0.0,-0.0,69.29692856600815,-0.005799650256966382,0.005784153196242259,3.1372476448264446
5.97,-9.35483870967742,-8.709677419354838,-0.0,-0.0,69.29764873107413,-0.005799650256966382,0.005784153196242259,3.1372476448264446
5.98,-9.35483870967742,-8.709677419354838,-0.0,-0.0,69.29836889614012,-0.005799650256966382,0.005784153196242037,3.137247644826444
5.99,-9.35483870967742,-8.709677419354838,-0.0,-0.0,0.18405068223065243,-0.005799650256966382,0.005784153196242259,3.1372476448264446
6.0,-9.35483870967742,-8.709677419354838,-0.0,-0.0,0.18477084729663762,-0.005799650256966382,0.005784153196242481,3.1372476448264446
6.01,-9.35483870967742,-8.064516129032258,-0.0,-0.0,69.300693078158,-0.003208130297120193,0.053682058319253545,3.136929485392875
6.02,-9.35483870967742,-8.064516129032258,-0.0,-0.0,69.30167390907562,-0.00357256310057108,0.04744069619506297,3.1364907601411667
6.03,-9.35483870967742,-8.064516129032258,-0.0,-0.0,69.30273844832526,-0.004218190577792158,0.04172234379749351,3.136007953424123
6.04,-9.35483870967742,-8.064516129032258,-0.0,-0.0,69.30387724009829,-0.004906456565428985,0.03653437489223299,3.135510396009454
6.05,-9.35483870967742,-8.064516129032258,-0.0,-0.0,69.30508067835315,-0.005602071201890824,0.03192118345631478,3.1350103384374917
6.06,-9.35483870967742,-8.064516129032258,-0.0,-0.0,69.30633832245174,-0.00631862798949645,0.0279197525392747,3.1345181156093815
6.07,-9.35483870967742,-8.064516129032258,-0.0,-0.0,69.30763989748064,-0.007041947163115014,0.024534218988914724,3.134049614785083
6.08,-9.35483870967742,-8.064516129032258,-0.0,-0.0,69.30897594108636,-0.007748660477362557,0.021738709918955545,3.1336147115673665
6.09,-9.35483870967742,-8.064516129032258,-0.0,-0.0,69.31033818911533,-0.008416595740171506,0.019482786607376457,3.1332192717841503
6.1,-9.35483870967742,-8.064516129032258,-0.0,-0.0,69.31171976627294,-0.009028609502492735,0.017699427649081834,3.132866384102409
6.11,-9.35483870967742,-8.064516129032258,-0.0,-0.0,69.31311520554954,-0.009573884597831372,0.01631410814353884,3.1325567783582033
6.12,-9.35483870967742,-8.064516129032258,-0.0,-0.0,69.31452033748634,-0.010047733414782933,0.015252884118084231,3.1322892458409863
6.13,-9.35483870967742,-8.064516129032258,-0.0,-0.0,69.31593209985208,-0.010450600495660045,0.014448213044371383,3.1320611332014296
6.14,-9.35483870967742,-8.064516129032258,-0.0,-0.0,69.31734831692808,-0.010786695721330397,0.013842162376564437,3.1318688483169743
6.15,-9.35483870967742,-8.064516129032258,-0.0,-0.0,69.31876748595616,-0.011062591765005902,0.013387378036750053,3.1317083178217047
6.16,-9.35483870967742,-8.064516129032258,-0.0,-0.0,69.3201885928824,-0.011286007863223646,0.013046525309674872,3.1315753563583386
6.17,-9.35483870967742,-8.064516129032258,-0.0,-0.0,69.32161096587643,-0.011464885398311142,0.01279092406648108,3.131465932281409
6.18,-9.35483870967742,-8.064516129032258,-0.0,-0.0,69.32303416583886,-0.011606768922737598,0.012598926257559762,3.131376335150595
6.19,-9.35483870967742,-8.064516129032258,-0.0,-0.0,69.32445790833722,-0.011718450723251839,0.012454366779720227,3.1313032625548054
6.2,-9.35483870967742,-8.064516129032258,-0.0,-0.0,69.32588200994354,-0.011805814361173228,0.012345241199496648,3.131243847895257
6.21,-9.35483870967742,-8.064516129032258,-0.0,-0.0,69.3273063523664,-0.011873812283842655,0.01226264979362468,3.131195649385046
6.22,-9.35483870967742,-8.064516129032258,-0.0,-0.0,69.32873085898248,-0.011926523612259543,0.012199988356927816,3.131156616545358
6.23,-9.35483870967742,-8.064516129032258,-0.0,-0.0,69.33015547972158,-0.011967252585029398,0.012152343529070464,3.131125045935688
6.24,-9.35483870967742,-8.064516129032258,-0.0,-0.0,69.33158018143965,-0.011998641431523405,0.012116047357284332,3.131099533837382
6.25,-9.35483870967742,-8.064516129032258,-0.0,-0.0,69.33300494182984,-0.012022781888708756,0.012088351369142658,3.1310789305135143
6.26,-9.35483870967742,-8.064516129032258,-0.0,-0.0,69.3344297455836,-0.012041316952368653,0.012067188472669632,3.131062298495783
6.27,-9.35483870967742,-8.064516129032258,-0.0,-0.0,69.33585458196895,-0.012055529243956697,0.012050998707980543,3.1310488759373896
6.28,-9.35483870967742,-8.064516129032258,-0.0,-0.0,69.337279443296,-0.012066415244441187,0.012038601239457991,3.131038045219306
6.29,-9.35483870967742,-8.064516129032258,-0.0,-0.0,69.33870432393688,-0.012074746207795695,0.012029099857919556,3.13102930652635
6.3,-9.35483870967742,-8.064516129032258,-0.0,-0.0,69.34012921969187,-0.01208111729583683,0.012021812854460467,3.13102225588356
6.31,-9.35483870967742,-8.064516129032258,-0.0,-0.0,69.34155412737306,-0.012085986710264951,0.012016220712883996,3.1310165670634555
6.32,-9.35483870967742,-8.064516129032258,-0.0,-0.0,69.34297904452546,-0.0120897065600154,0.012011926907835369,3.131011976778663
6.33,-9.35483870967742,-8.064516129032258,-0.0,-0.0,69.3444039692362,-0.012092547031616774,0.01200862840112793,3.131008272620083
6.34,-9.35483870967742,-8.064516129032258,-0.0,-0.0,69.34582890000084,-0.012094715209355011,0.012006093356318304,3.1310052832645074
6.35,-9.35483870967742,-8.064516129032258,-0.0,-0.0,69.34725383562763,-0.012096369666051099,0.012004144253928595,3.131002870544125
6.36,-9.35483870967742,-8.064516129032258,-0.0,-0.0,69.34867877516723,-0.01209763173694356,0.012002645065935291,3.1310009230346645
6.37,-9.35483870967742,-8.064516129032258,-0.0,-0.0,69.35010371786034,-0.01209859420795878,0.012001491493262462,3.1309993508775116
6.38,-9.35483870967742,-8.064516129032258,-0.0,-0.0,69.35152866309768,-0.012099327997749931,0.012000603522084097,3.130998081601899
6.39,-9.35483870967742,-8.064516129032258,-0.0,-0.0,69.35295361038933,-0.012099887288581468,0.011999919740288578,3.1309970567554672
6.4,-9.35483870967742,-8.064516129032258,-0.0,-0.0,69.35437855934065,-0.012100313461215761,0.011999392992999014,3.1309962291880047
6.41,-9.35483870967742,-8.064516129032258,-0.0,-0.0,69.3558035096333,-0.012100638109605377,0.01199898705859459,3.130995560861941
6.42,-9.35483870967742,-8.064516129032258,-0.0,-0.0,69.35722846101038,-0.012100885348773294,0.011998674103598339,3.130995021087554
6.43,-9.35483870967742,-8.064516129032258,-0.0,-0.0,69.35865341326434,-0.012101073580479182,0.011998432732692299,3.1309945851006757
6.44,-9.35483870967742,-8.064516129032258,-0.0,-0.0,69.36007836622747,-0.01210121684337917,0.01199824649390413,3.130994232916197
6.45,-9.35483870967742,-8.064516129032258,-0.0,-0.0,69.3615033197642,-0.012101325845013444,0.011998102732190374,3.1309939484039435
6.46,-9.35483870967742,-8.064516129032258,-0.0,-0.0,69.36292827376491,-0.012101408750333387,0.011997991709856604,3.1309937185435457
6.47,-9.35483870967742,-8.064516129032258,-0.0,-0.0,69.36435322814094,-0.012101471784014772,0.01199790593146155,3.130993532823798
6.48,-9.35483870967742,-8.064516129032258,-0.0,-0.0,69.3657781828206,-0.012101519690415952,0.011997839625490725,3.130993382758138
6.49,-9.35483870967742,-8.064516129032258,-0.0,-0.0,69.36720313774589,-0.012101556084740173,0.011997788346270077,3.1309932614940283
6.5,-9.35483870967742,-8.064516129032258,-0.0,-0.0,69.36862809286988,-0.01210158372107939,0.01199774866813108,3.1309931634977315
6.51,-9.35483870967742,-8.064516129032258,-0.0,-0.0,69.37005304815463,-0.012101604696969748,0.011997717950379405,3.1309930843001346
6.52,-9.35483870967742,-8.064516129032258,-0.0,-0.0,69.37147800356944,-0.012101620609465291,0.011997694156623329,3.130993020291566
6.53,-9.35483870967742,-8.064516129032258,-0.0,-0.0,69.37290295908946,-0.012101632674198948,0.011997675715844869,3.1309929685563054
6.54,-9.35483870967742,-8.064516129032258,-0.0,-0.0,69.3743279146946,-0.01210164181618778,0.011997661415537153,3.1309929267389593
6.55,-9.35483870967742,-8.064516129032258,-0.0,-0.0,69.37575287036861,-0.01210164873907682,0.011997650319483633,3.1309928929366437
6.56,-9.35483870967742,-8.064516129032258,-0.0,-0.0,69.37717782609833,-0.01210165397792784,0.01199764170447326,3.1309928656119426
6.57,-9.35483870967742,-8.064516129032258,-0.0,-0.0,69.37860278187313,-0.012101657939456723,0.011997635011576135,3.1309928435226007
6.58,-9.35483870967742,-8.064516129032258,-0.0,-0.0,69.38002773768439,-0.012101660932694824,0.011997629808618071,3.130992825664839
6.59,-9.35483870967742,-8.064516129032258,-0.0,-0.0,69.38145269352513,-0.012101663192350176,0.011997625761266062,3.1309928112275007
6.6,-9.35483870967742,-8.064516129032258,-0.0,-0.0,69.38287764938975,-0.012101664896600584,0.011997622610744108,3.130992799555006
6.61,-9.35483870967742,-8.064516129032258,-0.0,-0.0,69.38430260527367,-0.012101666180641124,0.011997620156651068,3.130992790117585
6.62,-9.35483870967742,-8.064516129032258,-0.0,-0.0,69.38572756117323,-0.012101667146999229,0.011997618243706154,3.1309927824869868
6.63,-9.35483870967742,-8.064516129032258,-0.0,-0.0,69.38715251708541,-0.012101667873383959,0.011997616751522,3.130992776317133
6.64,-9.35483870967742,-8.064516129032258,-0.0,-0.0,69.38857747300781,-0.012101668418656897,0.011997615586709753,3.1309927713282413
6.65,-9.35483870967742,-8.064516129032258,-0.0,-0.0,69.39000242893849,-0.012101668827373513,0.011997614676779622,3.1309927672941495
6.66,-9.35483870967742,-8.064516129032258,-0.0,-0.0,69.39142738487585,-0.012101669133237514,0.011997613965429976,3.130992764032042
6.67,-9.35483870967742,-8.064516129032258,-0.0,-0.0,69.39285234081864,-0.012101669361721967,0.011997613408904595,3.1309927613941273
6.68,-9.35483870967742,-8.064516129032258,-0.0,-0.0,69.3942772967658,-0.012101669532064374,0.011997612973174698,3.130992759260922
6.69,-9.35483870967742,-8.064516129032258,-0.0,-0.0,69.3957022527165,-0.012101669658780345,0.011997612631758692,3.130992757535809
6.7,-9.35483870967742,-8.064516129032258,-0.0,-0.0,69.39712720867007,-0.012101669752810129,0.011997612364035404,3.130992756140718
6.71,-9.35483870967742,-8.064516129032258,-0.0,-0.0,69.39855216462595,-0.012101669822391692,0.011997612153935133,3.1309927550124717
6.72,-9.35483870967742,-8.064516129032258,-0.0,-0.0,69.39997712058371,-0.012101669873720411,0.011997611988926016,3.130992754100016
6.73,-9.35483870967742,-8.064516129032258,-0.0,-0.0,69.401402076543,-0.012101669911449564,0.011997611859229096,3.1309927533620643
6.74,-9.35483870967742,-8.064516129032258,-0.0,-0.0,69.40282703250351,-0.012101669939069137,0.011997611757207483,3.1309927527652297
6.75,-9.35483870967742,-8.064516129032258,-0.0,-0.0,69.40425198846502,-0.01210166995919304,0.011997611676892173,3.1309927522825296
6.76,-9.35483870967742,-8.064516129032258,-0.0,-0.0,69.40567694442733,-0.012101669973774709,0.011997611613615455,3.1309927518921365
6.77,-9.35483870967742,-8.064516129032258,-0.0,-0.0,69.40710190039029,-0.0121016699842722,0.011997611563723476,3.130992751576377
6.78,-9.35483870967742,-8.064516129032258,-0.0,-0.0,69.40852685635377,-0.012101669991771091,0.011997611524354523,3.1309927513209908
6.79,-9.35483870967742,-8.064516129032258,-0.0,-0.0,69.40995181231769,-0.012101669997077846,0.011997611493264837,3.1309927511144284
6.8,-9.35483870967742,-8.064516129032258,-0.0,-0.0,69.41137676828194,-0.012101670000789766,0.011997611468694491,3.130992750947359
6.81,-9.35483870967742,-8.064516129032258,-0.0,-0.0,0.2977633452710266,-0.012101670003347942,0.011997611449261814,3.130992750812218
6.82,-9.35483870967742,-8.064516129032258,-0.0,-0.0,69.41422668021123,-0.01210167000507767,0.011997611433880784,3.130992750702927
6.83,-9.35483870967742,-8.064516129032258,-0.0,-0.0,69.41565163617616,-0.012101670006216758,0.011997611421697862,3.130992750614514
6.84,-9.35483870967742,-8.064516129032258,-0.0,-0.0,69.41707659214126,-0.012101670006939735,0.011997611412040254,3.130992750542993
6.85,-9.35483870967742,-8.064516129032258,-0.0,-0.0,69.41850154810646,-0.012101670007372278,0.011997611404379716,3.130992750485155
6.86,-9.35483870967742,-8.064516129032258,-0.0,-0.0,69.41992650407177,-0.01210167000760587,0.01199761139829858,3.1309927504383634
6.87,-9.35483870967742,-8.064516129032258,-0.0,-0.0,69.42135146003714,-0.012101670007705567,0.011997611393468,3.130992750400524
6.88,-9.35483870967742,-8.064516129032258,-0.0,-0.0,69.42277641600259,-0.012101670007718557,0.011997611389628293,3.1309927503699027
6.89,-9.35483870967742,-8.064516129032258,-0.0,-0.0,69.42420137196808,-0.01210167000767659,0.01199761138657407,3.1309927503451482
6.9,-9.35483870967742,-8.064516129032258,-0.0,-0.0,69.42562632793361,-0.012101670007602983,0.011997611384143014,3.130992750325116
6.91,-9.35483870967742,-8.064516129032258,-0.0,-0.0,69.42705128389919,-0.012101670007513166,0.011997611382206452,3.130992750308904
6.92,-9.35483870967742,-8.064516129032258,-0.0,-0.0,69.42847623986478,-0.012101670007416687,0.011997611380663575,3.13099275029581
6.93,-9.35483870967742,-8.064516129032258,-0.0,-0.0,0.31486281685494527,-0.012101670007321319,0.011997611379433115,3.130992750285201
6.94,-9.35483870967742,-8.064516129032258,-0.0,-0.0,69.43132615179603,-0.012101670007230503,0.011997611378451012,3.1309927502766284
6.95,-9.35483870967742,-8.064516129032258,-0.0,-0.0,69.43275110776167,-0.012101670007146459,0.011997611377667083,3.130992750269691
6.96,-9.35483870967742,-8.064516129032258,-0.0,-0.0,69.43417606372734,-0.01210167000707063,0.011997611377040807,3.130992750264076
6.97,-9.35483870967742,-8.064516129032258,-0.0,-0.0,69.43560101969301,-0.012101670007003129,0.011997611376540096,3.130992750259532
6.98,-9.35483870967742,-8.064516129032258,-0.0,-0.0,69.43702597565868,-0.012101670006943843,0.011997611376140194,3.130992750255867
6.99,-9.35483870967742,-8.064516129032258,-0.0,-0.0,69.43845093162437,-0.012101670006892218,0.011997611375819894,3.1309927502528883
7.0,-9.35483870967742,-8.064516129032258,-0.0,-0.0,0.3248375086146113,-0.01210167000684792,0.011997611375563544,3.13099275025049
7.01,-9.35483870967742,-8.064516129032258,-0.0,-0.0,69.44130084355575,-0.01210167000680984,0.011997611375358264,3.1309927502485504
7.02,-9.35483870967742,-8.064516129032258,-0.0,-0.0,69.44272579952145,-0.012101670006777754,0.011997611375193618,3.1309927502469668
7.03,-9.35483870967742,-8.064516129032258,-0.0,-0.0,69.44415075548716,-0.012101670006749998,0.011997611375061945,3.130992750245697
7.04,-9.35483870967742,-8.064516129032258,-0.0,-0.0,69.44557571145286,-0.012101670006727017,0.011997611374955919,3.13099275024467
7.05,-9.35483870967742,-8.064516129032258,-0.0,-0.0,0.33196228844311276,-0.012101670006707588,0.011997611374870987,3.1309927502438395
7.06,-9.35483870967742,-8.064516129032258,-0.0,-0.0,69.44842562338427,-0.012101670006691378,0.011997611374803041,3.130992750243167
7.07,-9.35483870967742,-8.064516129032258,-0.0,-0.0,69.44985057934997,-0.012101670006677945,0.011997611374748307,3.1309927502426236
7.08,-9.35483870967742,-8.064516129032258,-0.0,-0.0,69.45127553531567,-0.01210167000666651,0.011997611374704453,3.130992750242184
7.09,-9.35483870967742,-8.064516129032258,-0.0,-0.0,69.45270049128138,-0.012101670006657073,0.01199761137466926,3.1309927502418278
7.1,-9.35483870967742,-8.064516129032258,-0.0,-0.0,69.45412544724708,-0.012101670006649412,0.011997611374640726,3.13099275024154
7.11,-9.35483870967742,-8.064516129032258,-0.0,-0.0,69.45555040321278,-0.012101670006642973,0.011997611374618078,3.1309927502413073
7.12,-9.35483870967742,-8.064516129032258,-0.0,-0.0,69.45697535917849,-0.012101670006637644,0.01199761137459987,3.130992750241119
7.13,-9.35483870967742,-8.064516129032258,-0.0,-0.0,69.45840031514419,-0.012101670006633314,0.011997611374585104,3.1309927502409667
7.14,-9.35483870967742,-8.064516129032258,-0.0,-0.0,69.45982527110989,-0.012101670006629761,0.011997611374573114,3.1309927502408432
7.15,-9.35483870967742,-8.064516129032258,-0.0,-0.0,69.4612502270756,-0.012101670006626764,0.011997611374563455,3.1309927502407437
7.16,-9.35483870967742,-8.064516129032258,-0.0,-0.0,69.46267518304131,-0.012101670006624432,0.011997611374555572,3.1309927502406487
7.17,-9.35483870967742,-8.064516129032258,-0.0,-0.0,69.46410013900703,-0.012101670006622323,0.011997611374549466,3.1309927502405834
7.18,-9.35483870967742,-8.064516129032258,-0.0,-0.0,69.46552509497275,-0.012101670006620768,0.011997611374544581,3.1309927502405306
7.19,-9.35483870967742,-8.064516129032258,-0.0,-0.0,69.46695005093846,-0.012101670006619214,0.011997611374540584,3.1309927502404875
7.2,-9.35483870967742,-8.064516129032258,-0.0,-0.0,69.46837500690418,-0.012101670006618326,0.011997611374537254,3.1309927502404533
7.21,-9.35483870967742,-8.064516129032258,-0.0,-0.0,69.4697999628699,-0.012101670006617327,0.0119976113745347,3.1309927502404253
7.22,-9.35483870967742,-8.064516129032258,-0.0,-0.0,69.47122491883562,-0.01210167000661666,0.011997611374532702,3.1309927502404027
7.23,-9.35483870967742,-8.064516129032258,-0.0,-0.0,69.47264987480133,-0.012101670006615994,0.011997611374530925,3.1309927502403845
7.24,-9.35483870967742,-8.064516129032258,-0.0,-0.0,69.47407483076705,-0.01210167000661555,0.011997611374529593,3.13099275024037
7.25,-9.35483870967742,-8.064516129032258,-0.0,-0.0,69.47549978673277,-0.012101670006615106,0.011997611374528483,3.130992750240358
7.26,-9.35483870967742,-8.064516129032258,-0.0,-0.0,69.47692474269849,-0.012101670006614884,0.011997611374527595,3.130992750240348
7.27,-9.35483870967742,-8.064516129032258,-0.0,-0.0,69.4783496986642,-0.012101670006614662,0.011997611374526707,3.13099275024034
7.28,-9.35483870967742,-8.064516129032258,-0.0,-0.0,69.47977465462992,-0.012101670006614218,0.011997611374526262,3.130992750240334
7.29,-9.35483870967742,-8.064516129032258,-0.0,-0.0,0.366161231620187,-0.012101670006614107,0.011997611374525707,3.1309927502403285
7.3,-9.35483870967742,-8.064516129032258,-0.0,-0.0,69.48262456656136,-0.012101670006613996,0.011997611374525374,3.1309927502403245
7.31,-9.35483870967742,-8.064516129032258,-0.0,-0.0,0.36901114355162173,-0.012101670006613885,0.011997611374525041,3.130992750240321
7.32,-9.35483870967742,-8.064516129032258,-0.0,-0.0,69.48547447849279,-0.012101670006613774,0.011997611374524708,3.1309927502403183
7.33,-9.35483870967742,-8.064516129032258,-0.0,-0.0,69.48689943445851,-0.012101670006613774,0.011997611374524486,3.130992750240316
7.34,-9.35483870967742,-8.064516129032258,-0.0,-0.0,69.48832439042422,-0.012101670006613774,0.011997611374524264,3.1309927502403143
7.35,-9.35483870967742,-8.064516129032258,-0.0,-0.0,69.48974934638994,-0.012101670006613552,0.011997611374524264,3.130992750240313
7.36,-9.35483870967742,-8.064516129032258,-0.0,-0.0,69.49117430235566,-0.012101670006613552,0.011997611374524264,3.1309927502403117
7.37,-9.35483870967742,-8.064516129032258,-0.0,-0.0,69.49259925832138,-0.012101670006613663,0.011997611374524153,3.1309927502403108
7.38,-9.35483870967742,-8.064516129032258,-0.0,-0.0,69.4940242142871,-0.012101670006613552,0.011997611374524264,3.1309927502403103
7.39,-9.35483870967742,-8.064516129032258,-0.0,-0.0,69.49544917025281,-0.012101670006613663,0.011997611374524153,3.13099275024031
7.4,-9.35483870967742,-8.064516129032258,-0.0,-0.0,69.49687412621853,-0.012101670006613552,0.011997611374524042,3.130992750240309
7.41,-9.35483870967742,-8.064516129032258,-0.0,-0.0,69.49829908218425,-0.012101670006613552,0.011997611374524042,3.130992750240309
7.42,-9.35483870967742,-8.064516129032258,-0.0,-0.0,69.49972403814996,-0.012101670006613552,0.011997611374524042,3.1309927502403085
7.43,-9.35483870967742,-8.064516129032258,-0.0,-0.0,69.50114899411568,-0.01210167000661344,0.011997611374524153,3.1309927502403085
7.44,-9.35483870967742,-8.064516129032258,-0.0,-0.0,69.5025739500814,-0.01210167000661333,0.011997611374524042,3.130992750240308
7.45,-9.35483870967742,-8.064516129032258,-0.0,-0.0,69.50399890604712,-0.01210167000661344,0.011997611374523931,3.1309927502403077
7.46,-9.35483870967742,-8.064516129032258,-0.0,-0.0,69.50542386201283,-0.012101670006613552,0.01199761137452382,3.1309927502403077
7.47,-9.35483870967742,-8.064516129032258,-0.0,-0.0,69.50684881797855,-0.01210167000661344,0.011997611374523931,3.1309927502403077
7.48,-9.35483870967742,-8.064516129032258,-0.0,-0.0,69.50827377394427,-0.01210167000661333,0.011997611374524042,3.1309927502403077
7.49,-9.35483870967742,-8.064516129032258,-0.0,-0.0,69.50969872990999,-0.01210167000661344,0.011997611374523931,3.130992750240307
7.5,-9.35483870967742,-8.064516129032258,-0.0,-0.0,69.5111236858757,-0.01210167000661344,0.011997611374523931,3.130992750240307
7.51,-9.35483870967742,-8.064516129032258,-0.0,-0.0,69.51254864184142,-0.01210167000661344,0.011997611374523931,3.130992750240307
7.52,-9.35483870967742,-8.064516129032258,-0.0,-0.0,69.51397359780714,-0.01210167000661344,0.011997611374523931,3.130992750240307
7.53,-9.35483870967742,-8.064516129032258,-0.0,-0.0,69.51539855377285,-0.01210167000661344,0.011997611374523931,3.130992750240307
7.54,-9.35483870967742,-8.064516129032258,-0.0,-0.0,69.51682350973857,-0.01210167000661344,0.011997611374523931,3.130992750240307
7.55,-9.35483870967742,-8.064516129032258,-0.0,-0.0,69.51824846570429,-0.01210167000661344,0.011997611374523931,3.130992750240307
7.56,-9.35483870967742,-8.064516129032258,-0.0,-0.0,69.51967342167,-0.01210167000661344,0.011997611374523931,3.130992750240307
7.57,-9.35483870967742,-8.064516129032258,-0.0,-0.0,69.52109837763572,-0.01210167000661344,0.011997611374523931,3.130992750240307
7.58,-9.35483870967742,-8.064516129032258,-0.0,-0.0,69.52252333360144,-0.01210167000661344,0.011997611374523931,3.130992750240307
7.59,-9.35483870967742,-8.064516129032258,-0.0,-0.0,69.52394828956716,-0.01210167000661344,0.011997611374523931,3.130992750240307
7.6,-9.35483870967742,-8.064516129032258,-0.0,-0.0,69.52537324553288,-0.01210167000661344,0.011997611374523931,3.130992750240307
7.61,-9.35483870967742,-8.064516129032258,-0.0,-0.0,69.5267982014986,-0.01210167000661333,0.011997611374524042,3.130992750240307
7.62,-9.35483870967742,-8.064516129032258,-0.0,-0.0,69.52822315746431,-0.012101670006613552,0.01199761137452382,3.130992750240307
7.63,-9.35483870967742,-8.064516129032258,-0.0,-0.0,0.41460973445457666,-0.012101670006613552,0.01199761137452382,3.130992750240307
7.64,-9.35483870967742,-8.064516129032258,-0.0,-0.0,69.53107306939575,-0.01210167000661344,0.011997611374523931,3.130992750240307
7.65,-9.35483870967742,-8.064516129032258,-0.0,-0.0,69.53249802536146,-0.012101670006613552,0.01199761137452382,3.130992750240307
7.66,-9.35483870967742,-8.064516129032258,-0.0,-0.0,69.53392298132718,-0.012101670006613552,0.01199761137452382,3.130992750240307
7.67,-9.35483870967742,-8.064516129032258,-0.0,-0.0,69.5353479372929,-0.012101670006613552,0.01199761137452382,3.130992750240307
7.68,-9.35483870967742,-8.064516129032258,-0.0,-0.0,69.53677289325861,-0.01210167000661344,0.011997611374523931,3.130992750240307
7.69,-9.35483870967742,-8.064516129032258,-0.0,-0.0,69.53819784922433,-0.012101670006613552,0.01199761137452382,3.130992750240307
7.7,-9.35483870967742,-8.064516129032258,-0.0,-0.0,69.53962280519005,-0.01210167000661344,0.011997611374523931,3.130992750240307
7.71,-9.35483870967742,-8.064516129032258,-0.0,-0.0,69.54104776115577,-0.01210167000661333,0.011997611374524042,3.130992750240307
7.72,-9.35483870967742,-8.064516129032258,-0.0,-0.0,69.54247271712148,-0.01210167000661344,0.011997611374523931,3.130992750240307
7.73,-9.35483870967742,-8.064516129032258,-0.0,-0.0,69.5438976730872,-0.01210167000661344,0.011997611374523931,3.130992750240307
7.74,-9.35483870967742,-8.064516129032258,-0.0,-0.0,69.54532262905292,-0.01210167000661344,0.011997611374523931,3.130992750240307
7.75,-9.35483870967742,-8.064516129032258,-0.0,-0.0,69.54674758501864,-0.012101670006613552,0.01199761137452382,3.130992750240307
7.76,-9.35483870967742,-8.064516129032258,-0.0,-0.0,69.54817254098435,-0.012101670006613552,0.01199761137452382,3.130992750240307
7.77,-9.35483870967742,-8.064516129032258,-0.0,-0.0,69.54959749695007,-0.012101670006613552,0.01199761137452382,3.130992750240307
7.78,-9.35483870967742,-8.064516129032258,-0.0,-0.0,69.55102245291579,-0.012101670006613552,0.01199761137452382,3.130992750240307
7.79,-9.35483870967742,-8.064516129032258,-0.0,-0.0,69.5524474088815,-0.01210167000661344,0.011997611374523931,3.130992750240307
7.8,-9.35483870967742,-8.064516129032258,-0.0,-0.0,69.55387236484722,-0.01210167000661344,0.011997611374523931,3.130992750240307
7.81,-9.35483870967742,-8.064516129032258,-0.0,-0.0,0.440258941837489,-0.012101670006613552,0.01199761137452382,3.130992750240307
7.82,-9.35483870967742,-8.064516129032258,-0.0,-0.0,69.55672227677866,-0.01210167000661344,0.011997611374523931,3.130992750240307
7.83,-9.35483870967742,-8.064516129032258,-0.0,-0.0,69.55814723274437,-0.01210167000661344,0.011997611374523931,3.130992750240307
7.84,-9.35483870967742,-8.064516129032258,-0.0,-0.0,69.55957218871009,-0.01210167000661344,0.011997611374523931,3.130992750240307
7.85,-9.35483870967742,-8.064516129032258,-0.0,-0.0,69.56099714467581,-0.01210167000661333,0.011997611374524042,3.130992750240307
7.86,-9.35483870967742,-8.064516129032258,-0.0,-0.0,69.56242210064153,-0.012101670006613552,0.01199761137452382,3.130992750240307
7.87,-9.35483870967742,-8.064516129032258,-0.0,-0.0,69.56384705660724,-0.01210167000661344,0.011997611374523931,3.130992750240307
7.88,-9.35483870967742,-8.064516129032258,-0.0,-0.0,69.56527201257296,-0.01210167000661344,0.011997611374523931,3.130992750240307
7.89,-9.35483870967742,-8.064516129032258,-0.0,-0.0,69.56669696853868,-0.012101670006613552,0.01199761137452382,3.130992750240307
7.9,-9.35483870967742,-8.064516129032258,-0.0,-0.0,0.45308354552894514,-0.012101670006613552,0.01199761137452382,3.130992750240307
7.91,-9.35483870967742,-8.064516129032258,-0.0,-0.0,69.56954688047011,-0.012101670006613552,0.01199761137452382,3.130992750240307
7.92,-9.35483870967742,-8.064516129032258,-0.0,-0.0,69.57097183643583,-0.01210167000661344,0.011997611374523931,3.130992750240307
7.93,-9.35483870967742,-8.064516129032258,-0.0,-0.0,69.57239679240155,-0.012101670006613552,0.01199761137452382,3.130992750240307
7.94,-9.35483870967742,-8.064516129032258,-0.0,-0.0,69.57382174836727,-0.01210167000661344,0.011997611374523931,3.130992750240307
7.95,-9.35483870967742,-8.064516129032258,-0.0,-0.0,69.57524670433298,-0.01210167000661344,0.011997611374523931,3.130992750240307
7.96,-9.35483870967742,-8.064516129032258,-0.0,-0.0,69.5766716602987,-0.01210167000661344,0.011997611374523931,3.130992750240307
7.97,-9.35483870967742,-8.064516129032258,-0.0,-0.0,69.57809661626442,-0.01210167000661344,0.011997611374523931,3.130992750240307
7.98,-9.35483870967742,-8.064516129032258,-0.0,-0.0,69.57952157223014,-0.012101670006613552,0.01199761137452382,3.130992750240307
7.99,-9.35483870967742,-8.064516129032258,-0.0,-0.0,69.58094652819585,-0.01210167000661344,0.011997611374523931,3.130992750240307
8.0,-9.35483870967742,-8.064516129032258,-0.0,-0.0,69.58237148416157,-0.01210167000661344,0.011997611374523931,3.130992750240307
8.01,-9.35483870967742,-7.419354838709678,-0.0,-0.0,69.58393253178834,-0.010028032212351157,0.061049900960097325,3.1305895198856875
8.02,-9.35483870967742,-7.419354838709678,-0.0,-0.0,69.58559704870348,-0.009204161980996273,0.0556035323164662,3.1300650147448716
8.03,-9.35483870967742,-7.419354838709678,-0.0,-0.0,69.5873433518714,-0.00910988068462626,0.05074156669432417,3.1294793990478396
8.04,-9.35483870967742,-7.419354838709678,-0.0,-0.0,69.58915663078955,-0.009409676595998229,0.04638304031888818,3.128868536252683
8.05,-9.35483870967742,-7.419354838709678,-0.0,-0.0,69.59102600304527,-0.00991137564885125,0.04248208500936024,3.12825406196103
8.06,-9.35483870967742,-7.419354838709678,-0.0,-0.0,69.59294278431571,-0.0105113473253865,0.039009127040536495,3.127649691893363
8.07,-9.35483870967742,-7.419354838709678,-0.0,-0.0,69.59489962846715,-0.011153160244079863,0.035939503533434336,3.127064693709531
8.08,-9.35483870967742,-7.419354838709678,-0.0,-0.0,69.59689014442918,-0.01180416694551878,0.03324798510961691,3.126505496903443
8.09,-9.35483870967742,-7.419354838709678,-0.0,-0.0,69.59890873321983,-0.012444019099124626,0.030906919542422973,3.125976538933755
8.1,-9.35483870967742,-7.419354838709678,-0.0,-0.0,69.60095051231005,-0.01305934530524866,0.028886261182186623,3.1254807565064073
8.11,-9.35483870967742,-7.419354838709678,-0.0,-0.0,69.60301126710131,-0.013641241137472893,0.02715443786708649,3.125019884327862
8.12,-9.35483870967742,-7.419354838709678,-0.0,-0.0,69.60508740507174,-0.014183979051515139,0.02567947929522918,3.1245946619034
8.13,-9.35483870967742,-7.419354838709678,-0.0,-0.0,69.60717590455525,-0.014684246430721637,0.024430104224067883,3.1242050019864447
8.14,-9.35483870967742,-7.419354838709678,-0.0,-0.0,69.60927425741669,-0.015140618781901316,0.0233766171698625,3.1238501429365937
8.15,-9.35483870967742,-7.419354838709678,-0.0,-0.0,69.61138040786868,-0.015553146021416997,0.022491555942713126,3.123528791561744
8.16,-9.35483870967742,-7.419354838709678,-0.0,-0.0,69.61349269052344,-0.01592300356552412,0.021750086910861444,3.123239256296021
8.17,-9.35483870967742,-7.419354838709678,-0.0,-0.0,69.61560977056806,-0.016252191232223656,0.02113017741903478,3.1229795682647894
8.18,-9.35483870967742,-7.419354838709678,-0.0,-0.0,69.61773058828203,-0.016543275116878142,0.02061259077119515,3.1227475876607422
8.19,-9.35483870967742,-7.419354838709678,-0.0,-0.0,69.619854309318,-0.016799171191567153,0.020180753382972094,3.122541093721489
8.2,-9.35483870967742,-7.419354838709678,-0.0,-0.0,69.62198028142623,-0.017022969392230913,0.019820540203609904,3.122357857777379
8.21,-9.35483870967742,-7.419354838709678,-0.0,-0.0,69.6241079977098,-0.017217795786581447,0.01952001678416415,3.122195699941454
8.22,-9.35483870967742,-7.419354838709678,-0.0,-0.0,69.62623706607714,-0.017386709165916003,0.019269167128593723,3.122052530851882
8.23,-9.35483870967742,-7.419354838709678,-0.0,-0.0,69.62836718429983,-0.017532627525645106,0.019059627533755785,3.1219263803985298
8.24,-9.35483870967742,-7.419354838709678,-0.0,-0.0,69.63049811995708,-0.01765827950507559,0.01888443902040715,3.121815415593414
8.25,-9.35483870967742,-7.419354838709678,-0.0,-0.0,69.632629694518,-0.01776617589538032,0.018737825068132596,3.1217179497446432
8.26,-9.35483870967742,-7.419354838709678,-0.0,-0.0,69.63476177084651,-0.017858596679942496,0.0186149971675873,3.1216324449369437
8.27,-9.35483870967742,-7.419354838709678,-0.0,-0.0,69.63689424348327,-0.017937589618297833,0.018511987948814035,3.1215575095766153
8.28,-9.35483870967742,-7.419354838709678,-0.0,-0.0,69.63902703114543,-0.018004977016691126,0.018425510011086943,3.121491892476207
8.29,-9.35483870967742,-7.419354838709678,-0.0,-0.0,69.64116007097444,-0.018062367965846815,0.018352837751103412,3.1214344746706257
8.3,-9.35483870967742,-7.419354838709678,-0.0,-0.0,69.64329331414673,-0.018111173918795576,0.01829170919489642,3.1213842598948123
8.31,-9.35483870967742,-7.419354838709678,-0.0,-0.0,69.64542672253741,-0.018152626000703553,0.018240244878932166,3.121340364425234
8.32,-9.35483870967742,-7.419354838709678,-0.0,-0.0,69.6475602661913,-0.018187792877842335,0.018196881050635105,3.1213020067966823
8.33,-9.35483870967742,-7.419354838709678,-0.0,-0.0,69.64969392140947,-0.01821759836461223,0.018160314769686714,3.1212684977525713
8.34,-9.35483870967742,-7.419354838709678,-0.0,-0.0,69.65182766930228,-0.018242838223022084,0.018129458827140676,3.121239230666588
8.35,-9.35483870967742,-7.419354838709678,-0.0,-0.0,69.65396149469522,-0.018264195818491702,0.01810340472387928,3.1212136725822504
8.36,-9.35483870967742,-7.419354838709678,-0.0,-0.0,69.65609538530016,-0.018282256450550483,0.018081392244653216,3.121191355949326
8.37,-9.35483870967742,-7.419354838709678,-0.0,-0.0,69.6582293310864,-0.018297520287723357,0.01806278442130793,3.1211718710871867
8.38,-9.35483870967742,-7.419354838709678,-0.0,-0.0,69.66036332380166,-0.018310413912288603,0.018047046897644248,3.1211548593718343
8.39,-9.35483870967742,-7.419354838709678,-0.0,-0.0,69.66249735660584,-0.01832130053087555,0.01803373089104432,3.1211400071200193
8.4,-9.35483870967742,-7.419354838709678,-0.0,-0.0,69.66463142378934,-0.018330488937740363,0.01802245909656286,3.1211270401308706
8.41,-9.35483870967742,-7.419354838709678,-0.0,-0.0,69.66676552055533,-0.01833824133440831,0.01801291400213445,3.1211157188361955
8.42,-9.35483870967742,-7.419354838709678,-0.0,-0.0,69.66889964284996,-0.018344780116306025,0.018004828183405208,3.1211058340082607
8.43,-9.35483870967742,-7.419354838709678,-0.0,-0.0,69.67103378722933,-0.018350293737243728,0.017997976227431156,3.1210972029720363
8.44,-9.35483870967742,-7.419354838709678,-0.0,-0.0,69.67316795075403,-0.018354941758427445,0.017992167999701936,3.1210896662713763
8.45,-9.35483870967742,-7.419354838709678,-0.0,-0.0,69.67530213090505,-0.01835885918186808,0.017987243021534538,3.121083084740373
8.46,-9.35483870967742,-7.419354838709678,-0.0,-0.0,69.67743632551607,-0.018362160159763996,0.01798306576736175,3.121077336934899
8.47,-9.35483870967742,-7.419354838709678,-0.0,-0.0,69.67957053271849,-0.018364941162560933,0.017979521725763115,3.1210723168831187
8.48,-9.35483870967742,-7.419354838709678,-0.0,-0.0,69.68170475089636,-0.01836728367947038,0.01797651409589518,3.121067932117421
8.49,-9.35483870967742,-7.419354838709678,-0.0,-0.0,69.68383897864923,-0.018369256516658994,0.01797396101355997,3.1210641019539533
8.5,-9.35483870967742,-7.419354838709678,-0.0,-0.0,69.6859732147612,-0.018370917750284765,0.017971793219526577,3.121060755989753
8.51,-9.35483870967742,-7.419354838709678,-0.0,-0.0,0.5730690791995033,-0.018372316384208776,0.01796995209774155,3.1210578327905782
8.52,-9.35483870967742,-7.419354838709678,-0.0,-0.0,69.69024170796993,-0.018373493755577064,0.01796838802334899,3.1210552787456427
8.53,-9.35483870967742,-7.419354838709678,-0.0,-0.0,69.69237596334384,-0.018374484725555473,0.01796705897054529,3.121053047068458
8.54,-9.35483870967742,-7.419354838709678,-0.0,-0.0,0.5794718446213426,-0.01837531868727804,0.017965929338609743,3.1210510969253153
8.55,-9.35483870967742,-7.419354838709678,-0.0,-0.0,69.69664448811784,-0.018376020418502725,0.017964968961324712,3.1210493926751526
8.56,-9.35483870967742,-7.419354838709678,-0.0,-0.0,0.5837403773978637,-0.0183766108024892,0.01796415227068615,3.1210479032066587
8.57,-9.35483870967742,-7.419354838709678,-0.0,-0.0,69.70091302789686,-0.018377107437158036,0.01796345759053619,3.121046601360262
8.58,-9.35483870967742,-7.419354838709678,-0.0,-0.0,69.70304730228078,-0.018377525149624763,0.017962866539672717,3.121045463424103
8.59,-9.35483870967742,-7.419354838709678,-0.0,-0.0,0.5901432001930731,-0.018377876430644924,0.01796236352727465,3.1210444686945644
8.6,-9.35483870967742,-7.419354838709678,-0.0,-0.0,69.70731585824818,-0.01837817180131618,0.0179619353262096,3.1210435990929932
8.61,-9.35483870967742,-7.419354838709678,-0.0,-0.0,69.70945013924687,-0.01837842012251334,0.01796157071208604,3.1210428388314204
8.62,-9.35483870967742,-7.419354838709678,-0.0,-0.0,69.71158442192576,-0.018378628855927004,0.017961260157832837,3.1210421741211993
8.63,-9.35483870967742,-7.419354838709678,-0.0,-0.0,69.71371870607585,-0.01837880428423655,0.01796099557518538,3.121041592918658
8.64,-9.35483870967742,-7.419354838709678,-0.0,-0.0,69.71585299151417,-0.018378951696767176,0.01796077009582131,3.1210410847034264
8.65,-9.35483870967742,-7.419354838709678,-0.0,-0.0,69.71798727808056,-0.018379075546021584,0.01796057788601857,3.12104064028494
8.66,-9.35483870967742,-7.419354838709678,-0.0,-0.0,0.6050831866593188,-0.018379179579629534,0.01796041398966275,3.121040251633747
8.67,-9.35483870967742,-7.419354838709678,-0.0,-0.0,69.72225585405404,-0.018379266951563,0.017960274195238712,3.121039911734149
8.68,-9.35483870967742,-7.419354838709678,-0.0,-0.0,69.72439014323086,-0.018379340315857084,0.017960154923119087,3.121039614455806
8.69,-9.35483870967742,-7.419354838709678,-0.0,-0.0,69.72652443307112,-0.018379401905585624,0.017960053130027243,3.121039354441536
8.7,-9.35483870967742,-7.419354838709678,-0.0,-0.0,69.72865872349236,-0.01837945359939608,0.017959966228048185,3.1210391270095252
8.71,-9.35483870967742,-7.419354838709678,-0.0,-0.0,69.73079301442242,-0.018379496977563803,0.017959892015949275,3.1210389280677693
8.72,-9.35483870967742,-7.419354838709678,-0.0,-0.0,69.73292730579807,-0.018379533369205503,0.01795982862093648,3.121038754039647
8.73,-9.35483870967742,-7.419354838709678,-0.0,-0.0,69.73506159756397,-0.01837956389204709,0.017959774449243127,3.1210386017986886
8.74,-9.35483870967742,-7.419354838709678,-0.0,-0.0,69.73719588967164,-0.01837958948591456,0.01795972814420821,3.121038468611791
8.75,-9.35483870967742,-7.419354838709678,-0.0,-0.0,69.73933018207862,-0.018379610940933766,0.017959688550698072,3.121038352089569
8.76,-9.35483870967742,-7.419354838709678,-0.0,-0.0,69.74146447474774,-0.018379628921277313,0.017959654684908233,3.1210382501429508
8.77,-9.35483870967742,-7.419354838709678,-0.0,-0.0,69.74359876764645,-0.018379643985154792,0.01795962570872478,3.1210381609454063
8.78,-9.35483870967742,-7.419354838709678,-0.0,-0.0,69.7457330607462,-0.018379656601643868,0.0179596009079519,3.1210380828997817
8.79,-9.35483870967742,-7.419354838709678,-0.0,-0.0,69.74786735402205,-0.01837966716485495,0.01795957967381956,3.1210380146094368
8.8,-9.35483870967742,-7.419354838709678,-0.0,-0.0,69.75000164745211,-0.018379676005854106,0.017959561487273845,3.121037954853021
8.81,-9.35483870967742,-7.419354838709678,-0.0,-0.0,69.75213594101723,-0.018379683402697466,0.017959545905627428,3.1210379025624064
8.82,-9.35483870967742,-7.419354838709678,-0.0,-0.0,0.6392318557251899,-0.01837968958887437,0.01795953255121252,3.1210378568034045
8.83,-9.35483870967742,-7.419354838709678,-0.0,-0.0,69.75640452848765,-0.018379694760410348,0.017959521101736375,3.1210378167589594
8.84,-9.35483870967742,-7.419354838709678,-0.0,-0.0,69.75853882236538,-0.018379699081844003,0.017959511282078622,3.1210377817144064
8.85,-9.35483870967742,-7.419354838709678,-0.0,-0.0,69.76067311632258,-0.018379702691255106,0.01795950285731407,3.12103775104459
8.86,-9.35483870967742,-7.419354838709678,-0.0,-0.0,69.76280741034937,-0.018379705704491323,0.017959495626779565,3.121037724202691
8.87,-9.35483870967742,-7.419354838709678,-0.0,-0.0,69.7649417044371,-0.018379708218725366,0.01795948941902248,3.121037700710325
8.88,-9.35483870967742,-7.419354838709678,-0.0,-0.0,0.6520376196027702,-0.01837971031544372,0.017959484087502364,3.1210376801490045
8.89,-9.35483870967742,-7.419354838709678,-0.0,-0.0,69.76921029276609,-0.018379712062961517,0.017959479506930554,3.121037662152588
8.9,-9.35483870967742,-7.419354838709678,-0.0,-0.0,69.7713445869949,-0.018379713518534846,0.017959475570153982,3.1210376464007643
8.91,-9.35483870967742,-7.419354838709678,-0.0,-0.0,69.77347888125958,-0.01837971473013711,0.01795947218549976,3.1210376326132505
8.92,-9.35483870967742,-7.419354838709678,-0.0,-0.0,69.77561317555566,-0.01837971573795172,0.017959469274512863,3.1210376205448456
8.93,-9.35483870967742,-7.419354838709678,-0.0,-0.0,69.77774746987924,-0.018379716575625094,0.017959466770028354,3.1210376099809816
8.94,-9.35483870967742,-7.419354838709678,-0.0,-0.0,69.77988176422691,-0.01837971727132237,0.01795946461452591,3.121037600733893
8.95,-9.35483870967742,-7.419354838709678,-0.0,-0.0,69.78201605859569,-0.018379717848609478,0.01795946275873017,3.121037592639284
8.96,-9.35483870967742,-7.419354838709678,-0.0,-0.0,69.78415035298293,-0.01837971832719809,0.01795946116041347,3.121037585553401
8.97,-9.35483870967742,-7.419354838709678,-0.0,-0.0,69.78628464738637,-0.01837971872356914,0.017959459783374876,3.121037579350414
8.98,-9.35483870967742,-7.419354838709678,-0.0,-0.0,69.78841894180397,-0.018379719051496046,0.017959458596570776,3.1210375739202334
8.99,-9.35483870967742,-7.419354838709678,-0.0,-0.0,69.79055323623399,-0.01837971932248461,0.017959457573369475,3.12103756916648
9.0,-9.35483870967742,-7.419354838709678,-0.0,-0.0,69.79268753067488,-0.01837971954614115,0.017959456690917697,3.121037565004842
9.01,-9.35483870967742,-7.419354838709678,-0.0,-0.0,69.7948218251253,-0.018379719730483468,0.017959455929595802,3.1210375613615033
9.02,-9.35483870967742,-7.419354838709678,-0.0,-0.0,69.79695611958404,-0.01837971988219811,0.01795945527255649,3.1210375581718783
9.03,-9.35483870967742,-7.419354838709678,-0.0,-0.0,69.79909041405008,-0.0183797200068595,0.017959454705326228,3.121037555379403
9.04,-9.35483870967742,-7.419354838709678,-0.0,-0.0,0.6861863295470744,-0.018379720109111708,0.017959454215467408,3.121037552934605
9.05,-9.35483870967742,-7.419354838709678,-0.0,-0.0,0.6883206240251287,-0.018379720192821525,0.01795945379228736,3.1210375507941532
9.06,-9.35483870967742,-7.419354838709678,-0.0,-0.0,69.80549329748354,-0.018379720261205046,0.017959453426591887,3.1210375489201607
9.07,-9.35483870967742,-7.419354838709678,-0.0,-0.0,69.80762759197079,-0.01837972031693691,0.017959453110470758,3.1210375472794265
9.08,-9.35483870967742,-7.419354838709678,-0.0,-0.0,69.8097618864618,-0.018379720362238894,0.01795945283711653,3.12103754584289
9.09,-9.35483870967742,-7.419354838709678,-0.0,-0.0,69.81189618095611,-0.018379720398954746,0.017959452600669557,3.12103754458513
9.1,-9.35483870967742,-7.419354838709678,-0.0,-0.0,69.81403047545331,-0.01837972042861391,0.01795945239608343,3.1210375434838884
9.11,-9.35483870967742,-7.419354838709678,-0.0,-0.0,69.81616476995303,-0.01837972045248304,0.017959452219011074,3.1210375425196712
9.12,-9.35483870967742,-7.419354838709678,-0.0,-0.0,69.81829906445498,-0.01837972047161085,0.017959452065705706,3.1210375416754212
9.13,-9.35483870967742,-7.419354838709678,-0.0,-0.0,69.82043335895885,-0.01837972048686387,0.01795945193293802,3.1210375409362148
9.14,-9.35483870967742,-7.419354838709678,-0.0,-0.0,69.82256765346443,-0.018379720498958085,0.017959451817923022,3.121037540288956
9.15,-9.35483870967742,-7.419354838709678,-0.0,-0.0,69.82470194797149,-0.018379720508483244,0.017959451718258412,3.121037539722229
9.16,-9.35483870967742,-7.419354838709678,-0.0,-0.0,0.7117978635044058,-0.018379720515925624,0.017959451631870738,3.1210375392259824
9.17,-9.35483870967742,-7.419354838709678,-0.0,-0.0,69.82897053698936,-0.01837972052168413,0.01795945155697065,3.1210375387914673
9.18,-9.35483870967742,-7.419354838709678,-0.0,-0.0,69.83110483149987,-0.018379720526087273,0.01795945149201239,3.121037538410981
9.19,-9.35483870967742,-7.419354838709678,-0.0,-0.0,69.83323912601125,-0.018379720529402732,0.0179594514356618,3.1210375380778306
9.2,-9.35483870967742,-7.419354838709678,-0.0,-0.0,69.8353734205234,-0.018379720531850663,0.017959451386764802,3.121037537786102
9.21,-9.35483870967742,-7.419354838709678,-0.0,-0.0,69.83750771503621,-0.018379720533610033,0.01795945134432464,3.121037537530655
9.22,-9.35483870967742,-7.419354838709678,-0.0,-0.0,69.83964200954962,-0.018379720534826727,0.017959451307479335,3.12103753730696
9.23,-9.35483870967742,-7.419354838709678,-0.0,-0.0,69.84177630406354,-0.018379720535618538,0.01795945127548315,3.1210375371110906
9.24,-9.35483870967742,-7.419354838709678,-0.0,-0.0,69.84391059857792,-0.018379720536081057,0.017959451247691605,3.1210375369395673
9.25,-9.35483870967742,-7.419354838709678,-0.0,-0.0,69.8460448930927,-0.018379720536291222,0.01795945122354614,3.1210375367893697
9.26,-9.35483870967742,-7.419354838709678,-0.0,-0.0,69.84817918760781,-0.018379720536310984,0.01795945120256337,3.1210375366578527
9.27,-9.35483870967742,-7.419354838709678,-0.0,-0.0,69.85031348212323,-0.018379720536189748,0.01795945118432507,3.1210375365426857
9.28,-9.35483870967742,-7.419354838709678,-0.0,-0.0,69.85244777663891,-0.018379720535966704,0.01795945116846831,3.121037536441827
9.29,-9.35483870967742,-7.419354838709678,-0.0,-0.0,69.85458207115482,-0.018379720535672495,0.017959451154679784,3.1210375363535148
9.3,-9.35483870967742,-7.419354838709678,-0.0,-0.0,69.85671636567095,-0.018379720535331878,0.01795945114268649,3.121037536276166
9.31,-9.35483870967742,-7.419354838709678,-0.0,-0.0,0.7438122812117927,-0.018379720534963062,0.017959451132252835,3.1210375362084477
9.32,-9.35483870967742,-7.419354838709678,-0.0,-0.0,69.8609849547037,-0.0183797205345807,0.01795945112317432,3.1210375361491396
9.33,-9.35483870967742,-7.419354838709678,-0.0,-0.0,69.86311924922029,-0.01837972053419623,0.017959451115272973,3.1210375360971976
9.34,-9.35483870967742,-7.419354838709678,-0.0,-0.0,69.865253543737,-0.01837972053381709,0.01795945110839503,3.121037536051722
9.35,-9.35483870967742,-7.419354838709678,-0.0,-0.0,69.86738783825382,-0.018379720533449717,0.0179594511024066,3.1210375360118845
9.36,-9.35483870967742,-7.419354838709678,-0.0,-0.0,69.86952213277073,-0.018379720533097665,0.017959451097192214,3.1210375359770115
9.37,-9.35483870967742,-7.419354838709678,-0.0,-0.0,69.87165642728772,-0.018379720532764154,0.01795945109265029,3.1210375359464626
9.38,-9.35483870967742,-7.419354838709678,-0.0,-0.0,69.87379072180478,-0.018379720532450627,0.0179594510886939,3.1210375359197133
9.39,-9.35483870967742,-7.419354838709678,-0.0,-0.0,69.8759250163219,-0.018379720532158195,0.01795945108524688,3.1210375358962934
9.4,-9.35483870967742,-7.419354838709678,-0.0,-0.0,69.87805931083908,-0.018379720531886856,0.01795945108224284,3.1210375358757765
9.41,-9.35483870967742,-7.419354838709678,-0.0,-0.0,69.8801936053563,-0.01837972053163628,0.017959451079625044,3.1210375358578166
9.42,-9.35483870967742,-7.419354838709678,-0.0,-0.0,69.88232789987356,-0.01837972053140602,0.01795945107734309,3.121037535842083
9.43,-9.35483870967742,-7.419354838709678,-0.0,-0.0,69.88446219439086,-0.01837972053119541,0.01795945107535346,3.121037535828299
9.44,-9.35483870967742,-7.419354838709678,-0.0,-0.0,69.8865964889082,-0.01837972053100312,0.017959451073618626,3.1210375358162366
9.45,-9.35483870967742,-7.419354838709678,-0.0,-0.0,69.88873078342556,-0.01837972053082837,0.017959451072105614,3.1210375358056694
9.46,-9.35483870967742,-7.419354838709678,-0.0,-0.0,69.89086507794293,-0.018379720530669386,0.017959451070786447,3.121037535796426
9.47,-9.35483870967742,-7.419354838709678,-0.0,-0.0,69.89299937246034,-0.018379720530525945,0.017959451069635368,3.121037535788315
9.48,-9.35483870967742,-7.419354838709678,-0.0,-0.0,69.89513366697776,-0.01837972053039616,0.01795945106863117,3.1210375357812223
9.49,-9.35483870967742,-7.419354838709678,-0.0,-0.0,69.89726796149519,-0.018379720530279253,0.017959451067755094,3.121037535775009
9.5,-9.35483870967742,-7.419354838709678,-0.0,-0.0,69.89940225601264,-0.018379720530174226,0.017959451066990373,3.1210375357695663
9.51,-9.35483870967742,-7.419354838709678,-0.0,-0.0,69.9015365505301,-0.018379720530079968,0.017959451066323018,3.1210375357647977
9.52,-9.35483870967742,-7.419354838709678,-0.0,-0.0,69.90367084504757,-0.01837972052999537,0.017959451065740595,3.1210375357606197
9.53,-9.35483870967742,-7.419354838709678,-0.0,-0.0,69.90580513956506,-0.01837972052991954,0.017959451065232224,3.121037535756959
9.54,-9.35483870967742,-7.419354838709678,-0.0,-0.0,69.90793943408255,-0.018379720529851706,0.017959451064788245,3.1210375357537656
9.55,-9.35483870967742,-7.419354838709678,-0.0,-0.0,69.91007372860005,-0.0183797205297912,0.017959451064400445,3.121037535750955
9.56,-9.35483870967742,-7.419354838709678,-0.0,-0.0,69.91220802311756,-0.01837972052973713,0.01795945106406216,3.121037535748506
9.57,-9.35483870967742,-7.419354838709678,-0.0,-0.0,69.91434231763508,-0.018379720529688948,0.017959451063766396,3.1210375357463462
9.58,-9.35483870967742,-7.419354838709678,-0.0,-0.0,69.9164766121526,-0.018379720529645982,0.01795945106350827,3.1210375357444677
9.59,-9.35483870967742,-7.419354838709678,-0.0,-0.0,69.91861090667011,-0.01837972052960779,0.017959451063282894,3.1210375357428224
9.6,-9.35483870967742,-7.419354838709678,-0.0,-0.0,69.92074520118764,-0.01837972052957415,0.017959451063085607,3.121037535741367
9.61,-9.35483870967742,-7.419354838709678,-0.0,-0.0,69.92287949570517,-0.018379720529543953,0.017959451062913523,3.121037535740106
9.62,-9.35483870967742,-7.419354838709678,-0.0,-0.0,69.9250137902227,-0.018379720529517085,0.0179594510627632,3.1210375357390006
9.63,-9.35483870967742,-7.419354838709678,-0.0,-0.0,69.92714808474024,-0.018379720529493215,0.01795945106263186,3.1210375357380324
9.64,-9.35483870967742,-7.419354838709678,-0.0,-0.0,69.92928237925777,-0.01837972052947212,0.017959451062517062,3.121037535737185
9.65,-9.35483870967742,-7.419354838709678,-0.0,-0.0,69.93141667377532,-0.01837972052945369,0.017959451062416476,3.1210375357364284
9.66,-9.35483870967742,-7.419354838709678,-0.0,-0.0,69.93355096829286,-0.01837972052943726,0.017959451062328546,3.1210375357357782
9.67,-9.35483870967742,-7.419354838709678,-0.0,-0.0,69.93568526281041,-0.018379720529422383,0.017959451062252163,3.121037535735209
9.68,-9.35483870967742,-7.419354838709678,-0.0,-0.0,69.93781955732796,-0.018379720529409505,0.017959451062185106,3.12103753573471
9.69,-9.35483870967742,-7.419354838709678,-0.0,-0.0,69.9399538518455,-0.01837972052939807,0.017959451062126597,3.1210375357342737
9.7,-9.35483870967742,-7.419354838709678,-0.0,-0.0,69.94208814636305,-0.018379720529388077,0.017959451062075305,3.121037535733891
9.71,-9.35483870967742,-7.419354838709678,-0.0,-0.0,69.9442224408806,-0.018379720529379084,0.017959451062030563,3.121037535733556
9.72,-9.35483870967742,-7.419354838709678,-0.0,-0.0,69.94635673539814,-0.018379720529371313,0.01795945106199126,3.121037535733263
9.73,-9.35483870967742,-7.419354838709678,-0.0,-0.0,69.94849102991569,-0.018379720529364207,0.017959451061957066,3.121037535733006
9.74,-9.35483870967742,-7.419354838709678,-0.0,-0.0,69.95062532443323,-0.01837972052935799,0.017959451061927312,3.1210375357327806
9.75,-9.35483870967742,-7.419354838709678,-0.0,-0.0,69.95275961895078,-0.018379720529352772,0.017959451061901,3.121037535732584
9.76,-9.35483870967742,-7.419354838709678,-0.0,-0.0,69.95489391346833,-0.018379720529347887,0.01795945106187813,3.121037535732411
9.77,-9.35483870967742,-7.419354838709678,-0.0,-0.0,69.95702820798587,-0.018379720529343557,0.017959451061858256,3.12103753573226
9.78,-9.35483870967742,-7.419354838709678,-0.0,-0.0,69.95916250250342,-0.018379720529339783,0.017959451061840714,3.1210375357321274
9.79,-9.35483870967742,-7.419354838709678,-0.0,-0.0,69.96129679702096,-0.018379720529336563,0.017959451061825504,3.1210375357320115
9.8,-9.35483870967742,-7.419354838709678,-0.0,-0.0,69.96343109153851,-0.018379720529333676,0.01795945106181196,3.1210375357319102
9.81,-9.35483870967742,-7.419354838709678,-0.0,-0.0,69.96556538605606,-0.018379720529331123,0.017959451061800302,3.1210375357318214
9.82,-9.35483870967742,-7.419354838709678,-0.0,-0.0,69.9676996805736,-0.01837972052932868,0.017959451061790088,3.1210375357317433
9.83,-9.35483870967742,-7.419354838709678,-0.0,-0.0,69.96983397509115,-0.018379720529326904,0.017959451061780984,3.121037535731675
9.84,-9.35483870967742,-7.419354838709678,-0.0,-0.0,69.97196826960871,-0.01837972052932546,0.01795945106177288,3.121037535731601
9.85,-9.35483870967742,-7.419354838709678,-0.0,-0.0,69.97410256412627,-0.018379720529323906,0.017959451061765996,3.1210375357315487
9.86,-9.35483870967742,-7.419354838709678,-0.0,-0.0,69.97623685864383,-0.018379720529322574,0.01795945106176,3.121037535731503
9.87,-9.35483870967742,-7.419354838709678,-0.0,-0.0,0.8633327741859391,-0.018379720529321353,0.017959451061754783,3.1210375357314626
9.88,-9.35483870967742,-7.419354838709678,-0.0,-0.0,69.98050544767895,-0.018379720529320243,0.01795945106175012,3.1210375357314275
9.89,-9.35483870967742,-7.419354838709678,-0.0,-0.0,69.98263974219651,-0.018379720529319354,0.017959451061746123,3.121037535731397
9.9,-9.35483870967742,-7.419354838709678,-0.0,-0.0,69.98477403671407,-0.018379720529318466,0.01795945106174257,3.1210375357313698
9.91,-9.35483870967742,-7.419354838709678,-0.0,-0.0,69.98690833123163,-0.0183797205293178,0.017959451061739684,3.1210375357313462
9.92,-9.35483870967742,-7.419354838709678,-0.0,-0.0,69.98904262574919,-0.018379720529317245,0.01795945106173691,3.1210375357313254
9.93,-9.35483870967742,-7.419354838709678,-0.0,-0.0,69.99117692026675,-0.018379720529316468,0.017959451061734577,3.1210375357313076
9.94,-9.35483870967742,-7.419354838709678,-0.0,-0.0,69.99331121478431,-0.018379720529316135,0.017959451061732468,3.1210375357312916
9.95,-9.35483870967742,-7.419354838709678,-0.0,-0.0,69.99544550930187,-0.0183797205293158,0.01795945106173058,3.121037535731278
9.96,-9.35483870967742,-7.419354838709678,-0.0,-0.0,69.99757980381943,-0.018379720529315358,0.017959451061729248,3.1210375357312654
9.97,-9.35483870967742,-7.419354838709678,-0.0,-0.0,69.999714098337,-0.018379720529315136,0.017959451061727694,3.1210375357312548
9.98,-9.35483870967742,-7.419354838709678,-0.0,-0.0,70.00184839285455,-0.018379720529315025,0.017959451061726472,3.1210375357312454
9.99,-9.35483870967742,-7.419354838709678,-0.0,-0.0,70.00398268737212,-0.01837972052931458,0.017959451061725584,3.1210375357312374
10.0,-9.35483870967742,-7.419354838709678,-0.0,-0.0,70.00611698188968,-0.01837972052931436,0.017959451061724696,3.1210375357312303
10.01,-9.35483870967742,-6.774193548387097,-0.0,-0.0,70.00836618190407,-0.016714892889103772,0.06788681204562386,3.120607644645966
10.02,-9.35483870967742,-6.774193548387097,-0.0,-0.0,70.01070936102143,-0.015775435213462585,0.06313113608130527,3.1200685412646307
10.03,-9.35483870967742,-6.774193548387097,-0.0,-0.0,70.01313020824067,-0.01535192222569326,0.05884796209431142,3.119460065590142
10.04,-9.35483870967742,-6.774193548387097,-0.0,-0.0,70.01561593170996,-0.015284633388705005,0.054983750178713264,3.118811106226905
10.05,-9.35483870967742,-6.774193548387097,-0.0,-0.0,70.01815635404057,-0.015456844410385306,0.05149678816069714,3.118142563510076
10.06,-9.35483870967742,-6.774193548387097,-0.0,-0.0,70.02074322257826,-0.015785664376620878,0.048353328046059185,3.11746959304067
10.07,-9.35483870967742,-6.774193548387097,-0.0,-0.0,70.0233697127256,-0.016213171262959514,0.045524751614594794,3.1168032267165096
10.08,-9.35483870967742,-6.774193548387097,-0.0,-0.0,70.02603008345406,-0.016699118156601633,0.04298564150518347,3.116151511124285
10.09,-9.35483870967742,-6.774193548387097,-0.0,-0.0,70.02871944228549,-0.01721550046086373,0.040712580161195056,3.1155202946546496
10.1,-9.35483870967742,-6.774193548387097,-0.0,-0.0,70.0314335841003,-0.017742750178668887,0.03868348165015889,3.114913771558745
10.11,-9.35483870967742,-6.774193548387097,-0.0,-0.0,70.03416887765368,-0.018267156568451903,0.036877279902921445,3.114334863090192
10.12,-9.35483870967742,-6.774193548387097,-0.0,-0.0,70.03692218216638,-0.01877913796422026,0.03527383437258924,3.113785491187373
10.13,-9.35483870967742,-6.774193548387097,-0.0,-0.0,70.03969078271687,-0.01927207878673398,0.033853953660041514,3.1132667816631865
10.14,-9.35483870967742,-6.774193548387097,-0.0,-0.0,70.04247233750928,-0.019741534555084095,0.0325994708318299,3.1127792208510083
10.15,-9.35483870967742,-6.774193548387097,-0.0,-0.0,70.04526483290587,-0.020184675742783043,0.03149332903015156,3.1123227808290674
10.16,-9.35483870967742,-6.774193548387097,-0.0,-0.0,70.04806654386755,-0.020599887986543997,0.030519653541999925,3.111897022583254
10.17,-9.35483870967742,-6.774193548387097,-0.0,-0.0,70.05087599850219,-0.020986476497624307,0.029663798449250156,3.111501182828386
10.18,-9.35483870967742,-6.774193548387097,-0.0,-0.0,0.9386535670553446,-0.0213444417363301,0.028912363836420263,3.1111342479783275
10.19,-9.35483870967742,-6.774193548387097,-0.0,-0.0,70.05651332781221,-0.02167430540968529,0.028253184442933232,3.1107950174335457
10.2,-9.35483870967742,-6.774193548387097,-0.0,-0.0,70.05933925122889,-0.021976973294532076,0.02767529346095321,3.1104821576041926
10.21,-9.35483870967742,-6.774193548387097,-0.0,-0.0,70.0621689662997,-0.022253625988320702,0.027168866527394253,3.110194247684628
10.22,-9.35483870967742,-6.774193548387097,-0.0,-0.0,70.06500184489641,-0.0225056315317419,0.026725151313768625,3.1099298179976405
10.23,-9.35483870967742,-6.774193548387097,-0.0,-0.0,70.06783736242706,-0.022734475609692995,0.0263363878399836,3.1096873816389823
10.24,-9.35483870967742,-6.774193548387097,-0.0,-0.0,70.0706750818275,-0.022941706141896945,0.025995723997814024,3.1094654601184635
10.25,-9.35483870967742,-6.774193548387097,-0.0,-0.0,70.0735146396833,-0.023128889782882633,0.02569712996242346,3.109262603678262
10.26,-9.35483870967742,-6.774193548387097,-0.0,-0.0,70.07635573428978,-0.02329757832310364,0.02543531433072388,3.109077406952983
10.27,-9.35483870967742,-6.774193548387097,-0.0,-0.0,70.07919811545234,-0.02344928331555185,0.02520564403914871,3.108908520612523
10.28,-9.35483870967742,-6.774193548387097,-0.0,-0.0,70.08204157582983,-0.02358545750276808,0.025004069428117948,3.108754659593451
10.29,-9.35483870967742,-6.774193548387097,-0.0,-0.0,70.08488594363065,-0.02370748182069593,0.024827055256236852,3.1086146084808273
10.3,-9.35483870967742,-6.774193548387097,-0.0,-0.0,70.08773107648304,-0.023816656926764934,0.024671518025483397,3.108487224550004
10.31,-9.35483870967742,-6.774193548387097,-0.0,-0.0,70.09057685631484,-0.02391419834950692,0.02453476964960466,3.108371438923215
10.32,-9.35483870967742,-6.774193548387097,-0.0,-0.0,70.09342318509454,-0.024001234490774292,0.024414467265904127,3.1082662562380725
10.33,-9.35483870967742,-6.774193548387097,-0.0,-0.0,70.09626998130142,-0.024078806831397404,0.02430856883795307,3.1081707531703504
10.34,-9.35483870967742,-6.774193548387097,-0.0,-0.0,70.09911717700938,-0.024147871797971177,0.024215294106180063,3.108084076100303
10.35,-9.35483870967742,-6.774193548387097,-0.0,-0.0,70.10196471548403,-0.02420930384294595,0.02413309039928413,3.108005438163924
10.36,-9.35483870967742,-6.774193548387097,-0.0,-0.0,70.10481254920721,-0.024263899372859887,0.024060602808869014,3.1079341158870974
10.37,-9.35483870967742,-6.774193548387097,-0.0,-0.0,70.10766063825562,-0.024312381231002544,0.023996648242015417,3.107869445562513
10.38,-9.35483870967742,-6.774193548387097,-0.0,-0.0,70.11050894897198,-0.024355403501819195,0.023940192893463275,3.107810819496305
10.39,-9.35483870967742,-6.774193548387097,-0.0,-0.0,70.11335745287687,-0.024393556455838405,0.023890332714543883,3.107757682223317
10.4,-9.35483870967742,-6.774193548387097,-0.0,-0.0,1.001167746802641,-0.02442737149679508,0.02384627649550941,3.107709526766589
10.41,-9.35483870967742,-6.774193548387097,-0.0,-0.0,70.11905494704179,-0.024457326007939706,0.023807331218379302,3.1076658909970427
10.42,-9.35483870967742,-6.774193548387097,-0.0,-0.0,70.12190389899568,-0.02448384802324255,0.02377288937683253,3.1076263541336218
10.43,-9.35483870967742,-6.774193548387097,-0.0,-0.0,70.1247529664402,-0.02450732067225614,0.023742417996738707,3.107590533411352
10.44,-9.35483870967742,-6.774193548387097,-0.0,-0.0,70.12760213624739,-0.02452808636566217,0.023715449124965482,3.107558080934805
10.45,-9.35483870967742,-6.774193548387097,-0.0,-0.0,70.13045139703154,-0.024546450702787825,0.02369157158476909,3.1075286807261238
10.46,-9.35483870967742,-6.774193548387097,-0.0,-0.0,1.0182623599024552,-0.02456268609330059,0.02367042382338802,3.107502045971304
10.47,-9.35483870967742,-6.774193548387097,-0.0,-0.0,70.13615015311902,-0.02457703509352205,0.02365168770146575,3.1074779164631603
10.48,-9.35483870967742,-6.774193548387097,-0.0,-0.0,70.1389996321495,-0.02458971346381922,0.02363508309490714,3.1074560562365097
10.49,-9.35483870967742,-6.774193548387097,-0.0,-0.0,70.14184916927246,-0.024600912957811194,0.023620363197959127,3.107436251388483
10.5,-9.35483870967742,-6.774193548387097,-0.0,-0.0,70.14469875857142,-0.024610803857005648,0.023607310432013362,3.1074183080752684
10.51,-9.35483870967742,-6.774193548387097,-0.0,-0.0,70.14754839480347,-0.024619537266294067,0.02359573287812977,3.1074020506753857
10.52,-9.35483870967742,-6.774193548387097,-0.0,-0.0,70.15039807330936,-0.02462724718669329,0.023585461162873633,3.107387320109546
10.53,-9.35483870967742,-6.774193548387097,-0.0,-0.0,70.15324778993786,-0.024634052382073057,0.023576345736975424,3.10737397230622
10.54,-9.35483870967742,-6.774193548387097,-0.0,-0.0,70.15609754098168,-0.024640058056494385,0.023568254494803154,3.1073618768024933
10.55,-9.35483870967742,-6.774193548387097,-0.0,-0.0,70.1589473231229,-0.024645357358303532,0.02356107068990354,3.107350915470203
10.56,-9.35483870967742,-6.774193548387097,-0.0,-0.0,70.16179713338647,-0.02465003272646471,0.02355469110805042,3.1073409813572006
10.57,-9.35483870967742,-6.774193548387097,-0.0,-0.0,70.16464696910013,-0.02465415709375751,0.023549024464542434,3.1073319776344994
10.58,-9.35483870967742,-6.774193548387097,-0.0,-0.0,70.16749682786002,-0.02465779496053666,0.023543989997029113,3.1073238166403057
10.59,-9.35483870967742,-6.774193548387097,-0.0,-0.0,70.17034670750071,-0.024661003351768573,0.02353951622901984,3.1073164190128852
10.6,-9.35483870967742,-6.774193548387097,-0.0,-0.0,70.17319660606927,-0.024663832669085006,0.023535539882553524,3.107309712904104
10.61,-9.35483870967742,-6.774193548387097,-0.0,-0.0,70.17604652180255,-0.024666327448606418,0.023532004921365313,3.107303633266771
10.62,-9.35483870967742,-6.774193548387097,-0.0,-0.0,70.17889645310723,-0.024668527034353627,0.023528861708341342,3.1072981212091317
10.63,-9.35483870967742,-6.774193548387097,-0.0,-0.0,70.18174639854233,-0.024670466176181072,0.02352606626315279,3.1072931234101127
10.64,-9.35483870967742,-6.774193548387097,-0.0,-0.0,70.1845963568037,-0.0246721755603041,0.023523579607794165,3.1072885915901103
10.65,-9.35483870967742,-6.774193548387097,-0.0,-0.0,70.18744632671026,-0.02467368227972555,0.02352136718931286,3.1072844820318957
10.66,-9.35483870967742,-6.774193548387097,-0.0,-0.0,70.19029630719186,-0.024675010251128393,0.023519398370376754,3.1072807551470607
10.67,-9.35483870967742,-6.774193548387097,-0.0,-0.0,1.0781079183029236,-0.024676180584139784,0.023517645979508117,3.107277375083735
10.68,-9.35483870967742,-6.774193548387097,-0.0,-0.0,70.19599629609,-0.024677211908256225,0.023516085913828255,3.10727430937171
10.69,-9.35483870967742,-6.774193548387097,-0.0,-0.0,70.19884630282856,-0.024678120662167347,0.023514696788045963,3.1072715286013293
10.7,-9.35483870967742,-6.774193548387097,-0.0,-0.0,70.20169631676968,-0.024678921349704508,0.023513459624195487,3.1072690061330497
10.71,-9.35483870967742,-6.774193548387097,-0.0,-0.0,70.20454633725588,-0.024679626766195284,0.023512357577299303,3.1072667178346607
10.72,-9.35483870967742,-6.774193548387097,-0.0,-0.0,70.20739636369012,-0.024680248198577615,0.023511375692725323,3.1072646418436807
10.73,-9.35483870967742,-6.774193548387097,-0.0,-0.0,70.21024639553026,-0.02468079560227565,0.023510500691505953,3.1072627583522596
10.74,-9.35483870967742,-6.774193548387097,-0.0,-0.0,70.21309643228388,-0.024681277757493958,0.023509720780349297,3.107261049412705
10.75,-9.35483870967742,-6.774193548387097,-0.0,-0.0,70.2159464735036,-0.024681702407292616,0.023509025483461232,3.1072594987615716
10.76,-9.35483870967742,-6.774193548387097,-0.0,-0.0,70.21879651878304,-0.024682076379549667,0.023508405493630535,3.107258091660357
10.77,-9.35483870967742,-6.774193548387097,-0.0,-0.0,70.22164656775286,-0.0246824056946634,0.023507852540347263,3.1072568147515773
10.78,-9.35483870967742,-6.774193548387097,-0.0,-0.0,70.22449662007749,-0.02468269566065384,0.023507359272974426,3.1072556559283266
10.79,-9.35483870967742,-6.774193548387097,-0.0,-0.0,70.22734667545194,-0.024682950957117922,0.02350691915723957,3.1072546042164526
10.8,-9.35483870967742,-6.774193548387097,-0.0,-0.0,70.23019673359903,-0.02468317570934242,0.023506526383499926,3.1072536496677374
10.81,-9.35483870967742,-6.774193548387097,-0.0,-0.0,70.23304679426681,-0.024683373553712973,0.023506175785436123,3.1072527832633665
10.82,-9.35483870967742,-6.774193548387097,-0.0,-0.0,70.23589685722627,-0.02468354769544001,0.023505862767966623,3.107251996826486
10.83,-9.35483870967742,-6.774193548387097,-0.0,-0.0,70.23874692226923,-0.024683700959497235,0.023505583243328965,3.107251282943021
10.84,-9.35483870967742,-6.774193548387097,-0.0,-0.0,70.24159698920647,-0.024683835835564216,0.023505333574394993,3.1072506348900997
10.85,-9.35483870967742,-6.774193548387097,-0.0,-0.0,70.24444705786595,-0.024683954517677353,0.023505110524388195,3.1072500465711688
10.86,-9.35483870967742,-6.774193548387097,-0.0,-0.0,70.24729712809129,-0.02468405893921133,0.023504911212272828,3.107249512457241
10.87,-9.35483870967742,-6.774193548387097,-0.0,-0.0,70.2501471997403,-0.024684150803732652,0.023504733073171136,3.1072490275337445
10.88,-9.35483870967742,-6.774193548387097,-0.0,-0.0,70.25299727268371,-0.024684231612216445,0.02350457382323401,3.107248587252352
10.89,-9.35483870967742,-6.774193548387097,-0.0,-0.0,70.25584734680403,-0.024684302687049908,0.023504431428457928,3.107248187487356
10.9,-9.35483870967742,-6.774193548387097,-0.0,-0.0,1.143659043018947,-0.024684365193200608,0.023504304077003657,3.1072478244961967
10.91,-9.35483870967742,-6.774193548387097,-0.0,-0.0,70.26154749815768,-0.024684420156886433,0.02350419015461369,3.1072474948836164
10.92,-9.35483870967742,-6.774193548387097,-0.0,-0.0,70.26439757520556,-0.02468446848203565,0.023504088222785158,3.1072471955692973
10.93,-9.35483870967742,-6.774193548387097,-0.0,-0.0,70.26724765305775,-0.024684510964802286,0.02350399699937944,3.1072469237584435
10.94,-9.35483870967742,-6.774193548387097,-0.0,-0.0,70.27009773164123,-0.024684548306364906,0.02350391534139762,3.107246676915207
10.95,-9.35483870967742,-6.774193548387097,-0.0,-0.0,70.27294781088962,-0.024684581124209126,0.023503842229676275,3.1072464527385244
10.96,-9.35483870967742,-6.774193548387097,-0.0,-0.0,70.27579789074258,-0.024684609962076,0.02350377675528581,3.1072462491402795
10.97,-9.35483870967742,-6.774193548387097,-0.0,-0.0,70.27864797114522,-0.02468463529872933,0.02350371810744334,3.1072460642255444
10.98,-9.35483870967742,-6.774193548387097,-0.0,-0.0,70.28149805204767,-0.024684657555688494,0.023503665562763842,3.1072458962744953
10.99,-9.35483870967742,-6.774193548387097,-0.0,-0.0,70.28434813340455,-0.024684677104038766,0.02350361847570892,3.107245743726306
11.0,-9.35483870967742,-6.774193548387097,-0.0,-0.0,70.28719821517461,-0.02468469427043951,0.023503576270085924,3.1072456051642665
11.01,-9.35483870967742,-6.774193548387097,-0.0,-0.0,70.29004829732037,-0.02468470934241651,0.02350353843149211,3.107245479302429
11.02,-9.35483870967742,-6.774193548387097,-0.0,-0.0,70.29289837980771,-0.02468472257302612,0.023503504500592576,3.107245364973543
11.03,-9.35483870967742,-6.774193548387097,-0.0,-0.0,70.29574846260563,-0.024684734184966528,0.023503474067136043,3.1072452611179884
11.04,-9.35483870967742,-6.774193548387097,-0.0,-0.0,70.29859854568595,-0.024684744374201095,0.023503446764632896,3.1072451667738195
11.05,-9.35483870967742,-6.774193548387097,-0.0,-0.0,70.30144862902304,-0.024684753313149788,0.023503422265616525,3.107245081067744
11.06,-9.35483870967742,-6.774193548387097,-0.0,-0.0,70.30429871259359,-0.02468476115350049,0.023503400277426034,3.107245003206933
11.07,-9.35483870967742,-6.774193548387097,-0.0,-0.0,70.30714879637642,-0.02468476802869002,0.02350338053844825,3.1072449324715037
11.08,-9.35483870967742,-6.774193548387097,-0.0,-0.0,70.30999888035225,-0.024684774056083603,0.023503362814775386,3.107244868207886
11.09,-9.35483870967742,-6.774193548387097,-0.0,-0.0,70.31284896450357,-0.02468477933890134,0.023503346897223443,3.1072448098225833
11.1,-9.35483870967742,-6.774193548387097,-0.0,-0.0,70.31569904881447,-0.024684783967910406,0.023503332598678983,3.107244756776702
11.11,-9.35483870967742,-6.774193548387097,-0.0,-0.0,70.31854913327044,-0.024684788022916848,0.023503319751734253,3.107244708580916
11.12,-9.35483870967742,-6.774193548387097,-0.0,-0.0,70.32139921785833,-0.02468479157408221,0.023503308206577422,3.1072446647908243
11.13,-9.35483870967742,-6.774193548387097,-0.0,-0.0,70.32424930256616,-0.024684794683078493,0.02350329782911531,3.107244625002886
11.14,-9.35483870967742,-6.774193548387097,-0.0,-0.0,70.32709938738304,-0.024684797404109227,0.02350328849929617,3.1072445888505977
11.15,-9.35483870967742,-6.774193548387097,-0.0,-0.0,70.32994947229908,-0.024684799784805977,0.023503280109616553,3.107244556001118
11.16,-9.35483870967742,-6.774193548387097,-0.0,-0.0,70.33279955730528,-0.024684801867019712,0.023503272563787703,3.1072445261521198
11.17,-9.35483870967742,-6.774193548387097,-0.0,-0.0,70.33564964239345,-0.024684803687515355,0.02350326577554762,3.107244499029071
11.18,-9.35483870967742,-6.774193548387097,-0.0,-0.0,70.33849972755615,-0.024684805278585853,0.02350325966759892,3.107244474382563
11.19,-9.35483870967742,-6.774193548387097,-0.0,-0.0,70.34134981278663,-0.024684806668590964,0.02350325417066168,3.1072444519860865
11.2,-9.35483870967742,-6.774193548387097,-0.0,-0.0,70.34419989807873,-0.02468480788243088,0.023503249222629474,3.1072444316338896
11.21,-9.35483870967742,-6.774193548387097,-0.0,-0.0,70.34704998342686,-0.024684808941965675,0.02350324476781307,3.1072444131390653
11.22,-9.35483870967742,-6.774193548387097,-0.0,-0.0,70.34990006882593,-0.024684809866381552,0.02350324075626664,3.1072443963318466
11.23,-9.35483870967742,-6.774193548387097,-0.0,-0.0,70.35275015427132,-0.024684810672515156,0.023503237143186584,3.107244381058015
11.24,-9.35483870967742,-6.774193548387097,-0.0,-0.0,70.35560023975883,-0.02468481137513856,0.02350323388837139,3.107244367177446
11.25,-9.35483870967742,-6.774193548387097,-0.0,-0.0,70.35845032528464,-0.024684811987209065,0.023503230955742915,3.1072443545628725
11.26,-9.35483870967742,-6.774193548387097,-0.0,-0.0,70.36130041084526,-0.024684812520089028,0.023503228312915847,3.107244343098671
11.27,-9.35483870967742,-6.774193548387097,-0.0,-0.0,70.36415049643753,-0.024684812983741367,0.023503225930812555,3.107244332679795
11.28,-9.35483870967742,-6.774193548387097,-0.0,-0.0,70.3670005820586,-0.024684813386898985,0.023503223783320037,3.107244323210778
11.29,-9.35483870967742,-6.774193548387097,-0.0,-0.0,70.36985066770582,-0.024684813737213318,0.02350322184698439,3.1072443146049427
11.3,-9.35483870967742,-6.774193548387097,-0.0,-0.0,70.37270075337685,-0.024684814041389225,0.02350322010073247,3.107244306783474
11.31,-9.35483870967742,-6.774193548387097,-0.0,-0.0,70.37555083906952,-0.02468481430529812,0.023503218525628644,3.107244299674808
11.32,-9.35483870967742,-6.774193548387097,-0.0,-0.0,70.37840092478186,-0.024684814534080446,0.02350321710465353,3.1072442932139186
11.33,-9.35483870967742,-6.774193548387097,-0.0,-0.0,70.38125101051209,-0.024684814732236826,0.023503215822506474,3.1072442873416897
11.34,-9.35483870967742,-6.774193548387097,-0.0,-0.0,70.38410109625858,-0.02468481490370411,0.02350321466543026,3.1072442820044457
11.35,-9.35483870967742,-6.774193548387097,-0.0,-0.0,70.38695118201986,-0.024684815051926545,0.023503213621051122,3.1072442771533737
11.36,-9.35483870967742,-6.774193548387097,-0.0,-0.0,70.38980126779458,-0.024684815179916164,0.02350321267823907,3.1072442727441585
11.37,-9.35483870967742,-6.774193548387097,-0.0,-0.0,70.39265135358153,-0.024684815290304973,0.02350321182698001,3.107244268736508
11.38,-9.35483870967742,-6.774193548387097,-0.0,-0.0,70.39550143937959,-0.024684815385393022,0.023503211058262363,3.107244265093811
11.39,-9.35483870967742,-6.774193548387097,-0.0,-0.0,70.39835152518776,-0.02468481546718959,0.023503210363973737,3.1072442617827876
11.4,-9.35483870967742,-6.774193548387097,-0.0,-0.0,70.40120161100512,-0.02468481553744728,0.02350320973681308,3.107244258773242
11.41,-9.35483870967742,-6.774193548387097,-0.0,-0.0,1.2890133178553824,-0.024684815597697307,0.023503209170203876,3.107244256037673
11.42,-9.35483870967742,-6.774193548387097,-0.0,-0.0,70.40690178266415,-0.02468481564927416,0.023503208658224417,3.1072442535511176
11.43,-9.35483870967742,-6.774193548387097,-0.0,-0.0,70.40975186850437,-0.0246848156933408,0.023503208195540637,3.1072442512909015
11.44,-9.35483870967742,-6.774193548387097,-0.0,-0.0,70.41260195435088,-0.024684815730911303,0.023503207777346158,3.1072442492363974
11.45,-9.35483870967742,-6.774193548387097,-0.0,-0.0,70.41545204020309,-0.024684815762868517,0.02350320739931,3.1072442473688664
11.46,-9.35483870967742,-6.774193548387097,-0.0,-0.0,70.4183021260605,-0.024684815789980274,0.023503207057529063,3.1072442456712888
11.47,-9.35483870967742,-6.774193548387097,-0.0,-0.0,70.42115221192263,-0.02468481581291526,0.02350320674848383,3.1072442441281627
11.48,-9.35483870967742,-6.774193548387097,-0.0,-0.0,70.42400229778906,-0.024684815832253237,0.02350320646900239,3.1072442427254514
11.49,-9.35483870967742,-6.774193548387097,-0.0,-0.0,70.42685238365938,-0.024684815848498798,0.023503206216223815,3.1072442414503665
11.5,-9.35483870967742,-6.774193548387097,-0.0,-0.0,70.42970246953325,-0.024684815862090037,0.023503205987567055,3.1072442402912683
11.51,-9.35483870967742,-6.774193548387097,-0.0,-0.0,70.43255255541035,-0.024684815873405985,0.023503205780704417,3.107244239237614
11.52,-9.35483870967742,-6.774193548387097,-0.0,-0.0,1.3203642623149439,-0.024684815882775824,0.023503205593535692,3.107244238279792
11.53,-9.35483870967742,-6.774193548387097,-0.0,-0.0,1.323214348197642,-0.024684815890483547,0.02350320542416573,3.1072442374091076
11.54,-9.35483870967742,-6.774193548387097,-0.0,-0.0,1.3260644340827712,-0.024684815896775625,0.023503205270883676,3.1072442366175963
11.55,-9.35483870967742,-6.774193548387097,-0.0,-0.0,70.44395289894555,-0.024684815901864665,0.02350320513214532,3.107244235898075
11.56,-9.35483870967742,-6.774193548387097,-0.0,-0.0,70.44680298483489,-0.024684815905933966,0.02350320500655656,3.1072442352439853
11.57,-9.35483870967742,-6.774193548387097,-0.0,-0.0,1.3346146917506065,-0.024684815909141844,0.023503204892858176,3.1072442346493623
11.58,-9.35483870967742,-6.774193548387097,-0.0,-0.0,70.45250315661887,-0.024684815911623637,0.023503204789913856,3.1072442341088258
11.59,-9.35483870967742,-6.774193548387097,-0.0,-0.0,70.4553532425132,-0.024684815913496694,0.02350320469669609,3.1072442336174295
11.6,-9.35483870967742,-6.774193548387097,-0.0,-0.0,70.4582033284089,-0.02468481591486149,0.023503204612277062,3.1072442331707006
11.61,-9.35483870967742,-6.774193548387097,-0.0,-0.0,70.46105341430584,-0.024684815915803182,0.02350320453581889,3.107244232764603
11.62,-9.35483870967742,-6.774193548387097,-0.0,-0.0,70.46390350020391,-0.02468481591639604,0.023503204466563177,3.1072442323954106
11.63,-9.35483870967742,-6.774193548387097,-0.0,-0.0,70.46675358610302,-0.024684815916702463,0.023503204403825584,3.1072442320597755
11.64,-9.35483870967742,-6.774193548387097,-0.0,-0.0,70.46960367200307,-0.024684815916775515,0.023503204346987716,3.1072442317546556
11.65,-9.35483870967742,-6.774193548387097,-0.0,-0.0,70.47245375790398,-0.024684815916660496,0.0235032042954898,3.10724423147727
11.66,-9.35483870967742,-6.774193548387097,-0.0,-0.0,70.47530384380565,-0.02468481591639593,0.023503204248825904,3.1072442312251045
11.67,-9.35483870967742,-6.774193548387097,-0.0,-0.0,70.47815392970803,-0.024684815916014458,0.023503204206537953,3.107244230995845
11.68,-9.35483870967742,-6.774193548387097,-0.0,-0.0,70.48100401561105,-0.024684815915542613,0.023503204168212832,3.1072442307874284
11.69,-9.35483870967742,-6.774193548387097,-0.0,-0.0,70.48385410151465,-0.02468481591500382,0.023503204133476063,3.1072442305979515
11.7,-9.35483870967742,-6.774193548387097,-0.0,-0.0,1.3716658084433289,-0.024684815914416514,0.02350320410198925,3.1072442304256978
11.71,-9.35483870967742,-6.774193548387097,-0.0,-0.0,70.48955427332339,-0.02468481591379701,0.023503204073445638,3.1072442302690924
11.72,-9.35483870967742,-6.774193548387097,-0.0,-0.0,70.49240435922843,-0.024684815913157965,0.02350320404756856,3.107244230126731
11.73,-9.35483870967742,-6.774193548387097,-0.0,-0.0,70.49525444513387,-0.02468481591251026,0.02350320402410644,3.107244229997295
11.74,-9.35483870967742,-6.774193548387097,-0.0,-0.0,1.3830661520642211,-0.024684815911862668,0.023503204002832456,3.107244229879613
11.75,-9.35483870967742,-6.774193548387097,-0.0,-0.0,70.5009546169458,-0.024684815911221736,0.023503203983541554,3.107244229772632
11.76,-9.35483870967742,-6.774193548387097,-0.0,-0.0,70.50380470285224,-0.024684815910592794,0.023503203966047437,3.1072442296753704
11.77,-9.35483870967742,-6.774193548387097,-0.0,-0.0,70.50665478875894,-0.024684815909980617,0.02350320395018146,3.1072442295869465
11.78,-9.35483870967742,-6.774193548387097,-0.0,-0.0,70.5095048746659,-0.024684815909388313,0.023503203935791084,3.1072442295065463
11.79,-9.35483870967742,-6.774193548387097,-0.0,-0.0,1.397316581597612,-0.02468481590881788,0.023503203922738858,3.1072442294334692
11.8,-9.35483870967742,-6.774193548387097,-0.0,-0.0,70.51520504648045,-0.024684815908271762,0.02350320391089844,3.107244229367012
11.81,-9.35483870967742,-6.774193548387097,-0.0,-0.0,70.51805513238801,-0.0246848159077504,0.023503203900157477,3.1072442293066014
11.82,-9.35483870967742,-6.774193548387097,-0.0,-0.0,70.52090521829575,-0.02468481590725491,0.023503203890412938,3.1072442292516755
11.83,-9.35483870967742,-6.774193548387097,-0.0,-0.0,70.52375530420365,-0.024684815906785174,0.0235032038815719,3.107244229201738
11.84,-9.35483870967742,-6.774193548387097,-0.0,-0.0,70.52660539011167,-0.02468481590634075,0.02350320387355065,3.107244229156351
11.85,-9.35483870967742,-6.774193548387097,-0.0,-0.0,70.52945547601982,-0.024684815905922086,0.023503203866271916,3.107244229115075
11.86,-9.35483870967742,-6.774193548387097,-0.0,-0.0,70.5323055619281,-0.024684815905528623,0.023503203859666755,3.1072442290775366
11.87,-9.35483870967742,-6.774193548387097,-0.0,-0.0,70.53515564783648,-0.024684815905158808,0.023503203853672994,3.107244229043425
11.88,-9.35483870967742,-6.774193548387097,-0.0,-0.0,70.53800573374495,-0.02468481590481253,0.023503203848233234,3.107244229012402
11.89,-9.35483870967742,-6.774193548387097,-0.0,-0.0,70.54085581965352,-0.024684815904488344,0.023503203843296516,3.1072442289842024
11.9,-9.35483870967742,-6.774193548387097,-0.0,-0.0,1.4286675265866975,-0.024684815904185475,0.023503203838815878,3.10724422895857
11.91,-9.35483870967742,-6.774193548387097,-0.0,-0.0,70.54655599147085,-0.024684815903903257,0.02350320383474891,3.1072442289352598
11.92,-9.35483870967742,-6.774193548387097,-0.0,-0.0,1.4343676984041778,-0.024684815903640578,0.023503203831056974,3.10724422891406
11.93,-9.35483870967742,-6.774193548387097,-0.0,-0.0,70.55225616328846,-0.024684815903396218,0.023503203827705765,3.107244228894793
11.94,-9.35483870967742,-6.774193548387097,-0.0,-0.0,70.55510624919735,-0.024684815903169066,0.023503203824663532,3.1072442288772706
11.95,-9.35483870967742,-6.774193548387097,-0.0,-0.0,70.55795633510628,-0.024684815902958124,0.023503203821901963,3.1072442288613487
11.96,-9.35483870967742,-6.774193548387097,-0.0,-0.0,70.56080642101527,-0.024684815902762947,0.02350320381939419,3.1072442288468545
11.97,-9.35483870967742,-6.774193548387097,-0.0,-0.0,70.56365650692429,-0.024684815902581536,0.023503203817118012,3.1072442288337
11.98,-9.35483870967742,-6.774193548387097,-0.0,-0.0,70.56650659283335,-0.024684815902414114,0.023503203815051,3.107244228821723
11.99,-9.35483870967742,-6.774193548387097,-0.0,-0.0,1.4543182997669857,-0.024684815902259016,0.02350320381317439,3.1072442288108446
12.0,-9.35483870967742,-6.774193548387097,-0.0,-0.0,1.4571683856761029,-0.02468481590211591,0.023503203811470308,3.1072442288009507
12.01,-9.35483870967742,-6.129032258064516,-0.0,-0.0,70.57515588811658,-0.02331630717029587,0.07409584310661244,3.106800126908307
12.02,-9.35483870967742,-6.129032258064516,-0.0,-0.0,70.57818925317727,-0.022424148476790973,0.0698829611037991,3.1062566372690408
12.03,-9.35483870967742,-6.129032258064516,-0.0,-0.0,70.58129455274502,-0.02190081614791861,0.0660470623042948,3.10564255871398
12.04,-9.35483870967742,-6.129032258064516,-0.0,-0.0,70.58446153307155,-0.021658505811893214,0.06255151865912367,3.1049806611061728
12.05,-9.35483870967742,-6.129032258064516,-0.0,-0.0,70.58768161440817,-0.02162706250688029,0.059365040751765075,3.1042888716119235
12.06,-9.35483870967742,-6.129032258064516,-0.0,-0.0,70.59094757415079,-0.021751335576215003,0.05646053627923331,3.1035812660011026
12.07,-9.35483870967742,-6.129032258064516,-0.0,-0.0,70.5942532899347,-0.02198847212697752,0.053814183626300305,3.1028688691227186
12.08,-9.35483870967742,-6.129032258064516,-0.0,-0.0,70.59759353555555,-0.022305437429488872,0.05140471020490378,3.1021602887013424
12.09,-9.35483870967742,-6.129032258064516,-0.0,-0.0,70.60096382080559,-0.022676895131540697,0.04921285097410866,3.101462211531674
12.1,-9.35483870967742,-6.129032258064516,-0.0,-0.0,70.60436026631783,-0.02308347795800403,0.04722095625838585,3.100779789999043
12.11,-9.35483870967742,-6.129032258064516,-0.0,-0.0,70.60777950550143,-0.023510420903262497,0.04541271682836012,3.1001169432593914
12.12,-9.35483870967742,-6.129032258064516,-0.0,-0.0,70.61121860703707,-0.023946502599244912,0.043772976598951185,3.09947659306157
12.13,-9.35483870967742,-6.129032258064516,-0.0,-0.0,70.61467501280993,-0.024383234737006876,0.042287607685940753,3.0988608499629975
12.14,-9.35483870967742,-6.129032258064516,-0.0,-0.0,70.61814648740184,-0.024814244362877713,0.040943427624997475,3.098271161996779
12.15,-9.35483870967742,-6.129032258064516,-0.0,-0.0,70.62163107627683,-0.025234803014699936,0.039728143419685336,3.0977084348318176
12.16,-9.35483870967742,-6.129032258064516,-0.0,-0.0,70.62512707057705,-0.025641466365162957,0.03863031129935779,3.097173130109141
12.17,-9.35483870967742,-6.129032258064516,-0.0,-0.0,70.62863297703124,-0.026031796644729988,0.037639304488919945,3.0966653468552288
12.18,-9.35483870967742,-6.129032258064516,-0.0,-0.0,70.63214749190264,-0.02640414710755834,0.036745283943693585,3.096184889555799
12.19,-9.35483870967742,-6.129032258064516,-0.0,-0.0,70.6356694782074,-0.02675749320711185,0.03593916898213745,3.095731325518485
12.2,-9.35483870967742,-6.129032258064516,-0.0,-0.0,70.63919794564768,-0.02709129920130593,0.035212606175983874,3.09530403346935
12.21,-9.35483870967742,-6.129032258064516,-0.0,-0.0,70.64273203285097,-0.027405411892270304,0.034557935846034504,3.0949022448443033
12.22,-9.35483870967742,-6.129032258064516,-0.0,-0.0,70.64627099160865,-0.027699975380671593,0.03396815616282345,3.094525078895374
12.23,-9.35483870967742,-6.129032258064516,-0.0,-0.0,1.5347757938991906,-0.027975362289694106,0.03343688524866195,3.094171572493075
12.24,-9.35483870967742,-6.129032258064516,-0.0,-0.0,70.653361014332,-0.028232118052186284,0.03295832188958281,3.093840705336884
12.25,-9.35483870967742,-6.129032258064516,-0.0,-0.0,70.65691102936556,-0.028470915677971553,0.03252720554710564,3.093531421166811
12.26,-9.35483870967742,-6.129032258064516,-0.0,-0.0,70.66046379730102,-0.02869251901634806,0.032138776353215937,3.0932426454807493
12.27,-9.35483870967742,-6.129032258064516,-0.0,-0.0,70.66401895478587,-0.028897752965893142,0.03178873571037144,3.092973300197581
12.28,-9.35483870967742,-6.129032258064516,-0.0,-0.0,70.66757618819884,-0.029087479406244898,0.03147320802607545,3.0927223156544827
12.29,-9.35483870967742,-6.129032258064516,-0.0,-0.0,70.67113522698406,-0.029262577867505746,0.03118870400619511,3.0924886402848926
12.3,-9.35483870967742,-6.129032258064516,-0.0,-0.0,70.67469583781406,-0.029423930135633714,0.030932085824898814,3.092271248288076
12.31,-9.35483870967742,-6.129032258064516,-0.0,-0.0,1.563219440517405,-0.029572408133166417,0.030700534389565548,3.0920691455688547
12.32,-9.35483870967742,-6.129032258064516,-0.0,-0.0,70.68182099851764,-0.029708864525353262,0.030491518830903952,3.091881374197929
12.33,-9.35483870967742,-6.129032258064516,-0.0,-0.0,70.68538522522381,-0.029834125590443183,0.0303027682738658,3.0917070156158526
12.34,-9.35483870967742,-6.129032258064516,-0.0,-0.0,70.68895037044507,-0.029948985965084995,0.030132245884312958,3.0915451927794106
12.35,-9.35483870967742,-6.129032258064516,-0.0,-0.0,70.69251632262632,-0.030054204935585194,0.02997812513911602,3.0913950714256804
12.36,-9.35483870967742,-6.129032258064516,-0.0,-0.0,70.69608298533308,-0.030150503995881484,0.029838768232223534,3.0912558606084017
12.37,-9.35483870967742,-6.129032258064516,-0.0,-0.0,70.6996502751073,-0.03023856543561576,0.02971270650455382,3.0911268126405838
12.38,-9.35483870967742,-6.129032258064516,-0.0,-0.0,70.70321811962431,-0.030319031757928272,0.029598622769740235,3.091007222560551
12.39,-9.35483870967742,-6.129032258064516,-0.0,-0.0,1.5917480771356813,-0.030392505757768418,0.0294953353990014,3.0908964272211947
12.4,-9.35483870967742,-6.129032258064516,-0.0,-0.0,70.71035522999091,-0.03045955111829224,0.02940178402530591,3.090793804088343
12.41,-9.35483870967742,-6.129032258064516,-0.0,-0.0,70.71392439372232,-0.030520693405999944,0.02931701672812037,3.0906987698207273
12.42,-9.35483870967742,-6.129032258064516,-0.0,-0.0,70.71749390580696,-0.030576421365136386,0.029240178564266972,3.090610778692406
12.43,-9.35483870967742,-6.129032258064516,-0.0,-0.0,70.72106372994082,-0.03062718842893719,0.02917050131682275,3.0905293209086415
12.44,-9.35483870967742,-6.129032258064516,-0.0,-0.0,1.6095954553141545,-0.030673414379945863,0.029107294341766066,3.0904539208567408
12.45,-9.35483870967742,-6.129032258064516,-0.0,-0.0,70.72820419086969,-0.030715487104091554,0.02904993640069664,3.09038413532658
12.46,-9.35483870967742,-6.129032258064516,-0.0,-0.0,1.6167363960441932,-0.030753764393869565,0.028997868376861025,3.090319551727932
12.47,-9.35483870967742,-6.129032258064516,-0.0,-0.0,70.73534556494889,-0.030788575764933213,0.028950586780673526,3.090259786326845
12.48,-9.35483870967742,-6.129032258064516,-0.0,-0.0,70.7389165413522,-0.030820224258007345,0.028907637959606935,3.0902044825180526
12.49,-9.35483870967742,-6.129032258064516,-0.0,-0.0,70.74248768708021,-0.03084898820435311,0.028868612935638915,3.090153309146729
12.5,-9.35483870967742,-6.129032258064516,-0.0,-0.0,70.74605898685775,-0.030875122938334054,0.028833142801204414,3.0901059588890414
12.51,-9.35483870967742,-6.129032258064516,-0.0,-0.0,70.74963042704259,-0.03089886244496942,0.02880089461184865,3.0900621466988274
12.52,-9.35483870967742,-6.129032258064516,-0.0,-0.0,70.75320199541889,-0.030920420933987613,0.02877156772037759,3.0900216083247254
12.53,-9.35483870967742,-6.129032258064516,-0.0,-0.0,70.75677368101988,-0.03093999433479533,0.028744890503349718,3.089984098900722
12.54,-9.35483870967742,-6.129032258064516,-0.0,-0.0,70.76034547397553,-0.030957761709150544,0.02872061743620047,3.0899493916113268
12.55,-9.35483870967742,-6.129032258064516,-0.0,-0.0,70.76391736538147,-0.030973886580211607,0.028698526478198927,3.089917276431444
12.56,-9.35483870967742,-6.129032258064516,-0.0,-0.0,70.76748934718589,-0.030988518178116875,0.02867841673282978,3.0898875589400796
12.57,-9.35483870967742,-6.129032258064516,-0.0,-0.0,70.77106141209185,-0.031001792603410072,0.028660106353108672,3.0898600592061674
12.58,-9.35483870967742,-6.129032258064516,-0.0,-0.0,70.77463355347275,-0.031013833910490285,0.02864343066483277,3.089834610744487
12.59,-9.35483870967742,-6.129032258064516,-0.0,-0.0,1.663167386323385,-0.031024755113921332,0.028628240483850487,3.089811059539001
12.6,-9.35483870967742,-6.129032258064516,-0.0,-0.0,70.78177804207327,-0.031034659120889985,0.02861440060618803,3.0897892631308443
12.61,-9.35483870967742,-6.129032258064516,-0.0,-0.0,70.78535037877644,-0.03104363959342349,0.028601788452269128,3.0897690897677292
12.62,-9.35483870967742,-6.129032258064516,-0.0,-0.0,70.78892277081712,-0.031051781744137252,0.02859029284863579,3.0897504176119623
12.63,-9.35483870967742,-6.129032258064516,-0.0,-0.0,70.79249521398967,-0.031059163069403373,0.02857981293243761,3.0897331340035548
12.64,-9.35483870967742,-6.129032258064516,-0.0,-0.0,70.79606770443634,-0.031065854023822448,0.028570257165639656,3.0897171347754573
12.65,-9.35483870967742,-6.129032258064516,-0.0,-0.0,70.79964023861407,-0.031071918639841267,0.028561542447362975,3.0897023236177255
12.66,-9.35483870967742,-6.129032258064516,-0.0,-0.0,70.80321281326502,-0.031077415096264493,0.028553593314075698,3.089688611487632
12.67,-9.35483870967742,-6.129032258064516,-0.0,-0.0,70.80678542539044,-0.031082396239289767,0.02854634121847932,3.08967591606264
12.68,-9.35483870967742,-6.129032258064516,-0.0,-0.0,70.8103580722274,-0.03108691005953168,0.02853972387897219,3.089664161233684
12.69,-9.35483870967742,-6.129032258064516,-0.0,-0.0,70.81393075122801,-0.03109100012835664,0.028533684692429784,3.0896532766356497
12.7,-9.35483870967742,-6.129032258064516,-0.0,-0.0,70.81750346004084,-0.031094705996646987,0.02852817220386561,3.089643197212931
12.71,-9.35483870967742,-6.129032258064516,-0.0,-0.0,70.82107619649418,-0.03109806355895839,0.02852313962720099,3.0896338628173052
12.72,-9.35483870967742,-6.129032258064516,-0.0,-0.0,70.82464895858098,-0.031101105385832994,0.028518544412011293,3.0896252178360277
12.73,-9.35483870967742,-6.129032258064516,-0.0,-0.0,70.82822174444533,-0.031103861026863244,0.02851434785165008,3.089617210847798
12.74,-9.35483870967742,-6.129032258064516,-0.0,-0.0,70.83179455237013,-0.03110635728691513,0.028510514728644742,3.0896097943047893
12.75,-9.35483870967742,-6.129032258064516,-0.0,-0.0,70.83536738076594,-0.031108618477753924,0.02850701299368119,3.089602924238713
12.76,-9.35483870967742,-6.129032258064516,-0.0,-0.0,70.83894022816092,-0.03111066664715534,0.02850381347487907,3.0895965599891198
12.77,-9.35483870967742,-6.129032258064516,-0.0,-0.0,70.84251309319156,-0.031112521787416192,0.028500889614404556,3.0895906639523907
12.78,-9.35483870967742,-6.129032258064516,-0.0,-0.0,70.84608597459425,-0.031114202025043225,0.028498217229761424,3.0895852013498626
12.79,-9.35483870967742,-6.129032258064516,-0.0,-0.0,1.7346204922222237,-0.031115723793259442,0.028495774297373377,3.0895801400134544
12.8,-9.35483870967742,-6.129032258064516,-0.0,-0.0,70.85323178191571,-0.031117101988818563,0.028493540756320712,3.0895754501878705
12.81,-9.35483870967742,-6.129032258064516,-0.0,-0.0,70.85680470574101,-0.031118350114526683,0.02849149833028841,3.089571104347638
12.82,-9.35483870967742,-6.129032258064516,-0.0,-0.0,70.86037764173909,-0.03111948040871948,0.02848963036600549,3.089567077028324
12.83,-9.35483870967742,-6.129032258064516,-0.0,-0.0,70.86395058904286,-0.031120503962872137,0.028487921686593642,3.089563344670515
12.84,-9.35483870967742,-6.129032258064516,-0.0,-0.0,70.86752354684766,-0.031121430828398244,0.028486358458421623,3.0895598854756865
12.85,-9.35483870967742,-6.129032258064516,-0.0,-0.0,70.87109651440664,-0.031122270113606465,0.028484928070195092,3.0895566792732163
12.86,-9.35483870967742,-6.129032258064516,-0.0,-0.0,70.8746694910265,-0.0311230300717128,0.02848361902312313,3.0895537073973753
12.87,-9.35483870967742,-6.129032258064516,-0.0,-0.0,70.87824247606356,-0.03112371818071258,0.02848242083113217,3.0895509525737928
12.88,-9.35483870967742,-6.129032258064516,-0.0,-0.0,70.8818154689202,-0.031124341215851503,0.02848132393018643,3.0895483988146104
12.89,-9.35483870967742,-6.129032258064516,-0.0,-0.0,70.88538846904143,-0.03112490531537937,0.028480319595863945,3.0895460313215177
12.9,-9.35483870967742,-6.129032258064516,-0.0,-0.0,70.88896147591188,-0.031125416040191145,0.02847939986842729,3.0895438363962904
12.91,-9.35483870967742,-6.129032258064516,-0.0,-0.0,70.89253448905289,-0.03112587842792247,0.028478557484689748,3.0895418013580604
12.92,-9.35483870967742,-6.129032258064516,-0.0,-0.0,70.8961075080199,-0.03112629704200842,0.02847778581605198,3.0895399144668776
12.93,-9.35483870967742,-6.129032258064516,-0.0,-0.0,70.89968053239993,-0.031126676016163812,0.02847707881214212,3.089538164853198
12.94,-9.35483870967742,-6.129032258064516,-0.0,-0.0,70.9032535618094,-0.03112701909472182,0.028476430949536335,3.0895365424525223
12.95,-9.35483870967742,-6.129032258064516,-0.0,-0.0,70.90682659589196,-0.031127329669195958,0.028475837185104935,3.0895350379451707
12.96,-9.35483870967742,-6.129032258064516,-0.0,-0.0,70.91039963431659,-0.031127610811429007,0.02847529291355022,3.089533642700539
12.97,-9.35483870967742,-6.129032258064516,-0.0,-0.0,70.91397267677576,-0.03112786530363898,0.02847479392876051,3.089532348725608
12.98,-9.35483870967742,-6.129032258064516,-0.0,-0.0,70.91754572298375,-0.031128095665654,0.028474336388626287,3.089531148617314
12.99,-9.35483870967742,-6.129032258064516,-0.0,-0.0,70.92111877267509,-0.031128304179592003,0.028473916783008146,3.089530035518584
13.0,-9.35483870967742,-6.129032258064516,-0.0,-0.0,1.8096534466277105,-0.031128492912233297,0.02847353190456503,3.0895290030775513
13.01,-9.35483870967742,-6.129032258064516,-0.0,-0.0,70.92826488153881,-0.031128663735286666,0.028473178822190248,3.0895280454100655
13.02,-9.35483870967742,-6.129032258064516,-0.0,-0.0,70.93183794026913,-0.031128818343761466,0.028472854856809393,3.08952715706478
13.03,-9.35483870967742,-6.129032258064516,-0.0,-0.0,1.8203726226208417,-0.031128958272608198,0.028472557559337863,3.0895263329911167
13.04,-9.35483870967742,-6.129032258064516,-0.0,-0.0,1.823945686361033,-0.031129084911802107,0.0284722846905906,3.089525568509385
13.05,-9.35483870967742,-6.129032258064516,-0.0,-0.0,70.9425571313189,-0.03112919952000326,0.02847203420298039,3.0895248592833773
13.06,-9.35483870967742,-6.129032258064516,-0.0,-0.0,70.94613019938487,-0.031129303236938854,0.028471804223832553,3.0895242012948456
13.07,-9.35483870967742,-6.129032258064516,-0.0,-0.0,70.9497032693869,-0.031129397094614042,0.02847159304018021,3.0895235908200127
13.08,-9.35483870967742,-6.129032258064516,-0.0,-0.0,70.95327634118799,-0.03112948202747534,0.02847139908489915,3.0895230244077543
13.09,-9.35483870967742,-6.129032258064516,-0.0,-0.0,70.9568494146608,-0.031129558881611508,0.028471220924068397,3.089522498859476
13.1,-9.35483870967742,-6.129032258064516,-0.0,-0.0,70.96042248968702,-0.031129628423093747,0.028471057245441855,3.0895220112104385
13.11,-9.35483870967742,-6.129032258064516,-0.0,-0.0,70.96399556615673,-0.03112969134552468,0.028470906847936628,3.089521558712537
13.12,-9.35483870967742,-6.129032258064516,-0.0,-0.0,70.96756864396777,-0.031129748276881752,0.028470768632043342,3.0895211388183097
13.13,-9.35483870967742,-6.129032258064516,-0.0,-0.0,70.97114172302521,-0.031129799785711953,0.02847064159107704,3.0895207491661885
13.14,-9.35483870967742,-6.129032258064516,-0.0,-0.0,70.97471480324086,-0.031129846386746207,0.028470524803194897,3.0895203875667896
13.15,-9.35483870967742,-6.129032258064516,-0.0,-0.0,70.97828788453273,-0.031129888545980755,0.028470417424113048,3.089520051990275
13.16,-9.35483870967742,-6.129032258064516,-0.0,-0.0,70.98186096682468,-0.031129926685283915,0.028470318680456574,3.089519740554608
13.17,-9.35483870967742,-6.129032258064516,-0.0,-0.0,70.98543405004594,-0.031129961186563637,0.02847022786369302,3.0895194515147355
13.18,-9.35483870967742,-6.129032258064516,-0.0,-0.0,70.98900713413072,-0.031129992395545036,0.028470144324592273,3.089519183252541
13.19,-9.35483870967742,-6.129032258064516,-0.0,-0.0,70.99258021901792,-0.031130020625193433,0.028470067468165494,3.0895189342674696
13.2,-9.35483870967742,-6.129032258064516,-0.0,-0.0,70.99615330465076,-0.0311300461588071,0.028469996749050264,3.08951870316804
13.21,-9.35483870967742,-6.129032258064516,-0.0,-0.0,70.99972639097648,-0.031130069252827908,0.02846993166728684,3.0895184886637312
13.22,-9.35483870967742,-6.129032258064516,-0.0,-0.0,1.888261098970564,-0.031130090139377287,0.028469871764469468,3.089518289557734
13.23,-9.35483870967742,-6.129032258064516,-0.0,-0.0,71.00687256551383,-0.03113010902856128,0.028469816620219857,3.0895181047399536
13.24,-9.35483870967742,-6.129032258064516,-0.0,-0.0,71.01044565363757,-0.03113012611054966,0.028469765848976314,3.089517933180819
13.25,-9.35483870967742,-6.129032258064516,-0.0,-0.0,71.0140187422779,-0.031130141557465962,0.028469719097048762,3.089517773925318
13.26,-9.35483870967742,-6.129032258064516,-0.0,-0.0,71.01759183139825,-0.031130155525095238,0.028469676039933556,3.089517626087568
13.27,-9.35483870967742,-6.129032258064516,-0.0,-0.0,1.9061265419892002,-0.031130168154429705,0.028469636379858554,3.089517488845825
13.28,-9.35483870967742,-6.129032258064516,-0.0,-0.0,71.02473801094553,-0.03113017957307085,0.028469599843535698,3.089517361437772
13.29,-9.35483870967742,-6.129032258064516,-0.0,-0.0,71.02831110131156,-0.031130189896498406,0.028469566180107098,3.0895172431561724
13.3,-9.35483870967742,-6.129032258064516,-0.0,-0.0,71.03188419203548,-0.031130199229216227,0.028469535159269754,3.0895171333449483
13.31,-9.35483870967742,-6.129032258064516,-0.0,-0.0,71.03545728309196,-0.03113020766579644,0.028469506569553937,3.0895170313953613
13.32,-9.35483870967742,-6.129032258064516,-0.0,-0.0,71.03903037445747,-0.03113021529181781,0.02846948021675466,3.0895169367426387
13.33,-9.35483870967742,-6.129032258064516,-0.0,-0.0,71.04260346611012,-0.03113022218471806,0.02846945592249428,3.0895168488627758
13.34,-9.35483870967742,-6.129032258064516,-0.0,-0.0,71.0461765580296,-0.03113022841456914,0.028469433522902765,3.0895167672695316
13.35,-9.35483870967742,-6.129032258064516,-0.0,-0.0,71.04974965019703,-0.03113023404477311,0.028469412867417998,3.089516691511724
13.36,-9.35483870967742,-6.129032258064516,-0.0,-0.0,1.938284363619393,-0.031130239132694526,0.02846939381768221,3.0895166211707252
13.37,-9.35483870967742,-6.129032258064516,-0.0,-0.0,71.05689583520675,-0.03113024373023665,0.0284693762465299,3.089516555858014
13.38,-9.35483870967742,-6.129032258064516,-0.0,-0.0,71.06046892801758,-0.031130247884356477,0.028469360037067792,3.089516495213069
13.39,-9.35483870967742,-6.129032258064516,-0.0,-0.0,71.06404202101328,-0.03113025163753602,0.028469345081826303,3.089516438901322
13.4,-9.35483870967742,-6.129032258064516,-0.0,-0.0,71.06761511418074,-0.031130255028206877,0.028469331281985033,3.0895163866122735
13.41,-9.35483870967742,-6.129032258064516,-0.0,-0.0,71.0711882075078,-0.031130258091135343,0.028469318546662126,3.0895163380577553
13.42,-9.35483870967742,-6.129032258064516,-0.0,-0.0,71.07476130098318,-0.031130260857771264,0.028469306792263005,3.0895162929702957
13.43,-9.35483870967742,-6.129032258064516,-0.0,-0.0,71.07833439459638,-0.031130263356560994,0.02846929594188674,3.0895162511016827
13.44,-9.35483870967742,-6.129032258064516,-0.0,-0.0,71.08190748833763,-0.031130265613235397,0.02846928592477671,3.089516212221525
13.45,-9.35483870967742,-6.129032258064516,-0.0,-0.0,71.08548058219789,-0.031130267651067856,0.028469276675820332,3.0895161761159535
13.46,-9.35483870967742,-6.129032258064516,-0.0,-0.0,71.08905367616872,-0.031130269491106533,0.028469268135090986,3.0895161425864885
13.47,-9.35483870967742,-6.129032258064516,-0.0,-0.0,71.09262677024229,-0.03113027115238698,0.028469260247425576,3.089516111448881
13.48,-9.35483870967742,-6.129032258064516,-0.0,-0.0,71.09619986441133,-0.03113027265212487,0.028469252962038172,3.089516082532101
13.49,-9.35483870967742,-6.129032258064516,-0.0,-0.0,71.09977295866909,-0.03113027400588786,0.028469246232166512,3.0895160556773744
13.5,-9.35483870967742,-6.129032258064516,-0.0,-0.0,71.10334605300929,-0.03113027522775258,0.028469240014746933,3.0895160307373333
13.51,-9.35483870967742,-6.129032258064516,-0.0,-0.0,71.10691914742608,-0.031130276330447293,0.028469234270115162,3.089516007575167
13.52,-9.35483870967742,-6.129032258064516,-0.0,-0.0,71.11049224191405,-0.03113027732548057,0.02846922896173376,3.089515986063866
13.53,-9.35483870967742,-6.129032258064516,-0.0,-0.0,71.11406533646816,-0.031130278223258423,0.028469224055938658,3.089515966085492
13.54,-9.35483870967742,-6.129032258064516,-0.0,-0.0,71.11763843108372,-0.03113027903318566,0.028469219521713218,3.0895159475306224
13.55,-9.35483870967742,-6.129032258064516,-0.0,-0.0,71.1212115257564,-0.03113027976376781,0.028469215330469755,3.0895159302975914
13.56,-9.35483870967742,-6.129032258064516,-0.0,-0.0,71.12478462048213,-0.03113028042268995,0.028469211455861676,3.0895159142920687
13.57,-9.35483870967742,-6.129032258064516,-0.0,-0.0,71.12835771525717,-0.03113028101690052,0.028469207873600855,3.0895158994264547
13.58,-9.35483870967742,-6.129032258064516,-0.0,-0.0,71.13193081007803,-0.03113028155268016,0.028469204561293537,3.089515885619383
13.59,-9.35483870967742,-6.129032258064516,-0.0,-0.0,71.13550390494146,-0.031130282035702783,0.02846920149829313,3.0895158727953853
13.6,-9.35483870967742,-6.129032258064516,-0.0,-0.0,71.13907699984445,-0.031130282471099058,0.028469198665556528,3.0895158608843043
13.61,-9.35483870967742,-6.129032258064516,-0.0,-0.0,71.1426500947842,-0.031130282863502834,0.02846919604552134,3.089515849821051
13.62,-9.35483870967742,-6.129032258064516,-0.0,-0.0,71.14622318975812,-0.031130283217102428,0.028469193621986633,3.089515839545174
13.63,-9.35483870967742,-6.129032258064516,-0.0,-0.0,71.14979628476377,-0.031130283535680925,0.028469191380006253,3.089515830000556
13.64,-9.35483870967742,-6.129032258064516,-0.0,-0.0,71.1533693797989,-0.03113028382265759,0.028469189305788567,3.089515821135063
13.65,-9.35483870967742,-6.129032258064516,-0.0,-0.0,2.041904095886001,-0.03113028408112062,0.028469187386606865,3.089515812900286
13.66,-9.35483870967742,-6.129032258064516,-0.0,-0.0,71.16051556994947,-0.031130284313859002,0.028469185610715764,3.089515805251303
13.67,-9.35483870967742,-6.129032258064516,-0.0,-0.0,71.16408866506114,-0.03113028452339217,0.028469183967273604,3.089515798146376
13.68,-9.35483870967742,-6.129032258064516,-0.0,-0.0,71.1676617601948,-0.03113028471199597,0.02846918244627139,3.0895157915467513
13.69,-9.35483870967742,-6.129032258064516,-0.0,-0.0,71.1712348553489,-0.031130284881725534,0.028469181038468183,3.089515785416431
13.7,-9.35483870967742,-6.129032258064516,-0.0,-0.0,71.17480795052198,-0.031130285034435934,0.028469179735331585,3.0895157797220056
13.71,-9.35483870967742,-6.129032258064516,-0.0,-0.0,71.1783810457127,-0.031130285171802385,0.02846917852898201,3.0895157744324426
13.72,-9.35483870967742,-6.129032258064516,-0.0,-0.0,71.1819541409198,-0.031130285295337456,0.028469177412141278,3.089515769518915
13.73,-9.35483870967742,-6.129032258064516,-0.0,-0.0,71.18552723614214,-0.031130285406407054,0.028469176378086436,3.089515764954645
13.74,-9.35483870967742,-6.129032258064516,-0.0,-0.0,2.0740619524031745,-0.031130285506243083,0.028469175420607562,3.0895157607147854
13.75,-9.35483870967742,-6.129032258064516,-0.0,-0.0,71.19267342662826,-0.03113028559595754,0.0284691745339668,3.089515756776256
13.76,-9.35483870967742,-6.129032258064516,-0.0,-0.0,71.19624652189012,-0.031130285676554625,0.02846917371286184,3.0895157531176016
13.77,-9.35483870967742,-6.129032258064516,-0.0,-0.0,71.19981961716333,-0.0311302857489395,0.028469172952393595,3.0895157497189185
13.78,-9.35483870967742,-6.129032258064516,-0.0,-0.0,71.2033927124471,-0.031130285813929848,0.028469172248032915,3.0895157465617036
13.79,-9.35483870967742,-6.129032258064516,-0.0,-0.0,71.20696580774066,-0.03113028587226141,0.02846917159559592,3.089515743628809
13.8,-9.35483870967742,-6.129032258064516,-0.0,-0.0,71.21053890304334,-0.031130285924600654,0.02846917099121138,3.089515740904236
13.81,-9.35483870967742,-6.129032258064516,0.0,-0.0,71.21411199835448,-0.031130285971545546,0.028469170431303925,3.0895157383732177
13.82,-9.35483870967742,-6.129032258064516,0.0,-0.0,2.1026467146980443,-0.031130286013637876,0.028469169912564873,3.089515736021952
13.83,-9.35483870967742,-6.129032258064516,0.0,-0.0,2.1062198100243608,-0.031130286051364364,0.02846916943193667,3.0895157338376875
13.84,-9.35483870967742,-6.129032258064516,0.0,-0.0,2.1097929053574704,-0.03113028608516477,0.028469168986590576,3.0895157318085342
13.85,-9.35483870967742,-6.129032258064516,0.0,-0.0,71.22840437967234,-0.03113028611543489,0.02846916857391102,3.089515729923474
13.86,-9.35483870967742,-6.129032258064516,0.0,-0.0,71.23197747501763,-0.03113028614253166,0.028469168191478267,3.0895157281722567
13.87,-9.35483870967742,-6.129032258064516,0.0,-0.0,2.1205121913929093,-0.031130286166776377,0.028469167837054332,3.089515726545388
13.88,-9.35483870967742,-6.129032258064516,0.0,-0.0,71.23912366572415,-0.031130286188459033,0.028469167508568427,3.0895157250340173
13.89,-9.35483870967742,-6.129032258064516,0.0,-0.0,71.24269676108464,-0.03113028620784053,0.02846916720410453,3.089515723629937
13.9,-9.35483870967742,-6.129032258064516,0.0,-0.0,71.24626985644952,-0.031130286225156123,0.028469166921889943,3.0895157223255207
13.91,-9.35483870967742,-6.129032258064516,0.0,-0.0,71.24984295181845,-0.031130286240616867,0.028469166660284317,3.089515721113697
13.92,-9.35483870967742,-6.129032258064516,0.0,-0.0,2.138377668215701,-0.03113028625441283,0.028469166417770198,3.0895157199878955
13.93,-9.35483870967742,-6.129032258064516,0.0,-0.0,71.25698914256736,-0.031130286266716323,0.028469166192941375,3.089515718941985
13.94,-9.35483870967742,-6.129032258064516,0.0,-0.0,71.26056223794683,-0.031130286277681107,0.02846916598449789,3.089515717970309
13.95,-9.35483870967742,-6.129032258064516,0.0,-0.0,71.26413533332932,-0.031130286287446074,0.028469165791235262,3.089515717067584
13.96,-9.35483870967742,-6.129032258064516,0.0,-0.0,71.26770842871463,-0.03113028629613579,0.02846916561203927,3.089515716228916
13.97,-9.35483870967742,-6.129032258064516,0.0,-0.0,2.156243145127097,-0.03113028630386283,0.028469165445877853,3.0895157154497572
13.98,-9.35483870967742,-6.129032258064516,0.0,-0.0,71.2748546194929,-0.031130286310727562,0.02846916529179555,3.0895157147258816
13.99,-9.35483870967742,-6.129032258064516,0.0,-0.0,71.27842771488551,-0.031130286316821354,0.028469165148907183,3.0895157140533627
14.0,-9.35483870967742,-6.129032258064516,0.0,-0.0,71.28200081028022,-0.03113028632222503,0.02846916501639385,3.0895157134285527
14.01,-9.35483870967742,-5.483870967741936,0.0,-0.0,71.28566104558443,-0.029978648425070364,0.07956593084921204,3.0890548001858154
14.02,-9.35483870967742,-5.483870967741936,0.0,-0.0,71.28939731360398,-0.029164602733641964,0.07577239399123303,3.088503273931948
14.03,-9.35483870967742,-5.483870967741936,0.0,-0.0,71.29320003569129,-0.02862505335035792,0.07228482686870363,3.087883145026489
14.04,-9.35483870967742,-5.483870967741936,0.0,-0.0,71.29706094883251,-0.028306456770598953,0.0690770455812727,3.0872126760099534
14.05,-9.35483870967742,-5.483870967741936,0.0,-0.0,71.30097291463184,-0.02816396461204651,0.06612574665765225,3.086506957921778
14.06,-9.35483870967742,-5.483870967741936,0.0,-0.0,71.30492975230045,-0.02816039590821362,0.06341008008331672,3.085778418146691
14.07,-9.35483870967742,-5.483870967741936,0.0,-0.0,71.30892609532687,-0.02826517382260152,0.0609112774859063,3.085037256291486
14.08,-9.35483870967742,-5.483870967741936,0.0,-0.0,2.197918891119646,-0.028453309885043576,0.058612337869640485,3.0842918123631557
14.09,-9.35483870967742,-5.483870967741936,0.0,-0.0,2.201980815023678,-0.02870448215188759,0.05649776797351991,3.0835488747154165
14.1,-9.35483870967742,-5.483870967741936,0.0,-0.0,71.32110829035435,-0.029002228039542333,0.05455337154370654,3.0828139361490305
14.11,-9.35483870967742,-5.483870967741936,0.0,-0.0,71.32522141745973,-0.02933325557077915,0.05276608055257037,3.082091406336423
14.12,-9.35483870967742,-5.483870967741936,0.0,-0.0,71.32935580939198,-0.029686866481437257,0.05112382113356373,3.081384787985348
14.13,-9.35483870967742,-5.483870967741936,0.0,-0.0,71.33350902642246,-0.030054479284834956,0.04961540737832282,3.0806968231823992
14.14,-9.35483870967742,-5.483870967741936,0.0,-0.0,71.33767891327767,-0.030429238392892577,0.0482304568912455,3.080029615348399
14.15,-9.35483870967742,-5.483870967741936,0.0,-0.0,71.34186356377833,-0.030805695454681592,0.04695932291446914,3.079384731290447
14.16,-9.35483870967742,-5.483870967741936,0.0,-0.0,2.2310229116953244,-0.031179550246258514,0.04579303878175611,3.0787632869993637
14.17,-9.35483870967742,-5.483870967741936,0.0,-0.0,71.35027059970155,-0.03154744009876709,0.04472327134598919,3.0781660201307037
14.18,-9.35483870967742,-5.483870967741936,0.0,-0.0,71.35449016718175,-0.0319067686034743,0.043742280805848854,3.0775933515208624
14.19,-9.35483870967742,-5.483870967741936,0.0,-0.0,71.35871882044441,-0.032255565977162726,0.04284288501545819,3.0770454376165617
14.2,-9.35483870967742,-5.483870967741936,0.0,-0.0,71.36295552072323,-0.032592374916429856,0.042018426896416994,3.0765222153172678
14.21,-9.35483870967742,-5.483870967741936,0.0,-0.0,71.36719934807846,-0.03291615698809436,0.041262743994795126,3.07602344043347
14.22,-9.35483870967742,-5.483870967741936,0.0,-0.0,71.37144948807112,-0.033226215603554876,0.04057013955053679,3.0755487207303736
14.23,-9.35483870967742,-5.483870967741936,0.0,-0.0,71.37570521994552,-0.033522132432002416,0.0399353546890725,3.075097544345427
14.24,-9.35483870967742,-5.483870967741936,0.0,-0.0,71.37996590612438,-0.03380371475059951,0.039353541519831725,3.074669304226817
14.25,-9.35483870967742,-5.483870967741936,0.0,-0.0,71.3842309828558,-0.034070951738439104,0.03882023704755333,3.074263319130071
14.26,-9.35483870967742,-5.483870967741936,0.0,-0.0,71.38849995187735,-0.034323978121564847,0.03833133788174481,3.073878851623422
14.27,-9.35483870967742,-5.483870967741936,0.0,-0.0,71.39277237298364,-0.03456304389092402,0.037883075777507824,3.073515123484758
14.28,-9.35483870967742,-5.483870967741936,0.0,-0.0,71.39704785739919,-0.034788489062229644,0.03747199406556612,3.073171328818434
14.29,-9.35483870967742,-5.483870967741936,0.0,-0.0,71.40132606187164,-0.03500072264111065,0.03709492503744505,3.0728466451761656
14.3,-9.35483870967742,-5.483870967741936,0.0,-0.0,71.40560668341043,-0.035200205110307525,0.03674896834877739,3.072540242930411
14.31,-9.35483870967742,-5.483870967741936,0.0,-0.0,71.40988945460414,-0.035387433877261176,0.036431470493676676,3.072251293118356
14.32,-9.35483870967742,-5.483870967741936,0.0,-0.0,71.41417413945733,-0.035562931217317906,0.0361400053892188,3.071978973949172
14.33,-9.35483870967742,-5.483870967741936,0.0,-0.0,71.41846052969315,-0.035727234325497736,0.035872356093519686,3.07172247614511
14.34,-9.35483870967742,-5.483870967741936,0.0,-0.0,71.42274844147354,-0.035880887152537566,0.03562649766532422,3.0714810072682805
14.35,-9.35483870967742,-5.483870967741936,0.0,-0.0,71.42703771249333,-0.03602443375206621,0.03540058115841982,3.0712537951676047
14.36,-9.35483870967742,-5.483870967741936,0.0,-0.0,71.43132819940868,-0.036158412907716486,0.03519291873125974,3.071040090665645
14.37,-9.35483870967742,-5.483870967741936,0.0,-0.0,71.4356197755642,-0.03628335384369974,0.035001969841233604,3.070839169591658
14.38,-9.35483870967742,-5.483870967741936,0.0,-0.0,71.43991232898622,-0.03639977285132612,0.03482632848415501,3.070650334254967
14.39,-9.35483870967742,-5.483870967741936,0.0,-0.0,2.329167381637651,-0.03650817068827994,0.034664711432726314,3.070472914441875
14.4,-9.35483870967742,-5.483870967741936,0.0,-0.0,71.44849998273618,-0.03660903062801968,0.03451594742284836,3.0703062680096522
14.41,-9.35483870967742,-5.483870967741936,0.0,-0.0,71.45279491762763,-0.036702817054181214,0.03437896723344935,3.0701497811421237
14.42,-9.35483870967742,-5.483870967741936,0.0,-0.0,71.45709049633383,-0.0367899745098198,0.0342527946037926,3.070002868323494
14.43,-9.35483870967742,-5.483870967741936,0.0,-0.0,71.46138665761525,-0.03687092712417417,0.03413653793175764,3.069864972079826
14.44,-9.35483870967742,-5.483870967741936,0.0,-0.0,71.46568334701561,-0.03694607835070152,0.03402938269712752,3.0697355625311435
14.45,-9.35483870967742,-5.483870967741936,0.0,-0.0,71.46998051604523,-0.037015810959688866,0.03393058455526543,3.069614136791497
14.46,-9.35483870967742,-5.483870967741936,0.0,-0.0,71.47427812146476,-0.037080487237007076,0.033839463048509155,3.0695002182490416
14.47,-9.35483870967742,-5.483870967741936,0.0,-0.0,71.47857612465745,-0.037140449347735416,0.03375539588501364,3.0693933557538187
14.48,-9.35483870967742,-5.483870967741936,0.0,-0.0,71.48287449107895,-0.03719601982958387,0.03367781373746592,3.0692931227366813
14.49,-9.35483870967742,-5.483870967741936,0.0,-0.0,71.48717318977542,-0.03724750218640438,0.03360619551697941,3.0691991162794623
14.5,-9.35483870967742,-5.483870967741936,0.0,-0.0,71.49147219296144,-0.03729518155672917,0.033540064080452514,3.0691109561532484
14.51,-9.35483870967742,-5.483870967741936,0.0,-0.0,71.49577147565023,-0.03733932543629459,0.03347898233265578,3.0690282838389327
14.52,-9.35483870967742,-5.483870967741936,0.0,-0.0,2.3850326363544,-0.037380184436973996,0.033422549687251,3.068950761541747
14.53,-9.35483870967742,-5.483870967741936,0.0,-0.0,71.50437079167949,-0.037417993067522914,0.03337039885380677,3.068878071209588
14.54,-9.35483870967742,-5.483870967741936,0.0,-0.0,2.3936324073453834,-0.037452970524119555,0.03332219292059313,3.068809913563004
14.55,-9.35483870967742,-5.483870967741936,0.0,-0.0,71.5129709826001,-0.03748532148088046,0.03327762270553192,3.0687460071431607
14.56,-9.35483870967742,-5.483870967741936,0.0,-0.0,71.51727136539691,-0.03751523687241198,0.033236404350106885,3.0686860873828077
14.57,-9.35483870967742,-5.483870967741936,0.0,-0.0,71.52157192095655,-0.03754289466206384,0.0331982771333178,3.068629905704335
14.58,-9.35483870967742,-5.483870967741936,0.0,-0.0,71.52587263674259,-0.03756846059091812,0.03316300148484541,3.068577228647622
14.59,-9.35483870967742,-5.483870967741936,0.0,-0.0,71.5301735013074,-0.03759208890369714,0.03313035717855861,3.0685278370299964
14.6,-9.35483870967742,-5.483870967741936,0.0,-0.0,71.53447450417822,-0.037613923048749,0.03310014168925124,3.0684815251395583
14.61,-9.35483870967742,-5.483870967741936,0.0,-0.0,71.5387756357568,-0.03763409635007198,0.03307216869715879,3.068438099962968
14.62,-9.35483870967742,-5.483870967741936,0.0,-0.0,71.54307688723095,-0.03765273265003233,0.03304626672625932,3.068397380447931
14.63,-9.35483870967742,-5.483870967741936,0.0,-0.0,71.54737825049637,-0.03766994692198289,0.03302227790373846,3.0683591968004267
14.64,-9.35483870967742,-5.483870967741936,0.0,-0.0,71.55167971808758,-0.03768584585244794,0.03300005682921647,3.068323389816414
14.65,-9.35483870967742,-5.483870967741936,0.0,-0.0,71.55598128311685,-0.03770052839292315,0.03297946954344677,3.0682898102473763
14.66,-9.35483870967742,-5.483870967741936,0.0,-0.0,71.56028293921983,-0.03771408628163242,0.032960392587203846,3.0682583181990717
14.67,-9.35483870967742,-5.483870967741936,0.0,-0.0,71.56458468050748,-0.037726604535831654,0.03294271214197797,3.068228782562357
14.68,-9.35483870967742,-5.483870967741936,0.0,-0.0,71.56888650152314,-0.03773816191542778,0.03292632324492195,3.068201080475292
14.69,-9.35483870967742,-5.483870967741936,0.0,-0.0,71.57318839720432,-0.03774883135882756,0.032911129071223066,3.068175096815211
14.7,-9.35483870967742,-5.483870967741936,0.0,-0.0,71.57749036284854,-0.037758680392040556,0.03289704027774143,3.0681507237196786
14.71,-9.35483870967742,-5.483870967741936,0.0,-0.0,71.58179239408278,-0.03776777151212751,0.0328839744023498,3.068127860134996
14.72,-9.35483870967742,-5.483870967741936,0.0,-0.0,71.58609448683607,-0.03777616254612992,0.03287185531395376,3.0681064113912324
14.73,-9.35483870967742,-5.483870967741936,0.0,-0.0,71.59039663731485,-0.037783906986663895,0.032860612708639714,3.068086288802231
14.74,-9.35483870967742,-5.483870967741936,0.0,-0.0,71.5946988419808,-0.03779105430534291,0.03285018164785136,3.0680674092896374
14.75,-9.35483870967742,-5.483870967741936,0.0,-0.0,71.59900109753079,-0.03779765024520765,0.03284050213487266,3.06804969502961
14.76,-9.35483870967742,-5.483870967741936,0.0,-0.0,71.60330340087881,-0.03780373709332774,0.03283151872624401,3.0680330731209238
14.77,-9.35483870967742,-5.483870967741936,0.0,-0.0,71.60760574913954,-0.037809353934693424,0.03282318017507457,3.0680174752735954
14.78,-9.35483870967742,-5.483870967741936,0.0,-0.0,71.61190813961343,-0.03781453688851977,0.03281543910346729,3.0680028375164894
14.79,-9.35483870967742,-5.483870967741936,0.0,-0.0,71.61621056977317,-0.03781931932800264,0.03280825170156476,3.067989099923332
14.8,-9.35483870967742,-5.483870967741936,0.0,-0.0,71.6205130372513,-0.03782373208457812,0.03280157745091994,3.0679762063555716
14.81,-9.35483870967742,-5.483870967741936,0.0,-0.0,2.509777160853436,-0.03782780363764027,0.032795378870135394,3.067964104221552
14.82,-9.35483870967742,-5.483870967741936,0.0,-0.0,71.62911807542523,-0.037831560290676136,0.03278962128087726,3.0679527442506886
14.83,-9.35483870967742,-5.483870967741936,0.0,-0.0,71.6334206420883,-0.03783502633468927,0.03278427259255989,3.067942080282025
14.84,-9.35483870967742,-5.483870967741936,0.0,-0.0,71.63772323798608,-0.03783822419977367,0.03277930310413146,3.067932069066076
14.85,-9.35483870967742,-5.483870967741936,0.0,-0.0,71.6420258613985,-0.037841174595622196,0.032774685321550034,3.0679226700793554
14.86,-9.35483870967742,-5.483870967741936,0.0,-0.0,2.5312901317345693,-0.03784389664173737,0.03277039378964175,3.067913845350607
14.87,-9.35483870967742,-5.483870967741936,0.0,-0.0,71.65063118440284,-0.03784640798804306,0.03276640493717087,3.0679055592982216
14.88,-9.35483870967742,-5.483870967741936,0.0,-0.0,71.65493388105051,-0.03784872492657532,0.03276269693403133,3.0678977785779664
14.89,-9.35483870967742,-5.483870967741936,0.0,-0.0,71.65923659931215,-0.03785086249487857,0.0327592495595761,3.0678904719404336
14.9,-9.35483870967742,-5.483870967741936,0.0,-0.0,71.66353933792695,-0.0378528345716822,0.03275604408119137,3.0678836100977738
14.91,-9.35483870967742,-5.483870967741936,0.0,-0.0,71.66784209570916,-0.03785465396543286,0.03275306314227133,3.0678771655987447
14.92,-9.35483870967742,-5.483870967741936,0.0,-0.0,71.6721448715434,-0.037856332496172485,0.03275029065885926,3.0678711127119884
14.93,-9.35483870967742,-5.483870967741936,0.0,-0.0,71.67644766438026,-0.03785788107125987,0.032747711724245954,3.067865427316637
14.94,-9.35483870967742,-5.483870967741936,0.0,-0.0,71.6807504732323,-0.03785930975537499,0.03274531252090451,3.067860086800064
14.95,-9.35483870967742,-5.483870967741936,0.0,-0.0,71.68505329717017,-0.03786062783523125,0.03274308023916961,3.0678550699620986
14.96,-9.35483870967742,-5.483870967741936,0.0,-0.0,71.68935613531914,-0.03786184387937719,0.03274100300213845,3.067850356925508
14.97,-9.35483870967742,-5.483870967741936,0.0,-0.0,71.69365898685578,-0.037862965793460934,0.032739069796292264,3.0678459290520688
14.98,-9.35483870967742,-5.483870967741936,0.0,-0.0,71.6979618510048,-0.03786400087127939,0.032737270407404706,3.0678417688642345
14.99,-9.35483870967742,-5.483870967741936,0.0,-0.0,71.70226472703627,-0.03786495584194505,0.03273559536130488,3.0678378599716027
15.0,-9.35483870967742,-5.483870967741936,0.0,-0.0,71.70656761426278,-0.037865836913440365,0.03273403586913681,3.0678341870022954
15.01,-9.35483870967742,-5.483870967741936,0.0,-0.0,71.71087051203703,-0.0378666498128476,0.03273258377674926,3.0678307355386023
15.02,-9.35483870967742,-5.483870967741936,0.0,-0.0,71.71517341974938,-0.03786739982349274,0.03273123151790591,3.067827492056831
15.03,-9.35483870967742,-5.483870967741936,0.0,-0.0,71.71947633682561,-0.03786809181924211,0.03272997207101691,3.067824443870973
15.04,-9.35483870967742,-5.483870967741936,0.0,-0.0,71.72377926272486,-0.037868730296164554,0.03272879891912239,3.0678215790799905
15.05,-9.35483870967742,-5.483870967741936,0.0,-0.0,71.72808219693765,-0.03786931940175964,0.03272770601287367,3.0678188865184532
15.06,-9.35483870967742,-5.483870967741936,0.0,-0.0,71.73238513898404,-0.03786986296193917,0.03272668773628706,3.0678163557103177
15.07,-9.35483870967742,-5.483870967741936,0.0,-0.0,71.73668808841191,-0.03787036450592429,0.032725738875058474,3.0678139768257338
15.08,-9.35483870967742,-5.483870967741936,0.0,-0.0,71.7409910447953,-0.0378708272892293,0.032724854587238394,3.0678117406405145
15.09,-9.35483870967742,-5.483870967741936,0.0,-0.0,71.7452940077329,-0.037871254314869374,0.032724030376090285,3.0678096384982263
15.1,-9.35483870967742,-5.483870967741936,0.0,-0.0,71.74959697684662,-0.03787164835293022,0.03272326206496978,3.067807662274707
15.11,-9.35483870967742,-5.483870967741936,0.0,-0.0,71.75389995178023,-0.03787201195862744,0.03272254577406464,3.067805804344814
15.12,-9.35483870967742,-5.483870967741936,0.0,-0.0,71.75820293219807,-0.03787234748896984,0.0327218778988595,3.0678040575512875
15.13,-9.35483870967742,-5.483870967741936,0.0,-0.0,71.76250591778391,-0.03787265711813126,0.03272125509019397,3.0678024151755996
15.14,-9.35483870967742,-5.483870967741936,0.0,-0.0,71.76680890823972,-0.03787294285163356,0.032720674235795943,3.0678008709106868
15.15,-9.35483870967742,-5.483870967741936,0.0,-0.0,71.77111190328472,-0.037873206539436155,0.03272013244316929,3.067799418835285
15.16,-9.35483870967742,-5.483870967741936,0.0,-0.0,71.77541490265432,-0.037873449888005006,0.032719627023749864,3.0677980533900255
15.17,-9.35483870967742,-5.483870967741936,0.0,-0.0,71.77971790609921,-0.03787367447144818,0.03271915547822324,3.0677967693549903
15.18,-9.35483870967742,-5.483870967741936,0.0,-0.0,71.78402091338444,-0.03787388174179063,0.03271871548291927,3.0677955618286763
15.19,-9.35483870967742,-5.483870967741936,0.0,-0.0,71.78832392428863,-0.03787407303845125,0.032718304877204174,3.0677944262082404
15.2,-9.35483870967742,-5.483870967741936,0.0,-0.0,71.79262693860316,-0.037874249596981935,0.03271792165179832,3.0677933581711088
15.21,-9.35483870967742,-5.483870967741936,0.0,-0.0,71.79692995613146,-0.03787441255713486,0.03271756393794156,3.0677923536575755
15.22,-9.35483870967742,-5.483870967741936,0.0,-0.0,71.80123297668827,-0.03787456297029357,0.0327172299973596,3.0677914088547076
15.23,-9.35483870967742,-5.483870967741936,0.0,-0.0,71.805536000099,-0.03787470180633978,0.03271691821294931,3.0677905201810294
15.24,-9.35483870967742,-5.483870967741936,0.0,-0.0,71.80983902619916,-0.03787482995997837,0.03271662708014944,3.067789684272293
15.25,-9.35483870967742,-5.483870967741936,0.0,-0.0,71.81414205483371,-0.03787494825657112,0.03271635519894012,3.0677888979681986
15.26,-9.35483870967742,-5.483870967741936,0.0,-0.0,2.70340670688113,-0.037875057457525396,0.032716101266414,3.067788158299748
15.27,-9.35483870967742,-5.483870967741936,0.0,-0.0,71.82274811913008,-0.03787515826525201,0.03271586406989668,3.0677874624776313
15.28,-9.35483870967742,-5.483870967741936,0.0,-0.0,71.8270511545245,-0.03787525132775216,0.03271564248055314,3.0677868078810753
15.29,-9.35483870967742,-5.483870967741936,0.0,-0.0,71.83135419191755,-0.03787533724283465,0.03271543544746813,3.067786192047661
15.3,-9.35483870967742,-5.483870967741936,0.0,-0.0,71.83565723119405,-0.037875416562015096,0.032715241992143373,3.0677856126635237
15.31,-9.35483870967742,-5.483870967741936,0.0,-0.0,71.8399602722454,-0.0378754897941076,0.03271506120339707,3.0677850675543397
15.32,-9.35483870967742,-5.483870967741936,0.0,-0.0,71.84426331496931,-0.03787555740853821,0.032714892232628245,3.0677845546767877
15.33,-9.35483870967742,-5.483870967741936,0.0,-0.0,71.84856635926934,-0.03787561983840182,0.0327147342894214,3.0677840721105527
15.34,-9.35483870967742,-5.483870967741936,0.0,-0.0,71.85286940505463,-0.03787567748328069,0.032714586637465626,3.067783618050836
15.35,-9.35483870967742,-5.483870967741936,0.0,-0.0,71.85717245223957,-0.037875730711844136,0.03271444859076833,3.067783190801316
15.36,-9.35483870967742,-5.483870967741936,0.0,-0.0,71.86147550074345,-0.037875779864246506,0.03271431951013681,3.0677827887675657
15.37,-9.35483870967742,-5.483870967741936,0.0,-0.0,71.86577855049025,-0.03787582525433819,0.032714198799913,3.067782410450853
15.38,-9.35483870967742,-5.483870967741936,0.0,-0.0,71.87008160140829,-0.037875867171706434,0.03271408590493963,3.067782054442333
15.39,-9.35483870967742,-5.483870967741936,0.0,-0.0,71.87438465343004,-0.03787590588355538,0.03271398030774342,3.0677817194175825
15.4,-9.35483870967742,-5.483870967741936,0.0,-0.0,71.87868770649187,-0.03787594163644248,0.03271388152591759,3.067781404131499
15.41,-9.35483870967742,-5.483870967741936,0.0,-0.0,71.88299076053383,-0.03787597465787884,0.03271378910969014,3.0677811074134826
15.42,-9.35483870967742,-5.483870967741936,0.0,-0.0,71.88729381549938,-0.037876005157802095,0.032713702639667885,3.0677808281629853
15.43,-9.35483870967742,-5.483870967741936,0.0,-0.0,71.89159687133527,-0.037876033329942715,0.03271362172473247,3.067780565345177
15.44,-9.35483870967742,-5.483870967741936,0.0,-0.0,71.89589992799131,-0.03787605935307625,0.032713546000092464,3.06778031798707
15.45,-9.35483870967742,-5.483870967741936,0.0,-0.0,71.90020298542022,-0.03787608339218429,0.032713475125468516,3.067780085173716
15.46,-9.35483870967742,-5.483870967741936,0.0,-0.0,71.90450604357743,-0.037876105599518706,0.03271340878341,3.067779866044787
15.47,-9.35483870967742,-5.483870967741936,0.0,-0.0,71.90880910242093,-0.03787612611559121,0.032713346677725075,3.0677796597911953
15.48,-9.35483870967742,-5.483870967741936,0.0,-0.0,71.91311216191116,-0.03787614507008008,0.032713288532025264,3.0677794656520736
15.49,-9.35483870967742,-5.483870967741936,0.0,-0.0,71.9174152220108,-0.03787616258266824,0.032713234088370235,3.0677792829118573
15.5,-9.35483870967742,-5.483870967741936,0.0,-0.0,71.92171828268472,-0.03787617876381877,0.03271318310600624,3.06777911089754
15.51,-9.35483870967742,-5.483870967741936,0.0,-0.0,71.9260213438998,-0.037876193715485784,0.032713135360196044,3.0677789489761387
15.52,-9.35483870967742,-5.483870967741936,0.0,-0.0,71.93032440562483,-0.037876207531772454,0.032713090641127485,3.067778796552313
15.53,-9.35483870967742,-5.483870967741936,0.0,-0.0,71.9346274678304,-0.03787622029954041,0.03271304875289904,3.067778653066048
15.54,-9.35483870967742,-5.483870967741936,0.0,-0.0,71.93893053048878,-0.0378762320989664,0.03271300951257616,3.067778517990608
15.55,-9.35483870967742,-5.483870967741936,0.0,-0.0,71.94323359357386,-0.037876243004062005,0.032712972749312286,3.0677783908304694
15.56,-9.35483870967742,-5.483870967741936,0.0,-0.0,71.94753665706104,-0.03787625308314635,0.032712938303532835,3.0677782711195416
15.57,-9.35483870967742,-5.483870967741936,0.0,-0.0,71.95183972092711,-0.037876262399289984,0.03271290602617183,3.067778158419301
15.58,-9.35483870967742,-5.483870967741936,0.0,-0.0,2.841104406174783,-0.037876271010716,0.03271287577796589,3.067778052317244
15.59,-9.35483870967742,-5.483870967741936,0.0,-0.0,2.845407470734348,-0.03787627897117629,0.032712847428794434,3.0677779524252857
15.6,-9.35483870967742,-5.483870967741936,0.0,-0.0,71.96474891458641,-0.03787628633029738,0.03271282085706295,3.0677778583782755
15.61,-9.35483870967742,-5.483870967741936,0.0,-0.0,71.96905197976177,-0.0378762931338974,0.032712795949134676,3.0677777698326913
15.62,-9.35483870967742,-5.483870967741936,0.0,-0.0,71.97335504521865,-0.0378762994242785,0.03271277259879635,3.0677776864653117
15.63,-9.35483870967742,-5.483870967741936,0.0,-0.0,71.97765811094081,-0.03787630524050145,0.032712750706761384,3.0677776079720114
15.64,-9.35483870967742,-5.483870967741936,0.0,-0.0,71.98196117691293,-0.037876310618632725,0.03271273018020826,3.0677775340666256
15.65,-9.35483870967742,-5.483870967741936,0.0,-0.0,71.98626424312062,-0.03787631559197613,0.03271271093234995,3.067777464479873
15.66,-9.35483870967742,-5.483870967741936,0.0,-0.0,71.99056730955026,-0.03787632019128473,0.03271269288203371,3.067777398958396
15.67,-9.35483870967742,-5.483870967741936,0.0,-0.0,71.99487037618906,-0.0378763244449587,0.03271267595336469,3.0677773372637476
15.68,-9.35483870967742,-5.483870967741936,0.0,-0.0,71.99917344302494,-0.03787632837922561,0.03271266007535889,3.0677772791715503
15.69,-9.35483870967742,-5.483870967741936,0.0,-0.0,72.00347651004655,-0.03787633201830709,0.03271264518161865,3.0677772244706496
15.7,-9.35483870967742,-5.483870967741936,0.0,-0.0,72.00777957724317,-0.03787633538457402,0.032712631210028875,3.067777172962333
15.71,-9.35483870967742,-5.483870967741936,0.0,-0.0,72.0120826446047,-0.03787633849868899,0.03271261810247361,3.0677771244595773
15.72,-9.35483870967742,-5.483870967741936,0.0,-0.0,72.01638571212162,-0.037876341379734835,0.03271260580457713,3.067777078786405
15.73,-9.35483870967742,-5.483870967741936,0.0,-0.0,72.02068877978496,-0.03787634404534124,0.03271259426545059,3.067777035777131
15.74,-9.35483870967742,-5.483870967741936,0.0,-0.0,72.02499184758629,-0.03787634651179206,0.03271258343746963,3.0677769952758527
15.75,-9.35483870967742,-5.483870967741936,0.0,-0.0,72.02929491551764,-0.03787634879412871,0.032712573276059365,3.067776957135846
15.76,-9.35483870967742,-5.483870967741936,0.0,-0.0,72.0335979835715,-0.03787635090624797,0.032712563739492384,3.0677769212189827
15.77,-9.35483870967742,-5.483870967741936,0.0,-0.0,72.0379010517408,-0.03787635286098856,0.03271255478870405,3.067776887395252
15.78,-9.35483870967742,-5.483870967741936,0.0,-0.0,72.0422041200189,-0.03787635467021144,0.03271254638712051,3.0677768555422933
15.79,-9.35483870967742,-5.483870967741936,0.0,-0.0,72.04650718839949,-0.03787635634487563,0.03271253850049427,3.0677768255449234
15.8,-9.35483870967742,-5.483870967741936,0.0,-0.0,72.05081025687667,-0.03787635789510779,0.03271253109675376,3.0677767972947088
15.81,-9.35483870967742,-5.483870967741936,0.0,-0.0,72.05511332544488,-0.037876359330264786,0.032712524145862454,3.0677767706895858
15.82,-9.35483870967742,-5.483870967741936,0.0,-0.0,72.05941639409886,-0.03787636065899325,0.032712517619687076,3.0677767456334704
15.83,-9.35483870967742,-5.483870967741936,0.0,-0.0,72.06371946283366,-0.037876361889282895,0.03271251149187504,3.067776722035936
15.84,-9.35483870967742,-5.483870967741936,0.0,-0.0,72.0680225316446,-0.03787636302851827,0.03271250573773765,3.0677766998118403
15.85,-9.35483870967742,-5.483870967741936,0.0,-0.0,72.07232560052731,-0.037876364083525904,0.03271250033414297,3.0677766788809975
15.86,-9.35483870967742,-5.483870967741936,0.0,-0.0,72.07662866947763,-0.03787636506061254,0.03271249525941855,3.0677766591679734
15.87,-9.35483870967742,-5.483870967741936,0.0,-0.0,72.08093173849167,-0.03787636596560995,0.0327124904932542,3.0677766406017097
15.88,-9.35483870967742,-5.483870967741936,0.0,-0.0,72.08523480756575,-0.03787636680390738,0.03271248601661625,3.0677766231153347
15.89,-9.35483870967742,-5.483870967741936,0.0,-0.0,72.08953787669641,-0.0378763675804874,0.03271248181166575,3.067776606645879
15.9,-9.35483870967742,-5.483870967741936,0.0,-0.0,72.09384094588037,-0.03787636829995622,0.03271247786168108,3.067776591134059
15.91,-9.35483870967742,-5.483870967741936,0.0,-0.0,72.09814401511457,-0.03787636896657309,0.03271247415098655,3.0677765765240466
15.92,-9.35483870967742,-5.483870967741936,0.0,-0.0,72.1024470843961,-0.03787636958427465,0.032712470664887916,3.0677765627632954
15.93,-9.35483870967742,-5.483870967741936,0.0,-0.0,72.10675015372223,-0.03787637015670142,0.032712467389607425,3.0677765498023355
15.94,-9.35483870967742,-5.483870967741936,0.0,-0.0,72.11105322309038,-0.03787637068722072,0.03271246431222563,3.0677765375945643
15.95,-9.35483870967742,-5.483870967741936,0.0,-0.0,72.11535629249813,-0.03787637117894638,0.032712461420627226,3.067776526096108
15.96,-9.35483870967742,-5.483870967741936,0.0,-0.0,72.1196593619432,-0.037876371634756545,0.03271245870345196,3.067776515265673
15.97,-9.35483870967742,-5.483870967741936,0.0,-0.0,72.12396243142344,-0.0378763720573142,0.03271245615004437,3.067776505064371
15.98,-9.35483870967742,-5.483870967741936,0.0,-0.0,72.1282655009368,-0.03787637244908293,0.0327124537504091,3.0677764954555635
15.99,-9.35483870967742,-5.483870967741936,0.0,-0.0,72.1325685704814,-0.037876372812340464,0.03271245149517166,3.0677764864047834
16.0,-9.35483870967742,-5.483870967741936,0.0,-0.0,72.1368716400554,-0.037876373149194675,0.032712449375536634,3.0677764778795558
16.01,-9.35483870967742,-4.838709677419355,0.0,-0.0,72.14125287173646,-0.03688662079788829,0.08419138449129299,3.0672914333129384
16.02,-9.35483870967742,-4.838709677419355,0.0,-0.0,72.14570354249446,-0.036149751085114534,0.08072024614147844,3.0667237578883655
16.03,-9.35483870967742,-4.838709677419355,0.0,-0.0,72.15021595038401,-0.03562530290145127,0.07750342415336298,3.066090932401519
16.04,-9.35483870967742,-4.838709677419355,0.0,-0.0,72.15478329623681,-0.03527805275592377,0.07452143372565767,3.065407915538561
16.05,-9.35483870967742,-4.838709677419355,0.0,-0.0,72.1593995754267,-0.03507759987502923,0.0717565263790787,3.064687460692813
16.06,-9.35483870967742,-4.838709677419355,0.0,-0.0,72.16405948057258,-0.03499789021088029,0.06919250311069791,3.063940404698913
16.07,-9.35483870967742,-4.838709677419355,0.0,-0.0,72.16875831520166,-0.03501672388837296,0.06681454275093235,3.0631759254072697
16.08,-9.35483870967742,-4.838709677419355,0.0,-0.0,72.17349191786744,-0.03511527525245561,0.06460904836268189,3.0624017683168896
16.09,-9.35483870967742,-4.838709677419355,0.0,-0.0,72.17825659591034,-0.03527764347068041,0.0625635122903988,3.061624444182491
16.1,-9.35483870967742,-4.838709677419355,0.0,-0.0,72.18304906789862,-0.03549044353656727,0.0606663991351819,3.0608494002964783
16.11,-9.35483870967742,-4.838709677419355,0.0,-0.0,72.18786641374332,-0.03574244179757369,0.05890704517489975,3.060081168409521
16.12,-9.35483870967742,-4.838709677419355,0.0,-0.0,72.19270603150768,-0.0360242362696811,0.05727557237171432,3.0593234922226555
16.13,-9.35483870967742,-4.838709677419355,0.0,-0.0,72.19756559999959,-0.036327979564322654,0.055762814987241005,3.0585794371953647
16.14,-9.35483870967742,-4.838709677419355,0.0,-0.0,72.20244304632665,-0.036647140872435036,0.05436025686949347,3.0578514851472898
16.15,-9.35483870967742,-4.838709677419355,0.0,-0.0,72.20733651769176,-0.03697630281455477,0.05305997762141701,3.057141615839027
16.16,-9.35483870967742,-4.838709677419355,0.0,-0.0,72.21224435680519,-0.037310988826699254,0.05185460606108172,3.0564513774260784
16.17,-9.35483870967742,-4.838709677419355,0.0,-0.0,72.21716508038004,-0.037647516919944835,0.05073727960550478,3.055781947409279
16.18,-9.35483870967742,-4.838709677419355,0.0,-0.0,72.22209736026022,-0.037982875991045884,0.04970160843130711,3.0551341854606604
16.19,-9.35483870967742,-4.838709677419355,0.0,-0.0,72.22704000680163,-0.03831462127918206,0.04874164347233445,3.054508679290434
16.2,-9.35483870967742,-4.838709677419355,0.0,-0.0,72.23199195418879,-0.03864078600044729,0.04785184749943283,3.0539057845376396
16.21,-9.35483870967742,-4.838709677419355,0.0,-0.0,72.23695224742083,-0.038959806611529646,0.04702706868754725,3.0533256595117786
16.22,-9.35483870967742,-4.838709677419355,0.0,-0.0,72.24192003074448,-0.03927045953816499,0.046262516209827576,3.0527682954825996
16.23,-9.35483870967742,-4.838709677419355,0.0,-0.0,72.24689453734693,-0.03957180754408096,0.04555373750891323,3.052233543107543
16.24,-9.35483870967742,-4.838709677419355,0.0,-0.0,72.25187508015166,-0.03986315421072195,0.044896596984200565,3.0517211354959746
16.25,-9.35483870967742,-4.838709677419355,0.0,-0.0,72.25686104358415,-0.04014400524904549,0.04428725590360949,3.0512307083356274
16.26,-9.35483870967742,-4.838709677419355,0.0,-0.0,72.26185187619444,-0.04041403557622936,0.043722153401866914,3.05076181744518
16.27,-9.35483870967742,-4.838709677419355,0.0,-0.0,72.26684708403977,-0.04067306126698489,0.043197988467434556,3.0503139540660453
16.28,-9.35483870967742,-4.838709677419355,0.0,-0.0,72.27184622474398,-0.04092101563623707,0.04271170284939074,3.0498865581640846
16.29,-9.35483870967742,-4.838709677419355,0.0,-0.0,72.27684890216136,-0.04115792883177316,0.04226046483611712,3.049479029976938
16.3,-9.35483870967742,-4.838709677419355,0.0,-0.0,72.28185476158171,-0.0413839104162671,0.0418416538713578,3.049090740012667
16.31,-9.35483870967742,-4.838709677419355,0.0,-0.0,72.28686348542128,-0.041599134501372204,0.04145284598186083,3.04872103768048
16.32,-9.35483870967742,-4.838709677419355,0.0,-0.0,72.29187478935033,-0.041803827065453825,0.04109179999561524,3.048369258713011
16.33,-9.35483870967742,-4.838709677419355,0.0,-0.0,72.2968884188138,-0.04199825514358502,0.04075644453179533,3.04803473152107
16.34,-9.35483870967742,-4.838709677419355,0.0,-0.0,72.30190414590606,-0.0421827176257461,0.040444865743780145,3.047716782605889
16.35,-9.35483870967742,-4.838709677419355,0.0,-0.0,72.30692176656493,-0.042357537438541204,0.04015529579571342,3.047414741140383
16.36,-9.35483870967742,-4.838709677419355,0.0,-0.0,72.31194109805323,-0.04252305491863251,0.03988610205146775,3.0471279428182725
16.37,-9.35483870967742,-4.838709677419355,0.0,-0.0,72.3169619767,-0.04267962221363375,0.039635776953018564,3.0468557330595196
16.38,-9.35483870967742,-4.838709677419355,0.0,-0.0,72.32198425587539,-0.0428275985693467,0.03940292856336991,3.0465974696510063
16.39,-9.35483870967742,-4.838709677419355,0.0,-0.0,72.32700780417625,-0.04296734638182942,0.039186271747425394,3.04635252489267
16.4,-9.35483870967742,-4.838709677419355,0.0,-0.0,72.33203250380149,-0.043099227909350835,0.038984619962787403,3.046120287311865
16.41,-9.35483870967742,-4.838709677419355,0.0,-0.0,72.33705824909812,-0.043223602553421836,0.03879687763137074,3.045900163002082
16.42,-9.35483870967742,-4.838709677419355,0.0,-0.0,72.34208494526098,-0.043340824630214825,0.03862203306195605,3.0456915766354324
16.43,-9.35483870967742,-4.838709677419355,0.0,-0.0,72.34711250717028,-0.0434512415639966,0.03845915189350391,3.0454939721937393
16.44,-9.35483870967742,-4.838709677419355,0.0,-0.0,72.35214085835327,-0.04355519244321315,0.03830737102895698,3.045306813457028
16.45,-9.35483870967742,-4.838709677419355,0.0,-0.0,72.35716993005697,-0.0436530068875296,0.03816589302960183,3.045129584284736
16.46,-9.35483870967742,-4.838709677419355,0.0,-0.0,72.36219966042066,-0.04374500418086347,0.03803398094058463,3.044961788720293
16.47,-9.35483870967742,-4.838709677419355,0.0,-0.0,72.36722999373767,-0.04383149263127162,0.037910953518959345,3.0448029509462735
16.48,-9.35483870967742,-4.838709677419355,0.0,-0.0,72.3722608797971,-0.04391276912359798,0.0377961808366315,3.0446526151143694
16.49,-9.35483870967742,-4.838709677419355,0.0,-0.0,72.377292273297,-0.04398911883525125,0.03768908023164408,3.044510345071061
16.5,-9.35483870967742,-4.838709677419355,0.0,-0.0,72.38232413332157,-0.04406081508933568,0.03758911258247444,3.044375723997447
16.51,-9.35483870967742,-4.838709677419355,0.0,-0.0,72.38735642287533,-0.044128119322734416,0.037495778881316943,3.0442483539796448
16.52,-9.35483870967742,-4.838709677419355,0.0,-0.0,72.3923891084682,-0.04419128114973081,0.03740861708362442,3.0441278555236115
16.53,-9.35483870967742,-4.838709677419355,0.0,-0.0,72.39742215974616,-0.0442505385043539,0.03732719921254146,3.0440138670265426
16.54,-9.35483870967742,-4.838709677419355,0.0,-0.0,3.2874171701868176,-0.04430611784688121,0.037251128698226166,3.0439060442157304
16.55,-9.35483870967742,-4.838709677419355,0.0,-0.0,72.40748925168381,-0.04435823442197673,0.037180037933340127,3.043804059563601
16.56,-9.35483870967742,-4.838709677419355,0.0,-0.0,72.41252324453161,-0.044407092557653516,0.03711358602730985,3.043707601686933
16.57,-9.35483870967742,-4.838709677419355,0.0,-0.0,72.41755750694782,-0.044452885995792,0.03705145674320409,3.043616374737029
16.58,-9.35483870967742,-4.838709677419355,0.0,-0.0,72.42259201998928,-0.04449579824631644,0.03699335660222752,3.0435300977860273
16.59,-9.35483870967742,-4.838709677419355,0.0,-0.0,72.42762676634342,-0.04453600295824445,0.03693901314203285,3.0434485042147426
16.6,-9.35483870967742,-4.838709677419355,0.0,-0.0,3.3176233511888182,-0.04457366430191867,0.036888173316051265,3.0433713411053827
16.61,-9.35483870967742,-4.838709677419355,0.0,-0.0,72.43769689692634,-0.044608937357565326,0.036840602022114366,3.043298368642883
16.62,-9.35483870967742,-4.838709677419355,0.0,-0.0,72.44273225329442,-0.04464196850613911,0.03679608074954516,3.043229359527278
16.63,-9.35483870967742,-4.838709677419355,0.0,-0.0,72.44776778700742,-0.0446728958190703,0.036754406334803535,3.0431640983994566
16.64,-9.35483870967742,-4.838709677419355,0.0,-0.0,72.45280348677476,-0.04470184944413125,0.036715389816575905,3.0431023812818707
16.65,-9.35483870967742,-4.838709677419355,0.0,-0.0,72.4578393421839,-0.04472895198513627,0.0366788553819718,3.0430440150356146
16.66,-9.35483870967742,-4.838709677419355,0.0,-0.0,72.46287534361775,-0.04475431887362635,0.036644639396194556,3.0429888168349626
16.67,-9.35483870967742,-4.838709677419355,0.0,-0.0,72.46791148218081,-0.04477805873109153,0.03661258950868418,3.0429366136598244
16.68,-9.35483870967742,-4.838709677419355,0.0,-0.0,72.47294774963314,-0.044800273720570716,0.03658256382935704,3.042887241806871
16.69,-9.35483870967742,-4.838709677419355,0.0,-0.0,72.47798413833125,-0.04482105988678031,0.0365544301690906,3.042840546419391
16.7,-9.35483870967742,-4.838709677419355,0.0,-0.0,3.3679822621996647,-0.04484050748413615,0.03652806533912256,3.0427963810361334
16.71,-9.35483870967742,-4.838709677419355,0.0,-0.0,72.48805725156068,-0.04485870129225977,0.036503354504474894,3.042754607158808
16.72,-9.35483870967742,-4.838709677419355,0.0,-0.0,72.49309396333717,-0.044875720918693074,0.036480190586966166,3.042715093838439
16.73,-9.35483870967742,-4.838709677419355,0.0,-0.0,72.49813077076884,-0.04489164108872812,0.03645847371372524,3.042677717279933
16.74,-9.35483870967742,-4.838709677419355,0.0,-0.0,72.50316766850038,-0.04490653192234628,0.03643811070750158,3.0426423604647446
16.75,-9.35483870967742,-4.838709677419355,0.0,-0.0,72.50820465152592,-0.04492045919837839,0.03641901461536862,3.0426089127910765
16.76,-9.35483870967742,-4.838709677419355,0.0,-0.0,72.51324171516094,-0.04493348460606961,0.036401104272719476,3.0425772697311633
16.77,-9.35483870967742,-4.838709677419355,0.0,-0.0,72.518278855017,-0.04494566598429384,0.0363843038997233,3.042547332505224
16.78,-9.35483870967742,-4.838709677419355,0.0,-0.0,72.5233160669788,-0.04495705754873669,0.036368542727635955,3.0425190077712805
16.79,-9.35483870967742,-4.838709677419355,0.0,-0.0,72.52835334718344,-0.044967710107366554,0.03635375465261259,3.0424922073306053
16.8,-9.35483870967742,-4.838709677419355,0.0,-0.0,72.53339069200162,-0.044977671264585295,0.036339877914840724,3.0424668478480066
16.81,-9.35483870967742,-4.838709677419355,0.0,-0.0,72.53842809802053,-0.04498698561445724,0.03632685480100062,3.0424428505862715
16.82,-9.35483870967742,-4.838709677419355,0.0,-0.0,72.54346556202829,-0.044995694923406604,0.03631463136826152,3.0424201411545844
16.83,-9.35483870967742,-4.838709677419355,0.0,-0.0,72.54850308099975,-0.04500383830283616,0.03630315718811428,3.042398649269798
16.84,-9.35483870967742,-4.838709677419355,0.0,-0.0,72.5535406520836,-0.045011452372069494,0.03629238510853838,3.0423783085304126
16.85,-9.35483870967742,-4.838709677419355,0.0,-0.0,72.55857827259047,-0.04501857141205523,0.03628227103309278,3.0423590562025056
16.86,-9.35483870967742,-4.838709677419355,0.0,-0.0,72.56361593998214,-0.045025227510257504,0.03627277371564419,3.042340833017024
16.87,-9.35483870967742,-4.838709677419355,0.0,-0.0,72.5686536518616,-0.045031450697146314,0.03626385456955994,3.0423235829780473
16.88,-9.35483870967742,-4.838709677419355,0.0,-0.0,72.57369140596384,-0.045037269074706066,0.03625547749027236,3.04230725318134
16.89,-9.35483870967742,-4.838709677419355,0.0,-0.0,72.57872920014756,-0.04504270893735729,0.036247608690224364,3.042291793642749
16.9,-9.35483870967742,-4.838709677419355,0.0,-0.0,72.58376703238734,-0.04504779488568511,0.03624021654527865,3.0422771571360068
16.91,-9.35483870967742,-4.838709677419355,0.0,-0.0,72.58880490076649,-0.04505254993334651,0.03623327145174815,3.042263299039403
16.92,-9.35483870967742,-4.838709677419355,0.0,-0.0,72.59384280347047,-0.04505699560753518,0.03622674569326201,3.042250177190807
16.93,-9.35483870967742,-4.838709677419355,0.0,-0.0,72.59888073878072,-0.04506115204333294,0.03622061331676746,3.042237751750803
16.94,-9.35483870967742,-4.838709677419355,0.0,-0.0,72.60391870506903,-0.04506503807230633,0.03621485001699276,3.042225985073298
16.95,-9.35483870967742,-4.838709677419355,0.0,-0.0,3.4939183218167966,-0.04506867130565895,0.036209433028767224,3.0422148415833274
16.96,-9.35483870967742,-4.838709677419355,0.0,-0.0,72.61399472448734,-0.045072068212247296,0.036204341026644216,3.0422042876617112
16.97,-9.35483870967742,-4.838709677419355,0.0,-0.0,72.61903277476685,-0.04507524419176279,0.036199554031294046,3.0421942915360614
16.98,-9.35483870967742,-4.838709677419355,0.0,-0.0,3.5090324713391863,-0.04507821364335696,0.0361950533221953,3.0421848231778665
16.99,-9.35483870967742,-4.838709677419355,0.0,-0.0,72.62910894988188,-0.045080990029969015,0.036190821356184455,3.042175854205408
17.0,-9.35483870967742,-4.838709677419355,0.0,-0.0,72.63414707228338,-0.04508358593862338,0.03618684169144282,3.042167357792003
17.01,-9.35483870967742,-4.838709677419355,0.0,-0.0,72.63918521639407,-0.04508601313692384,0.03618309891655341,3.0421593085794796
17.02,-9.35483870967742,-4.838709677419355,0.0,-0.0,72.64422338114574,-0.045088282625982745,0.03617957858426435,3.0421516825964385
17.03,-9.35483870967742,-4.838709677419355,0.0,-0.0,72.64926156552399,-0.04509040468999237,0.03617626714964334,3.042144457181149
17.04,-9.35483870967742,-4.838709677419355,0.0,-0.0,72.65429976856534,-0.04509238894264789,0.03617315191231424,3.0421376109087492
17.05,-9.35483870967742,-4.838709677419355,0.0,-0.0,3.5442996103791313,-0.045094244370618264,0.03617022096249378,3.042131123522476
17.06,-9.35483870967742,-4.838709677419355,0.0,-0.0,3.549337848046737,-0.04509597937422738,0.03616746313058372,3.042124975868933
17.07,-9.35483870967742,-4.838709677419355,0.0,-0.0,3.554376101766469,-0.04509760180554678,0.03616486794005447,3.04211914983681
17.08,-9.35483870967742,-4.838709677419355,0.0,-0.0,72.67445274972862,-0.04509911900403696,0.03616242556341309,3.042113628299121
17.09,-9.35483870967742,-4.838709677419355,0.0,-0.0,72.67949103323605,-0.04510053782989931,0.0361601267810438,3.0421083950587153
17.1,-9.35483870967742,-4.838709677419355,0.0,-0.0,72.68452933055491,-0.045101864695282434,0.03615796294272394,3.0421034347968363
17.11,-9.35483870967742,-4.838709677419355,0.0,-0.0,72.68956764101095,-0.04510310559347763,0.0361559259316373,3.0420987330245133
17.12,-9.35483870967742,-4.838709677419355,0.0,-0.0,3.579567584987718,-0.04510426612622487,0.036154008130722115,3.0420942760367944
17.13,-9.35483870967742,-4.838709677419355,0.0,-0.0,72.69964429880213,-0.045105351529257987,0.0361522023911896,3.042090050869427
17.14,-9.35483870967742,-4.838709677419355,0.0,-0.0,72.70468264494836,-0.04510636669619206,0.03615050200307707,3.042086045258063
17.15,-9.35483870967742,-4.838709677419355,0.0,-0.0,72.70972100185088,-0.04510731620086428,0.03614890066769444,3.0420822475997027
17.16,-9.35483870967742,-4.838709677419355,0.0,-0.0,72.71475936898572,-0.045108204318224154,0.036147392471842454,3.0420786469163117
17.17,-9.35483870967742,-4.838709677419355,0.0,-0.0,72.71979774585459,-0.04510903504386243,0.036145971863687565,3.042075232820525
17.18,-9.35483870967742,-4.838709677419355,0.0,-0.0,72.72483613198362,-0.04510981211228149,0.03614463363017095,3.0420719954831132
17.19,-9.35483870967742,-4.838709677419355,0.0,-0.0,72.72987452692209,-0.045110539013957895,0.036143372875878876,3.0420689256025435
17.2,-9.35483870967742,-4.838709677419355,0.0,-0.0,72.73491293024134,-0.045111219011315096,0.03614218500324118,3.042066014375905
17.21,-9.35483870967742,-4.838709677419355,0.0,-0.0,72.73995134153364,-0.045111855153635916,0.03614106569400716,3.042063253471759
17.22,-9.35483870967742,-4.838709677419355,0.0,-0.0,72.74498976041117,-0.04511245029101152,0.03614001089189228,3.042060635004332
17.23,-9.35483870967742,-4.838709677419355,0.0,-0.0,72.75002818650503,-0.04511300708738031,0.03613901678632553,3.0420581515091776
17.24,-9.35483870967742,-4.838709677419355,0.0,-0.0,72.7550666194643,-0.04511352803270907,0.03613807979723194,3.0420557959202394
17.25,-9.35483870967742,-4.838709677419355,0.0,-0.0,72.76010505895516,-0.045114015454385425,0.03613719656077219,3.042053561548125
17.26,-9.35483870967742,-4.838709677419355,0.0,-0.0,72.76514350466007,-0.045114471527859856,0.036136363915987624,3.042051442059631
17.27,-9.35483870967742,-4.838709677419355,0.0,-0.0,3.6551435773014913,-0.0451148982865911,0.03613557889228952,3.0420494314584268
17.28,-9.35483870967742,-4.838709677419355,0.0,-0.0,72.7752204135184,-0.04511529763134681,0.03613483869772949,3.042047524066714
17.29,-9.35483870967742,-4.838709677419355,0.0,-0.0,72.78025887611105,-0.04511567133888861,0.03613414070801518,3.042045714508022
17.3,-9.35483870967742,-4.838709677419355,0.0,-0.0,72.7852973437948,-0.04511602107009005,0.03613348245621384,3.042043997690885
17.31,-9.35483870967742,-4.838709677419355,0.0,-0.0,3.6752974373467464,-0.045116348377527205,0.03613286162309781,3.042042368793401
17.32,-9.35483870967742,-4.838709677419355,0.0,-0.0,72.79537429345785,-0.045116654712565984,0.036132276028100985,3.042040823248708
17.33,-9.35483870967742,-4.838709677419355,0.0,-0.0,3.685374396002349,-0.0451169414319873,0.036131723620837275,3.042039356731231
17.34,-9.35483870967742,-4.838709677419355,0.0,-0.0,72.80545126066896,-0.04511720980417844,0.03613120247315027,3.04203796514367
17.35,-9.35483870967742,-4.838709677419355,0.0,-0.0,3.6954513713531627,-0.04511746101491865,0.03613071077165764,3.0420366446047216
17.36,-9.35483870967742,-4.838709677419355,0.0,-0.0,72.8155282437639,-0.04511769617278438,0.036130246810760935,3.0420353914374774
17.37,-9.35483870967742,-4.838709677419355,0.0,-0.0,72.8205667407913,-0.04511791631420026,0.03612980898609092,3.042034202158442
17.38,-9.35483870967742,-4.838709677419355,0.0,-0.0,72.82560524123627,-0.045118122408158934,0.03612939578835905,3.0420330734671834
17.39,-9.35483870967742,-4.838709677419355,0.0,-0.0,72.8306437449327,-0.04511831536063249,0.036129005797590485,3.042032002236513
17.4,-9.35483870967742,-4.838709677419355,0.0,-0.0,72.83568225172255,-0.04511849601869167,0.03612863767771568,3.0420309855032404
17.41,-9.35483870967742,-4.838709677419355,0.0,-0.0,3.7256823824800205,-0.04511866517436025,0.036128290171492994,3.042030020459363
17.42,-9.35483870967742,-4.838709677419355,0.0,-0.0,72.84575927398843,-0.045118823568208066,0.03612796209575242,3.042029104443859
17.43,-9.35483870967742,-4.838709677419355,0.0,-0.0,72.85079778918532,-0.04511897189271652,0.03612765233692583,3.04202823493482
17.44,-9.35483870967742,-4.838709677419355,0.0,-0.0,72.85583630691666,-0.04511911079542252,0.036127359846852114,3.0420274095420043
17.45,-9.35483870967742,-4.838709677419355,0.0,-0.0,72.86087482705925,-0.04511924088184882,0.036127083638849866,3.0420266259999065
17.46,-9.35483870967742,-4.838709677419355,0.0,-0.0,3.750874970520418,-0.04511936271825001,0.03612682278402124,3.042025882161111
17.47,-9.35483870967742,-4.838709677419355,0.0,-0.0,72.870951874115,-0.04511947683417705,0.036126576407786826,3.042025175989997
17.48,-9.35483870967742,-4.838709677419355,0.0,-0.0,72.87599040081054,-0.04511958372487268,0.036126343686631535,3.042024505556816
17.49,-9.35483870967742,-4.838709677419355,0.0,-0.0,72.88102892948154,-0.045119683853504955,0.0361261238450562,3.042023869032155
17.5,-9.35483870967742,-4.838709677419355,0.0,-0.0,72.88606746003197,-0.045119777653264026,0.036125916152705606,3.0420232646815646
17.51,-9.35483870967742,-4.838709677419355,0.0,-0.0,72.89110599237043,-0.045119865529315906,0.03612571992167668,3.042022690860553
17.52,-9.35483870967742,-4.838709677419355,0.0,-0.0,72.89614452640997,-0.04511994786062545,0.03612553450399436,3.0420221460098804
17.53,-9.35483870967742,-4.838709677419355,0.0,-0.0,72.9011830620679,-0.04512002500166967,0.036125359289231884,3.04202162865098
17.54,-9.35483870967742,-4.838709677419355,0.0,-0.0,72.9062215992655,-0.04512009728402411,0.03612519370228895,3.0420211373818473
17.55,-9.35483870967742,-4.838709677419355,0.0,-0.0,3.796221758952474,-0.04512016501786176,0.03612503720129012,3.042020670872872
17.56,-9.35483870967742,-4.838709677419355,0.0,-0.0,72.9162986779839,-0.04512022849333963,0.03612488927562407,3.0420202278631523
17.57,-9.35483870967742,-4.838709677419355,0.0,-0.0,72.92133721936567,-0.04512028798190604,0.036124749444090054,3.042019807156795
17.58,-9.35483870967742,-4.838709677419355,0.0,-0.0,72.92637576200875,-0.045120343737513724,0.036124617253165014,3.042019407619564
17.59,-9.35483870967742,-4.838709677419355,0.0,-0.0,72.93141430585179,-0.0451203959977573,0.036124492275372955,3.0420190281756505
17.6,-9.35483870967742,-4.838709677419355,0.0,-0.0,72.93645285083642,-0.04512044498493606,0.0361243741077506,3.042018667804609
17.61,-9.35483870967742,-4.838709677419355,0.0,-0.0,72.94149139690711,-0.045120490907049504,0.03612426237040567,3.0420183255384314
17.62,-9.35483870967742,-4.838709677419355,0.0,-0.0,3.831491565035581,-0.04512053395872262,0.03612415670516578,3.042018000458872
17.63,-9.35483870967742,-4.838709677419355,0.0,-0.0,72.9515684920979,-0.04512057432207395,0.03612405677430486,3.0420176916948143
17.64,-9.35483870967742,-4.838709677419355,0.0,-0.0,72.95660704111992,-0.045120612167530494,0.03612396225934411,3.0420173984197865
17.65,-9.35483870967742,-4.838709677419355,0.0,-0.0,72.96164559103158,-0.04512064765457913,0.03612387285993268,3.04201711984972
17.66,-9.35483870967742,-4.838709677419355,0.0,-0.0,3.851645762814148,-0.04512068093248045,0.03612378829278673,3.042016855240673
17.67,-9.35483870967742,-4.838709677419355,0.0,-0.0,72.97172269335279,-0.045120712140929164,0.036123708290695555,3.0420166038867733
17.68,-9.35483870967742,-4.838709677419355,0.0,-0.0,72.97676124568198,-0.045120741410674015,0.03612363260158746,3.0420163651182284
17.69,-9.35483870967742,-4.838709677419355,0.0,-0.0,72.9817997987399,-0.04512076886409344,0.03612356098765235,3.0420161382995055
17.7,-9.35483870967742,-4.838709677419355,0.0,-0.0,72.98683835249108,-0.04512079461574203,0.03612349322451053,3.042015922827472
17.71,-9.35483870967742,-4.838709677419355,0.0,-0.0,72.99187690690177,-0.04512081877285057,0.03612342910043986,3.042015718129803
17.72,-9.35483870967742,-4.838709677419355,0.0,-0.0,72.99691546193988,-0.04512084143580464,0.036123368415639234,3.0420155236633084
17.73,-9.35483870967742,-4.838709677419355,0.0,-0.0,73.00195401757487,-0.04512086269858073,0.03612331098154503,3.042015338912504
17.74,-9.35483870967742,-4.838709677419355,0.0,-0.0,73.00699257377771,-0.045120882649164584,0.036123256620179955,3.042015163388127
17.75,-9.35483870967742,-4.838709677419355,0.0,-0.0,73.01203113052074,-0.04512090136993352,0.03612320516354617,3.0420149966258183
17.76,-9.35483870967742,-4.838709677419355,0.0,-0.0,73.01706968777768,-0.04512091893802095,0.03612315645305014,3.042014838184811
17.77,-9.35483870967742,-4.838709677419355,0.0,-0.0,3.907069866548046,-0.04512093542565143,0.03612311033896476,3.042014687646751
17.78,-9.35483870967742,-4.838709677419355,0.0,-0.0,73.02714680373441,-0.045120950900459866,0.036123066679918214,3.0420145446144886
17.79,-9.35483870967742,-4.838709677419355,0.0,-0.0,73.03218536238776,-0.04512096542578237,0.03612302534242062,3.042014408711064
17.8,-9.35483870967742,-4.838709677419355,0.0,-0.0,73.03722392146202,-0.045120979060936706,0.03612298620040966,3.042014279578601
17.81,-9.35483870967742,-4.838709677419355,0.0,-0.0,73.04226248093669,-0.045120991861479,0.0361229491348285,3.0420141568773467
17.82,-9.35483870967742,-4.838709677419355,0.0,-0.0,73.04730104079228,-0.0451210038794434,0.03612291403322776,3.042014040284785
17.83,-9.35483870967742,-4.838709677419355,0.0,-0.0,73.05233960101023,-0.0451210151635697,0.036122880789389855,3.042013929494714
17.84,-9.35483870967742,-4.838709677419355,0.0,-0.0,73.05737816157291,-0.04512102575951582,0.03612284930297194,3.0420138242163888
17.85,-9.35483870967742,-4.838709677419355,0.0,-0.0,73.06241672246354,-0.04512103571005288,0.03612281947917673,3.042013724173784
17.86,-9.35483870967742,-4.838709677419355,0.0,-0.0,73.06745528366613,-0.045121045055250275,0.036122791228437756,3.042013629104819
17.87,-9.35483870967742,-4.838709677419355,0.0,-0.0,73.07249384516551,-0.045121053832650526,0.036122764466121726,3.0420135387606333
17.88,-9.35483870967742,-4.838709677419355,0.0,-0.0,73.07753240694721,-0.04512106207742861,0.03612273911225217,3.042013452904926
17.89,-9.35483870967742,-4.838709677419355,0.0,-0.0,73.0825709689975,-0.045121069822545046,0.03612271509124576,3.0420133713133057
17.9,-9.35483870967742,-4.838709677419355,0.0,-0.0,73.08760953130329,-0.04512107709888491,0.03612269233166682,3.0420132937727105
17.91,-9.35483870967742,-4.838709677419355,0.0,-0.0,73.09264809385213,-0.04512108393539338,0.036122670765991516,3.0420132200807797
17.92,-9.35483870967742,-4.838709677419355,0.0,-0.0,73.09768665663219,-0.045121090359195204,0.036122650330392414,3.042013150045378
17.93,-9.35483870967742,-4.838709677419355,0.0,-0.0,73.1027252196322,-0.045121096395716265,0.03612263096452595,3.0420130834839965
17.94,-9.35483870967742,-4.838709677419355,0.0,-0.0,3.992725403866008,-0.04512110206878661,0.036122612611342864,3.042013020223331
17.95,-9.35483870967742,-4.838709677419355,0.0,-0.0,73.11280234624977,-0.045121107400744376,0.03612259521690103,3.0420129600987744
17.96,-9.35483870967742,-4.838709677419355,0.0,-0.0,73.11784090984743,-0.04512111241253047,0.036122578730193367,3.0420129029539953
17.97,-9.35483870967742,-4.838709677419355,0.0,-0.0,73.12287947362523,-0.04512111712377609,0.03612256310298417,3.042012848640513
17.98,-9.35483870967742,-4.838709677419355,0.0,-0.0,73.12791803757439,-0.045121121552887056,0.036122548289655665,3.042012797017306
17.99,-9.35483870967742,-4.838709677419355,0.0,-0.0,73.13295660168656,-0.04512112571712201,0.036122534247060134,3.0420127479504044
18.0,-9.35483870967742,-4.838709677419355,0.0,-0.0,73.1379951659538,-0.045121129632663015,0.036122520934386504,3.042012701312576
18.01,-9.35483870967742,-4.193548387096774,0.0,-0.0,73.14310509431758,-0.04425422486309771,0.08789056790500993,3.041494149043162
18.02,-9.35483870967742,-4.193548387096774,0.0,-0.0,73.14827927575939,-0.043585257063080474,0.08466579917606165,3.040900253195607
18.03,-9.35483870967742,-4.193548387096774,0.0,-0.0,73.15351132475624,-0.04308651817235032,0.081657764231998,3.040245312120415
18.04,-9.35483870967742,-4.193548387096774,0.0,-0.0,73.15879550949776,-0.04273343216554404,0.07885142411106949,3.039541827562685
18.05,-9.35483870967742,-4.193548387096774,0.0,-0.0,73.16412668524573,-0.042504333802611094,0.0762328674836828,3.038800694179138
18.06,-9.35483870967742,-4.193548387096774,0.0,-0.0,73.16950023326145,-0.04238022163770594,0.07378922022346429,3.038031376492205
18.07,-9.35483870967742,-4.193548387096774,0.0,-0.0,73.17491200538008,-0.0423445027044963,0.071508558518946,3.037242071119562
18.08,-9.35483870967742,-4.193548387096774,0.0,-0.0,73.18035827408036,-0.04238274081822724,0.06937982755764788,3.036439853671456
18.09,-9.35483870967742,-4.193548387096774,0.0,-0.0,73.18583568775193,-0.04248241633473537,0.06739276678076112,3.0356308106260035
18.1,-9.35483870967742,-4.193548387096774,0.0,-0.0,73.19134123077879,-0.04263270215696602,0.06553784202857826,3.0348201570085616
18.11,-9.35483870967742,-4.193548387096774,0.0,-0.0,73.19687218801651,-0.04282425854501892,0.06380618446153741,3.034012340966222
18.12,-9.35483870967742,-4.193548387096774,0.0,-0.0,73.20242611323185,-0.04304904768887863,0.062189535874646595,3.033211136434403
18.13,-9.35483870967742,-4.193548387096774,0.0,-0.0,73.20800080108394,-0.043300167902601494,0.0606801998734241,3.0324197251031215
18.14,-9.35483870967742,-4.193548387096774,0.0,-0.0,73.21359426225098,-0.043571706579561886,0.05927099831109428,3.0316407688419975
18.15,-9.35483870967742,-4.193548387096774,0.0,-0.0,73.21920470133719,-0.04385861061481944,0.057955232373617105,3.0308764736640943
18.16,-9.35483870967742,-4.193548387096774,0.0,-0.0,73.2248304972302,-0.044156572775119085,0.05672664772173258,3.030128646212661
18.17,-9.35483870967742,-4.193548387096774,0.0,-0.0,73.2304701856139,-0.04446193241712004,0.055579403143678485,3.0293987436556917
18.18,-9.35483870967742,-4.193548387096774,0.0,-0.0,73.23612244337647,-0.044771588972205456,0.0545080422281789,3.0286879177741985
18.19,-9.35483870967742,-4.193548387096774,0.0,-0.0,73.24178607468488,-0.04508292669523206,0.05350746762781655,3.027997053938422
18.2,-9.35483870967742,-4.193548387096774,0.0,-0.0,73.24745999852615,-0.04539374928876139,0.05257291754296178,3.027326805580864
18.21,-9.35483870967742,-4.193548387096774,0.0,-0.0,73.2531432375419,-0.04570222314507366,0.05169994411317558,3.0266776246993548
18.22,-9.35483870967742,-4.193548387096774,0.0,-0.0,73.25883490800518,-0.04600682808334866,0.05088439345452517,3.026049788855852
18.23,-9.35483870967742,-4.193548387096774,0.0,-0.0,73.26453421080873,-0.04630631459084611,0.05012238712678163,3.025443425077664
18.24,-9.35483870967742,-4.193548387096774,0.0,-0.0,73.27024042335097,-0.04659966670006355,0.04941030485373077,3.0248585310164553
18.25,-9.35483870967742,-4.193548387096774,0.0,-0.0,73.27595289222083,-0.04688606974625187,0.04874476835302022,3.0242949936757975
18.26,-9.35483870967742,-4.193548387096774,0.0,-0.0,73.28167102659546,-0.047164882350351545,0.04812262615951618,3.023752605979574
18.27,-9.35483870967742,-4.193548387096774,0.0,-0.0,73.28739429227538,-0.04743561206134006,0.047540939348656,3.023231081420754
18.28,-9.35483870967742,-4.193548387096774,0.0,-0.0,73.2931222062912,-0.047697894169827726,0.04699696808430043,3.0227300670010004
18.29,-9.35483870967742,-4.193548387096774,0.0,-0.0,73.29885433202405,-0.04795147327226601,0.04648815892985503,3.0222491546471555
18.3,-9.35483870967742,-4.193548387096774,0.0,-0.0,73.30459027478835,-0.04819618722343888,0.046012132872503386,3.021787891269463
18.31,-9.35483870967742,-4.193548387096774,0.0,0.0,73.31032967783173,-0.0484319531650802,0.04556667401879888,3.021345787607586
18.32,-9.35483870967742,-4.193548387096774,0.0,0.0,73.31607221871168,-0.048658755361467354,0.0451497189261757,3.0209223259945213
18.33,-9.35483870967742,-4.193548387096774,0.0,0.0,73.32181760601306,-0.04887663460967251,0.04475934653954705,3.020516967154496
18.34,-9.35483870967742,-4.193548387096774,0.0,0.0,73.32756557637417,-0.049085679023679774,0.044393768705444314,3.020129156138429
18.35,-9.35483870967742,-4.193548387096774,0.0,0.0,73.33331589179258,-0.04928601601853877,0.044051321238453345,3.019758327489864
18.36,-9.35483870967742,-4.193548387096774,0.0,0.0,73.33906833718454,-0.04947780534381774,0.04373045551624222,3.019403909724466
18.37,-9.35483870967742,-4.193548387096774,0.0,0.0,73.3448227181746,-0.04966123303539882,0.043429730580511916,3.0190653291978484
18.38,-9.35483870967742,-4.193548387096774,0.0,0.0,73.35057885909406,-0.049836506171639816,0.04314780572185206,3.0187420134287204
18.39,-9.35483870967742,-4.193548387096774,0.0,0.0,73.35633660116916,-0.050003848334526646,0.042883433526917036,3.018433393937624
18.4,-9.35483870967742,-4.193548387096774,0.0,0.0,73.36209580088132,-0.050163495688995474,0.042635453366655196,3.018138908655606
18.41,-9.35483870967742,-4.193548387096774,0.0,0.0,73.3678563284837,-0.0503156936044904,0.04240278530453456,3.017858003951282
18.42,-9.35483870967742,-4.193548387096774,0.0,0.0,73.37361806665955,-0.05046069375217355,0.04218442440398984,3.0175901363204085
18.43,-9.35483870967742,-4.193548387096774,0.0,0.0,73.37938090930936,-0.050598751619392535,0.04197943541454058,3.0173347737769722
18.44,-9.35483870967742,-4.193548387096774,0.0,0.0,73.38514476045468,-0.05073012439004454,0.04178694781640646,3.017091396981544
18.45,-9.35483870967742,-4.193548387096774,0.0,0.0,73.39090953324781,-0.05085506914569404,0.04160615120377609,3.016859500138281
18.46,-9.35483870967742,-4.193548387096774,0.0,0.0,4.281636770102029,-0.05097384134765315,0.04143629098739349,3.0166385916892913
18.47,-9.35483870967742,-4.193548387096774,0.0,0.0,4.287403157786035,-0.051086693564975194,0.04127666439761346,3.0164281948316907
18.48,-9.35483870967742,-4.193548387096774,0.0,0.0,73.40820863181801,-0.05119387441743661,0.041126616769683655,3.016227847880278
18.49,-9.35483870967742,-4.193548387096774,0.0,0.0,73.41397637580833,-0.05129562770623097,0.040985538093637586,3.016037104496116
18.5,-9.35483870967742,-4.193548387096774,0.0,0.0,73.41974471574386,-0.05139219170827669,0.04085285981188824,3.0158555337994324
18.51,-9.35483870967742,-4.193548387096774,0.0,0.0,73.42551360355165,-0.051483798612906084,0.04072805184828787,3.0156827203827152
18.52,-9.35483870967742,-4.193548387096774,0.0,0.0,73.43128299559254,-0.05157067408214311,0.0406106198532199,3.0155182642387817
18.53,-9.35483870967742,-4.193548387096774,0.0,0.0,73.43705285222694,-0.051653036918021145,0.04050010265000237,3.0153617806164363
18.54,-9.35483870967742,-4.193548387096774,0.0,0.0,73.44282313742367,-0.051731098822326294,0.04039606986866784,3.015212899815105
18.55,-9.35483870967742,-4.193548387096774,0.0,0.0,73.44859381840755,-0.051805064235868614,0.04029811975396058,3.0150712669286395
18.56,-9.35483870967742,-4.193548387096774,0.0,0.0,73.45436486534206,-0.051875130245944256,0.040205877135112256,3.0149365415468923
18.57,-9.35483870967742,-4.193548387096774,0.0,0.0,73.46013625104362,-0.051941486551966065,0.04011899154575316,3.0148083974232085
18.58,-9.35483870967742,-4.193548387096774,0.0,0.0,73.4659079507243,-0.05200431548048701,0.04003713548298782,3.0146865221144106
18.59,-9.35483870967742,-4.193548387096774,0.0,0.0,73.4716799417602,-0.0520637920418755,0.0399600027954049,3.014570616599471
18.6,-9.35483870967742,-4.193548387096774,0.0,0.0,73.47745220348298,-0.05212008402186763,0.039887307190443755,3.0144603948820454
18.61,-9.35483870967742,-4.193548387096774,0.0,0.0,73.4832247169922,-0.05217335210205376,0.03981878085219659,3.0143555835814526
18.62,-9.35483870967742,-4.193548387096774,0.0,0.0,73.48899746498638,-0.05222375000410995,0.039754173161338335,3.014255921516033
18.63,-9.35483870967742,-4.193548387096774,0.0,0.0,73.49477043161097,-0.052271424653226206,0.03969324950947273,3.0141611592824313
18.64,-9.35483870967742,-4.193548387096774,0.0,0.0,73.50054360232146,-0.052316516356806786,0.03963579020070862,3.014071058833485
18.65,-9.35483870967742,-4.193548387096774,0.0,0.0,73.50631696376014,-0.05235915899498711,0.03958158943384926,3.0139853930575224
18.66,-9.35483870967742,-4.193548387096774,0.0,0.0,73.51209050364518,-0.05239948022001484,0.03953045435902147,3.0139039453610246
18.67,-9.35483870967742,-4.193548387096774,0.0,0.0,73.51786421067072,-0.05243760166192801,0.03948220420305859,3.013826509256394
18.68,-9.35483870967742,-4.193548387096774,0.0,0.0,73.52363807441687,-0.05247363913831116,0.039436669458388085,3.013752887956582
18.69,-9.35483870967742,-4.193548387096774,0.0,0.0,73.52941208526862,-0.05250770286625939,0.03939369113054447,3.0136828939775127
18.7,-9.35483870967742,-4.193548387096774,0.0,0.0,73.53518623434285,-0.05253989767492662,0.039353120039836875,3.013616348749494
18.71,-9.35483870967742,-4.193548387096774,0.0,0.0,73.54096051342242,-0.0525703232172976,0.03931481617302901,3.013553082238388
18.72,-9.35483870967742,-4.193548387096774,0.0,0.0,73.54673491489687,-0.0525990741800354,0.03927864808121273,3.013492932577113
18.73,-9.35483870967742,-4.193548387096774,0.0,0.0,73.55250943170878,-0.052626240490437626,0.039244492320371416,3.0134357457081316
18.74,-9.35483870967742,-4.193548387096774,0.0,0.0,73.55828405730551,-0.0526519075197277,0.03921223293136583,3.0133813750369165
18.75,-9.35483870967742,-4.193548387096774,0.0,0.0,73.56405878559552,-0.052676156282001396,0.03918176095639547,3.01332968109711
18.76,-9.35483870967742,-4.193548387096774,0.0,0.0,73.56983361090897,-0.05269906362833909,0.03915297398914874,3.0132805312270534
18.77,-9.35483870967742,-4.193548387096774,0.0,0.0,73.57560852796213,-0.05272070243565019,0.03912577575613496,3.0132337992580203
18.78,-9.35483870967742,-4.193548387096774,0.0,0.0,73.58138353182511,-0.05274114178993761,0.03910007572685903,3.0131893652140627
18.79,-9.35483870967742,-4.193548387096774,0.0,0.0,73.58715861789274,-0.05276044716376005,0.039075788750684404,3.013147115023273
18.8,-9.35483870967742,-4.193548387096774,0.0,0.0,73.59293378185819,-0.052778680587716065,0.03905283471841564,3.0131069402404593
18.81,-9.35483870967742,-4.193548387096774,0.0,0.0,4.483670640713601,-0.052795900815852836,0.039031138246778174,3.0130687377810337
18.82,-9.35483870967742,-4.193548387096774,0.0,0.0,73.60448432760562,-0.05281216348495321,0.03901062838411318,3.0130324096658323
18.83,-9.35483870967742,-4.193548387096774,0.0,0.0,73.61025970206121,-0.052827521267698185,0.03899123833573953,3.01299786277665
18.84,-9.35483870967742,-4.193548387096774,0.0,0.0,73.61603513972435,-0.052842024019735034,0.03897290520756125,3.0129650086222037
18.85,-9.35483870967742,-4.193548387096774,0.0,0.0,73.62181063746239,-0.05285571892070873,0.03895556976661291,3.0129337631143858
18.86,-9.35483870967742,-4.193548387096774,0.0,0.0,73.62758619232685,-0.052868650609370293,0.03893917621730858,3.0129040463541714
18.87,-9.35483870967742,-4.193548387096774,0.0,0.0,73.63336180153985,-0.05288086131284664,0.0389236719923054,3.012875782427282
18.88,-9.35483870967742,-4.193548387096774,0.0,0.0,4.524099083506403,-0.05289239097022058,0.03890900755692872,3.012848899208993
18.89,-9.35483870967742,-4.193548387096774,0.0,0.0,73.64491317268048,-0.05290327735056677,0.03889513622620833,3.012823328177797
18.9,-9.35483870967742,-4.193548387096774,0.0,0.0,73.65068892980017,-0.05291355616557958,0.038882013993661424,3.012799004237836
18.91,-9.35483870967742,-4.193548387096774,0.0,0.0,73.65646473163292,-0.052923261176986425,0.038869599370980834,3.012775865549383
18.92,-9.35483870967742,-4.193548387096774,0.0,0.0,73.66224057608963,-0.05293242429888456,0.038857853237909246,3.012753853367485
18.93,-9.35483870967742,-4.193548387096774,0.0,0.0,73.66801646119221,-0.052941075695200346,0.03884673870157418,3.0127329118881123
18.94,-9.35483870967742,-4.193548387096774,0.0,0.0,73.67379238506639,-0.0529492438724356,0.03883622096465744,3.0127129881016623
18.95,-9.35483870967742,-4.193548387096774,0.0,0.0,73.6795683459351,-0.05295695576788073,0.03882626720179533,3.0126940316534836
18.96,-9.35483870967742,-4.193548387096774,0.0,0.0,73.68534434211226,-0.052964236833464295,0.038816846443667175,3.012675994711213
18.97,-9.35483870967742,-4.193548387096774,0.0,0.0,73.69112037199723,-0.05297111111543151,0.038807929468240965,3.0126588318384053
18.98,-9.35483870967742,-4.193548387096774,0.0,0.0,73.69689643406957,-0.05297760133001095,0.038799488698718854,3.01264249987439
18.99,-9.35483870967742,-4.193548387096774,0.0,0.0,73.70267252688426,-0.05298372893524017,0.038791498107736855,3.0126269578200398
19.0,-9.35483870967742,-4.193548387096774,0.0,0.0,4.593410270091742,-0.05298951419912612,0.038783933127406245,3.0126121667291237
19.01,-9.35483870967742,-4.193548387096774,0.0,0.0,73.71422479931115,-0.052994976264299054,0.0387767705648151,3.0125980896049667
19.02,-9.35483870967742,-4.193548387096774,0.0,0.0,73.72000097637189,-0.05300013320931063,0.0387699885226509,3.0125846913023766
19.03,-9.35483870967742,-4.193548387096774,0.0,0.0,73.72577717906466,-0.05300500210675263,0.038763566324588106,3.0125719384342267
19.04,-9.35483870967742,-4.193548387096774,0.0,0.0,73.73155340626086,-0.05300959907831182,0.038757484445172075,3.012559799282939
19.05,-9.35483870967742,-4.193548387096774,0.0,0.0,73.73732965688498,-0.05301393934694609,0.03875172444387476,3.0125482437161435
19.06,-9.35483870967742,-4.193548387096774,0.0,0.0,73.74310592991178,-0.05301803728628263,0.038746268903091796,3.0125372431067543
19.07,-9.35483870967742,-4.193548387096774,0.0,0.0,73.74888222436353,-0.053021906467395796,0.03874110136981468,3.0125267702569896
19.08,-9.35483870967742,-4.193548387096774,0.0,0.0,73.75465853930757,-0.05302555970309253,0.03873620630074803,3.0125167993261557
19.09,-9.35483870967742,-4.193548387096774,0.0,0.0,73.76043487385398,-0.053029009089819334,0.03873156901066577,3.0125073057621354
19.1,-9.35483870967742,-4.193548387096774,0.0,0.0,73.76621122715335,-0.053032266047311816,0.0387271756238049,3.0124982662363493
19.11,-9.35483870967742,-4.193548387096774,0.0,0.0,73.77198759839474,-0.05303534135611354,0.038723013028096887,3.0124896585819245
19.12,-9.35483870967742,-4.193548387096774,0.0,0.0,73.77776398680378,-0.053038245193052225,0.03871906883208287,3.012481461735078
19.13,-9.35483870967742,-4.193548387096774,0.0,0.0,73.7835403916408,-0.053040987164799436,0.038715331324327584,3.0124736556793863
19.14,-9.35483870967742,-4.193548387096774,0.0,0.0,73.78931681219919,-0.053043576339594334,0.03871178943519754,3.0124662213929625
19.15,-9.35483870967742,-4.193548387096774,0.0,0.0,73.79509324780372,-0.05304602127723612,0.038708432700852224,3.0124591407982875
19.16,-9.35483870967742,-4.193548387096774,0.0,0.0,73.8008696978091,-0.05304833005744458,0.03870525122930474,3.0124523967144836
19.17,-9.35483870967742,-4.193548387096774,0.0,0.0,73.80664616159851,-0.053050510306646426,0.03870223566845682,3.012445972812234
19.18,-9.35483870967742,-4.193548387096774,0.0,0.0,73.81242263858223,-0.053052569223307144,0.03869937717595223,3.0124398535707617
19.19,-9.35483870967742,-4.193548387096774,0.0,0.0,4.703160749220975,-0.05305451360185354,0.03869666739077304,3.0124340242371748
19.2,-9.35483870967742,-4.193548387096774,0.0,0.0,73.8239756299019,-0.053056349855285734,0.03869409840645022,3.0124284707877336
19.21,-9.35483870967742,-4.193548387096774,0.0,0.0,4.714713764207478,-0.05305808403652834,0.03869166274581576,3.012423179891253
19.22,-9.35483870967742,-4.193548387096774,0.0,0.0,73.83552866754624,-0.0530597218586103,0.03868935333718049,3.0124181388741986
19.23,-9.35483870967742,-4.193548387096774,0.0,0.0,73.84130520251996,-0.05306126871371941,0.03868716349187318,3.0124133356876475
19.24,-9.35483870967742,-4.193548387096774,0.0,0.0,73.84708174765261,-0.053062729691193855,0.038685086883058384,3.012408758875988
19.25,-9.35483870967742,-4.193548387096774,0.0,0.0,73.85285830251222,-0.05306410959452457,0.03868311752574205,3.012404397547055
19.26,-9.35483870967742,-4.193548387096774,0.0,0.0,73.85863486668545,-0.05306541295740119,0.038681249757918035,3.0124002413439204
19.27,-9.35483870967742,-4.193548387096774,0.0,0.0,73.86441143977673,-0.05306664405886352,0.03867947822277745,3.0123962804181015
19.28,-9.35483870967742,-4.193548387096774,0.0,0.0,73.87018802140749,-0.05306780693761459,0.03867779785191294,3.01239250540405
19.29,-9.35483870967742,-4.193548387096774,0.0,0.0,73.87596461121537,-0.05306890540552678,0.03867620384947512,3.0123889073950294
19.3,-9.35483870967742,-4.193548387096774,0.0,0.0,73.88174120885357,-0.053069943060397806,0.03867469167721338,3.0123854779201333
19.31,-9.35483870967742,-4.193548387096774,0.0,0.0,73.88751781399012,-0.053070923297985684,0.03867325704036195,3.0123822089225967
19.32,-9.35483870967742,-4.193548387096774,0.0,0.0,73.8932944263072,-0.053071849323375386,0.0386718958743103,3.0123790927390948
19.33,-9.35483870967742,-4.193548387096774,0.0,0.0,73.89907104550058,-0.053072724161710716,0.03867060433201652,3.01237612208009
19.34,-9.35483870967742,-4.193548387096774,0.0,0.0,73.904847671279,-0.053073550668313874,0.03866937877213161,3.0123732900112863
19.35,-9.35483870967742,-4.193548387096774,0.0,0.0,4.795585924388153,-0.05307433153824703,0.0386682157477784,3.012370589935912
19.36,-9.35483870967742,-4.193548387096774,0.0,0.0,73.9164009414874,-0.0530750693153319,0.03866711199595696,3.012368015577952
19.37,-9.35483870967742,-4.193548387096774,0.0,0.0,73.92217758539473,-0.05307576640066325,0.03866606442753934,3.0123655609662183
19.38,-9.35483870967742,-4.193548387096774,0.0,0.0,73.92795423484085,-0.053076425060644916,0.03866507011781867,3.0123632204192194
19.39,-9.35483870967742,-4.193548387096774,0.0,0.0,73.93373088959136,-0.053077047434569424,0.03866412629758531,3.0123609885308404
19.4,-9.35483870967742,-4.193548387096774,0.0,0.0,73.93950754942183,-0.05307763554178069,0.03866323034468888,3.012358860156632
19.41,-9.35483870967742,-4.193548387096774,0.0,0.0,4.830245835141898,-0.05307819128841851,0.03866237977607995,3.0123568304009734
19.42,-9.35483870967742,-4.193548387096774,0.0,0.0,73.95106088347211,-0.05307871647379958,0.03866157224027633,3.01235489460468
19.43,-9.35483870967742,-4.193548387096774,0.0,0.0,73.95683755728905,-0.05307921279642869,0.03866080551025436,3.0123530483333756
19.44,-9.35483870967742,-4.193548387096774,0.0,0.0,73.96261423537942,-0.05307968185966916,0.03866007747673461,3.012351287366458
19.45,-9.35483870967742,-4.193548387096774,0.0,0.0,73.96839091756249,-0.05308012517710625,0.03865938614182318,3.012349607686467
19.46,-9.35483870967742,-4.193548387096774,0.0,0.0,73.97416760366517,-0.053080544177594446,0.03865872961301753,3.012348005469172
19.47,-9.35483870967742,-4.193548387096774,0.0,0.0,73.97994429352168,-0.05308094021002707,0.038658106097533396,3.0123464770740513
19.48,-9.35483870967742,-4.193548387096774,0.0,0.0,73.9857209869733,-0.05308131454783893,0.038657513896941886,3.012345019035244
19.49,-9.35483870967742,-4.193548387096774,0.0,0.0,73.99149768386799,-0.053081668393245574,0.03865695140210823,3.0123436280530544
19.5,-9.35483870967742,-4.193548387096774,0.0,0.0,73.99727438406012,-0.05308200288125453,0.0386564170883984,3.0123423009857584
19.51,-9.35483870967742,-4.193548387096774,0.0,0.0,74.00305108741026,-0.053082319083446405,0.038655909511148945,3.012341034841854
19.52,-9.35483870967742,-4.193548387096774,0.0,0.0,4.893789414809394,-0.05308261801153635,0.03865542730139332,3.012339826772791
19.53,-9.35483870967742,-4.193548387096774,0.0,0.0,4.8995661240805255,-0.0530829006207435,0.03865496916180955,3.0123386740659415
19.54,-9.35483870967742,-4.193548387096774,0.0,0.0,74.02038121510114,-0.05308316781296585,0.0386545338628958,3.0123375741379896
19.55,-9.35483870967742,-4.193548387096774,0.0,0.0,74.02615792980302,-0.05308342043977898,0.03865412023934889,3.012336524528597
19.56,-9.35483870967742,-4.193548387096774,0.0,0.0,74.03193464704924,-0.0530836593052576,0.03865372718664928,3.0123355228944964
19.57,-9.35483870967742,-4.193548387096774,0.0,0.0,4.92267298775673,-0.05308388516865026,0.03865335365781747,3.0123345670037183
19.58,-9.35483870967742,-4.193548387096774,0.0,0.0,4.928449709773322,-0.05308409874689346,0.03865299866035876,3.0123336547302313
19.59,-9.35483870967742,-4.193548387096774,0.0,0.0,74.0492648130003,-0.05308430071698722,0.03865266125336686,3.012332784048796
19.6,-9.35483870967742,-4.193548387096774,0.0,0.0,74.05504153939222,-0.05308449171823504,0.03865234054478883,3.0123319530301087
19.61,-9.35483870967742,-4.193548387096774,0.0,0.0,74.06081826783397,-0.05308467235436365,0.038652035688830466,3.0123311598361036
19.62,-9.35483870967742,-4.193548387096774,0.0,0.0,74.06659499823881,-0.0530848431955141,0.03865174588351128,3.01233040271559
19.63,-9.35483870967742,-4.193548387096774,0.0,0.0,74.0723717305237,-0.05308500478012712,0.03865147036834421,3.0123296800000396
19.64,-9.35483870967742,-4.193548387096774,0.0,0.0,74.07814846460909,-0.053085157616720946,0.038651208422143646,3.012328990099591
19.65,-9.35483870967742,-4.193548387096774,0.0,0.0,74.08392520041876,-0.053085302185562955,0.03865095936095464,3.0123283314993254
19.66,-9.35483870967742,-4.193548387096774,0.0,0.0,74.08970193787977,-0.0530854389402613,0.03865072253608237,3.0123277027555413
19.67,-9.35483870967742,-4.193548387096774,0.0,0.0,74.0954786769222,-0.053085568309248266,0.03865049733224318,3.0123271024924616
19.68,-9.35483870967742,-4.193548387096774,0.0,0.0,74.10125541747912,-0.05308569069719715,0.038650283165800714,3.0123265293988695
19.69,-9.35483870967742,-4.193548387096774,0.0,0.0,74.10703215948644,-0.05308580648634742,0.03865007948310578,3.012325982225073
19.7,-9.35483870967742,-4.193548387096774,0.0,0.0,74.11280890288275,-0.05308591603776103,0.0386498857589217,3.0123254597799347
19.71,-9.35483870967742,-4.193548387096774,0.0,0.0,74.11858564760924,-0.05308601969250437,0.03864970149493624,3.012324960928105
19.72,-9.35483870967742,-4.193548387096774,0.0,0.0,74.1243623936096,-0.05308611777277206,0.03864952621834539,3.012324484587277
19.73,-9.35483870967742,-4.193548387096774,0.0,0.0,74.13013914082988,-0.05308621058293206,0.038649359480527834,3.012324029725769
19.74,-9.35483870967742,-4.193548387096774,0.0,0.0,5.020877510242986,-0.05308629841053103,0.03864920085577117,3.0123235953599785
19.75,-9.35483870967742,-4.193548387096774,0.0,0.0,74.14169263872579,-0.053086381527225224,0.03864904994008456,3.012323180552216
19.76,-9.35483870967742,-4.193548387096774,0.0,0.0,5.032431010329096,-0.053086460189672224,0.03864890635006052,3.012322784408436
19.77,-9.35483870967742,-4.193548387096774,0.0,0.0,74.15324614090935,-0.0530865346403655,0.0386487697218052,3.0123224060762017
19.78,-9.35483870967742,-4.193548387096774,0.0,0.0,74.15902289349671,-0.053086605108423335,0.038648639709923494,3.0123220447427137
19.79,-9.35483870967742,-4.193548387096774,0.0,0.0,74.16479964702503,-0.053086671810338104,0.038648515986554,3.0123216996328814
19.8,-9.35483870967742,-4.193548387096774,0.0,0.0,74.17057640145444,-0.053086734950672176,0.03864839824046562,3.0123213700076223
19.81,-9.35483870967742,-4.193548387096774,0.0,0.0,74.17635315674676,-0.05308679472273092,0.03864828617618721,3.0123210551620634
19.82,-9.35483870967742,-4.193548387096774,0.0,0.0,74.1821299128654,-0.053086851309181005,0.0386481795131991,3.0123207544240107
19.83,-9.35483870967742,-4.193548387096774,0.0,0.0,74.18790666977539,-0.05308690488264978,0.03864807798515135,3.012320467152313
19.84,-9.35483870967742,-4.193548387096774,0.0,0.0,74.19368342744316,-0.05308695560627619,0.03864798133913977,3.0123201927354972
19.85,-9.35483870967742,-4.193548387096774,0.0,0.0,74.19946018583663,-0.05308700363424379,0.03864788933500546,3.012319930590289
19.86,-9.35483870967742,-4.193548387096774,0.0,0.0,74.205236944925,-0.053087049112271356,0.03864780174468441,3.012319680160372
19.87,-9.35483870967742,-4.193548387096774,0.0,0.0,74.21101370467885,-0.053087092178092044,0.038647718351575544,3.012319440914999
19.88,-9.35483870967742,-4.193548387096774,0.0,0.0,74.21679046506995,-0.05308713296188816,0.03864763894995954,3.0123192123479017
19.89,-9.35483870967742,-4.193548387096774,0.0,0.0,74.22256722607129,-0.0530871715867135,0.038647563344435365,3.0123189939760917
19.9,-9.35483870967742,-4.193548387096774,0.0,0.0,74.22834398765701,-0.05308720816888879,0.03864749134939166,3.012318785338771
19.91,-9.35483870967742,-4.193548387096774,0.0,0.0,74.23412074980233,-0.05308724281837185,0.038647422788506414,3.012318585996321
19.92,-9.35483870967742,-4.193548387096774,0.0,0.0,74.23989751248351,-0.05308727563911242,0.03864735749426951,3.0123183955292756
19.93,-9.35483870967742,-4.193548387096774,0.0,0.0,74.24567427567783,-0.05308730672938433,0.038647295307532026,3.0123182135373927
19.94,-9.35483870967742,-4.193548387096774,0.0,0.0,74.25145103936353,-0.05308733618209871,0.03864723607708043,3.0123180396387594
19.95,-9.35483870967742,-4.193548387096774,0.0,0.0,5.1421894245443305,-0.053087364085100064,0.03864717965923081,3.0123178734689406
19.96,-9.35483870967742,-4.193548387096774,0.0,0.0,74.26300456812662,-0.0530873905214454,0.03864712591744751,3.0123177146801754
19.97,-9.35483870967742,-4.193548387096774,0.0,0.0,74.26878133316492,-0.05308741556967067,0.03864707472197543,3.01231756294057
19.98,-9.35483870967742,-4.193548387096774,0.0,0.0,74.2745580986164,-0.05308743930403881,0.03864702594949798,3.0123174179333816
19.99,-9.35483870967742,-4.193548387096774,0.0,0.0,74.28033486446351,-0.05308746179477597,0.03864697948280915,3.0123172793563047
20.0,-9.35483870967742,-4.193548387096774,0.0,0.0,74.28611163068949,-0.053087483108292255,0.038646935210504885,3.012317146920817
20.01,-9.35483870967742,-3.548387096774194,0.0,0.0,74.29195462436718,-0.05231475049115364,0.09063209070563683,3.0117541223891346
20.02,-9.35483870967742,-3.548387096774194,0.0,0.0,74.29785785839417,-0.05170274761491045,0.0875935284140979,3.0111224966121783
20.03,-9.35483870967742,-3.548387096774194,0.0,0.0,74.30381588703278,-0.051231485245728625,0.08474423731864855,3.0104342484527993
20.04,-9.35483870967742,-3.548387096774194,0.0,0.0,74.30982375941598,-0.0508829744876278,0.08207221715564361,3.0097000194589087
20.05,-9.35483870967742,-3.548387096774194,0.0,0.0,74.31587697586495,-0.050641100487174406,0.07956624076939145,3.008929234413505
20.06,-9.35483870967742,-3.548387096774194,0.0,0.0,74.32197144726209,-0.05049148364734557,0.07721580775052872,3.008130216084545
20.07,-9.35483870967742,-3.548387096774194,0.0,0.0,74.32810345755955,-0.05042133612335087,0.07501109791480898,3.007310292674638
20.08,-9.35483870967742,-3.548387096774194,0.0,0.0,74.3342696293903,-0.0504193191315111,0.07294292598904578,3.0064758972767827
20.09,-9.35483870967742,-3.548387096774194,0.0,0.0,74.34046689267137,-0.050475404883546626,0.07100269834830958,3.0056326591650757
20.1,-9.35483870967742,-3.548387096774194,0.0,0.0,74.34669245603993,-0.0505807456491244,0.06918237228067375,3.0047854870800115
20.11,-9.35483870967742,-3.548387096774194,0.0,0.0,74.35294378093435,-0.050727551462339204,0.06747441799998094,3.0039386448683083
20.12,-9.35483870967742,-3.548387096774194,0.0,0.0,74.35921855811846,-0.050908977255264665,0.06587178345280909,3.0030958199506506
20.13,-9.35483870967742,-3.548387096774194,0.0,0.0,74.36551468644426,-0.0511190196699961,0.0643678618509021,3.002260185145787
20.14,-9.35483870967742,-3.548387096774194,0.0,0.0,74.371830253653,-0.05135242342623336,0.06295646178849734,3.00143445439582
20.15,-9.35483870967742,-3.548387096774194,0.0,0.0,74.37816351902318,-0.05160459686870189,0.06163177976324902,3.0006209329301217
20.16,-9.35483870967742,-3.548387096774194,0.0,0.0,74.38451289768663,-0.05187153615869999,0.06038837490053223,2.9998215623815017
20.17,-9.35483870967742,-3.548387096774194,0.0,0.0,74.39087694644743,-0.05214975748303541,0.05922114567722203,2.9990379613369624
20.18,-9.35483870967742,-3.548387096774194,0.0,0.0,74.39725435095245,-0.05243623661292174,0.05812530844726449,2.99827146176857
20.19,-9.35483870967742,-3.548387096774194,0.0,0.0,74.40364391407688,-0.05272835514006924,0.05709637758388886,2.9975231417525836
20.2,-9.35483870967742,-3.548387096774194,0.0,0.0,74.41004454540129,-0.053023852735907484,0.05613014706929631,2.9967938548476765
20.21,-9.35483870967742,-3.548387096774194,0.0,0.0,74.41645525166977,-0.053320784813962185,0.05522267338017023,2.9960842564671926
20.22,-9.35483870967742,-3.548387096774194,0.0,0.0,74.42287512813036,-0.05361748501843855,0.054370259535093,2.995394827547421
20.23,-9.35483870967742,-3.548387096774194,0.0,0.0,74.42930335066943,-0.05391253200955104,0.053569440186962414,2.994725895783183
20.24,-9.35483870967742,-3.548387096774194,0.0,0.0,74.43573916866184,-0.05420472006484778,0.05281696765922572,2.994077654673754
20.25,-9.35483870967742,-3.548387096774194,0.0,0.0,74.44218189846649,-0.054493033063480856,0.05210979883901323,2.9934501805977995
20.26,-9.35483870967742,-3.548387096774194,0.0,0.0,74.4486309175052,-0.054776621465877695,0.05144508285270516,2.9928434481125694
20.27,-9.35483870967742,-3.548387096774194,0.0,0.0,74.45508565886924,-0.055054781943564834,0.05082014946035335,2.992257343653176
20.28,-9.35483870967742,-3.548387096774194,0.0,0.0,74.46154560640385,-0.05532693935274735,0.050232498114572754,2.9916916777893183
20.29,-9.35483870967742,-3.548387096774194,0.0,0.0,74.4680102902264,-0.055592630780410546,0.04967978763728459,2.991146196181209
20.3,-9.35483870967742,-3.548387096774194,0.0,0.0,74.4744792826384,-0.05585149142332524,0.04915982647408934,2.9906205893620177
20.31,-9.35483870967742,-3.548387096774194,0.0,0.0,74.48095219439557,-0.056103242088519245,0.04867056349129939,2.9901145014615103
20.32,-9.35483870967742,-3.548387096774194,0.0,0.0,74.487428671304,-0.05634767812876784,0.048210079284914165,2.989627537974442
20.33,-9.35483870967742,-3.548387096774194,0.0,0.0,5.378870012137814,-0.05658465964877557,0.04777657797419921,2.989159272666979
20.34,-9.35483870967742,-3.548387096774194,0.0,0.0,74.50039106068046,-0.05681410283717814,0.04736837945523581,2.9887092537055358
20.35,-9.35483870967742,-3.548387096774194,0.0,0.0,74.50687641338138,-0.05703597229661328,0.04698391209193459,2.988277009084456
20.36,-9.35483870967742,-3.548387096774194,0.0,0.0,74.51336420674741,-0.057250274259157075,0.04662170582365194,2.9878620514215077
20.37,-9.35483870967742,-3.548387096774194,0.0,0.0,74.51985422030859,-0.05745705058760342,0.04628038566986381,2.987463882183814
20.38,-9.35483870967742,-3.548387096774194,0.0,0.0,74.52634625362504,-0.05765637347464225,0.045958665613375915,2.987081995400968
20.39,-9.35483870967742,-3.548387096774194,0.0,0.0,74.53284012449068,-0.057848340762150285,0.04565534284435985,2.986715880916699
20.4,-9.35483870967742,-3.548387096774194,0.0,0.0,74.53933566729438,-0.05803307181171291,0.04536929234818421,2.9863650272257427
20.41,-9.35483870967742,-3.548387096774194,0.0,0.0,74.54583273152505,-0.05821070386532201,0.04509946182057584,2.9860289239382927
20.42,-9.35483870967742,-3.548387096774194,0.0,0.0,74.55233118040836,-0.05838138884209865,0.044844866894120095,2.985707063910217
20.43,-9.35483870967742,-3.548387096774194,0.0,0.0,74.55883088966382,-0.058545290522924454,0.044604586660590195,2.985398945073951
20.44,-9.35483870967742,-3.548387096774194,0.0,0.0,5.450293367396459,-0.05870258208021184,0.044377759474015344,2.985104072001582
20.45,-9.35483870967742,-3.548387096774194,0.0,0.0,74.57183364794172,-0.05885344391477276,0.044163579019814936,2.984821957228581
20.46,-9.35483870967742,-3.548387096774194,0.0,0.0,5.463298122195032,-0.05899806176587674,0.04396129063578069,2.9845521223642764
20.47,-9.35483870967742,-3.548387096774194,0.0,0.0,74.58484022138714,-0.05913662506431683,0.04377018787108744,2.9842940990121876
20.48,-9.35483870967742,-3.548387096774194,0.0,0.0,74.5913447316725,-0.05926932550153052,0.04358960927000488,2.9840474295216475
20.49,-9.35483870967742,-3.548387096774194,0.0,0.0,74.59784996214951,-0.05939635579074076,0.0434189353674202,2.983811667589771
20.5,-9.35483870967742,-3.548387096774194,0.0,0.0,74.60435584933734,-0.0595179085986598,0.04325758588376577,2.9835863787309957
20.51,-9.35483870967742,-3.548387096774194,0.0,0.0,74.61086233556388,-0.05963417562857576,0.04310501710744169,2.9833711406299384
20.52,-9.35483870967742,-3.548387096774194,0.0,0.0,74.61736936843143,-0.05974534683770716,0.042960719453300156,2.9831655433914195
20.53,-9.35483870967742,-3.548387096774194,0.0,0.0,74.62387690033084,-0.0598516097735019,0.04282421518629398,2.9829691897005444
20.54,-9.35483870967742,-3.548387096774194,0.0,0.0,74.63038488799998,-0.059953149015210205,0.04269505629986309,2.9827816949040464
20.55,-9.35483870967742,-3.548387096774194,0.0,0.0,74.63689329212237,-0.060050145708496094,0.042572822539163724,2.98260268702323
20.56,-9.35483870967742,-3.548387096774194,0.0,0.0,74.64340207696267,-0.06014277718216865,0.04245711955972242,2.98243180670752
20.57,-9.35483870967742,-3.548387096774194,0.0,0.0,74.64991121003553,-0.06023121663724318,0.042347577212632936,2.982268707137151
20.58,-9.35483870967742,-3.548387096774194,0.0,0.0,74.65642066180479,-0.06031563289963249,0.04224384794784475,2.9821130538819833
20.59,-9.35483870967742,-3.548387096774194,0.0,0.0,74.66293040541053,-0.060396190228660385,0.0421456053276138,2.981964524723224
20.6,-9.35483870967742,-3.548387096774194,0.0,0.0,74.66944041642122,-0.06047304817444388,0.042052542642627366,2.9818228094438752
20.61,-9.35483870967742,-3.548387096774194,0.0,0.0,74.67595067260874,-0.06054636147793491,0.04196437162376787,2.9816876095931146
20.62,-9.35483870967742,-3.548387096774194,0.0,0.0,74.68246115374427,-0.060616280008099044,0.04188082124289727,2.981558638229158
20.63,-9.35483870967742,-3.548387096774194,0.0,0.0,74.68897184141319,-0.060682948731286546,0.04180163659648306,2.9814356196447975
20.64,-9.35483870967742,-3.548387096774194,0.0,0.0,74.69548271884702,-0.0607465077084125,0.041726577866262826,2.981318289079241
20.65,-9.35483870967742,-3.548387096774194,0.0,0.0,5.586955391795603,-0.060807092116044514,0.04165541935152384,2.981206392419371
20.66,-9.35483870967742,-3.548387096774194,0.0,0.0,74.70850498326625,-0.060864832287930715,0.04158794856793746,2.9810996858932564
20.67,-9.35483870967742,-3.548387096774194,0.0,0.0,74.71501634364385,-0.06091985377387532,0.04152396540824066,2.9809979357585283
20.68,-9.35483870967742,-3.548387096774194,0.0,0.0,74.72152784033182,-0.06097227741326228,0.041463281360337834,2.980900917987475
20.69,-9.35483870967742,-3.548387096774194,0.0,0.0,74.72803946277183,-0.061022219420786894,0.04140571877875415,2.9808084179510197
20.7,-9.35483870967742,-3.548387096774194,0.0,0.0,74.7345512013259,-0.061069791482269986,0.041351110205622765,2.9807202301031266
20.71,-9.35483870967742,-3.548387096774194,0.0,0.0,74.74106304719172,-0.0611151008586881,0.04129929773764962,2.980636157666868
20.72,-9.35483870967742,-3.548387096774194,0.0,0.0,74.74757499232591,-0.06115825049673973,0.041250132435792286,2.980556012323638
20.73,-9.35483870967742,-3.548387096774194,0.0,0.0,74.75408702937452,-0.061199339144521026,0.041203473774569566,2.980479613906243
20.74,-9.35483870967742,-3.548387096774194,0.0,0.0,74.76059915160992,-0.06123846147100942,0.041159189128196494,2.9804067900969984
20.75,-9.35483870967742,-3.548387096774194,0.0,0.0,74.76711135287371,-0.061275708188265665,0.04111715329089416,2.9803373761313496
20.76,-9.35483870967742,-3.548387096774194,0.0,0.0,74.77362362752487,-0.061311166175373466,0.041077248028948354,2.98027121450772
20.77,-9.35483870967742,-3.548387096774194,0.0,0.0,74.78013597039283,-0.06134491860327784,0.041039361662257134,2.9802081547040444
20.78,-9.35483870967742,-3.548387096774194,0.0,0.0,74.78664837673493,-0.061377045059797575,0.04100338867327291,2.9801480529013746
20.79,-9.35483870967742,-3.548387096774194,0.0,0.0,74.79316084219778,-0.06140762167418201,0.0409692293414054,2.9800907717148775
20.8,-9.35483870967742,-3.548387096774194,0.0,0.0,74.79967336278231,-0.06143672124068622,0.04093678940108175,2.980036179932398
20.81,-9.35483870967742,-3.548387096774194,0.0,0.0,74.80618593481205,-0.06146441334069663,0.04090597972181281,2.9799841522608443
20.82,-9.35483870967742,-3.548387096774194,0.0,0.0,74.81269855490434,-0.061490764463041914,0.04087671600871079,2.9799345690803265
20.83,-9.35483870967742,-3.548387096774194,0.0,0.0,5.704172840968828,-0.06151583812214467,0.04084891852205358,2.979887316206365
20.84,-9.35483870967742,-3.548387096774194,0.0,0.0,74.82572392706105,-0.06153969497377576,0.04082251181454921,2.9798422846598243
20.85,-9.35483870967742,-3.548387096774194,0.0,0.0,74.83223667360645,-0.061562392928166454,0.04079742448510848,2.9797993704449457
20.86,-9.35483870967742,-3.548387096774194,0.0,0.0,74.83874945713542,-0.06158398726033398,0.04077358894796246,2.9797584743350085
20.87,-9.35483870967742,-3.548387096774194,0.0,0.0,74.84526227538841,-0.0616045307174633,0.04075094121609868,2.9797195016658455
20.88,-9.35483870967742,-3.548387096774194,0.0,0.0,74.85177512627526,-0.06162407362325273,0.04072942069803731,2.979682362136954
20.89,-9.35483870967742,-3.548387096774194,0.0,0.0,74.85828800786071,-0.06164266397915463,0.04070897000703788,2.979646969620026
20.9,-9.35483870967742,-3.548387096774194,0.0,0.0,74.86480091835114,-0.061660347562451534,0.040689534781918946,2.9796132419749006
20.91,-9.35483870967742,-3.548387096774194,0.0,0.0,74.87131385608257,-0.0616771680211563,0.04067106351869909,2.979581100872605
20.92,-9.35483870967742,-3.548387096774194,0.0,0.0,74.87782681950974,-0.061693166965716584,0.040653507412356404,2.979550471625448
20.93,-9.35483870967742,-3.548387096774194,0.0,0.0,74.88433980719618,-0.061708384057542975,0.040636820208030056,2.9795212830238875
20.94,-9.35483870967742,-3.548387096774194,0.0,0.0,74.89085281780524,-0.061722857094381856,0.04062095806104854,2.9794934671800135
20.95,-9.35483870967742,-3.548387096774194,0.0,0.0,74.89736585009182,-0.061736622092564475,0.04060587940521565,2.979466959377478
20.96,-9.35483870967742,-3.548387096774194,0.0,0.0,74.90387890289495,-0.06174971336618085,0.04059154482881655,2.97944169792766
20.97,-9.35483870967742,-3.548387096774194,0.0,0.0,74.91039197513098,-0.06176216360323605,0.04057791695784735,2.9794176240318353
20.98,-9.35483870967742,-3.548387096774194,0.0,0.0,74.9169050657874,-0.0617740039388438,0.0405649603460117,2.97939468164918
20.99,-9.35483870967742,-3.548387096774194,0.0,0.0,74.92341817391724,-0.06178526402552853,0.04055264137105352,2.979372817370397
21.0,-9.35483870967742,-3.548387096774194,0.0,0.0,74.92993129863386,-0.06179597210069809,0.04054092813703497,2.9793519802968524
21.01,-9.35483870967742,-3.548387096774194,0.0,0.0,74.93644443910632,-0.0618061550513781,0.04052979038217436,2.9793321219248328
21.02,-9.35483870967742,-3.548387096774194,0.0,0.0,74.94295759455511,-0.0618158384762697,0.04051919939191184,2.979313196034933
21.03,-9.35483870967742,-3.548387096774194,0.0,0.0,74.94947076424822,-0.06182504674521716,0.04050912791687661,2.979295158586266
21.04,-9.35483870967742,-3.548387096774194,0.0,0.0,74.9559839474976,-0.061833803056164816,0.04049955009545586,2.9792779676153684
21.05,-9.35483870967742,-3.548387096774194,0.0,0.0,74.96249714365592,-0.06184212948968626,0.040490441380683695,2.979261583139558
21.06,-9.35483870967742,-3.548387096774194,0.0,0.0,74.96901035211356,-0.06185004706115882,0.040481778471197605,2.979245967064686
21.07,-9.35483870967742,-3.548387096774194,0.0,0.0,74.97552357229587,-0.061857575770681295,0.040473539246003054,2.9792310830969075
21.08,-9.35483870967742,-3.548387096774194,0.0,0.0,74.98203680366073,-0.06186473465079845,0.040465702702835116,2.9792168966585257
21.09,-9.35483870967742,-3.548387096774194,0.0,0.0,74.98855004569626,-0.06187154181212351,0.040458248899893634,2.9792033748075744
21.1,-9.35483870967742,-3.548387096774194,0.0,0.0,74.99506329791865,-0.061878014486924315,0.04045115890076534,2.979190486161164
21.11,-9.35483870967742,-3.548387096774194,0.0,0.0,75.00157655987032,-0.061884169070771766,0.04044441472232563,2.9791782008221683
21.12,-9.35483870967742,-3.548387096774194,0.0,0.0,5.893051452142662,-0.06189002116230635,0.040437999285467985,2.979166490309371
21.13,-9.35483870967742,-3.548387096774194,0.0,0.0,75.01460311125169,-0.0618955856012009,0.04043189636849065,2.9791553274908216
21.14,-9.35483870967742,-3.548387096774194,0.0,0.0,75.021116399882,-0.06190087650440412,0.040426090562978856,2.9791446865201903
21.15,-9.35483870967742,-3.548387096774194,0.0,0.0,75.02762969663995,-0.06190590730071732,0.04042056723205456,2.9791345427761335
21.16,-9.35483870967742,-3.548387096774194,0.0,0.0,75.0341430011751,-0.06191069076379019,0.04041531247084479,2.979124872804387
21.17,-9.35483870967742,-3.548387096774194,0.0,0.0,75.0406563131545,-0.06191523904358265,0.04041031306906073,2.979115654262661
21.18,-9.35483870967742,-3.548387096774194,0.0,0.0,75.04716963226164,-0.0619195636963793,0.040405556475545334,2.9791068658679647
21.19,-9.35483870967742,-3.548387096774194,0.0,0.0,75.05368295819541,-0.06192367571339685,0.04040103076470525,2.9790984873465027
21.2,-9.35483870967742,-3.548387096774194,0.0,0.0,75.0601962906692,-0.06192758554806499,0.040396724604697454,2.9790904993858107
21.21,-9.35483870967742,-3.548387096774194,0.0,0.0,75.06670962941004,-0.06193130314201967,0.04039262722729475,2.9790828835892165
21.22,-9.35483870967742,-3.548387096774194,0.0,0.0,75.07322297415782,-0.061934837949876864,0.04038872839932478,2.9790756224324064
21.23,-9.35483870967742,-3.548387096774194,0.0,0.0,75.07973632466451,-0.06193819896284303,0.04038501839559444,2.979068699221983
21.24,-9.35483870967742,-3.548387096774194,0.0,0.0,75.08624968069356,-0.06194139473120219,0.040381487973230046,2.979062098056034
21.25,-9.35483870967742,-3.548387096774194,0.0,0.0,75.09276304201916,-0.06194443338573552,0.04037812834734944,2.979055803786571
21.26,-9.35483870967742,-3.548387096774194,0.0,0.0,75.09927640842574,-0.061947322658131965,0.04037493116798574,2.9790498019836362
21.27,-9.35483870967742,-3.548387096774194,0.0,0.0,75.10578977970735,-0.06195006990041352,0.040371888498214326,2.97904407890124
21.28,-9.35483870967742,-3.548387096774194,0.0,0.0,75.11230315566722,-0.061952682103445844,0.040368992793395564,2.979038621444763
21.29,-9.35483870967742,-3.548387096774194,0.0,0.0,75.1188165361172,-0.06195516591454653,0.04036623688149987,2.979033417140084
21.3,-9.35483870967742,-3.548387096774194,0.0,0.0,75.12532992087736,-0.06195752765426843,0.04036361394442395,2.9790284541039416
21.31,-9.35483870967742,-3.548387096774194,0.0,0.0,75.13184330977558,-0.06195977333235503,0.04036111750028504,2.9790237210159463
21.32,-9.35483870967742,-3.548387096774194,0.0,0.0,75.13835670264712,-0.06196190866295059,0.040358741386597785,2.9790192070916732
21.33,-9.35483870967742,-3.548387096774194,0.0,0.0,6.0298317203588185,-0.06196393907905362,0.040356479744332985,2.979014902057277
21.34,-9.35483870967742,-3.548387096774194,0.0,0.0,75.151383499686,-0.061965869746290925,0.04035432700276892,2.979010796125117
21.35,-9.35483870967742,-3.548387096774194,0.0,0.0,6.0428585245822335,-0.06196770557601883,0.04035227786512041,2.9790068799705973
21.36,-9.35483870967742,-3.548387096774194,0.0,0.0,75.16441031081068,-0.06196945123778075,0.04035032729490673,2.9790031447102425
21.37,-9.35483870967742,-3.548387096774194,0.0,0.0,75.17092372131218,-0.06197111117118259,0.0403484705029879,2.97899958188054
21.38,-9.35483870967742,-3.548387096774194,0.0,0.0,75.17743713493482,-0.061972689597163066,0.04034670293528575,2.9789961834181247
21.39,-9.35483870967742,-3.548387096774194,0.0,0.0,75.18395055155652,-0.06197419052874453,0.04034502026109732,2.97899294164058
21.4,-9.35483870967742,-3.548387096774194,0.0,0.0,75.19046397106017,-0.06197561778123595,0.04034341836202249,2.978989849228438
21.41,-9.35483870967742,-3.548387096774194,0.0,0.0,75.19697739333346,-0.06197697498196042,0.04034189332142801,2.9789868992077966
21.42,-9.35483870967742,-3.548387096774194,0.0,0.0,75.20349081826862,-0.06197826557948849,0.04034044141446169,2.9789840849339737
21.43,-9.35483870967742,-3.548387096774194,0.0,0.0,75.21000424576224,-0.06197949285243354,0.040339059098556396,2.9789814000758184
21.44,-9.35483870967742,-3.548387096774194,0.0,0.0,75.21651767571508,-0.06198065991782076,0.04033774300440629,2.978978838600723
21.45,-9.35483870967742,-3.548387096774194,0.0,0.0,75.22303110803188,-0.061981769739025805,0.04033648992741801,2.9789763947605783
21.46,-9.35483870967742,-3.548387096774194,0.0,0.0,75.22954454262117,-0.061982825133354846,0.04033529681955994,2.978974063078087
21.47,-9.35483870967742,-3.548387096774194,0.0,0.0,75.23605797939516,-0.0619838287792277,0.0403341607816442,2.9789718383339987
21.48,-9.35483870967742,-3.548387096774194,0.0,0.0,6.127533039294055,-0.06198478322302303,0.04033307905598227,2.978969715554813
21.49,-9.35483870967742,-3.548387096774194,0.0,0.0,75.24908485916323,-0.06198569088558381,0.04033204901940968,2.978967690001097
21.5,-9.35483870967742,-3.548387096774194,0.0,0.0,75.25559830199853,-0.061986554068403366,0.04033106817666032,2.9789657571563897
21.51,-9.35483870967742,-3.548387096774194,0.0,0.0,75.2621117467007,-0.0619873749595129,0.04033013415406467,2.978963912716549
21.52,-9.35483870967742,-3.548387096774194,0.0,0.0,75.26862519319792,-0.061988155639065345,0.04032924469357768,2.9789621525797907
21.53,-9.35483870967742,-3.548387096774194,0.0,0.0,75.27513864142124,-0.0619888980846669,0.04032839764708063,2.978960472836954
21.54,-9.35483870967742,-3.548387096774194,0.0,0.0,75.28165209130435,-0.061989604176423296,0.0403275909709902,2.9789588697624776
21.55,-9.35483870967742,-3.548387096774194,0.0,0.0,75.28816554278359,-0.06199027570175886,0.04032682272111371,2.978957339805587
21.56,-9.35483870967742,-3.548387096774194,0.0,0.0,75.29467899579772,-0.06199091435997961,0.040326091047779955,2.97895587958211
21.57,-9.35483870967742,-3.548387096774194,0.0,0.0,75.30119245028793,-0.06199152176662748,0.04032539419119352,2.9789544858665016
21.58,-9.35483870967742,-3.548387096774194,0.0,0.0,75.30770590619767,-0.06199209945761075,0.040324730477031,2.978953155584348
21.59,-9.35483870967742,-3.548387096774194,0.0,0.0,75.31421936347257,-0.06199264889312972,0.040324098312255474,2.978951885805267
21.6,-9.35483870967742,-3.548387096774194,0.0,0.0,75.32073282206039,-0.06199317146142058,0.04032349618112652,2.978950673735999
21.61,-9.35483870967742,-3.548387096774194,0.0,0.0,75.3272462819109,-0.06199366848230203,0.04032292264142118,2.9789495167139615
21.62,-9.35483870967742,-3.548387096774194,0.0,0.0,75.3337597429758,-0.06199414121055091,0.040322376320836684,2.978948412201099
21.63,-9.35483870967742,-3.548387096774194,0.0,0.0,75.34027320520867,-0.061994590839117736,0.04032185591356496,2.978947357777916
21.64,-9.35483870967742,-3.548387096774194,0.0,0.0,75.34678666856487,-0.061995018502170485,0.040321360177050236,2.9789463511379717
21.65,-9.35483870967742,-3.548387096774194,0.0,0.0,75.35330013300147,-0.06199542527800328,0.04032088792889055,2.9789453900824623
21.66,-9.35483870967742,-3.548387096774194,0.0,0.0,75.35981359847719,-0.061995812191791844,0.04032043804390151,2.9789444725151517
21.67,-9.35483870967742,-3.548387096774194,0.0,0.0,75.36632706495236,-0.06199618021821507,0.04032000945132419,2.978943596437548
21.68,-9.35483870967742,-3.548387096774194,0.0,0.0,75.3728405323888,-0.061996530283945805,0.040319601132170035,2.9789427599443075
21.69,-9.35483870967742,-3.548387096774194,0.0,0.0,75.37935400074983,-0.06199686327002285,0.04031921211669387,2.9789419612188053
21.7,-9.35483870967742,-3.548387096774194,0.0,0.0,6.270829091024685,-0.0619971800141047,0.040318841481991385,2.9789411985289536
21.71,-9.35483870967742,-3.548387096774194,0.0,0.0,75.39238094010578,-0.06199748131260585,0.040318488349721404,2.9789404702232636
21.72,-9.35483870967742,-3.548387096774194,0.0,0.0,75.39889441103414,-0.06199776792273848,0.040318151883928954,2.9789397747269826
21.73,-9.35483870967742,-3.548387096774194,0.0,-0.0,75.40540788275379,-0.061998040564439916,0.040317831288988804,2.978939110538568
21.74,-9.35483870967742,-3.548387096774194,0.0,-0.0,75.41192135523457,-0.061998299922219946,0.040317525807635146,2.9789384762261477
21.75,-9.35483870967742,-3.548387096774194,0.0,-0.0,75.41843482844742,-0.06199854664690296,0.040317234719101036,2.9789378704243297
21.76,-9.35483870967742,-3.548387096774194,0.0,-0.0,75.42494830236441,-0.06199878135729475,0.040316957337339754,2.978937291831011
21.77,-9.35483870967742,-3.548387096774194,0.0,-0.0,75.4314617769587,-0.06199900464175945,0.0403166930093396,2.9789367392044457
21.78,-9.35483870967742,-3.548387096774194,0.0,-0.0,6.322936873228973,-0.06199921705972056,0.040316441113520174,2.9789362113604168
21.79,-9.35483870967742,-3.548387096774194,0.0,-0.0,75.44448872807675,-0.06199941914309404,0.04031620105820022,2.9789357071694793
21.8,-9.35483870967742,-3.548387096774194,0.0,-0.0,75.45100220455178,-0.06199961139764043,0.04031597228015138,2.9789352255544514
21.81,-9.35483870967742,-3.548387096774194,0.0,-0.0,75.45751568160652,-0.06199979430425295,0.04031575424321954,2.9789347654879785
21.82,-9.35483870967742,-3.548387096774194,0.0,-0.0,75.46402915921885,-0.06199996832019172,0.040315546437003746,2.9789343259901186
21.83,-9.35483870967742,-3.548387096774194,0.0,-0.0,75.47054263736752,-0.062000133880244834,0.04031534837561279,2.978933906126178
21.84,-9.35483870967742,-3.548387096774194,0.0,-0.0,75.47705611603205,-0.06200029139783336,0.04031515959647958,2.978933505004611
21.85,-9.35483870967742,-3.548387096774194,0.0,-0.0,75.48356959519276,-0.062000441266070516,0.04031497965922648,2.978933121774959
21.86,-9.35483870967742,-3.548387096774194,0.0,-0.0,75.49008307483074,-0.062000583858760616,0.04031480814459265,2.978932755625948
21.87,-9.35483870967742,-3.548387096774194,0.0,-0.0,75.49659655492776,-0.06200071953135,0.040314644653412945,2.9789324057836573
21.88,-9.35483870967742,-3.548387096774194,0.0,-0.0,75.50311003546632,-0.06200084862183264,0.0403144888056457,2.9789320715097913
21.89,-9.35483870967742,-3.548387096774194,0.0,-0.0,75.50962351642958,-0.062000971451612874,0.040314340239444024,2.978931752099964
21.9,-9.35483870967742,-3.548387096774194,0.0,-0.0,75.51613699780134,-0.06200108832631568,0.04031419861028451,2.9789314468822123
21.91,-9.35483870967742,-3.548387096774194,0.0,-0.0,75.522650479566,-0.06200119953657224,0.04031406359012213,2.978931155215395
21.92,-9.35483870967742,-3.548387096774194,0.0,-0.0,75.52916396170856,-0.062001305358754144,0.04031393486659779,2.9789308764877944
21.93,-9.35483870967742,-3.548387096774194,0.0,-0.0,75.53567744421461,-0.062001406055676944,0.040313812142281136,2.978930610115749
21.94,-9.35483870967742,-3.548387096774194,0.0,-0.0,75.54219092707028,-0.06200150187726805,0.04031369513394922,2.978930355542338
21.95,-9.35483870967742,-3.548387096774194,0.0,-0.0,75.54870441026222,-0.062001593061200455,0.040313583571902345,2.978930112236148
21.96,-9.35483870967742,-3.548387096774194,0.0,-0.0,6.440179514802144,-0.062001679833497136,0.04031347719931094,2.97892987969008
21.97,-9.35483870967742,-3.548387096774194,0.0,-0.0,75.56173137760406,-0.062001762409103156,0.04031337577159655,2.978929657420231
21.98,-9.35483870967742,-3.548387096774194,0.0,-0.0,75.56824486172974,-0.06200184099243222,0.040313279055840645,2.9789294449648085
21.99,-9.35483870967742,-3.548387096774194,0.0,-0.0,75.57475834614321,-0.06200191577788616,0.040313186830222,2.978929241883087
22.0,-9.35483870967742,-3.548387096774194,0.0,-0.0,6.466233451858035,-0.062001986950342425,0.04031309888348733,2.9789290477544923
22.01,-9.35483870967742,-2.903225806451613,0.0,-0.0,75.58784769073512,-0.061301712798693675,0.09245924167833497,2.978308945160648
22.02,-9.35483870967742,-2.903225806451613,0.0,-0.0,75.59448073976638,-0.06073615164914725,0.0895591415725473,2.9776266482563747
22.03,-9.35483870967742,-2.903225806451613,0.0,-0.0,75.60116621263492,-0.060290246193623886,0.08682816248875014,2.976892393569896
22.04,-9.35483870967742,-2.903225806451613,0.0,-0.0,75.6078997331329,-0.05995028610905928,0.0842564362296383,2.976115385841567
22.05,-9.35483870967742,-2.903225806451613,0.0,-0.0,75.61467728404251,-0.059703832087474096,0.08183464730556178,2.9753038784350845
22.06,-9.35483870967742,-2.903225806451613,0.0,-0.0,75.62149517880815,-0.05953963302994314,0.07955400868853046,2.9744652511500767
22.07,-9.35483870967742,-2.903225806451613,0.0,-0.0,75.62835003504588,-0.05944754025771659,0.07740623625172027,2.973606084371679
22.08,-9.35483870967742,-2.903225806451613,0.0,-0.0,75.63523874989941,-0.05941842157135946,0.07538352282056121,2.9727322289455884
22.09,-9.35483870967742,-2.903225806451613,0.0,-0.0,75.6421584772072,-0.059444077187554734,0.07347851247653636,2.9718488714813023
22.1,-9.35483870967742,-2.903225806451613,0.0,-0.0,75.64910660641534,-0.05951715895931253,0.07168427554322487,2.9709605950017717
22.11,-9.35483870967742,-2.903225806451613,0.0,-0.0,75.65608074315107,-0.05963109380365761,0.06999428452815531,2.970071435001042
22.12,-9.35483870967742,-2.903225806451613,0.0,-0.0,75.66307869135969,-0.059780011892967444,0.06840239118053248,2.969184931065805
22.13,-9.35483870967742,-2.903225806451613,0.0,-0.0,75.67009843690232,-0.059958679889390964,0.0669028047433966,2.968304174273897
22.14,-9.35483870967742,-2.903225806451613,0.0,-0.0,75.67713813250954,-0.06016243929732146,0.06549007142169727,2.967431850616538
22.15,-9.35483870967742,-2.903225806451613,0.0,-0.0,75.68419608398818,-0.060387149861839906,0.06415905504878305,2.9665702807054792
22.16,-9.35483870967742,-2.903225806451613,0.0,-0.0,6.576232358606281,-0.06062913783862289,0.06290491890857008,2.9657214560305927
22.17,-9.35483870967742,-2.903225806451613,0.0,-0.0,75.69836066838978,-0.060885148893144336,0.06172310865529562,2.964887072028316
22.18,-9.35483870967742,-2.903225806451613,0.0,-0.0,75.70546456975786,-0.061152305345662294,0.06060933626470766,2.964068558211965
22.19,-9.35483870967742,-2.903225806451613,0.0,-0.0,75.71258124355509,-0.06142806745693885,0.059559564947556376,2.9632671056019584
22.2,-9.35483870967742,-2.903225806451613,0.0,-0.0,75.7197095912633,-0.06171019844256065,0.0585699949567956,2.9624836916795783
22.21,-9.35483870967742,-2.903225806451613,0.0,-0.0,75.72684860580763,-0.061996732906997254,0.057637050222700825,2.9617191030724204
22.22,-9.35483870967742,-2.903225806451613,0.0,-0.0,75.73399736406445,-0.062285948398882685,0.056757365754334765,2.960973956164559
22.23,-9.35483870967742,-2.903225806451613,0.0,-0.0,75.7411550199879,-0.06257633980401789,0.05592777575071184,2.9602487158092887
22.24,-9.35483870967742,-2.903225806451613,0.0,-0.0,75.74832079830202,-0.06286659631038327,0.055145302370228966,2.9595437123080623
22.25,-9.35483870967742,-2.903225806451613,0.0,-0.0,75.7554939887097,-0.06315558069864646,0.05440714511209943,2.9588591568059273
22.26,-9.35483870967742,-2.903225806451613,0.0,-0.0,75.76267394057466,-0.06344231073133522,0.0537106707683942,2.958195155240807
22.27,-9.35483870967742,-2.903225806451613,0.0,-0.0,75.76986005803626,-0.0637259424332155,0.05305340390983426,2.957551720972721
22.28,-9.35483870967742,-2.903225806451613,0.0,-0.0,75.7770517955209,-0.06400575507410511,0.05243301787252186,2.956928786208194
22.29,-9.35483870967742,-2.903225806451613,0.0,-0.0,75.78424865361688,-0.06428113768304689,0.05184732621635868,2.9563262123251155
22.3,-9.35483870967742,-2.903225806451613,0.0,-0.0,75.79145017528269,-0.06455157693924163,0.051294274629009595,2.9557437991944604
22.31,-9.35483870967742,-2.903225806451613,0.0,-0.0,75.79865594236131,-0.06481664630036899,0.05077193325193141,2.955181293587163
22.32,-9.35483870967742,-2.903225806451613,0.0,-0.0,75.8058655723756,-0.06507599624290072,0.05027848940719842,2.954638396746596
22.33,-9.35483870967742,-2.903225806451613,0.0,-0.0,75.81307871558201,-0.06532934550170044,0.04981224070574586,2.954114771200506
22.34,-9.35483870967742,-2.903225806451613,0.0,-0.0,75.8202950522617,-0.06557647320769211,0.04937158851922685,2.9536100468801054
22.35,-9.35483870967742,-2.903225806451613,0.0,-0.0,75.82751429023008,-0.06581721183281031,0.04895503179890548,2.95312382660785
22.36,-9.35483870967742,-2.903225806451613,0.0,-0.0,75.8347361625474,-0.06605144086073877,0.04856116122610976,2.952655691010694
22.37,-9.35483870967742,-2.903225806451613,0.0,-0.0,75.84196042541417,-0.06627908111035163,0.048188653679605564,2.952205202910623
22.38,-9.35483870967742,-2.903225806451613,0.0,-0.0,75.84918685623701,-0.06650008964629395,0.0478362670059469,2.9517719112397542
22.39,-9.35483870967742,-2.903225806451613,0.0,-0.0,75.85641525185119,-0.0667144552178428,0.04750283507946962,2.9513553545236033
22.4,-9.35483870967742,-2.903225806451613,0.0,-0.0,75.86364542688756,-0.06692219417322576,0.04718726313906407,2.9509550639721747
22.41,-9.35483870967742,-2.903225806451613,0.0,-0.0,75.87087721227246,-0.06712334680194787,0.046888523389288395,2.9505705662152533
22.42,-9.35483870967742,-2.903225806451613,0.0,-0.0,75.87811045385001,-0.06731797406247797,0.04660565085376833,2.9502013857152796
22.43,-9.35483870967742,-2.903225806451613,0.0,-0.0,75.88534501111718,-0.06750615465697452,0.046337739469138106,2.949847046888108
22.44,-9.35483870967742,-2.903225806451613,0.0,-0.0,75.89258075606256,-0.06768798241852947,0.046083938408141734,2.9495070759597546
22.45,-9.35483870967742,-2.903225806451613,0.0,-0.0,6.784779193125321,-0.06786356397992299,0.04584344862075729,2.9491810025842593
22.46,-9.35483870967742,-2.903225806451613,0.0,-0.0,75.90705535309479,-0.06803301669588724,0.04561551958258464,2.948868361246274
22.47,-9.35483870967742,-2.903225806451613,0.0,-0.0,75.91429400245919,-0.0681964667937146,0.045399446239977936,2.948568692469346
22.48,-9.35483870967742,-2.903225806451613,0.0,-0.0,75.92153343233781,-0.06835404772946208,0.045194566141777526,2.9482815438495606
22.49,-9.35483870967742,-2.903225806451613,0.0,-0.0,75.92877356285001,-0.06850589872929647,0.045000256747753764,2.948006470931935
22.5,-9.35483870967742,-2.903225806451613,0.0,-0.0,75.93601432139975,-0.0686521634974554,0.04481593290427349,2.947743037946042
22.51,-9.35483870967742,-2.903225806451613,0.0,-0.0,75.94325564204273,-0.0687929890741743,0.04464104447795836,2.9474908184151625
22.52,-9.35483870967742,-2.903225806451613,0.0,-0.0,75.95049746490658,-0.06892852482846779,0.044475074138532356,2.9472493956528005
22.53,-9.35483870967742,-2.903225806451613,0.0,-0.0,75.95773973566007,-0.06905892157219984,0.04431753528231097,2.9470183631582634
22.54,-9.35483870967742,-2.903225806451613,0.0,-0.0,75.96498240502714,-0.06918433078311159,0.044167970088220376,2.946797324922767
22.55,-9.35483870967742,-2.903225806451613,0.0,-0.0,75.97222542834218,-0.06930490392573041,0.04402594769851198,2.9465858956557933
22.56,-9.35483870967742,-2.903225806451613,0.0,-0.0,75.97946876514317,-0.06942079186010597,0.04389106251674435,2.9463837009409914
22.57,-9.35483870967742,-2.903225806451613,0.0,-0.0,75.98671237879945,-0.06953214432930921,0.04376293261592107,2.9461903773298577
22.58,-9.35483870967742,-2.903225806451613,0.0,-0.0,75.99395623617154,-0.06963910951751917,0.043641198250010116,2.9460055723804586
22.59,-9.35483870967742,-2.903225806451613,0.0,-0.0,76.00120030729997,-0.06974183367126718,0.043525520462449396,2.9458289446482615
22.6,-9.35483870967742,-2.903225806451613,0.0,-0.0,76.00844456512098,-0.0698404607771741,0.04341557978552535,2.9456601636349222
22.61,-9.35483870967742,-2.903225806451613,0.0,-0.0,76.01568898520681,-0.06993513229013515,0.04331107502486131,2.9454989097005884
22.62,-9.35483870967742,-2.903225806451613,0.0,-0.0,76.02293354552836,-0.0700259869064952,0.043211722123569274,2.9453448739447254
22.63,-9.35483870967742,-2.903225806451613,0.0,-0.0,76.03017822623856,-0.0701131603772942,0.04311725310090808,2.94519775805986
22.64,-9.35483870967742,-2.903225806451613,0.0,-0.0,76.03742300947451,-0.07019678535714136,0.043027415060596375,2.945057274162253
22.65,-9.35483870967742,-2.903225806451613,0.0,-0.0,76.04466787917694,-0.07027699128471265,0.04294196926420357,2.944923144603052
22.66,-9.35483870967742,-2.903225806451613,0.0,-0.0,76.05191282092545,-0.07035390429124688,0.042860690265333234,2.944795101763258
22.67,-9.35483870967742,-2.903225806451613,0.0,-0.0,76.05915782178819,-0.07042764713380212,0.04278336510053937,2.9446728878351913
22.68,-9.35483870967742,-2.903225806451613,0.0,-0.0,76.06640287018477,-0.07049833915032333,0.04270979253320406,2.9445562545931785
22.69,-9.35483870967742,-2.903225806451613,0.0,-0.0,76.07364795576126,-0.07056609623388932,0.04263978234681659,2.944444963155672
22.7,-9.35483870967742,-2.903225806451613,0.0,-0.0,76.08089306927624,-0.07063103082377209,0.042573154684315995,2.9443387837407364
22.71,-9.35483870967742,-2.903225806451613,0.0,-0.0,76.08813820249695,-0.07069325191115094,0.04250973943041392,2.9442374954169703
22.72,-9.35483870967742,-2.903225806451613,0.0,-0.0,76.09538334810462,-0.07075286505759604,0.042449375633951514,2.944140885851092
22.73,-9.35483870967742,-2.903225806451613,0.0,-0.0,76.10262849960831,-0.07080997242458387,0.04239191096759365,2.9440487510538285
22.74,-9.35483870967742,-2.903225806451613,0.0,-0.0,76.10987365126643,-0.07086467281250597,0.0423372012223211,2.9439608951252723
22.75,-9.35483870967742,-2.903225806451613,0.0,-0.0,76.11711879801517,-0.07091706170779466,0.042285109834347356,2.9438771300007853
22.76,-9.35483870967742,-2.903225806451613,0.0,-0.0,76.12436393540357,-0.07096723133694027,0.04223550744225091,2.9437972751982957
22.77,-9.35483870967742,-2.903225806451613,0.0,-0.0,76.13160905953421,-0.07101527072628333,0.04218827147227733,2.943721157567963
22.78,-9.35483870967742,-2.903225806451613,0.0,-0.0,76.13885416700946,-0.07106126576661609,0.042143285749881576,2.943648611044748
22.79,-9.35483870967742,-2.903225806451613,0.0,-0.0,76.14609925488237,-0.07110529928170839,0.042100440135739325,2.9435794764046053
22.8,-9.35483870967742,-2.903225806451613,0.0,-0.0,76.15334432061226,-0.07114745109999199,0.04205963018455522,2.943513601024696
22.81,-9.35483870967742,-2.903225806451613,0.0,-0.0,76.16058936202418,-0.07118779812870935,0.04202075682513151,2.94345083864812
22.82,-9.35483870967742,-2.903225806451613,0.0,-0.0,76.16783437727213,-0.07122641442990907,0.04198372606026779,2.943391049153578
22.83,-9.35483870967742,-2.903225806451613,0.0,-0.0,76.17507936480568,-0.07126337129777893,0.04194844868512815,2.9433340983300154
22.84,-9.35483870967742,-2.903225806451613,0.0,-0.0,76.18232432333961,-0.07129873733679981,0.041914840022877986,2.9432798576568593
22.85,-9.35483870967742,-2.903225806451613,0.0,-0.0,76.1895692518264,-0.07133257854035391,0.041882819676385574,2.943228204089585
22.86,-9.35483870967742,-2.903225806451613,0.0,-0.0,76.19681414943122,-0.07136495836938217,0.041852311294959255,2.943179019851154
22.87,-9.35483870967742,-2.903225806451613,0.0,-0.0,76.20405901550927,-0.07139593783079301,0.04182324235510021,2.9431321922291938
22.88,-9.35483870967742,-2.903225806451613,0.0,-0.0,76.21130384958529,-0.07142557555536178,0.041795543954333936,2.943087613378918
22.89,-9.35483870967742,-2.903225806451613,0.0,-0.0,7.103510272359405,-0.0714539278748404,0.04176915061729869,2.9430451801321547
22.9,-9.35483870967742,-2.903225806451613,0.0,-0.0,76.22579342056761,-0.07148104889813345,0.041744000113232094,2.943004793811975
22.91,-9.35483870967742,-2.903225806451613,0.0,-0.0,76.23303815721194,-0.07150699058630139,0.04172003328417506,2.94296636005349
22.92,-9.35483870967742,-2.903225806451613,0.0,-0.0,76.24028286130115,-0.07153180282630645,0.041697193883141526,2.9429297886302135
22.93,-9.35483870967742,-2.903225806451613,0.0,-0.0,76.24752753296107,-0.07155553350333721,0.041675428421648564,2.9428949932862967
22.94,-9.35483870967742,-2.903225806451613,0.0,-0.0,7.139733793423223,-0.07157822857162155,0.041654686025999865,2.942861891574495
22.95,-9.35483870967742,-2.903225806451613,0.0,-0.0,76.26201677989192,-0.07159993212365356,0.04163491830175614,2.942830404699661
22.96,-9.35483870967742,-2.903225806451613,0.0,-0.0,76.26926135578057,-0.07162068645776354,0.04161607920587951,2.9428004573677677
22.97,-9.35483870967742,-2.903225806451613,0.0,-0.0,76.2765059004579,-0.07164053214398236,0.0415981249260704,2.942771977640293
22.98,-9.35483870967742,-2.903225806451613,0.0,-0.0,76.28375041436321,-0.07165950808814947,0.0415810137668573,2.94274489679402
22.99,-9.35483870967742,-2.903225806451613,0.0,-0.0,76.2909948979751,-0.07167765159427208,0.04156470604199258,2.942719149185793
23.0,-9.35483870967742,-2.903225806451613,0.0,-0.0,76.29823935180544,-0.07169499842508298,0.0415491639727974,2.9426946721224634
23.01,-9.35483870967742,-2.903225806451613,0.0,-0.0,76.30548377639394,-0.07171158286081414,0.04153435159207364,2.942671405735686
23.02,-9.35483870967742,-2.903225806451613,0.0,-0.0,76.3127281723033,-0.07172743775617896,0.04152023465324839,2.942649292861494
23.03,-9.35483870967742,-2.903225806451613,0.0,-0.0,76.31997254011478,-0.07174259459557486,0.04150678054443657,2.9426282789245066
23.04,-9.35483870967742,-2.903225806451613,0.0,-0.0,76.32721688042439,-0.07175708354652077,0.04149395820712226,2.942608311826621
23.05,-9.35483870967742,-2.903225806451613,0.0,-0.0,76.33446119383933,-0.07177093351133845,0.041481738059197304,2.942589341840152
23.06,-9.35483870967742,-2.903225806451613,0.0,-0.0,76.34170548097492,-0.07178417217712307,0.04147009192207762,2.9425713215050857
23.07,-9.35483870967742,-2.903225806451613,0.0,-0.0,76.34894974245182,-0.07179682606400706,0.04145899295167965,2.9425542055305147
23.08,-9.35483870967742,-2.903225806451613,0.0,-0.0,76.3561939788936,-0.07180892057176613,0.04144841557301604,2.9425379506999763
23.09,-9.35483870967742,-2.903225806451613,0.0,-0.0,76.36343819092451,-0.07182048002477892,0.04143833541822162,2.942522515780735
23.1,-9.35483870967742,-2.903225806451613,0.0,-0.0,76.37068237916763,-0.07183152771541002,0.0414287292677773,2.9425078614365656
23.11,-9.35483870967742,-2.903225806451613,0.0,-0.0,7.262888165267687,-0.07184208594581187,0.041419574994793595,2.9424939501443106
23.12,-9.35483870967742,-2.903225806451613,0.0,-0.0,76.38517068676683,-0.0718521760682157,0.04141085151214613,2.942480746113759
23.13,-9.35483870967742,-2.903225806451613,0.0,-0.0,76.39241480734884,-0.07186181852373619,0.04140253872231703,2.942468215210871
23.14,-9.35483870967742,-2.903225806451613,0.0,-0.0,76.39965890659252,-0.07187103287973018,0.04139461746979489,2.9424563248842555
23.15,-9.35483870967742,-2.903225806451613,0.0,-0.0,76.40690298509342,-0.07187983786575602,0.041387069495879,2.942445044094653
23.16,-9.35483870967742,-2.903225806451613,0.0,-0.0,76.4141470434385,-0.07188825140816857,0.041379877395766596,2.942434343247435
23.17,-9.35483870967742,-2.903225806451613,0.0,-0.0,76.42139108220542,-0.07189629066339687,0.041373024577788575,2.9424241941279075
23.18,-9.35483870967742,-2.903225806451613,0.0,-0.0,76.42863510196187,-0.07190397204992871,0.04136649522469538,2.942414569839485
23.19,-9.35483870967742,-2.903225806451613,0.0,-0.0,76.43587910326518,-0.07191131127907258,0.041360274256850627,2.942405444744318
23.2,-9.35483870967742,-2.903225806451613,0.0,-0.0,76.44312308666179,-0.07191832338450088,0.041354347297266836,2.9423967944066476
23.21,-9.35483870967742,-2.903225806451613,0.0,-0.0,76.45036705268699,-0.07192502275064849,0.04134870063835194,2.942388595538436
23.22,-9.35483870967742,-2.903225806451613,0.0,-0.0,76.45761100186463,-0.07193142313997614,0.04134332121030204,2.9423808259474695
23.23,-9.35483870967742,-2.903225806451613,0.0,-0.0,76.46485493470698,-0.07193753771915978,0.04133819655103421,2.9423734644876034
23.24,-9.35483870967742,-2.903225806451613,0.0,-0.0,76.47209885171448,-0.07194337908422477,0.041333314777596275,2.942366491011275
23.25,-9.35483870967742,-2.903225806451613,0.0,-0.0,76.47934275337575,-0.0719489592846797,0.041328664558956674,2.942359886323978
23.26,-9.35483870967742,-2.903225806451613,0.0,-0.0,7.371548261192037,-0.07195428984667085,0.041324235090122285,2.942353632140806
23.27,-9.35483870967742,-2.903225806451613,0.0,-0.0,76.49383051255451,-0.07195938179520212,0.04132001606750052,2.9423477110448393
23.28,-9.35483870967742,-2.903225806451613,0.0,-0.0,76.50107437098974,-0.07196424567544724,0.04131599766545491,2.942342106447424
23.29,-9.35483870967742,-2.903225806451613,0.0,-0.0,76.50831821591431,-0.07196889157319675,0.041312170513980395,2.94233680255013
23.3,-9.35483870967742,-2.903225806451613,0.0,-0.0,76.51556204775761,-0.07197332913445753,0.041308525677457464,2.942331784308494
23.31,-9.35483870967742,-2.903225806451613,0.0,-0.0,76.52280586693743,-0.07197756758426233,0.041305054634405536,2.942327037397201
23.32,-9.35483870967742,-2.903225806451613,0.0,-0.0,76.53004967386009,-0.07198161574468398,0.041301749258219944,2.942322548177001
23.33,-9.35483870967742,-2.903225806451613,0.0,-0.0,76.53729346892057,-0.0719854820521153,0.041298601798812395,2.9423183036629847
23.34,-9.35483870967742,-2.903225806451613,0.0,-0.0,76.54453725250269,-0.07198917457383325,0.04129560486512207,2.9423142914942564
23.35,-9.35483870967742,-2.903225806451613,0.0,-0.0,76.55178102497932,-0.07199270102386324,0.04129275140846178,2.942310499905059
23.36,-9.35483870967742,-2.903225806451613,0.0,-0.0,76.55902478671251,-0.07199606877819076,0.04129003470664261,2.9423069176971066
23.37,-9.35483870967742,-2.903225806451613,0.0,-0.0,76.56626853805373,-0.07199928488932905,0.04128744834885317,2.942303534213212
23.38,-9.35483870967742,-2.903225806451613,0.0,-0.0,76.57351227934407,-0.0720023561002836,0.04128498622124144,2.9423003393120415
23.39,-9.35483870967742,-2.903225806451613,0.0,-0.0,76.58075601091446,-0.07200528885792135,0.0412826424931817,2.9422973233440666
23.4,-9.35483870967742,-2.903225806451613,0.0,-0.0,76.58799973308585,-0.07200808932577918,0.04128041160418172,2.9422944771285926
23.41,-9.35483870967742,-2.903225806451613,0.0,-0.0,76.59524344616949,-0.07201076339633317,0.041278288251400674,2.942291791931789
23.42,-9.35483870967742,-2.903225806451613,0.0,-0.0,76.60248715046711,-0.07201331670274957,0.041276267377749976,2.9422892594457273
23.43,-9.35483870967742,-2.903225806451613,0.0,-0.0,76.60973084627116,-0.07201575463013077,0.041274344160553866,2.9422868717684207
23.44,-9.35483870967742,-2.903225806451613,0.0,-0.0,76.61697453386505,-0.07201808232629359,0.041272514000728955,2.9422846213846796
23.45,-9.35483870967742,-2.903225806451613,0.0,-0.0,7.5091798345478695,-0.07202030471207665,0.04127077251247968,2.942282501147959
23.46,-9.35483870967742,-2.903225806451613,0.0,-0.0,76.63146188551195,-0.07202242649122415,0.04126911551345547,2.9422805042628823
23.47,-9.35483870967742,-2.903225806451613,0.0,-0.0,76.63870555008853,-0.07202445215983255,0.041267539015380716,2.942278624268713
23.48,-9.35483870967742,-2.903225806451613,0.0,-0.0,7.530910828527031,-0.07202638601540223,0.04126603921510896,2.9422768550234903
23.49,-9.35483870967742,-2.903225806451613,0.0,-0.0,76.6531928579953,-0.07202823216549836,0.04126461248609514,2.9422751906889295
23.5,-9.35483870967742,-2.903225806451613,0.0,-0.0,76.66043650180073,-0.07202999453604397,0.041263255370258045,2.9422736257159876
23.51,-9.35483870967742,-2.903225806451613,0.0,-0.0,76.66768013914506,-0.07203167687925227,0.04126196457022424,2.942272154831121
23.52,-9.35483870967742,-2.903225806451613,0.0,-0.0,76.67492377024726,-0.07203328278122167,0.041260736941925,2.942270773023162
23.53,-9.35483870967742,-2.903225806451613,0.0,-0.0,76.6821673953192,-0.0720348156692,0.041259569487539616,2.9422694755308276
23.54,-9.35483870967742,-2.903225806451613,0.0,-0.0,76.68941101456588,-0.07203627881854424,0.04125845934875527,2.9422682578307215
23.55,-9.35483870967742,-2.903225806451613,0.0,-0.0,7.5816162492101755,-0.07203767535936956,0.041257403800346926,2.942267115626002
23.56,-9.35483870967742,-2.903225806451613,0.0,-0.0,76.70389823637026,-0.07203900828291487,0.04125640024405042,2.942266044835533
23.57,-9.35483870967742,-2.903225806451613,0.0,-0.0,76.71114183930534,-0.07204028044764166,0.04125544620270705,2.942265041583458
23.58,-9.35483870967742,-2.903225806451613,0.0,-0.0,76.7183854371703,-0.07204149458505449,0.04125453931469392,2.9422641021894034
23.59,-9.35483870967742,-2.903225806451613,0.0,-0.0,7.610590651163197,-0.07204265330527948,0.04125367732859814,2.9422632231590344
23.6,-9.35483870967742,-2.903225806451613,0.0,-0.0,76.73287261837818,-0.0720437591023999,0.041252858098137724,2.942262401175061
23.61,-9.35483870967742,-2.903225806451613,0.0,-0.0,76.74011620205111,-0.0720448143595559,0.0412520795773198,2.9422616330887195
23.62,-9.35483870967742,-2.903225806451613,0.0,-0.0,7.632321402338808,-0.07204582135382676,0.04125133981581708,2.9422609159115956
23.63,-9.35483870967742,-2.903225806451613,0.0,-0.0,76.75460335631922,-0.07204678226090155,0.04125063695455544,2.9422602468078325
23.64,-9.35483870967742,-2.903225806451613,0.0,-0.0,7.646808548237094,-0.07204769915954334,0.041249969221507365,2.942259623086742
23.65,-9.35483870967742,-2.903225806451613,0.0,-0.0,76.76909049413585,-0.07204857403585885,0.04124933492767868,2.942259042195753
23.66,-9.35483870967742,-2.903225806451613,0.0,-0.0,76.77633405722604,-0.07204940878738997,0.0412487324632711,2.942258501713631
23.67,-9.35483870967742,-2.903225806451613,0.0,-0.0,76.78357761661539,-0.07205020522701411,0.04124816029403322,2.9422579993441165
23.68,-9.35483870967742,-2.903225806451613,0.0,-0.0,76.79082117243175,-0.07205096508668618,0.041247616957767685,2.94225753290978
23.69,-9.35483870967742,-2.903225806451613,0.0,-0.0,76.79806472479865,-0.07205169002101064,0.04124710106100449,2.9422571003462084
23.7,-9.35483870967742,-2.903225806451613,0.0,-0.0,76.80530827383544,-0.07205238161065686,0.04124661127582652,2.942256699696477
23.71,-9.35483870967742,-2.903225806451613,0.0,-0.0,76.81255181965744,-0.07205304136563517,0.041246146336832434,2.942256329105793
23.72,-9.35483870967742,-2.903225806451613,0.0,-0.0,76.81979536237608,-0.07205367072841284,0.041245705038253866,2.9422559868165488
23.73,-9.35483870967742,-2.903225806451613,0.0,-0.0,76.82703890209899,-0.07205427107690887,0.04124528623118995,2.942255671163469
23.74,-9.35483870967742,-2.903225806451613,0.0,-0.0,76.83428243893015,-0.07205484372735049,0.04124488882097577,2.942255380569049
23.75,-9.35483870967742,-2.903225806451613,0.0,-0.0,76.84152597296999,-0.07205538993700555,0.0412445117646707,2.942255113539214
23.76,-9.35483870967742,-2.903225806451613,0.0,-0.0,76.84876950431554,-0.07205591090679464,0.04124415406866122,2.942254868659169
23.77,-9.35483870967742,-2.903225806451613,0.0,-0.0,76.85601303306052,-0.07205640778379152,0.04124381478637207,2.94225464458944
23.78,-9.35483870967742,-2.903225806451613,0.0,-0.0,76.86325655929545,-0.07205688166361002,0.041243493016084765,2.942254440062133
23.79,-9.35483870967742,-2.903225806451613,0.0,-0.0,76.87050008310774,-0.07205733359268562,0.04124318789885806,2.9422542538773717
23.8,-9.35483870967742,-2.903225806451613,0.0,-0.0,76.87774360458182,-0.07205776457046353,0.04124289861653502,2.942254084899843
23.81,-9.35483870967742,-2.903225806451613,0.0,-0.0,76.88498712379923,-0.07205817555148442,0.04124262438985005,2.94225393205558
23.82,-9.35483870967742,-2.903225806451613,0.0,-0.0,76.8922306408387,-0.07205856744737693,0.04124236447662255,2.9422537943288973
23.83,-9.35483870967742,-2.903225806451613,0.0,-0.0,76.89947415577629,-0.07205894112877298,0.041242118170023434,2.9422536707593814
23.84,-9.35483870967742,-2.903225806451613,0.0,-0.0,76.9067176686854,-0.07205929742712036,0.041241884796939354,2.9422535604392026
23.85,-9.35483870967742,-2.903225806451613,0.0,-0.0,76.91396117963694,-0.07205963713643626,0.04124166371639204,2.942253462510351
23.86,-9.35483870967742,-2.903225806451613,0.0,-0.0,7.806166309723925,-0.07205996101497136,0.04124145431804199,2.9422533761621437
23.87,-9.35483870967742,-2.903225806451613,0.0,-0.0,76.92844819593878,-0.07206026978679692,0.041241256020763783,2.9422533006288534
23.88,-9.35483870967742,-2.903225806451613,0.0,-0.0,76.935691701419,-0.07206056414333994,0.04124106827126994,2.942253235187314
23.89,-9.35483870967742,-2.903225806451613,0.0,-0.0,76.94293520520165,-0.07206084474482666,0.04124089054282193,2.9422531791548496
23.9,-9.35483870967742,-2.903225806451613,0.0,-0.0,76.95017870734621,-0.07206111222167955,0.041240722333981406,2.942253131887138
23.91,-9.35483870967742,-2.903225806451613,0.0,-0.0,76.95742220791011,-0.07206136717584777,0.041240563167427025,2.9422530927762507
23.92,-9.35483870967742,-2.903225806451613,0.0,-0.0,76.96466570694881,-0.07206161018207846,0.04124041258882272,2.942253061248757
23.93,-9.35483870967742,-2.903225806451613,0.0,-0.0,76.97190920451582,-0.07206184178912989,0.04124027016574239,2.942253036763964
23.94,-9.35483870967742,-2.903225806451613,0.0,-0.0,76.97915270066284,-0.07206206252093272,0.04124013548664118,2.9422530188122167
23.95,-9.35483870967742,-2.903225806451613,0.0,-0.0,7.871357816464259,-0.07206227287770073,0.04124000815987405,2.9422530069132806
23.96,-9.35483870967742,-2.903225806451613,0.0,-0.0,76.9936396888946,-0.07206247333699578,0.04123988781275567,2.9422530006147607
23.97,-9.35483870967742,-2.903225806451613,0.0,-0.0,77.00088318107399,-0.07206266435473296,0.041239774090676584,2.942252999490728
23.98,-9.35483870967742,-2.903225806451613,0.0,-0.0,77.00812667202273,-0.07206284636615701,0.041239666656244456,2.9422530031402543
23.99,-9.35483870967742,-2.903225806451613,0.0,-0.0,77.01537016178413,-0.07206301978676644,0.04123956518847405,2.9422530111861236
24.0,-9.35483870967742,-2.903225806451613,0.0,-0.0,77.02261365039999,-0.07206318501319275,0.04123946938201817,2.942253023273618
24.01,-9.35483870967742,-2.258064516129032,0.0,-0.0,77.02991665421462,-0.07141858480694374,0.09350325499462933,2.941561532010541
24.02,-9.35483870967742,-2.258064516129032,0.0,-0.0,77.0372745683463,-0.07089002682645218,0.09070424776066002,2.9408141630303146
24.03,-9.35483870967742,-2.258064516129032,0.0,-0.0,77.04468312652443,-0.07046574424987162,0.08805950112341412,2.9400198058358415
24.04,-9.35483870967742,-2.258064516129032,0.0,-0.0,77.05213837853222,-0.0701349185149519,0.08556068078078502,2.9391865293295933
24.05,-9.35483870967742,-2.258064516129032,0.0,-0.0,77.05963666860244,-0.06988763155910893,0.08319986115381842,2.9383216376098367
24.06,-9.35483870967742,-2.258064516129032,0.0,-0.0,77.0671746148739,-0.0697148139450674,0.08096951297147495,2.9374317247553705
24.07,-9.35483870967742,-2.258064516129032,0.0,-0.0,77.07474908996866,-0.06960819094949777,0.07886248927594167,2.936522727824683
24.08,-9.35483870967742,-2.258064516129032,0.0,-0.0,77.0823572027128,-0.06956022818375962,0.07687201048924677,2.935599977567073
24.09,-9.35483870967742,-2.258064516129032,0.0,-0.0,77.08999628099731,-0.06956407790966224,0.07499164901655933,2.934668246540641
24.1,-9.35483870967742,-2.258064516129032,0.0,-0.0,77.09766385575546,-0.06961352689041167,0.07321531373353998,2.9337317944758725
24.11,-9.35483870967742,-2.258064516129032,0.0,-0.0,77.10535764601946,-0.06970294636247976,0.0715372346065303,2.9327944108258577
24.12,-9.35483870967742,-2.258064516129032,0.0,-0.0,77.1130755450101,-0.06982724451516253,0.06995194761913379,2.931859454516584
24.13,-9.35483870967742,-2.258064516129032,0.0,-0.0,77.12081560720705,-0.06998182171064615,0.06845428012182617,2.930929890960611
24.14,-9.35483870967742,-2.258064516129032,0.0,-0.0,77.1285760363445,-0.07016252855982352,0.0670393366786464,2.9300083264307046
24.15,-9.35483870967742,-2.258064516129032,0.0,-0.0,77.13635517427574,-0.07036562688069659,0.06570248545364712,2.9290970399116163
24.16,-9.35483870967742,-2.258064516129032,0.0,-0.0,77.14415149065049,-0.07058775350122093,0.06443934515696817,2.928198012560092
24.17,-9.35483870967742,-2.258064516129032,0.0,-0.0,8.036925194374565,-0.07082588682182056,0.06324577255435451,2.9273129549101853
24.18,-9.35483870967742,-2.258064516129032,0.0,-0.0,77.15979011962747,-0.07107731602089229,0.062117850532750735,2.9264433319615026
24.19,-9.35483870967742,-2.258064516129032,0.0,-0.0,77.16762992790296,-0.0713396127657776,0.06105187670743181,2.9255903862876
24.2,-9.35483870967742,-2.258064516129032,0.0,-0.0,77.17548189016594,-0.07161060527968954,0.060044352551561125,2.9247551592971974
24.21,-9.35483870967742,-2.258064516129032,0.0,-0.0,77.18334498494039,-0.07188835460952547,0.0590919730266615,2.923938510776087
24.22,-9.35483870967742,-2.258064516129032,0.0,-0.0,77.19121827077105,-0.0721711329387682,0.05819161669152931,2.9231411368319105
24.23,-9.35483870967742,-2.258064516129032,0.0,-0.0,77.19910088019198,-0.07245740379256682,0.05734033626706905,2.922363586356952
24.24,-9.35483870967742,-2.258064516129032,0.0,-0.0,77.20699201414156,-0.07274580398729169,0.056535349635257026,2.921606276117972
24.25,-9.35483870967742,-2.258064516129032,0.0,-0.0,77.21489093679061,-0.07303512718381389,0.05577403125146188,2.9208695045750486
24.26,-9.35483870967742,-2.258064516129032,0.0,-0.0,8.107758591777289,-0.07332430891163555,0.055053903950688654,2.920153464525265
24.27,-9.35483870967742,-2.258064516129032,0.0,-0.0,77.23070949264876,-0.07361241293952991,0.054372631129609134,2.919458254660187
24.28,-9.35483870967742,-2.258064516129032,0.0,-0.0,77.23862792899864,-0.0738986188769376,0.053728009287682066,2.9187838901206837
24.29,-9.35483870967742,-2.258064516129032,0.0,-0.0,8.131513373441612,-0.07418221089904209,0.053117960911879536,2.9181303121262694
24.3,-9.35483870967742,-2.258064516129032,0.0,-0.0,77.25448047809,-0.07446256749676272,0.05254052769077358,2.9174973967512265
24.31,-9.35483870967742,-2.258064516129032,0.0,-0.0,77.26241366051183,-0.07473915216095584,0.051993864044737714,2.916884962914261
24.32,-9.35483870967742,-2.258064516129032,0.0,-0.0,77.2703508904638,-0.07501150491768371,0.05147623095994072,2.916292779643819
24.33,-9.35483870967742,-2.258064516129032,0.0,-0.0,77.27829179221652,-0.07527923463852282,0.05098599011455751,2.915720572676564
24.34,-9.35483870967742,-2.258064516129032,0.0,-0.0,77.28623602093971,-0.07554201205645639,0.050521598286288494,2.9151680304426333
24.35,-9.35483870967742,-2.258064516129032,0.0,-0.0,77.2941832603046,-0.0757995634240759,0.050081602030719485,2.914634809486784
24.36,-9.35483870967742,-2.258064516129032,0.0,-0.0,77.30213322026485,-0.0760516647563717,0.0496646326205302,2.9141205393714062
24.37,-9.35483870967742,-2.258064516129032,0.0,-0.0,77.3100856350029,-0.0762981366055705,0.049269401235872284,2.9136248271038987
24.38,-9.35483870967742,-2.258064516129032,0.0,-0.0,77.31804026103015,-0.07653883932022087,0.048894694396474314,2.9131472611274143
24.39,-9.35483870967742,-2.258064516129032,0.0,-0.0,77.32599687542942,-0.07677366874498937,0.048539369626304896,2.9126874149115003
24.4,-9.35483870967742,-2.258064516129032,0.0,-0.0,77.33395527422982,-0.07700255232157682,0.04820235134179646,2.912244850176176
24.41,-9.35483870967742,-2.258064516129032,0.0,-0.0,77.34191527090405,-0.07722544555472954,0.04788262695482301,2.9118191197805503
24.42,-9.35483870967742,-2.258064516129032,0.0,-0.0,77.34987669497956,-0.0774423288105619,0.04757924318180787,2.9114097703047586
24.43,-9.35483870967742,-2.258064516129032,0.0,-0.0,77.35783939075513,-0.07765320441738066,0.04729130255049532,2.9110163443516925
24.44,-9.35483870967742,-2.258064516129032,0.0,-0.0,77.36580321611535,-0.07785809404185018,0.047017960096129935,2.9106383825932056
24.45,-9.35483870967742,-2.258064516129032,0.0,-0.0,77.3737680414357,-0.07805703631581473,0.04675842023893215,2.9102754255833068
24.46,-9.35483870967742,-2.258064516129032,0.0,-0.0,77.38173374857169,-0.07825008469128403,0.0465119338349676,2.9099270153593104
24.47,-9.35483870967742,-2.258064516129032,0.0,-0.0,77.389700229926,-0.078437305503119,0.046277795392670046,2.9095926968500576
24.48,-9.35483870967742,-2.258064516129032,0.0,-0.0,77.39766738758772,-0.07861877622077051,0.04605534044748244,2.9092720191089625
24.49,-9.35483870967742,-2.258064516129032,0.0,-0.0,77.40563513253835,-0.0787945838720806,0.04584394308726286,2.9089645363881824
24.5,-9.35483870967742,-2.258064516129032,0.0,-0.0,77.41360338391992,-0.07896482362369539,0.04564301362126541,2.908669809068624
24.51,-9.35483870967742,-2.258064516129032,0.0,-0.0,77.42157206836015,-0.07912959750395043,0.04545199638574801,2.9083874044597726
24.52,-9.35483870967742,-2.258064516129032,0.0,-0.0,77.42954111935079,-0.07928901325540583,0.04527036767938075,2.908116897481541
24.53,-9.35483870967742,-2.258064516129032,0.0,-0.0,77.43751047667489,-0.07944318330526645,0.0450976338218988,2.9078578712399397
24.54,-9.35483870967742,-2.258064516129032,0.0,-0.0,77.44548008587942,-0.07959222384301257,0.04493332932957572,2.907609917506833
24.55,-9.35483870967742,-2.258064516129032,0.0,-0.0,77.45344989778984,-0.07973625399547002,0.044777015201335285,2.9073726371134496
24.56,-9.35483870967742,-2.258064516129032,0.0,-0.0,77.46141986806323,-0.0798753950903982,0.044628277309525455,2.907145640266514
24.57,-9.35483870967742,-2.258064516129032,0.0,-0.0,77.46938995677739,-0.08000977000048559,0.04448672488956018,2.9069285467947896
24.58,-9.35483870967742,-2.258064516129032,0.0,-0.0,77.47736012805271,-0.08013950256029378,0.04435198912290689,2.906720986333662
24.59,-9.35483870967742,-2.258064516129032,0.0,-0.0,77.4853303497047,-0.0802647170494194,0.044223721808036964,2.9065225984539915
24.6,-9.35483870967742,-2.258064516129032,0.0,-0.0,77.49330059292446,-0.08038553773562729,0.04410159411428485,2.906333032741845
24.61,-9.35483870967742,-2.258064516129032,0.0,-0.0,77.50127083198521,-0.08050208847237506,0.043985295413661085,2.9061519488340544
24.62,-9.35483870967742,-2.258064516129032,0.0,-0.0,77.50924104397261,-0.08061449234551132,0.043874532186018944,2.9059790164152006
24.63,-9.35483870967742,-2.258064516129032,0.0,-0.0,77.51721120853713,-0.08072287136449907,0.043769026993079524,2.9058139151801425
24.64,-9.35483870967742,-2.258064516129032,0.0,-0.0,77.52518130766678,-0.08082734619384435,0.0436685175171285,2.905656334766532
24.65,-9.35483870967742,-2.258064516129032,0.0,-0.0,77.53315132547844,-0.0809280359208312,0.0435727556603705,2.9055059746609992
24.66,-9.35483870967742,-2.258064516129032,0.0,-0.0,8.426082869051019,-0.08102505785599812,0.04348150670115217,2.905362544082431
24.67,-9.35483870967742,-2.258064516129032,0.0,-0.0,77.54909106312715,-0.08111852736310876,0.043394548503473934,2.905225761845465
24.68,-9.35483870967742,-2.258064516129032,0.0,-0.0,77.5570607601977,-0.08120855771565805,0.043311670776410904,2.905095356207008
24.69,-9.35483870967742,-2.258064516129032,0.0,-0.0,8.449991951133303,-0.08129525997722709,0.0432326743802528,2.9049710646982634
24.7,-9.35483870967742,-2.258064516129032,0.0,-0.0,77.57299976504915,-0.08137874290322455,0.04315737067637712,2.904852633944674
24.71,-9.35483870967742,-2.258064516129032,0.0,-0.0,77.58096905840209,-0.08145911286180352,0.04308558091802148,2.9047398194757017
24.72,-9.35483870967742,-2.258064516129032,0.0,-0.0,77.58893820463173,-0.08153647377190598,0.04301713567932769,2.9046323855264493
24.73,-9.35483870967742,-2.258064516129032,0.0,-0.0,77.59690719917944,-0.08161092705663553,0.04295187432013933,2.9045301048325185
24.74,-9.35483870967742,-2.258064516129032,0.0,-0.0,77.60487603836877,-0.08168257161022319,0.04288964448428234,2.904432758420055
24.75,-9.35483870967742,-2.258064516129032,0.0,-0.0,77.61284471931863,-0.08175150377714269,0.04283030162908158,2.904340135391777
24.76,-9.35483870967742,-2.258064516129032,0.0,-0.0,77.62081323986388,-0.0818178173419497,0.04277370858411847,2.9042520327105463
24.77,-9.35483870967742,-2.258064516129032,0.0,-0.0,77.62878159848272,-0.08188160352861107,0.04271973513730906,2.904168254981467
24.78,-9.35483870967742,-2.258064516129032,0.0,-0.0,77.63674979423045,-0.08194295100821913,0.04266825764649257,2.9040886142332356
24.79,-9.35483870967742,-2.258064516129032,0.0,-0.0,77.64471782667894,-0.08200194591403276,0.04261915867489935,2.9040129296999093
24.8,-9.35483870967742,-2.258064516129032,0.0,-0.0,77.65268569586138,-0.0820586718629539,0.04257232664890365,2.903941027603502
24.81,-9.35483870967742,-2.258064516129032,0.0,-0.0,77.66065340222191,-0.08211320998258531,0.04252765553662721,2.9038727409382723
24.82,-9.35483870967742,-2.258064516129032,0.0,-0.0,77.66862094656975,-0.08216563894313422,0.04248504454601465,2.903807909257073
24.83,-9.35483870967742,-2.258064516129032,0.0,-0.0,77.67658833003729,-0.08221603499346064,0.042444397841132686,2.903746378460451
24.84,-9.35483870967742,-2.258064516129032,0.0,-0.0,77.6845555540421,-0.08226447200068987,0.04240562427547892,2.9036880005886494
24.85,-9.35483870967742,-2.258064516129032,0.0,-0.0,77.69252262025223,-0.08231102149280445,0.042368637141226295,2.9036326336171587
24.86,-9.35483870967742,-2.258064516129032,0.0,-0.0,77.70048953055472,-0.08235575270375373,0.04233335393334242,2.9035801412558495
24.87,-9.35483870967742,-2.258064516129032,0.0,-0.0,77.70845628702699,-0.08239873262061392,0.04229969612764298,2.903530392752137
24.88,-9.35483870967742,-2.258064516129032,0.0,-0.0,77.71642289191088,-0.0824400260324144,0.04226758897186916,2.9034832626982725
24.89,-9.35483870967742,-2.258064516129032,0.0,-0.0,77.72438934758907,-0.0824796955802709,0.042236961288956265,2.903438630842972
24.9,-9.35483870967742,-2.258064516129032,0.0,-0.0,77.73235565656378,-0.08251780180851631,0.042207745291704374,2.9033963819074384
24.91,-9.35483870967742,-2.258064516129032,0.0,-0.0,77.74032182143743,-0.08255440321651863,0.04217987640815157,2.9033564054061323
24.92,-9.35483870967742,-2.258064516129032,0.0,-0.0,77.74828784489519,-0.08258955631098308,0.042153293116921564,2.9033185954719305
24.93,-9.35483870967742,-2.258064516129032,0.0,-0.0,77.7562537296892,-0.08262331565846759,0.04212793679196128,2.903282850686157
24.94,-9.35483870967742,-2.258064516129032,0.0,-0.0,77.76421947862441,-0.0826557339379409,0.042103751556050645,2.9032490739132633
24.95,-9.35483870967742,-2.258064516129032,0.0,-0.0,8.657146715570281,-0.08268686199321096,0.042080684142533936,2.903217172140181
24.96,-9.35483870967742,-2.258064516129032,0.0,-0.0,77.78015058032656,-0.0827167488850481,0.042058683764779475,2.9031870563205
24.97,-9.35483870967742,-2.258064516129032,0.0,-0.0,77.78811593885844,-0.08274544194289957,0.042037701992862,2.9031586412232313
24.98,-9.35483870967742,-2.258064516129032,0.0,-0.0,77.79608117304186,-0.08277298681606404,0.042017692637031256,2.9031318452861967
24.99,-9.35483870967742,-2.258064516129032,0.0,-0.0,77.80404628577793,-0.08279942752420821,0.04199861163757043,2.903106590474192
25.0,-9.35483870967742,-2.258064516129032,0.0,-0.0,77.8120112799611,-0.08282480650718416,0.04198041696060856,2.903082802141438
25.01,-9.35483870967742,-2.258064516129032,0.0,-0.0,77.81997615847256,-0.08284916467402326,0.04196306849957379,2.903060408898715
25.02,-9.35483870967742,-2.258064516129032,0.0,-0.0,77.82794092417446,-0.08287254145107659,0.0419465279819142,2.9030393424847847
25.03,-9.35483870967742,-2.258064516129032,0.0,-0.0,77.83590557990478,-0.08289497482923813,0.041930758880784263,2.9030195376421686
25.04,-9.35483870967742,-2.258064516129032,0.0,-0.0,77.84387012847286,-0.08291650141021356,0.04191572633139079,2.9030009319970875
25.05,-9.35483870967742,-2.258064516129032,0.0,-0.0,77.85183457265543,-0.08293715645178201,0.04190139705174317,2.902983465943677
25.06,-9.35483870967742,-2.258064516129032,0.0,-0.0,77.8597989151932,-0.08295697391204926,0.041887739267520596,2.902967082532117
25.07,-9.35483870967742,-2.258064516129032,0.0,-0.0,77.86776315878782,-0.08297598649265214,0.04187472264083636,2.9029517273607754
25.08,-9.35483870967742,-2.258064516129032,0.0,-0.0,77.87572730609945,-0.08299422568090675,0.041862318202663146,2.9029373484721765
25.09,-9.35483870967742,-2.258064516129032,0.0,-0.0,77.88369135974447,-0.0830117217908869,0.0418504982887144,2.902923896252746
25.1,-9.35483870967742,-2.258064516129032,0.0,-0.0,77.89165532229374,-0.08302850400342898,0.04183923647857957,2.9029113233361987
25.11,-9.35483870967742,-2.258064516129032,0.0,-0.0,77.89961919627105,-0.08304460040506656,0.04182850753792616,2.9028995845104406
25.12,-9.35483870967742,-2.258064516129032,0.0,-0.0,77.90758298415187,-0.08306003802588491,0.04181828736360635,2.9028886366279902
25.13,-9.35483870967742,-2.258064516129032,0.0,-0.0,77.91554668836243,-0.08307484287631339,0.04180855293149233,2.9028784385196964
25.14,-9.35483870967742,-2.258064516129032,0.0,-0.0,77.92351031127889,-0.08308903998286032,0.04179928224689505,2.9028689509116985
25.15,-9.35483870967742,-2.258064516129032,0.0,-0.0,77.93147385522687,-0.0831026534227951,0.041790454297426116,2.9028601363455775
25.16,-9.35483870967742,-2.258064516129032,0.0,-0.0,77.93943732248103,-0.08311570635779664,0.04178204900816457,2.9028519591015325
25.17,-9.35483870967742,-2.258064516129032,0.0,-0.0,77.94740071526489,-0.08312822106658413,0.04177404719900277,2.9028443851244905
25.18,-9.35483870967742,-2.258064516129032,0.0,-0.0,77.95536403575082,-0.08314021897653978,0.0417664305440571,2.902837381953102
25.19,-9.35483870967742,-2.258064516129032,0.0,-0.0,77.96332728606006,-0.08315172069434307,0.04175918153303437,2.9028309186515098
25.2,-9.35483870967742,-2.258064516129032,0.0,-0.0,77.97129046826299,-0.08316274603563989,0.04175228343444137,2.9028249657437506
25.21,-9.35483870967742,-2.258064516129032,0.0,-0.0,77.97925358437939,-0.08317331405376027,0.0417457202605489,2.902819495150764
25.22,-9.35483870967742,-2.258064516129032,0.0,-0.0,77.98721663637883,-0.08318344306750125,0.04173947673402076,2.9028144801299414
25.23,-9.35483870967742,-2.258064516129032,0.0,-0.0,77.9951796261812,-0.08319315068801769,0.041733538256098074,2.9028098952169294
25.24,-9.35483870967742,-2.258064516129032,0.0,-0.0,78.00314255565722,-0.08320245384480585,0.041727890876296414,2.9028057161699445
25.25,-9.35483870967742,-2.258064516129032,0.0,-0.0,78.01110542662906,-0.08321136881082869,0.04172252126350978,2.9028019199162456
25.26,-9.35483870967742,-2.258064516129032,0.0,-0.0,78.01906824087101,-0.08321991122680694,0.041717416678447805,2.9027984845006936
25.27,-9.35483870967742,-2.258064516129032,0.0,-0.0,78.02703100011021,-0.08322809612467374,0.04171256494736206,2.9027953890365086
25.28,-9.35483870967742,-2.258064516129032,0.0,-0.0,78.03499370602738,-0.0832359379502291,0.04170795443698258,2.9027926136580304
25.29,-9.35483870967742,-2.258064516129032,0.0,-0.0,8.927917981282153,-0.08324345058503335,0.041703574030589136,2.9027901394752784
25.3,-9.35483870967742,-2.258064516129032,0.0,-0.0,78.05091896439119,-0.08325064736752164,0.04169941310519509,2.902787948530535
25.31,-9.35483870967742,-2.258064516129032,0.0,-0.0,8.943843140998982,-0.08325754111339467,0.04169546150976183,2.902786023756653
25.32,-9.35483870967742,-2.258064516129032,0.0,-0.0,8.951805649535093,-0.08326414413529681,0.041691709544399325,2.9027843489370575
25.33,-9.35483870967742,-2.258064516129032,0.0,-0.0,78.07480649146046,-0.08327046826179674,0.04168814794051201,2.902782908667462
25.34,-9.35483870967742,-2.258064516129032,0.0,-0.0,78.0827689102438,-0.08327652485570147,0.04168476784183428,2.9027816883191244
25.35,-9.35483870967742,-2.258064516129032,0.0,-0.0,78.09073128623967,-0.08328232483171016,0.04168156078632754,2.9027806740037376
25.36,-9.35483870967742,-2.258064516129032,0.0,-0.0,78.09869362078761,-0.08328787867344589,0.041678518688878397,2.9027798525396977
25.37,-9.35483870967742,-2.258064516129032,0.0,-0.0,78.1066559151885,-0.08329319644987765,0.041675633824767605,2.9027792114197855
25.38,-9.35483870967742,-2.258064516129032,0.0,-0.0,78.11461817070537,-0.08329828783113358,0.04167289881389322,2.902778738780372
25.39,-9.35483870967742,-2.258064516129032,0.0,-0.0,78.12258038856442,-0.08330316210376909,0.04167030660566559,2.9027784233716747
25.4,-9.35483870967742,-2.258064516129032,0.0,-0.0,78.1305425699558,-0.08330782818545257,0.04166785046460095,2.9027782545295397
25.41,-9.35483870967742,-2.258064516129032,0.0,-0.0,78.13850471603455,-0.0833122946391347,0.04166552395653014,2.9027782221482386
25.42,-9.35483870967742,-2.258064516129032,0.0,-0.0,78.14646682792144,-0.08331656968668699,0.04166332093543024,2.9027783166545658
25.43,-9.35483870967742,-2.258064516129032,0.0,-0.0,78.15442890670387,-0.0833206612220514,0.041661235530821794,2.9027785289829224
25.44,-9.35483870967742,-2.258064516129032,0.0,-0.0,78.16239095343668,-0.08332457682389505,0.041659262135730735,2.902778850551572
25.45,-9.35483870967742,-2.258064516129032,0.0,-0.0,9.055314590167587,-0.0833283237678002,0.041657395395174934,2.9027792732399083
25.46,-9.35483870967742,-2.258064516129032,0.0,-0.0,78.17831495481522,-0.08333190903800536,0.04165563019515145,2.902779789366667
25.47,-9.35483870967742,-2.258064516129032,0.0,-0.0,78.1862769114155,-0.08333533933871229,0.04165396165210236,2.9027803916690833
25.48,-9.35483870967742,-2.258064516129032,0.0,-0.0,78.19423883987689,-0.08333862110495482,0.04165238510285707,2.9027810732830885
25.49,-9.35483870967742,-2.258064516129032,0.0,-0.0,78.20220074110395,-0.08334176051308972,0.04165089609498432,2.902781827724146
25.5,-9.35483870967742,-2.258064516129032,0.0,-0.0,78.21016261597357,-0.0833447634908655,0.041649490377592746,2.9027826488691697
25.51,-9.35483870967742,-2.258064516129032,0.0,-0.0,78.21812446533575,-0.08334763572713866,0.04164816389250564,2.9027835309390255
25.52,-9.35483870967742,-2.258064516129032,0.0,-0.0,78.22608629001431,-0.08335038268120376,0.041646912765838484,2.9027844684819755
25.53,-9.35483870967742,-2.258064516129032,0.0,-0.0,78.23404809080765,-0.08335300959178238,0.04164573329993179,2.902785456357773
25.54,-9.35483870967742,-2.258064516129032,0.0,-0.0,78.24200986848943,-0.08335552148566994,0.04164462196563448,2.902786489722478
25.55,-9.35483870967742,-2.258064516129032,0.0,-0.0,9.134933244833892,-0.08335792318606017,0.041643575394916366,2.902787564013907
25.56,-9.35483870967742,-2.258064516129032,0.0,-0.0,78.25793335749373,-0.08336021932054105,0.04164259037381224,2.902788674937842
25.57,-9.35483870967742,-2.258064516129032,0.0,-0.0,78.26589507024626,-0.08336241432879665,0.04164166383566123,2.9027898184547736
25.58,-9.35483870967742,-2.258064516129032,0.0,-0.0,78.27385676274862,-0.08336451247001653,0.04164079285463693,2.9027909907672362
25.59,-9.35483870967742,-2.258064516129032,0.0,-0.0,78.28181843566114,-0.08336651783001547,0.041639974639562094,2.902792188307758
25.6,-9.35483870967742,-2.258064516129032,0.0,-0.0,78.28978008962338,-0.08336843432808483,0.04163920652798889,2.902793407727349
25.61,-9.35483870967742,-2.258064516129032,0.0,-0.0,78.2977417252548,-0.08337026572358308,0.04163848598052983,2.902794645884474
25.62,-9.35483870967742,-2.258064516129032,0.0,-0.0,78.30570334315529,-0.08337201562226781,0.04163781057544133,2.902795899834594
25.63,-9.35483870967742,-2.258064516129032,0.0,-0.0,78.31366494390582,-0.08337368748239549,0.04163717800342687,2.902797166820079
25.64,-9.35483870967742,-2.258064516129032,0.0,-0.0,78.32162652806893,-0.08337528462056665,0.0416365860626865,2.902798444260763
25.65,-9.35483870967742,-2.258064516129032,0.0,-0.0,78.32958809618933,-0.08337681021737098,0.04163603265415225,2.902799729744708
25.66,-9.35483870967742,-2.258064516129032,0.0,-0.0,78.33754964879441,-0.08337826732279685,0.04163551577694741,2.9028010210195525
25.67,-9.35483870967742,-2.258064516129032,0.0,-0.0,78.34551118639477,-0.08337965886143228,0.0416350335240408,2.902802315984257
25.68,-9.35483870967742,-2.258064516129032,0.0,-0.0,78.35347270948475,-0.08338098763747581,0.041634584078076575,2.9028036126811245
25.69,-9.35483870967742,-2.258064516129032,0.0,-0.0,78.36143421854285,-0.0833822563395401,0.04163416570739689,2.902804909288317
25.7,-9.35483870967742,-2.258064516129032,0.0,-0.0,78.3693957140323,-0.08338346754527837,0.041633776762226904,2.9028062041126397
25.71,-9.35483870967742,-2.258064516129032,0.0,-0.0,78.37735719640145,-0.08338462372583011,0.04163341567102449,2.9028074955826644
25.72,-9.35483870967742,-2.258064516129032,0.0,-0.0,78.3853186660843,-0.0833857272500853,0.041633080936996414,2.9028087822422566
25.73,-9.35483870967742,-2.258064516129032,0.0,-0.0,78.39328012350087,-0.08338678038878922,0.04163277113475802,2.9028100627443485
25.74,-9.35483870967742,-2.258064516129032,0.0,-0.0,78.40124156905767,-0.08338778531849278,0.04163248490713045,2.9028113358449548
25.75,-9.35483870967742,-2.258064516129032,0.0,-0.0,78.40920300314811,-0.08338874412533281,0.04163222096209296,2.9028126003976076
25.76,-9.35483870967742,-2.258064516129032,0.0,-0.0,78.41716442615288,-0.08338965880868054,0.04163197806985028,2.9028138553479272
25.77,-9.35483870967742,-2.258064516129032,0.0,-0.0,78.4251258384404,-0.08339053128463658,0.0416317550600378,2.9028150997285396
25.78,-9.35483870967742,-2.258064516129032,0.0,-0.0,78.43308724036712,-0.0833913633893909,0.04163155081904438,2.9028163326542114
25.79,-9.35483870967742,-2.258064516129032,0.0,-0.0,78.44104863227797,-0.08339215688245771,0.04163136428744604,2.9028175533171776
25.8,-9.35483870967742,-2.258064516129032,0.0,-0.0,78.44901001450668,-0.08339291344977262,0.04163119445756017,2.902818760982778
25.81,-9.35483870967742,-2.258064516129032,0.0,-0.0,78.45697138737616,-0.08339363470667649,0.0416310403710973,2.902819954985228
25.82,-9.35483870967742,-2.258064516129032,0.0,-0.0,78.46493275119876,-0.08339432220077236,0.04163090111692466,2.902821134723689
25.83,-9.35483870967742,-2.258064516129032,0.0,-0.0,78.47289410627671,-0.08339497741468571,0.0416307758289107,2.902822299658383
25.84,-9.35483870967742,-2.258064516129032,0.0,-0.0,78.48085545290238,-0.08339560176869543,0.04163066368388324,2.902823449307078
25.85,-9.35483870967742,-2.258064516129032,0.0,-0.0,9.373778412383107,-0.08339619662327524,0.041630563899662715,2.9028245832416237
25.86,-9.35483870967742,-2.258064516129032,0.0,-0.0,9.381739742943385,-0.08339676328153145,0.04163047573318368,2.9028257010846845
25.87,-9.35483870967742,-2.258064516129032,0.0,-0.0,78.50473944484784,-0.08339730299154169,0.04163039847870059,2.9028268025066577
25.88,-9.35483870967742,-2.258064516129032,0.0,-0.0,78.51270076040153,-0.08339781694859838,0.041630331466075504,2.902827887222769
25.89,-9.35483870967742,-2.258064516129032,0.0,-0.0,78.52066206882746,-0.08339830629737233,0.04163027405912967,2.902828954990229
25.9,-9.35483870967742,-2.258064516129032,0.0,-0.0,78.52862337036508,-0.08339877213398117,0.04163022565407823,2.9028300056056264
25.91,-9.35483870967742,-2.258064516129032,0.0,-0.0,9.421546286270516,-0.0833992155079809,0.041630185678027065,2.902831038902391
25.92,-9.35483870967742,-2.258064516129032,0.0,-0.0,78.54454595369408,-0.08339963742427503,0.04163015358753938,2.9028320547484285
25.93,-9.35483870967742,-2.258064516129032,0.0,-0.0,78.55250723592603,-0.08340003884494906,0.04163012886726242,2.9028330530438478
25.94,-9.35483870967742,-2.258064516129032,0.0,-0.0,78.56046851215125,-0.08340042069102827,0.04163011102862066,2.902834033718859
25.95,-9.35483870967742,-2.258064516129032,0.0,-0.0,78.56842978257228,-0.0834007838441756,0.04163009960855332,2.902834996731668
25.96,-9.35483870967742,-2.258064516129032,0.0,-0.0,78.576391047385,-0.08340112914830888,0.0416300941683225,2.902835942066601
25.97,-9.35483870967742,-2.258064516129032,0.0,-0.0,78.5843523067788,-0.08340145741115812,0.041630094292368414,2.902836869732289
25.98,-9.35483870967742,-2.258064516129032,0.0,-0.0,78.5923135609368,-0.0834017694057656,0.04163009958720998,2.9028377797599085
25.99,-9.35483870967742,-2.258064516129032,0.0,-0.0,78.60027481003607,-0.08340206587191412,0.04163010968040609,2.9028386722015953
26.0,-9.35483870967742,-2.258064516129032,0.0,-0.0,78.6082360542478,-0.08340234751751285,0.0416301242195479,2.902839547128837
26.01,-9.35483870967742,-1.612903225806452,0.0,-0.0,78.61625470506603,-0.0828002971267966,0.09397914070787966,2.9020607664630496
26.02,-9.35483870967742,-1.612903225806452,0.0,-0.0,78.62432658738231,-0.08230056186058365,0.09125304719141808,2.9012325826527845
26.03,-9.35483870967742,-1.612903225806452,0.0,-0.0,78.63244780670415,-0.08189365215374778,0.08867013436265758,2.900362811796953
26.04,-9.35483870967742,-1.612903225806452,0.0,-0.0,78.64061473251354,-0.0815707722107778,0.08622320115947432,2.8994585999413958
26.05,-9.35483870967742,-1.612903225806452,0.0,-0.0,78.64882398220412,-0.08132378872333568,0.08390535744643968,2.8985264632047847
26.06,-9.35483870967742,-1.612903225806452,0.0,-0.0,78.65707240567485,-0.08114519694132216,0.08171001815205142,2.8975723276836622
26.07,-9.35483870967742,-1.612903225806452,0.0,-0.0,78.66535707062924,-0.08102808529294114,0.07963089589021774,2.8966015685645146
26.08,-9.35483870967742,-1.612903225806452,0.0,-0.0,78.67367524860651,-0.0809660994788246,0.07766199251775283,2.895619048040316
26.09,-9.35483870967742,-1.612903225806452,0.0,-0.0,78.6820244017533,-0.08095340674509932,0.07579758997897981,2.8946291517588376
26.1,-9.35483870967742,-1.612903225806452,0.0,-0.0,78.69040217033167,-0.08098466086243106,0.0740322407077039,2.8936358236264925
26.11,-9.35483870967742,-1.612903225806452,0.0,-0.0,78.69880636094935,-0.0810549681949716,0.07236075779270199,2.892642598865691
26.12,-9.35483870967742,-1.612903225806452,0.0,-0.0,78.70723493549107,-0.08115985512913027,0.0707782050620008,2.891652635277384
26.13,-9.35483870967742,-1.612903225806452,0.0,-0.0,78.715686000725,-0.08129523704172326,0.06927988720141096,2.8906687427012234
26.14,-9.35483870967742,-1.612903225806452,0.0,-0.0,9.609119419579773,-0.08145738891631227,0.06786133999162638,2.8896934106943064
26.15,-9.35483870967742,-1.612903225806452,0.0,-0.0,78.73264869688911,-0.08164291766156073,0.06651832072426431,2.88872883447095
26.16,-9.35483870967742,-1.612903225806452,0.0,-0.0,9.626118802112291,-0.08184873614353882,0.06524679883872822,2.8877769391596635
26.17,-9.35483870967742,-1.612903225806452,0.0,-0.0,9.634643466991822,-0.08207203891228221,0.0640429468079182,2.8868394024437833
26.18,-9.35483870967742,-1.612903225806452,0.0,-0.0,78.75822138831957,-0.08231027957976567,0.0629031312903526,2.8859176756580447
26.19,-9.35483870967742,-1.612903225806452,0.0,-0.0,78.7667745999214,-0.08256114978998019,0.06182390455855816,2.8850130034165167
26.2,-9.35483870967742,-1.612903225806452,0.0,-0.0,78.77534036100228,-0.08282255971050168,0.06080199620810542,2.88412644184939
26.21,-9.35483870967742,-1.612903225806452,0.0,-0.0,78.78391763414261,-0.08309261996796657,0.059834305147633965,2.883258875525141
26.22,-9.35483870967742,-1.612903225806452,0.0,-0.0,78.79250545857505,-0.0833696249458643,0.05891789186763832,2.882411033134384
26.23,-9.35483870967742,-1.612903225806452,0.0,-0.0,78.8011029448634,-0.083652037361724,0.05804997098392492,2.881583502009053
26.24,-9.35483870967742,-1.612903225806452,0.0,-0.0,78.80970926993481,-0.0839384740410759,0.05722790405065489,2.8807767415488352
26.25,-9.35483870967742,-1.612903225806452,0.0,-0.0,78.81832367244265,-0.08422769280740561,0.05644919263719847,2.879991095623302
26.26,-9.35483870967742,-1.612903225806452,0.0,-0.0,78.82694544843847,-0.08451858040993099,0.05571147166283755,2.87922680401593
26.27,-9.35483870967742,-1.612903225806452,0.0,-0.0,78.83557394733322,-0.08481014141447074,0.0550125029831999,2.878484012972424
26.28,-9.35483870967742,-1.612903225806452,0.0,-0.0,78.84420856812876,-0.08510148798640704,0.05435016922237326,2.8777627849129015
26.29,-9.35483870967742,-1.612903225806452,0.0,-0.0,78.85284875590229,-0.08539183049875587,0.05372246784469789,2.8770631073641795
26.3,-9.35483870967742,-1.612903225806452,0.0,-0.0,78.86149399852698,-0.08568046890243919,0.053127505460306895,2.8763849011654004
26.31,-9.35483870967742,-1.612903225806452,0.0,-0.0,9.75510544463835,-0.08596678479995612,0.0525634923584711,2.8757280279969
26.32,-9.35483870967742,-1.612903225806452,0.0,-0.0,78.87879779565982,-0.0862502341675997,0.05202873726283838,2.8750922972796014
26.33,-9.35483870967742,-1.612903225806452,0.0,-0.0,78.88745551338988,-0.08653034067524212,0.051521642302600174,2.874477472489212
26.34,-9.35483870967742,-1.612903225806452,0.0,-0.0,78.89611660727881,-0.0868066895563383,0.051040698193642015,2.873883276927272
26.35,-9.35483870967742,-1.612903225806452,0.0,-0.0,78.9047807372427,-0.08707892198436096,0.05058447962366572,2.87330939898807
26.36,-9.35483870967742,-1.612903225806452,0.0,-0.0,78.91344759048806,-0.08734672991508907,0.05015164083540416,2.8727554969588787
26.37,-9.35483870967742,-1.612903225806452,0.0,-0.0,9.807078500533397,-0.08760985135736232,0.04974091140206019,2.8722212033880736
26.38,-9.35483870967742,-1.612903225806452,0.0,-0.0,78.9307883402216,-0.08786806603773589,0.04935109218934161,2.871706129054376
26.39,-9.35483870967742,-1.612903225806452,0.0,-0.0,78.93946173022974,-0.08812119142727493,0.04898105149857482,2.8712098665678725
26.4,-9.35483870967742,-1.612903225806452,0.0,-0.0,78.94813682720883,-0.08836907910123581,0.048629721385622854,2.8707319936317885
26.41,-9.35483870967742,-1.612903225806452,0.0,-0.0,78.9568134274046,-0.08861161140471874,0.04829609415057132,2.87027207599241
26.42,-9.35483870967742,-1.612903225806452,0.0,-0.0,78.96549134423671,-0.08884869839964848,0.04797921899324217,2.869829670102001
26.43,-9.35483870967742,-1.612903225806452,0.0,-0.0,78.97417040700105,-0.08908027507035865,0.04767819882984484,2.869404325518713
26.44,-9.35483870967742,-1.612903225806452,0.0,-0.0,78.98285045966419,-0.08930629876700824,0.04739218726605335,2.8689955870649
26.45,-9.35483870967742,-1.612903225806452,0.0,-0.0,78.99153135974389,-0.08952674686771778,0.047120385721874464,2.8686029967640505
26.46,-9.35483870967742,-1.612903225806452,0.0,-0.0,79.00021297726985,-0.08974161464185426,0.04686204070364633,2.8682260955749985
26.47,-9.35483870967742,-1.612903225806452,0.0,-0.0,79.0088951938194,-0.08995091329835825,0.04661644121837891,2.8678644249402505
26.48,-9.35483870967742,-1.612903225806452,0.0,-0.0,79.01757790162286,-0.090154668204254,0.04638291632558053,2.867517528164202
26.49,-9.35483870967742,-1.612903225806452,0.0,-0.0,79.02626100273405,-0.0903529172596852,0.04616083282155417,2.8671849516355175
26.5,-9.35483870967742,-1.612903225806452,0.0,-0.0,79.0349444082613,-0.09054570941688145,0.04594959305102578,2.866866245906828
26.51,-9.35483870967742,-1.612903225806452,0.0,-0.0,79.04362803765481,-0.0907331033314226,0.045748632840870634,2.8665609666439504
26.52,-9.35483870967742,-1.612903225806452,0.0,-0.0,79.05231181804646,-0.0909151661350932,0.04555741955058787,2.8662686754556135
26.53,-9.35483870967742,-1.612903225806452,0.0,-0.0,79.0609956836383,-0.09109197232041166,0.04537545023415293,2.865988940614051
26.54,-9.35483870967742,-1.612903225806452,0.0,-0.0,79.06967957513638,-0.09126360272769163,0.045202249907859454,2.8657213376758603
26.55,-9.35483870967742,-1.612903225806452,0.0,-0.0,79.0783634392267,-0.0914301436261915,0.04503736991880267,2.8654654500118903
26.56,-9.35483870967742,-1.612903225806452,0.0,-0.0,79.08704722809023,-0.09159168588153876,0.04488038640875161,2.865220869254311
26.57,-9.35483870967742,-1.612903225806452,0.0,-0.0,79.09573089895407,-0.09174832420223866,0.04473089886826201,2.8649871956683572
26.58,-9.35483870967742,-1.612903225806452,0.0,-0.0,79.1044144136766,-0.09190015645864125,0.04458852877602423,2.864764038455553
26.59,-9.35483870967742,-1.612903225806452,0.0,-0.0,79.11309773836359,-0.09204728306821452,0.04445291831867079,2.864551015995164
26.6,-9.35483870967742,-1.612903225806452,0.0,-0.0,79.12178084301361,-0.09218980644151464,0.04432372918640551,2.8643477560296096
26.61,-9.35483870967742,-1.612903225806452,0.0,-0.0,79.13046370119011,-0.09232783048364879,0.044200641440076044,2.8641538957995385
26.62,-9.35483870967742,-1.612903225806452,0.0,-0.0,79.13914628971861,-0.09246146014646406,0.04408335244550629,2.863969082133629
26.63,-9.35483870967742,-1.612903225806452,0.0,-0.0,79.14782858840708,-0.09259080102709416,0.04397157587112385,2.8637929714977655
26.64,-9.35483870967742,-1.612903225806452,0.0,-0.0,79.15651057978769,-0.09271595900879526,0.04386504074518652,2.8636252300082417
26.65,-9.35483870967742,-1.612903225806452,0.0,-0.0,79.16519224887861,-0.09283703994043158,0.04376349056903436,2.8634655334126182
26.66,-9.35483870967742,-1.612903225806452,0.0,-0.0,79.17387358296418,-0.09295414935116708,0.04366668248310676,2.8633135670422925
26.67,-9.35483870967742,-1.612903225806452,0.0,-0.0,79.18255457139222,-0.09306739219728821,0.043574386482574806,2.8631690257399294
26.68,-9.35483870967742,-1.612903225806452,0.0,-0.0,79.19123520538729,-0.09317687263830354,0.043486384679660456,2.8630316137648557
26.69,-9.35483870967742,-1.612903225806452,0.0,-0.0,79.19991547787853,-0.09328269383968224,0.04340247060991362,2.8629010446794303
26.7,-9.35483870967742,-1.612903225806452,0.0,-0.0,79.20859538334123,-0.09338495779987332,0.04332244857982012,2.862777041218687
26.71,-9.35483870967742,-1.612903225806452,0.0,-0.0,79.21727491765091,-0.09348376519938306,0.043246133053328945,2.8626593351457807
26.72,-9.35483870967742,-1.612903225806452,0.0,-0.0,79.22595407794917,-0.09357921526991853,0.0431733480749861,2.8625476670952303
26.73,-9.35483870967742,-1.612903225806452,0.0,-0.0,79.23463286252029,-0.09367140568174104,0.04310392672752797,2.8624417864059475
26.74,-9.35483870967742,-1.612903225806452,0.0,-0.0,79.24331127067788,-0.09376043244756127,0.04303771062187703,2.8623414509456553
26.75,-9.35483870967742,-1.612903225806452,0.0,-0.0,79.25198930266072,-0.09384638984139981,0.04297454941764886,2.8622464269284515
26.76,-9.35483870967742,-1.612903225806452,0.0,-0.0,79.26066695953722,-0.09392937033104287,0.04291430037231378,2.8621564887265682
26.77,-9.35483870967742,-1.612903225806452,0.0,-0.0,79.26934424311773,-0.09400946452274062,0.04285682791735709,2.8620714186779947
26.78,-9.35483870967742,-1.612903225806452,0.0,-0.0,79.27802115587421,-0.09408676111701297,0.042802003259774485,2.861991006890669
26.79,-9.35483870967742,-1.612903225806452,0.0,-0.0,79.28669770086658,-0.09416134687442757,0.04274970400742459,2.8619150510446008
26.8,-9.35483870967742,-1.612903225806452,0.0,-0.0,79.29537388167536,-0.09423330659040263,0.042699813816755,2.861843356192421
26.81,-9.35483870967742,-1.612903225806452,0.0,-0.0,79.30404970234004,-0.09430272307807452,0.04265222206159361,2.8617757345595263
26.82,-9.35483870967742,-1.612903225806452,0.0,-0.0,79.31272516730273,-0.09436967715842692,0.04260682352169601,2.8617120053442706
26.83,-9.35483870967742,-1.612903225806452,0.0,-0.0,79.32140028135673,-0.09443424765690944,0.04256351808985073,2.861651994518869
26.84,-9.35483870967742,-1.612903225806452,0.0,-0.0,79.33007504959959,-0.09449651140584925,0.042522210496405616,2.861595534631565
26.85,-9.35483870967742,-1.612903225806452,0.0,-0.0,79.3387494773903,-0.0945565432520098,0.04248281005015228,2.8615424646105736
26.86,-9.35483870967742,-1.612903225806452,0.0,-0.0,79.34742357031037,-0.09461441606873111,0.04244523039454226,2.861492629570104
26.87,-9.35483870967742,-1.612903225806452,0.0,-0.0,79.35609733412834,-0.09467020077209265,0.04240938927831364,2.8614458806190024
26.88,-9.35483870967742,-1.612903225806452,0.0,-0.0,79.36477077476759,-0.09472396634065705,0.042375208339591935,2.8614020746720112
26.89,-9.35483870967742,-1.612903225806452,0.0,-0.0,79.37344389827713,-0.09477577983829799,0.04234261290268079,2.8613610742643236
26.9,-9.35483870967742,-1.612903225806452,0.0,-0.0,79.38211671080506,-0.0948257064397604,0.042311531786701745,2.861322747369268
26.91,-9.35483870967742,-1.612903225806452,0.0,-0.0,79.39078921857462,-0.09487380945855162,0.04228189712537869,2.8612869672195775
26.92,-9.35483870967742,-1.612903225806452,0.0,-0.0,79.3994614278625,-0.09492015037685475,0.04225364419724756,2.8612536121322236
26.93,-9.35483870967742,-1.612903225806452,0.0,-0.0,79.40813334497928,-0.09496478887714288,0.04222671126565794,2.8612225653370937
26.94,-9.35483870967742,-1.612903225806452,0.0,-0.0,79.41680497625183,-0.09500778287524403,0.04220103942793116,2.861193714809417
26.95,-9.35483870967742,-1.612903225806452,0.0,-0.0,10.31043794903201,-0.09504918855457323,0.0421765724731383,2.861166953106312
26.96,-9.35483870967742,-1.612903225806452,0.0,-0.0,79.43414740655977,-0.09508906040135667,0.042153256747910955,2.8611421772071206
26.97,-9.35483870967742,-1.612903225806452,0.0,-0.0,79.4428182181959,-0.09512745124059696,0.0421310410298322,2.8611192883579544
26.98,-9.35483870967742,-1.612903225806452,0.0,-0.0,79.45148876916518,-0.09516441227263095,0.042109876407901176,2.8610981919202096
26.99,-9.35483870967742,-1.612903225806452,0.0,-0.0,79.46015906566913,-0.09519999311010652,0.04208971616964405,2.861078797223139
27.0,-9.35483870967742,-1.612903225806452,0.0,-0.0,79.46882911385246,-0.09523424181522389,0.042070515694462934,2.861061017420529
27.01,-9.35483870967742,-1.612903225806452,0.0,-0.0,79.4774989197952,-0.09526720493711749,0.04205223235283359,2.8610447693514116
27.02,-9.35483870967742,-1.612903225806452,0.0,-0.0,79.48616848950574,-0.09529892754927094,0.042034825410979276,2.8610299734047016
27.03,-9.35483870967742,-1.612903225806452,0.0,-0.0,79.49483782891485,-0.09532945328683384,0.04201825594071082,2.86101655338793
27.04,-9.35483870967742,-1.612903225806452,0.0,-0.0,79.50350694387032,-0.09535882438377297,0.042002486734094374,2.8610044363998335
27.05,-9.35483870967742,-1.612903225806452,0.0,-0.0,79.51217584013249,-0.09538708170977095,0.041987482222656386,2.8609935527067925
27.06,-9.35483870967742,-1.612903225806452,0.0,-0.0,79.5208445233703,-0.09541426480677795,0.0419732084008729,2.86098383562322
27.07,-9.35483870967742,-1.612903225806452,0.0,-0.0,79.5295129991581,-0.09544041192519648,0.041959632753642756,2.8609752213955053
27.08,-9.35483870967742,-1.612903225806452,0.0,-0.0,79.53818127297282,-0.09546556005959184,0.041946724187558765,2.8609676490898672
27.09,-9.35483870967742,-1.612903225806452,0.0,-0.0,79.54684935019179,-0.09548974498393015,0.04193445296569989,2.8609610604836284
27.1,-9.35483870967742,-1.612903225806452,0.0,-0.0,79.55551723609092,-0.09551300128626028,0.04192279064577922,2.860955399960195
27.11,-9.35483870967742,-1.612903225806452,0.0,-0.0,79.56418493584331,-0.09553536240283689,0.04191171002141861,2.8609506144074017
27.12,-9.35483870967742,-1.612903225806452,0.0,-0.0,79.57285245451826,-0.09555686065163427,0.041901185066387764,2.8609466531193033
27.13,-9.35483870967742,-1.612903225806452,0.0,-0.0,79.5815197970805,-0.09557752726523472,0.04189119088162843,2.860943467701267
27.14,-9.35483870967742,-1.612903225806452,0.0,-0.0,79.59018696838993,-0.09559739242307563,0.041881703644898766,2.860941011978269
27.15,-9.35483870967742,-1.612903225806452,0.0,0.0,79.59885397320137,-0.09561648528302114,0.04187270056290485,2.860939241906415
27.16,-9.35483870967742,-1.612903225806452,0.0,0.0,79.60752081616477,-0.09563483401226924,0.041864159825759056,2.8609381154874596
27.17,-9.35483870967742,-1.612903225806452,0.0,0.0,79.61618750182546,-0.09565246581756692,0.041856060563648795,2.8609375926863656
27.18,-9.35483870967742,-1.612903225806452,0.0,0.0,79.62485403462479,-0.09566940697473747,0.04184838280558398,2.8609376353517315
27.19,-9.35483870967742,-1.612903225806452,0.0,0.0,10.518482039925278,-0.09568568285750978,0.04184110744011485,2.860938207139075
27.2,-9.35483870967742,-1.612903225806452,0.0,0.0,79.64218665888878,-0.0957013179656464,0.04183421617791408,2.8609392734368946
27.21,-9.35483870967742,-1.612903225806452,0.0,0.0,79.65085275872295,-0.09571633595238649,0.04182769151610519,2.860940801295295
27.22,-9.35483870967742,-1.612903225806452,0.0,0.0,79.65951872243687,-0.09573075965117772,0.04182151670427445,2.860942759357356
27.23,-9.35483870967742,-1.612903225806452,0.0,0.0,79.66818455396502,-0.09574461110173538,0.04181567571203956,2.860945117792858
27.24,-9.35483870967742,-1.612903225806452,0.0,0.0,79.676850257144,-0.09575791157540048,0.04181015319812817,2.860947848234577
27.25,-9.35483870967742,-1.612903225806452,0.0,0.0,79.68551583571394,-0.09577068159983304,0.04180493448085773,2.860950923716831
27.26,-9.35483870967742,-1.612903225806452,0.0,0.0,79.69418129331999,-0.09578294098302587,0.04180000550996574,2.860954318616393
27.27,-9.35483870967742,-1.612903225806452,0.0,0.0,79.70284663351376,-0.09579470883666119,0.04179535283970806,2.860958008595572
27.28,-9.35483870967742,-1.612903225806452,0.0,0.0,79.71151185975496,-0.09580600359881386,0.041790963603166836,2.860961970547464
27.29,-9.35483870967742,-1.612903225806452,0.0,0.0,79.72017697541298,-0.09581684305601168,0.04178682548770443,2.860966182543264
27.3,-9.35483870967742,-1.612903225806452,0.0,0.0,79.72884198376848,-0.0958272443646625,0.041782926711511986,2.860970623781621
27.31,-9.35483870967742,-1.612903225806452,0.0,0.0,79.73750688801512,-0.09583722407187778,0.041779256001174575,2.8609752745397983
27.32,-9.35483870967742,-1.612903225806452,0.0,0.0,79.74617169126121,-0.09584679813565711,0.04177580257025362,2.860980116126959
27.33,-9.35483870967742,-1.612903225806452,0.0,0.0,79.75483639653145,-0.09585598194451517,0.041772556098767094,2.8609851308389542
27.34,-9.35483870967742,-1.612903225806452,0.0,0.0,79.76350100676856,-0.09586479033649009,0.04176950671359739,2.860990301915163
27.35,-9.35483870967742,-1.612903225806452,0.0,0.0,79.7721655248351,-0.09587323761760713,0.041766644969719074,2.8609956134967818
27.36,-9.35483870967742,-1.612903225806452,0.0,0.0,79.7808299535151,-0.09588133757977158,0.04176396183225181,2.861001050586888
27.37,-9.35483870967742,-1.612903225806452,0.0,0.0,79.7894942955158,-0.09588910351811997,0.0417614486592752,2.861006599012019
27.38,-9.35483870967742,-1.612903225806452,0.0,0.0,79.79815855346936,-0.09589654824783767,0.04175909718538276,2.861012245385304
27.39,-9.35483870967742,-1.612903225806452,0.0,0.0,79.8068227299346,-0.09590368412046202,0.04175689950592906,2.86101797707101
27.4,-9.35483870967742,-1.612903225806452,0.0,0.0,79.81548682739859,-0.09591052303967318,0.04175484806195115,2.8610237821505624
27.41,-9.35483870967742,-1.612903225806452,0.0,0.0,79.8241508482784,-0.09591707647659253,0.041752935625725324,2.861029649389904
27.42,-9.35483870967742,-1.612903225806452,0.0,0.0,79.83281479492275,-0.09592335548460462,0.04175115528692783,2.8610355682081474
27.43,-9.35483870967742,-1.612903225806452,0.0,0.0,79.84147866961362,-0.09592937071370966,0.04174950043937728,2.861041528647496
27.44,-9.35483870967742,-1.612903225806452,0.0,0.0,79.85014247456786,-0.09593513242440854,0.041747964768343776,2.8610475213444815
27.45,-9.35483870967742,-1.612903225806452,0.0,0.0,79.85880621193881,-0.09594065050116607,0.04174654223836613,2.8610535375022033
27.46,-9.35483870967742,-1.612903225806452,0.0,0.0,79.86746988381789,-0.09594593446542621,0.04174522708159131,2.861059568863834
27.47,-9.35483870967742,-1.612903225806452,0.0,0.0,79.87613349223612,-0.09595099348821312,0.041744013786594564,2.861065607687178
27.48,-9.35483870967742,-1.612903225806452,0.0,0.0,79.88479703916565,-0.09595583640231953,0.04174289708766635,2.861071646720316
27.49,-9.35483870967742,-1.612903225806452,0.0,0.0,79.89346052652127,-0.09596047171411493,0.04174187195452714,2.8610776791781394
27.5,-9.35483870967742,-1.612903225806452,0.0,0.0,79.90212395616189,-0.09596490761494847,0.041740933582485956,2.8610836987200177
27.51,-9.35483870967742,-1.612903225806452,0.0,0.0,79.91078732989199,-0.09596915199219347,0.04174007738299021,2.8610896994282884
27.52,-9.35483870967742,-1.612903225806452,0.0,0.0,79.91945064946303,-0.09597321243991963,0.04173929897457221,2.8610956757877166
27.53,-9.35483870967742,-1.612903225806452,0.0,0.0,10.813075537599392,-0.09597709626921958,0.041738594174162175,2.8611016226657826
27.54,-9.35483870967742,-1.612903225806452,0.0,0.0,79.93677713287703,-0.09598081051819596,0.04173795898875546,2.8611075352937805
27.55,-9.35483870967742,-1.612903225806452,0.0,0.0,79.94544029997027,-0.09598436196160764,0.04173738960742787,2.861113409248792
27.56,-9.35483870967742,-1.612903225806452,0.0,0.0,79.95410341940766,-0.09598775712019891,0.04173688239367698,2.8611192404364125
27.57,-9.35483870967742,-1.612903225806452,0.0,0.0,79.96276649269596,-0.09599100226972601,0.041736433878064444,2.8611250250741294
27.58,-9.35483870967742,-1.612903225806452,0.0,0.0,79.97142952129693,-0.09599410344967063,0.041736040751170794,2.8611307596755133
27.59,-9.35483870967742,-1.612903225806452,0.0,0.0,79.98009250662845,-0.09599706647165873,0.0417356998568392,2.8611364410351063
27.6,-9.35483870967742,-1.612903225806452,0.0,0.0,79.98875545006585,-0.0959998969276119,0.04173540818567853,2.8611420662138394
27.61,-9.35483870967742,-1.612903225806452,0.0,0.0,79.99741835294296,-0.0960026001975981,0.04173516286885651,2.8611476325252827
27.62,-9.35483870967742,-1.612903225806452,0.0,0.0,80.00608121655335,-0.0960051814574513,0.04173496117211109,2.861153137522237
27.63,-9.35483870967742,-1.612903225806452,0.0,0.0,80.01474404215143,-0.09600764568609177,0.04173480049004538,2.8611585789842158
27.64,-9.35483870967742,-1.612903225806452,0.0,0.0,10.908368451978067,-0.09600999767263063,0.04173467834062264,2.861163954905237
27.65,-9.35483870967742,-1.612903225806452,0.0,0.0,80.03206958413894,-0.09601224202321812,0.04173459235989915,2.861169263482261
27.66,-9.35483870967742,-1.612903225806452,0.0,0.0,80.04073230285107,-0.09601438316765487,0.041734540296972406,2.8611745031041598
27.67,-9.35483870967742,-1.612903225806452,0.0,0.0,80.04939498819833,-0.09601642536578014,0.04173452000913455,2.861179672341162
27.68,-9.35483870967742,-1.612903225806452,0.0,0.0,80.05805764125523,-0.09601837271365066,0.041734529457210484,2.8611847699346913
27.69,-9.35483870967742,-1.612903225806452,0.0,0.0,80.0667202630633,-0.09602022914948405,0.04173456670110906,2.8611897947878395
27.7,-9.35483870967742,-1.612903225806452,0.0,0.0,80.07538285463202,-0.09602199845941584,0.041734629895538805,2.861194745956139
27.71,-9.35483870967742,-1.612903225806452,0.0,0.0,80.08404541693979,-0.09602368428305486,0.041734717285897255,2.8611996226387544
27.72,-9.35483870967742,-1.612903225806452,0.0,0.0,80.09270795093478,-0.0960252901188402,0.04173482720433777,2.861204424170151
27.73,-9.35483870967742,-1.612903225806452,0.0,0.0,80.10137045753584,-0.09602681932921031,0.041734958065996225,2.8612091500121473
27.74,-9.35483870967742,-1.612903225806452,0.0,0.0,80.11003293763333,-0.09602827514560797,0.04173510836535679,2.8612137997462153
27.75,-9.35483870967742,-1.612903225806452,0.0,0.0,80.11869539208999,-0.09602966067328633,0.04173527667279056,2.861218373066334
27.76,-9.35483870967742,-1.612903225806452,0.0,0.0,80.12735782174168,-0.09603097889597023,0.04173546163121358,2.861222869771997
27.77,-9.35483870967742,-1.612903225806452,0.0,0.0,80.13602022739822,-0.09603223268033656,0.04173566195289871,2.8612272897616946
27.78,-9.35483870967742,-1.612903225806452,0.0,0.0,80.14468260984414,-0.09603342478035382,0.041735876416401724,2.8612316330265646
27.79,-9.35483870967742,-1.612903225806452,0.0,0.0,80.15334496983942,-0.09603455784145076,0.04173610386363255,2.8612358996444986
27.8,-9.35483870967742,-1.612903225806452,0.0,0.0,80.16200730812024,-0.09603563440455398,0.04173634319703126,2.8612400897744124
27.81,-9.35483870967742,-1.612903225806452,0.0,0.0,80.17066962539965,-0.0960366569099772,0.04173659337686578,2.8612442036508297
27.82,-9.35483870967742,-1.612903225806452,0.0,0.0,80.17933192236829,-0.09603762770116508,0.041736853418649716,2.8612482415788065
27.83,-9.35483870967742,-1.612903225806452,0.0,0.0,80.18799419969503,-0.0960385490283221,0.041737122390648224,2.861252203928948
27.84,-9.35483870967742,-1.612903225806452,0.0,0.0,80.19665645802763,-0.09603942305189628,0.041737399411504034,2.8612560911328124
27.85,-9.35483870967742,-1.612903225806452,0.0,0.0,80.2053186979934,-0.09604025184594633,0.04173768364795491,2.861259903678488
27.86,-9.35483870967742,-1.612903225806452,0.0,0.0,80.21398092019976,-0.09604103740138559,0.041737974312648224,2.8612636421064077
27.87,-9.35483870967742,-1.612903225806452,0.0,0.0,80.22264312523488,-0.09604178162912158,0.041738270662035754,2.8612673070052894
27.88,-9.35483870967742,-1.612903225806452,0.0,0.0,80.23130531366824,-0.09604248636305923,0.0417385719943805,2.8612708990084808
27.89,-9.35483870967742,-1.612903225806452,0.0,0.0,80.23996748605123,-0.09604315336302627,0.0417388776478155,2.8612744187902392
27.9,-9.35483870967742,-1.612903225806452,0.0,0.0,80.24862964291762,-0.096043784317566,0.04173918699851384,2.8612778670624426
27.91,-9.35483870967742,-1.612903225806452,0.0,0.0,80.25729178478419,-0.09604438084665257,0.041739499458910784,2.861281244571276
27.92,-9.35483870967742,-1.612903225806452,0.0,0.0,80.26595391215116,-0.09604494450429113,0.041739814476017906,2.8612845520942347
27.93,-9.35483870967742,-1.612903225806452,0.0,0.0,80.27461602550278,-0.09604547678103736,0.041740131529796415,2.8612877904371836
27.94,-9.35483870967742,-1.612903225806452,0.0,0.0,80.28327812530775,-0.09604597910641421,0.04174045013160979,2.8612909604316634
27.95,-9.35483870967742,-1.612903225806452,0.0,0.0,80.29194021201971,-0.09604645285125002,0.04174076982273259,2.861294062932271
27.96,-9.35483870967742,-1.612903225806452,0.0,0.0,11.185563907102281,-0.0960468993299276,0.04174109017292829,2.8612970988142243
27.97,-9.35483870967742,-1.612903225806452,0.0,0.0,80.30926434790673,-0.09604731980255299,0.041741410779084304,2.861300068971035
27.98,-9.35483870967742,-1.612903225806452,0.0,0.0,80.31792639791793,-0.09604771547704616,0.04174173126390626,2.8613029743123235
27.99,-9.35483870967742,-1.612903225806452,0.0,0.0,80.32658843650924,-0.0960480875111498,0.04174205127467254,2.8613058157617868
28.0,-9.35483870967742,-1.612903225806452,0.0,0.0,11.220212085090271,-0.09604843701437527,0.04174237048203108,2.861308594255198
28.01,-9.35483870967742,-0.9677419354838719,0.0,0.0,80.34396833211463,-0.09547860983198642,0.09415407027507276,2.860425609664303
28.02,-9.35483870967742,-0.9677419354838719,0.0,0.0,80.35273819175548,-0.09500073152526556,0.09148125810997258,2.8595000703290756
28.03,-9.35483870967742,-0.9677419354838719,0.0,0.0,80.3615564323866,-0.09460694223718547,0.08894315938739593,2.8585389086625947
28.04,-9.35483870967742,-0.9677419354838719,0.0,0.0,80.37041966903205,-0.09428990715518293,0.08653343600180217,2.857548497142494
28.05,-9.35483870967742,-0.9677419354838719,0.0,0.0,80.37932473002908,-0.09404279515696301,0.08424599229380368,2.8565346782015486
28.06,-9.35483870967742,-0.9677419354838719,0.0,0.0,80.38826864513409,-0.09385925568705356,0.08207497282024599,2.8555027942713562
28.07,-9.35483870967742,-0.9677419354838719,0.0,0.0,80.3972486340861,-0.09373339458616647,0.08001475879307667,2.85445771755221
28.08,-9.35483870967742,-0.9677419354838719,0.0,0.0,80.4062620956524,-0.09365974944359368,0.07805996350955945,2.8534038791927636
28.09,-9.35483870967742,-0.9677419354838719,0.0,0.0,80.41530659716923,-0.09363326491754254,0.07620542703250997,2.852345297648319
28.1,-9.35483870967742,-0.9677419354838719,0.0,0.0,80.42437986458143,-0.09364926836519405,0.07444621032686209,2.851285606054485
28.11,-9.35483870967742,-0.9677419354838719,0.0,0.0,80.4334797729777,-0.09370344604012082,0.07277758901600605,2.850228078505046
28.12,-9.35483870967742,-0.9677419354838719,0.0,0.0,80.44260433761364,-0.0937918200463882,0.07119504688654475,2.849175655163303
28.13,-9.35483870967742,-0.9677419354838719,0.0,0.0,80.45175170540978,-0.0939107261834985,0.06969426924208898,2.8481309661676755
28.14,-9.35483870967742,-0.9677419354838719,0.0,0.0,80.46092014691001,-0.09405679277224044,0.06827113618416585,2.847096354315867
28.15,-9.35483870967742,-0.9677419354838719,0.0,0.0,80.47010804868351,-0.09422692051643422,0.06692171588038874,2.8460738965301995
28.16,-9.35483870967742,-0.9677419354838719,0.0,0.0,80.47931390615179,-0.0944182634279701,0.06564225786586468,2.845065424120507
28.17,-9.35483870967742,-0.9677419354838719,0.0,0.0,80.48853631682236,-0.09462821082116146,0.06442918641260352,2.8440725418706956
28.18,-9.35483870967742,-0.9677419354838719,0.0,0.0,80.49777397391001,-0.09485437036599054,0.06327909399304625,2.8430966459828206
28.19,-9.35483870967742,-0.9677419354838719,0.0,0.0,80.50702566032646,-0.09509455217748519,0.06218873485713232,2.842138940917808
28.2,-9.35483870967742,-0.9677419354838719,0.0,0.0,80.51629024301994,-0.09534675390949687,0.06115501873717198,2.841200455175181
28.21,-9.35483870967742,-0.9677419354838719,0.0,0.0,80.52556666764643,-0.09560914681472987,0.06017500469099406,2.8402820560567705
28.22,-9.35483870967742,-0.9677419354838719,0.0,0.0,80.53485395355487,-0.09588006272862615,0.05924589509098947,2.8393844634606173
28.23,-9.35483870967742,-0.9677419354838719,0.0,0.0,80.5441511890693,-0.09615798193215519,0.05836502976455575,2.838508262751514
28.24,-9.35483870967742,-0.9677419354838719,0.0,0.0,80.5534575270517,-0.0964415218472795,0.05752988028990173,2.8376539167544372
28.25,-9.35483870967742,-0.9677419354838719,0.0,0.0,80.56277218072997,-0.09672942651856886,0.05673804445000345,2.836821776916533
28.26,-9.35483870967742,-0.9677419354838719,0.0,0.0,80.572094419776,-0.09702055683496968,0.055987240846452166,2.836012093681685
28.27,-9.35483870967742,-0.9677419354838719,0.0,0.0,80.58142356662006,-0.09731388144669395,0.05527530367407173,2.835225026120611
28.28,-9.35483870967742,-0.9677419354838719,0.0,0.0,80.59075899298773,-0.09760846833360126,0.05460017765624052,2.834460650857613
28.29,-9.35483870967742,-0.9677419354838719,0.0,0.0,80.60010011664694,-0.09790347698310642,0.05395991313987718,2.833718970333115
28.3,-9.35483870967742,-0.9677419354838719,0.0,0.0,80.60944639835297,-0.09819815113732411,0.05335266134818893,2.8329999204402063
28.31,-9.35483870967742,-0.9677419354838719,0.0,0.0,80.61879733898023,-0.09849181207113045,0.05277666978827737,2.83230337757103
28.32,-9.35483870967742,-0.9677419354838719,0.0,0.0,80.62815247683001,-0.0987838523645802,0.05223027781008659,2.8316291651085903
28.33,-9.35483870967742,-0.9677419354838719,0.0,0.0,80.63751138510432,-0.09907373013513132,0.051711912312588135,2.8309770593977723
28.34,-9.35483870967742,-0.9677419354838719,0.0,0.0,80.64687366953635,-0.09936096369698677,0.051220083592976515,2.8303467952290275
28.35,-9.35483870967742,-0.9677419354838719,0.0,0.0,80.65623896616869,-0.09964512661679581,0.05075338133482775,2.8297380708674655
28.36,-9.35483870967742,-0.9677419354838719,0.0,0.0,80.66560693927103,-0.0999258431369402,0.050310470731635124,2.8291505526590996
28.37,-9.35483870967742,-0.9677419354838719,0.0,0.0,11.559938900414199,-0.10020278393954196,0.049890088742947966,2.828583879245433
28.38,-9.35483870967742,-0.9677419354838719,0.0,0.0,11.569311322545605,-0.1004756622262174,0.04949104048131846,2.8280376654168187
28.39,-9.35483870967742,-0.9677419354838719,0.0,0.0,80.69372394340309,-0.10074423009059552,0.049112195729150473,2.8275115056330478
28.4,-9.35483870967742,-0.9677419354838719,0.0,0.0,80.70309976391667,-0.10100827516231725,0.0487524855855571,2.8270049772389325
28.41,-9.35483870967742,-0.9677419354838719,0.0,0.0,80.71247694159199,-0.10126761750304991,0.04841089924394053,2.8265176434002104
28.42,-9.35483870967742,-0.9677419354838719,0.0,0.0,80.721855273213,-0.10152210673661732,0.04808648090143684,2.826049055783335
28.43,-9.35483870967742,-0.9677419354838719,0.0,0.0,80.73123457251452,-0.10177161939682955,0.04777832680141379,2.8255987570004777
28.44,-9.35483870967742,-0.9677419354838719,0.0,0.0,80.74061466896639,-0.10201605647789125,0.04748558240993016,2.8251662828389073
28.45,-9.35483870967742,-0.9677419354838719,0.0,0.0,80.74999540663917,-0.10225534117345503,0.047207439726447406,2.8247511642916696
28.46,-9.35483870967742,-0.9677419354838719,0.0,0.0,80.75937664314662,-0.10248941679137658,0.04694313472825444,2.8243529294045215
28.47,-9.35483870967742,-0.9677419354838719,0.0,0.0,11.653719869684242,-0.102718244832109,0.04669194494707922,2.823971104952365
28.48,-9.35483870967742,-0.9677419354838719,0.0,0.0,80.77814010498768,-0.1029418032194519,0.046453187175281116,2.823605217956686
28.49,-9.35483870967742,-0.9677419354838719,0.0,0.0,80.787522104722,-0.10316008467300952,0.04622621529803221,2.8232547970545543
28.5,-9.35483870967742,-0.9677419354838719,0.0,0.0,11.681865771462913,-0.10337309521234517,0.046010418246945115,2.8229193737284737
28.51,-9.35483870967742,-0.9677419354838719,0.0,0.0,80.80628615395351,-0.10358085278333806,0.04580521806987879,2.8225984834058857
28.52,-9.35483870967742,-0.9677419354838719,0.0,0.0,80.81566803563275,-0.10378338599781312,0.045610068111060595,2.8222916664363025
28.53,-9.35483870967742,-0.9677419354838719,0.0,0.0,80.82504972374493,-0.10398073297795041,0.045424451295373466,2.821998468954107
28.54,-9.35483870967742,-0.9677419354838719,0.0,0.0,80.83443115386147,-0.10417294029754387,0.045247878510446135,2.8217184436343046
28.55,-9.35483870967742,-0.9677419354838719,0.0,0.0,80.84381226829676,-0.10436006201259651,0.04507988708028969,2.82145115034882
28.56,-9.35483870967742,-0.9677419354838719,0.0,0.0,11.738154636611274,-0.10454215877426776,0.04492003932436704,2.8211961567304114
28.57,-9.35483870967742,-0.9677419354838719,0.0,0.0,80.86257335000352,-0.10471929701765859,0.0447679211962919,2.820953038651159
28.58,-9.35483870967742,-0.9677419354838719,0.0,0.0,80.87195323110342,-0.10489154822032287,0.0446231409968038,2.8207213806227625
28.59,-9.35483870967742,-0.9677419354838719,0.0,0.0,80.88133262330622,-0.10505898822496584,0.04448532815597965,2.8205007761247987
28.6,-9.35483870967742,-0.9677419354838719,0.0,0.0,80.89071149550374,-0.1052216966210876,0.04435413208022486,2.8202908278678187
28.61,-9.35483870967742,-0.9677419354838719,0.0,0.0,80.90008982069565,-0.1053797561808375,0.04422922105994086,2.820091147997228
28.62,-9.35483870967742,-0.9677419354838719,0.0,0.0,80.90946757565096,-0.10553325234470179,0.044110281234214496,2.8199013582437815
28.63,-9.35483870967742,-0.9677419354838719,0.0,0.0,80.91884474059336,-0.10568227275301312,0.04399701560925577,2.8197210900261767
28.64,-9.35483870967742,-0.9677419354838719,0.0,0.0,80.92822129890892,-0.10582690681958151,0.04388914312767965,2.8195499845110645
28.65,-9.35483870967742,-0.9677419354838719,0.0,0.0,80.93759723687495,-0.10596724534412916,0.04378639778594322,2.8193876926348542
28.66,-9.35483870967742,-0.9677419354838719,0.0,0.0,80.94697254340817,-0.10610338016037058,0.04368852779763259,2.81923387509228
28.67,-9.35483870967742,-0.9677419354838719,0.0,0.0,80.95634720983149,-0.10623540381699614,0.04359529480033157,2.8190882022950983
28.68,-9.35483870967742,-0.9677419354838719,0.0,0.0,80.96572122965786,-0.10636340928888244,0.043506473104156104,2.818950354305217
28.69,-9.35483870967742,-0.9677419354838719,0.0,0.0,80.97509459839011,-0.10648748971620503,0.04342184898002453,2.8188200207451524
28.7,-9.35483870967742,-0.9677419354838719,0.0,0.0,80.98446731333593,-0.10660773816923008,0.04334121998593925,2.8186969006890603
28.71,-9.35483870967742,-0.9677419354838719,0.0,0.0,80.99383937343666,-0.10672424743676967,0.04326439432961025,2.8185807025370275
28.72,-9.35483870967742,-0.9677419354838719,0.0,0.0,81.00321077910941,-0.10683710983645922,0.04319119026579897,2.8184711438749073
28.73,-9.35483870967742,-0.9677419354838719,0.0,0.0,81.01258153210114,-0.10694641704508634,0.043121435526895166,2.818367951322241
28.74,-9.35483870967742,-0.9677419354838719,0.0,0.0,11.90691325637879,-0.10705225994744316,0.04305496678517022,2.818270860369752
28.75,-9.35483870967742,-0.9677419354838719,0.0,0.0,81.03132109288268,-0.10715472850216867,0.04299162914531711,2.818179615208569
28.76,-9.35483870967742,-0.9677419354838719,0.0,0.0,81.04068990965796,-0.10725391162325437,0.04293127566582576,2.8180939685524566
28.77,-9.35483870967742,-0.9677419354838719,0.0,0.0,81.05005809150428,-0.1073498970759228,0.04287376690783866,2.8180136814545604
28.78,-9.35483870967742,-0.9677419354838719,0.0,0.0,81.05942564500222,-0.10744277138571401,0.04281897051013388,2.8179385231198215
28.79,-9.35483870967742,-0.9677419354838719,0.0,0.0,81.06879257740027,-0.1075326197596832,0.042766760788932864,2.817868270714157
28.8,-9.35483870967742,-0.9677419354838719,0.0,0.0,81.0781588965338,-0.10761952601869262,0.04271701836126289,2.817802709171375
28.81,-9.35483870967742,-0.9677419354838719,0.0,0.0,81.08752461075063,-0.10770357253984864,0.04266962979064719,2.8177416309987167
28.82,-9.35483870967742,-0.9677419354838719,0.0,0.0,81.0968897288432,-0.10778484020823842,0.042624487253896934,2.8176848360815514
28.83,-9.35483870967742,-0.9677419354838719,0.0,0.0,81.1062542599862,-0.10786340837710762,0.04258148822789552,2.817632131488216
28.84,-9.35483870967742,-0.9677419354838719,0.0,0.0,81.11561821367994,-0.107939354835767,0.04254053519521765,2.817583331275259
28.85,-9.35483870967742,-0.9677419354838719,0.0,0.0,81.1249815996984,-0.10801275578449976,0.04250153536754185,2.8175382562938296
28.86,-9.35483870967742,-0.9677419354838719,0.0,0.0,81.13434442804211,-0.10808368581584404,0.04246440042580195,2.8174967339974604
28.87,-9.35483870967742,-0.9677419354838719,0.0,0.0,81.14370670889514,-0.10815221790163143,0.04242904627611281,2.8174585982517915
28.88,-9.35483870967742,-0.9677419354838719,0.0,0.0,81.15306845258598,-0.10821842338523036,0.042395392820524666,2.8174236891465334
28.89,-9.35483870967742,-0.9677419354838719,0.0,0.0,81.16242966955217,-0.10828237197850255,0.04236336374168713,2.817391852809806
28.9,-9.35483870967742,-0.9677419354838719,0.0,0.0,81.17179037030806,-0.10834413176296398,0.042332886300602376,2.817362941225355
28.91,-9.35483870967742,-0.9677419354838719,0.0,0.0,12.066112186440353,-0.1084037691947426,0.04230389114663195,2.817336812052658
28.92,-9.35483870967742,-0.9677419354838719,0.0,0.0,81.19051026545903,-0.1084613491129075,0.04227631213900561,2.817313328450238
28.93,-9.35483870967742,-0.9677419354838719,0.0,0.0,81.1998694810191,-0.10851693475081914,0.04225008617909319,2.8172923589022365
28.94,-9.35483870967742,-0.9677419354838719,0.0,0.0,81.20922822265389,-0.10857058775014983,0.0422251530527573,2.817273777048399
28.95,-9.35483870967742,-0.9677419354838719,0.0,0.0,81.2185865008785,-0.10862236817725768,0.042201455282151454,2.8172574615176544
28.96,-9.35483870967742,-0.9677419354838719,0.0,0.0,12.112905947172738,-0.10867233454163694,0.04217893798633869,2.8172432957652473
28.97,-9.35483870967742,-0.9677419354838719,0.0,0.0,81.23730170884299,-0.10872054381617557,0.042157548750173454,2.8172311679135986
28.98,-9.35483870967742,-0.9677419354838719,0.0,0.0,81.24665865925407,-0.10876705145898502,0.042137237500899025,2.817220970596854
28.99,-9.35483870967742,-0.9677419354838719,0.0,0.0,81.25601518757159,-0.10881191143658375,0.042117956391961295,2.817212600809179
29.0,-9.35483870967742,-0.9677419354838719,0.0,0.0,81.26537130387405,-0.10885517624822805,0.0420996596935727,2.817205959756859
29.01,-9.35483870967742,-0.9677419354838719,0.0,0.0,81.27472701811877,-0.1088968969512133,0.04208230368958253,2.817200952714183
29.02,-9.35483870967742,-0.9677419354838719,0.0,0.0,81.28408234013368,-0.10893712318698512,0.04206584658023553,2.8171974888830573
29.03,-9.35483870967742,-0.9677419354838719,0.0,0.0,81.29343727961013,-0.1089759032079074,0.04205024839044062,2.817195481256391
29.04,-9.35483870967742,-0.9677419354838719,0.0,0.0,81.30279184609665,-0.10901328390454446,0.0420354708831958,2.8171948464852536
29.05,-9.35483870967742,-0.9677419354838719,0.0,0.0,81.31214604899368,-0.10904931083335756,0.042021477477813915,2.8171955047496247
29.06,-9.35483870967742,-0.9677419354838719,0.0,0.0,81.32149989754902,-0.10908402824467,0.0420082331726727,2.817197379632963
29.07,-9.35483870967742,-0.9677419354838719,0.0,0.0,12.215815021878644,-0.10911747911084568,0.04199570447215516,2.81720039800022
29.08,-9.35483870967742,-0.9677419354838719,0.0,0.0,81.34020656784088,-0.10914970515455003,0.041983859317551595,2.81720448987956
29.09,-9.35483870967742,-0.9677419354838719,0.0,0.0,81.34955940727937,-0.10918074687704105,0.04197266702164447,2.817209588347528
29.1,-9.35483870967742,-0.9677419354838719,0.0,0.0,81.35891192777571,-0.10921064358641774,0.04196209820674539,2.817215629417643
29.11,-9.35483870967742,-0.9677419354838719,0.0,0.0,81.36826413777075,-0.10923943342574982,0.04195212474597758,2.8172225519324234
29.12,-9.35483870967742,-0.9677419354838719,0.0,0.0,81.37761604553911,-0.10926715340103643,0.04194271970759898,2.8172302974587646
29.13,-9.35483870967742,-0.9677419354838719,0.0,0.0,81.38696765918861,-0.1092938394089571,0.041933857302163965,2.8172388101865127
29.14,-9.35483870967742,-0.9677419354838719,0.0,0.0,81.39631898666013,-0.10931952626436092,0.0419255128323605,2.8172480368302395
29.15,-9.35483870967742,-0.9677419354838719,0.0,0.0,81.40567003572777,-0.10934424772744678,0.04191766264536821,2.817257926534213
29.16,-9.35483870967742,-0.9677419354838719,0.0,0.0,81.41502081399926,-0.10936803653062066,0.04191028408756696,2.8172684307803584
29.17,-9.35483870967742,-0.9677419354838719,0.0,0.0,81.42437132891683,-0.10939092440499965,0.04190335546145589,2.8172795032991393
29.18,-9.35483870967742,-0.9677419354838719,0.0,0.0,81.43372158775809,-0.10941294210650832,0.04189685598468383,2.8172910999835183
29.19,-9.35483870967742,-0.9677419354838719,0.0,0.0,81.44307159763727,-0.10943411944159576,0.041890765751018064,2.8173031788055543
29.2,-9.35483870967742,-0.9677419354838719,0.0,0.0,81.45242136550667,-0.10945448529250534,0.04188506569318716,2.817315699735926
29.21,-9.35483870967742,-0.9677419354838719,0.0,0.0,12.346732519182726,-0.10947406764212297,0.04187973754745487,2.817328624666023
29.22,-9.35483870967742,-0.9677419354838719,0.0,0.0,81.47112020222505,-0.10949289359836056,0.04187476381985482,2.8173419173327643
29.23,-9.35483870967742,-0.9677419354838719,0.0,0.0,12.365430905208331,-0.10951098941809556,0.04187012775396519,2.8173555432458386
29.24,-9.35483870967742,-0.9677419354838719,0.0,0.0,81.48981815035606,-0.10952838053061775,0.0418658133001784,2.817369469617594
29.25,-9.35483870967742,-0.9677419354838719,0.0,0.0,81.4991668069109,-0.10954509156063508,0.04186180508632879,2.8173836652951145
29.26,-9.35483870967742,-0.9677419354838719,0.0,0.0,81.50851525986685,-0.10956114635076841,0.04185808838967013,2.8173981006948643
29.27,-9.35483870967742,-0.9677419354838719,0.0,0.0,81.5178635150942,-0.10957656798359239,0.04185464911007368,2.8174127477394304
29.28,-9.35483870967742,-0.9677419354838719,0.0,0.0,81.52721157831736,-0.1095913788031796,0.04185147374442298,2.817427579796576
29.29,-9.35483870967742,-0.9677419354838719,0.0,0.0,81.53655945511724,-0.10960560043617729,0.04184854936211589,2.8174425716203517
29.3,-9.35483870967742,-0.9677419354838719,0.0,0.0,81.54590715093369,-0.10961925381239135,0.04184586358164387,2.817457699294371
29.31,-9.35483870967742,-0.9677419354838719,0.0,0.0,81.55525467106797,-0.10963235918490899,0.04184340454816475,2.817472940177005
29.32,-9.35483870967742,-0.9677419354838719,0.0,0.0,81.56460202068529,-0.10964493614973325,0.041841160912049855,2.8174882728486246
29.33,-9.35483870967742,-0.9677419354838719,0.0,0.0,81.57394920481725,-0.10965700366495779,0.04183912180833364,2.817503677060675
29.34,-9.35483870967742,-0.9677419354838719,0.0,0.0,81.58329622836452,-0.10966858006948199,0.0418372768370253,2.8175191336865444
29.35,-9.35483870967742,-0.9677419354838719,0.0,0.0,81.59264309609927,-0.10967968310125176,0.041835616044262156,2.8175346246743205
29.36,-9.35483870967742,-0.9677419354838719,0.0,0.0,12.48695143369233,-0.10969032991505612,0.04183412990423939,2.817550133001196
29.37,-9.35483870967742,-0.9677419354838719,0.0,0.0,12.496298003617557,-0.10970053709988015,0.04183280930188625,2.817565642629514
29.38,-9.35483870967742,-0.9677419354838719,0.0,0.0,12.505644431301693,-0.10971032069581532,0.04183164551625827,2.8175811384644414
29.39,-9.35483870967742,-0.9677419354838719,0.0,0.0,81.63002910000414,-0.1097196962105228,0.04183063020462423,2.8175966063132867
29.4,-9.35483870967742,-0.9677419354838719,0.0,0.0,81.63937525594223,-0.10972867863528835,0.04182975538718624,2.8176120328462084
29.41,-9.35483870967742,-0.9677419354838719,0.0,0.0,81.64872128214648,-0.10973728246065073,0.041829013432427495,2.81762740555842
29.42,-9.35483870967742,-0.9677419354838719,0.0,0.0,81.65806718256127,-0.10974552169161145,0.04182839704305989,2.8176427127338606
29.43,-9.35483870967742,-0.9677419354838719,0.0,0.0,81.66741296102275,-0.10975340986245341,0.04182789924252682,2.8176579434101345
29.44,-9.35483870967742,-0.9677419354838719,0.0,0.0,81.67675862126133,-0.10976096005115088,0.041827513362059074,2.817673087344855
29.45,-9.35483870967742,-0.9677419354838719,0.0,0.0,81.68610416690406,-0.10976818489339324,0.0418272330282483,2.817688134983249
29.46,-9.35483870967742,-0.9677419354838719,-0.0,-0.0,81.69544960147705,-0.10977509659623552,0.04182705215110814,2.817703077426935
29.47,-9.35483870967742,-0.9677419354838719,-0.0,-0.0,81.70479492840786,-0.10978170695137035,0.041826964912616546,2.8177179064039315
29.48,-9.35483870967742,-0.9677419354838719,-0.0,-0.0,81.71414015102779,-0.10978802734802484,0.04182696575572241,2.8177326142398895
29.49,-9.35483870967742,-0.9677419354838719,-0.0,-0.0,81.7234852725742,-0.10979406878552089,0.04182704937376895,2.817747193830291
29.5,-9.35483870967742,-0.9677419354838719,-0.0,-0.0,81.73283029619276,-0.1097998418854691,0.0418272107003496,2.817761638613836
29.51,-9.35483870967742,-0.9677419354838719,-0.0,-0.0,81.74217522493976,-0.10980535690363147,0.041827444899554964,2.817775942546793
29.52,-9.35483870967742,-0.9677419354838719,-0.0,-0.0,81.75152006178419,-0.10981062374143558,0.041827747356617914,2.817790100078466
29.53,-9.35483870967742,-0.9677419354838719,-0.0,-0.0,81.76086480961001,-0.10981565195718657,0.04182811366890242,2.8178041061274395
29.54,-9.35483870967742,-0.9677419354838719,-0.0,-0.0,81.77020947121821,-0.10982045077693481,0.041828539637271886,2.817817956058961
29.55,-9.35483870967742,-0.9677419354838719,-0.0,-0.0,81.77955404932891,-0.1098250291050501,0.04182902125777675,2.817831645663077
29.56,-9.35483870967742,-0.9677419354838719,-0.0,-0.0,81.78889854658341,-0.10982939553448379,0.04182955471367848,2.8178451711337247
29.57,-9.35483870967742,-0.9677419354838719,-0.0,-0.0,12.68320458657077,-0.10983355835674014,0.04183013636777631,2.817858529048591
29.58,-9.35483870967742,-0.9677419354838719,-0.0,-0.0,81.80758730870703,-0.1098375255715558,0.041830762755040204,2.817871716349836
29.59,-9.35483870967742,-0.9677419354838719,-0.0,-0.0,81.8169315784826,-0.10984130489629107,0.041831430575534276,2.8178847303256207
29.6,-9.35483870967742,-0.9677419354838719,-0.0,-0.0,81.82627577721871,-0.10984490377506306,0.04183213668760215,2.817897568592271
29.61,-9.35483870967742,-0.9677419354838719,-0.0,-0.0,81.83561990719201,-0.10984832938759226,0.041832878101335,2.8179102290773095
29.62,-9.35483870967742,-0.9677419354838719,-0.0,-0.0,81.84496397061183,-0.10985158865780364,0.041833651972278826,2.817922710003069
29.63,-9.35483870967742,-0.9677419354838719,-0.0,-0.0,81.85430796962196,-0.1098546882621595,0.04183445559540065,2.817935009871081
29.64,-9.35483870967742,-0.9677419354838719,-0.0,-0.0,81.86365190630238,-0.10985763463775344,0.04183528639928162,2.8179471274470558
29.65,-9.35483870967742,-0.9677419354838719,-0.0,-0.0,81.87299578267103,-0.10986043399016698,0.041836141940530355,2.817959061746451
29.66,-9.35483870967742,-0.9677419354838719,-0.0,-0.0,81.88233960068541,-0.10986309230107705,0.04183701989842996,2.8179708120207545
29.67,-9.35483870967742,-0.9677419354838719,-0.0,-0.0,81.89168336224425,-0.10986561533564154,0.04183791806978519,2.817982377744296
29.68,-9.35483870967742,-0.9677419354838719,-0.0,-0.0,81.9010270691891,-0.10986800864967428,0.041838834363958785,2.8179937586015313
29.69,-9.35483870967742,-0.9677419354838719,-0.0,-0.0,81.91037072330587,-0.10987027759657908,0.041839766798125885,2.818004954475039
29.7,-9.35483870967742,-0.9677419354838719,-0.0,-0.0,81.9197143263264,-0.10987242733409308,0.04184071349269235,2.818015965433898
29.71,-9.35483870967742,-0.9677419354838719,-0.0,-0.0,81.92905787992991,-0.10987446283081947,0.04184167266689735,2.818026791722588
29.72,-9.35483870967742,-0.9677419354838719,-0.0,-0.0,81.9384013857445,-0.10987638887255102,0.04184264263459862,2.8180374337504666
29.73,-9.35483870967742,-0.9677419354838719,-0.0,-0.0,12.832706466373043,-0.10987821006841025,0.04184362180020949,2.8180478920816032
29.74,-9.35483870967742,-0.9677419354838719,-0.0,-0.0,81.95708826027192,-0.10987993085680048,0.04184460865479621,2.818058167425077
29.75,-9.35483870967742,-0.9677419354838719,-0.0,-0.0,81.96643163199778,-0.1098815555111653,0.041845601772337135,2.8180682606257705
29.76,-9.35483870967742,-0.9677419354838719,-0.0,-0.0,81.97577496196344,-0.10988308814557779,0.04184659980611809,2.8180781726554898
29.77,-9.35483870967742,-0.9677419354838719,-0.0,-0.0,81.98511825156189,-0.10988453272015164,0.04184760148527515,2.8180879046045373
29.78,-9.35483870967742,-0.9677419354838719,-0.0,-0.0,81.99446150214297,-0.10988589304627905,0.04184860561147839,2.8180974576736957
29.79,-9.35483870967742,-0.9677419354838719,-0.0,-0.0,82.00380471501464,-0.10988717279171767,0.04184961105573108,2.8181068331664756
29.8,-9.35483870967742,-0.9677419354838719,-0.0,-0.0,82.01314789144418,-0.10988837548551122,0.04185061675530531,2.818116032481778
29.81,-9.35483870967742,-0.9677419354838719,-0.0,-0.0,82.02249103265932,-0.10988950452274537,0.04185162171080557,2.818125057106968
29.82,-9.35483870967742,-0.9677419354838719,-0.0,-0.0,82.0318341398494,-0.10989056316916901,0.04185262498333385,2.818133908611146
29.83,-9.35483870967742,-0.9677419354838719,-0.0,-0.0,82.04117721416645,-0.10989155456566302,0.041853625691775406,2.818142588638809
29.84,-9.35483870967742,-0.9677419354838719,-0.0,-0.0,82.05052025672633,-0.10989248173256516,0.04185462301019087,2.8181510989037943
29.85,-9.35483870967742,-0.9677419354838719,-0.0,-0.0,82.05986326860969,-0.10989334757385805,0.04185561616531451,2.818159441183531
29.86,-9.35483870967742,-0.9677419354838719,-0.0,-0.0,82.06920625086308,-0.10989415488122922,0.04185660443414467,2.8181676173135157
29.87,-9.35483870967742,-0.9677419354838719,-0.0,-0.0,82.0785492044999,-0.10989490633799115,0.04185758714164138,2.8181756291821367
29.88,-9.35483870967742,-0.9677419354838719,-0.0,-0.0,82.08789213050137,-0.10989560452288172,0.04185856365850914,2.818183478725701
29.89,-9.35483870967742,-0.9677419354838719,-0.0,-0.0,82.09723502981751,-0.10989625191373997,0.0418595333990721,2.8181911679237244
29.9,-9.35483870967742,-0.9677419354838719,-0.0,-0.0,82.10657790336802,-0.10989685089107037,0.04186049581922656,2.8181986987944105
29.91,-9.35483870967742,-0.9677419354838719,-0.0,-0.0,82.11592075204318,-0.10989740374147516,0.041861450414493726,2.8182060733904777
29.92,-9.35483870967742,-0.9677419354838719,-0.0,-0.0,82.12526357670477,-0.10989791266099747,0.041862396718127345,2.818213293795027
29.93,-9.35483870967742,-0.9677419354838719,-0.0,-0.0,82.13460637818683,-0.10989837975832806,0.041863334299327634,2.818220362117839
29.94,-9.35483870967742,-0.9677419354838719,-0.0,-0.0,82.14394915729659,-0.10989880705794108,0.04186426276149273,2.8182272804916084
29.95,-9.35483870967742,-0.9677419354838719,-0.0,-0.0,82.15329191481518,-0.10989919650309199,0.041865181740577115,2.8182340510686332
29.96,-9.35483870967742,-0.9677419354838719,-0.0,-0.0,13.047596272523041,-0.10989954995874507,0.041866090903489514,2.8182406760174867
29.97,-9.35483870967742,-0.9677419354838719,-0.0,-0.0,82.17197736807786,-0.10989986921438588,0.04186698994657477,2.818247157519989
29.98,-9.35483870967742,-0.9677419354838719,-0.0,-0.0,82.18132006526086,-0.1099001559867524,0.04186787859414719,2.8182534977682776
29.99,-9.35483870967742,-0.9677419354838719,-0.0,-0.0,82.190662743732,-0.10990041192246902,0.0418687565970907,2.8182596989620765
30.0,-9.35483870967742,-0.9677419354838719,-0.0,-0.0,13.084967025177992,-0.10990063860059762,0.0418696237315133,2.8182657633060946
30.01,-9.35483870967742,-0.32258064516129004,-0.0,-0.0,82.20940272354147,-0.1093541519728295,0.0943295834349743,2.8172596557485257
30.02,-9.35483870967742,-0.32258064516129004,-0.0,-0.0,82.21885110989179,-0.10889156684997758,0.0916975106435495,2.816218350829558
30.03,-9.35483870967742,-0.32258064516129004,-0.0,-0.0,82.22834717756228,-0.10850622516738173,0.08919336432329303,2.8151480242549574
30.04,-9.35483870967742,-0.32258064516129004,-0.0,-0.0,82.23788773735369,-0.10819187760039439,0.08681148936286945,2.8140543719262827
30.05,-9.35483870967742,-0.32258064516129004,-0.0,-0.0,82.24746978680808,-0.10794266950795028,0.08454642387825914,2.812942636852025
30.06,-9.35483870967742,-0.32258064516129004,-0.0,-0.0,82.25709050077452,-0.10775312510051627,0.08239289885576359,2.8118176345815864
30.07,-9.35483870967742,-0.32258064516129004,-0.0,-0.0,82.26674722227976,-0.10761813032809608,0.08034583677712018,2.8106837769264423
30.08,-9.35483870967742,-0.32258064516129004,-0.0,-0.0,82.27643745373018,-0.10753291504629992,0.0784003493810049,2.809545094308783
30.09,-9.35483870967742,-0.32258064516129004,-0.0,-0.0,82.28615884846047,-0.10749303495368279,0.0765517347127819,2.8084052571881135
30.1,-9.35483870967742,-0.32258064516129004,-0.0,-0.0,82.295909202636,-0.10749435367471782,0.07479547361126912,2.8072675968976473
30.11,-9.35483870967742,-0.32258064516129004,-0.0,-0.0,82.30568644750916,-0.10753302524124975,0.07312722576805677,2.8061351260462573
30.12,-9.35483870967742,-0.32258064516129004,-0.0,-0.0,13.200450263050573,-0.10760547712674662,0.07154282547407861,2.8050105584955087
30.13,-9.35483870967742,-0.32258064516129004,-0.0,-0.0,82.32531396577617,-0.10770839391849163,0.07003827714534958,2.8038963288356173
30.14,-9.35483870967742,-0.32258064516129004,-0.0,-0.0,82.33516071227707,-0.10783870166969,0.06860975069875688,2.8027946112519775
30.15,-9.35483870967742,-0.32258064516129004,-0.0,-0.0,82.34502728258305,-0.10799355294876334,0.06725357683159613,2.8017073376788053
30.16,-9.35483870967742,-0.32258064516129004,-0.0,-0.0,82.35491217920826,-0.10817031258972076,0.0659662422454427,2.8006362151603654
30.17,-9.35483870967742,-0.32258064516129004,-0.0,-0.0,82.36481400035242,-0.10836654414015101,0.06474438484538572,2.7995827423697457
30.18,-9.35483870967742,-0.32258064516129004,-0.0,-0.0,82.37473143441818,-0.10857999699885879,0.06358478893874966,2.798548225262087
30.19,-9.35483870967742,-0.32258064516129004,-0.0,-0.0,82.38466325480825,-0.10880859423155431,0.06248438045269436,2.797533791861919
30.2,-9.35483870967742,-0.32258064516129004,-0.0,-0.0,82.39460831499119,-0.10905042105004414,0.0614402221865529,2.7965404061992567
30.21,-9.35483870967742,-0.32258064516129004,-0.0,-0.0,82.40456554382408,-0.109303713937428,0.0604495091125177,2.7955688814205386
30.22,-9.35483870967742,-0.32258064516129004,-0.0,-0.0,82.41453394112088,-0.10956685039943692,0.05950956373654706,2.7946198921059833
30.23,-9.35483870967742,-0.32258064516129004,-0.0,-0.0,82.4245125734554,-0.10983833931992804,0.05861783153033631,2.7936939858286123
30.24,-9.35483870967742,-0.32258064516129004,-0.0,-0.0,82.43450057018777,-0.11011681189707645,0.05777187644430734,2.792791593990747
30.25,-9.35483870967742,-0.32258064516129004,-0.0,-0.0,82.44449711970387,-0.11040101313581607,0.05696937651073139,2.791913041972682
30.26,-9.35483870967742,-0.32258064516129004,-0.0,-0.0,82.45450146585743,-0.11068979387149147,0.05620811954511887,2.79105855862659
30.27,-9.35483870967742,-0.32258064516129004,-0.0,-0.0,82.46451290460448,-0.11098210329948921,0.05548599895256087,2.7902282851458997
30.28,-9.35483870967742,-0.32258064516129004,-0.0,-0.0,82.47453078082053,-0.11127698198569813,0.05480100964371756,2.7894222833371907
30.29,-9.35483870967742,-0.32258064516129004,-0.0,-0.0,82.48455448529127,-0.11157355533279034,0.05415124406267294,2.78864054331895
30.3,-9.35483870967742,-0.32258064516129004,-0.0,-0.0,82.4945834518675,-0.11187102747755973,0.053534888325969504,2.7878829906691496
30.31,-9.35483870967742,-0.32258064516129004,-0.0,-0.0,82.50461715477606,-0.11216867559482879,0.0529502184690325,2.7871494930417615
30.32,-9.35483870967742,-0.32258064516129004,-0.0,-0.0,82.51465510607879,-0.11246584458370534,0.05239559679330594,2.786439866271769
30.33,-9.35483870967742,-0.32258064516129004,-0.0,-0.0,82.52469685327195,-0.11276194211221224,0.05186946830514402,2.785753879989206
30.34,-9.35483870967742,-0.32258064516129004,-0.0,-0.0,82.53474197701931,-0.11305643399682908,0.0513703572359481,2.785091262763561
30.35,-9.35483870967742,-0.32258064516129004,-0.0,-0.0,82.54479008901264,-0.11334883989393174,0.05089686363285942,2.78445170680313
30.36,-9.35483870967742,-0.32258064516129004,-0.0,-0.0,82.55484082995375,-0.1136387292809774,0.05044766001020842,2.7838348722362367
30.37,-9.35483870967742,-0.32258064516129004,-0.0,-0.0,82.5648938676528,-0.11392571770623039,0.05002148805421916,2.7832403910047896
30.38,-9.35483870967742,-0.32258064516129004,-0.0,-0.0,82.57494889523792,-0.1142094632871622,0.04961715537668679,2.782667870402984
30.39,-9.35483870967742,-0.32258064516129004,-0.0,-0.0,82.58500562947168,-0.11448966343916689,0.04923353231737368,2.782116896296003
30.4,-9.35483870967742,-0.32258064516129004,-0.0,-0.0,82.59506380916979,-0.11476605181790012,0.04886954879923458,2.78158703605468
30.41,-9.35483870967742,-0.32258064516129004,-0.0,-0.0,82.60512319371793,-0.11503839546045092,0.04852419124468452,2.7810778412411183
30.42,-9.35483870967742,-0.32258064516129004,-0.0,-0.0,82.61518356168237,-0.1153064921123419,0.048196499564734846,2.7805888500787344
30.43,-9.35483870967742,-0.32258064516129004,-0.0,-0.0,82.62524470951006,-0.11557016772913775,0.0478855642353537,2.7801195897368114
30.44,-9.35483870967742,-0.32258064516129004,-0.0,-0.0,82.63530645031373,-0.11582927414300392,0.047590523476685215,2.7796695784555157
30.45,-9.35483870967742,-0.32258064516129004,-0.0,-0.0,82.6453686127376,-0.11608368688589055,0.047310560550577946,2.779238327532163
30.46,-9.35483870967742,-0.32258064516129004,-0.0,-0.0,82.65543103989883,-0.11633330316201196,0.04704490119031027,2.778825343184268
30.47,-9.35483870967742,-0.32258064516129004,-0.0,-0.0,82.66549358840025,-0.11657803996293026,0.04679281117365544,2.7784301282999486
30.48,-9.35483870967742,-0.32258064516129004,-0.0,-0.0,82.67555612740944,-0.11681783231893239,0.04655359404671103,2.778052184081372
30.49,-9.35483870967742,-0.32258064516129004,-0.0,-0.0,82.68561853779954,-0.11705263168043822,0.04632658900176953,2.7776910115834212
30.5,-9.35483870967742,-0.32258064516129004,-0.0,-0.0,82.69568071134725,-0.11728240442303095,0.046111168908256533,2.777346113147154
30.51,-9.35483870967742,-0.32258064516129004,-0.0,-0.0,82.70574254998358,-0.11750713046952632,0.045906738491734905,2.777016993725648
30.52,-9.35483870967742,-0.32258064516129004,-0.0,-0.0,82.71580396509329,-0.11772680202211583,0.045712732652723936,2.776703162100006
30.53,-9.35483870967742,-0.32258064516129004,-0.0,-0.0,82.72586487685913,-0.11794142239749095,0.045528614914445126,2.7764041319829538
30.54,-9.35483870967742,-0.32258064516129004,-0.0,-0.0,82.73592521364755,-0.11815100495762787,0.04535387598706517,2.7761194230090984
30.55,-9.35483870967742,-0.32258064516129004,-0.0,-0.0,82.74598491143234,-0.11835557212893943,0.0451880324352473,2.7758485616120967
30.56,-9.35483870967742,-0.32258064516129004,-0.0,-0.0,82.75604391325386,-0.11855515450263876,0.04503062543588107,2.7755910817905867
30.57,-9.35483870967742,-0.32258064516129004,-0.0,-0.0,82.76610216871094,-0.11874979000938957,0.04488121961361621,2.7753465257665293
30.58,-9.35483870967742,-0.32258064516129004,-0.0,-0.0,82.77615963348352,-0.11893952316169032,0.044739401943018425,2.7751144445411002
30.59,-9.35483870967742,-0.32258064516129004,-0.0,-0.0,82.78621626888379,-0.1191244043579146,0.04460478070762433,2.7748943983543066
30.6,-9.35483870967742,-0.32258064516129004,-0.0,-0.0,82.79627204143449,-0.11930448924243886,0.044476984507776623,2.7746859570553606
30.61,-9.35483870967742,-0.32258064516129004,-0.0,-0.0,82.80632692247237,-0.11947983811676222,0.04435566131077659,2.77448870039179
30.62,-9.35483870967742,-0.32258064516129004,-0.0,-0.0,82.81638088777578,-0.11965051539713711,0.04424047753828683,2.774302218224876
30.63,-9.35483870967742,-0.32258064516129004,-0.0,-0.0,82.82643391721507,-0.11981658911465165,0.04413111718731602,2.7741261106795467
30.64,-9.35483870967742,-0.32258064516129004,-0.0,-0.0,82.83648599442441,-0.11997813045418793,0.044027280982203404,2.7739599882364563
30.65,-9.35483870967742,-0.32258064516129004,-0.0,-0.0,82.84653710649434,-0.12013521332916144,0.043928685555843144,2.773803471773166
30.66,-9.35483870967742,-0.32258064516129004,-0.0,-0.0,82.85658724368368,-0.12028791398916816,0.043835062659213914,2.7736561925617993
30.67,-9.35483870967742,-0.32258064516129004,-0.0,-0.0,82.86663639915011,-0.12043631065817328,0.043746158398575735,2.773517792228703
30.68,-9.35483870967742,-0.32258064516129004,-0.0,-0.0,82.87668456869832,-0.12058048320094772,0.043661732500207856,2.773387922682327
30.69,-9.35483870967742,-0.32258064516129004,-0.0,-0.0,82.88673175054493,-0.12072051281584961,0.04358155760259694,2.773266246013888
30.7,-9.35483870967742,-0.32258064516129004,-0.0,-0.0,82.89677794509929,-0.12085648175213548,0.04350541857615339,2.7731524343754215
30.71,-9.35483870967742,-0.32258064516129004,-0.0,-0.0,82.90682315475938,-0.12098847305016902,0.04343311187052243,2.773046169839163
30.72,-9.35483870967742,-0.32258064516129004,-0.0,-0.0,82.91686738372192,-0.12111657030306411,0.04336444488945604,2.772947144241399
30.73,-9.35483870967742,-0.32258064516129004,-0.0,-0.0,82.92691063780593,-0.12124085743833901,0.04329923539320038,2.772855059013989
30.74,-9.35483870967742,-0.32258064516129004,-0.0,-0.0,82.93695292428903,-0.12136141851833127,0.0432373109281555,2.772769625005782
30.75,-9.35483870967742,-0.32258064516129004,-0.0,-0.0,13.83195587278026,-0.1214783375581392,0.04317850828351902,2.7726905622962645
30.76,-9.35483870967742,-0.32258064516129004,-0.0,-0.0,82.95703462995684,-0.12159169835995542,0.04312267297447195,2.7726176000032283
30.77,-9.35483870967742,-0.32258064516129004,-0.0,-0.0,82.96707406967975,-0.12170158436273348,0.04306965875134691,2.772550476085949
30.78,-9.35483870967742,-0.32258064516129004,-0.0,-0.0,82.97711258262831,-0.12180807850615538,0.04301932713414855,2.7724889371452686
30.79,-9.35483870967742,-0.32258064516129004,-0.0,-0.0,82.98715018131219,-0.12191126310794909,0.04297154697168229,2.772432738221654
30.8,-9.35483870967742,-0.32258064516129004,-0.0,-0.0,82.99718687894493,-0.12201121975363083,0.042926194024504344,2.772381642592242
30.81,-9.35483870967742,-0.32258064516129004,-0.0,-0.0,83.00722268935012,-0.12210802919783048,0.04288315057081185,2.772335421567547
30.82,-9.35483870967742,-0.32258064516129004,-0.0,-0.0,13.902219247899612,-0.12220177127634424,0.042842305034409195,2.77229385428872
30.83,-9.35483870967742,-0.32258064516129004,-0.0,-0.0,13.912253327336263,-0.1222925248281933,0.04280355163377422,2.772256727525603
30.84,-9.35483870967742,-0.32258064516129004,-0.0,-0.0,83.037324942824,-0.12238036762689675,0.042766790051335574,2.772223835476434
30.85,-9.35483870967742,-0.32258064516129004,-0.0,-0.0,83.04735735188143,-0.12246537632032262,0.04273192512196297,2.772194979569264
30.86,-9.35483870967742,-0.32258064516129004,-0.0,-0.0,83.05738894919834,-0.12254762637842564,0.042698866539761654,2.7721699682656586
30.87,-9.35483870967742,-0.32258064516129004,-0.0,-0.0,83.06741975067841,-0.12262719204827832,0.042667528582220865,2.772148616866881
30.88,-9.35483870967742,-0.32258064516129004,-0.0,-0.0,13.962411393388695,-0.12270414631582549,0.042637829850793646,2.7721307473227155
30.89,-9.35483870967742,-0.32258064516129004,-0.0,-0.0,83.08747903039091,-0.12277856087380778,0.04260969302703074,2.77211618804325
30.9,-9.35483870967742,-0.32258064516129004,-0.0,-0.0,83.0975075409451,-0.12285050609534609,0.04258304464340454,2.772104773713783
30.91,-9.35483870967742,-0.32258064516129004,-0.0,-0.0,83.10753532022632,-0.12292005101273917,0.042557814867964255,2.7720963451128227
30.92,-9.35483870967742,-0.32258064516129004,-0.0,-0.0,83.1175623844131,-0.12298726330100951,0.04253393730203989,2.7720907489334325
30.93,-9.35483870967742,-0.32258064516129004,-0.0,-0.0,83.12758874963203,-0.12305220926578542,0.042511348790228304,2.77208783760802
30.94,-9.35483870967742,-0.32258064516129004,-0.0,-0.0,83.1376144319298,-0.12311495383514859,0.042489989241914966,2.772087469136538
30.95,-9.35483870967742,-0.32258064516129004,-0.0,-0.0,83.14763944724835,-0.1231755605550856,0.04246980146363219,2.7720895069181783
30.96,-9.35483870967742,-0.32258064516129004,-0.0,-0.0,14.042625432426906,-0.12323409158820209,0.042450731001607095,2.7720938195866616
30.97,-9.35483870967742,-0.32258064516129004,-0.0,-0.0,83.16768754005935,-0.12329060771540667,0.04243272599384726,2.7721002808490356
30.98,-9.35483870967742,-0.32258064516129004,-0.0,-0.0,83.17771064872191,-0.12334516834026255,0.042415737031193584,2.7721087693281263
30.99,-9.35483870967742,-0.32258064516129004,-0.0,-0.0,83.18773315271201,-0.12339783149575856,0.042399717026755795,2.7721191684085076
31.0,-9.35483870967742,-0.32258064516129004,-0.0,-0.0,14.082716688181709,-0.12344865385324588,0.04238462109321475,2.7721313660860676
31.01,-9.35483870967742,-0.32258064516129004,-0.0,-0.0,83.20777640697831,-0.1234976907333123,0.042370406427494484,2.7721452548211647
31.02,-9.35483870967742,-0.32258064516129004,-0.0,-0.0,83.21779718687934,-0.1235449961183891,0.042357032202328865,2.772160731395332
31.03,-9.35483870967742,-0.32258064516129004,-0.0,-0.0,83.22781742133795,-0.12359062266690068,0.042344459464285195,2.772177696771479
31.04,-9.35483870967742,-0.32258064516129004,-0.0,-0.0,83.23783712459795,-0.1236346217287787,0.04233265103782627,2.772196055957584
31.05,-9.35483870967742,-0.32258064516129004,-0.0,-0.0,83.24785631066273,-0.12367704336217111,0.04232157143503609,2.7722157178738684
31.06,-9.35483870967742,-0.32258064516129004,-0.0,-0.0,83.2578749932898,-0.12371793635119643,0.04231118677064152,2.7722365952234256
31.07,-9.35483870967742,-0.32258064516129004,-0.0,-0.0,83.26789318598644,-0.12375734822462514,0.04230146468197324,2.772258604366127
31.08,-9.35483870967742,-0.32258064516129004,-0.0,-0.0,83.27791090200614,-0.12379532527533055,0.04229237425357715,2.772281665195968
31.09,-9.35483870967742,-0.32258064516129004,-0.0,-0.0,83.287928154346,-0.12383191258041293,0.042283885946161254,2.7723057010216774
31.1,-9.35483870967742,-0.32258064516129004,-0.0,-0.0,83.29794495574487,-0.12386715402190085,0.04227597152958881,2.772330638450474
31.11,-9.35483870967742,-0.32258064516129004,-0.0,-0.0,14.192922939706623,-0.12390109230789503,0.04226860401969715,2.7723564072751845
31.12,-9.35483870967742,-0.32258064516129004,-0.0,-0.0,83.31797725537696,-0.12393376899411579,0.04226175761864706,2.772382940364307
31.13,-9.35483870967742,-0.32258064516129004,-0.0,-0.0,14.212954398813356,-0.12396522450572645,0.0422554076586277,2.7724101735553224
31.14,-9.35483870967742,-0.32258064516129004,-0.0,-0.0,14.222969518641978,-0.12399549815940591,0.04224953054865463,2.7724380455508495
31.15,-9.35483870967742,-0.32258064516129004,-0.0,-0.0,83.34802262630411,-0.12402462818555282,0.04224410372431689,2.7724664978179527
31.16,-9.35483870967742,-0.32258064516129004,-0.0,-0.0,83.35803697503302,-0.12405265175060431,0.042239105600244214,2.7724954744902384
31.17,-9.35483870967742,-0.32258064516129004,-0.0,-0.0,83.36805095473298,-0.12407960497940229,0.04223451552513571,2.7725249222727704
31.18,-9.35483870967742,-0.32258064516129004,-0.0,-0.0,83.37806457607961,-0.12410552297753308,0.04223031373921296,2.7725547903499135
31.19,-9.35483870967742,-0.32258064516129004,-0.0,-0.0,83.38807784949768,-0.12413043985363337,0.04222648133391174,2.772585030295797
31.2,-9.35483870967742,-0.32258064516129004,-0.0,-0.0,14.28305240618835,-0.1241543887416009,0.04222300021369216,2.7726155959874563
31.21,-9.35483870967742,-0.32258064516129004,-0.0,-0.0,83.40810339300934,-0.12417740182267412,0.042219853059839246,2.7726464435206415
31.22,-9.35483870967742,-0.32258064516129004,-0.0,-0.0,83.41811568272352,-0.12419951034736032,0.042217023296118567,2.7726775311281022
31.23,-9.35483870967742,-0.32258064516129004,-0.0,-0.0,83.42812766375668,-0.12422074465715816,0.04221449505619937,2.7727088191004934
31.24,-9.35483870967742,-0.32258064516129004,-0.0,-0.0,83.43813934532375,-0.12424113420609506,0.04221225315269447,2.772740269709523
31.25,-9.35483870967742,-0.32258064516129004,-0.0,-0.0,83.44815073640778,-0.12426070758199892,0.04221028304777566,2.772771847133676
31.26,-9.35483870967742,-0.32258064516129004,-0.0,-0.0,83.45816184576373,-0.12427949252753911,0.0422085708252162,2.7728035173860803
31.27,-9.35483870967742,-0.32258064516129004,-0.0,-0.0,14.353134302946646,-0.1242975159609635,0.042207103163833165,2.7728352482448453
31.28,-9.35483870967742,-0.32258064516129004,-0.0,-0.0,83.47818325319295,-0.12431480399658823,0.042205867312175266,2.7728670091853176
31.29,-9.35483870967742,-0.32258064516129004,-0.0,-0.0,83.48819356766974,-0.12433138196494076,0.04220485106446906,2.7728987713147975
31.3,-9.35483870967742,-0.32258064516129004,-0.0,-0.0,83.4982036332333,-0.12434727443262161,0.042204042737675224,2.7729305073091237
31.31,-9.35483870967742,-0.32258064516129004,-0.0,-0.0,83.50821345755593,-0.12436250522183612,0.04220343114963207,2.772962191351353
31.32,-9.35483870967742,-0.32258064516129004,-0.0,-0.0,83.51822304810534,-0.12437709742958158,0.042203005598227344,2.772993799072518
31.33,-9.35483870967742,-0.32258064516129004,-0.0,-0.0,83.52823241214881,-0.1243910734465169,0.04220275584151392,2.773025307494189
31.34,-9.35483870967742,-0.32258064516129004,-0.0,-0.0,83.5382415567572,-0.12440445497547914,0.04220267207874015,2.773056694972981
31.35,-9.35483870967742,-0.32258064516129004,-0.0,-0.0,83.54825048880903,-0.12441726304965228,0.04220274493223988,2.7730879411469114
31.36,-9.35483870967742,-0.32258064516129004,-0.0,-0.0,83.55825921499455,-0.12442951805039326,0.042202965430127,2.7731190268834847
31.37,-9.35483870967742,-0.32258064516129004,-0.0,-0.0,14.453229362844315,-0.12444123972470422,0.042203324989759455,2.7731499342295334
31.38,-9.35483870967742,-0.32258064516129004,-0.0,-0.0,14.463237696635051,-0.1244524472023526,0.04220381540192772,2.773180646362727
31.39,-9.35483870967742,-0.32258064516129004,-0.0,-0.0,83.58828422251635,-0.12446315901263205,0.042204428815741296,2.7732111475447803
31.4,-9.35483870967742,-0.32258064516129004,-0.0,-0.0,83.59829218851466,-0.12447339310078565,0.04220515772415004,2.773241423076136
31.41,-9.35483870967742,-0.32258064516129004,-0.0,-0.0,83.60829997941447,-0.12448316684406291,0.04220599495010127,2.7732714592523013
31.42,-9.35483870967742,-0.32258064516129004,-0.0,-0.0,83.61830760086038,-0.12449249706744003,0.042206933633270965,2.7733012433215984
31.43,-9.35483870967742,-0.32258064516129004,-0.0,-0.0,83.62831505833638,-0.12450140005897847,0.04220796721736761,2.7733307634444655
31.44,-9.35483870967742,-0.32258064516129004,-0.0,-0.0,83.63832235716971,-0.12450989158485926,0.042209089437946795,2.7733600086540373
31.45,-9.35483870967742,-0.32258064516129004,-0.0,-0.0,83.64832950253452,-0.1245179869040518,0.04221029431075188,2.7733889688182565
31.46,-9.35483870967742,-0.32258064516129004,-0.0,-0.0,83.65833649945563,-0.124525700782667,0.04221157612051499,2.7734176346031667
31.47,-9.35483870967742,-0.32258064516129004,-0.0,-0.0,14.553304973836692,-0.12453304750796146,0.0422129294102275,2.7734459974376
31.48,-9.35483870967742,-0.32258064516129004,-0.0,-0.0,83.67835006734101,-0.12454004090200943,0.04221434897084822,2.773474049479122
31.49,-9.35483870967742,-0.32258064516129004,-0.0,-0.0,83.68835664764062,-0.12454669433507104,0.0422158298314044,2.77350178358105
31.5,-9.35483870967742,-0.32258064516129004,-0.0,-0.0,83.69836309817418,-0.12455302073860752,0.04221736724951994,2.7735291932608575
31.51,-9.35483870967742,-0.32258064516129004,-0.0,-0.0,83.70836942327323,-0.12455903261800372,0.04221895670229661,2.7735562726695644
31.52,-9.35483870967742,-0.32258064516129004,-0.0,-0.0,83.71837562714089,-0.12456474206496748,0.042220593877566964,2.773583016562298
31.53,-9.35483870967742,-0.32258064516129004,-0.0,-0.0,83.7283817138552,-0.12457016076962002,0.04222227466549486,2.7736094202699593
31.54,-9.35483870967742,-0.32258064516129004,-0.0,-0.0,83.73838768737235,-0.124575300032299,0.0422239951504885,2.773635479671814
31.55,-9.35483870967742,-0.32258064516129004,-0.0,-0.0,83.74839355152984,-0.1245801707750468,0.042225751603448075,2.7736611911692206
31.56,-9.35483870967742,-0.32258064516129004,-0.0,-0.0,83.75839931004957,-0.12458478355281455,0.04222754047430652,2.7736865516602927
31.57,-9.35483870967742,-0.32258064516129004,-0.0,-0.0,83.76840496654088,-0.12458914856438608,0.04222935838485273,2.7737115585154504
31.58,-9.35483870967742,-0.32258064516129004,-0.0,-0.0,83.77841052450356,-0.12459327566300626,0.042231202121844696,2.7737362095539995
31.59,-9.35483870967742,-0.32258064516129004,0.0,-0.0,83.78841598733071,-0.12459717436675322,0.042233068630369214,2.77376050302146
31.6,-9.35483870967742,-0.32258064516129004,0.0,-0.0,83.79842135831167,-0.12460085386862296,0.04223495500747168,2.773784437567879
31.61,-9.35483870967742,-0.32258064516129004,0.0,-0.0,83.80842664063478,-0.12460432304635793,0.042236858496020185,2.773808012226906
31.62,-9.35483870967742,-0.32258064516129004,0.0,-0.0,83.8184318373901,-0.12460759047201286,0.042238776478806445,2.7738312263956995
31.63,-9.35483870967742,-0.32258064516129004,0.0,-0.0,83.82843695157209,-0.12461066442126945,0.042240706472867956,2.7738540798155986
31.64,-9.35483870967742,-0.32258064516129004,0.0,-0.0,14.723403607106807,-0.12461355288250142,0.042242646124024646,2.7738765725535393
31.65,-9.35483870967742,-0.32258064516129004,0.0,-0.0,83.84844694373169,-0.12461626356559374,0.04224459320162585,2.773898704984231
31.66,-9.35483870967742,-0.32258064516129004,0.0,-0.0,83.85845182724354,-0.12461880391052771,0.04224654559349025,2.7739204777729984
31.67,-9.35483870967742,-0.32258064516129004,0.0,-0.0,83.86845663925551,-0.12462118109572862,0.04224850130104116,2.773941891859345
31.68,-9.35483870967742,-0.32258064516129004,0.0,-0.0,83.87846138232221,-0.12462340204619082,0.042250458434619415,2.7739629484411292
31.69,-9.35483870967742,-0.32258064516129004,0.0,-0.0,83.88846605891747,-0.1246254734413692,0.04225241520898351,2.773983648959463
31.7,-9.35483870967742,-0.32258064516129004,0.0,-0.0,83.89847067143663,-0.12462740172287068,0.04225436993896084,2.7740039950840933
31.71,-9.35483870967742,-0.32258064516129004,0.0,-0.0,14.793436843223308,-0.124629193101921,0.04225632103527435,2.7740239886994718
31.72,-9.35483870967742,-0.32258064516129004,0.0,-0.0,83.91847971344885,-0.12463085356662185,0.04225826700052707,2.7740436318914035
31.73,-9.35483870967742,-0.32258064516129004,0.0,-0.0,83.92848414735987,-0.12463238888901185,0.042260206425331265,2.77406292693421
31.74,-9.35483870967742,-0.32258064516129004,0.0,-0.0,83.93848852603489,-0.12463380463192963,0.04226213798458259,2.7740818762784265
31.75,-9.35483870967742,-0.32258064516129004,0.0,-0.0,83.94849285150903,-0.12463510615567286,0.04226406043388384,2.7741004825390867
31.76,-9.35483870967742,-0.32258064516129004,0.0,-0.0,83.95849712575148,-0.12463629862448766,0.04226597260608464,2.774118748484374
31.77,-9.35483870967742,-0.32258064516129004,0.0,-0.0,83.96850135066735,-0.12463738701285287,0.04226787340797253,2.7741366770249156
31.78,-9.35483870967742,-0.32258064516129004,0.0,-0.0,83.97850552809959,-0.12463837611159978,0.0422697618170719,2.774154271203412
31.79,-9.35483870967742,-0.32258064516129004,0.0,-0.0,83.98850965983078,-0.12463927053385482,0.04227163687856608,2.774171534184749
31.8,-9.35483870967742,-0.32258064516129004,0.0,-0.0,83.9985137475849,-0.12464007472079375,0.04227349770235314,2.7741884692466523
31.81,-9.35483870967742,-0.32258064516129004,0.0,-0.0,84.00851779302904,-0.12464079294726271,0.04227534346017922,2.7742050797705384
31.82,-9.35483870967742,-0.32258064516129004,0.0,-0.0,84.01852179777512,-0.12464142932719813,0.04227717338291767,2.774221369233023
31.83,-9.35483870967742,-0.32258064516129004,0.0,-0.0,84.02852576338148,-0.12464198781892288,0.042278986757918885,2.7742373411975922
31.84,-9.35483870967742,-0.32258064516129004,0.0,-0.0,84.03852969135451,-0.12464247223026548,0.04228078292648055,2.7742529993067895
31.85,-9.35483870967742,-0.32258064516129004,0.0,-0.0,84.04853358315019,-0.12464288622353459,0.04228256128141014,2.774268347274738
31.86,-9.35483870967742,-0.32258064516129004,0.0,-0.0,84.05853744017556,-0.12464323332034744,0.042284321264679264,2.77428338888
31.87,-9.35483870967742,-0.32258064516129004,0.0,-0.0,84.06854126379027,-0.12464351690632836,0.042286062365154725,2.774298127958679
31.88,-9.35483870967742,-0.32258064516129004,0.0,-0.0,84.07854505530793,-0.12464374023563551,0.04228778411644876,2.7743125683980825
31.89,-9.35483870967742,-0.32258064516129004,0.0,-0.0,84.08854881599757,-0.12464390643539425,0.04228948609481001,2.7743267141303902
31.9,-9.35483870967742,-0.32258064516129004,0.0,-0.0,84.09855254708495,-0.12464401850995988,0.04229116791713447,2.7743405691268985
31.91,-9.35483870967742,-0.32258064516129004,0.0,-0.0,84.1085562497539,-0.12464407934508126,0.042292829239023694,2.7743541373923497
31.92,-9.35483870967742,-0.32258064516129004,0.0,-0.0,84.1185599251476,-0.12464409171191726,0.04229446975294024,2.7743674229596853
31.93,-9.35483870967742,-0.32258064516129004,0.0,-0.0,84.12856357436979,-0.1246440582709516,0.04229608918641528,2.7743804298849355
31.94,-9.35483870967742,-0.32258064516129004,0.0,-0.0,84.13856719848607,-0.12464398157577106,0.042297687300343195,2.774393162242484
31.95,-9.35483870967742,-0.32258064516129004,0.0,-0.0,84.14857079852499,-0.12464386407673966,0.042299263887332766,2.774405624120503
31.96,-9.35483870967742,-0.32258064516129004,0.0,-0.0,84.15857437547925,-0.12464370812456282,0.042300818770120624,2.774417819616621
31.97,-9.35483870967742,-0.32258064516129004,0.0,-0.0,84.16857793030678,-0.12464351597372225,0.04230235180006628,2.7744297528339352
31.98,-9.35483870967742,-0.32258064516129004,0.0,-0.0,84.17858146393188,-0.1246432897858395,0.042303862855674085,2.774441427877028
31.99,-9.35483870967742,-0.32258064516129004,0.0,-0.0,84.18858497724621,-0.1246430316329018,0.04230535184120618,2.774452848848415
32.0,-9.35483870967742,-0.32258064516129004,0.0,-0.0,84.19858847110986,-0.12464274350040638,0.0423068186853334,2.774464019845069
32.01,-9.35483870967742,0.32258064516129004,0.0,-0.0,84.20864559647377,-0.1241160837262193,0.09480921599451661,2.7733101511111147
32.02,-9.35483870967742,0.32258064516129004,0.0,-0.0,84.21875297911508,-0.12366666436806995,0.09221304434317709,2.772129271487241
32.03,-9.35483870967742,0.32258064516129004,0.0,-0.0,84.22890742578066,-0.1232887617812305,0.08973886705876613,2.7709269099819296
32.04,-9.35483870967742,0.32258064516129004,0.0,-0.0,84.23910591622429,-0.12297697865816248,0.08738159723227498,2.7697081803492525
32.05,-9.35483870967742,0.32258064516129004,0.0,-0.0,15.134307216442,-0.12272623212971479,0.08513630553871723,2.7684777976638424
32.06,-9.35483870967742,0.32258064516129004,0.0,-0.0,84.2596237659583,-0.12253174147448298,0.08299822052473074,2.767240096415574
32.07,-9.35483870967742,0.32258064516129004,0.0,-0.0,84.26993788069602,-0.12238901559246707,0.08096272807585728,2.7659990495430398
32.08,-9.35483870967742,0.32258064516129004,0.0,-0.0,84.28028553558354,-0.12229384033843249,0.07902537025177728,2.7647582878622554
32.09,-9.35483870967742,0.32258064516129004,0.0,-0.0,84.29066446276765,-0.12224226579925856,0.0771818436184368,2.763521119447631
32.1,-9.35483870967742,0.32258064516129004,0.0,-0.0,84.30107252392281,-0.12223059360223087,0.07542799716882484,2.762290548646882
32.11,-9.35483870967742,0.32258064516129004,0.0,-0.0,84.31150770383253,-0.12225536434124151,0.07375982990365912,2.7610692945292263
32.12,-9.35483870967742,0.32258064516129004,0.0,-0.0,84.32196810421934,-0.12231334520285886,0.072173488131093,2.7598598086562904
32.13,-9.35483870967742,0.32258064516129004,0.0,-0.0,84.33245193782285,-0.12240151786551923,0.07066526253585839,2.7586642921229125
32.14,-9.35483870967742,0.32258064516129004,0.0,-0.0,84.3429575227235,-0.12251706673352347,0.06923158506149826,2.7574847118505432
32.15,-9.35483870967742,0.32258064516129004,0.0,-0.0,84.35348327690792,-0.12265736755476908,0.06786902564334171,2.756322816135302
32.16,-9.35483870967742,0.32258064516129004,0.0,-0.0,84.36402771307115,-0.12281997645836207,0.06657428882433628,2.755180149463207
32.17,-9.35483870967742,0.32258064516129004,0.0,-0.0,84.37458943364966,-0.12300261943656099,0.06534421028045553,2.754058066609419
32.18,-9.35483870967742,0.32258064516129004,0.0,-0.0,84.3851671260789,-0.12320318228518368,0.0641757532774965,2.7529577460408823
32.19,-9.35483870967742,0.32258064516129004,0.0,-0.0,84.3957595582685,-0.12341970100815314,0.0630660050765556,2.751880202641907
32.2,-9.35483870967742,0.32258064516129004,0.0,-0.0,84.40636557428809,-0.12365035268490121,0.06201217330189704,2.75082629978333
32.21,-9.35483870967742,0.32258064516129004,0.0,-0.0,84.4169840902567,-0.12389344679402792,0.06101158228232398,2.74979676075675
32.22,-9.35483870967742,0.32258064516129004,0.0,-0.0,84.42761409042858,-0.12414741698258835,0.060061669375866794,2.748792179597208
32.23,-9.35483870967742,0.32258064516129004,0.0,-0.0,84.4382546234685,-0.12441081326764991,0.05915998128762304,2.747813031319617
32.24,-9.35483870967742,0.32258064516129004,0.0,-0.0,84.44890479890954,-0.12468229465498992,0.058304170392014604,2.7468596815969737
32.25,-9.35483870967742,0.32258064516129004,0.0,-0.0,84.45956378378646,-0.12496062215911874,0.05749199107306521,2.745932395909526
32.26,-9.35483870967742,0.32258064516129004,0.0,-0.0,84.47023079943772,-0.12524465220868752,0.05672129609946311,2.745031348195666
32.27,-9.35483870967742,0.32258064516129004,0.0,-0.0,84.48090511846904,-0.1255333304219156,0.05599003305417258,2.7441566290343102
32.28,-9.35483870967742,0.32258064516129004,0.0,-0.0,84.49158606187162,-0.12582568573751984,0.05529624084071552,2.7433082533863993
32.29,-9.35483870967742,0.32258064516129004,0.0,-0.0,15.387234617311965,-0.12612082488760012,0.05463804628920674,2.7424861679191235
32.3,-9.35483870967742,0.32258064516129004,0.0,-0.0,84.51296533141432,-0.12641792719980216,0.054013660884318,2.741690257931174
32.31,-9.35483870967742,0.32258064516129004,0.0,-0.0,84.52366251754341,-0.1267162397167172,0.05342137763433116,2.7409203538909375
32.32,-9.35483870967742,0.32258064516129004,0.0,-0.0,84.53436404322093,-0.12701507262074163,0.052859568095496995,2.740176237593193
32.33,-9.35483870967742,0.32258064516129004,0.0,-0.0,84.54506943302724,-0.1273137949524933,0.05232667955950718,2.739457647934338
32.34,-9.35483870967742,0.32258064516129004,0.0,-0.0,84.5557782454655,-0.12761183061049908,0.051821232404603707,2.738764286301435
32.35,-9.35483870967742,0.32258064516129004,0.0,-0.0,84.56649007095315,-0.12790865461925094,0.0513418176035548,2.738095821567681
32.36,-9.35483870967742,0.32258064516129004,0.0,-0.0,84.57720452990938,-0.12820378965204682,0.050887094375058256,2.7374518946858415
32.37,-9.35483870967742,0.32258064516129004,0.0,-0.0,15.472882891957358,-0.12849680279444964,0.05045578795957065,2.7368321228716304
32.38,-9.35483870967742,0.32258064516129004,0.0,-0.0,84.5986399690639,-0.12878730253377868,0.05004668749638638,2.7362361033706826
32.39,-9.35483870967742,0.32258064516129004,0.0,-0.0,84.60936032412724,-0.12907493595974118,0.04965864397608841,2.735663416805925
32.4,-9.35483870967742,0.32258064516129004,0.0,-0.0,84.62008205914988,-0.12935938616134768,0.04929056824084169,2.735113630104817
32.41,-9.35483870967742,0.32258064516129004,0.0,-0.0,15.515766539876811,-0.12964036980524107,0.04894142900446849,2.734586299010254
32.42,-9.35483870967742,0.32258064516129004,0.0,-0.0,15.526490289233724,-0.12991763488070307,0.04861025086427603,2.734080970182957
32.43,-9.35483870967742,0.32258064516129004,0.0,-0.0,84.65225309107882,-0.13019095859667817,0.04829611227721406,2.7335971829080514
32.44,-9.35483870967742,0.32258064516129004,0.0,-0.0,15.547939609923237,-0.1304601454161266,0.04799814347415535,2.733134470424537
32.45,-9.35483870967742,0.32258064516129004,0.0,-0.0,84.67370317944776,-0.13072502521296847,0.047715524288135996,2.73269236090333
32.46,-9.35483870967742,0.32258064516129004,0.0,-0.0,84.68442849567485,-0.13098545153675212,0.04744748187585532,2.7322703781085607
32.47,-9.35483870967742,0.32258064516129004,0.0,-0.0,84.69515378459377,-0.13124129997031575,0.04719328831704031,2.731868041786544
32.48,-9.35483870967742,0.32258064516129004,0.0,-0.0,84.70587890624599,-0.13149246656612823,0.046952258084154846,2.7314848678379913
32.49,-9.35483870967742,0.32258064516129004,0.0,-0.0,84.7166037327318,-0.1317388663480369,0.046723745385614496,2.731120368339962
32.5,-9.35483870967742,0.32258064516129004,0.0,-0.0,84.72732814731114,-0.1319804318671105,0.04650714139891618,2.730774051492554
32.51,-9.35483870967742,0.32258064516129004,0.0,-0.0,15.623013664598819,-0.1322171118029286,0.04630187142544415,2.730445421571748
32.52,-9.35483870967742,0.32258064516129004,0.0,-0.0,84.74877532468243,-0.13244886960550328,0.04610739201414646,2.7301339789687638
32.53,-9.35483870967742,0.32258064516129004,0.0,-0.0,15.64445952370173,-0.1326756821771774,0.0459231881152137,2.729839220390089
32.54,-9.35483870967742,0.32258064516129004,0.0,-0.0,84.77021969785608,-0.13289753859832432,0.04574877033444927,2.729560639277321
32.55,-9.35483870967742,0.32258064516129004,0.0,-0.0,15.665902259235526,-0.1331144389046065,0.0455836723622082,2.729297726484495
32.56,-9.35483870967742,0.32258064516129004,0.0,-0.0,84.79166065892387,-0.1333263929262587,0.045427448646232355,2.729049971224967
32.57,-9.35483870967742,0.32258064516129004,0.0,-0.0,84.8023797019141,-0.1335334192011196,0.04527967236496469,2.7288168622715157
32.58,-9.35483870967742,0.32258064516129004,0.0,-0.0,84.81309771543,-0.1337355439723319,0.045139933738667454,2.7285978893683245
32.59,-9.35483870967742,0.32258064516129004,0.0,-0.0,84.82381465367757,-0.13393280027916477,0.04500783869218253,2.7283925447933908
32.6,-9.35483870967742,0.32258064516129004,0.0,-0.0,15.719492097503608,-0.1341252271456258,0.04488300785885482,2.72820032499781
32.61,-9.35483870967742,0.32258064516129004,0.0,-0.0,84.84524514895453,-0.13431286886698357,0.04476507589340986,2.7280207322456675
32.62,-9.35483870967742,0.32258064516129004,0.0,-0.0,84.85595864122085,-0.13449577439000981,0.04465369104482195,2.727853276182858
32.63,-9.35483870967742,0.32258064516129004,0.0,-0.0,84.86667092810312,-0.1346739967788969,0.04454851493033299,2.727697475275568
32.64,-9.35483870967742,0.32258064516129004,0.0,-0.0,84.87738198885509,-0.13484759275626879,0.04444922244860841,2.7275528580741795
32.65,-9.35483870967742,0.32258064516129004,0.0,-0.0,84.88809180688634,-0.13501662230733802,0.04435550177301603,2.7274189642753295
32.66,-9.35483870967742,0.32258064516129004,0.0,-0.0,15.783761990519228,-0.135181148335057,0.04426705437360376,2.7272953455712794
32.67,-9.35483870967742,0.32258064516129004,0.0,-0.0,84.90950766760346,-0.13534123635498885,0.04418359502654465,2.727181566289013
32.68,-9.35483870967742,0.32258064516129004,0.0,-0.0,15.805175316528551,-0.13549695422013774,0.04410485178105275,2.7270772038317204
32.69,-9.35483870967742,0.32258064516129004,0.0,-0.0,15.815880071628246,-0.1356483718677307,0.04403056586471746,2.7269818489428634
32.7,-9.35483870967742,0.32258064516129004,0.0,-0.0,84.94162193318084,-0.13579556108195356,0.04396049151765072,2.7268951058162156
32.71,-9.35483870967742,0.32258064516129004,0.0,-0.0,84.95232414614705,-0.1359385952683544,0.04389439575361129,2.7268165920770464
32.72,-9.35483870967742,0.32258064516129004,0.0,-0.0,84.96302509481842,-0.13607754923721727,0.04383205805194987,2.726745938658661
32.73,-9.35483870967742,0.32258064516129004,0.0,-0.0,84.97372478669617,-0.13621249899436816,0.04377326998813483,2.7266827895970174
32.74,-9.35483870967742,0.32258064516129004,0.0,-0.0,84.9844232312576,-0.13634352153885387,0.043717834812804196,2.726626801763111
32.75,-9.35483870967742,0.32258064516129004,0.0,-0.0,84.99512043975787,-0.1364706946674924,0.04366556699032295,2.726577644550348
32.76,-9.35483870967742,0.32258064516129004,0.0,-0.0,85.00581642504301,-0.13659409678671464,0.04361629170779771,2.726534999530901
32.77,-9.35483870967742,0.32258064516129004,0.0,-0.0,85.01651120137431,-0.1367138067322965,0.043569844364891114,2.7264985600924603
32.78,-9.35483870967742,0.32258064516129004,0.0,-0.0,85.02720478426413,-0.13682990359759117,0.043526070053776095,2.7264680310646
32.79,-9.35483870967742,0.32258064516129004,0.0,-0.0,85.03789719032298,-0.1369424665709117,0.043484823037247794,2.7264431283413346
32.8,-9.35483870967742,0.32258064516129004,0.0,-0.0,15.933550058142249,-0.13705157478250374,0.043445966231812266,2.7264235785054547
32.81,-9.35483870967742,0.32258064516129004,0.0,-0.0,85.05927854304034,-0.13715730716151253,0.043409370701186584,2.726409118458097
32.82,-9.35483870967742,0.32258064516129004,0.0,-0.0,85.0699675271873,-0.13725974230311333,0.04337491516455169,2.7263994950565196
32.83,-9.35483870967742,0.32258064516129004,0.0,-0.0,85.08065540924845,-0.13735895834591105,0.043342485522755964,2.7263944647616305
32.84,-9.35483870967742,0.32258064516129004,0.0,-0.0,85.09134220940538,-0.1374550328595029,0.04331197440482373,2.7263937932966598
32.85,-9.35483870967742,0.32258064516129004,0.0,-0.0,85.10202794823864,-0.13754804274206645,0.04328328073625817,2.7263972553173303
32.86,-9.35483870967742,0.32258064516129004,0.0,-0.0,85.1127126466432,-0.13763806412767232,0.043256309330049175,2.7264046340939503
32.87,-9.35483870967742,0.32258064516129004,0.0,-0.0,85.12339632575163,-0.13772517230295744,0.04323097050075478,2.7264157212054716
32.88,-9.35483870967742,0.32258064516129004,0.0,-0.0,85.1340790068645,-0.13780944163278086,0.043207179701567594,2.7264303162451116
32.89,-9.35483870967742,0.32258064516129004,0.0,-0.0,85.14476071138753,-0.1378909454943803,0.04318485718400897,2.7264482265373697
32.9,-9.35483870967742,0.32258064516129004,0.0,-0.0,85.15544146077491,-0.1379697562195511,0.04316392767962676,2.726469266866044
32.91,-9.35483870967742,0.32258064516129004,0.0,-0.0,85.16612127647832,-0.13804594504436574,0.043144320102874084,2.7264932592126594
32.92,-9.35483870967742,0.32258064516129004,0.0,-0.0,85.17680017990132,-0.13811958206590758,0.04312596727426851,2.72652003250502
32.93,-9.35483870967742,0.32258064516129004,0.0,-0.0,85.18747819235851,-0.1381907362055378,0.0431088056628032,2.726549422375272
32.94,-9.35483870967742,0.32258064516129004,0.0,-0.0,85.19815533503919,-0.13825947517819326,0.043092775146572254,2.726581270927101
32.95,-9.35483870967742,0.32258064516129004,0.0,-0.0,85.2088316289751,-0.13832586546725711,0.04307781879052122,2.7266154265114984
32.96,-9.35483870967742,0.32258064516129004,0.0,-0.0,85.21950709501189,-0.138389972304512,0.04306388264028929,2.7266517435108835
32.97,-9.35483870967742,0.32258064516129004,0.0,-0.0,85.23018175378398,-0.1384518596547869,0.043050915531047035,2.726690082130867
32.98,-9.35483870967742,0.32258064516129004,0.0,-0.0,85.24085562569255,-0.1385115902048345,0.04303886891036493,2.7267303081996155
32.99,-9.35483870967742,0.32258064516129004,0.0,-0.0,85.25152873088633,-0.13856922535609417,0.04302769667408765,2.726772292974152
33.0,-9.35483870967742,0.32258064516129004,0.0,-0.0,16.147162710269615,-0.13862482522094777,0.04301735501431089,2.7268159129534557
33.01,-9.35483870967742,0.32258064516129004,0.0,-0.0,85.27287272036509,-0.13867844862212386,0.043007802278578894,2.726861049698079
33.02,-9.35483870967742,0.32258064516129004,0.0,-0.0,85.28354364354726,-0.13873015309497594,0.04299899883942468,2.726907589655691
33.03,-9.35483870967742,0.32258064516129004,0.0,-0.0,85.29421387778667,-0.13877999489227266,0.042990906973540494,2.7269554239927616
33.04,-9.35483870967742,0.32258064516129004,0.0,-0.0,85.30488344176412,-0.13882802899129654,0.042983490749773895,2.72700444843166
33.05,-9.35483870967742,0.32258064516129004,0.0,-0.0,85.31555235383914,-0.13887430910295284,0.042976715925315906,2.727054563093261
33.06,-9.35483870967742,0.32258064516129004,0.0,-0.0,85.32622063204445,-0.1389188876826789,0.04297054984942564,2.72710567234472
33.07,-9.35483870967742,0.32258064516129004,0.0,-0.0,85.3368882940817,-0.13896181594294532,0.04296496137409542,2.7271576846521652
33.08,-9.35483870967742,0.32258064516129004,0.0,-0.0,85.34755535731827,-0.13900314386713797,0.04295992077113117,2.727210512438268
33.09,-9.35483870967742,0.32258064516129004,0.0,-0.0,85.35822183878517,-0.1390429202246658,0.0429553996551191,2.727264071944347
33.1,-9.35483870967742,0.32258064516129004,0.0,-0.0,16.253849376200396,-0.13908119258711926,0.04295137091182613,2.7273182830969316
33.11,-9.35483870967742,0.32258064516129004,0.0,-0.0,85.37955312284576,-0.13911800734532676,0.042947808631610546,2.727373069378683
33.12,-9.35483870967742,0.32258064516129004,0.0,-0.0,16.2751795788373,-0.13915340972720147,0.04294468804741938,2.727428357703324
33.13,-9.35483870967742,0.32258064516129004,0.0,-0.0,85.40088227575798,-0.13918744381622117,0.04294198547704606,2.7274840782947054
33.14,-9.35483870967742,0.32258064516129004,0.0,-0.0,85.41154609202752,-0.1392201525704645,0.04293967826927611,2.7275401645696298
33.15,-9.35483870967742,0.32258064516129004,0.0,-0.0,85.42220942163442,-0.13925157784208164,0.04293774475363979,2.727596553024473
33.16,-9.35483870967742,0.32258064516129004,0.0,-0.0,85.43287227926122,-0.13928176039712137,0.04293616419347232,2.7276531831253936
33.17,-9.35483870967742,0.32258064516129004,0.0,-0.0,85.44353467926281,-0.1393107399356176,0.04293491674204039,2.727709997202129
33.18,-9.35483870967742,0.32258064516129004,0.0,-0.0,85.45419663566976,-0.13933855511189996,0.04293398340145735,2.727766940345009
33.19,-9.35483870967742,0.32258064516129004,0.0,-0.0,85.46485816219179,-0.13936524355500335,0.04293334598422707,2.727823960305486
33.2,-9.35483870967742,0.32258064516129004,0.0,-0.0,85.47551927222162,-0.13939084188917994,0.042932987077154844,2.7278810073996587
33.21,-9.35483870967742,0.32258064516129004,0.0,-0.0,85.48617997883898,-0.1394153857544126,0.04293289000748615,2.727938034415021
33.22,-9.35483870967742,0.32258064516129004,0.0,-0.0,85.49684029481482,-0.1394389098269112,0.04293303881107738,2.727994996520141
33.23,-9.35483870967742,0.32258064516129004,0.0,-0.0,85.50750023261568,-0.1394614478395373,0.04293341820245564,2.7280518511772853
33.24,-9.35483870967742,0.32258064516129004,0.0,-0.0,85.51815980440819,-0.13948303260211836,0.04293401354662371,2.7281085580578788
33.25,-9.35483870967742,0.32258064516129004,0.0,-0.0,85.52881902206363,-0.13950369602163615,0.042934810832465115,2.728165078960632
33.26,-9.35483870967742,0.32258064516129004,0.0,-0.0,85.53947789716271,-0.1395234691222328,0.042935796647652374,2.7282213777324142
33.27,-9.35483870967742,0.32258064516129004,0.0,-0.0,85.55013644100023,-0.139542382065022,0.04293695815493695,2.728277420191713
33.28,-9.35483870967742,0.32258064516129004,0.0,-0.0,85.56079466458995,-0.1395604641676994,0.042938283069701294,2.7283331740544927
33.29,-9.35483870967742,0.32258064516129004,0.0,-0.0,85.57145257866935,-0.139577743923892,0.04293975963871985,2.7283886088626517
33.3,-9.35483870967742,0.32258064516129004,0.0,-0.0,85.58211019370454,-0.13959424902227302,0.04294137661999939,2.7284436959147036
33.31,-9.35483870967742,0.32258064516129004,0.0,-0.0,85.59276751989505,-0.1396100063653981,0.04294312326364938,2.728498408198828
33.32,-9.35483870967742,0.32258064516129004,0.0,-0.0,16.488386188203297,-0.1396250420882671,0.0429449892936917,2.7285527203280977
33.33,-9.35483870967742,0.32258064516129004,0.0,-0.0,85.61408134523661,-0.13963938157657818,0.042946964890763745,2.728606608477962
33.34,-9.35483870967742,0.32258064516129004,0.0,-0.0,85.62473786349757,-0.13965304948470203,0.04294904067561903,2.728660050325699
33.35,-9.35483870967742,0.32258064516129004,0.0,-0.0,85.63539413114324,-0.13966606975332463,0.04295120769340968,2.7287130249920475
33.36,-9.35483870967742,0.32258064516129004,0.0,-0.0,16.531011778137245,-0.13967846562679587,0.042953457398655,2.728765512984681
33.37,-9.35483870967742,0.32258064516129004,0.0,-0.0,85.65670595010714,-0.1396902596701457,0.04295578164088151,2.7288174961436846
33.38,-9.35483870967742,0.32258064516129004,0.0,-0.0,85.66736151859456,-0.1397014737857819,0.042958172650871956,2.728868957588873
33.39,-9.35483870967742,0.32258064516129004,0.0,-0.0,85.6780168708143,-0.13971212922985776,0.04296062302748935,2.7289198816689306
33.4,-9.35483870967742,0.32258064516129004,0.0,-0.0,16.573633635806193,-0.13972224662833,0.042963125725016954,2.728970253912205
33.41,-9.35483870967742,0.32258064516129004,0.0,-0.0,85.69932695829222,-0.13973184599266142,0.04296567404102278,2.7290200609793738
33.42,-9.35483870967742,0.32258064516129004,0.0,-0.0,85.70998170892645,-0.1397409467352222,0.0429682616046608,2.7290692906175864
33.43,-9.35483870967742,0.32258064516129004,0.0,-0.0,85.72063627405392,-0.1397495676843571,0.0429708823654146,2.729117931616262
33.44,-9.35483870967742,0.32258064516129004,0.0,-0.0,85.73129066083763,-0.13975772709912304,0.042973530582247926,2.729165973764454
33.45,-9.35483870967742,0.32258064516129004,0.0,-0.0,85.74194487623825,-0.13976544268371183,0.042976200813127,2.7292134078096755
33.46,-9.35483870967742,0.32258064516129004,0.0,-0.0,85.75259892701824,-0.13977273160155024,0.04297888790489887,2.729260225418176
33.47,-9.35483870967742,0.32258064516129004,0.0,-0.0,16.648214440770534,-0.1397796104890915,0.04298158698349122,2.7293064191365812
33.48,-9.35483870967742,0.32258064516129004,0.0,-0.0,85.77390656079979,-0.13978609546928056,0.04298429344443702,2.7293519823549706
33.49,-9.35483870967742,0.32258064516129004,0.0,-0.0,85.78456015637182,-0.1397922021647242,0.04298700294367416,2.72939690927118
33.5,-9.35483870967742,0.32258064516129004,0.0,-0.0,85.79521361247207,-0.1397979457105557,0.04298971138861915,2.7294411948563706
33.51,-9.35483870967742,0.32258064516129004,0.0,-0.0,85.8058669349321,-0.1398033407669953,0.042992414929501094,2.729484834821863
33.52,-9.35483870967742,0.32258064516129004,0.0,-0.0,85.81652012940886,-0.13980840153161844,0.04299510995093367,2.729527825587126
33.53,-9.35483870967742,0.32258064516129004,0.0,-0.0,85.82717320138838,-0.13981314175134252,0.042997793063705075,2.7295701642488583
33.54,-9.35483870967742,0.32258064516129004,0.0,-0.0,85.83782615618942,-0.1398175747341236,0.04300046109678815,2.7296118485512086
33.55,-9.35483870967742,0.32258064516129004,0.0,-0.0,85.84847899896705,-0.13982171336037186,0.04300311108955554,2.7296528768570787
33.56,-9.35483870967742,0.32258064516129004,0.0,-0.0,16.744093355740706,-0.13982557009410634,0.04300574028417295,2.72969324812036
33.57,-9.35483870967742,0.32258064516129004,0.0,-0.0,85.86978436827494,-0.13982915699384002,0.04300834611817808,2.7297329618591863
33.58,-9.35483870967742,0.32258064516129004,0.0,-0.0,85.88043690432829,-0.1398324857231974,0.04301092621723843,2.7297720181301717
33.59,-9.35483870967742,0.32258064516129004,0.0,0.0,85.89108934741121,-0.13983556756129067,0.04301347838806194,2.729810417503482
33.6,-9.35483870967742,0.32258064516129004,0.0,0.0,85.90174170191203,-0.13983841341283576,0.04301600061147462,2.7298481610388485
33.61,-9.35483870967742,0.32258064516129004,0.0,0.0,85.91239397207573,-0.1398410338180428,0.043018491035635736,2.72988525026233
33.62,-9.35483870967742,0.32258064516129004,0.0,0.0,85.92304616200713,-0.13984343896225415,0.04302094796941372,2.729921687143984
33.63,-9.35483870967742,0.32258064516129004,0.0,0.0,85.933698275674,-0.1398456386853678,0.04302336987588892,2.7299574740762282
33.64,-9.35483870967742,0.32258064516129004,0.0,0.0,85.94435031691026,-0.13984764249102832,0.043025755366001756,2.729992613853002
33.65,-9.35483870967742,0.32258064516129004,0.0,0.0,85.95500228941894,-0.139849459555608,0.04302810319232728,2.730027109649602
33.66,-9.35483870967742,0.32258064516129004,0.0,0.0,85.96565419677529,-0.1398510987369742,0.04303041224298157,2.7300609650032204
33.67,-9.35483870967742,0.32258064516129004,0.0,0.0,85.97630604242967,-0.13985256858304718,0.04303268153566195,2.7300941837941846
33.68,-9.35483870967742,0.32258064516129004,0.0,0.0,85.98695782971056,-0.13985387734017707,0.043034910211793315,2.730126770227703
33.69,-9.35483870967742,0.32258064516129004,0.0,0.0,85.99760956182743,-0.1398550329613053,0.04303709753082249,2.730158728816376
33.7,-9.35483870967742,0.32258064516129004,0.0,0.0,86.00826124187357,-0.1398560431139504,0.043039242864622435,2.73019006436321
33.71,-9.35483870967742,0.32258064516129004,0.0,0.0,86.01891287282892,-0.13985691518801546,0.04304134569201615,2.7302207819451723
33.72,-9.35483870967742,0.32258064516129004,0.0,0.0,86.02956445756287,-0.13985765630341374,0.04304340559342776,2.73025088689732
33.73,-9.35483870967742,0.32258064516129004,0.0,0.0,86.04021599883698,-0.13985827331752476,0.043045422245654136,2.7302803847974473
33.74,-9.35483870967742,0.32258064516129004,0.0,0.0,86.0508674993077,-0.13985877283248038,0.04304739541676175,2.730309281451246
33.75,-9.35483870967742,0.32258064516129004,0.0,0.0,86.061518961529,-0.1398591612022998,0.043049324961096064,2.7303375828778877
33.76,-9.35483870967742,0.32258064516129004,0.0,0.0,86.07217038795507,-0.1398594445398591,0.04305121081442384,2.7303652952961333
33.77,-9.35483870967742,0.32258064516129004,0.0,0.0,86.08282178094288,-0.1398596287237166,0.043053052989188795,2.7303924251108223
33.78,-9.35483870967742,0.32258064516129004,0.0,0.0,86.09347314275475,-0.13985971940477504,0.043054851569909264,2.730418978899918
33.79,-9.35483870967742,0.32258064516129004,0.0,0.0,16.989086096585442,-0.13985972201282715,0.043056606708673534,2.730444963401774
33.8,-9.35483870967742,0.32258064516129004,0.0,0.0,16.99973740246647,-0.1398596417629322,0.043058318620790376,2.7304703855030126
33.81,-9.35483870967742,0.32258064516129004,0.0,0.0,17.010388683415844,-0.13985948366168255,0.04305998758054039,2.7304952522266115
33.82,-9.35483870967742,0.32258064516129004,0.0,0.0,86.13607832031776,-0.13985925251331544,0.04306161391707711,2.730519570720521
33.83,-9.35483870967742,0.32258064516129004,0.0,0.0,86.14672955704776,-0.13985895292571449,0.043063198010439147,2.7305433482465333
33.84,-9.35483870967742,0.32258064516129004,0.0,0.0,86.1573807743278,-0.13985858931627848,0.043064740287695885,2.7305665921695392
33.85,-9.35483870967742,0.32258064516129004,0.0,0.0,17.05299359485132,-0.13985816591765665,0.04306624121923572,2.7305893099472205
33.86,-9.35483870967742,0.32258064516129004,0.0,0.0,86.17868315713825,-0.13985768678338673,0.04306770131515922,2.730611509119908
33.87,-9.35483870967742,0.32258064516129004,0.0,0.0,86.1893343257828,-0.13985715579339197,0.043069121121826454,2.730633197300944
33.88,-9.35483870967742,0.32258064516129004,0.0,0.0,86.19998548121012,-0.13985657665937523,0.043070501218522655,2.7306543821672764
33.89,-9.35483870967742,0.32258064516129004,0.0,0.0,86.21063662480137,-0.13985595293010655,0.0430718422142474,2.730675071450326
33.9,-9.35483870967742,0.32258064516129004,0.0,0.0,86.22128775787122,-0.13985528799657942,0.0430731447446531,2.7306952729272993
33.91,-9.35483870967742,0.32258064516129004,0.0,0.0,17.11690050269458,-0.13985458509707116,0.04307440946910121,2.730714994412722
33.92,-9.35483870967742,0.32258064516129004,0.0,0.0,86.24258999738595,-0.13985384732210748,0.04307563706783332,2.730734243750176
33.93,-9.35483870967742,0.32258064516129004,0.0,0.0,86.25324110614693,-0.13985307761928822,0.04307682823930567,2.730753028804574
33.94,-9.35483870967742,0.32258064516129004,0.0,0.0,86.26389220902281,-0.1398522787980473,0.04307798369761004,2.730771357454445
33.95,-9.35483870967742,0.32258064516129004,0.0,0.0,86.27454330702727,-0.13985145353427875,0.0430791041700512,2.7307892375847165
33.96,-9.35483870967742,0.32258064516129004,0.0,0.0,86.28519440111975,-0.13985060437487518,0.043080190394835155,2.7308066770796833
33.97,-9.35483870967742,0.32258064516129004,0.0,0.0,86.29584549220743,-0.13984973374217358,0.04308124311887082,2.730823683816197
33.98,-9.35483870967742,0.32258064516129004,0.0,0.0,86.30649658114704,-0.139848843938276,0.04308226309571708,2.7308402656572928
33.99,-9.35483870967742,0.32258064516129004,0.0,0.0,86.31714766874674,-0.13984793714930188,0.04308325108361913,2.7308564304458907
34.0,-9.35483870967742,0.32258064516129004,0.0,0.0,86.32779875576789,-0.1398470154495196,0.04308420784368308,2.730872185998908
34.01,-9.35483870967742,0.9677419354838701,0.0,0.0,86.338502147762,-0.13934364616089323,0.0956437022212832,2.7295323773926867
34.02,-9.35483870967742,0.9677419354838701,0.0,0.0,86.34925468504076,-0.1389113144044023,0.09309782972831775,2.7281753176148476
34.03,-9.35483870967742,0.9677419354838701,0.0,0.0,86.36005336747522,-0.13854505727062438,0.09066769042712312,2.7268058630863723
34.04,-9.35483870967742,0.9677419354838701,0.0,0.0,86.37089534797511,-0.1382401776410761,0.08834870729113907,2.7254285086139727
34.05,-9.35483870967742,0.9677419354838701,0.0,0.0,86.3817779260915,-0.13799223529491644,0.0861364340772696,2.724047402748754
34.06,-9.35483870967742,0.9677419354838701,0.0,0.0,17.27766016278831,-0.13779703751940808,0.08402655596739554,2.7226663634072774
34.07,-9.35483870967742,0.9677419354838701,0.0,0.0,86.40365476922683,-0.13765062940147965,0.08201488956271101,2.7212888935882225
34.08,-9.35483870967742,0.9677419354838701,0.0,0.0,86.41464431109048,-0.13754928394637844,0.0800973823425825,2.719918197048335
34.09,-9.35483870967742,0.9677419354838701,0.0,0.0,86.42566499259875,-0.1374894921426807,0.07827011168199914,2.7185571938265607
34.1,-9.35483870967742,0.9677419354838701,0.0,0.0,17.321676377099354,-0.13746795307018334,0.07652928350663223,2.7172085355265567
34.11,-9.35483870967742,0.9677419354838701,0.0,0.0,86.44779165555411,-0.13748156412802448,0.07487123065174776,2.715874620285295
34.12,-9.35483870967742,0.9677419354838701,0.0,0.0,86.45889385160693,-0.13752741144424563,0.07329241098054594,2.714557607370163
34.13,-9.35483870967742,0.9677419354838701,0.0,0.0,17.3549812273741,-0.13760276051456388,0.07178940530870002,2.713259431358968
34.14,-9.35483870967742,0.9677419354838701,0.0,0.0,86.48116727864236,-0.137705047106912,0.07035891517481212,2.7119818158676137
34.15,-9.35483870967742,0.9677419354838701,0.0,0.0,86.49233531947199,-0.13783186845917583,0.06899776049077898,2.7107262867979505
34.16,-9.35483870967742,0.9677419354838701,0.0,0.0,86.50352226751382,-0.13798097478995064,0.06770287710167631,2.709494185085512
34.17,-9.35483870967742,0.9677419354838701,0.0,0.0,86.5147267448704,-0.13815026113604534,0.06647131428107582,2.708286678931736
34.18,-9.35483870967742,0.9677419354838701,0.0,0.0,86.52594745298123,-0.13833775952543237,0.06530023218450014,2.707104775509232
34.19,-9.35483870967742,0.9677419354838701,0.0,0.0,86.5371831686983,-0.13854163149010956,0.06418689928053627,2.7059493321319277
34.2,-9.35483870967742,0.9677419354838701,0.0,0.0,86.54843274052224,-0.13876016091982268,0.063128689775361,2.704821066883457
34.21,-9.35483870967742,0.9677419354838701,0.0,0.0,86.55969508499302,-0.13899174725435592,0.062123081041970604,2.7037205686989996
34.22,-9.35483870967742,0.9677419354838701,0.0,0.0,86.57096918322993,-0.13923489900916886,0.06116765105985954,2.702648306896739
34.23,-9.35483870967742,0.9677419354838701,0.0,0.0,86.582254077615,-0.13948822762618696,0.06026007586465364,2.7016046401576372
34.24,-9.35483870967742,0.9677419354838701,0.0,0.0,86.59354886861479,-0.1397504416387877,0.059398127000402076,2.700589824954909
34.25,-9.35483870967742,0.9677419354838701,0.0,0.0,86.6048527117357,-0.14002034113723028,0.05857966896096449,2.69960402344014
34.26,-9.35483870967742,0.9677419354838701,0.0,0.0,86.61616481460874,-0.14029681251831472,0.0578026566019743,2.698647310800358
34.27,-9.35483870967742,0.9677419354838701,0.0,0.0,86.62748443419987,-0.14057882350098805,0.05706513250244209,2.697719682110527
34.28,-9.35483870967742,0.9677419354838701,0.0,0.0,86.63881087414346,-0.14086541838837718,0.05636522425597777,2.696821058717282
34.29,-9.35483870967742,0.9677419354838701,0.0,0.0,86.65014348219614,-0.14115571355626433,0.055701141676670715,2.69595129420301
34.3,-9.35483870967742,0.9677419354838701,0.0,0.0,86.6614816478094,-0.1414488931488801,0.055071173913498625,2.6951101799905834
34.31,-9.35483870967742,0.9677419354838701,0.0,0.0,86.672824799819,-0.1417442049648162,0.054473686479183256,2.694297450657991
34.32,-9.35483870967742,0.9677419354838701,0.0,0.0,86.6841724042496,-0.14204095651888793,0.053907118213020175,2.6935127890358923
34.33,-9.35483870967742,0.9677419354838701,0.0,0.0,86.6955239622322,-0.14233851126955444,0.05336997821022359,2.692755831158178
34.34,-9.35483870967742,0.9677419354838701,0.0,0.0,86.70687900803186,-0.14263628500555747,0.05286084276043089,2.6920261711254123
34.35,-9.35483870967742,0.9677419354838701,0.0,0.0,17.60319872820647,-0.14293374238919831,0.052378352343057474,2.6913233659238722
34.36,-9.35483870967742,0.9677419354838701,0.0,0.0,86.7295978547206,-0.14323039365663826,0.051921208725834486,2.6906469402203954
34.37,-9.35483870967742,0.9677419354838701,0.0,0.0,86.74096087352494,-0.14352579147733247,0.05148817220491313,2.6899963911282985
34.38,-9.35483870967742,0.9677419354838701,0.0,0.0,86.75232581273681,-0.14381952797506026,0.05107805901145572,2.689371192915436
34.39,-9.35483870967742,0.9677419354838701,0.0,0.0,86.7636923462751,-0.14411123191209751,0.05068973889286797,2.6887708016052847
34.4,-9.35483870967742,0.9677419354838701,0.0,0.0,86.77506017142906,-0.1444005660364145,0.050322132859433585,2.6881946594070802
34.41,-9.35483870967742,0.9677419354838701,0.0,0.0,86.78642900752747,-0.14468722458958383,0.04997421107231741,2.6876421989048995
34.42,-9.35483870967742,0.9677419354838701,0.0,0.0,17.682760215704096,-0.14497093097133396,0.04964499083862049,2.687112846935253
34.43,-9.35483870967742,0.9677419354838701,0.0,0.0,17.6941303136083,-0.1452514355554424,0.04933353467520722,2.6866060280897837
34.44,-9.35483870967742,0.9677419354838701,0.0,0.0,86.82053907940173,-0.14552851365137365,0.04903894840546473,2.686121167791102
34.45,-9.35483870967742,0.9677419354838701,0.0,0.0,86.83190955069476,-0.14580196360665743,0.04876037926132308,2.685657694904369
34.46,-9.35483870967742,0.9677419354838701,0.0,0.0,86.8432799184209,-0.14607160504625627,0.04849701397520516,2.685215043863445
34.47,-9.35483870967742,0.9677419354838701,0.0,0.0,86.85465000999051,-0.1463372772465601,0.04824807686114667,2.684792656307949
34.48,-9.35483870967742,0.9677419354838701,0.0,0.0,17.75098128840259,-0.14659883764293846,0.04801282789871729,2.684389982244333
34.49,-9.35483870967742,0.9677419354838701,0.0,0.0,86.87738874628744,-0.1468561604702635,0.04779056084574111,2.6840064807610675
34.5,-9.35483870967742,0.9677419354838701,0.0,0.0,86.88875711536791,-0.1471091355354428,0.04758060141418867,2.683641620343256
34.51,-9.35483870967742,0.9677419354838701,0.0,0.0,86.90012465547615,-0.14735766711936105,0.047382305547154766,2.683294878846287
34.52,-9.35483870967742,0.9677419354838701,0.0,0.0,86.91149125898093,-0.147601673003266,0.047195057832674345,2.6829657431979155
34.53,-9.35483870967742,0.9677419354838701,0.0,0.0,86.92285682910521,-0.147841083611279,0.0470182700832371,2.6826537089061375
34.54,-9.35483870967742,0.9677419354838701,0.0,0.0,86.93422127930108,-0.1480758412575024,0.04685138009867583,2.6823582794512673
34.55,-9.35483870967742,0.9677419354838701,0.0,0.0,86.945584532653,-0.14830589948311845,0.0466938506168275,2.6820789656379067
34.56,-9.35483870967742,0.9677419354838701,0.0,0.0,86.95694652130508,-0.14853122246672512,0.0465451684426481,2.68181528497426
34.57,-9.35483870967742,0.9677419354838701,0.0,0.0,86.96830718590907,-0.1487517844902343,0.04640484373418395,2.681566761133513
34.58,-9.35483870967742,0.9677419354838701,0.0,0.0,86.97966647509006,-0.14896756944295764,0.046272409414635604,2.6813329235373438
34.59,-9.35483870967742,0.9677419354838701,0.0,0.0,86.99102434492839,-0.1491785703482108,0.04614742067429066,2.681113307084843
34.6,-9.35483870967742,0.9677419354838701,0.0,0.0,87.00238075845647,-0.14938478889929419,0.04602945452490502,2.6809074520352105
34.61,-9.35483870967742,0.9677419354838701,0.0,0.0,87.01373568517032,-0.14958623499503776,0.045918109371405266,2.6807149040384712
34.62,-9.35483870967742,0.9677419354838701,0.0,0.0,87.02508910055623,-0.14978292626849543,0.045813004571061175,2.6805352142984122
34.63,-9.35483870967742,0.9677419354838701,0.0,0.0,87.03644098563318,-0.14997488760571465,0.045713779957208475,2.6803679398445612
34.64,-9.35483870967742,0.9677419354838701,0.0,0.0,87.04779132651204,-0.15016215065437855,0.04562009531228149,2.680212643886378
34.65,-9.35483870967742,0.9677419354838701,0.0,0.0,87.05914011397275,-0.1503447533243828,0.04553162978233753,2.6800688962219055
34.66,-9.35483870967742,0.9677419354838701,0.0,0.0,87.07048734306036,-0.1505227392839995,0.045448081231815415,2.6799362736746586
34.67,-9.35483870967742,0.9677419354838701,0.0,0.0,87.08183301270107,-0.150696157456219,0.0453691655425139,2.679814360535471
34.68,-9.35483870967742,0.9677419354838701,0.0,0.0,87.09317712533871,-0.1508650615202477,0.04529461586457616,2.679702748989835
34.69,-9.35483870967742,0.9677419354838701,0.0,0.0,87.1045196865924,-0.15102950942300197,0.04522418182972775,2.6796010395157874
34.7,-9.35483870967742,0.9677419354838701,0.0,0.0,87.11586070493534,-0.151189562905096,0.04515762873813238,2.6795088412411143
34.71,-9.35483870967742,0.9677419354838701,0.0,0.0,87.12720019139492,-0.15134528704510652,0.04509473673050039,2.6794257722529213
34.72,-9.35483870967742,0.9677419354838701,0.0,0.0,87.13853815927354,-0.15149674982522054,0.045035299956475636,2.67935145985549
34.73,-9.35483870967742,0.9677419354838701,0.0,0.0,87.14987462388997,-0.15164402172058733,0.044979125749293344,2.6792855407751026
34.74,-9.35483870967742,0.9677419354838701,0.0,0.0,87.1612096023404,-0.15178717531393915,0.04492603381536946,2.6792276613126496
34.75,-9.35483870967742,0.9677419354838701,0.0,0.0,87.17254311327842,-0.1519262849363905,0.04487585544598964,2.6791774774462453
34.76,-9.35483870967742,0.9677419354838701,0.0,0.0,87.18387517671299,-0.15206142633471875,0.04482843275680075,2.6791346548871946
34.77,-9.35483870967742,0.9677419354838701,0.0,0.0,87.19520581382358,-0.15219267636497058,0.04478361795937673,2.6790988690931443
34.78,-9.35483870967742,0.9677419354838701,0.0,0.0,87.20653504679133,-0.1523201127117929,0.044741272667905105,2.679069805242847
34.79,-9.35483870967742,0.9677419354838701,0.0,0.0,87.2178628986453,-0.15244381363263004,0.04470126724288019,2.6790471581768087
34.8,-9.35483870967742,0.9677419354838701,0.0,0.0,87.22918939312264,-0.1525638577256606,0.044663480172790745,2.6790306323082507
34.81,-9.35483870967742,0.9677419354838701,0.0,0.0,87.24051455454197,-0.15268032372024265,0.04462779749396177,2.679019941508339
34.82,-9.35483870967742,0.9677419354838701,0.0,0.0,18.136800028713214,-0.15279329028847366,0.04459411224814917,2.6790148089697556
34.83,-9.35483870967742,0.9677419354838701,0.0,0.0,87.26316097771131,-0.15290283587648956,0.04456232397694086,2.679014967051958
34.84,-9.35483870967742,0.9677419354838701,0.0,0.0,87.27448229002847,-0.15300903855407022,0.044532338251697876,2.6790201571114474
34.85,-9.35483870967742,0.9677419354838701,0.0,0.0,87.28580237024477,-0.1531119758811319,0.04450406623751173,2.6790301293200156
34.86,-9.35483870967742,0.9677419354838701,0.0,0.0,87.29712124407557,-0.15321172478978706,0.044477424289426956,2.6790446424732806
34.87,-9.35483870967742,0.9677419354838701,0.0,0.0,87.30843893727963,-0.15330836148062776,0.04445233357914545,2.679063463791983
34.88,-9.35483870967742,0.9677419354838701,0.0,0.0,87.31975547559883,-0.15340196133200268,0.044428719750340226,2.679086368717953
34.89,-9.35483870967742,0.9677419354838701,0.0,0.0,87.3310708847045,-0.1534925988211373,0.044406512600687884,2.6791131407063107
34.9,-9.35483870967742,0.9677419354838701,0.0,0.0,87.34238519014973,-0.15358034745596427,0.04438564578882147,2.679143571015652
34.91,-9.35483870967742,0.9677419354838701,0.0,0.0,18.238660038351586,-0.1536652797167085,0.04436605656435576,2.679177458497066
34.92,-9.35483870967742,0.9677419354838701,0.0,0.0,87.365010591431,-0.1537474670062169,0.04434768551933714,2.679214609383519
34.93,-9.35483870967742,0.9677419354838701,0.0,0.0,87.37632173742536,-0.15382697960824376,0.04433047635941077,2.6792548370800153
34.94,-9.35483870967742,0.9677419354838701,0.0,0.0,18.272593501038674,-0.15390388665283228,0.04431437569322515,2.6792979619557062
34.95,-9.35483870967742,0.9677419354838701,0.0,0.0,87.39894104361642,-0.1539782560881101,0.04429933283857766,2.6793438111382937
34.96,-9.35483870967742,0.9677419354838701,0.0,0.0,87.41024925234454,-0.15405015465781935,0.044285299643969475,2.6793922183113703
34.97,-9.35483870967742,0.9677419354838701,0.0,0.0,87.4215565299851,-0.15411964788397814,0.044272230324300874,2.679443023515087
34.98,-9.35483870967742,0.9677419354838701,0.0,0.0,87.43286289998282,-0.1541868000541451,0.04426008130952612,2.6794960729503927
34.99,-9.35483870967742,0.9677419354838701,0.0,0.0,87.44416838542685,-0.15425167421275754,0.04424881110521443,2.6795512187873087
35.0,-9.35483870967742,0.9677419354838701,0.0,0.0,18.3404346300637,-0.1543143321561239,0.04423838016399349,2.679608318977244
35.01,-9.35483870967742,0.9677419354838701,0.0,0.0,87.46677679316502,-0.15437483443065492,0.04422875076696596,2.6796672370695758
35.02,-9.35483870967742,0.9677419354838701,0.0,0.0,87.47807975976531,-0.15443324033395922,0.044219886914264525,2.67972784203264
35.03,-9.35483870967742,0.9677419354838701,0.0,0.0,87.48938193041025,-0.15448960791848265,0.04421175422396205,2.6797900080791384
35.04,-9.35483870967742,0.9677419354838701,0.0,0.0,87.50068332627477,-0.15454399399738528,0.04420431983863686,2.6798536144960488
35.05,-9.35483870967742,0.9677419354838701,0.0,0.0,18.396945589159618,-0.15459645415239587,0.044197552338937116,2.679918545478992
35.06,-9.35483870967742,0.9677419354838701,0.0,0.0,87.5232838763664,-0.1546470427434009,0.04419142166355293,2.679984689971058
35.07,-9.35483870967742,0.9677419354838701,0.0,0.0,87.53458307094184,-0.15469581291952883,0.044185899035076234,2.6800519415061945
35.08,-9.35483870967742,0.9677419354838701,0.0,0.0,87.54588157143198,-0.15474281663158007,0.04418095689121042,2.6801201980568248
35.09,-9.35483870967742,0.9677419354838701,0.0,0.0,87.55717939700557,-0.15478810464557868,0.044176568820923676,2.680189361885939
35.1,-9.35483870967742,0.9677419354838701,0.0,0.0,87.5684765664307,-0.1548317265573088,0.0441727095051178,2.6802593394034724
35.11,-9.35483870967742,0.9677419354838701,0.0,0.0,18.464734719101404,-0.15487373080772304,0.04416935466140341,2.680330041026693
35.12,-9.35483870967742,0.9677419354838701,0.0,0.0,87.59106900991735,-0.15491416469902564,0.044166480992714516,2.680401381044995
35.13,-9.35483870967742,0.9677419354838701,0.0,0.0,87.60236431953244,-0.15495307441140038,0.04416406613936162,2.680473277488442
35.14,-9.35483870967742,0.9677419354838701,0.0,0.0,87.61365904411282,-0.15499050502021283,0.04416208863430958,2.6805456520004425
35.15,-9.35483870967742,0.9677419354838701,0.0,0.0,18.509914821488042,-0.15502650051363598,0.044160527861378626,2.6806184297141833
35.16,-9.35483870967742,0.9677419354838701,0.0,0.0,87.63624680500803,-0.15506110381060645,0.04415936401614344,2.6806915391328174
35.17,-9.35483870967742,0.9677419354838701,0.0,0.0,87.64753987379314,-0.1550943567790397,0.04415857806931105,2.6807649120132893
35.18,-9.35483870967742,0.9677419354838701,0.0,0.0,87.65883242249345,-0.15512630025422636,0.044158151732394665,2.680838483253799
35.19,-9.35483870967742,0.9677419354838701,0.0,0.0,87.6701244664166,-0.1551569740573855,0.04415806742546584,2.6809121907845745
35.2,-9.35483870967742,0.9677419354838701,0.0,0.0,87.68141602050842,-0.15518641701427882,0.04415830824686949,2.6809859754621743
35.21,-9.35483870967742,0.9677419354838701,0.0,0.0,87.69270709935837,-0.15521466697387865,0.04415885794470735,2.681059780966941
35.22,-9.35483870967742,0.9677419354838701,0.0,0.0,87.70399771720506,-0.1552417608270319,0.04415970088997105,2.6811335537036474
35.23,-9.35483870967742,0.9677419354838701,0.0,0.0,87.71528788794184,-0.15526773452507336,0.04416082205121212,2.6812072427053093
35.24,-9.35483870967742,0.9677419354838701,0.0,0.0,87.72657762512264,-0.15529262309839187,0.04416220697059324,2.6812807995398384
35.25,-9.35483870967742,0.9677419354838701,0.0,0.0,87.73786694196768,-0.15531646067487104,0.04416384174127051,2.681354178219782
35.26,-9.35483870967742,0.9677419354838701,0.0,0.0,87.74915585136935,-0.1553392804982311,0.04416571298595483,2.6814273351147158
35.27,-9.35483870967742,0.9677419354838701,0.0,0.0,87.76044436589811,-0.15536111494620963,0.04416780783660888,2.6815002288664957
35.28,-9.35483870967742,0.9677419354838701,0.0,0.0,87.77173249780837,-0.15538199554858656,0.04417011391516966,2.6815728203070925
35.29,-9.35483870967742,0.9677419354838701,0.0,0.0,87.78302025904443,-0.1554019530050269,0.04417261931523696,2.68164507237903
35.3,-9.35483870967742,0.9677419354838701,0.0,0.0,87.79430766124639,-0.15542101720273027,0.04417531258465372,2.681716950058295
35.31,-9.35483870967742,0.9677419354838701,0.0,0.0,87.80559471575602,-0.15543921723386556,0.04417818270892619,2.68178842027973
35.32,-9.35483870967742,0.9677419354838701,0.0,0.0,18.70184305464719,-0.15545658141280116,0.04418121909540522,2.6818594518646814
35.33,-9.35483870967742,0.9677419354838701,0.0,0.0,87.82816782560901,-0.15547313729309675,0.044184411558202505,2.681930015450998
35.34,-9.35483870967742,0.9677419354838701,0.0,0.0,87.83945390219709,-0.1554889116842636,0.044187750303777903,2.682000083425225
35.35,-9.35483870967742,0.9677419354838701,0.0,0.0,87.8507396735938,-0.15550393066828427,0.044191225917156504,2.682069629856926
35.36,-9.35483870967742,0.9677419354838701,0.0,0.0,87.86202514973672,-0.15551821961588896,0.04419482934873313,2.682138630435072
35.37,-9.35483870967742,0.9677419354838701,0.0,0.0,87.87331034029978,-0.15553180320256776,0.04419855190164333,2.6822070624065315
35.38,-9.35483870967742,0.9677419354838701,0.0,0.0,87.88459525469882,-0.15554470542435805,0.04420238521962415,2.682274904516322
35.39,-9.35483870967742,0.9677419354838701,0.0,0.0,87.89587990209712,-0.15555694961333344,0.044206321275402236,2.6823421369500275
35.4,-9.35483870967742,0.9677419354838701,0.0,0.0,87.90716429141088,-0.15556855845287643,0.04421035235950087,2.6824087412777926
35.41,-9.35483870967742,0.9677419354838701,0.0,0.0,87.91844843131457,-0.155579553992657,0.044214471069511194,2.682474700400317
35.42,-9.35483870967742,0.9677419354838701,0.0,0.0,87.9297323302463,-0.15558995766337602,0.0442186702997449,2.6825399984964133
35.43,-9.35483870967742,0.9677419354838701,0.0,0.0,87.94101599641301,-0.1555997902912386,0.044222943231283604,2.682604620972327
35.44,-9.35483870967742,0.9677419354838701,0.0,0.0,87.9522994377957,-0.1556090721121589,0.04422728332239777,2.6826685544127216
35.45,-9.35483870967742,0.9677419354838701,0.0,0.0,87.96358266215447,-0.1556178227857269,0.04423168429929013,2.6827317865331226
35.46,-9.35483870967742,0.9677419354838701,0.0,0.0,87.9748656770335,-0.15562606140889212,0.044236140147190614,2.682794306134058
35.47,-9.35483870967742,0.9677419354838701,0.0,-0.0,87.9861484897661,-0.15563380652941772,0.0442406451017323,2.682856103056505
35.48,-9.35483870967742,0.9677419354838701,0.0,-0.0,87.9974311074794,-0.1556410761590583,0.04424519364064598,2.6829171681389354
35.49,-9.35483870967742,0.9677419354838701,0.0,-0.0,88.00871353709927,-0.1556478877864974,0.04424978047572141,2.682977493175678
35.5,-9.35483870967742,0.9677419354838701,0.0,-0.0,88.0199957853549,-0.1556542583900281,0.0442544005450413,2.683037070876678
35.51,-9.35483870967742,0.9677419354838701,0.0,-0.0,88.03127785878345,-0.15566020444999518,0.04425904900546217,2.6830958948285266
35.52,-9.35483870967742,0.9677419354838701,0.0,-0.0,88.0425597637346,-0.15566574196097738,0.04426372122535242,2.683153959456866
35.53,-9.35483870967742,0.9677419354838701,0.0,-0.0,88.05384150637494,-0.15567088644374516,0.04426841277754477,2.6832112599899074
35.54,-9.35483870967742,0.9677419354838701,0.0,-0.0,88.06512309269237,-0.15567565295696528,0.04427311943252586,2.6832677924232637
35.55,-9.35483870967742,0.9677419354838701,0.0,-0.0,88.07640452850038,-0.15568005610866686,0.044277837151841234,2.683323553485956
35.56,-9.35483870967742,0.9677419354838701,0.0,-0.0,18.972647440466776,-0.15568411006749783,0.04428256208168123,2.6833785406073973
35.57,-9.35483870967742,0.9677419354838701,0.0,-0.0,88.09896697099512,-0.15568782857371677,0.044287290546697985,2.6834327518857086
35.58,-9.35483870967742,0.9677419354838701,0.0,-0.0,88.1102479884742,-0.155691224949981,0.044292019043988815,2.6834861860569523
35.59,-9.35483870967742,0.9677419354838701,0.0,-0.0,88.12152887703652,-0.15569431211190354,0.044296744237268135,2.6835388424654436
35.6,-9.35483870967742,0.9677419354838701,0.0,-0.0,19.01777126270952,-0.15569710257839187,0.04430146295121505,2.683590721035069
35.61,-9.35483870967742,0.9677419354838701,0.0,-0.0,88.14409028727206,-0.15569960848177,0.044306172165986576,2.683641822241562
35.62,-9.35483870967742,0.9677419354838701,0.0,-0.0,88.15537081850368,-0.15570184157767541,0.044310869011907436,2.6836921470858117
35.63,-9.35483870967742,0.9677419354838701,0.0,-0.0,19.051612860967285,-0.15570381325476024,0.044315550764303255,2.6837416970679926
35.64,-9.35483870967742,0.9677419354838701,0.0,-0.0,88.17793155601275,-0.15570553454417946,0.044320214838491176,2.683790474162627
35.65,-9.35483870967742,0.9677419354838701,0.0,-0.0,88.1892117710014,-0.15570701612887305,0.044324858784920304,2.683838480794523
35.66,-9.35483870967742,0.9677419354838701,0.0,-0.0,88.20049188906391,-0.15570826835264684,0.044329480284457254,2.683885719815567
35.67,-9.35483870967742,0.9677419354838701,0.0,-0.0,88.2117719142265,-0.15570930122906357,0.044334077143801484,2.683932194482277
35.68,-9.35483870967742,0.9677419354838701,0.0,-0.0,88.22305185038961,-0.1557101244501261,0.0443386472910494,2.683977908434246
35.69,-9.35483870967742,0.9677419354838701,0.0,-0.0,88.23433170133119,-0.15571074739479063,0.04434318877136788,2.68402286567321
35.7,-9.35483870967742,0.9677419354838701,0.0,-0.0,88.24561147070983,-0.15571117913726729,0.04434769974282003,2.684067070543038
35.71,-9.35483870967742,0.9677419354838701,0.0,-0.0,88.25689116206789,-0.15571142845515462,0.04435217847229493,2.684110527710317
35.72,-9.35483870967742,0.9677419354838701,0.0,-0.0,88.2681707788345,-0.15571150383739407,0.04435662333155614,2.684153242145643
35.73,-9.35483870967742,0.9677419354838701,0.0,-0.0,88.27945032432856,-0.15571141349202844,0.0443610327934245,2.6841952191057037
35.74,-9.35483870967742,0.9677419354838701,0.0,-0.0,88.29072980176163,-0.15571116535380758,0.044365405428051216,2.6842364641158856
35.75,-9.35483870967742,0.9677419354838701,0.0,-0.0,88.30200921424075,-0.15571076709160991,0.04436973989931413,2.684276982953608
35.76,-9.35483870967742,0.9677419354838701,0.0,-0.0,19.198250185795818,-0.1557102261156934,0.04437403496132096,2.6843167816322753
35.77,-9.35483870967742,0.9677419354838701,0.0,-0.0,88.32456785625949,-0.1557095495847931,0.04437828945500681,2.684355866385781
35.78,-9.35483870967742,0.9677419354838701,0.0,-0.0,88.3358470915154,-0.1557087444130486,0.0443825023048383,2.6843942436536254
35.79,-9.35483870967742,0.9677419354838701,0.0,-0.0,88.34712627325523,-0.15570781727676775,0.0443866725156211,2.68443192006664
35.8,-9.35483870967742,0.9677419354838701,0.0,-0.0,88.35840540410399,-0.15570677462104787,0.044390799169389414,2.684468902433167
35.81,-9.35483870967742,0.9677419354838701,0.0,-0.0,88.369684486598,-0.15570562266622912,0.04439488142240265,2.6845051977258683
35.82,-9.35483870967742,0.9677419354838701,0.0,-0.0,88.38096352318726,-0.15570436741420057,0.04439891850222975,2.6845408130690287
35.83,-9.35483870967742,0.9677419354838701,0.0,-0.0,88.39224251623786,-0.15570301465457248,0.04440290970490761,2.6845757557262666
35.84,-9.35483870967742,0.9677419354838701,0.0,-0.0,88.40352146803427,-0.1557015699706813,0.04440685439220814,2.6846100330888816
35.85,-9.35483870967742,0.9677419354838701,0.0,-0.0,88.41480038078166,-0.1557000387454721,0.04441075198896964,2.684643652664538
35.86,-9.35483870967742,0.9677419354838701,0.0,-0.0,88.42607925660803,-0.15569842616722618,0.04441460198052481,2.6846766220665077
35.87,-9.35483870967742,0.9677419354838701,0.0,-0.0,88.43735809756646,-0.15569673723516542,0.04441840391019507,2.6847089490032676
35.88,-9.35483870967742,0.9677419354838701,0.0,-0.0,88.44863690563716,-0.15569497676491761,0.04442215737686754,2.6847406412685553
35.89,-9.35483870967742,0.9677419354838701,0.0,-0.0,88.45991568272956,-0.1556931493938415,0.0444258620326554,2.6847717067318917
35.9,-9.35483870967742,0.9677419354838701,0.0,-0.0,88.47119443068432,-0.1556912595862393,0.04442951758061729,2.6848021533294113
35.91,-9.35483870967742,0.9677419354838701,0.0,-0.0,88.48247315127533,-0.15568931163843447,0.044433123772554525,2.6848319890551178
35.92,-9.35483870967742,0.9677419354838701,0.0,-0.0,88.49375184621155,-0.15568730968371425,0.044436680406890514,2.684861221952604
35.93,-9.35483870967742,0.9677419354838701,0.0,-0.0,88.50503051713898,-0.15568525769718022,0.04444018732658965,2.6848898601069386
35.94,-9.35483870967742,0.9677419354838701,0.0,-0.0,88.51630916564241,-0.15568315950045009,0.044443644417170955,2.684917911637097
35.95,-9.35483870967742,0.9677419354838701,0.0,-0.0,88.52758779324728,-0.1556810187662594,0.044447051604769736,2.684945384688628
35.96,-9.35483870967742,0.9677419354838701,0.0,-0.0,88.53886640142134,-0.15567883902294433,0.044450408854268084,2.6849722874266853
35.97,-9.35483870967742,0.9677419354838701,0.0,-0.0,88.55014499157645,-0.15567662365881685,0.044453716167480825,2.68499862802934
35.98,-9.35483870967742,0.9677419354838701,0.0,-0.0,88.56142356507014,-0.15567437592642508,0.044456973581406975,2.685024414681241
35.99,-9.35483870967742,0.9677419354838701,0.0,-0.0,88.5727021232073,-0.15567209894670275,0.0444601811665432,2.685049655567605
36.0,-9.35483870967742,0.9677419354838701,0.0,-0.0,88.58398066724176,-0.15566979571303485,0.04446333902523085,2.6850743588683335
36.01,-9.35483870967742,1.612903225806452,0.0,-0.0,88.59531067791401,-0.1551710098587048,0.09706905307999811,2.683572990459551
36.02,-9.35483870967742,1.612903225806452,0.0,-0.0,88.60668916424501,-0.1547385089697343,0.09456392904960251,2.682063329759551
36.03,-9.35483870967742,1.612903225806452,0.0,-0.0,88.61811327815128,-0.15436791490815505,0.09216949204900779,2.6805496980670305
36.04,-9.35483870967742,1.612903225806452,0.0,-0.0,88.62958030899743,-0.15405507027536613,0.08988157012550921,2.679036093632058
36.05,-9.35483870967742,1.612903225806452,0.0,-0.0,88.64108767824423,-0.15379603133476893,0.08769610198692038,2.6775262047965738
36.06,-9.35483870967742,1.612903225806452,0.0,-0.0,88.65263293420743,-0.1535870606110109,0.08560913769671405,2.6760234233647777
36.07,-9.35483870967742,1.612903225806452,0.0,-0.0,88.66421374693873,-0.15342461928118512,0.08361683887996887,2.674530858078749
36.08,-9.35483870967742,1.612903225806452,0.0,-0.0,19.560789524262038,-0.15330535945381907,0.0817154785186128,2.6730513480949862
36.09,-9.35483870967742,1.612903225806452,0.0,-0.0,19.57243492282409,-0.15322611641468942,0.07990144040237399,2.671587476374796
36.1,-9.35483870967742,1.612903225806452,0.0,-0.0,88.69914794850717,-0.1531839009039756,0.07817121829131521,2.6701415829166524
36.11,-9.35483870967742,1.612903225806452,0.0,-0.0,19.59581157288756,-0.15317589147687138,0.07652141483646177,2.668715777771174
36.12,-9.35483870967742,1.612903225806452,0.0,-0.0,88.72257751856914,-0.1531994269891307,0.07494874029669299,2.667311953790223
36.13,-9.35483870967742,1.612903225806452,0.0,-0.0,88.73432894925156,-0.15325199923979405,0.07345001108263807,2.6659317990714655
36.14,-9.35483870967742,1.612903225806452,0.0,-0.0,88.74610263432962,-0.1533312457956414,0.07202214815136351,2.664576809066954
36.15,-9.35483870967742,1.612903225806452,0.0,-0.0,88.75789705002917,-0.1534349430151264,0.07066217526956767,2.66324829833186
36.16,-9.35483870967742,1.612903225806452,0.0,-0.0,88.76971075453801,-0.15356099928396816,0.0693672171575255,2.6619474118950905
36.17,-9.35483870967742,1.612903225806452,0.0,-0.0,88.7815423843018,-0.15370744846996376,0.06813449752155107,2.660675136238433
36.18,-9.35483870967742,1.612903225806452,0.0,-0.0,88.79339065045852,-0.15387244360080887,0.06696133697976872,2.659432309876144
36.19,-9.35483870967742,1.612903225806452,0.0,-0.0,88.80525433540946,-0.1540542507660746,0.06584515088457374,2.6582196335305697
36.2,-9.35483870967742,1.612903225806452,0.0,-0.0,88.81713228952478,-0.15425124324263495,0.06478344704606556,2.6570376799040547
36.21,-9.35483870967742,1.612903225806452,0.0,-0.0,88.82902342798141,-0.15446189584192693,0.06377382336391998,2.6558869030516528
36.22,-9.35483870967742,1.612903225806452,0.0,-0.0,88.8409267277309,-0.15468477947733483,0.06281396538057335,2.6547676473632373
36.23,-9.35483870967742,1.612903225806452,0.0,-0.0,88.85284122459478,-0.15491855595057458,0.061901643775739285,2.6536801561672303
36.24,-9.35483870967742,1.612903225806452,0.0,-0.0,88.86476601048406,-0.15516197295675516,0.061034711830505434,2.652624579972281
36.25,-9.35483870967742,1.612903225806452,0.0,-0.0,88.87670023073936,-0.15541385930901053,0.060211102896950724,2.6516009843645714
36.26,-9.35483870967742,1.612903225806452,0.0,-0.0,88.88864308158718,-0.15567312038427905,0.059428827915683796,2.6506093575805676
36.27,-9.35483870967742,1.612903225806452,0.0,-0.0,88.90059380770694,-0.15593873379219303,0.058685973027264554,2.649649617774746
36.28,-9.35483870967742,1.612903225806452,0.0,-0.0,88.91255169990306,-0.15620974526869136,0.05798069732351355,2.648721620000479
36.29,-9.35483870967742,1.612903225806452,0.0,-0.0,88.92451609287504,-0.1564852647946936,0.05731123078113645,2.647825162921161
36.3,-9.35483870967742,1.612903225806452,0.0,-0.0,88.93648636307844,-0.1567644629384194,0.05667587241292146,2.646959995265678
36.31,-9.35483870967742,1.612903225806452,0.0,-0.0,88.94846192666915,-0.15704656741755962,0.05607298866246105,2.6461258220404824
36.32,-9.35483870967742,1.612903225806452,0.0,-0.0,88.96044223752301,-0.15733085987518425,0.05550101205807936,2.6453223105080594
36.33,-9.35483870967742,1.612903225806452,0.0,-0.0,88.97242678532308,-0.15761667286127368,0.05495844013223081,2.6445490959392757
36.34,-9.35483870967742,1.612903225806452,0.0,-0.0,88.98441509370693,-0.1579033870107257,0.05444383460539945,2.643805787143332
36.35,-9.35483870967742,1.612903225806452,0.0,-0.0,88.99640671846664,-0.15819042840882214,0.053955820829645756,2.6430919717736043
36.36,-9.35483870967742,1.612903225806452,0.0,-0.0,89.00840124579427,-0.15847726613682378,0.05349308748657958,2.642407221398114
36.37,-9.35483870967742,1.612903225806452,0.0,-0.0,89.02039829056568,-0.15876340999379523,0.053054386536861314,2.6417510963065745
36.38,-9.35483870967742,1.612903225806452,0.0,-0.0,89.03239749465578,-0.15904840839572032,0.05263853342144284,2.6411231499994092
36.39,-9.35483870967742,1.612903225806452,0.0,-0.0,89.04439852527796,-0.1593318464591843,0.052244407514851904,2.6405229332628415
36.4,-9.35483870967742,1.612903225806452,0.0,-0.0,89.0564010733402,-0.1596133442836175,0.051870952821881894,2.639949997672812
36.41,-9.35483870967742,1.612903225806452,0.0,-0.0,89.06840485181121,-0.1598925554517644,0.05151717888214216,2.639403898284319
36.42,-9.35483870967742,1.612903225806452,0.0,-0.0,89.08040959409038,-0.16016916576979112,0.051182161789765174,2.6388841951508164
36.43,-9.35483870967742,1.612903225806452,0.0,-0.0,89.09241505237888,-0.1604428922619925,0.05086504513253212,2.638390453185211
36.44,-9.35483870967742,1.612903225806452,0.0,-0.0,89.104420996055,-0.1607134824134151,0.050565040491301755,2.637922239745698
36.45,-9.35483870967742,1.612903225806452,0.0,-0.0,89.11642721006747,-0.16098071360877797,0.05028142691239226,2.6374791192605644
36.46,-9.35483870967742,1.612903225806452,0.0,-0.0,89.12843349337668,-0.1612443926411452,0.05001354849806569,2.637060644295345
36.47,-9.35483870967742,1.612903225806452,0.0,-0.0,89.14043965749512,-0.1615043550614237,0.049760809037866977,2.6366663428531654
36.48,-9.35483870967742,1.612903225806452,0.0,-0.0,89.15244552520221,-0.1617604640338287,0.0495226625939372,2.636295702518169
36.49,-9.35483870967742,1.612903225806452,0.0,-0.0,89.16445092952529,-0.1620126083091601,0.04929859938939393,2.635948153312508
36.5,-9.35483870967742,1.612903225806452,0.0,-0.0,89.17645571307736,-0.16226069900870255,0.04908812741287519,2.6356230525555384
36.51,-9.35483870967742,1.612903225806452,0.0,-0.0,89.18845972780896,-0.16250466518936235,0.048890751752748124,2.6353196759232684
36.52,-9.35483870967742,1.612903225806452,0.0,-0.0,89.20046283516584,-0.16274444860158566,0.0487059552494197,2.6350372184713327
36.53,-9.35483870967742,1.612903225806452,0.0,-0.0,89.21246490656041,-0.16297999847725475,0.04853318468926629,2.6347748072049066
36.54,-9.35483870967742,1.612903225806452,0.0,-0.0,89.22446582399547,-0.1632112673426921,0.04837184576975648,2.634531523476527
36.55,-9.35483870967742,1.612903225806452,0.0,-0.0,89.23646548065277,-0.16343820859995062,0.048221307645804595,2.6343064306006765
36.56,-9.35483870967742,1.612903225806452,0.0,-0.0,89.24846378128731,-0.16366077606609786,0.04808091515769894,2.634098601024508
36.57,-9.35483870967742,1.612903225806452,0.0,-0.0,89.26046064233441,-0.16387892509672464,0.04795000512716388,2.6339071384807515
36.58,-9.35483870967742,1.612903225806452,0.0,-0.0,89.27245599170955,-0.16409261460129554,0.047827922942545925,2.633731192862785
36.59,-9.35483870967742,1.612903225806452,0.0,-0.0,89.28444976833921,-0.16430180924895643,0.04771403667084709,2.6335699678268867
36.6,-9.35483870967742,1.612903225806452,0.0,-0.0,89.29644192149046,-0.16450648135945212,0.047607747352428814,2.6334227225537084
36.61,-9.35483870967742,1.612903225806452,0.0,-0.0,89.30843240997439,-0.16470661222576488,0.04750849532550902,2.633288769578446
36.62,-9.35483870967742,1.612903225806452,0.0,-0.0,89.32042120128983,-0.16490219281981822,0.047415763141998274,2.633167470433424
36.63,-9.35483870967742,1.612903225806452,0.0,-0.0,89.33240827075863,-0.16509322395595227,0.047329075912257185,2.6330582304017436
36.64,-9.35483870967742,1.612903225806452,0.0,-0.0,89.34439360068818,-0.1652797160381968,0.04724799990886838,2.6329604932131496
36.65,-9.35483870967742,1.612903225806452,0.0,-0.0,89.35637717958319,-0.16546168852221788,0.0471721401173649,2.63287373613846
36.66,-9.35483870967742,1.612903225806452,0.0,-0.0,89.36835900141864,-0.16563916920441968,0.047101137244654506,2.6327974656831716
36.67,-9.35483870967742,1.612903225806452,0.0,-0.0,89.38033906497834,-0.1658121934247201,0.04703466453447461,2.632731213926586
36.68,-9.35483870967742,1.612903225806452,0.0,-0.0,89.39231737325922,-0.1659808032444381,0.0469724246118898,2.632674535470405
36.69,-9.35483870967742,1.612903225806452,0.0,-0.0,89.40429393293827,-0.16614504663997232,0.04691414648685713,2.632627004923972
36.7,-9.35483870967742,1.612903225806452,0.0,-0.0,89.41626875389794,-0.16630497673721278,0.04685958278450994,2.632588214842943
36.71,-9.35483870967742,1.612903225806452,0.0,-0.0,89.42824184880466,-0.16646065110046926,0.04680850722962379,2.632557774041064
36.72,-9.35483870967742,1.612903225806452,0.0,-0.0,89.44021323273547,-0.16661213108207484,0.046760712388261155,2.632535306204146
36.73,-9.35483870967742,1.612903225806452,0.0,-0.0,89.45218292284748,-0.166759481233954,0.04671600765551534,2.6325204487460607
36.74,-9.35483870967742,1.612903225806452,0.0,-0.0,89.46415093808555,-0.16690276877941101,0.04667421747102282,2.6325128518574745
36.75,-9.35483870967742,1.612903225806452,0.0,-0.0,89.47611729892375,-0.16704206314164416,0.04663517974085482,2.632512177707708
36.76,-9.35483870967742,1.612903225806452,0.0,-0.0,89.48808202713677,-0.16717743552465747,0.04659874444379605,2.6325180997680007
36.77,-9.35483870967742,1.612903225806452,0.0,-0.0,89.50004514559774,-0.167308958541876,0.04656477240088272,2.632530302231242
36.78,-9.35483870967742,1.612903225806452,0.0,-0.0,89.51200667809941,-0.16743670588777715,0.04653313418865465,2.6325484795086567
36.79,-9.35483870967742,1.612903225806452,0.0,-0.0,89.52396664919596,-0.1675607520480723,0.04650370917841787,2.6325723357879256
36.8,-9.35483870967742,1.612903225806452,0.0,-0.0,89.53592508406307,-0.16768117204426936,0.04647638468578638,2.632601584640727
36.81,-9.35483870967742,1.612903225806452,0.0,-0.0,89.54788200837416,-0.16779804120876773,0.046451055216667564,2.6326359486704503
36.82,-9.35483870967742,1.612903225806452,0.0,-0.0,89.55983744819088,-0.16791143498706418,0.04642762179753898,2.6326751591925284
36.83,-9.35483870967742,1.612903225806452,0.0,-0.0,89.57179142986635,-0.1680214287639722,0.046405991379453754,2.6327189559416193
36.84,-9.35483870967742,1.612903225806452,0.0,-0.0,89.58374397995975,-0.16812809771107373,0.046386076306626084,2.632767086801258
36.85,-9.35483870967742,1.612903225806452,0.0,-0.0,89.59569512516079,-0.16823151665296077,0.04636779384163239,2.6328193075523965
36.86,-9.35483870967742,1.612903225806452,0.0,-0.0,89.60764489222328,-0.16833175995011684,0.04635106574031614,2.632875381637901
36.87,-9.35483870967742,1.612903225806452,0.0,-0.0,89.61959330790661,-0.16842890139649003,0.04633581787045524,2.632935079941035
36.88,-9.35483870967742,1.612903225806452,0.0,-0.0,89.6315403989244,-0.16852301413007953,0.04632197986899947,2.632998180576094
36.89,-9.35483870967742,1.612903225806452,0.0,-0.0,89.64348619189947,-0.16861417055503514,0.0463094848334,2.633064468689898
36.9,-9.35483870967742,1.612903225806452,0.0,-0.0,89.65543071332456,-0.16870244227394204,0.046298269043146406,2.633133736273112
36.91,-9.35483870967742,1.612903225806452,0.0,-0.0,89.6673739895282,-0.16878790002914568,0.04628827170812069,2.6332057819804717
36.92,-9.35483870967742,1.612903225806452,0.0,-0.0,89.67931604664511,-0.16887061365205625,0.04627943474086629,2.6332804109594488
36.93,-9.35483870967742,1.612903225806452,0.0,-0.0,89.69125691059078,-0.16895065201954684,0.04627170255021315,2.6333574346867414
36.94,-9.35483870967742,1.612903225806452,0.0,-0.0,89.70319660703974,-0.16902808301664074,0.04626502185404943,2.6334366708121943
36.95,-9.35483870967742,1.612903225806452,0.0,-0.0,89.71513516140712,-0.16910297350475023,0.04625934150935487,2.633517943010041
36.96,-9.35483870967742,1.612903225806452,0.0,-0.0,89.72707259883327,-0.16917538929490405,0.04625461235777337,2.6336010808368377
36.97,-9.35483870967742,1.612903225806452,0.0,-0.0,89.739008944171,-0.16924539512532133,0.04625078708537031,2.633685919596469
36.98,-9.35483870967742,1.612903225806452,0.0,-0.0,89.75094422197529,-0.169313054642945,0.04624782009522757,2.6337723002114184
36.99,-9.35483870967742,1.612903225806452,0.0,-0.0,89.76287845649505,-0.16937843038841027,0.04624566739189187,2.633860069100809
37.0,-9.35483870967742,1.612903225806452,0.0,-0.0,20.659773292691487,-0.1694415837841562,0.046244286476652435,2.6339490780644996
37.01,-9.35483870967742,1.612903225806452,0.0,-0.0,89.78674389111082,-0.16950257512528333,0.046243636252908366,2.6340391841735586
37.02,-9.35483870967742,1.612903225806452,0.0,-0.0,89.79867513812671,-0.16956146357291202,0.04624367694087614,2.634130249666668
37.03,-9.35483870967742,1.612903225806452,0.0,-0.0,89.81060543569316,-0.16961830714976933,0.04624437000105261,2.6342221418524354
37.04,-9.35483870967742,1.612903225806452,0.0,-0.0,89.82253480646666,-0.16967316273778366,0.04624567806589988,2.634314733017416
37.05,-9.35483870967742,1.612903225806452,0.0,-0.0,89.83446327278219,-0.16972608607752282,0.046247564879261155,2.634407900339447
37.06,-9.35483870967742,1.612903225806452,0.0,-0.0,89.84639085665455,-0.1697771317692841,0.04624999524312198,2.6345015258062343
37.07,-9.35483870967742,1.612903225806452,0.0,-0.0,89.85831757978046,-0.1698263532757035,0.04625293497133062,2.634595496138789
37.08,-9.35483870967742,1.612903225806452,0.0,-0.0,89.87024346354121,-0.16987380292578969,0.046256350849910394,2.6346897027192244
37.09,-9.35483870967742,1.612903225806452,0.0,-0.0,89.8821685290058,-0.16991953192024056,0.04626021060366939,2.6347840415227224
37.1,-9.35483870967742,1.612903225806452,0.0,-0.0,89.89409279693436,-0.16996359033799602,0.04626448286875226,2.6348784130529643
37.11,-9.35483870967742,1.612903225806452,0.0,-0.0,89.90601628778192,-0.17000602714392687,0.04626913717083439,2.6349727222806503
37.12,-9.35483870967742,1.612903225806452,0.0,-0.0,89.91793902170224,-0.1700468901976162,0.04627414390861098,2.6350668785844142
37.13,-9.35483870967742,1.612903225806452,0.0,-0.0,89.9298610185516,-0.17008622626315018,0.04627947434225935,2.635160795693682
37.14,-9.35483870967742,1.612903225806452,0.0,-0.0,89.94178229789271,-0.17012408101990772,0.04628510058646748,2.6352543916325435
37.15,-9.35483870967742,1.612903225806452,0.0,-0.0,89.95370287899826,-0.17016049907425723,0.046290995607675606,2.635347588664251
37.16,-9.35483870967742,1.612903225806452,0.0,-0.0,89.96562278085436,-0.17019552397215754,0.04629713322506593,2.635440313235327
37.17,-9.35483870967742,1.612903225806452,0.0,-0.0,89.97754202216376,-0.17022919821259241,0.04630348811486171,2.6355324959187185
37.18,-9.35483870967742,1.612903225806452,0.0,-0.0,89.98946062134854,-0.17026156326178066,0.04631003581746104,2.6356240713553407
37.19,-9.35483870967742,1.612903225806452,0.0,-0.0,90.00137859655254,-0.17029265956814432,0.04631675274684763,2.635714978193055
37.2,-9.35483870967742,1.612903225806452,0.0,-0.0,90.01329596564327,-0.17032252657794278,0.04632361620177075,2.63580515902266
37.21,-9.35483870967742,1.612903225806452,0.0,-0.0,90.02521274621336,-0.17035120275153592,0.04633060437810246,2.635894560310087
37.22,-9.35483870967742,1.612903225806452,0.0,-0.0,90.0371289555816,-0.1703787255802015,0.04633769638180005,2.6359831323242977
37.23,-9.35483870967742,1.612903225806452,0.0,-0.0,90.04904461079335,-0.17040513160341553,0.04634487224190695,2.636070829060499
37.24,-9.35483870967742,1.612903225806452,0.0,-0.0,90.06095972862053,-0.17043045642654808,0.04635211292298266,2.636157608158108
37.25,-9.35483870967742,1.612903225806452,0.0,-0.0,90.07287432556116,-0.1704547347388795,0.0463594003364107,2.636243430813241
37.26,-9.35483870967742,1.612903225806452,0.0,-0.0,90.08478841783831,-0.17047800033182925,0.04636671735006745,2.6363282616857027
37.27,-9.35483870967742,1.612903225806452,0.0,-0.0,90.09670202139878,-0.17050028611735268,0.04637404779581342,2.6364120688001487
37.28,-9.35483870967742,1.612903225806452,0.0,-0.0,90.10861515191127,-0.17052162414637162,0.046381376474399355,2.6364948234417827
37.29,-9.35483870967742,1.612903225806452,0.0,-0.0,90.12052782476428,-0.1705420456272001,0.04638868915734931,2.636576500046472
37.3,-9.35483870967742,1.612903225806452,0.0,-0.0,90.13244005506375,-0.17056158094382756,0.046395972585549644,2.636657076085955
37.31,-9.35483870967742,1.612903225806452,0.0,-0.0,90.14435185763041,-0.17058025967403123,0.046403214464240866,2.636736531948227
37.32,-9.35483870967742,1.612903225806452,0.0,-0.0,90.15626324699701,-0.1705981106072152,0.04641040345427097,2.6368148508138467
37.33,-9.35483870967742,1.612903225806452,0.0,-0.0,90.16817423740552,-0.17061516176193015,0.04641752915949923,2.636892018528651
37.34,-9.35483870967742,1.612903225806452,0.0,-0.0,90.18008484280428,-0.17063144040301004,0.04642458211034631,2.6369680234736337
37.35,-9.35483870967742,1.612903225806452,0.0,-0.0,90.19199507684513,-0.1706469730582708,0.04643155374356858,2.637042856432801
37.36,-9.35483870967742,1.612903225806452,0.0,-0.0,90.20390495288085,-0.17066178553478262,0.04643843637835096,2.6371165104594927
37.37,-9.35483870967742,1.612903225806452,0.0,-0.0,90.21581448396259,-0.1706759029346353,0.04644522318898589,2.637188980742352
37.38,-9.35483870967742,1.612903225806452,0.0,-0.0,90.22772368283772,-0.17068934967023275,0.04645190817435682,2.6372602644714207
37.39,-9.35483870967742,1.612903225806452,0.0,-0.0,90.23963256194784,-0.17070214947908002,0.04645848612458084,2.637330360705393
37.4,-9.35483870967742,1.612903225806452,0.0,-0.0,90.25154113342728,-0.17071432543811327,0.04646495258512953,2.6373992702404965
37.41,-9.35483870967742,1.612903225806452,0.0,-0.0,90.26344940910188,-0.1707258999775404,0.04647130381886319,2.637466995482021
37.42,-9.35483870967742,1.612903225806452,0.0,-0.0,90.2753574004883,-0.17073689489426103,0.04647753676634572,2.6375335403188616
37.43,-9.35483870967742,1.612903225806452,0.0,-0.0,90.28726511879371,-0.17074733136485998,0.04648364900489291,2.637598910001894
37.44,-9.35483870967742,1.612903225806452,0.0,-0.0,90.29917257491603,-0.17075722995824705,0.04648963870673187,2.6376631110264226
37.45,-9.35483870967742,1.612903225806452,0.0,-0.0,90.31107977944463,-0.17076661064793874,0.04649550459672322,2.6377261510194288
37.46,-9.35483870967742,1.612903225806452,0.0,-0.0,90.32298674266151,-0.1707754928240457,0.046501245910010286,2.6377880386317925
37.47,-9.35483870967742,1.612903225806452,0.0,-0.0,90.33489347454307,-0.17078389530501104,0.04650686234995624,2.6378487834357305
37.48,-9.35483870967742,1.612903225806452,0.0,-0.0,90.34679998476223,-0.1707918363491162,0.04651235404672957,2.63790839582779
37.49,-9.35483870967742,1.612903225806452,0.0,-0.0,90.35870628269119,-0.17079933366580213,0.04651772151682779,2.6379668869374497
37.5,-9.35483870967742,1.612903225806452,0.0,-0.0,90.3706123774045,-0.17080640442683925,0.04652296562381106,2.6380242685413786
37.51,-9.35483870967742,1.612903225806452,0.0,-0.0,90.3825182776827,-0.17081306527738704,0.04652808754046475,2.6380805529832965
37.52,-9.35483870967742,1.612903225806452,0.0,-0.0,90.39442399201633,-0.1708193323469398,0.046533088712612886,2.6381357530995584
37.53,-9.35483870967742,1.612903225806452,0.0,-0.0,90.40632952861026,-0.17082522126021538,0.04653797082470548,2.638189882150136
37.54,-9.35483870967742,1.612903225806452,0.0,-0.0,90.41823489538851,-0.17083074714798174,0.04654273576732085,2.638242953755002
37.55,-9.35483870967742,1.612903225806452,0.0,-0.0,90.43014009999928,-0.17083592465784336,0.04654738560666036,2.6382949818356742
37.56,-9.35483870967742,1.612903225806452,0.0,-0.0,90.44204514982034,-0.1708407679650069,0.04655192255608023,2.638345980561655
37.57,-9.35483870967742,1.612903225806452,0.0,-0.0,90.45395005196465,-0.17084529078300348,0.04655634894971092,2.63839596430171
37.58,-9.35483870967742,1.612903225806452,0.0,-0.0,90.46585481328619,-0.17084950637441076,0.046560667218125934,2.638444947579486
37.59,-9.35483870967742,1.612903225806452,0.0,-0.0,90.47775944038602,-0.17085342756154276,0.046564879866061754,2.638492945033395
37.6,-9.35483870967742,1.612903225806452,0.0,-0.0,90.4896639396185,-0.1708570667371011,0.04656898945215324,2.6385399713805384
37.61,-9.35483870967742,1.612903225806452,0.0,-0.0,90.50156831709756,-0.17086043587482613,0.046572998570575036,2.638586041384103
37.62,-9.35483870967742,1.612903225806452,0.0,-0.0,90.51347257870322,-0.1708635465400724,0.04657690983458526,2.638631169824407
37.63,-9.35483870967742,1.612903225806452,0.0,-0.0,90.52537673008796,-0.17086640990036062,0.04658072586182452,2.6386753714729445
37.64,-9.35483870967742,1.612903225806452,0.0,-0.0,90.53728077668335,-0.17086903673585652,0.04658444926131591,2.6387186610694155
37.65,-9.35483870967742,1.612903225806452,0.0,-0.0,90.54918472370655,-0.1708714374497845,0.046588082622049026,2.63876105330139
37.66,-9.35483870967742,1.612903225806452,0.0,-0.0,90.56108857616687,-0.17087362207875667,0.04659162850305207,2.638802562786409
37.67,-9.35483870967742,1.612903225806452,0.0,-0.0,90.57299233887231,-0.17087560030300775,0.046595089424845776,2.638843204056293
37.68,-9.35483870967742,1.612903225806452,0.0,-0.0,90.58489601643599,-0.17087738145650933,0.046598467862189547,2.638882991543542
37.69,-9.35483870967742,1.612903225806452,0.0,-0.0,90.59679961328257,-0.1708789745369862,0.046601766237980374,2.638921939569406
37.7,-9.35483870967742,1.612903225806452,0.0,-0.0,90.60870313365457,-0.17088038821578289,0.04660498691824663,2.6389600623337146
37.71,-9.35483870967742,1.612903225806452,0.0,-0.0,90.62060658161863,-0.17088163084760055,0.04660813220810586,2.638997373906089
37.72,-9.35483870967742,1.612903225806452,0.0,-0.0,90.63250996107158,-0.17088271048006454,0.046611204348620566,2.639033888218573
37.73,-9.35483870967742,1.612903225806452,0.0,-0.0,90.64441327574649,-0.17088363486315583,0.046614205514425494,2.6390696190592773
37.74,-9.35483870967742,1.612903225806452,0.0,-0.0,90.65631652921854,-0.17088441145844546,0.04661713781208729,2.639104580067231
37.75,-9.35483870967742,1.612903225806452,0.0,-0.0,90.66821972491078,-0.17088504744816901,0.04662000327907753,2.6391387847280448
37.76,-9.35483870967742,1.612903225806452,0.0,-0.0,90.68012286609972,-0.1708855497441093,0.04662280388330611,2.639172246370431
37.77,-9.35483870967742,1.612903225806452,0.0,-0.0,90.69202595592081,-0.17088592499629252,0.04662554152313833,2.6392049781634297
37.78,-9.35483870967742,1.612903225806452,0.0,-0.0,90.70392899737375,-0.17088617960148245,0.04662821802783915,2.639236993114297
37.79,-9.35483870967742,1.612903225806452,0.0,-0.0,90.71583199332767,-0.1708863197114886,0.046630835158369494,2.639268304066876
37.8,-9.35483870967742,1.612903225806452,0.0,-0.0,90.72773494652614,-0.17088635124126172,0.04663339460850005,2.6392989237005104
37.81,-9.35483870967742,1.612903225806452,0.0,-0.0,90.73963785959205,-0.17088627987678995,0.046635898006184145,2.6393288645293533
37.82,-9.35483870967742,1.612903225806452,0.0,-0.0,90.75154073503231,-0.1708861110827914,0.0466383469151426,2.6393581389020273
37.83,-9.35483870967742,1.612903225806452,0.0,-0.0,90.76344357524238,-0.17088585011019497,0.046640742836631416,2.6393867590016296
37.84,-9.35483870967742,1.612903225806452,0.0,-0.0,90.77534638251073,-0.17088550200343067,0.04664308721133523,2.6394147368459144
37.85,-9.35483870967742,1.612903225806452,0.0,-0.0,90.78724915902309,-0.17088507160749622,0.04664538142138655,2.6394420842878232
37.86,-9.35483870967742,1.612903225806452,0.0,-0.0,90.7991519068665,-0.17088456357483084,0.04664762679245618,2.6394688130161397
37.87,-9.35483870967742,1.612903225806452,0.0,-0.0,90.81105462803332,-0.17088398237199098,0.04664982459589209,2.639494934556283
37.88,-9.35483870967742,1.612903225806452,0.0,-0.0,90.82295732442508,-0.17088333228612473,0.046651976050895244,2.6395204602712514
37.89,-9.35483870967742,1.612903225806452,0.0,-0.0,90.83485999785609,-0.17088261743123445,0.04665408232672255,2.63954540136278
37.9,-9.35483870967742,1.612903225806452,0.0,-0.0,90.84676265005704,-0.17088184175427557,0.046656144544857864,2.639569768872395
37.91,-9.35483870967742,1.612903225806452,0.0,-0.0,90.85866528267842,-0.17088100904103698,0.04665816378119361,2.6395935736827343
37.92,-9.35483870967742,1.612903225806452,0.0,-0.0,90.87056789729372,-0.1708801229218534,0.04666014106816349,2.6396168265188
37.93,-9.35483870967742,1.612903225806452,0.0,-0.0,90.8824704954027,-0.1708791868771241,0.04666207739684716,2.6396395379493343
37.94,-9.35483870967742,1.612903225806452,0.0,-0.0,90.89437307843431,-0.17087820424266187,0.046663973719018176,2.639661718388183
37.95,-9.35483870967742,1.612903225806452,0.0,-0.0,90.90627564774972,-0.1708771782148658,0.04666583094913632,2.6396833780956817
37.96,-9.35483870967742,1.612903225806452,0.0,-0.0,90.91817820464503,-0.17087611185571083,0.04666764996629322,2.639704527180161
37.97,-9.35483870967742,1.612903225806452,0.0,-0.0,90.93008075035401,-0.17087500809759604,0.04666943161606932,2.6397251755993034
37.98,-9.35483870967742,1.612903225806452,0.0,-0.0,90.94198328605066,-0.1708738697480069,0.04667117671234408,2.639745333161662
37.99,-9.35483870967742,1.612903225806452,0.0,-0.0,90.95388581285172,-0.1708726994940417,0.046672886039015676,2.639765009528052
38.0,-9.35483870967742,1.612903225806452,0.0,-0.0,21.850749952843575,-0.17087149990676342,0.046674560351671474,2.6397842142130945
38.01,-9.35483870967742,2.258064516129032,0.0,-0.0,90.9777410929285,-0.17038466510436323,0.09934252779079386,2.6380724273521894
38.02,-9.35483870967742,2.258064516129032,0.0,-0.0,90.98974128987965,-0.16995926720043608,0.09689331368918289,2.636362744077621
38.03,-9.35483870967742,2.258064516129032,0.0,-0.0,21.886747864898712,-0.16959144477132637,0.09454885929015752,2.6346589492190384
38.04,-9.35483870967742,2.258064516129032,0.0,-0.0,91.01387339901704,-0.16927752120953354,0.09230539326134166,2.6329645382819575
38.05,-9.35483870967742,2.258064516129032,0.0,-0.0,91.02600031779961,-0.1690139989102798,0.0901592389951811,2.631282728932878
38.06,-9.35483870967742,2.258064516129032,0.0,-0.0,91.03816467667426,-0.1687975532699305,0.08810681505591264,2.6296164726571005
38.07,-9.35483870967742,2.258064516129032,0.0,-0.0,91.05036426172829,-0.1686250265689473,0.08614463528587743,2.627968466499098
38.08,-9.35483870967742,2.258064516129032,0.0,-0.0,91.0625969644627,-0.16849342180025562,0.08426930862373336,2.6263411648083
38.09,-9.35483870967742,2.258064516129032,0.0,-0.0,91.07486077767979,-0.168399896493708,0.0824775386796677,2.6247367909245787
38.1,-9.35483870967742,2.258064516129032,0.0,-0.0,91.08715379148249,-0.168341756578545,0.08076612310645734,2.6231573487479207
38.11,-9.35483870967742,2.258064516129032,0.0,-0.0,91.09947418938695,-0.1683164503182667,0.07913195280006982,2.621604634145691
38.12,-9.35483870967742,2.258064516129032,0.0,-0.0,91.11182024454907,-0.16832156234591544,0.07757201095944224,2.6200802461593655
38.13,-9.35483870967742,2.258064516129032,0.0,-0.0,91.12419031610476,-0.1683548078222582,0.07608337203196294,2.6185855979807195
38.14,-9.35483870967742,2.258064516129032,0.0,-0.0,91.13658284562334,-0.16841402673472128,0.07466320056875622,2.6171219276748205
38.15,-9.35483870967742,2.258064516129032,0.0,-0.0,91.14899635367229,-0.16849717835074696,0.073308750012088,2.61569030863529
38.16,-9.35483870967742,2.258064516129032,0.0,-0.0,22.046391057516278,-0.16860233583575412,0.07201736143541795,2.614291659763798
38.17,-9.35483870967742,2.258064516129032,0.0,-0.0,91.17388076277608,-0.16872768104261537,0.07078646225475485,2.6129267553724604
38.18,-9.35483870967742,2.258064516129032,0.0,-0.0,91.18634907056033,-0.16887149947671687,0.06961356492737233,2.6115962348123696
38.19,-9.35483870967742,2.258064516129032,0.0,-0.0,91.19883316420785,-0.16903217543800497,0.06849626565042363,2.6103006118345005
38.2,-9.35483870967742,2.258064516129032,0.0,-0.0,91.21133191149701,-0.169208187339143,0.0674322430670852,2.6090402836885414
38.21,-9.35483870967742,2.258064516129032,0.0,-0.0,91.22384424080313,-0.16939810319673054,0.06641925698175452,2.607815539962418
38.22,-9.35483870967742,2.258064516129032,0.0,-0.0,91.23636913837343,-0.16960057629096836,0.06545514707817388,2.606626571157077
38.23,-9.35483870967742,2.258064516129032,0.0,-0.0,91.24890564569216,-0.16981434098771253,0.0645378316260091,2.6054734769812216
38.24,-9.35483870967742,2.258064516129032,0.0,-0.0,91.26145285693408,-0.1700382087161273,0.06366530615247104,2.604356274336595
38.25,-9.35483870967742,2.258064516129032,0.0,-0.0,91.27400991650482,-0.17027106409474424,0.06283564204724176,2.603274904949943
38.26,-9.35483870967742,2.258064516129032,0.0,-0.0,91.28657601666767,-0.1705118611990908,0.06204698506189141,2.6022292425922275
38.27,-9.35483870967742,2.258064516129032,0.0,-0.0,91.29915039525683,-0.170759619964706,0.0612975536607161,2.601219099814172
38.28,-9.35483870967742,2.258064516129032,0.0,-0.0,91.31173233347843,-0.17101342272082487,0.060585637179098595,2.6002442341185357
38.29,-9.35483870967742,2.258064516129032,0.0,-0.0,91.32432115380067,-0.1712724108515905,0.059909593749726237,2.5993043534901963
38.3,-9.35483870967742,2.258064516129032,0.0,-0.0,91.33691621793564,-0.17153578158376692,0.05926784796648768,2.5983991212136206
38.31,-9.35483870967742,2.258064516129032,0.0,-0.0,91.34951692491511,-0.17180278490183787,0.058658888271443665,2.597528159928876
38.32,-9.35483870967742,2.258064516129032,0.0,-0.0,91.3621227092627,-0.17207272059328915,0.05808126407111819,2.596691054909521
38.33,-9.35483870967742,2.258064516129032,0.0,-0.0,91.37473303926414,-0.17234493542812057,0.05753358261370234,2.5958873565900973
38.34,-9.35483870967742,2.258064516129032,0.0,-0.0,91.38734741533618,-0.17261882047740407,0.057014505686106026,2.595116582421584
38.35,-9.35483870967742,2.258064516129032,0.0,-0.0,91.39996536849355,-0.1728938085755618,0.05652274621646958,2.5943782181863746
38.36,-9.35483870967742,2.258064516129032,0.0,-0.0,22.29754807993574,-0.173169371930194,0.056057064889944885,2.5936717189510414
38.37,-9.35483870967742,2.258064516129032,0.0,-0.0,91.425210274577,-0.17344501988177352,0.055616266899628536,2.5929965098674495
38.38,-9.35483870967742,2.258064516129032,0.0,-0.0,91.43783643002845,-0.1737202968135526,0.05519919895720854,2.592351987042926
38.39,-9.35483870967742,2.258064516129032,0.0,-0.0,91.45046456516447,-0.17399478020975545,0.05480474667722862,2.5917375186840212
38.4,-9.35483870967742,2.258064516129032,0.0,-0.0,91.46309434412233,-0.17426807885768902,0.05443183242482899,2.5911524466761535
38.41,-9.35483870967742,2.258064516129032,0.0,-0.0,91.47572545420914,-0.17453983118694694,0.0540794136814802,2.5905960886981787
38.42,-9.35483870967742,2.258064516129032,0.0,-0.0,91.48835760487665,-0.1748097037362888,0.05374648194104725,2.5900677408976343
38.43,-9.35483870967742,2.258064516129032,0.0,-0.0,91.50099052672958,-0.1750773897365242,0.05343206210483775,2.5895666810787232
38.44,-9.35483870967742,2.258064516129032,0.0,-0.0,91.51362397055843,-0.1753426077954905,0.05313521230557455,2.5890921722954703
38.45,-9.35483870967742,2.258064516129032,0.0,-0.0,91.52625770639008,-0.17560510066989898,0.052855024060936256,2.588643466700885
38.46,-9.35483870967742,2.258064516129032,0.0,-0.0,91.53889152255147,-0.17586463410810815,0.052590622641118356,2.5882198094863247
38.47,-9.35483870967742,2.258064516129032,0.0,-0.0,91.55152522474368,-0.17612099574831963,0.052341167532169774,2.587820442749997
38.48,-9.35483870967742,2.258064516129032,0.0,-0.0,91.56415863512628,-0.17637399405815724,0.052105852886244475,2.5874446091554177
38.49,-9.35483870967742,2.258064516129032,0.0,-0.0,91.57679159141269,-0.17662345730389595,0.05188390786829247,2.5870915552734233
38.5,-9.35483870967742,2.258064516129032,0.0,-0.0,91.58942394597962,-0.17686923254054498,0.05167459683213299,2.5867605345375067
38.51,-9.35483870967742,2.258064516129032,0.0,-0.0,91.6020555649933,-0.17711118461699782,0.05147721928376628,2.586450809777795
38.52,-9.35483870967742,2.258064516129032,0.0,-0.0,91.61468632755637,-0.17734919519353076,0.051291109612839364,2.5861616553280067
38.53,-9.35483870967742,2.258064516129032,0.0,-0.0,91.62731612487923,-0.17758316177140332,0.051115636592755254,2.585892358722911
38.54,-9.35483870967742,2.258064516129032,0.0,-0.0,91.6399448594787,-0.17781299673625084,0.050950202664830135,2.5856422220195983
38.55,-9.35483870967742,2.258064516129032,0.0,-0.0,91.6525724444074,-0.17803862641840718,0.05079424303188754,2.5854105627840465
38.56,-9.35483870967742,2.258064516129032,0.0,-0.0,91.66519880251569,-0.17825999017389915,0.05064722459260687,2.5851967147891197
38.57,-9.35483870967742,2.258064516129032,0.0,-0.0,91.67782386574818,-0.17847703949018145,0.05050864475007405,2.5850000284692327
38.58,-9.35483870967742,2.258064516129032,0.0,-0.0,91.69044757447558,-0.17868973712045066,0.05037803012761974,2.5848198711746075
38.59,-9.35483870967742,2.258064516129032,0.0,-0.0,91.70306987686266,-0.17889805624997857,0.050254935222730834,2.5846556272634533
38.6,-9.35483870967742,2.258064516129032,0.0,-0.0,91.71569072827198,-0.1791019796972284,0.050138941026533324,2.5845066980659364
38.61,-9.35483870967742,2.258064516129032,0.0,-0.0,91.72831009070342,-0.17930149915193905,0.0500296536323564,2.584372501748038
38.62,-9.35483870967742,2.258064516129032,0.0,-0.0,91.74092793226818,-0.17949661445152554,0.04992670285302542,2.5842524730995766
38.63,-9.35483870967742,2.258064516129032,0.0,-0.0,91.75354422669672,-0.1796873328966483,0.04982974086253536,2.58414606326528
38.64,-9.35483870967742,2.258064516129032,0.0,-0.0,91.76615895287904,-0.17987366860607645,0.049738440874386614,2.584052739434958
38.65,-9.35483870967742,2.258064516129032,0.0,-0.0,91.77877209443602,-0.1800556419105519,0.049652495865689594,2.583971984505037
38.66,-9.35483870967742,2.258064516129032,0.0,-0.0,91.79138363932036,-0.18023327878493256,0.04957161735351445,2.583903296721156
38.67,-9.35483870967742,2.258064516129032,0.0,-0.0,91.8039935794455,-0.18040661031753114,0.04949553422778297,2.5838461893094813
38.68,-9.35483870967742,2.258064516129032,0.0,-0.0,91.81660191034106,-0.1805756722153401,0.04942399164318326,2.5838001901025325
38.69,-9.35483870967742,2.258064516129032,0.0,-0.0,91.82920863083305,-0.18074050434364242,0.04935674997114736,2.583764841163885
38.7,-9.35483870967742,2.258064516129032,0.0,-0.0,91.84181374274755,-0.18090115029839648,0.049293583811801156,2.5837396984149397
38.71,-9.35483870967742,2.258064516129032,0.0,-0.0,91.85441725063623,-0.1810576570096869,0.049234281064964275,2.583724331266264
38.72,-9.35483870967742,2.258064516129032,0.0,-0.0,91.86701916152231,-0.18121007437450765,0.04917864205862063,2.583718322255224
38.73,-9.35483870967742,2.258064516129032,0.0,-0.0,22.764581105690073,-0.1813584549171714,0.04912647873280651,2.5837212666909615
38.74,-9.35483870967742,2.258064516129032,0.0,-0.0,91.89221823134501,-0.18150285347562922,0.04907761387657247,2.583732772307575
38.75,-9.35483870967742,2.258064516129032,0.0,-0.0,91.90481541465857,-0.18164332691202267,0.04903188041549164,2.583752458926123
38.76,-9.35483870967742,2.258064516129032,0.0,-0.0,91.91741104933739,-0.1817799338458982,0.048989120747018805,2.583779958125463
38.77,-9.35483870967742,2.258064516129032,0.0,-0.0,91.930005151575,-0.1819127344085224,0.04894918612102933,2.5838149129222123
38.78,-9.35483870967742,2.258064516129032,0.0,-0.0,22.8275593598941,-0.18204179001685072,0.04891193606283628,2.5838569774596856
38.79,-9.35483870967742,2.258064516129032,0.0,-0.0,91.95518882987825,-0.18216716316574555,0.04887723783606868,2.5839058167058053
38.8,-9.35483870967742,2.258064516129032,0.0,-0.0,91.96777844428335,-0.18228891723716634,0.04884496594282506,2.5839611061596135
38.81,-9.35483870967742,2.258064516129032,0.0,-0.0,91.9803666026686,-0.18240711632506978,0.04881500165867919,2.5840225315663767
38.82,-9.35483870967742,2.258064516129032,0.0,-0.0,91.99295332640546,-0.1825218250748879,0.04878723260017148,2.584089788640897
38.83,-9.35483870967742,2.258064516129032,0.0,-0.0,92.00553863754853,-0.1826331085365156,0.04876155232255136,2.5841625827987147
38.84,-9.35483870967742,2.258064516129032,0.0,-0.0,92.01812255873918,-0.18274103202976366,0.04873785994570712,2.5842406288951807
38.85,-9.35483870967742,2.258064516129032,0.0,-0.0,92.0307051131171,-0.18284566102139754,0.048716059806246104,2.584323650971758
38.86,-9.35483870967742,2.258064516129032,0.0,-0.0,92.04328632423892,-0.18294706101284286,0.04869606113391636,2.584411382009601
38.87,-9.35483870967742,2.258064516129032,0.0,-0.0,22.94082783702817,-0.18304529743777576,0.04867777775060425,2.584503563689962
38.88,-9.35483870967742,2.258064516129032,0.0,-0.0,92.06844481258398,-0.18314043556884207,0.04866112779028972,2.584599946161219
38.89,-9.35483870967742,2.258064516129032,0.0,-0.0,92.0810221383638,-0.1832325404328109,0.04864603343844595,2.5847002878122662
38.9,-9.35483870967742,2.258064516129032,0.0,-0.0,92.09359821788041,-0.18332167673350197,0.04863242068948745,2.584804355052126
38.91,-9.35483870967742,2.258064516129032,0.0,-0.0,92.10617307577193,-0.18340790878192204,0.04862021912092626,2.5849119220953516
38.92,-9.35483870967742,2.258064516129032,0.0,-0.0,92.11874673672925,-0.18349130043303552,0.04860936168304192,2.5850227707531532
38.93,-9.35483870967742,2.258064516129032,0.0,-0.0,92.13131922545197,-0.1835719150286511,0.04859978450294236,2.5851366902300947
38.94,-9.35483870967742,2.258064516129032,0.0,-0.0,92.14389056660843,-0.18364981534598745,0.048591426701932255,2.5852534769259057
38.95,-9.35483870967742,2.258064516129032,0.0,-0.0,92.15646078479907,-0.18372506355142404,0.04858423022527564,2.5853729342426384
38.96,-9.35483870967742,2.258064516129032,0.0,0.0,92.16902990452327,-0.18379772115910475,0.04857813968338037,2.5854948723964797
38.97,-9.35483870967742,2.258064516129032,0.0,0.0,92.1815979501492,-0.18386784899394615,0.04857310220364697,2.585619108234575
38.98,-9.35483870967742,2.258064516129032,0.0,0.0,92.19416494588646,-0.18393550715877283,0.048569067292141166,2.5857454650562373
38.99,-9.35483870967742,2.258064516129032,0.0,0.0,92.20673091576137,-0.18400075500520197,0.04856598670443568,2.5858737724387995
39.0,-9.35483870967742,2.258064516129032,0.0,0.0,23.104257504619188,-0.18406365110802358,0.04856381432491849,2.5860038660676734
39.01,-9.35483870967742,2.258064516129032,0.0,0.0,92.23185987298132,-0.1841242532427959,0.04856250605396198,2.5861355875705514
39.02,-9.35483870967742,2.258064516129032,0.0,0.0,92.24442290727274,-0.18418261836637428,0.04856201970241797,2.5862687843558034
39.03,-9.35483870967742,2.258064516129032,0.0,0.0,92.25698500956045,-0.1842388026001941,0.04856231489286056,2.5864033094546053
39.04,-9.35483870967742,2.258064516129032,0.0,0.0,92.26954620266187,-0.18429286121603183,0.048563352967150114,2.5865390213670776
39.05,-9.35483870967742,2.258064516129032,0.0,0.0,92.2821065091075,-0.1843448486240934,0.04856509689982466,2.5866757839120087
39.06,-9.35483870967742,2.258064516129032,0.0,0.0,92.29466595112977,-0.1843948183632248,0.048567511216920295,2.5868134660801885
39.07,-9.35483870967742,2.258064516129032,0.0,0.0,92.30722455065315,-0.1844428230930747,0.04857056191983816,2.586951941891266
39.08,-9.35483870967742,2.258064516129032,0.0,0.0,92.3197823292856,-0.18448891458805317,0.04857421641390017,2.587091090254017
39.09,-9.35483870967742,2.258064516129032,0.0,0.0,92.33233930831126,-0.18453314373294916,0.0485784434412537,2.587230794829873
39.1,-9.35483870967742,2.258064516129032,0.0,0.0,92.34489550868405,-0.1845755605200462,0.048583213017848376,2.5873709438998094
39.11,-9.35483870967742,2.258064516129032,0.0,0.0,92.35745095102244,-0.18461621404766038,0.04858849637415125,2.58751143023417
39.12,-9.35483870967742,2.258064516129032,0.0,0.0,92.37000565560511,-0.18465515251992604,0.04859426589939947,2.5876521509657593
39.13,-9.35483870967742,2.258064516129032,0.0,0.0,92.38255964236735,-0.18469242324776358,0.04860049508910533,2.587793007465838
39.14,-9.35483870967742,2.258064516129032,0.0,0.0,92.39511293089842,-0.18472807265092905,0.0486071584955918,2.5879339052229695
39.15,-9.35483870967742,2.258064516129032,0.0,0.0,92.40766554043945,-0.18476214626102017,0.04861423168138465,2.5880747537248747
39.16,-9.35483870967742,2.258064516129032,0.0,0.0,92.42021748988216,-0.18479468872540228,0.048621691175218446,2.588215466342897
39.17,-9.35483870967742,2.258064516129032,0.0,0.0,92.43276879776808,-0.18482574381193462,0.04862951443052044,2.588355960219297
39.18,-9.35483870967742,2.258064516129032,0.0,0.0,92.44531948228834,-0.18485535441444745,0.048637679786183746,2.5884961561571638
39.19,-9.35483870967742,2.258064516129032,0.0,0.0,92.45786956128406,-0.18488356255890082,0.04864616642947733,2.588635978512886
39.2,-9.35483870967742,2.258064516129032,0.0,0.0,92.47041905224705,-0.18491040941014858,0.04865495436096512,2.5887753550912267
39.21,-9.35483870967742,2.258064516129032,0.0,0.0,92.48296797232112,-0.18493593527927288,0.04866402436127917,2.588914217042795
39.22,-9.35483870967742,2.258064516129032,0.0,0.0,92.49551633830359,-0.18496017963141054,0.048673357959651026,2.5890524987640267
39.23,-9.35483870967742,2.258064516129032,0.0,0.0,92.50806416664733,-0.1849831810940522,0.04868293740405541,2.5891901377994233
39.24,-9.35483870967742,2.258064516129032,0.0,0.0,92.520611473463,-0.18500497746572797,0.048692745632901324,2.589327074746255
39.25,-9.35483870967742,2.258064516129032,0.0,0.0,92.53315827452168,-0.1850256057250862,0.048702766248127,2.589463253161379
39.26,-9.35483870967742,2.258064516129032,0.0,0.0,92.54570458525764,-0.18504510204027713,0.04871298348965272,2.5895986194704257
39.27,-9.35483870967742,2.258064516129032,0.0,0.0,92.55825042077149,-0.18506350177864916,0.04872338221106626,2.589733122879028
39.28,-9.35483870967742,2.258064516129032,0.0,0.0,23.45575741685801,-0.18508083951668863,0.04873394785649521,2.5898667152862753
39.29,-9.35483870967742,2.258064516129032,0.0,0.0,92.58334072488694,-0.1850971490501968,0.048744666438572476,2.589999351200193
39.3,-9.35483870967742,2.258064516129032,0.0,0.0,92.59588522205208,-0.18511246340465626,0.048755524517443416,2.59013098765533
39.31,-9.35483870967742,2.258064516129032,0.0,0.0,92.60842930112968,-0.18512681484578164,0.0487665091807305,2.5902615841322487
39.32,-9.35483870967742,2.258064516129032,0.0,0.0,92.62097297560516,-0.18514023489020948,0.04877760802441858,2.5903911024790442
39.33,-9.35483870967742,2.258064516129032,0.0,0.0,92.63351625865265,-0.18515275431631395,0.04878880913459757,2.5905195068347675
39.34,-9.35483870967742,2.258064516129032,0.0,0.0,23.531020784163733,-0.18516440317512461,0.048800101070011564,2.5906467635547337
39.35,-9.35483870967742,2.258064516129032,0.0,0.0,92.658601701629,-0.1851752108013328,0.04881147284536594,2.590772841137646
39.36,-9.35483870967742,2.258064516129032,0.0,0.0,92.6711438863879,-0.1851852058243626,0.048822913915350485,2.590897710154526
39.37,-9.35483870967742,2.258064516129032,0.0,0.0,92.68368572938773,-0.1851944161794895,0.048834414159340145,2.591021343179417
39.38,-9.35483870967742,2.258064516129032,0.0,0.0,92.69622724231088,-0.18520286911899098,0.048845963866735925,2.5911437147218406
39.39,-9.35483870967742,2.258064516129032,0.0,0.0,92.70876843655482,-0.18521059122332473,0.04885755372290007,2.5912648011608796
39.4,-9.35483870967742,2.258064516129032,0.0,0.0,92.72130932323668,-0.18521760841229962,0.0488691747956731,2.5913845806810167
39.41,-9.35483870967742,2.258064516129032,0.0,0.0,92.73384991319791,-0.18522394595625713,0.048880818522415354,2.59150303320949
39.42,-9.35483870967742,2.258064516129032,0.0,0.0,92.74639021700888,-0.1852296284872178,0.048892476697574766,2.591620140355355
39.43,-9.35483870967742,2.258064516129032,0.0,0.0,92.75893024497354,-0.18523468001002086,0.04890414146071903,2.591735885349975
39.44,-9.35483870967742,2.258064516129032,0.0,0.0,92.77147000713411,-0.18523912391340758,0.048915805285043995,2.5918502529891563
39.45,-9.35483870967742,2.258064516129032,0.0,0.0,23.668971134300268,-0.18524298298106923,0.048927460966307734,2.591963229576717
39.46,-9.35483870967742,2.258064516129032,0.0,0.0,92.79654877293108,-0.18524627940264227,0.04893910161217613,2.592074802869509
39.47,-9.35483870967742,2.258064516129032,0.0,0.0,92.80908779538508,-0.18524903478462829,0.04895072063197556,2.592184962023963
39.48,-9.35483870967742,2.258064516129032,0.0,0.0,92.82162658967948,-0.1852512701612662,0.04896231172679846,2.5922936975439086
39.49,-9.35483870967742,2.258064516129032,0.0,0.0,92.8341651646175,-0.1852530060053209,0.048973868879973265,2.5924010012298098
39.5,-9.35483870967742,2.258064516129032,0.0,0.0,92.84670352876837,-0.18525426223877672,0.04898538634788957,2.592506866129473
39.51,-9.35483870967742,2.258064516129032,0.0,0.0,92.8592416904719,-0.18525505824346988,0.0489968586511198,2.5926112864898774
39.52,-9.35483870967742,2.258064516129032,0.0,0.0,92.87177965784305,-0.18525541287162195,0.04900828056585846,2.592714257710368
39.53,-9.35483870967742,2.258064516129032,0.0,0.0,92.88431743877634,-0.1852553444562629,0.04901964711567244,2.5928157762972166
39.54,-9.35483870967742,2.258064516129032,0.0,0.0,92.89685504095033,-0.18525487082157666,0.04903095356350906,2.5929158398192573
39.55,-9.35483870967742,2.258064516129032,0.0,0.0,92.90939247183205,-0.1852540092931355,0.049042195403982886,2.593014446864802
39.56,-9.35483870967742,2.258064516129032,0.0,0.0,92.92192973868131,-0.18525277670802165,0.0490533683559255,2.5931115969997784
39.57,-9.35483870967742,2.258064516129032,0.0,0.0,92.93446684855506,-0.1852511894248533,0.04906446835516923,2.593207290726933
39.58,-9.35483870967742,2.258064516129032,0.0,0.0,23.83196542933617,-0.1852492633336884,0.04907549154757637,2.59330152944624
39.59,-9.35483870967742,2.258064516129032,0.0,0.0,92.95954062461493,-0.18524701386581854,0.04908643428228909,2.5933943154163805
39.6,-9.35483870967742,2.258064516129032,0.0,0.0,92.9720773039387,-0.18524445600344452,0.049097293105199585,2.593485651717329
39.61,-9.35483870967742,2.258064516129032,0.0,0.0,92.9846138525705,-0.18524160428923098,0.04910806475262991,2.5935755422140088
39.62,-9.35483870967742,2.258064516129032,0.0,0.0,92.99715027661586,-0.18523847283575512,0.04911874614519571,2.5936639915208852
39.63,-9.35483870967742,2.258064516129032,0.0,0.0,93.0096865820022,-0.18523507533481143,0.049129334381885104,2.5937510049677295
39.64,-9.35483870967742,2.258064516129032,0.0,0.0,93.02222277448287,-0.18523142506661117,0.04913982673430323,2.5938365885662504
39.65,-9.35483870967742,2.258064516129032,0.0,0.0,93.03475885964095,-0.18522753490885158,0.04915022064109886,2.593920748977733
39.66,-9.35483870967742,2.258064516129032,0.0,0.0,93.04729484289311,-0.18522341734565806,0.0491605137025625,2.59400349348164
39.67,-9.35483870967742,2.258064516129032,0.0,0.0,93.0598307294934,-0.18521908447640278,0.04917070367538601,2.594084829945122
39.68,-9.35483870967742,2.258064516129032,0.0,0.0,93.07236652453692,-0.18521454802439663,0.04918078846757834,2.594164766793434
39.69,-9.35483870967742,2.258064516129032,0.0,0.0,23.969863853988034,-0.18520981934545344,0.04919076613353196,2.594243312981237
39.7,-9.35483870967742,2.258064516129032,0.0,0.0,93.09743785956124,-0.18520490943632795,0.0492006348692344,2.594320477964753
39.71,-9.35483870967742,2.258064516129032,0.0,0.0,93.10997340897012,-0.18519982894301723,0.049210393007626474,2.59439627167483
39.72,-9.35483870967742,2.258064516129032,0.0,0.0,93.1225088856854,-0.18519458816895573,0.04922003901407401,2.5944707044906807
39.73,-9.35483870967742,2.258064516129032,0.0,0.0,93.13504429406105,-0.1851891970830487,0.04922957148200205,2.594543787214654
39.74,-9.35483870967742,2.258064516129032,0.0,0.0,93.14757963831308,-0.18518366532761532,0.04923898912861499,2.5946155310475385
39.75,-9.35483870967742,2.258064516129032,0.0,0.0,93.16011492252285,-0.18517800222616942,0.0492482907907725,2.594685947564874
39.76,-9.35483870967742,2.258064516129032,0.0,0.0,93.1726501506403,-0.18517221679109552,0.04925747542095554,2.594755048693847
39.77,-9.35483870967742,2.258064516129032,0.0,0.0,24.07014694751162,-0.18516631773119097,0.049266542083352266,2.5948228466909815
39.78,-9.35483870967742,2.258064516129032,0.0,0.0,93.19772045375967,-0.18516031345907003,0.04927548995005912,2.5948893541205997
39.79,-9.35483870967742,2.258064516129032,0.0,0.0,93.21025553603249,-0.18515421209846472,0.04928431829736504,2.5949545838338484
39.8,-9.35483870967742,2.258064516129032,0.0,0.0,93.2227905767608,-0.18514802149137255,0.04929302650215936,2.595018548948575
39.81,-9.35483870967742,2.258064516129032,0.0,0.0,24.120287200308216,-0.18514174920509507,0.04930161403841968,2.595081262829767
39.82,-9.35483870967742,2.258064516129032,0.0,0.0,93.24786054682684,-0.18513540253915106,0.04931008047379393,2.595142739070649
39.83,-9.35483870967742,2.258064516129032,0.0,0.0,24.14535710353012,-0.1851289885320585,0.04931842546627735,2.595202991474465
39.84,-9.35483870967742,2.258064516129032,0.0,0.0,93.27293038932736,-0.18512251396799784,0.04932664876097129,2.595262034036848
39.85,-9.35483870967742,2.258064516129032,0.0,0.0,93.28546527019466,-0.18511598538335228,0.04933475018692504,2.5953198809288005
39.86,-9.35483870967742,2.258064516129032,0.0,0.0,93.29800012790757,-0.18510940907312323,0.04934272965406136,2.595376546480292
39.87,-9.35483870967742,2.258064516129032,0.0,0.0,93.31053496516634,-0.18510279109722416,0.049350587150179925,2.5954320451644364
39.88,-9.35483870967742,2.258064516129032,0.0,0.0,93.323069784574,-0.1850961372866674,0.049358322738023735,2.595486391582154
39.89,-9.35483870967742,2.258064516129032,0.0,0.0,93.3356045886388,-0.18508945324960868,0.04936593655244001,2.595539600447539
39.9,-9.35483870967742,2.258064516129032,0.0,0.0,93.34813937977665,-0.18508274437729655,0.049373428797589436,2.5955916865736115
39.91,-9.35483870967742,2.258064516129032,0.0,0.0,93.36067416031354,-0.18507601584989242,0.049380799744235426,2.595642664858685
39.92,-9.35483870967742,2.258064516129032,0.0,0.0,93.37320893248778,-0.1850692726421731,0.04938804972710156,2.595692550273253
39.93,-9.35483870967742,2.258064516129032,0.0,0.0,93.38574369845243,-0.18506251952913566,0.04939517914227659,2.5957413578472734
39.94,-9.35483870967742,2.258064516129032,0.0,0.0,93.3982784602774,-0.18505576109146438,0.04940218844470348,2.595789102658089
39.95,-9.35483870967742,2.258064516129032,0.0,0.0,93.41081321995169,-0.18504900172090488,0.0494090781457133,2.595835799818718
39.96,-9.35483870967742,2.258064516129032,0.0,0.0,93.42334797938557,-0.18504224562552307,0.049415848810618834,2.5958814644666166
39.97,-9.35483870967742,2.258064516129032,0.0,0.0,93.4358827404126,-0.1850354968348471,0.049422501056373774,2.595926111752956
39.98,-9.35483870967742,2.258064516129032,0.0,0.0,93.44841750479172,-0.18502875920491169,0.04942903554927705,2.59596975683227
39.99,-9.35483870967742,2.258064516129032,0.0,0.0,93.46095227420926,-0.1850220364231867,0.04943545300274005,2.596012414852584
40.0,-9.35483870967742,2.258064516129032,0.0,0.0,24.358448671305442,-0.18501533201341158,0.04944175417509519,2.5960541009458984
40.01,-9.35483870967742,2.903225806451612,0.0,0.0,93.48607008630741,-0.1845468140512485,0.1022115253225464,2.5940759058808096
40.02,-9.35483870967742,2.903225806451612,0.0,0.0,93.49869879438647,-0.18413448096079765,0.09985613202885282,2.592111566337504
40.03,-9.35483870967742,2.903225806451612,0.0,0.0,93.5113706991484,-0.1837749580628637,0.09759793594464305,2.5901643000411645
40.04,-9.35483870967742,2.903225806451612,0.0,0.0,93.52408343385262,-0.18346502509763862,0.09543357440703429,2.588237067864587
40.05,-9.35483870967742,2.903225806451612,0.0,0.0,93.53683473655983,-0.18320161136661572,0.09335976715799979,2.5863325839843507
40.06,-9.35483870967742,2.903225806451612,0.0,0.0,93.54962244638541,-0.18298179078907062,0.09137331636127907,2.584453326137955
40.07,-9.35483870967742,2.903225806451612,0.0,0.0,93.5624444998385,-0.18280277691600688,0.08947110640684944,2.5826015459199523
40.08,-9.35483870967742,2.903225806451612,0.0,0.0,93.57529892724953,-0.18266191793767106,0.0876501035349386,2.5807792790626043
40.09,-9.35483870967742,2.903225806451612,0.0,0.0,93.58818384928846,-0.18255669171483002,0.08590735530690366,2.578988355653307
40.1,-9.35483870967742,2.903225806451612,0.0,0.0,93.60109747357518,-0.1824847008590279,0.08423998994625195,2.577230410245998
40.11,-9.35483870967742,2.903225806451612,0.0,0.0,93.61403809138257,-0.1824436678825917,0.08264521556994936,2.575506891829473
40.12,-9.35483870967742,2.903225806451612,0.0,0.0,93.62700407443236,-0.18243143043569388,0.08112031932741565,2.573819073618382
40.13,-9.35483870967742,2.903225806451612,0.0,0.0,93.6399938717834,-0.18244593664458408,0.07966266646285572,2.5721680626373025
40.14,-9.35483870967742,2.903225806451612,0.0,0.0,93.6530060068115,-0.18248524056273419,0.07826969931512978,2.5705548090703676
40.15,-9.35483870967742,2.903225806451612,0.0,0.0,93.66603907427961,-0.18254749774441215,0.07693893626870824,2.5689801153529226
40.16,-9.35483870967742,2.903225806451612,0.0,0.0,93.67909173749683,-0.18263096094848186,0.07566797066872583,2.567444644984327
40.17,-9.35483870967742,2.903225806451612,0.0,0.0,93.69216272556432,-0.18273397597859553,0.07445446971279474,2.565948931044695
40.18,-9.35483870967742,2.903225806451612,0.0,0.0,93.70525083070598,-0.18285497766434788,0.07329617333171001,2.564493384402778
40.19,-9.35483870967742,2.903225806451612,0.0,0.0,93.71835490568162,-0.1829924859863895,0.07219089307003285,2.5630783016065806
40.2,-9.35483870967742,2.903225806451612,0.0,0.0,24.616435482304485,-0.1831451023467221,0.0711365109756599,2.5617038724536867
40.21,-9.35483870967742,2.903225806451612,0.0,0.0,24.62956828491328,-0.18331150598344947,0.07013097850460873,2.560370187244064
40.22,-9.35483870967742,2.903225806451612,0.0,0.0,24.642713954164268,-0.18349045052714252,0.06917231544332955,2.559077243723932
40.23,-9.35483870967742,2.903225806451612,0.0,0.0,93.77090993962554,-0.18368076069377426,0.06825860884600668,2.55782495373492
40.24,-9.35483870967742,2.903225806451612,0.0,0.0,93.7840786026865,-0.1838813291068514,0.06738801197897495,2.556613149588747
40.25,-9.35483870967742,2.903225806451612,0.0,0.0,93.79725748826543,-0.18409111323938376,0.06655874325866384,2.5554415901916125
40.26,-9.35483870967742,2.903225806451612,0.0,0.0,93.810445806829,-0.1843091324644287,0.06576908516428867,2.5543099669467573
40.27,-9.35483870967742,2.903225806451612,0.0,0.0,93.82364281135501,-0.18453446520169037,0.06501738310195893,2.55321790946529
40.28,-9.35483870967742,2.903225806451612,0.0,0.0,93.83684779538538,-0.1847662461468812,0.0643020441936829,2.552164991115802
40.29,-9.35483870967742,2.903225806451612,0.0,0.0,93.85006009114524,-0.18500366357061881,0.06362153596302733,2.55115073444054
40.3,-9.35483870967742,2.903225806451612,0.0,0.0,93.86327906772968,-0.1852459566745127,0.0629743848892691,2.5501746164600694
40.31,-9.35483870967742,2.903225806451612,0.0,0.0,93.87650412935976,-0.18549241299388985,0.06235917480389638,2.5492360738788564
40.32,-9.35483870967742,2.903225806451612,0.0,0.0,93.88973471371015,-0.18574236583943193,0.061774545107363715,2.548334508190247
40.33,-9.35483870967742,2.903225806451612,0.0,0.0,93.90297029031109,-0.18599519177380064,0.06121918879035462,2.5474692906615592
40.34,-9.35483870967742,2.903225806451612,0.0,0.0,93.91621035902732,-0.18625030812412324,0.060691850252769214,2.546639767159334
40.35,-9.35483870967742,2.903225806451612,0.0,0.0,93.92945444861672,-0.1865071705368042,0.06019132292560481,2.5458452627534087
40.36,-9.35483870967742,2.903225806451612,0.0,0.0,93.94270211537048,-0.18676527058727055,0.059716446716087196,2.545085086019648
40.37,-9.35483870967742,2.903225806451612,0.0,0.0,93.95595294183587,-0.18702413346342273,0.059266105314611295,2.5443585329487903
40.38,-9.35483870967742,2.903225806451612,0.0,0.0,93.96920653562154,-0.18728331574697277,0.05883922342234149,2.5436648903677157
40.39,-9.35483870967742,2.903225806451612,0.0,0.0,93.98246252828295,-0.18754240332056427,0.05843476397858624,2.543003438792787
40.4,-9.35483870967742,2.903225806451612,0.0,0.0,93.99572057428405,-0.18780100942959355,0.0580517254840861,2.5423734546640144
40.41,-9.35483870967742,2.903225806451612,0.0,0.0,94.00898035002876,-0.1880587729251576,0.05768913952616417,2.5417742119516804
40.42,-9.35483870967742,2.903225806451612,0.0,0.0,94.02224155295389,-0.1883153567079594,0.057346068610678286,2.5412049831795014
40.43,-9.35483870967742,2.903225806451612,0.0,0.0,94.03550390067346,-0.18857044638300557,0.05702160439103421,2.54066503995934
40.44,-9.35483870967742,2.903225806451612,0.0,0.0,94.0487671301636,-0.18882374912215938,0.05671486635664416,2.5401536531756217
40.45,-9.35483870967742,2.903225806451612,0.0,0.0,94.06203099697643,-0.18907499271829165,0.0564250010046827,2.5396700929815834
40.46,-9.35483870967742,2.903225806451612,0.0,0.0,94.07529527447316,-0.18932392480285987,0.05615118147558565,2.539213628770654
40.47,-9.35483870967742,2.903225806451612,0.0,0.0,24.97352137409175,-0.1895703121899529,0.055892607591612825,2.538783529266077
40.48,-9.35483870967742,2.903225806451612,0.0,0.0,94.10182423947099,-0.18981394030578613,0.05564850620515974,2.538379062832814
40.49,-9.35483870967742,2.903225806451612,0.0,0.0,94.11508855594249,-0.1900546126632744,0.05541813174428012,2.5379994980683946
40.5,-9.35483870967742,2.903225806451612,0.0,0.0,94.12835253952989,-0.19029215034616243,0.05520076683850278,2.5376441046817546
40.51,-9.35483870967742,2.903225806451612,0.0,0.0,94.14161604131517,-0.19052639147500472,0.05499572291713259,2.5373121546285318
40.52,-9.35483870967742,2.903225806451612,0.0,0.0,94.15487892565928,-0.19075719063636942,0.054802340691437634,2.53700292344346
40.53,-9.35483870967742,2.903225806451612,0.0,0.0,94.16814106945232,-0.1909844182657432,0.05461999045674917,2.536715691695335
40.54,-9.35483870967742,2.903225806451612,0.0,0.0,94.18140236137347,-0.19120795998243278,0.05444807217645331,2.5364497464879103
40.55,-9.35483870967742,2.903225806451612,0.0,0.0,94.194662701165,-0.1914277158809058,0.054286015333473325,2.5362043829363468
40.56,-9.35483870967742,2.903225806451612,0.0,0.0,94.20792199892473,-0.19164359978703438,0.05413327855429639,2.5359789055618793
40.57,-9.35483870967742,2.903225806451612,0.0,0.0,94.22118017442087,-0.19185553849003045,0.05398934902468114,2.535772629561944
40.58,-9.35483870967742,2.903225806451612,0.0,0.0,94.23443715643232,-0.1920634709615463,0.05385374172523244,2.535584881928352
40.59,-9.35483870967742,2.903225806451612,0.0,0.0,94.24769288211694,-0.19226734757300823,0.053725998519582346,2.5354150023996684
40.6,-9.35483870967742,2.903225806451612,0.0,0.0,94.26094729640953,-0.19246712932120913,0.05360568712886521,2.5352623442443574
40.61,-9.35483870967742,2.903225806451612,-0.0,-0.0,94.27420035145053,-0.19266278707051787,0.053492400024860276,2.535126274880496
40.62,-9.35483870967742,2.903225806451612,-0.0,-0.0,94.2874520060461,-0.19285430081858235,0.05338575327096301,2.5350061763422493
40.63,-9.35483870967742,2.903225806451612,-0.0,-0.0,94.30070222515918,-0.19304165899056303,0.05328538533647087,2.53490144560811
40.64,-9.35483870967742,2.903225806451612,-0.0,-0.0,94.31395097943162,-0.19322485776563614,0.053190955905323245,2.534811494806281
40.65,-9.35483870967742,2.903225806451612,-0.0,-0.0,94.32719824473601,-0.19340390043802158,0.05310214469654004,2.5347357513141575
40.66,-9.35483870967742,2.903225806451612,-0.0,-0.0,94.34044400175675,-0.19357879681386791,0.053018650309696186,2.5346736577672977
40.67,-9.35483870967742,2.903225806451612,-0.0,-0.0,94.35368823559884,-0.19374956264430576,0.05294018910559428,2.53462467199315
40.68,-9.35483870967742,2.903225806451612,-0.0,-0.0,94.36693093542321,-0.1939162190944247,0.05286649412934921,2.5345882668825883
40.69,-9.35483870967742,2.903225806451612,-0.0,-0.0,94.38017209410725,-0.19407879224732005,0.05279731408083718,2.5345639302113865
40.7,-9.35483870967742,2.903225806451612,-0.0,-0.0,94.39341170792909,-0.19423731264206123,0.05273241233548473,2.534551164421753
40.71,-9.35483870967742,2.903225806451612,-0.0,-0.0,94.40664977627429,-0.19439181484411494,0.05267156601691775,2.534549486372953
40.72,-9.35483870967742,2.903225806451612,-0.0,-0.0,94.4198863013636,-0.19454233704665114,0.05261456512176152,2.5345584270683235
40.73,-9.35483870967742,2.903225806451612,-0.0,-0.0,94.4331212880003,-0.1946889207010103,0.05256121169605246,2.534577531365174
40.74,-9.35483870967742,2.903225806451612,-0.0,-0.0,94.446354743336,-0.19483161017465667,0.05251131906198417,2.5346063576724243
40.75,-9.35483870967742,2.903225806451612,-0.0,-0.0,94.4595866766537,-0.19497045243484823,0.05246471109333739,2.5346444776405765
40.76,-9.35483870967742,2.903225806451612,-0.0,-0.0,94.47281709916668,-0.19510549675637845,0.05242122153754064,2.5346914758472345
40.77,-9.35483870967742,2.903225806451612,-0.0,-0.0,94.48604602383246,-0.19523679445175246,0.05238069338215126,2.534746949481024
40.78,-9.35483870967742,2.903225806451612,-0.0,-0.0,94.49927346518056,-0.19536439862223098,0.05234297826343648,2.534810508026209
40.79,-9.35483870967742,2.903225806451612,-0.0,-0.0,94.51249943915313,-0.1954883639282764,0.05230793591466562,2.5348817729496593
40.8,-9.35483870967742,2.903225806451612,-0.0,-0.0,94.5257239629576,-0.1956087463780185,0.05227543365173562,2.534960377391451
40.81,-9.35483870967742,2.903225806451612,-0.0,-0.0,94.53894705493045,-0.1957256031323923,0.05224534589384702,2.535045965860404
40.82,-9.35483870967742,2.903225806451612,-0.0,-0.0,25.437130355435816,-0.19583899232575674,0.052217553716942006,2.5351381939350732
40.83,-9.35483870967742,2.903225806451612,-0.0,-0.0,94.56538902162649,-0.195948972900846,0.052191944437754434,2.5352367279708186
40.84,-9.35483870967742,2.903225806451612,-0.0,-0.0,94.57860793758189,-0.19605560445696113,0.052168411226435396,2.535341244813517
40.85,-9.35483870967742,2.903225806451612,-0.0,-0.0,94.59182550396348,-0.19615894711045412,0.05214685274576758,2.5354514315199133
40.86,-9.35483870967742,2.903225806451612,-0.0,-0.0,94.60504174304597,-0.19625906136656457,0.05212717281514703,2.5355669850848965
40.87,-9.35483870967742,2.903225806451612,-0.0,-0.0,94.61825667760837,-0.19635600800173691,0.052109280097625166,2.5356876121759218
40.88,-9.35483870967742,2.903225806451612,-0.0,-0.0,94.63147033085617,-0.19644984795569576,0.052093087808327776,2.535813028874127
40.89,-9.35483870967742,2.903225806451612,-0.0,-0.0,94.64468272634966,-0.19654064223247547,0.05207851344281045,2.5359429604226116
40.9,-9.35483870967742,2.903225806451612,-0.0,-0.0,94.65789388793789,-0.19662845180979394,0.05206547852387411,2.5360771409813343
40.91,-9.35483870967742,2.903225806451612,-0.0,-0.0,94.67110383969793,-0.19671333755609854,0.05205390836557322,2.5362153133888485
40.92,-9.35483870967742,2.903225806451612,-0.0,-0.0,94.684312605879,-0.19679536015474974,0.052043731853152336,2.536357228930438
40.93,-9.35483870967742,2.903225806451612,-0.0,-0.0,25.58248183187563,-0.19687458003478409,0.052034881237796954,2.5365026471126693
40.94,-9.35483870967742,2.903225806451612,-0.0,-0.0,94.71072667905781,-0.19695105730777496,0.0520272919451332,2.536651335444117
40.95,-9.35483870967742,2.903225806451612,-0.0,-0.0,94.72393203497322,-0.19702485171033457,0.0520209023964964,2.536803069222086
40.96,-9.35483870967742,2.903225806451612,-0.0,-0.0,94.7371363030621,-0.19709602255184977,0.052015653842045706,2.536957631325068
40.97,-9.35483870967742,2.903225806451612,-0.0,-0.0,94.75033950774376,-0.1971646286670321,0.05201149020491053,2.5371148120109455
40.98,-9.35483870967742,2.903225806451612,-0.0,-0.0,94.76354167335882,-0.19723072837296163,0.05200835793554967,2.537274408720505
40.99,-9.35483870967742,2.903225806451612,-0.0,-0.0,25.66170444516347,-0.1972943794302634,0.05200620587562346,2.537436225886266
41.0,-9.35483870967742,2.903225806451612,-0.0,-0.0,25.674904605203768,-0.1973556390081369,0.052004985130680165,2.5376000747462593
41.01,-9.35483870967742,2.903225806451612,-0.0,-0.0,94.80314217741316,-0.19741456365290733,0.05200464895107834,2.5377657731629015
41.02,-9.35483870967742,2.903225806451612,-0.0,-0.0,94.81634042758974,-0.1974712092598988,0.05200515262050537,2.5379331454463667
41.03,-9.35483870967742,2.903225806451612,-0.0,-0.0,94.82953775825278,-0.19752563104833654,0.05200645335160267,2.5381020221826174
41.04,-9.35483870967742,2.903225806451612,-0.0,-0.0,94.84273419272232,-0.19757788353906902,0.052008510188187196,2.5382722400658477
41.05,-9.35483870967742,2.903225806451612,-0.0,-0.0,94.85592975407764,-0.1976280205348998,0.0520112839136051,2.538443641735162
41.06,-9.35483870967742,2.903225806451612,-0.0,-0.0,94.86912446514219,-0.19767609510334916,0.05201473696478154,2.5386160756152854
41.07,-9.35483870967742,2.903225806451612,-0.0,-0.0,94.88231834847004,-0.19772215956163952,0.052018833351591215,2.538789395761323
41.08,-9.35483870967742,2.903225806451612,-0.0,-0.0,94.89551142633366,-0.19776626546374998,0.05202353858117359,2.5389634617073695
41.09,-9.35483870967742,2.903225806451612,-0.0,-0.0,94.90870372071326,-0.19780846358940551,0.052028819586831254,2.539138138318704
41.1,-9.35483870967742,2.903225806451612,-0.0,-0.0,94.92189525328726,-0.19784880393481574,0.05203464466123414,2.53931329564773
41.11,-9.35483870967742,2.903225806451612,-0.0,-0.0,94.93508604542393,-0.19788733570507355,0.05204098339359492,2.539488808793257
41.12,-9.35483870967742,2.903225806451612,-0.0,-0.0,94.94827611817412,-0.19792410730805277,0.05204780661057992,2.5396645577632806
41.13,-9.35483870967742,2.903225806451612,-0.0,-0.0,94.96146549226505,-0.19795916634972943,0.05205508632066072,2.539840427340859
41.14,-9.35483870967742,2.903225806451612,-0.0,-0.0,94.97465418809489,-0.19799255963077111,0.052062795661724115,2.5400163069533686
41.15,-9.35483870967742,2.903225806451612,-0.0,-0.0,94.9878422257283,-0.19802433314434542,0.05207090885166779,2.5401920905446573
41.16,-9.35483870967742,2.903225806451612,-0.0,-0.0,95.00102962489272,-0.19805453207502266,0.052079401141815695,2.5403676764502716
41.17,-9.35483870967742,2.903225806451612,-0.0,-0.0,95.01421640497539,-0.1980832007986979,0.05208824877295107,2.5405429672755755
41.18,-9.35483870967742,2.903225806451612,-0.0,-0.0,95.02740258502098,-0.19811038288345095,0.05209742893379582,2.540717869776708
41.19,-9.35483870967742,2.903225806451612,-0.0,-0.0,95.04058818373002,-0.19813612109128498,0.052106919721757156,2.5408922947441916
41.2,-9.35483870967742,2.903225806451612,-0.0,-0.0,95.05377321945765,-0.19816045738063048,0.05211670010583702,2.541066156889448
41.21,-9.35483870967742,2.903225806451612,-0.0,-0.0,95.06695771021309,-0.19818343290962248,0.052126749891488716,2.5412393747336224
41.22,-9.35483870967742,2.903225806451612,-0.0,-0.0,95.08014167365951,-0.19820508804002201,0.05213704968736238,2.5414118704991613
41.23,-9.35483870967742,2.903225806451612,-0.0,-0.0,95.09332512711438,-0.19822546234176175,0.05214758087378005,2.541583570003825
41.24,-9.35483870967742,2.903225806451612,-0.0,-0.0,95.10650808755018,-0.19824459459806265,0.052158325572830344,2.5417544025570815
41.25,-9.35483870967742,2.903225806451612,-0.0,-0.0,95.11969057159556,-0.1982625228110707,0.05216926661997895,2.5419243008588475
41.26,-9.35483870967742,2.903225806451612,-0.0,-0.0,95.13287259553674,-0.1982792842079526,0.05218038753711443,2.542093200900644
41.27,-9.35483870967742,2.903225806451612,-0.0,-0.0,95.14605417531935,-0.1982949152474408,0.052191672506905956,2.5422610418688802
41.28,-9.35483870967742,2.903225806451612,-0.0,-0.0,95.15923532655046,-0.19830945162676328,0.05220310634841291,2.5424277660503933
41.29,-9.35483870967742,2.903225806451612,-0.0,-0.0,95.17241606450092,-0.19832292828892972,0.05221467449386094,2.542593318740155
41.3,-9.35483870967742,2.903225806451612,-0.0,-0.0,95.18559640410791,-0.19833537943033708,0.05222636296651387,2.5427576481511123
41.31,-9.35483870967742,2.903225806451612,-0.0,-0.0,95.19877635997776,-0.19834683850868418,0.05223815835954998,2.5429207053259595
41.32,-9.35483870967742,2.903225806451612,-0.0,-0.0,95.21195594638887,-0.19835733825112245,0.052250047815926765,2.543082444051136
41.33,-9.35483870967742,2.903225806451612,-0.0,-0.0,95.22513517729496,-0.1983669106626701,0.05226201900911512,2.5432428207725857
41.34,-9.35483870967742,2.903225806451612,-0.0,-0.0,95.23831406632831,-0.1983755870348114,0.05227406012470506,2.5434017945136422
41.35,-9.35483870967742,2.903225806451612,-0.0,-0.0,95.25149262680328,-0.19838339795430038,0.05228615984278473,2.543559326794678
41.36,-9.35483870967742,2.903225806451612,-0.0,-0.0,95.26467087171991,-0.19839037331212628,0.05229830732106719,2.543715381554631
41.37,-9.35483870967742,2.903225806451612,-0.0,-0.0,95.27784881376759,-0.19839654231260384,0.05231049217873815,2.543869925074501
41.38,-9.35483870967742,2.903225806451612,-0.0,-0.0,95.29102646532893,-0.19840193348262347,0.05232270448092294,2.5440229259023597
41.39,-9.35483870967742,2.903225806451612,-0.0,-0.0,95.30420383848364,-0.1984065746809759,0.052334934723809956,2.5441743547803726
41.4,-9.35483870967742,2.903225806451612,-0.0,-0.0,95.31738094501256,-0.1984104931077817,0.05234717382033838,2.544324184573413
41.41,-9.35483870967742,2.903225806451612,-0.0,-0.0,95.33055779640168,-0.19841371531400342,0.05235941308643066,2.5444723901993176
41.42,-9.35483870967742,2.903225806451612,-0.0,-0.0,95.34373440384627,-0.1984162672109947,0.05237164422776358,2.544618948560956
41.43,-9.35483870967742,2.903225806451612,-0.0,-0.0,95.35691077825507,-0.1984181740801243,0.05238385932700168,2.5447638384797258
41.44,-9.35483870967742,2.903225806451612,-0.0,-0.0,95.37008693025452,-0.1984194605824211,0.05239605083150481,2.5449070406307412
41.45,-9.35483870967742,2.903225806451612,-0.0,-0.0,95.38326287019298,-0.19842015076823827,0.05240821154147424,2.5450485374795986
41.46,-9.35483870967742,2.903225806451612,-0.0,-0.0,95.39643860814505,-0.19842026808693836,0.05242033459850279,2.5451883132206197
41.47,-9.35483870967742,2.903225806451612,-0.0,-0.0,95.40961415391583,-0.19841983539657948,0.05243241347451494,2.545326353716604
41.48,-9.35483870967742,2.903225806451612,-0.0,-0.0,95.4227895170453,-0.19841887497359934,0.05244444196107079,2.5454626464400145
41.49,-9.35483870967742,2.903225806451612,-0.0,-0.0,95.43596470681261,-0.19841740852246503,0.05245641415903918,2.545597180415752
41.5,-9.35483870967742,2.903225806451612,-0.0,-0.0,95.44913973224044,-0.19841545718533182,0.05246832446856792,2.5457299461651033
41.51,-9.35483870967742,2.903225806451612,-0.0,-0.0,95.46231460209934,-0.19841304155164263,0.05248016757939941,2.545860935651295
41.52,-9.35483870967742,2.903225806451612,-0.0,-0.0,95.47548932491208,-0.19841018166770363,0.052491938461469795,2.545990142226301
41.53,-9.35483870967742,2.903225806451612,-0.0,-0.0,95.48866390895793,-0.19840689704621306,0.052503632355796,2.546117560579016
41.54,-9.35483870967742,2.903225806451612,-0.0,-0.0,95.50183836227706,-0.19840320667574685,0.05251524476562902,2.546243186684693
41.55,-9.35483870967742,2.903225806451612,-0.0,-0.0,95.51501269267479,-0.19839912903018497,0.05252677144786613,2.5463670177556867
41.56,-9.35483870967742,2.903225806451612,-0.0,-0.0,95.52818690772591,-0.19839468207807054,0.052538208404721315,2.546489052193526
41.57,-9.35483870967742,2.903225806451612,-0.0,-0.0,95.54136101477893,-0.19838988329191842,0.05254955187561472,2.5466092895421104
41.58,-9.35483870967742,2.903225806451612,-0.0,-0.0,95.55453502096034,-0.1983847496574529,0.05256079832929095,2.5467277304421363
41.59,-9.35483870967742,2.903225806451612,-0.0,-0.0,95.56770893317885,-0.19837929768276197,0.05257194445616439,2.5468443765867907
41.6,-9.35483870967742,2.903225806451612,-0.0,-0.0,95.58088275812955,-0.19837354340739222,0.052582987160856826,2.546959230678497
41.61,-9.35483870967742,2.903225806451612,-0.0,-0.0,26.47901812332265,-0.19836750241135037,0.05259392355494605,2.547072296386889
41.62,-9.35483870967742,2.903225806451612,-0.0,-0.0,95.60723017196489,-0.19836118982403583,0.05260475094989661,2.5471835783078274
41.63,-9.35483870967742,2.903225806451612,-0.0,-0.0,95.62040377320906,-0.1983546203330755,0.052615466850185255,2.5472930819235926
41.64,-9.35483870967742,2.903225806451612,-0.0,-0.0,95.6335773119127,-0.19834780819309195,0.052626068946587584,2.5474008135640127
41.65,-9.35483870967742,2.903225806451612,-0.0,-0.0,95.6467507937648,-0.1983407672343589,0.05263655510965837,2.547506780368815
41.66,-9.35483870967742,2.903225806451612,-0.0,-0.0,95.65992422426523,-0.19833351087137807,0.052646923383366656,2.547610990250908
41.67,-9.35483870967742,2.903225806451612,-0.0,-0.0,95.67309760872877,-0.19832605211137055,0.05265717197888631,2.5477134518606337
41.68,-9.35483870967742,2.903225806451612,-0.0,-0.0,95.686270952289,-0.19831840356266017,0.05266729926855601,2.547814174551103
41.69,-9.35483870967742,2.903225806451612,-0.0,-0.0,95.69944425990215,-0.19831057744296843,0.05267730377998356,2.547913168344442
41.7,-9.35483870967742,2.903225806451612,-0.0,-0.0,95.71261753635105,-0.1983025855876187,0.052687184190294445,2.5480104438989515
41.71,-9.35483870967742,2.903225806451612,-0.0,-0.0,95.72579078624878,-0.19829443945762149,0.05269693932054367,2.548106012477346
41.72,-9.35483870967742,2.903225806451612,-0.0,-0.0,95.73896401404255,-0.1982861501476918,0.052706568130238385,2.5481998859156754
41.73,-9.35483870967742,2.903225806451612,-0.0,-0.0,95.75213722401737,-0.1982777283941427,0.05271606971202153,2.5482920765933144
41.74,-9.35483870967742,2.903225806451612,-0.0,-0.0,95.76531042029974,-0.19826918458268772,0.05272544328648163,2.5483825974037635
41.75,-9.35483870967742,2.903225806451612,-0.0,-0.0,95.77848360686124,-0.19826052875614197,0.05273468819709326,2.5484714617263022
41.76,-9.35483870967742,2.903225806451612,-0.0,-0.0,95.79165678752219,-0.19825177062202626,0.05274380390528258,2.548558683398448
41.77,-9.35483870967742,2.903225806451612,-0.0,-0.0,95.80482996595511,-0.19824291956006002,0.0527527899856286,2.548644276689308
41.78,-9.35483870967742,2.903225806451612,-0.0,-0.0,95.81800314568828,-0.19823398462956088,0.05276164612117923,2.5487282562736655
41.79,-9.35483870967742,2.903225806451612,-0.0,-0.0,95.83117633010916,-0.19822497457673982,0.05277037209889221,2.5488106372068753
41.8,-9.35483870967742,2.903225806451612,-0.0,-0.0,95.8443495224678,-0.1982158978418942,0.05277896780519331,2.5488914349005145
41.81,-9.35483870967742,2.903225806451612,-0.0,-0.0,95.85752272588022,-0.19820676256650227,0.05278743322165105,2.5489706650987776
41.82,-9.35483870967742,2.903225806451612,-0.0,-0.0,95.8706959433317,-0.1981975766002012,0.05279576842077782,2.549048343855688
41.83,-9.35483870967742,2.903225806451612,-0.0,-0.0,95.88386917768007,-0.19818834750768743,0.05280397356192332,2.5491244875128714
41.84,-9.35483870967742,2.903225806451612,-0.0,-0.0,95.89704243165892,-0.19817908257549144,0.05281204888730043,2.5491991126781888
41.85,-9.35483870967742,2.903225806451612,-0.0,-0.0,95.91021570788077,-0.19816978881866687,0.052819994718107444,2.5492722362049625
41.86,-9.35483870967742,2.903225806451612,-0.0,-0.0,95.92338900884022,-0.19816047298737194,0.052827811450762985,2.549343875171896
41.87,-9.35483870967742,2.903225806451612,-0.0,-0.0,26.82152395794157,-0.19815114157334768,0.05283549955325045,2.549414046863689
41.88,-9.35483870967742,2.903225806451612,-0.0,-0.0,95.94973569437911,-0.1981418008163004,0.05284305956156199,2.549482768752242
41.89,-9.35483870967742,2.903225806451612,-0.0,-0.0,95.96290908338563,-0.19813245671018131,0.052850492076248534,2.549550058478526
41.9,-9.35483870967742,2.903225806451612,-0.0,-0.0,95.9760825059898,-0.19812311500936308,0.05285779775907387,2.5496159338350712
41.91,-9.35483870967742,2.903225806451612,-0.0,-0.0,95.98925596414188,-0.19811378123472234,0.05286497732976475,2.5496804127490345
41.92,-9.35483870967742,2.903225806451612,-0.0,-0.0,96.00242945969201,-0.19810446067962217,0.05287203156285861,2.5497435132658466
41.93,-9.35483870967742,2.903225806451612,-0.0,-0.0,96.015602994393,-0.19809515841578906,0.05287896128465722,2.549805253533496
41.94,-9.35483870967742,2.903225806451612,-0.0,-0.0,96.02877656990309,-0.1980858792990966,0.052885767370268816,2.5498656517873304
41.95,-9.35483870967742,2.903225806451612,-0.0,-0.0,96.04195018778864,-0.19807662797525938,0.05289245074073817,2.549924726335353
41.96,-9.35483870967742,2.903225806451612,-0.0,-0.0,96.05512384952685,-0.19806740888540897,0.052899012360289044,2.5499824955442096
41.97,-9.35483870967742,2.903225806451612,-0.0,-0.0,96.0682975565083,-0.19805822627159364,0.05290545323363732,2.550038977825549
41.98,-9.35483870967742,2.903225806451612,-0.0,-0.0,96.08147131003957,-0.1980490841821746,0.05291177440340075,2.550094191622947
41.99,-9.35483870967742,2.903225806451612,-0.0,-0.0,26.979606732370332,-0.19803998647712284,0.05291797694760067,2.5501481553993677
42.0,-9.35483870967742,2.903225806451612,-0.0,-0.0,96.10781896157302,-0.1980309368332258,0.05292406197724511,2.5502008876250706
42.01,-9.35483870967742,3.548387096774194,-0.0,-0.0,96.12103893094425,-0.19757841557823763,0.10580756955705739,2.547962909363414
42.02,-9.35483870967742,3.548387096774194,-0.0,-0.0,96.13430264571835,-0.19717702093684164,0.10355799278491967,2.54575056098408
42.03,-9.35483870967742,3.548387096774194,-0.0,-0.0,96.14760783137106,-0.19682380277761624,0.10139807570035816,2.5435665381206918
42.04,-9.35483870967742,3.548387096774194,-0.0,-0.0,96.16095230926862,-0.19651594060685584,0.09932482783326863,2.541413307145221
42.05,-9.35483870967742,3.548387096774194,-0.0,-0.0,96.17433399341029,-0.19625073951217942,0.097335330534949,2.5392931142177493
42.06,-9.35483870967742,3.548387096774194,-0.0,-0.0,96.18775088724271,-0.19602562607829166,0.09542673670860558,2.537207994393201
42.07,-9.35483870967742,3.548387096774194,-0.0,-0.0,96.20120108054832,-0.1958381443001237,0.09359627041309021,2.535159780741249
42.08,-9.35483870967742,3.548387096774194,-0.0,-0.0,96.21468274640903,-0.19568595151463875,0.09184122635862912,2.533150113439983
42.09,-9.35483870967742,3.548387096774194,-0.0,-0.0,96.22819413824654,-0.19556681436913104,0.09015896931033576,2.5311804488079375
42.1,-9.35483870967742,3.548387096774194,-0.0,-0.0,96.24173358693926,-0.1954786048407965,0.08854693341273331,2.529252068242756
42.11,-9.35483870967742,3.548387096774194,-0.0,-0.0,96.25529949801626,-0.19541929631985588,0.0870026214461434,2.5273660870369827
42.12,-9.35483870967742,3.548387096774194,-0.0,-0.0,96.26889034892784,-0.19538695976621379,0.08552360402392503,2.525523463044294
42.13,-9.35483870967742,3.548387096774194,-0.0,-0.0,96.2825046863923,-0.19537975994779144,0.08410751873792666,2.523725005171281
42.14,-9.35483870967742,3.548387096774194,-0.0,-0.0,96.29614112381816,-0.19539595176715385,0.08275206925821507,2.521971381671062
42.15,-9.35483870967742,3.548387096774194,-0.0,-0.0,96.30979833880097,-0.19543387668169554,0.08145502439237393,2.5202631282170915
42.16,-9.35483870967742,3.548387096774194,-0.0,-0.0,96.32347507069373,-0.19549195922167983,0.0802142171091218,2.518600655736493
42.17,-9.35483870967742,3.548387096774194,-0.0,-0.0,96.3371701182497,-0.1955687036095396,0.07902754353097058,2.516984257984481
42.18,-9.35483870967742,3.548387096774194,-0.0,-0.0,96.3508823373363,-0.19566269048312868,0.07789296190091569,2.5154141188440104
42.19,-9.35483870967742,3.548387096774194,0.0,-0.0,96.36461063871879,-0.1957725737250542,0.07680849152860328,2.5138903193376247
42.2,-9.35483870967742,3.548387096774194,0.0,-0.0,96.37835398591203,-0.19589707739950823,0.0757722117221753,2.512412844343515
42.21,-9.35483870967742,3.548387096774194,0.0,-0.0,96.39211139309886,-0.19603499279748626,0.07478226071251734,2.5109815890122116
42.22,-9.35483870967742,3.548387096774194,0.0,-0.0,96.40588192311313,-0.19618517559048165,0.07383683457717141,2.509596364886921
42.23,-9.35483870967742,3.548387096774194,0.0,-0.0,96.41966468548556,-0.19634654309199184,0.0729341861712513,2.5082569057366095
42.24,-9.35483870967742,3.548387096774194,0.0,-0.0,96.43345883455048,-0.1965180716252808,0.07207262407238393,2.506962873117389
42.25,-9.35483870967742,3.548387096774194,0.0,-0.0,96.4472635676114,-0.19669879399486023,0.07125051154590659,2.505713861683979
42.26,-9.35483870967742,3.548387096774194,0.0,-0.0,96.46107812316319,-0.19688779705818116,0.070466265535235,2.5045094042780742
42.27,-9.35483870967742,3.548387096774194,0.0,-0.0,27.35986340019365,-0.1970842193931598,0.06971835568047693,2.5033489768236374
42.28,-9.35483870967742,3.548387096774194,0.0,-0.0,96.48873385139038,-0.19728724905617734,0.06900530336638236,2.502232003062109
42.29,-9.35483870967742,3.548387096774194,0.0,-0.0,96.50257369176677,-0.19749612142462636,0.06832568079819962,2.501157859159608
42.3,-9.35483870967742,3.548387096774194,0.0,-0.0,96.5164206868462,-0.19771011711743613,0.06767811010159494,2.500125878217164
42.31,-9.35483870967742,3.548387096774194,0.0,-0.0,96.53027425626213,-0.1979285599866789,0.06706126244017432,2.499135354711194
42.32,-9.35483870967742,3.548387096774194,0.0,-0.0,27.429095472282018,-0.1981508151731991,0.06647385714153387,2.498185548886107
42.33,-9.35483870967742,3.548387096774194,0.0,-0.0,96.55799895325406,-0.19837628721914025,0.06591466082024702,2.4972756911147105
42.34,-9.35483870967742,3.548387096774194,0.0,-0.0,96.57186907246722,-0.1986044182304706,0.06538248648359227,2.496404986233603
42.35,-9.35483870967742,3.548387096774194,0.0,-0.0,96.58574374656534,-0.19883468608289767,0.06487619260345209,2.495572617851977
42.36,-9.35483870967742,3.548387096774194,0.0,-0.0,96.59962253937444,-0.19906660266505882,0.06439468213567726,2.494777752622228
42.37,-9.35483870967742,3.548387096774194,0.0,-0.0,96.61350503962876,-0.1992997121537542,0.0639369014664663,2.4940195444489133
42.38,-9.35483870967742,3.548387096774194,0.0,-0.0,96.62739085976821,-0.19953358931699494,0.06350183926467898,2.493297138601473
42.39,-9.35483870967742,3.548387096774194,0.0,-0.0,96.64127963478423,-0.1997678378423331,0.063088525219545,2.492609675682759
42.4,-9.35483870967742,3.548387096774194,0.0,-0.0,27.540132642140396,-0.20000208868994362,0.0626960286460588,2.49195629539408
42.41,-9.35483870967742,3.548387096774194,0.0,-0.0,96.66906469559792,-0.20023599847266216,0.06232345694568636,2.4913361400265366
42.42,-9.35483870967742,3.548387096774194,0.0,-0.0,96.68296035446336,-0.20046924786834952,0.06196995391859533,2.490748357601549
42.43,-9.35483870967742,3.548387096774194,0.0,-0.0,96.69685771240104,-0.20070154007347485,0.06163469793544066,2.4901921045819453
42.44,-9.35483870967742,3.548387096774194,0.0,-0.0,96.71075650167052,-0.20093259931033802,0.061316899991335994,2.489666548081067
42.45,-9.35483870967742,3.548387096774194,0.0,-0.0,96.72465647127362,-0.2011621694033009,0.061015801680838255,2.4891708675130575
42.46,-9.35483870967742,3.548387096774194,0.0,-0.0,96.73855738618191,-0.20139001244125843,0.06073067314850278,2.488704255652995
42.47,-9.35483870967742,3.548387096774194,0.0,-0.0,96.75245902661766,-0.20161590754370062,0.060460811082231364,2.4882659191095327
42.48,-9.35483870967742,3.548387096774194,0.0,-0.0,96.76636118738438,-0.20183964974563284,0.060205536823583206,2.487855078252543
42.49,-9.35483870967742,3.548387096774194,0.0,-0.0,96.78026367724166,-0.20206104901230204,0.059964194668085974,2.4874709666778223
42.5,-9.35483870967742,3.548387096774194,0.0,-0.0,96.79416631831799,-0.2022799293883778,0.05973615041843411,2.487112830324838
42.51,-9.35483870967742,3.548387096774194,0.0,-0.0,96.80806894555427,-0.20249612827867847,0.059520790234899146,2.4867799263860024
42.52,-9.35483870967742,3.548387096774194,0.0,-0.0,96.8219714061711,-0.2027094958498964,0.05931751980253447,2.486471522152309
42.53,-9.35483870967742,3.548387096774194,0.0,-0.0,96.83587355915276,-0.20291989453596104,0.05912576380769913,2.4861868939309684
42.54,-9.35483870967742,3.548387096774194,0.0,-0.0,96.84977527474214,-0.20312719862498463,0.05894496569084093,2.485925326145637
42.55,-9.35483870967742,3.548387096774194,0.0,-0.0,96.86367643394192,-0.20333129390332527,0.05877458762240978,2.4856861106965185
42.56,-9.35483870967742,3.548387096774194,0.0,-0.0,96.87757692801887,-0.20353207733276435,0.058614110636169225,2.4854685466186313
42.57,-9.35483870967742,3.548387096774194,0.0,-0.0,96.89147665800967,-0.2037294567392608,0.05846303485028531,2.485271940041234
42.58,-9.35483870967742,3.548387096774194,0.0,-0.0,96.90537553422791,-0.2039233504960275,0.05832087971021688,2.4850956044209633
42.59,-9.35483870967742,3.548387096774194,0.0,-0.0,96.91927347577324,-0.20411368718860745,0.05818718419710908,2.4849388610009915
42.6,-9.35483870967742,3.548387096774194,0.0,-0.0,96.93317041004418,-0.20430040525473891,0.058061506958473036,2.4848010394369284
42.61,-9.35483870967742,3.548387096774194,0.0,-0.0,96.94706627225712,-0.20448345259630663,0.057943426332310866,2.4846814785278433
42.62,-9.35483870967742,3.548387096774194,0.0,-0.0,96.9609610049736,-0.20466278616439904,0.05783254024946252,2.4845795269944686
42.63,-9.35483870967742,3.548387096774194,0.0,-0.0,96.97485455763862,-0.20483837152112339,0.057728466010681656,2.48449454425509
42.64,-9.35483870967742,3.548387096774194,0.0,-0.0,96.9887468861321,-0.20501018238354485,0.05763083994401566,2.4844259011597662
42.65,-9.35483870967742,3.548387096774194,0.0,-0.0,97.00263795233543,-0.20517820015587562,0.05753931695448694,2.4843729806547117
42.66,-9.35483870967742,3.548387096774194,0.0,-0.0,97.01652772371487,-0.20534241345624293,0.05745356998186876,2.484335178358254
42.67,-9.35483870967742,3.548387096774194,0.0,-0.0,97.03041617292286,-0.20550281764392497,0.05737328938421615,2.4843119030390777
42.68,-9.35483870967742,3.548387096774194,0.0,-0.0,97.04430327741815,-0.2056594143523892,0.05729818226489464,2.4843025769936213
42.69,-9.35483870967742,3.548387096774194,0.0,-0.0,97.05818901910527,-0.20581221103255887,0.057227971760018814,2.484306636325325
42.7,-9.35483870967742,3.548387096774194,0.0,-0.0,97.0720733839934,-0.20596122050994836,0.05716239630150166,2.4843235311313894
42.71,-9.35483870967742,3.548387096774194,0.0,-0.0,97.08595636187466,-0.2061064605583941,0.05710120886900466,2.4843527256054765
42.72,-9.35483870967742,3.548387096774194,0.0,-0.0,97.0998379460215,-0.20624795349239977,0.057044176241901945,2.484393698065512
42.73,-9.35483870967742,3.548387096774194,0.0,-0.0,97.11371813290256,-0.20638572577940162,0.05699107826034858,2.4844459409163897
42.74,-9.35483870967742,3.548387096774194,0.0,-0.0,97.1275969219167,-0.20651980767270228,0.05694170710262181,2.4845089605571906
42.75,-9.35483870967742,3.548387096774194,0.0,-0.0,97.14147431514414,-0.20665023286536277,0.056895866584190435,2.484582277241875
42.76,-9.35483870967742,3.548387096774194,0.0,-0.0,97.15535031711418,-0.2067770381649614,0.05685337148251124,2.4846654249017868
42.77,-9.35483870967742,3.548387096774194,0.0,-0.0,97.16922493458866,-0.2069002631888367,0.05681404689031927,2.4847579509374844
42.78,-9.35483870967742,3.548387096774194,0.0,-0.0,97.18309817636018,-0.20701995007926055,0.05677772759911395,2.4848594159861848
42.79,-9.35483870967742,3.548387096774194,0.0,-0.0,97.19697005306448,-0.2071361432377592,0.05674425751379933,2.484969393670828
42.8,-9.35483870967742,3.548387096774194,0.0,-0.0,97.210840577006,-0.20724888907779138,0.05671348909869181,2.485087470335239
42.81,-9.35483870967742,3.548387096774194,0.0,-0.0,97.22470976199581,-0.20735823579482737,0.056685282854702396,2.4852132447698425
42.82,-9.35483870967742,3.548387096774194,0.0,-0.0,97.2385776232013,-0.20746423315294382,0.05665950682701834,2.4853463279309675
42.83,-9.35483870967742,3.548387096774194,0.0,-0.0,97.25244417700662,-0.20756693228694367,0.05663603614242735,2.485486342656895
42.84,-9.35483870967742,3.548387096774194,0.0,-0.0,97.26630944088349,-0.2076663855190909,0.056614752575149585,2.485632923382735
42.85,-9.35483870967742,3.548387096774194,0.0,-0.0,97.28017343327133,-0.207762646189534,0.05659554413995599,2.48578571585607
42.86,-9.35483870967742,3.548387096774194,0.0,-0.0,97.29403617346641,-0.20785576849953002,0.05657830471125691,2.48594437685488
42.87,-9.35483870967742,3.548387096774194,0.0,-0.0,97.3078976815192,-0.20794580736662782,0.056562933666795656,2.4861085739088407
42.88,-9.35483870967742,3.548387096774194,0.0,-0.0,97.32175797813943,-0.20803281829099707,0.056549335554584246,2.486277985024943
42.89,-9.35483870967742,3.548387096774194,0.0,-0.0,97.33561708460839,-0.2081168572321347,0.05653741978172952,2.4864522984181483
42.9,-9.35483870967742,3.548387096774194,0.0,-0.0,97.34947502269772,-0.20819798049522908,0.05652710032382183,2.486631212247549
42.91,-9.35483870967742,3.548387096774194,0.0,-0.0,97.36333181459462,-0.20827624462652117,0.05651829545358564,2.4868144343582674
42.92,-9.35483870967742,3.548387096774194,0.0,-0.0,28.262149103857244,-0.2083517063169973,0.05651092748759082,2.4870016820295473
42.93,-9.35483870967742,3.548387096774194,0.0,-0.0,97.39104205022822,-0.20842442231384029,0.05650492254982417,2.4871926817290064
42.94,-9.35483870967742,3.548387096774194,0.0,-0.0,97.40489553982133,-0.20849444933907924,0.056500210351012575,2.4873871688731617
42.95,-9.35483870967742,3.548387096774194,0.0,-0.0,97.4187479748219,-0.20856184401493283,0.05649672398262626,2.487584887594115
42.96,-9.35483870967742,3.548387096774194,0.0,-0.0,97.43259937855973,-0.2086266627953387,0.056494399724593664,2.4877855905125625
42.97,-9.35483870967742,3.548387096774194,0.0,-0.0,97.44644977443866,-0.2086889619032518,0.05649317686576147,2.4879890385167927
42.98,-9.35483870967742,3.548387096774194,0.0,-0.0,97.46029918589448,-0.20874879727328544,0.05649299753623252,2.488195000547652
42.99,-9.35483870967742,3.548387096774194,0.0,-0.0,97.47414763635624,-0.2088062244992993,0.05649380655076647,2.488403253389392
43.0,-9.35483870967742,3.548387096774194,0.0,-0.0,28.372956770235294,-0.20886129878659832,0.05649555126245767,2.4886135814660992
43.01,-9.35483870967742,3.548387096774194,0.0,-0.0,97.50184174777011,-0.2089140749083852,0.05649818142599025,2.488825776643693
43.02,-9.35483870967742,3.548387096774194,0.0,-0.0,97.515687455242,-0.20896460716618825,0.05650164906978011,2.4890396380371413
43.03,-9.35483870967742,3.548387096774194,0.0,-0.0,97.52953229470243,-0.20901294935394554,0.05650590837640551,2.4892549718229198
43.04,-9.35483870967742,3.548387096774194,0.0,-0.0,97.54337628907102,-0.20905915472550907,0.056510915570721604,2.4894715910563514
43.05,-9.35483870967742,3.548387096774194,0.0,-0.0,97.55721946108838,-0.20910327596530875,0.056516628815131975,2.4896893154937487
43.06,-9.35483870967742,3.548387096774194,0.0,-0.0,97.57106183329562,-0.20914536516194593,0.056523008111515644,2.489907971419197
43.07,-9.35483870967742,3.548387096774194,0.0,-0.0,97.58490342801572,-0.20918547378451857,0.0565300152093306,2.4901273914757156
43.08,-9.35483870967742,3.548387096774194,0.0,-0.0,97.5987442673367,-0.2092236526614577,0.056537613519482416,2.490347414500811
43.09,-9.35483870967742,3.548387096774194,0.0,-0.0,97.61258437309638,-0.20925995196172464,0.056545768033523625,2.4905678853660214
43.1,-9.35483870967742,3.548387096774194,0.0,-0.0,97.62642376686877,-0.20929442117817254,0.05655444524783687,2.4907886548205216
43.11,-9.35483870967742,3.548387096774194,0.0,-0.0,97.64026246995172,-0.20932710911292174,0.0565636130924459,2.491009579338572
43.12,-9.35483870967742,3.548387096774194,0.0,-0.0,97.65410050335608,-0.2093580638646224,0.056573240864113444,2.4912305209705483
43.13,-9.35483870967742,3.548387096774194,0.0,-0.0,97.66793788779587,-0.20938733281743183,0.056583299163462525,2.4914513471976902
43.14,-9.35483870967742,3.548387096774194,0.0,-0.0,97.68177464367979,-0.2094149626316203,0.05659375983580284,2.491671930790148
43.15,-9.35483870967742,3.548387096774194,0.0,-0.0,97.69561079110358,-0.20944099923565673,0.056604595915435124,2.4918921496684456
43.16,-9.35483870967742,3.548387096774194,0.0,-0.0,97.7094463498435,-0.209465487819686,0.05661578157317329,2.4921118867680954
43.17,-9.35483870967742,3.548387096774194,0.0,-0.0,97.72328133935068,-0.20948847283028627,0.05662729206687142,2.4923310299073353
43.18,-9.35483870967742,3.548387096774194,0.0,-0.0,97.73711577874624,-0.20950999796641956,0.05663910369474151,2.492549471657838
43.19,-9.35483870967742,3.548387096774194,0.0,-0.0,97.75094968681728,-0.20953010617647005,0.05665119375128799,2.4927671092184274
43.2,-9.35483870967742,3.548387096774194,0.0,-0.0,97.7647830820135,-0.20954883965632487,0.05666354048564459,2.492983844291441
43.21,-9.35483870967742,3.548387096774194,0.0,-0.0,97.77861598244455,-0.2095662398483803,0.05667612306218836,2.49319958296197
43.22,-9.35483870967742,3.548387096774194,0.0,-0.0,97.792448405878,-0.20958234744143311,0.056688921523249086,2.493414235579668
43.23,-9.35483870967742,3.548387096774194,0.0,-0.0,97.80628036973786,-0.20959720237137824,0.05670191675378139,2.4936277166431413
43.24,-9.35483870967742,3.548387096774194,0.0,-0.0,28.705073512128113,-0.20961084382264583,0.056715090447875705,2.4938399446869153
43.25,-9.35483870967742,3.548387096774194,0.0,-0.0,97.83394298670959,-0.2096233102303492,0.056728425076955385,2.4940508421706644
43.26,-9.35483870967742,3.548387096774194,0.0,-0.0,97.8477736729454,-0.2096346392830476,0.05674190385958949,2.4942603353710022
43.27,-9.35483870967742,3.548387096774194,0.0,-0.0,97.86160396585585,-0.20964486792611392,0.05675551073277449,2.4944683542754342
43.28,-9.35483870967742,3.548387096774194,0.0,-0.0,97.87543388114202,-0.20965403236564095,0.056769230324609204,2.4946748324786063
43.29,-9.35483870967742,3.548387096774194,0.0,-0.0,97.88926343416233,-0.20966216807285099,0.056783047928262526,2.4948797070807065
43.3,-9.35483870967742,3.548387096774194,0.0,-0.0,97.90309263993404,-0.20966930978895382,0.056796949477164294,2.4950829185880994
43.31,-9.35483870967742,3.548387096774194,0.0,-0.0,97.91692151313504,-0.2096754915304483,0.056810921521309926,2.495284410815891
43.32,-9.35483870967742,3.548387096774194,0.0,-0.0,97.93075006810588,-0.20968074659479763,0.0568249512046394,2.495484130792645
43.33,-9.35483870967742,3.548387096774194,0.0,-0.0,97.94457831885212,-0.20968510756646241,0.05683902624340756,2.4956820286670807
43.34,-9.35483870967742,3.548387096774194,0.0,-0.0,97.9584062790469,-0.2096886063232749,0.056853134905470115,2.4958780576166038
43.35,-9.35483870967742,3.548387096774194,0.0,-0.0,97.97223396203367,-0.20969127404309462,0.0568672659904588,2.4960721737578804
43.36,-9.35483870967742,3.548387096774194,0.0,-0.0,97.98606138082923,-0.20969314121074734,0.056881408810761896,2.496264336059177
43.37,-9.35483870967742,3.548387096774194,0.0,-0.0,97.99988854812682,-0.20969423762520745,0.05689555317328021,2.4964545062545813
43.38,-9.35483870967742,3.548387096774194,0.0,-0.0,98.01371547629948,-0.20969459240701105,0.056909689361897914,2.4966426487599587
43.39,-9.35483870967742,3.548387096774194,0.0,-0.0,98.02754217740353,-0.20969423400587384,0.05692380812063261,2.496828730590659
43.4,-9.35483870967742,3.548387096774194,0.0,-0.0,98.04136866318218,-0.2096931902084892,0.05693790063742993,2.4970127212809814
43.41,-9.35483870967742,3.548387096774194,0.0,-0.0,98.05519494506926,-0.20969148814649474,0.05695195852855858,2.4971945928053056
43.42,-9.35483870967742,3.548387096774194,0.0,-0.0,98.06902103419309,-0.20968915430459478,0.056965973823567995,2.49737431950082
43.43,-9.35483870967742,3.548387096774194,0.0,-0.0,98.08284694138042,-0.20968621452880798,0.056979938950792064,2.4975518779919397
43.44,-9.35483870967742,3.548387096774194,0.0,-0.0,98.09667267716053,-0.20968269403483553,0.05699384672335883,2.4977272471162957
43.45,-9.35483870967742,3.548387096774194,0.0,-0.0,98.11049825176927,-0.20967861741654092,0.05700769032567665,2.497900407852239
43.46,-9.35483870967742,3.548387096774194,0.0,-0.0,98.12432367515339,-0.2096740086545149,0.05702146330038252,2.4980713432479194
43.47,-9.35483870967742,3.548387096774194,0.0,-0.0,98.1381489569747,-0.20966889112471498,0.057035159535730406,2.4982400383519168
43.48,-9.35483870967742,3.548387096774194,0.0,-0.0,98.1519741066145,-0.20966328760719233,0.057048773253374346,2.4984064801452033
43.49,-9.35483870967742,3.548387096774194,0.0,-0.0,98.16579913317788,-0.20965722029484746,0.057062298996573085,2.498570657474788
43.5,-9.35483870967742,3.548387096774194,0.0,-0.0,98.1796240454982,-0.2096507108022616,0.05707573161874349,2.4987325609885698
43.51,-9.35483870967742,3.548387096774194,0.0,-0.0,98.19344885214153,-0.20964378017454866,0.05708906627239002,2.4988921830717388
43.52,-9.35483870967742,3.548387096774194,0.0,-0.0,98.20727356141113,-0.20963644889623845,0.0571022983983788,2.4990495177845644
43.53,-9.35483870967742,3.548387096774194,0.0,-0.0,98.22109818135199,-0.20962873690019035,0.05711542371552902,2.4992045608014513
43.54,-9.35483870967742,3.548387096774194,0.0,-0.0,98.23492271975537,-0.20962066357651132,0.05712843821053473,2.4993573093514425
43.55,-9.35483870967742,3.548387096774194,0.0,-0.0,98.24874718416334,-0.2096122477814797,0.05714133812818853,2.499507762160028
43.56,-9.35483870967742,3.548387096774194,0.0,-0.0,98.2625715818733,-0.20960350784647652,0.057154119961893624,2.499655919392209
43.57,-9.35483870967742,3.548387096774194,0.0,-0.0,98.27639591994263,-0.2095944615869002,0.057166780444467546,2.4998017825969208
43.58,-9.35483870967742,3.548387096774194,0.0,-0.0,98.29022020519315,-0.20958512631107407,0.057179316539214486,2.4999453546526715
43.59,-9.35483870967742,3.548387096774194,0.0,-0.0,98.30404444421579,-0.20957551882914027,0.057191725431257556,2.5000866397144055
43.6,-9.35483870967742,3.548387096774194,0.0,-0.0,98.31786864337505,-0.2095656554619093,0.05720400451914878,2.500225643161747
43.61,-9.35483870967742,3.548387096774194,0.0,-0.0,98.3316928088136,-0.20955555204970766,0.05721615140669842,2.5003623715482437
43.62,-9.35483870967742,3.548387096774194,0.0,-0.0,98.34551694645677,-0.20954522396116793,0.05722816389507265,2.5004968325520047
43.63,-9.35483870967742,3.548387096774194,0.0,-0.0,98.35934106201708,-0.20953468610199788,0.05724003997510643,2.5006290349273756
43.64,-9.35483870967742,3.548387096774194,0.0,-0.0,98.37316516099874,-0.20952395292369663,0.057251777819855826,2.5007589884578603
43.65,-9.35483870967742,3.548387096774194,0.0,-0.0,98.38698924870208,-0.2095130384322249,0.057263375777371534,2.5008867039101887
43.66,-9.35483870967742,3.548387096774194,0.0,-0.0,98.40081333022802,-0.2095019561966297,0.05727483236368408,2.5010121929894757
43.67,-9.35483870967742,3.548387096774194,0.0,-0.0,98.41463741048246,-0.20949071935761043,0.05728614625600448,2.501135468295534
43.68,-9.35483870967742,3.548387096774194,0.0,-0.0,98.42846149418064,-0.20947934063602758,0.05729731628613044,2.5012565432802925
43.69,-9.35483870967742,3.548387096774194,0.0,-0.0,98.44228558585155,-0.20946783234135935,0.057308341434044396,2.501375432206225
43.7,-9.35483870967742,3.548387096774194,0.0,0.0,98.45610968984215,-0.20945620638007167,0.05731922082173008,2.501492150106033
43.71,-9.35483870967742,3.548387096774194,0.0,0.0,98.4699338103217,-0.20944447426395396,0.05732995370714816,2.501606712743137
43.72,-9.35483870967742,3.548387096774194,0.0,0.0,98.483757951286,-0.20943264711835663,0.057340539478427266,2.5017191365734224
43.73,-9.35483870967742,3.548387096774194,0.0,0.0,98.49758211656147,-0.20942073569036712,0.057350977648226,2.5018294387079383
43.74,-9.35483870967742,3.548387096774194,0.0,0.0,98.51140630980944,-0.20940875035691764,0.05736126784826756,2.5019376368765602
43.75,-9.35483870967742,3.548387096774194,0.0,0.0,98.52523053453017,-0.20939670113280884,0.057371409824054115,2.5020437493926937
43.76,-9.35483870967742,3.548387096774194,0.0,0.0,98.53905479406686,-0.2093845976786456,0.05738140342976078,2.5021477951190443
43.77,-9.35483870967742,3.548387096774194,0.0,0.0,98.55287909160977,-0.209372449308717,0.05739124862326914,2.5022497934341463
43.78,-9.35483870967742,3.548387096774194,0.0,0.0,98.56670343020006,-0.20936026499875815,0.05740094546139801,2.5023497642001264
43.79,-9.35483870967742,3.548387096774194,0.0,0.0,98.58052781273378,-0.20934805339365992,0.05741049409525839,2.502447727731138
43.8,-9.35483870967742,3.548387096774194,0.0,0.0,98.59435224196565,-0.20933582281507113,0.0574198947657836,2.5025437047628927
43.81,-9.35483870967742,3.548387096774194,0.0,0.0,98.60817672051292,-0.20932358126891326,0.05742914779940872,2.5026377164230835
43.82,-9.35483870967742,3.548387096774194,0.0,0.0,98.62200125085904,-0.20931133645281685,0.05743825360388494,2.502729784202626
43.83,-9.35483870967742,3.548387096774194,0.0,0.0,98.63582583535747,-0.2092990957634575,0.05744721266424513,2.50281992992783
43.84,-9.35483870967742,3.548387096774194,0.0,0.0,98.64965047623518,-0.20928686630379556,0.057456025538913075,2.5029081757334875
43.85,-9.35483870967742,3.548387096774194,0.0,0.0,98.66347517559633,-0.209274654890229,0.057464692855940636,2.502994544036737
43.86,-9.35483870967742,3.548387096774194,0.0,0.0,98.67729993542576,-0.20926246805965165,0.0574732153093756,2.50307905751177
43.87,-9.35483870967742,3.548387096774194,0.0,0.0,98.69112475759243,-0.20925031207640155,0.05748159365577407,2.503161739065471
43.88,-9.35483870967742,3.548387096774194,0.0,0.0,98.70494964385287,-0.20923819293913548,0.05748982871081182,2.5032426118136684
43.89,-9.35483870967742,3.548387096774194,0.0,0.0,98.7187745958545,-0.20922611638757949,0.05749792134604467,2.5033216990583926
43.9,-9.35483870967742,3.548387096774194,0.0,0.0,98.73259961513894,-0.20921408790920137,0.05750587248576755,2.5033990242657564
43.91,-9.35483870967742,3.548387096774194,0.0,0.0,98.74642470314525,-0.20920211274577183,0.057513683103997126,2.503474611044673
43.92,-9.35483870967742,3.548387096774194,0.0,0.0,98.76024986121308,-0.2091901958998248,0.05752135422157012,2.5035484831263464
43.93,-9.35483870967742,3.548387096774194,0.0,0.0,98.77407509058582,-0.20917834214103126,0.0575288869033333,2.5036206643443775
43.94,-9.35483870967742,3.548387096774194,0.0,0.0,98.78790039241362,-0.20916655601244816,0.057536282255464255,2.503691178615781
43.95,-9.35483870967742,3.548387096774194,0.0,0.0,98.80172576775641,-0.20915484183669442,0.057543541422865,2.5037600499224872
43.96,-9.35483870967742,3.548387096774194,0.0,0.0,98.81555121758683,-0.20914320372199602,0.0575506655866834,2.503827302293756
43.97,-9.35483870967742,3.548387096774194,0.0,0.0,98.82937674279313,-0.2091316455681571,0.0575576559619034,2.5038929597890593
43.98,-9.35483870967742,3.548387096774194,0.0,0.0,98.84320234418199,-0.20912017107240888,0.05756451379504776,2.5039570464817777
43.99,-9.35483870967742,3.548387096774194,0.0,0.0,98.85702802248124,-0.20910878373516073,0.057571240361967035,2.5040195864435186
44.0,-9.35483870967742,3.548387096774194,0.0,0.0,29.755815399367197,-0.20909748686566332,0.05757783696570101,2.50408060372895
44.01,-9.35483870967742,4.193548387096774,0.0,0.0,98.88472332328398,-0.20866089732129767,0.11058661471817657,2.5015466602701677
44.02,-9.35483870967742,4.193548387096774,0.0,0.0,98.89863450008178,-0.2082705491688127,0.10845407236824944,2.4990503378602824
44.03,-9.35483870967742,4.193548387096774,0.0,0.0,98.9125852384052,-0.2079238697547966,0.10640332333027569,2.4965938592505115
44.04,-9.35483870967742,4.193548387096774,0.0,0.0,98.92657355198278,-0.20761839532137272,0.10443173736073114,2.4941792427369758
44.05,-9.35483870967742,4.193548387096774,0.0,0.0,98.94059753583167,-0.20735176763251606,0.10253674660861634,2.4918083101747057
44.06,-9.35483870967742,4.193548387096774,0.0,0.0,98.95465536355024,-0.20712173060391692,0.10071584513447862,2.489482695020976
44.07,-9.35483870967742,4.193548387096774,0.0,0.0,98.96874528467518,-0.2069261269510171,0.09896658836208455,2.487203850376592
44.08,-9.35483870967742,4.193548387096774,0.0,0.0,98.98286562210329,-0.20676289486756827,0.09728659247322197,2.4849730569966586
44.09,-9.35483870967742,4.193548387096774,0.0,0.0,98.99701476957829,-0.20663006474506196,0.09567353375439319,2.4827914312449253
44.1,-9.35483870967742,4.193548387096774,0.0,0.0,99.01119118924231,-0.206525755941651,0.09412514790262916,2.4806599329679493
44.11,-9.35483870967742,4.193548387096774,0.0,0.0,99.02539340925188,-0.206448173607637,0.0926392292963274,2.478579373267471
44.12,-9.35483870967742,4.193548387096774,0.0,0.0,99.03962002145774,-0.20639560557330272,0.09121363023583384,2.4765504221509493
44.13,-9.35483870967742,4.193548387096774,0.0,0.0,99.05386967914788,-0.20636641930367072,0.08984626015754271,2.4745736160421625
44.14,-9.35483870967742,4.193548387096774,0.0,0.0,99.06814109485309,-0.20635905892388418,0.08853508482438888,2.472649365134477
44.15,-9.35483870967742,4.193548387096774,0.0,0.0,99.08243303821399,-0.20637204231797257,0.08727812549509217,2.470777960571512
44.16,-9.35483870967742,4.193548387096774,0.0,0.0,99.09674433390882,-0.20640395830319347,0.08607345807398753,2.468959581440307
44.17,-9.35483870967742,4.193548387096774,0.0,0.0,99.11107385964081,-0.20645346388151598,0.08491921224314031,2.467194301563946
44.18,-9.35483870967742,4.193548387096774,0.0,0.0,99.12542054418431,-0.2065192815694047,0.0838135705784222,2.4654820960817188
44.19,-9.35483870967742,4.193548387096774,0.0,0.0,99.13978336548837,-0.20660019680670205,0.08275476765144635,2.463822847806653
44.2,-9.35483870967742,4.193548387096774,0.0,0.0,99.15416134883687,-0.20669505544511224,0.08174108911964861,2.4622163533523236
44.21,-9.35483870967742,4.193548387096774,0.0,0.0,99.16855356506393,-0.20680276131656672,0.08077087080728018,2.4606623290230347
44.22,-9.35483870967742,4.193548387096774,0.0,0.0,99.18295912882337,-0.20692227388145623,0.07984249778067887,2.4591604164647096
44.23,-9.35483870967742,4.193548387096774,0.0,0.0,99.19737719691092,-0.20705260595656727,0.07895440342159643,2.4577101880761476
44.24,-9.35483870967742,4.193548387096774,0.0,0.0,99.21180696663797,-0.2071928215222002,0.07810506850282256,2.4563111521842154
44.25,-9.35483870967742,4.193548387096774,0.0,0.0,99.22624767425522,-0.20734203360767345,0.07729302027047502,2.4549627579894553
44.26,-9.35483870967742,4.193548387096774,0.0,0.0,99.24069859342507,-0.20749940225409014,0.07651683153720212,2.4536644002914207
44.27,-9.35483870967742,4.193548387096774,0.0,0.0,99.25515903374092,-0.20766413255279936,0.07577511979019258,2.4524154240060203
44.28,-9.35483870967742,4.193548387096774,0.0,0.0,99.26962833929223,-0.20783547275763337,0.07506654631712367,2.4512151284886694
44.29,-9.35483870967742,4.193548387096774,0.0,0.0,99.28410588727347,-0.2080127124685539,0.07438981535223693,2.450062771678507
44.3,-9.35483870967742,4.193548387096774,0.0,0.0,99.29859108663578,-0.2081951808839545,0.07374367324354009,2.448957574079295
44.31,-9.35483870967742,4.193548387096774,0.0,0.0,99.31308337677974,-0.20838224511857428,0.07312690764076563,2.4478987225917397
44.32,-9.35483870967742,4.193548387096774,0.0,0.0,99.32758222628796,-0.20857330858361467,0.07253834670244474,2.4468853742113916
44.33,-9.35483870967742,4.193548387096774,0.0,0.0,99.3420871316962,-0.2087678094255485,0.0719768583190602,2.445916659603678
44.34,-9.35483870967742,4.193548387096774,0.0,0.0,99.35659761630207,-0.2089652190199579,0.07144134934811824,2.444991686565593
44.35,-9.35483870967742,4.193548387096774,0.0,0.0,99.37111322901018,-0.20916504051675988,0.07093076485596306,2.4441095433806024
44.36,-9.35483870967742,4.193548387096774,0.0,0.0,99.38563354321299,-0.20936680743321523,0.07044408736046393,2.4432693020707448
44.37,-9.35483870967742,4.193548387096774,0.0,0.0,99.40015815570679,-0.20957008229139384,0.06998033606811,2.4424700215461446
44.38,-9.35483870967742,4.193548387096774,0.0,0.0,99.41468668564224,-0.20977445529690375,0.06953856609895476,2.4417107506501265
44.39,-9.35483870967742,4.193548387096774,0.0,0.0,99.42921877350915,-0.2099795430560959,0.06911786769282569,2.4409905310947035
44.4,-9.35483870967742,4.193548387096774,0.0,0.0,99.44375408015541,-0.21018498732933077,0.06871736539057438,2.440308400278749
44.41,-9.35483870967742,4.193548387096774,0.0,0.0,30.343253906864465,-0.21039045381831467,0.0683362171847745,2.439663393978954
44.42,-9.35483870967742,4.193548387096774,0.0,0.0,99.4728330893195,-0.21059563098604783,0.06797361363515758,2.4390545489014106
44.43,-9.35483870967742,4.193548387096774,0.0,0.0,99.48737620697015,-0.21080022890846983,0.06762877694528702,2.438480905079989
44.44,-9.35483870967742,4.193548387096774,0.0,0.0,99.50192137194256,-0.21100397815745686,0.0673009599985197,2.437941508106713
44.45,-9.35483870967742,4.193548387096774,0.0,0.0,99.51646833335205,-0.21120662871549234,0.06698944535307993,2.4374354111783596
44.46,-9.35483870967742,4.193548387096774,0.0,0.0,99.53101685550325,-0.21140794892289805,0.06669354419825135,2.43696167694429
44.47,-9.35483870967742,4.193548387096774,0.0,0.0,99.54556671714927,-0.21160772445916365,0.06641259527598342,2.4365193791413486
44.48,-9.35483870967742,4.193548387096774,0.0,0.0,99.56011771078539,-0.2118057573604044,0.06614596377471638,2.4361076040043987
44.49,-9.35483870967742,4.193548387096774,0.0,0.0,99.57466964197687,-0.21200186507540109,0.06589304020467324,2.435725451444636
44.5,-9.35483870967742,4.193548387096774,0.0,0.0,99.58922232872035,-0.21219587956295227,0.0656532392660738,2.4353720359924456
44.51,-9.35483870967742,4.193548387096774,0.0,0.0,99.60377560083796,-0.21238764643324748,0.06542599872359733,2.435046487507877
44.52,-9.35483870967742,4.193548387096774,0.0,0.0,99.61832929940309,-0.21257702413586366,0.06521077830148203,2.4347479516675414
44.53,-9.35483870967742,4.193548387096774,0.0,0.0,30.51784489722093,-0.21276388319642336,0.06500705861408651,2.4344755902442246
44.54,-9.35483870967742,4.193548387096774,0.0,0.0,99.64743739319034,-0.2129481055033401,0.064814340146027,2.434228581201128
44.55,-9.35483870967742,4.193548387096774,0.0,0.0,99.66199152206072,-0.2131295836451519,0.06463214229442515,2.4340061186281323
44.56,-9.35483870967742,4.193548387096774,0.0,0.0,99.67654554372248,-0.21330822029787544,0.06446000248334754,2.433807412551616
44.57,-9.35483870967742,4.193548387096774,0.0,0.0,99.69109934788858,-0.2134839276608188,0.06429747535722574,2.4336316886506335
44.58,-9.35483870967742,4.193548387096774,0.0,0.0,99.70565283264914,-0.21365662693817766,0.06414413205649894,2.4334781879128258
44.59,-9.35483870967742,4.193548387096774,0.0,0.0,99.72020590406903,-0.21382624786286908,0.06399955957495601,2.433346166261178
44.6,-9.35483870967742,4.193548387096774,0.0,0.0,99.73475847580221,-0.21399272825842675,0.06386336019467925,2.433234894178524
44.61,-9.35483870967742,4.193548387096774,0.0,0.0,99.74931046872067,-0.2141560136342282,0.06373515099160698,2.4331436563526396
44.62,-9.35483870967742,4.193548387096774,0.0,0.0,99.76386181055685,-0.21431605680928068,0.0636145634023274,2.4330717513580975
44.63,-9.35483870967742,4.193548387096774,0.0,0.0,99.77841243555821,-0.21447281755982794,0.0635012428413354,2.4330184913856656
44.64,-9.35483870967742,4.193548387096774,0.0,0.0,99.79296228415294,-0.2146262622863656,0.06339484835739051,2.432983202024459
44.65,-9.35483870967742,4.193548387096774,0.0,0.0,99.80751130262604,-0.21477636369615893,0.06329505231779686,2.432965222097117
44.66,-9.35483870967742,4.193548387096774,0.0,0.0,99.82205944280551,-0.21492310049798669,0.06320154011024842,2.4329639035441915
44.67,-9.35483870967742,4.193548387096774,0.0,0.0,99.83660666175805,-0.21506645710644157,0.06311400985325855,2.432978611351569
44.68,-9.35483870967742,4.193548387096774,0.0,0.0,99.85115292149439,-0.21520642335383,0.06303217210775114,2.4330087235125117
44.69,-9.35483870967742,4.193548387096774,0.0,0.0,99.86569818868402,-0.21534299420829173,0.06295574958416866,2.4330536310154076
44.7,-9.35483870967742,4.193548387096774,0.0,0.0,99.8802424343795,-0.21547616949730986,0.06288447684115683,2.4331127378482016
44.71,-9.35483870967742,4.193548387096774,0.0,0.0,99.89478563375036,-0.21560595363625967,0.06281809997344323,2.4331854610108303
44.72,-9.35483870967742,4.193548387096774,0.0,0.0,99.90932776582683,-0.21573235536194413,0.06275637628795872,2.4332712305283932
44.73,-9.35483870967742,4.193548387096774,0.0,0.0,99.9238688132533,-0.21585538747136046,0.06269907396834484,2.433369489458669
44.74,-9.35483870967742,4.193548387096774,0.0,0.0,99.93840876205181,-0.21597506656611154,0.06264597172887498,2.433479693888943
44.75,-9.35483870967742,4.193548387096774,0.0,0.0,99.9529476013954,-0.21609141280295507,0.06259685845946394,2.4336013129185106
44.76,-9.35483870967742,4.193548387096774,0.0,0.0,30.852446944416133,-0.21620444965103325,0.0625515328638428,2.4337338286243244
44.77,-9.35483870967742,4.193548387096774,0.0,0.0,99.98202192287565,-0.21631420365630294,0.06250980309321297,2.433876736008411
44.78,-9.35483870967742,4.193548387096774,0.0,0.0,99.9965573972138,-0.2164207042136731,0.06247148637772637,2.434029542926301
44.79,-9.35483870967742,4.193548387096774,0.0,0.0,100.0110917461161,-0.2165239833472311,0.06243640865815708,2.434191769996941
44.8,-9.35483870967742,4.193548387096774,0.0,0.0,100.02562497145875,-0.21662407549893403,0.062404404219912446,2.434362950494469
44.81,-9.35483870967742,4.193548387096774,0.0,0.0,100.04015707711595,-0.21672101732598636,0.06237531533141161,2.434542630223229
44.82,-9.35483870967742,4.193548387096774,0.0,0.0,100.05468806880057,-0.21681484750708968,0.06234899188857712,2.434730367377239
44.83,-9.35483870967742,4.193548387096774,0.0,0.0,100.06921795391376,-0.21690560655762348,0.06232529106698609,2.4349257323858873
44.84,-9.35483870967742,4.193548387096774,0.0,0.0,100.08374674140299,-0.2169933366537954,0.06230407698292062,2.4351283077472354
44.85,-9.35483870967742,4.193548387096774,0.0,0.0,100.0982744416283,-0.2170780814656743,0.06228522036437534,2.435337687850779
44.86,-9.35483870967742,4.193548387096774,0.0,0.0,100.11280106623643,-0.21715988599899028,0.06226859823282427,2.4355534787912783
44.87,-9.35483870967742,4.193548387096774,0.0,0.0,100.1273266280424,-0.21723879644554378,0.06225409359632872,2.4357752981750562
44.88,-9.35483870967742,4.193548387096774,0.0,0.0,100.14185114091843,-0.21731486004200118,0.062241595154411855,2.4360027749203264
44.89,-9.35483870967742,4.193548387096774,0.0,0.0,100.15637461968959,-0.21738812493681892,0.06223099701495893,2.436235549052962
44.9,-9.35483870967742,4.193548387096774,0.0,0.0,100.17089708003604,-0.21745864006506976,0.06222219842320598,2.4364732714985458
44.91,-9.35483870967742,4.193548387096774,0.0,0.0,100.18541853840155,-0.21752645503082257,0.06221510350286025,2.4367156038722624
44.92,-9.35483870967742,4.193548387096774,0.0,0.0,100.19993901190779,-0.21759161999682064,0.062209621009190474,2.4369622182671904
44.93,-9.35483870967742,4.193548387096774,0.0,0.0,100.21445851827427,-0.21765418558111793,0.06220566409391631,2.437212797042063
44.94,-9.35483870967742,4.193548387096774,0.0,0.0,100.22897707574361,-0.21771420276038655,0.06220315008160787,2.437467032609018
44.95,-9.35483870967742,4.193548387096774,0.0,0.0,100.24349470301172,-0.21777172277954415,0.06220200025730749,2.437724627222216
44.96,-9.35483870967742,4.193548387096774,0.0,0.0,100.25801141916273,-0.21782679706742902,0.062202139664982226,2.4379852927675696
44.97,-9.35483870967742,4.193548387096774,0.0,0.0,100.27252724360842,-0.21787947715818912,0.062203496916441225,2.438248750554219
44.98,-9.35483870967742,4.193548387096774,0.0,0.0,100.28704219603178,-0.21792981461808814,0.062206004010308624,2.438514731108116
44.99,-9.35483870967742,4.193548387096774,0.0,0.0,100.30155629633451,-0.21797786097745908,0.06220959616060889,2.4387829739678297
45.0,-9.35483870967742,4.193548387096774,0.0,0.0,31.20103118561288,-0.21802366766749692,0.062214211634562755,2.43905322748305
45.01,-9.35483870967742,4.193548387096774,0.0,0.0,100.33058202098971,-0.21806728596163827,0.062219791599145036,2.439325248615806
45.02,-9.35483870967742,4.193548387096774,0.0,0.0,100.34509368581787,-0.21810876692125314,0.06222627997599517,2.4395988027446913
45.03,-9.35483870967742,4.193548387096774,0.0,0.0,100.35960457939599,-0.21814816134542547,0.062233623304232544,2.439873663471981
45.04,-9.35483870967742,4.193548387096774,0.0,0.0,100.37411472205521,-0.2181855197245528,0.06224177061080116,2.4401496124339883
45.05,-9.35483870967742,4.193548387096774,0.0,0.0,100.38862413410139,-0.2182208921975607,0.06225067328792111,2.440426439114538
45.06,-9.35483870967742,4.193548387096774,0.0,0.0,100.40313283578446,-0.21825432851251836,0.062260284977261826,2.4407039406615576
45.07,-9.35483870967742,4.193548387096774,0.0,0.0,100.41764084727015,-0.21828587799044097,0.062270561460474716,2.44098192170691
45.08,-9.35483870967742,4.193548387096774,0.0,0.0,100.43214818861398,-0.21831558949209418,0.06228146055572292,2.441260194189375
45.09,-9.35483870967742,4.193548387096774,0.0,0.0,100.44665487973735,-0.21834351138761254,0.062292942019869346,2.4415385771808027
45.1,-9.35483870967742,4.193548387096774,0.0,0.0,100.46116094040565,-0.2183696915287725,0.062304967455989235,2.441816896715325
45.11,-9.35483870967742,4.193548387096774,0.0,0.0,100.47566639020819,-0.218394177223745,0.06231750022590732,2.442094985621665
45.12,-9.35483870967742,4.193548387096774,0.0,0.0,100.49017124853991,-0.21841701521417545,0.06233050536746593,2.442372683358509
45.13,-9.35483870967742,4.193548387096774,0.0,0.0,100.50467553458468,-0.2184382516544593,0.06234394951623401,2.442649835852781
45.14,-9.35483870967742,4.193548387096774,0.0,0.0,100.51917926730017,-0.21845793209306708,0.06235780083140352,2.442926295340853
45.15,-9.35483870967742,4.193548387096774,0.0,0.0,100.53368246540417,-0.21847610145579177,0.062372028925623435,2.4432019202126285
45.16,-9.35483870967742,4.193548387096774,0.0,-0.0,100.54818514736216,-0.2184928040308043,0.062386604798533196,2.4434765748584013
45.17,-9.35483870967742,4.193548387096774,0.0,-0.0,100.56268733137627,-0.21850808345539974,0.06240150077377782,2.4437501295184623
45.18,-9.35483870967742,4.193548387096774,0.0,-0.0,31.46215065639983,-0.21852198270433165,0.06241669043929454,2.4440224601353786
45.19,-9.35483870967742,4.193548387096774,0.0,-0.0,100.59169027700587,-0.21853454407963369,0.06243214859067636,2.444293448208879
45.2,-9.35483870967742,4.193548387096774,0.0,-0.0,100.60619107362476,-0.21854580920183675,0.06244785117742874,2.444562980653302
45.21,-9.35483870967742,4.193548387096774,0.0,-0.0,100.62069144229191,-0.21855581900248555,0.06246377525195568,2.4448309496576095
45.22,-9.35483870967742,4.193548387096774,0.0,-0.0,100.63519139976461,-0.21856461371788893,0.062479898921096955,2.4450972525477637
45.23,-9.35483870967742,4.193548387096774,0.0,-0.0,100.64969096249233,-0.2185722328840115,0.06249620130008149,2.4453617916515693
45.24,-9.35483870967742,4.193548387096774,0.0,-0.0,100.66419014661251,-0.2185787153324419,0.06251266246874676,2.445624474165835
45.25,-9.35483870967742,4.193548387096774,0.0,-0.0,100.67868896794694,-0.21858409918735966,0.06252926342990339,2.4458852120259187
45.26,-9.35483870967742,4.193548387096774,0.0,-0.0,100.69318744199893,-0.21858842186346095,0.06254598606969586,2.44614392177739
45.27,-9.35483870967742,4.193548387096774,0.0,-0.0,100.70768558395106,-0.21859172006474326,0.06256281311988415,2.446400524450117
45.28,-9.35483870967742,4.193548387096774,0.0,-0.0,100.72218340866357,-0.21859402978413434,0.06257972812189583,2.4466549454343647
45.29,-9.35483870967742,4.193548387096774,0.0,-0.0,100.73668093067326,-0.2185953863038823,0.06259671539257872,2.446907114359154
45.3,-9.35483870967742,4.193548387096774,0.0,-0.0,100.75117816419299,-0.21859582419667456,0.0626137599915415,2.4471569649726628
45.31,-9.35483870967742,4.193548387096774,0.0,-0.0,100.76567512311158,-0.21859537732742074,0.06263084769001137,2.447404435024813
45.32,-9.35483870967742,4.193548387096774,0.0,-0.0,100.7801718209942,-0.21859407885568172,0.06264796494110136,2.4476494661517783
45.33,-9.35483870967742,4.193548387096774,0.0,-0.0,31.67962989210776,-0.21859196123867197,0.06266509885144056,2.4478920037626484
45.34,-9.35483870967742,4.193548387096774,0.0,-0.0,100.8091644862993,-0.21858905623481395,0.06268223715407722,2.4481319969280793
45.35,-9.35483870967742,4.193548387096774,0.0,-0.0,100.82366047924309,-0.21858539490782014,0.06269936818257438,2.448369398270782
45.36,-9.35483870967742,4.193548387096774,0.0,-0.0,31.723117883221537,-0.21858100763122235,0.06271648084628356,2.4486041638582416
45.37,-9.35483870967742,4.193548387096774,0.0,-0.0,100.85265184712742,-0.21857592409337723,0.06273356460666968,2.4488362530970753
45.38,-9.35483870967742,4.193548387096774,0.0,-0.0,100.86714724568726,-0.21857017330285622,0.06275060945469846,2.4490656286295702
45.39,-9.35483870967742,4.193548387096774,0.0,-0.0,100.88164246921862,-0.21856378359423612,0.062767605889186,2.4492922562319706
45.4,-9.35483870967742,4.193548387096774,0.0,-0.0,100.8961375287558,-0.21855678263424083,0.06278454489608337,2.4495161047146747
45.41,-9.35483870967742,4.193548387096774,0.0,-0.0,100.91063243502852,-0.218549197428202,0.06280141792865801,2.449737145824398
45.42,-9.35483870967742,4.193548387096774,0.0,-0.0,100.92512719846529,-0.21854105432683613,0.06281821688850453,2.4499553541480728
45.43,-9.35483870967742,4.193548387096774,0.0,-0.0,100.93962182919702,-0.21853237903328981,0.06283493410737184,2.450170707018695
45.44,-9.35483870967742,4.193548387096774,0.0,-0.0,100.95411633706078,-0.21852319661045194,0.06285156232974465,2.450383184422914
45.45,-9.35483870967742,4.193548387096774,0.0,-0.0,100.96861073160368,-0.21851353148848995,0.06286809469616655,2.4505927689105373
45.46,-9.35483870967742,4.193548387096774,0.0,-0.0,100.9831050220869,-0.218503407472611,0.06288452472725015,2.450799445505765
45.47,-9.35483870967742,4.193548387096774,0.0,-0.0,100.99759921748995,-0.21849284775101652,0.06290084630835296,2.451003201620229
45.48,-9.35483870967742,4.193548387096774,0.0,-0.0,101.0120933265148,-0.21848187490302406,0.06291705367489958,2.451204026967914
45.49,-9.35483870967742,4.193548387096774,0.0,-0.0,101.02658735759034,-0.2184705109073648,0.06293314139829165,2.451401913481703
45.5,-9.35483870967742,4.193548387096774,0.0,-0.0,101.04108131887682,-0.21845877715061635,0.06294910437240686,2.451596855231768
45.51,-9.35483870967742,4.193548387096774,0.0,-0.0,101.05557521827035,-0.21844669443576126,0.06296493780065127,2.4517888483457084
45.52,-9.35483870967742,4.193548387096774,0.0,-0.0,101.07006906340747,-0.21843428299085643,0.06298063718354335,2.4519778909304475
45.53,-9.35483870967742,4.193548387096774,0.0,-0.0,101.08456286166984,-0.2184215624778142,0.06299619830678899,2.452163982995739
45.54,-9.35483870967742,4.193548387096774,0.0,-0.0,101.09905662018886,-0.2184085520012532,0.06301161722985532,2.452347126379507
45.55,-9.35483870967742,4.193548387096774,0.0,-0.0,101.11355034585044,-0.218395270117427,0.06302689027500163,2.452527324674839
45.56,-9.35483870967742,4.193548387096774,0.0,-0.0,32.01300566632422,-0.21838173484320944,0.06304201401675369,2.4527045831586785
45.57,-9.35483870967742,4.193548387096774,0.0,-0.0,101.14253772494567,-0.2183679636651441,0.0630569852717866,2.452878908722063
45.58,-9.35483870967742,4.193548387096774,0.0,-0.0,101.15703139096624,-0.21835397354849506,0.0630718010892467,2.4530503098023035
45.59,-9.35483870967742,4.193548387096774,0.0,-0.0,101.1715250493127,-0.2183397809463653,0.06308645874141927,2.453218796316467
45.6,-9.35483870967742,4.193548387096774,0.0,-0.0,101.18601870571469,-0.21832540180880844,0.06310095571479013,2.453384379596667
45.61,-9.35483870967742,4.193548387096774,0.0,-0.0,101.20051236568483,-0.21831085159194763,0.06311528970146085,2.4535470723269737
45.62,-9.35483870967742,4.193548387096774,0.0,-0.0,101.21500603452354,-0.2182961452670985,0.06312945859089686,2.4537068884818534
45.63,-9.35483870967742,4.193548387096774,0.0,-0.0,101.22949971732373,-0.21828129732988388,0.06314346046199659,2.4538638432661646
45.64,-9.35483870967742,4.193548387096774,0.0,-0.0,101.24399341897553,-0.2182663218093256,0.06315729357547689,2.4540179530567543
45.65,-9.35483870967742,4.193548387096774,0.0,-0.0,101.25848714417093,-0.21825123227690713,0.06317095636655495,2.4541692353456064
45.66,-9.35483870967742,4.193548387096774,0.0,-0.0,101.27298089740839,-0.21823604185561063,0.0631844474379093,2.4543177086844556
45.67,-9.35483870967742,4.193548387096774,0.0,-0.0,101.28747468299753,-0.21822076322891748,0.06319776555290635,2.4544633926308683
45.68,-9.35483870967742,4.193548387096774,0.0,-0.0,101.30196850506361,-0.21820540864974536,0.06321090962910414,2.4546063076959395
45.69,-9.35483870967742,4.193548387096774,0.0,-0.0,101.3164623675521,-0.2181899899493519,0.06322387873198437,2.4547464752932995
45.7,-9.35483870967742,4.193548387096774,0.0,-0.0,101.3309562742331,-0.21817451854616832,0.06323667206893446,2.4548839176896573
45.71,-9.35483870967742,4.193548387096774,0.0,-0.0,101.3454502287058,-0.218159005454583,0.06324928898344273,2.45501865795665
45.72,-9.35483870967742,4.193548387096774,0.0,-0.0,101.35994423440285,-0.2181434612936416,0.06326172894952542,2.4551507199242195
45.73,-9.35483870967742,4.193548387096774,0.0,-0.0,101.37443829459463,-0.21812789629568263,0.06327399156635322,2.455280128135292
45.74,-9.35483870967742,4.193548387096774,0.0,-0.0,101.38893241239357,-0.21811232031490457,0.06328607655306728,2.455406907801742
45.75,-9.35483870967742,4.193548387096774,0.0,-0.0,101.40342659075833,-0.2180967428358337,0.06329798374380247,2.4555310847618332
45.76,-9.35483870967742,4.193548387096774,0.0,-0.0,101.41792083249793,-0.21808117298172747,0.06330971308287286,2.455652685438803
45.77,-9.35483870967742,4.193548387096774,0.0,-0.0,101.43241514027584,-0.21806561952287284,0.06332126462014664,2.455771736800876
45.78,-9.35483870967742,4.193548387096774,0.0,-0.0,101.446909516614,-0.2180500908848072,0.06333263850657289,2.4558882663224098
45.79,-9.35483870967742,4.193548387096774,0.0,-0.0,101.4614039638968,-0.21803459515643975,0.06334383498987395,2.4560023019463433
45.8,-9.35483870967742,4.193548387096774,0.0,-0.0,101.47589848437494,-0.21801914009807444,0.06335485441038935,2.45611387204786
45.81,-9.35483870967742,4.193548387096774,0.0,-0.0,101.49039308016928,-0.21800373314934185,0.06336569719705909,2.456223005399182
45.82,-9.35483870967742,4.193548387096774,0.0,-0.0,101.50488775327462,-0.21798838143701882,0.06337636386355511,2.4563297311356203
45.83,-9.35483870967742,4.193548387096774,0.0,-0.0,101.51938250556334,-0.21797309178275914,0.06338685500453378,2.456434078722656
45.84,-9.35483870967742,4.193548387096774,0.0,-0.0,101.53387733878911,-0.21795787071070594,0.06339717129202804,2.4565360779242456
45.85,-9.35483870967742,4.193548387096774,0.0,-0.0,101.54837225459038,-0.21794272445500829,0.06340731347195172,2.456635758772142
45.86,-9.35483870967742,4.193548387096774,0.0,-0.0,101.56286725449394,-0.21792765896723099,0.06341728236072075,2.4567331515362767
45.87,-9.35483870967742,4.193548387096774,0.0,-0.0,101.57736233991834,-0.21791267992364227,0.0634270788419985,2.4568282866963007
45.88,-9.35483870967742,4.193548387096774,0.0,-0.0,101.59185751217721,-0.21789779273240506,0.06343670386353817,2.456921194914046
45.89,-9.35483870967742,4.193548387096774,0.0,-0.0,101.60635277248264,-0.21788300254065918,0.06344615843412416,2.457011907006967
45.9,-9.35483870967742,4.193548387096774,0.0,-0.0,101.62084812194834,-0.21786831424148234,0.0634554436206255,2.4571004539226484
45.91,-9.35483870967742,4.193548387096774,0.0,-0.0,101.63534356159286,-0.2178537324807417,0.06346456054514038,2.4571868667142525
45.92,-9.35483870967742,4.193548387096774,0.0,-0.0,101.64983909234266,-0.21783926166384238,0.06347351038222493,2.4572711765168163
45.93,-9.35483870967742,4.193548387096774,0.0,-0.0,101.66433471503515,-0.21782490596235327,0.06348229435621999,2.4573534145245515
45.94,-9.35483870967742,4.193548387096774,0.0,-0.0,101.6788304304217,-0.21781066932052673,0.06349091373865628,2.4574336119689737
45.95,-9.35483870967742,4.193548387096774,0.0,-0.0,101.69332623917049,-0.21779655546170062,0.06349936984574694,2.4575118000979375
45.96,-9.35483870967742,4.193548387096774,0.0,-0.0,101.70782214186939,-0.21778256789459027,0.06350766403595703,2.4575880101555083
45.97,-9.35483870967742,4.193548387096774,0.0,-0.0,32.60727976005329,-0.21776870991947472,0.06351579770764182,2.4576622733625864
45.98,-9.35483870967742,4.193548387096774,0.0,-0.0,101.73681423108407,-0.2177549846342548,0.06352377229677597,2.457734620898476
45.99,-9.35483870967742,4.193548387096774,0.0,-0.0,101.75131041839873,-0.21774139494041755,0.06353158927473418,2.4578050838830805
46.0,-9.35483870967742,4.193548387096774,0.0,-0.0,101.76580670126653,-0.21772794354887526,0.06353925014615625,2.4578736933599763
46.01,-9.35483870967742,4.838709677419354,0.0,-0.0,32.66530585126115,-0.21730834862545467,0.1166851377227785,2.4549952248523756
46.02,-9.35483870967742,4.838709677419354,0.0,-0.0,101.7949210663039,-0.2169302532482481,0.11468122300952954,2.4521665075259746
46.03,-9.35483870967742,4.838709677419354,0.0,-0.0,101.80953534586413,-0.2165914232361862,0.11275097734915634,2.4493893510822184
46.04,-9.35483870967742,4.838709677419354,0.0,-0.0,101.82418527830987,-0.21628971574103883,0.1108921199829545,2.4466653834911907
46.05,-9.35483870967742,4.838709677419354,0.0,-0.0,101.8388691436821,-0.21602307645927366,0.10910242391874486,2.443996057981156
46.06,-9.35483870967742,4.838709677419354,0.0,-0.0,101.85358529037782,-0.2157895368625199,0.10737971531265983,2.4413826600416995
46.07,-9.35483870967742,4.838709677419354,0.0,-0.0,101.86833213291342,-0.2155872114549655,0.10572187282282092,2.4388263144181144
46.08,-9.35483870967742,4.838709677419354,0.0,-0.0,101.88310814974396,-0.21541429506478926,0.10412682694025938,2.4363279920760217
46.09,-9.35483870967742,4.838709677419354,0.0,-0.0,101.89791188113766,-0.2152690601755307,0.1025925593015588,2.4338885171173543
46.1,-9.35483870967742,4.838709677419354,0.0,-0.0,101.91274192710542,-0.21514985430240108,0.1011171019867983,2.43150857362959
46.11,-9.35483870967742,4.838709677419354,0.0,-0.0,101.9275969453845,-0.21505509741755147,0.09969853680576951,2.4291887124524143
46.12,-9.35483870967742,4.838709677419354,0.0,-0.0,101.9424756494758,-0.21498327942763906,0.09833499457474748,2.4269293578465807
46.13,-9.35483870967742,4.838709677419354,0.0,-0.0,101.95737680673395,-0.21493295770630894,0.09702465438562757,2.4247308140513653
46.14,-9.35483870967742,4.838709677419354,0.0,-0.0,101.97229923650924,-0.21490275468362086,0.09576574286881606,2.42259327171826
46.15,-9.35483870967742,4.838709677419354,0.0,-0.0,101.98724180834077,-0.21489135549399507,0.09455653345086518,2.420516814209174
46.16,-9.35483870967742,4.838709677419354,0.0,-0.0,32.887165061224124,-0.21489750568374089,0.09339534560766277,2.4185014237492077
46.17,-9.35483870967742,4.838709677419354,0.0,-0.0,32.90214471780568,-0.2149200089789468,0.09228054411372022,2.4165469874243373
46.18,-9.35483870967742,4.838709677419354,0.0,-0.0,102.03217978784605,-0.2149577251141418,0.09121053828806469,2.4146533030159363
46.19,-9.35483870967742,4.838709677419354,0.0,-0.0,102.04719256660803,-0.21500956772190338,0.09018378123719123,2.4128200846649035
46.2,-9.35483870967742,4.838709677419354,0.0,-0.0,102.06222052816837,-0.21507450228340186,0.08919876909555313,2.4110469683590807
46.21,-9.35483870967742,4.838709677419354,0.0,-0.0,102.07726280799562,-0.21515154413962478,0.08825404026422784,2.409333517239343
46.22,-9.35483870967742,4.838709677419354,0.0,-0.0,102.09231858044981,-0.2152397565629488,0.08734817464846961,2.4076792267204246
46.23,-9.35483870967742,4.838709677419354,0.0,-0.0,102.10738705735001,-0.21533824888855901,0.08647979289504842,2.4060835294241234
46.24,-9.35483870967742,4.838709677419354,0.0,-0.0,102.12246748658433,-0.2154461747050821,0.08564755563044474,2.404545799924045
46.25,-9.35483870967742,4.838709677419354,0.0,-0.0,33.02252077178595,-0.21556273010373117,0.08485016270104828,2.4030653593020044
46.26,-9.35483870967742,4.838709677419354,0.0,-0.0,102.15266136590222,-0.2156871519850757,0.0840863524166533,2.401641479518166
46.27,-9.35483870967742,4.838709677419354,0.0,-0.0,102.16777348017143,-0.2158187164225175,0.08335490079846403,2.400273387597519
46.28,-9.35483870967742,4.838709677419354,0.0,-0.0,102.18289487264703,-0.2159567370813178,0.08265462083286185,2.3989602696373638
46.29,-9.35483870967742,4.838709677419354,0.0,-0.0,102.19802495212741,-0.21610056369201547,0.0819843617319162,2.397701274640437
46.3,-9.35483870967742,4.838709677419354,0.0,-0.0,102.21316315597488,-0.21624958057683197,0.08134300820149482,2.3964955181799468
46.31,-9.35483870967742,4.838709677419354,0.0,-0.0,102.22830894899452,-0.216403205227633,0.08072947971744199,2.3953420859024708
46.32,-9.35483870967742,4.838709677419354,0.0,-0.0,102.24346182234753,-0.2165608869338279,0.08014272981001708,2.3942400368754866
46.33,-9.35483870967742,4.838709677419354,0.0,-0.0,102.25862129249803,-0.21672210545855286,0.07958174535635826,2.393188406785691
46.34,-9.35483870967742,4.838709677419354,0.0,-0.0,102.27378690019265,-0.2168863697613801,0.07904554588039764,2.392186210994211
46.35,-9.35483870967742,4.838709677419354,0.0,-0.0,102.2889582094717,-0.21705321676575284,0.0785331828593086,2.3912324474542093
46.36,-9.35483870967742,4.838709677419354,0.0,-0.0,102.30413480671149,-0.21722221016933885,0.07804373903527351,2.3903260994956232
46.37,-9.35483870967742,4.838709677419354,0.0,-0.0,102.31931629969678,-0.21739293929552772,0.07757632773111794,2.389466138480793
46.38,-9.35483870967742,4.838709677419354,0.0,-0.0,102.3345023167229,-0.21756501798430827,0.07713009216826577,2.3886515263341903
46.39,-9.35483870967742,4.838709677419354,0.0,-0.0,102.3496925057267,-0.21773808352086532,0.07670420478539824,2.387881217948362
46.4,-9.35483870967742,4.838709677419354,0.0,-0.0,102.36488653344581,-0.217911795600347,0.07629786655624388,2.387154163467315
46.41,-9.35483870967742,4.838709677419354,0.0,-0.0,102.38008408460593,-0.21808583532735104,0.07591030630509193,2.386469310448066
46.42,-9.35483870967742,4.838709677419354,0.0,-0.0,102.3952848611351,-0.21825990424881547,0.07554078001885123,2.385825605900532
46.43,-9.35483870967742,4.838709677419354,0.0,-0.0,102.41048858140509,-0.21843372341919098,0.07518857015472807,2.3852219982051603
46.44,-9.35483870967742,4.838709677419354,0.0,-0.0,102.42569497949907,-0.2186070324968623,0.07485298494301068,2.384657438907964
46.45,-9.35483870967742,4.838709677419354,0.0,-0.0,102.44090380450534,-0.21877958887099214,0.07453335768478642,2.3841308843921407
46.46,-9.35483870967742,4.838709677419354,0.0,-0.0,102.45611481983657,-0.21895116681804605,0.07422904604489289,2.3836412974260517
46.47,-9.35483870967742,4.838709677419354,0.0,-0.0,102.47132780257431,-0.2191215566874668,0.07393943134075365,2.38318764858703
46.48,-9.35483870967742,4.838709677419354,0.0,-0.0,102.4865425428382,-0.21929056411599834,0.07366391782823928,2.3827689175616165
46.49,-9.35483870967742,4.838709677419354,0.0,-0.0,33.386720464203975,-0.2194580092703029,0.07340193198604811,2.3823840943231476
46.5,-9.35483870967742,4.838709677419354,0.0,-0.0,102.5169765179982,-0.21962372611761427,0.07315292180040628,2.38203218018803
46.51,-9.35483870967742,4.838709677419354,0.0,-0.0,102.53219539298432,-0.21978756172412595,0.07291635605228236,2.3817121887537973
46.52,-9.35483870967742,4.838709677419354,0.0,-0.0,102.54741530458078,-0.21994937558096928,0.07269172360939352,2.3814231467217284
46.53,-9.35483870967742,4.838709677419354,0.0,-0.0,102.56263609946943,-0.22010903895749512,0.07247853272556537,2.381164094608963
46.54,-9.35483870967742,4.838709677419354,0.0,-0.0,102.5778576340784,-0.22026643428168613,0.0722763103499297,2.380934087354757
46.55,-9.35483870967742,4.838709677419354,0.0,-0.0,102.59307977411041,-0.22042145454734363,0.07208460144854734,2.3807321948274964
46.56,-9.35483870967742,4.838709677419354,0.0,-0.0,102.60830239409138,-0.22057400274773797,0.07190296834081905,2.3805575022388643
46.57,-9.35483870967742,4.838709677419354,0.0,-0.0,102.6235253769387,-0.22072399133526965,0.07173099005291378,2.380409110472681
46.58,-9.35483870967742,4.838709677419354,0.0,-0.0,102.63874861354824,-0.22087134170659406,0.071568261690175,2.3802861363363594
46.59,-9.35483870967742,4.838709677419354,0.0,-0.0,102.65397200239961,-0.22101598371260478,0.07141439383010789,2.380187712742852
46.6,-9.35483870967742,4.838709677419354,0.0,-0.0,102.66919544917859,-0.2211578551925113,0.07126901193724322,2.3801129888315558
46.61,-9.35483870967742,4.838709677419354,0.0,-0.0,102.68441886641627,-0.22129690153123194,0.07113175580070868,2.380061130035845
46.62,-9.35483870967742,4.838709677419354,0.0,-0.0,102.69964217314401,-0.22143307523916445,0.0710022789950161,2.380031318105267
46.63,-9.35483870967742,4.838709677419354,0.0,-0.0,102.71486529456345,-0.22156633555336624,0.07088024836415724,2.380022751089669
46.64,-9.35483870967742,4.838709677419354,0.0,-0.0,102.7300881617309,-0.22169664805914047,0.07076534352871738,2.380034643291755
46.65,-9.35483870967742,4.838709677419354,0.0,-0.0,102.74531071125547,-0.22182398433093886,0.07065725641546267,2.3800662251944207
46.66,-9.35483870967742,4.838709677419354,0.0,-0.0,102.76053288501018,-0.22194832159153188,0.0705556908085247,2.380116743367931
46.67,-9.35483870967742,4.838709677419354,0.0,-0.0,102.7757546298555,-0.22206964238835647,0.07046036192114646,2.38018546036168
46.68,-9.35483870967742,4.838709677419354,0.0,-0.0,102.79097589737468,-0.22218793428600647,0.070370995986763,2.380271654584196
46.69,-9.35483870967742,4.838709677419354,0.0,-0.0,102.80619664362045,-0.22230318957385864,0.0702873298681056,2.3803746201744116
46.7,-9.35483870967742,4.838709677419354,0.0,-0.0,102.82141682887234,-0.22241540498782608,0.0702091106830195,2.3804936668669496
46.71,-9.35483870967742,4.838709677419354,0.0,-0.0,102.83663641740443,-0.22252458144540277,0.07013609544558719,2.380628119852637
46.72,-9.35483870967742,4.838709677419354,0.0,-0.0,102.85185537726286,-0.22263072379308035,0.0700680507213271,2.380777319636136
46.73,-9.35483870967742,4.838709677419354,0.0,-0.0,102.86707368005288,-0.2227338405654229,0.0700047522951937,2.3809406218910287
46.74,-9.35483870967742,4.838709677419354,0.0,-0.0,102.88229130073488,-0.22283394375504273,0.06994598485130205,2.381117397313253
46.75,-9.35483870967742,4.838709677419354,0.0,-0.0,102.89750821742925,-0.22293104859288493,0.06989154166333189,2.381307031472703
46.76,-9.35483870967742,4.838709677419354,0.0,-0.0,33.79768603225416,-0.22302517333820115,0.06984122429477058,2.3815089246633874
46.77,-9.35483870967742,4.838709677419354,0.0,-0.0,102.92793986602416,-0.22311633907773043,0.06979484230820981,2.3817224917517454
46.78,-9.35483870967742,4.838709677419354,0.0,-0.0,102.9431545683248,-0.22320456953361523,0.06975221298307555,2.3819471620230326
46.79,-9.35483870967742,4.838709677419354,0.0,-0.0,102.95836850710391,-0.22328989087964124,0.06971316104126818,2.382182379025519
46.8,-9.35483870967742,4.838709677419354,0.0,-0.0,102.97358167363839,-0.22337233156544578,0.06967751838029018,2.382427600412192
46.81,-9.35483870967742,4.838709677419354,0.0,-0.0,102.98879406136074,-0.22345192214834975,0.0696451238135467,2.3826822977798425
46.82,-9.35483870967742,4.838709677419354,0.0,-0.0,103.00400566571693,-0.22352869513252793,0.0696158228175599,2.38294595650527
46.83,-9.35483870967742,4.838709677419354,0.0,-0.0,103.01921648403103,-0.22360268481525825,0.06958946728590487,2.3832180755783643
46.84,-9.35483870967742,4.838709677419354,0.0,-0.0,33.919388136400556,-0.22367392713996692,0.06956591528976508,2.3834981674322724
46.85,-9.35483870967742,4.838709677419354,0.0,-0.0,103.04963576045084,-0.22374245955588778,0.06954503084497338,2.3837857577702306
46.86,-9.35483870967742,4.838709677419354,0.0,-0.0,33.94980584248802,-0.22380832088406744,0.06952668368552029,2.3840803853895043
46.87,-9.35483870967742,4.838709677419354,0.0,-0.0,103.08005190201962,-0.2238715511895646,0.0695107490434414,2.384381602002076
46.88,-9.35483870967742,4.838709677419354,0.0,-0.0,103.09525880701699,-0.22393219165960043,0.06949710743509402,2.384688972052603
46.89,-9.35483870967742,4.838709677419354,0.0,-0.0,103.11046494254495,-0.22399028448750713,0.06948564445376598,2.38500207253348
46.9,-9.35483870967742,4.838709677419354,0.0,-0.0,103.12567031578925,-0.22404587276226318,0.06947625056861534,2.385320492797448
46.91,-9.35483870967742,4.838709677419354,0.0,-0.0,103.14087493494176,-0.22409900036346242,0.06946882092988688,2.385643834367711
46.92,-9.35483870967742,4.838709677419354,0.0,-0.0,34.041040430139475,-0.22414971186151011,0.06946325518039831,2.3859717107460727
46.93,-9.35483870967742,4.838709677419354,0.0,-0.0,103.1712819482608,-0.22419805242290225,0.06945945727321973,2.3863037472190576
46.94,-9.35483870967742,4.838709677419354,0.0,-0.0,103.18648436309445,-0.2242440677203934,0.06945733529551545,2.386639580662488
46.95,-9.35483870967742,4.838709677419354,0.0,-0.0,103.20168606502166,-0.22428780384790314,0.06945680129845849,2.3869788593445826
46.96,-9.35483870967742,4.838709677419354,0.0,-0.0,103.21688706607054,-0.22432930723997213,0.06945777113316204,2.3873212427280355
46.97,-9.35483870967742,4.838709677419354,0.0,-0.0,103.2320873788271,-0.22436862459562923,0.0694601642925125,2.3876664012710815
46.98,-9.35483870967742,4.838709677419354,0.0,-0.0,34.132248637399016,-0.22440580280648093,0.06946390375882783,2.3880140162280346
46.99,-9.35483870967742,4.838709677419354,0.0,-0.0,103.26248599223568,-0.22444088888888936,0.06946891585720599,2.388363779449288
47.0,-9.35483870967742,4.838709677419354,0.0,-0.0,34.162645941344394,-0.2244739299200601,0.06947513011446538,2.388715393181189
47.01,-9.35483870967742,4.838709677419354,0.0,-0.0,103.29288201487157,-0.2245049729778994,0.06948247912353672,2.3890685698658944
47.02,-9.35483870967742,4.838709677419354,0.0,-0.0,103.30807909042335,-0.2245340650844756,0.06949089841318817,2.3894230319415235
47.03,-9.35483870967742,4.838709677419354,0.0,-0.0,103.32327556175106,-0.22456125315296138,0.06950032632291753,2.3897785116425627
47.04,-9.35483870967742,4.838709677419354,0.0,-0.0,103.33847144383216,-0.22458658393789144,0.06951070388289349,2.39013475080092
47.05,-9.35483870967742,4.838709677419354,0.0,-0.0,103.35366675180656,-0.22461010398859405,0.06952197469879673,2.3904915006477805
47.06,-9.35483870967742,4.838709677419354,0.0,-0.0,103.36886150094003,-0.224631859605679,0.069534084841394,2.3908485216162507
47.07,-9.35483870967742,4.838709677419354,0.0,-0.0,34.26901732761465,-0.22465189680043385,0.06954698274071092,2.391205583145069
47.08,-9.35483870967742,4.838709677419354,0.0,-0.0,34.2842110051987,-0.22467026125699652,0.06956061908465339,2.391562463483547
47.09,-9.35483870967742,4.838709677419354,0.0,-0.0,103.41444254913978,-0.2246869982972003,0.06957494672190728,2.3919189494976694
47.1,-9.35483870967742,4.838709677419354,0.0,-0.0,103.42963521693711,-0.2247021528479316,0.06958992056900443,2.392274836477822
47.11,-9.35483870967742,4.838709677419354,0.0,-0.0,103.44482740299327,-0.22471576941093918,0.06960549752134926,2.3926299279477354
47.12,-9.35483870967742,4.838709677419354,0.0,-0.0,103.46001912268852,-0.2247278920349235,0.06962163636811974,2.392984035475287
47.13,-9.35483870967742,4.838709677419354,0.0,-0.0,103.47521039133431,-0.22473856428983552,0.0696382977108585,2.3933369784849043
47.14,-9.35483870967742,4.838709677419354,0.0,-0.0,103.4904012241529,-0.22474782924326409,0.06965544388562683,2.3936885840717754
47.15,-9.35483870967742,4.838709677419354,0.0,-0.0,103.50559163625864,-0.22475572943882227,0.06967303888857351,2.394038686817862
47.16,-9.35483870967742,4.838709677419354,0.0,-0.0,103.52078164264073,-0.2247623068764174,0.06969104830479889,2.3943871286099347
47.17,-9.35483870967742,4.838709677419354,0.0,-0.0,103.53597125814734,-0.22476760299432186,0.06970943924037026,2.394733758459604
47.18,-9.35483870967742,4.838709677419354,0.0,-0.0,103.55116049747119,-0.22477165865296234,0.069728180257354,2.395078432325332
47.19,-9.35483870967742,4.838709677419354,0.0,-0.0,103.56634937513626,-0.22477451412032268,0.06974724131175647,2.395421012936649
47.2,-9.35483870967742,4.838709677419354,0.0,-0.0,103.5815379054858,-0.22477620905889106,0.06976659369423732,2.3957613696205042
47.21,-9.35483870967742,4.838709677419354,0.0,-0.0,103.59672610267141,-0.2247767825140604,0.06978620997349139,2.3960993781298963
47.22,-9.35483870967742,4.838709677419354,0.0,-0.0,34.496875601667725,-0.22477627290392455,0.06980606394216388,2.3964349204746522
47.23,-9.35483870967742,4.838709677419354,0.0,-0.0,103.62710155314088,-0.22477471801037308,0.06982613056521259,2.39676788475461
47.24,-9.35483870967742,4.838709677419354,0.0,-0.0,103.64228883368598,-0.22477215497142056,0.06984638593060716,2.3970981649951963
47.25,-9.35483870967742,4.838709677419354,0.0,-0.0,103.65747583557473,-0.22476862027472888,0.0698668072022337,2.3974256609851774
47.26,-9.35483870967742,4.838709677419354,0.0,-0.0,103.6726625718719,-0.22476414975221448,0.06988737257495037,2.3977502781170164
47.27,-9.35483870967742,4.838709677419354,0.0,-0.0,103.68784905540537,-0.22475877857570725,0.06990806123167176,2.398071927229613
47.28,-9.35483870967742,4.838709677419354,0.0,-0.0,103.70303529876146,-0.224752541253602,0.06992885330238746,2.3983905244534283
47.29,-9.35483870967742,4.838709677419354,0.0,-0.0,103.71822131428097,-0.22474547162843217,0.0699497298250421,2.3987059910581574
47.3,-9.35483870967742,4.838709677419354,0.0,-0.0,103.73340711405575,-0.22473760287532019,0.06997067270818275,2.399018253302877
47.31,-9.35483870967742,4.838709677419354,0.0,-0.0,103.74859270992603,-0.22472896750125104,0.06999166469529516,2.399327242288708
47.32,-9.35483870967742,4.838709677419354,0.0,-0.0,103.76377811347817,-0.22471959734512004,0.07001268933074639,2.3996328938139877
47.33,-9.35483870967742,4.838709677419354,0.0,-0.0,103.77896333604302,-0.2247095235785077,0.07003373092726423,2.3999351482319753
47.34,-9.35483870967742,4.838709677419354,0.0,-0.0,103.79414838869472,-0.22469877670713112,0.07005477453488124,2.400233950311137
47.35,-9.35483870967742,4.838709677419354,0.0,-0.0,103.80933328225002,-0.22468738657294585,0.07007580591126006,2.400529249097848
47.36,-9.35483870967742,4.838709677419354,0.0,-0.0,103.82451802726793,-0.22467538235682516,0.07009681149336544,2.400820997781838
47.37,-9.35483870967742,4.838709677419354,0.0,-0.0,103.83970263404983,-0.22466279258181776,0.0701177783703798,2.4011091535639766
47.38,-9.35483870967742,4.838709677419354,0.0,-0.0,103.85488711263994,-0.224649645116911,0.07013869425783498,2.4013936775267424
47.39,-9.35483870967742,4.838709677419354,0.0,-0.0,103.8700714728261,-0.22463596718128465,0.070159547472884,2.4016745345071695
47.4,-9.35483870967742,4.838709677419354,0.0,-0.0,103.88525572414088,-0.22462178534902144,0.07018032691065557,2.401951692972273
47.41,-9.35483870967742,4.838709677419354,0.0,-0.0,103.90043987586299,-0.22460712555422224,0.07020102202165857,2.4022251248971185
47.42,-9.35483870967742,4.838709677419354,0.0,-0.0,103.9156239370189,-0.2245920130965191,0.07022162279016286,2.402494805645312
47.43,-9.35483870967742,4.838709677419354,0.0,-0.0,103.93080791638484,-0.2245764726469497,0.07024211971351174,2.4027607138519462
47.44,-9.35483870967742,4.838709677419354,0.0,-0.0,103.94599182248878,-0.22456052825414963,0.07026250378234089,2.403022831309159
47.45,-9.35483870967742,4.838709677419354,0.0,-0.0,103.96117566361292,-0.22454420335086545,0.07028276646162673,2.403281142854003
47.46,-9.35483870967742,4.838709677419354,0.0,-0.0,103.97635944779613,-0.22452752076073124,0.07030289967255376,2.403535636258892
47.47,-9.35483870967742,4.838709677419354,0.0,-0.0,103.99154318283664,-0.2245105027053108,0.07032289577513956,2.403786302124403
47.48,-9.35483870967742,4.838709677419354,0.0,-0.0,104.00672687629493,-0.2244931708113731,0.0703427475515836,2.4040331337744516
47.49,-9.35483870967742,4.838709677419354,0.0,-0.0,104.0219105354967,-0.22447554611836795,0.07036244819031928,2.4042761271539823
47.5,-9.35483870967742,4.838709677419354,0.0,-0.0,104.03709416753595,-0.22445764908610755,0.07038199127070666,2.404515280728859
47.51,-9.35483870967742,4.838709677419354,0.0,-0.0,34.937239400302815,-0.22443949960261,0.07040137074836011,2.4047505953881956
47.52,-9.35483870967742,4.838709677419354,0.0,-0.0,104.06746137736411,-0.22442111699210088,0.0704205809410619,2.40498207434895
47.53,-9.35483870967742,4.838709677419354,0.0,-0.0,104.08264496821225,-0.2244025200231461,0.0704396165152456,2.405209723062848
47.54,-9.35483870967742,4.838709677419354,0.0,-0.0,104.09782855802324,-0.224383726916909,0.07045847247300957,2.4054335491255285
47.55,-9.35483870967742,4.838709677419354,0.0,-0.0,104.11301215278299,-0.22436475535551348,0.07047714413963857,2.4056535621878994
47.56,-9.35483870967742,4.838709677419354,0.0,-0.0,104.12819575826637,-0.22434562249049217,0.07049562715161295,2.405869773869744
47.57,-9.35483870967742,4.838709677419354,0.0,-0.0,104.14337938004094,-0.22432634495131687,0.07051391744507174,2.406082197675434
47.58,-9.35483870967742,4.838709677419354,0.0,-0.0,104.15856302347059,-0.2243069388539849,0.07053201124472158,2.406290848911862
47.59,-9.35483870967742,4.838709677419354,0.0,-0.0,104.17374669371931,-0.22428741980965983,0.07054990505315678,2.4064957446084487
47.6,-9.35483870967742,4.838709677419354,0.0,-0.0,104.18893039575498,-0.2242678029333599,0.07056759564056786,2.4066969034391477
47.61,-9.35483870967742,4.838709677419354,0.0,-0.0,104.20411413435313,-0.22424810285265673,0.0705850800348451,2.4068943456466774
47.62,-9.35483870967742,4.838709677419354,0.0,-0.0,104.21929791410078,-0.2242283337164127,0.07060235551202082,2.407088092968578
47.63,-9.35483870967742,4.838709677419354,0.0,-0.0,104.2344817394002,-0.22420850920351232,0.07061941958706808,2.4072781685653886
47.64,-9.35483870967742,4.838709677419354,0.0,-0.0,104.24966561447279,-0.2241886425316053,0.0706362700050131,2.4074645969506703
47.65,-9.35483870967742,4.838709677419354,0.0,-0.0,104.26484954336284,-0.22416874646582496,0.0706529047323754,2.4076474039230997
47.66,-9.35483870967742,4.838709677419354,0.0,-0.0,35.16499515096592,-0.2241488333275128,0.07066932194887987,2.4078266165002336
47.67,-9.35483870967742,4.838709677419354,0.0,-0.0,104.29521757790991,-0.22412891500289567,0.07068552003947609,2.408002262854347
47.68,-9.35483870967742,4.838709677419354,0.0,-0.0,104.31040169080426,-0.2241090029517513,0.0707014975866081,2.408174372249923
47.69,-9.35483870967742,4.838709677419354,0.0,-0.0,104.32558587199826,-0.22408910821602102,0.07071725336275797,2.408342974983065
47.7,-9.35483870967742,4.838709677419354,0.0,-0.0,104.34077012470756,-0.22406924142839468,0.07073278632321933,2.4085081023225254
47.71,-9.35483870967742,4.838709677419354,0.0,-0.0,104.3559544519933,-0.22404941282083113,0.0707480955991236,2.408669786452603
47.72,-9.35483870967742,4.838709677419354,0.0,-0.0,35.25610047779031,-0.22402963223303318,0.0707631804906817,2.4088280604176453
47.73,-9.35483870967742,4.838709677419354,0.0,-0.0,104.38632334178811,-0.22400990912086804,0.07077804046063912,2.40898295806817
47.74,-9.35483870967742,4.838709677419354,0.0,-0.0,104.4015079096799,-0.22399025256470595,0.07079267512795467,2.4091345140087825
47.75,-9.35483870967742,4.838709677419354,0.0,-0.0,104.41669256292077,-0.2239706712777153,0.07080708426165516,2.4092827635474556
47.76,-9.35483870967742,4.838709677419354,0.0,-0.0,104.43187730385388,-0.22395117361406147,0.07082126777490438,2.409427742646603
47.77,-9.35483870967742,4.838709677419354,0.0,-0.0,104.44706213468952,-0.22393176757705346,0.07083522571923234,2.4095694878754634
47.78,-9.35483870967742,4.838709677419354,0.0,-0.0,104.46224705750848,-0.2239124608271873,0.07084895827896653,2.4097080363642234
47.79,-9.35483870967742,4.838709677419354,0.0,-0.0,104.47743207426556,-0.2238932606901346,0.07086246576580418,2.4098434257593415
47.8,-9.35483870967742,4.838709677419354,0.0,-0.0,104.49261718679291,-0.22387417416461863,0.07087574861357648,2.409975694180579
47.81,-9.35483870967742,4.838709677419354,0.0,-0.0,104.50780239680334,-0.2238552079302244,0.07088880737314857,2.4101048801792357
47.82,-9.35483870967742,4.838709677419354,0.0,-0.0,104.52298770589366,-0.22383636835511045,0.07090164270748106,2.4102310226978534
47.83,-9.35483870967742,4.838709677419354,0.0,-0.0,104.53817311554786,-0.22381766150362625,0.07091425538683915,2.410354161031273
47.84,-9.35483870967742,4.838709677419354,0.0,-0.0,104.5533586271404,-0.22379909314384328,0.07092664628413659,2.4104743347889594
47.85,-9.35483870967742,4.838709677419354,0.0,-0.0,104.56854424193925,-0.2237806687549838,0.07093881637042354,2.410591583858667
47.86,-9.35483870967742,4.838709677419354,0.0,-0.0,104.58372996110906,-0.22376239353475502,0.07095076671050432,2.410705948371352
47.87,-9.35483870967742,4.838709677419354,0.0,-0.0,104.59891578571418,-0.22374427240658945,0.07096249845867691,2.4108174686672594
47.88,-9.35483870967742,4.838709677419354,0.0,-0.0,104.61410171672168,-0.22372631002677368,0.07097401285461086,2.410926185263341
47.89,-9.35483870967742,4.838709677419354,0.0,-0.0,104.62928775500426,-0.2237085107914918,0.070985311219328,2.411032138821692
47.9,-9.35483870967742,4.838709677419354,0.0,-0.0,104.6444739013432,-0.2236908788437557,0.0709963949513121,2.411135370119249
47.91,-9.35483870967742,4.838709677419354,0.0,-0.0,104.6596601564312,-0.22367341808023422,0.07100726552272968,2.411235920018597
47.92,-9.35483870967742,4.838709677419354,0.0,-0.0,104.67484652087512,-0.22365613215798386,0.07101792447575667,2.4113338294398248
47.93,-9.35483870967742,4.838709677419354,0.0,-0.0,104.6900329951988,-0.22363902450107498,0.07102837341901125,2.4114291393334524
47.94,-9.35483870967742,4.838709677419354,0.0,-0.0,104.70521957984575,-0.22362209830710933,0.07103861402409678,2.411521890654455
47.95,-9.35483870967742,4.838709677419354,0.0,-0.0,104.72040627518172,-0.22360535655363423,0.07104864802224214,2.411612124337277
47.96,-9.35483870967742,4.838709677419354,0.0,0.0,104.7355930814974,-0.22358880200445952,0.07105847720103453,2.4116998812717796
47.97,-9.35483870967742,4.838709677419354,0.0,0.0,104.7507799990109,-0.22357243721585718,0.07106810340126013,2.4117852022802726
47.98,-9.35483870967742,4.838709677419354,0.0,0.0,104.76596702787029,-0.2235562645426693,0.07107752851382354,2.4118681280953562
47.99,-9.35483870967742,4.838709677419354,0.0,0.0,104.78115416815601,-0.22354028614429888,0.0710867544767706,2.4119486993388013
48.0,-9.35483870967742,4.838709677419354,0.0,0.0,35.68130304090782,-0.22352450399060342,0.07109578327239369,2.4120269565012675
48.01,-9.35483870967742,5.483870967741936,0.0,0.0,104.81156726126518,-0.22312230807814726,0.12438525256513583,2.408731585691541
48.02,-9.35483870967742,5.483870967741936,0.0,0.0,104.82682996696336,-0.2227571268217795,0.12251645625620283,2.4054981185687936
48.03,-9.35483870967742,5.483870967741936,0.0,0.0,104.84212787645136,-0.22242702551585025,0.12071320789875006,2.402328037272721
48.04,-9.35483870967742,5.483870967741936,0.0,0.0,104.85745939198571,-0.22213014598220038,0.11897356102301593,2.3992226628618285
48.05,-9.35483870967742,5.483870967741936,0.0,0.0,104.87282297662598,-0.22186470428111071,0.11729561490589568,2.396183161249982
48.06,-9.35483870967742,5.483870967741936,0.0,0.0,104.88821715230353,-0.22162898844591394,0.1156775138820717,2.3932105491508366
48.07,-9.35483870967742,5.483870967741936,0.0,0.0,104.90364049793867,-0.22142135624603987,0.11411744665127038,2.390305700013859
48.08,-9.35483870967742,5.483870967741936,0.0,0.0,104.91909164760567,-0.22124023298253992,0.11261364558403492,2.3874693499367408
48.09,-9.35483870967742,5.483870967741936,0.0,0.0,104.93456928874494,-0.2210841093195124,0.1111643860279024,2.3847021035398694
48.1,-9.35483870967742,5.483870967741936,0.0,0.0,104.9500721604218,-0.2209515391542609,0.10976798561546636,2.382004439789711
48.11,-9.35483870967742,5.483870967741936,0.0,0.0,104.96559905163109,-0.22084113752852985,0.10842280357543388,2.379376717758749
48.12,-9.35483870967742,5.483870967741936,0.0,0.0,104.98114879964687,-0.2207515785827019,0.10712724004749757,2.3768191823107396
48.13,-9.35483870967742,5.483870967741936,0.0,0.0,104.99672028841637,-0.22068159355444417,0.10587973540158269,2.374331969700908
48.14,-9.35483870967742,5.483870967741936,0.0,0.0,105.01231244699727,-0.22062996882295705,0.1046787695618197,2.3719151130815637
48.15,-9.35483870967742,5.483870967741936,0.0,0.0,105.02792424803773,-0.2205955439996733,0.1035228613354105,2.3695685479043913
48.16,-9.35483870967742,5.483870967741936,0.0,0.0,105.04355470629804,-0.22057721006596065,0.10241056774645974,2.3672921172118304
48.17,-9.35483870967742,5.483870967741936,0.0,0.0,35.94416449823767,-0.22057390755819128,0.10134048337470164,2.3650855768103645
48.18,-9.35483870967742,5.483870967741936,0.0,0.0,35.959829476519644,-0.22058462480030339,0.10031123969901301,2.3629486003196334
48.19,-9.35483870967742,5.483870967741936,0.0,0.0,105.09054877377493,-0.2206083961838331,0.09932150444554105,2.3608807840918478
48.2,-9.35483870967742,5.483870967741936,0.0,0.0,35.99120642230692,-0.22064430049522787,0.09836998094027621,2.3588816519968976
48.21,-9.35483870967742,5.483870967741936,0.0,0.0,105.12195514256341,-0.22069145929013723,0.09745540746588144,2.356950660069131
48.22,-9.35483870967742,5.483870967741936,0.0,0.0,105.1376790362342,-0.2207490353142577,0.09657655662263609,2.3550872010126858
48.23,-9.35483870967742,5.483870967741936,0.0,0.0,105.1534157537709,-0.2208162309702273,0.09573223469335967,2.353290608562784
48.24,-9.35483870967742,5.483870967741936,0.0,0.0,105.16916459833435,-0.22089228682997863,0.09492128101223896,2.3515601617012285
48.25,-9.35483870967742,5.483870967741936,0.0,0.0,105.18492490362902,-0.2209764801918983,0.0941425673375213,2.349895088724947
48.26,-9.35483870967742,5.483870967741936,0.0,0.0,105.2006960327953,-0.2210681236820674,0.09339499722809191,2.348294571167234
48.27,-9.35483870967742,5.483870967741936,0.0,0.0,105.21647737733433,-0.22116656389882827,0.09267750542397546,2.346757747571758
48.28,-9.35483870967742,5.483870967741936,0.0,0.0,105.23226835606464,-0.22127118009985658,0.09198905723085227,2.3452837171202052
48.29,-9.35483870967742,5.483870967741936,0.0,0.0,105.24806841410998,-0.2213813829309017,0.09132864790867612,2.343871543114731
48.3,-9.35483870967742,5.483870967741936,0.0,0.0,105.26387702191737,-0.22149661319528324,0.0906953020645258,2.3425202563172456
48.31,-9.35483870967742,5.483870967741936,0.0,0.0,105.27969367430472,-0.2216163406632431,0.09008807304977406,2.3412288581475784
48.32,-9.35483870967742,5.483870967741936,0.0,0.0,105.29551788953748,-0.2217400629202002,0.08950604236166027,2.3399963237431094
48.33,-9.35483870967742,5.483870967741936,0.0,0.0,105.31134920843327,-0.22186730425292445,0.08894831904933531,2.3388216048828236
48.34,-9.35483870967742,5.483870967741936,0.0,0.0,105.32718719349417,-0.22199761457265066,0.08841403912438262,2.3377036327786866
48.35,-9.35483870967742,5.483870967741936,0.0,0.0,105.34303142806574,-0.2221305683741276,0.08790236497579723,2.3366413207375087
48.36,-9.35483870967742,5.483870967741936,0.0,0.0,105.35888151552231,-0.22226576372958262,0.08741248478936675,2.3356335666965533
48.37,-9.35483870967742,5.483870967741936,0.0,0.0,105.37473707847775,-0.22240282131659528,0.0869436119713557,2.3346792556360545
48.38,-9.35483870967742,5.483870967741936,0.0,0.0,105.39059775802119,-0.22254138347886676,0.08649498457637173,2.333777261871819
48.39,-9.35483870967742,5.483870967741936,0.0,0.0,105.40646321297712,-0.2226811133189046,0.0860658647392647,2.3329264512308807
48.4,-9.35483870967742,5.483870967741936,0.0,0.0,36.30729474021378,-0.2228216938216292,0.08565553811093196,2.332125683113315
48.41,-9.35483870967742,5.483870967741936,0.0,0.0,105.43820716882753,-0.22296282700796988,0.08526331329788045,2.3313738124429007
48.42,-9.35483870967742,5.483870967741936,0.0,0.0,105.45408506971803,-0.22310423311750338,0.08488852130546853,2.330669691509619
48.43,-9.35483870967742,5.483870967741936,0.0,0.0,105.46996654469466,-0.22324564981927542,0.08453051498473624,2.330012171706391
48.44,-9.35483870967742,5.483870967741936,0.0,0.0,105.48585133097278,-0.22338683144993743,0.0841886684828278,2.3294001051627875
48.45,-9.35483870967742,5.483870967741936,0.0,0.0,105.50173917954393,-0.2235275482783875,0.08386237669706187,2.328832346278279
48.46,-9.35483870967742,5.483870967741936,0.0,0.0,105.51762985459109,-0.22366758579613133,0.0835510547327778,2.328307753157659
48.47,-9.35483870967742,5.483870967741936,0.0,0.0,105.53352313292424,-0.22380674403265666,0.08325413736512982,2.3278251889509534
48.48,-9.35483870967742,5.483870967741936,0.0,0.0,105.54941880343559,-0.2239448368950816,0.08297107850513935,2.327383523100852
48.49,-9.35483870967742,5.483870967741936,0.0,0.0,105.56531666657396,-0.22408169153143975,0.08270135067032186,2.3269816325001274
48.5,-9.35483870967742,5.483870967741936,0.0,0.0,105.58121653383816,-0.22421714771696577,0.08244444446029914,2.3266184025618886
48.51,-9.35483870967742,5.483870967741936,0.0,0.0,105.59711822728843,-0.22435105726275628,0.08219986803788182,2.3262927282058325
48.52,-9.35483870967742,5.483870967741936,0.0,0.0,105.61302157907598,-0.22448328344624535,0.08196714661611221,2.326003514763354
48.53,-9.35483870967742,5.483870967741936,0.0,0.0,105.62892643098971,-0.2246137004629113,0.08174582195183189,2.325749678804941
48.54,-9.35483870967742,5.483870967741936,0.0,0.0,105.6448326340201,-0.2247421928986878,0.08153545184631822,2.32553014889297
48.55,-9.35483870967742,5.483870967741936,0.0,0.0,105.66074004793943,-0.22486865522251243,0.08133560965358899,2.3253438662636694
48.56,-9.35483870967742,5.483870967741936,0.0,0.0,36.56161016192257,-0.22499299129851524,0.08114588379690907,2.3251897854414834
48.57,-9.35483870967742,5.483870967741936,0.0,0.0,105.69255798903625,-0.22511511391730288,0.08096587729405713,2.32506687478963
48.58,-9.35483870967742,5.483870967741936,0.0,0.0,105.70846827611132,-0.22523494434580704,0.08079520729187406,2.3249741170006333
48.59,-9.35483870967742,5.483870967741936,0.0,0.0,105.72437929313907,-0.22535241189521182,0.0806335046105171,2.3249105095300924
48.6,-9.35483870967742,5.483870967741936,0.0,0.0,105.74029093804967,-0.22546745350638997,0.08048041329788391,2.324875064977855
48.61,-9.35483870967742,5.483870967741936,0.0,0.0,105.75620311535727,-0.22558001335236189,0.08033559019451825,2.3248668114197653
48.62,-9.35483870967742,5.483870967741936,0.0,0.0,105.77211573584276,-0.22569004245721846,0.08019870450932098,2.3248847926938536
48.63,-9.35483870967742,5.483870967741936,0.0,0.0,105.78802871624953,-0.22579749833101193,0.08006943740625971,2.3249280686440637
48.64,-9.35483870967742,5.483870967741936,0.0,0.0,105.80394197899152,-0.22590234462005887,0.07994748160225928,2.324995715325061
48.65,-9.35483870967742,5.483870967741936,0.0,0.0,105.81985545187334,-0.22600455077214332,0.07983254097635023,2.325086825171102
48.66,-9.35483870967742,5.483870967741936,0.0,0.0,105.83576906782187,-0.22610409171608437,0.07972433019011338,2.325200507132032
48.67,-9.35483870967742,5.483870967741936,0.0,0.0,105.851682764629,-0.22620094755515163,0.0796225743193863,2.3253358867791367
48.68,-9.35483870967742,5.483870967741936,0.0,0.0,105.86759648470517,-0.22629510327382374,0.07952700849713495,2.325492106383328
48.69,-9.35483870967742,5.483870967741936,0.0,0.0,105.88351017484317,-0.22638654845734874,0.07943737756739194,2.3256683249683943
48.7,-9.35483870967742,5.483870967741936,0.0,0.0,36.784385407016444,-0.22647527702364323,0.07935343575005238,2.325863718341159
48.71,-9.35483870967742,5.483870967741936,0.0,0.0,105.91533727303981,-0.2265612869670236,0.0792749463163368,2.326077479100741
48.72,-9.35483870967742,5.483870967741936,0.0,0.0,105.93125059460745,-0.22664458011328625,0.0792016812746904,2.3263088166288215
48.73,-9.35483870967742,5.483870967741936,0.0,0.0,105.94716371284895,-0.22672516188569325,0.07913342106684185,2.326556957062382
48.74,-9.35483870967742,5.483870967741936,0.0,0.0,36.84803821428656,-0.22680304108139415,0.07906995427376795,2.3268211432506187
48.75,-9.35483870967742,5.483870967741936,0.0,0.0,105.9789892045062,-0.22687822965787618,0.0790110773312519,2.327100634697124
48.76,-9.35483870967742,5.483870967741936,0.0,0.0,105.99490151822903,-0.22695074252899083,0.07895659425478108,2.327394707488885
48.77,-9.35483870967742,5.483870967741936,0.0,0.0,36.89577512992426,-0.22702059737019475,0.07890631637345064,2.3277026542127848
48.78,-9.35483870967742,5.483870967741936,0.0,0.0,106.02672515365025,-0.2270878144325882,0.07886006207261603,2.3280237838608984
48.79,-9.35483870967742,5.483870967741936,0.0,0.0,106.04263643212346,-0.22715241636540484,0.0788176565449864,2.328357421725223
48.8,-9.35483870967742,5.483870967741936,0.0,0.0,106.05854732632793,-0.22721442804659553,0.07877893154988513,2.3287029092826783
48.81,-9.35483870967742,5.483870967741936,0.0,0.0,106.0744578204993,-0.2272738764211567,0.07874372518041983,2.3290596040711757
48.82,-9.35483870967742,5.483870967741936,0.0,0.0,106.09036790096798,-0.22733079034690662,0.07871188163828102,2.3294268795571997
48.83,-9.35483870967742,5.483870967741936,0.0,0.0,106.10627755603272,-0.22738520044738808,0.0786832510159326,2.329804124995574
48.84,-9.35483870967742,5.483870967741936,0.0,0.0,106.12218677584013,-0.227437138971603,0.0786576890859611,2.3301907452820028
48.85,-9.35483870967742,5.483870967741936,0.0,0.0,106.13809555226966,-0.2274866396603199,0.07863505709733598,2.330586160798653
48.86,-9.35483870967742,5.483870967741936,0.0,0.0,106.15400387882396,-0.22753373761866635,0.07861522157838935,2.330989807253475
48.87,-9.35483870967742,5.483870967741936,0.0,0.0,106.16991175052439,-0.2275784691947692,0.07859805414629195,2.3314011355135
48.88,-9.35483870967742,5.483870967741936,0.0,0.0,106.18581916381152,-0.22762087186419733,0.07858343132283446,2.3318196114325604
48.89,-9.35483870967742,5.483870967741936,0.0,0.0,106.2017261164503,-0.22766098411997449,0.07857123435632718,2.332244715673803
48.9,-9.35483870967742,5.483870967741936,0.0,0.0,106.2176326074399,-0.2276988453679345,0.07856134904944856,2.332675943527448
48.91,-9.35483870967742,5.483870967741936,0.0,0.0,106.2335386369278,-0.22773449582722682,0.07855366559285298,2.3331128047239162
48.92,-9.35483870967742,5.483870967741936,0.0,0.0,106.24944420612825,-0.22776797643574598,0.07854807840439582,2.333554823242921
48.93,-9.35483870967742,5.483870967741936,0.0,0.0,106.26534931724463,-0.2277993287603164,0.07854448597379399,2.3340015371185467
48.94,-9.35483870967742,5.483870967741936,0.0,0.0,106.28125397339583,-0.22782859491141894,0.07854279071259962,2.3344524982409554
48.95,-9.35483870967742,5.483870967741936,0.0,0.0,106.29715817854625,-0.227855817462299,0.07854289880931542,2.334907272154771
48.96,-9.35483870967742,5.483870967741936,0.0,0.0,106.31306193743941,-0.22788103937228277,0.07854472008951635,2.335365437854492
48.97,-9.35483870967742,5.483870967741936,0.0,0.0,106.328965255535,-0.22790430391412242,0.07854816788084745,2.3358265875773334
48.98,-9.35483870967742,5.483870967741936,0.0,0.0,106.34486813894917,-0.22792565460522562,0.07855315888274839,2.3362903265936175
48.99,-9.35483870967742,5.483870967741936,0.0,0.0,37.24573221542262,-0.2279451351426094,0.07855961304078063,2.336756272995071
49.0,-9.35483870967742,5.483870967741936,0.0,0.0,106.37667262914428,-0.22796278934141978,0.07856745342543237,2.337224057481368
49.01,-9.35483870967742,5.483870967741936,0.0,0.0,37.27753587197073,-0.22797866107689746,0.07857660611525513,2.3376933231449506
49.02,-9.35483870967742,5.483870967741936,0.0,0.0,106.4084754680101,-0.22799279422962304,0.07858700008423086,2.338163725254663
49.03,-9.35483870967742,5.483870967741936,0.0,0.0,37.30933790996963,-0.22800523263393313,0.07859856709322327,2.33863493103818
49.04,-9.35483870967742,5.483870967741936,0.0,0.0,106.4402767227202,-0.2280160200293565,0.07861124158541316,2.339106619463698
49.05,-9.35483870967742,5.483870967741936,0.0,0.0,106.45617677862427,-0.2280252000149664,0.07862496058557622,2.3395784810208857
49.06,-9.35483870967742,5.483870967741936,0.0,0.0,106.47207646622786,-0.22803281600650482,0.07863966360310992,2.340050217501578
49.07,-9.35483870967742,5.483870967741936,0.0,0.0,106.48797579534754,-0.22803891119618702,0.07865529253866876,2.340521541780149
49.08,-9.35483870967742,5.483870967741936,0.0,0.0,106.50387477601218,-0.22804352851505505,0.07867179159431065,2.340992177593976
49.09,-9.35483870967742,5.483870967741936,0.0,0.0,106.51977341843136,-0.2280467105977808,0.07868910718703381,2.3414618593240832
49.1,-9.35483870967742,5.483870967741936,0.0,0.0,106.53567173296554,-0.22804849974980634,0.07870718786559922,2.34193033177623
49.11,-9.35483870967742,5.483870967741936,0.0,0.0,106.55156973009821,-0.2280489379167281,0.07872598423052235,2.342397349962543
49.12,-9.35483870967742,5.483870967741936,0.0,0.0,106.56746742040966,-0.22804806665582222,0.07874544885713097,2.3428626788839018
49.13,-9.35483870967742,5.483870967741936,0.0,0.0,106.5833648145525,-0.2280459271096188,0.07876553622158161,2.3433260933132294
49.14,-9.35483870967742,5.483870967741936,0.0,0.0,106.59926192322867,-0.22804255998142242,0.07878620262974279,2.3437873775799445
49.15,-9.35483870967742,5.483870967741936,0.0,0.0,106.61515875716803,-0.22803800551271614,0.0788074061488182,2.3442463253554693
49.16,-9.35483870967742,5.483870967741936,0.0,0.0,106.63105532710834,-0.22803230346233272,0.07882910654164194,2.344702739440254
49.17,-9.35483870967742,5.483870967741936,0.0,0.0,106.6469516437766,-0.22802549308733744,0.07885126520352337,2.3451564315521725
49.18,-9.35483870967742,5.483870967741936,0.0,0.0,106.66284771787166,-0.22801761312551938,0.07887384510156986,2.345607222116669
49.19,-9.35483870967742,5.483870967741936,0.0,0.0,106.67874356004808,-0.22800870177944477,0.07889681071636667,2.3460549400584525
49.2,-9.35483870967742,5.483870967741936,0.0,0.0,106.69463918090119,-0.22799879670196865,0.07892012798595216,2.3464994225951745
49.21,-9.35483870967742,5.483870967741936,0.0,0.0,106.7105345909532,-0.22798793498315184,0.07894376425198762,2.346940515033012
49.22,-9.35483870967742,5.483870967741936,0.0,0.0,106.72642980064035,-0.2279761531385106,0.07896768820803479,2.347378070564279
49.23,-9.35483870967742,5.483870967741936,0.0,0.0,106.74232482030105,-0.2279634870985343,0.07899186984986417,2.3478119500671837
49.24,-9.35483870967742,5.483870967741936,0.0,0.0,106.75821966016508,-0.2279499721994137,0.07901628042770314,2.348242021907711
49.25,-9.35483870967742,5.483870967741936,0.0,0.0,106.7741143303435,-0.22793564317489845,0.07904089240037021,2.348668161743974
49.26,-9.35483870967742,5.483870967741936,0.0,0.0,106.79000884081951,-0.2279205341492604,0.07906567939118381,2.3490902523326995
49.27,-9.35483870967742,5.483870967741936,0.0,0.0,106.80590320144015,-0.22790467863127117,0.0790906161456092,2.349508183338322
49.28,-9.35483870967742,5.483870967741936,0.0,0.0,106.82179742190858,-0.2278881095091645,0.07911567849054818,2.349921851144472
49.29,-9.35483870967742,5.483870967741936,-0.0,-0.0,106.83769151177732,-0.22787085904652682,0.07914084329520948,2.350331158667967
49.3,-9.35483870967742,5.483870967741936,-0.0,-0.0,37.738547101466466,-0.227852958879056,0.07916608843350431,2.3507360151754844
49.31,-9.35483870967742,5.483870967741936,-0.0,-0.0,106.86947933713543,-0.22783444001215747,0.07919139274788733,2.351136336102767
49.32,-9.35483870967742,5.483870967741936,-0.0,-0.0,106.88537309092344,-0.22781533281932054,0.07921673601459417,2.3515320428765376
49.33,-9.35483870967742,5.483870967741936,-0.0,-0.0,106.9012667506996,-0.2277956670412321,0.07924209891021594,2.3519230627391505
49.34,-9.35483870967742,5.483870967741936,-0.0,-0.0,106.91716032518181,-0.2277754717855962,0.07926746297954412,2.3523093285758914
49.35,-9.35483870967742,5.483870967741936,-0.0,-0.0,106.93305382290879,-0.22775477552761114,0.07929281060464033,2.3526907787450675
49.36,-9.35483870967742,5.483870967741936,-0.0,-0.0,106.94894725223719,-0.2277336061110602,0.0793181249750845,2.353067356910944
49.37,-9.35483870967742,5.483870967741936,-0.0,-0.0,106.96484062133914,-0.22771199074999782,0.07934339005933339,2.353439011879371
49.38,-9.35483870967742,5.483870967741936,-0.0,-0.0,106.98073393820017,-0.2276899560309784,0.07936859057715862,2.3538056974362958
49.39,-9.35483870967742,5.483870967741936,-0.0,-0.0,106.99662721061763,-0.22766752791580502,0.07939371197310918,2.354167372189073
49.4,-9.35483870967742,5.483870967741936,-0.0,-0.0,107.01252044619933,-0.22764473174476108,0.07941874039095753,2.3545239994106124
49.41,-9.35483870967742,5.483870967741936,-0.0,-0.0,107.02841365236266,-0.22762159224029632,0.0794436626490867,2.354875546886374
49.42,-9.35483870967742,5.483870967741936,-0.0,-0.0,107.04430683633393,-0.22759813351113745,0.07946846621677883,2.3552219867642052
49.43,-9.35483870967742,5.483870967741936,-0.0,-0.0,107.0602000051481,-0.22757437905679911,0.07949313919136175,2.3555632954069927
49.44,-9.35483870967742,5.483870967741936,-0.0,-0.0,37.96105478667329,-0.2275503517724612,0.07951767027618467,2.3558994532481865
49.45,-9.35483870967742,5.483870967741936,-0.0,-0.0,107.09198632448825,-0.22752607395419566,0.0795420487593812,2.3562304446501314
49.46,-9.35483870967742,5.483870967741936,-0.0,-0.0,107.10787948812833,-0.2275015673045092,0.07956626449339232,2.35655625776527
49.47,-9.35483870967742,5.483870967741936,-0.0,-0.0,107.12377266284076,-0.22747685293819253,0.07959030787520571,2.356876884400073
49.48,-9.35483870967742,5.483870967741936,-0.0,-0.0,107.13966585470828,-0.22745195138843932,0.07961416982729508,2.3571923198818503
49.49,-9.35483870967742,5.483870967741936,-0.0,-0.0,107.15555906962568,-0.22742688261321575,0.07963784177922839,2.357502562928399
49.5,-9.35483870967742,5.483870967741936,-0.0,-0.0,107.17145231330119,-0.2274016660018846,0.07966131564989332,2.357807615520215
49.51,-9.35483870967742,5.483870967741936,-0.0,-0.0,107.18734559125787,-0.2273763203820176,0.07968458383036048,2.3581074827757758
49.52,-9.35483870967742,5.483870967741936,-0.0,-0.0,107.20323890883532,-0.22735086402643412,0.07970763916730206,2.3584021728292375
49.53,-9.35483870967742,5.483870967741936,-0.0,-0.0,107.21913227119141,-0.2273253146603974,0.07973047494699614,2.3586916967111233
49.54,-9.35483870967742,5.483870967741936,-0.0,-0.0,107.23502568330426,-0.22729968946899337,0.07975308487984772,2.3589760682314935
49.55,-9.35483870967742,5.483870967741936,-0.0,-0.0,107.25091914997418,-0.22727400510464157,0.07977546308544431,2.3592553038659814
49.56,-9.35483870967742,5.483870967741936,-0.0,-0.0,38.15177429685045,-0.22724827769475386,0.07979760407809006,2.359529422644312
49.57,-9.35483870967742,5.483870967741936,-0.0,-0.0,107.28270626531081,-0.22722252284950806,0.07981950275282124,2.359798446041511
49.58,-9.35483870967742,5.483870967741936,-0.0,-0.0,107.29859992270924,-0.22719675566971909,0.07984115437188521,2.3600623978717885
49.59,-9.35483870967742,5.483870967741936,-0.0,-0.0,107.31449365213301,-0.2271709907548215,0.07986255455163938,2.3603213041848026
49.6,-9.35483870967742,5.483870967741936,-0.0,-0.0,107.33038745752783,-0.2271452422109156,0.07988369924988975,2.3605751931646566
49.61,-9.35483870967742,5.483870967741936,-0.0,-0.0,107.34628134267592,-0.22711952365888832,0.07990458475362605,2.3608240950313344
49.62,-9.35483870967742,5.483870967741936,-0.0,-0.0,107.36217531119865,-0.22709384824260492,0.07992520766713773,2.361068041944508
49.63,-9.35483870967742,5.483870967741936,-0.0,-0.0,107.3780693665592,-0.22706822863712461,0.07994556490052446,2.3613070679100336
49.64,-9.35483870967742,5.483870967741936,-0.0,-0.0,107.39396351206534,-0.2270426770569821,0.07996565365854086,2.3615412086885703
49.65,-9.35483870967742,5.483870967741936,-0.0,-0.0,107.40985775087215,-0.22701720526447133,0.07998547142981599,2.361770501706892
49.66,-9.35483870967742,5.483870967741936,-0.0,-0.0,107.4257520859849,-0.22699182457797418,0.0800050159763786,2.361994985971246
49.67,-9.35483870967742,5.483870967741936,-0.0,-0.0,107.44164652026186,-0.22696654588028065,0.08002428532352729,2.362214701983281
49.68,-9.35483870967742,5.483870967741936,-0.0,-0.0,107.45754105641714,-0.22694137962692085,0.08004327775000114,2.362429691658153
49.69,-9.35483870967742,5.483870967741936,-0.0,-0.0,107.47343569702365,-0.2269163358544981,0.08006199177844436,2.3626399982448256
49.7,-9.35483870967742,5.483870967741936,-0.0,-0.0,107.48933044451593,-0.226891424189003,0.08008042616616867,2.362845666248686
49.71,-9.35483870967742,5.483870967741936,-0.0,-0.0,107.50522530119311,-0.22686665385410898,0.08009857989619329,2.363046741356335
49.72,-9.35483870967742,5.483870967741936,-0.0,-0.0,107.52112026922181,-0.22684203367945388,0.0801164521685458,2.3632432703624233
49.73,-9.35483870967742,5.483870967741936,-0.0,-0.0,107.53701535063908,-0.22681757210887887,0.08013404239183336,2.363435301098731
49.74,-9.35483870967742,5.483870967741936,-0.0,-0.0,107.55291054735531,-0.2267932772086404,0.08015135017505681,2.3636228823652123
49.75,-9.35483870967742,5.483870967741936,-0.0,-0.0,107.56880586115716,-0.22676915667557662,0.08016837531967325,2.363806063863156
49.76,-9.35483870967742,5.483870967741936,-0.0,-0.0,107.58470129371045,-0.2267452178452275,0.08018511781189164,2.3639848961303263
49.77,-9.35483870967742,5.483870967741936,-0.0,-0.0,107.60059684656312,-0.22672146769990997,0.0802015778151911,2.364159430478014
49.78,-9.35483870967742,5.483870967741936,-0.0,-0.0,107.61649252114806,-0.22669791287672647,0.08021775566307032,2.3643297189301498
49.79,-9.35483870967742,5.483870967741936,-0.0,-0.0,107.63238831878601,-0.22667455967552452,0.08023365185199888,2.3644958141641927
49.8,-9.35483870967742,5.483870967741936,-0.0,-0.0,107.64828424068841,-0.2266514140667859,0.08024926703458268,2.364657769453956
49.81,-9.35483870967742,5.483870967741936,-0.0,-0.0,107.66418028796028,-0.2266284816994596,0.08026460201291918,2.36481563861415
49.82,-9.35483870967742,5.483870967741936,-0.0,-0.0,107.68007646160295,-0.2266057679087018,0.08027965773216811,2.3649694759469484
49.83,-9.35483870967742,5.483870967741936,-0.0,-0.0,107.69597276251696,-0.22658327772357223,0.08029443527428082,2.365119336189991
49.84,-9.35483870967742,5.483870967741936,-0.0,-0.0,107.71186919150476,-0.22656101587462918,0.08030893585193821,2.365265274466379
49.85,-9.35483870967742,5.483870967741936,-0.0,-0.0,107.72776574927346,-0.22653898680145412,0.0803231608026555,2.3654073462362493
49.86,-9.35483870967742,5.483870967741936,-0.0,-0.0,107.74366243643755,-0.22651719466009979,0.08033711158305512,2.365545607249949
49.87,-9.35483870967742,5.483870967741936,-0.0,-0.0,107.7595592535216,-0.22649564333044803,0.08035078976331239,2.365680113502891
49.88,-9.35483870967742,5.483870967741936,-0.0,-0.0,107.77545620096289,-0.2264743364234757,0.08036419702176939,2.365810921192047
49.89,-9.35483870967742,5.483870967741936,-0.0,-0.0,107.79135327911403,-0.2264532772884471,0.08037733513969281,2.365938086673836
49.9,-9.35483870967742,5.483870967741936,-0.0,-0.0,107.80725048824557,-0.22643246902000402,0.08039020599619667,2.3660616664236502
49.91,-9.35483870967742,5.483870967741936,-0.0,-0.0,107.82314782854851,-0.22641191446516562,0.0804028115633133,2.3661817169968495
49.92,-9.35483870967742,5.483870967741936,-0.0,-0.0,107.83904530013689,-0.22639161623024306,0.08041515390120252,2.3662982949911155
49.93,-9.35483870967742,5.483870967741936,-0.0,-0.0,107.85494290305019,-0.22637157668764607,0.08042723515351441,2.366411457010365
49.94,-9.35483870967742,5.483870967741936,-0.0,-0.0,107.87084063725582,-0.2263517979826053,0.08043905754287917,2.3665212596299185
49.95,-9.35483870967742,5.483870967741936,-0.0,-0.0,107.88673850265155,-0.22633228203979305,0.08045062336653619,2.366627759363073
49.96,-9.35483870967742,5.483870967741936,-0.0,-0.0,107.90263649906781,-0.2263130305698431,0.08046193499209575,2.366731012629026
49.97,-9.35483870967742,5.483870967741936,-0.0,-0.0,107.91853462627009,-0.22629404507578044,0.08047299485342019,2.366831075721982
49.98,-9.35483870967742,5.483870967741936,-0.0,-0.0,107.9344328839612,-0.2262753268593397,0.08048380544664124,2.3669280047816663
49.99,-9.35483870967742,5.483870967741936,-0.0,-0.0,107.95033127178353,-0.22625687702719388,0.08049436932628717,2.367021855764931
50.0,-9.35483870967742,5.483870967741936,-0.0,-0.0,38.85119141034584,-0.22623869649707717,0.08050468910153397,2.367112684418626
50.01,-9.35483870967742,6.129032258064516,-0.0,-0.0,107.9821641987582,-0.22585402964109658,0.13394011332110006,2.363289897161885
50.02,-9.35483870967742,6.129032258064516,-0.0,-0.0,107.99813297874793,-0.2255022220846633,0.13220906537657684,2.35954121770089
50.03,-9.35483870967742,6.129032258064516,-0.0,-0.0,108.01413466314786,-0.22518160075786575,0.13053567944535394,2.355867910113476
50.04,-9.35483870967742,6.129032258064516,-0.0,-0.0,108.03016783931696,-0.22489055672389335,0.12891832226708805,2.3522710960450373
50.05,-9.35483870967742,6.129032258064516,-0.0,-0.0,108.0462311464564,-0.22462754330907464,0.1273553988791168,2.3487517595496956
50.06,-9.35483870967742,6.129032258064516,-0.0,-0.0,108.06232327399226,-0.22439107425633142,0.125845351909334,2.3453107519404286
50.07,-9.35483870967742,6.129032258064516,-0.0,-0.0,108.07844295999976,-0.2241797219048196,0.12438666087918271,2.341948796636325
50.08,-9.35483870967742,6.129032258064516,-0.0,-0.0,108.09458898966847,-0.2239921153981247,0.12297784151751417,2.338666493995743
50.09,-9.35483870967742,6.129032258064516,-0.0,-0.0,108.11076019380758,-0.22382693892300332,0.12161744508581018,2.335464326124836
50.1,-9.35483870967742,6.129032258064516,-0.0,-0.0,108.1269554473908,-0.2236829299803419,0.12030405771504565,2.3323426616514404
50.11,-9.35483870967742,6.129032258064516,-0.0,-0.0,108.14317366813988,-0.2235588776896804,0.11903629975431801,2.3293017604553143
50.12,-9.35483870967742,6.129032258064516,-0.0,-0.0,108.15941381514614,-0.2234536211284034,0.117812825131201,2.326341778346131
50.13,-9.35483870967742,6.129032258064516,-0.0,-0.0,39.060636508553664,-0.2233660477064594,0.11663232072366764,2.3234627716813643
50.14,-9.35483870967742,6.129032258064516,-0.0,-0.0,108.19195592313172,-0.22329509157726668,0.11549350574332279,2.3206647019167814
50.15,-9.35483870967742,6.129032258064516,-0.0,-0.0,108.20825599725092,-0.22323973208525072,0.1143951311296375,2.31794744008316
50.16,-9.35483870967742,6.129032258064516,-0.0,-0.0,39.10953584242784,-0.22319899225032613,0.11333597895478464,2.31531077118312
50.17,-9.35483870967742,6.129032258064516,-0.0,-0.0,39.12587136314914,-0.22317193728947138,0.1123148618386608,2.312754398502808
50.18,-9.35483870967742,6.129032258064516,-0.0,-0.0,108.25726173980263,-0.22315767317542512,0.11133062237363578,2.310277947833605
50.19,-9.35483870967742,6.129032258064516,-0.0,-0.0,108.27362942754269,-0.22315534523241187,0.11038213255857426,2.3078809715997495
50.2,-9.35483870967742,6.129032258064516,-0.0,-0.0,108.2900120500646,-0.2231641367687094,0.10946829324166185,2.30556295288825
50.21,-9.35483870967742,6.129032258064516,-0.0,-0.0,108.30640888263096,-0.22318326774579755,0.10858803357156355,2.303323309377861
50.22,-9.35483870967742,6.129032258064516,-0.0,-0.0,108.32281923000552,-0.22321199348373566,0.1077403104564782,2.3011613971646203
50.23,-9.35483870967742,6.129032258064516,-0.0,-0.0,108.33924242544126,-0.22324960340236488,0.1069241080306535,2.299076514481774
50.24,-9.35483870967742,6.129032258064516,-0.0,-0.0,108.35567782969724,-0.22329541979787026,0.10613843712796428,2.297067905312451
50.25,-9.35483870967742,6.129032258064516,-0.0,-0.0,108.37212483008375,-0.22334879665419682,0.1053823347621749,2.295134762893839
50.26,-9.35483870967742,6.129032258064516,-0.0,-0.0,108.38858283953485,-0.2234091184887742,0.10465486361354598,2.2932762331120493
50.27,-9.35483870967742,6.129032258064516,-0.0,-0.0,108.40505129570788,-0.2234757992319628,0.10395511152147724,2.2914914177872814
50.28,-9.35483870967742,6.129032258064516,-0.0,-0.0,108.42152966010913,-0.22354828113962344,0.1032821909829067,2.2897793778491735
50.29,-9.35483870967742,6.129032258064516,-0.0,-0.0,108.43801741724518,-0.2236260337381798,0.10263523865622404,2.2881391364026222
50.3,-9.35483870967742,6.129032258064516,-0.0,-0.0,108.45451407379909,-0.2237085528015108,0.10201341487050358,2.2865696816848335
50.31,-9.35483870967742,6.129032258064516,-0.0,-0.0,108.4710191578311,-0.22379535935904038,0.10141590313985122,2.285069969914179
50.32,-9.35483870967742,6.129032258064516,-0.0,-0.0,108.48753221800307,-0.22388599873433312,0.10084190968273482,2.2836389280322207
50.33,-9.35483870967742,6.129032258064516,-0.0,-0.0,108.50405282282615,-0.2239800396135091,0.10029066294618244,2.2822754563403365
50.34,-9.35483870967742,6.129032258064516,-0.0,-0.0,108.52058055993112,-0.22407707314281922,0.09976141313472398,2.2809784310322523
50.35,-9.35483870967742,6.129032258064516,-0.0,-0.0,108.53711503536083,-0.2241767120546705,0.09925343174402346,2.2797467066244703
50.36,-9.35483870967742,6.129032258064516,-0.0,-0.0,108.55365587288424,-0.2242785898214178,0.09876601109914235,2.278579118286473
50.37,-9.35483870967742,6.129032258064516,-0.0,-0.0,108.57020271333151,-0.224382359836247,0.09829846389738123,2.277474484072578
50.38,-9.35483870967742,6.129032258064516,-0.0,-0.0,108.5867552139497,-0.22448769462045481,0.09785012275569521,2.2764316070577326
50.39,-9.35483870967742,6.129032258064516,-0.0,-0.0,108.6033130477784,-0.22459428505644452,0.09742033976267173,2.275449277379471
50.4,-9.35483870967742,6.129032258064516,-0.0,-0.0,108.61987590304503,-0.2247018396457816,0.0970084860350704,2.2745262741881733
50.41,-9.35483870967742,6.129032258064516,-0.0,-0.0,108.63644348257915,-0.22481008379162948,0.09661395127895711,2.2736613675081054
50.42,-9.35483870967742,6.129032258064516,-0.0,-0.0,108.65301550324546,-0.22491875910492376,0.09623614335545505,2.2728533200114955
50.43,-9.35483870967742,6.129032258064516,-0.0,-0.0,39.55455331641941,-0.22502762273363686,0.09587448785116515,2.2721008887080534
50.44,-9.35483870967742,6.129032258064516,-0.0,-0.0,108.68617180233332,-0.22513644671449562,0.09552842765331837,2.2714028265524213
50.45,-9.35483870967742,6.129032258064516,-0.0,-0.0,108.70275557980794,-0.22524501734654867,0.09519742252971669,2.2707578839717546
50.46,-9.35483870967742,6.129032258064516,-0.0,-0.0,108.7193427955099,-0.2253531345859605,0.0948809487135569,2.2701648103160066
50.47,-9.35483870967742,6.129032258064516,-0.0,-0.0,108.7359332285938,-0.22546061146144925,0.09457849849322986,2.26962235523324
50.48,-9.35483870967742,6.129032258064516,-0.0,-0.0,108.75252666921297,-0.22556727350978678,0.09428957980719221,2.269129269972324
50.49,-9.35483870967742,6.129032258064516,-0.0,-0.0,108.76912291807047,-0.22567295823079436,0.09401371584403329,2.2686843086154296
50.5,-9.35483870967742,6.129032258064516,-0.0,-0.0,108.78572178598515,-0.22577751456128825,0.09375044464785015,2.268286229242613
50.51,-9.35483870967742,6.129032258064516,-0.0,-0.0,108.80232309347264,-0.22588080236743058,0.09349931872907069,2.267933795030903
50.52,-9.35483870967742,6.129032258064516,-0.0,-0.0,108.81892667034067,-0.22598269195496334,0.09325990468085232,2.2676257752901727
50.53,-9.35483870967742,6.129032258064516,-0.0,-0.0,108.83553235529844,-0.22608306359681363,0.09303178280120372,2.267360946438141
50.54,-9.35483870967742,6.129032258064516,-0.0,-0.0,108.85213999557963,-0.2261818070775784,0.0928145467209539,2.2671380929166527
50.55,-9.35483870967742,6.129032258064516,-0.0,-0.0,108.86874944657875,-0.2262788212543868,0.09260780303773158,2.266956008051706
50.56,-9.35483870967742,6.129032258064516,-0.0,-0.0,108.88536057150034,-0.22637401363368304,0.0924111709560681,2.2668134948592074
50.57,-9.35483870967742,6.129032258064516,-0.0,-0.0,108.90197324102083,-0.22646729996344395,0.09222428193378118,2.266709366798912
50.58,-9.35483870967742,6.129032258064516,-0.0,-0.0,108.91858733296247,-0.22655860384039872,0.09204677933474165,2.2666424484784424
50.59,-9.35483870967742,6.129032258064516,0.0,-0.0,108.93520273197929,-0.2266478563317893,0.09187831808816083,2.2666115763097037
50.6,-9.35483870967742,6.129032258064516,0.0,-0.0,39.83678095027897,-0.2267349956112511,0.09171856435448839,2.266615599119602
50.61,-9.35483870967742,6.129032258064516,0.0,-0.0,108.96843702220875,-0.22681996660837467,0.09156719519803208,2.266653378717235
50.62,-9.35483870967742,6.129032258064516,0.0,-0.0,108.98505571422031,-0.22690272067154404,0.09142389826636765,2.266723790419373
50.63,-9.35483870967742,6.129032258064516,0.0,-0.0,109.00167531435427,-0.22698321524363574,0.09128837147661811,2.26682572353624
50.64,-9.35483870967742,6.129032258064516,0.0,-0.0,109.01829573710312,-0.22706141355018505,0.09116032270864671,2.266958081819348
50.65,-9.35483870967742,6.129032258064516,0.0,-0.0,109.03491690213667,-0.2271372842996212,0.09103946950521175,2.267119783873242
50.66,-9.35483870967742,6.129032258064516,0.0,-0.0,109.05153873406182,-0.2272108013952019,0.09092553877909232,2.267309763532722
50.67,-9.35483870967742,6.129032258064516,0.0,-0.0,109.06816116219142,-0.22728194365825272,0.09081826652721392,2.2675269702073835
50.68,-9.35483870967742,6.129032258064516,0.0,-0.0,109.08478412032218,-0.22735069456236212,0.09071739755174846,2.2677703691948534
50.69,-9.35483870967742,6.129032258064516,0.0,-0.0,109.1014075465214,-0.2274170419781718,0.09062268518817218,2.2680389419642313
50.7,-9.35483870967742,6.129032258064516,0.0,-0.0,109.1180313829219,-0.22748097792839728,0.09053389104026005,2.2683316864113308
50.71,-9.35483870967742,6.129032258064516,0.0,-0.0,109.13465557552527,-0.2275424983527582,0.09045078472194834,2.268647617086811
50.72,-9.35483870967742,6.129032258064516,0.0,-0.0,109.1512800740129,-0.22760160288246578,0.09037314360602638,2.268985765398721
50.73,-9.35483870967742,6.129032258064516,0.0,-0.0,109.16790483156464,-0.2276582946239588,0.09030075257957015,2.269345179790455
50.74,-9.35483870967742,6.129032258064516,0.0,-0.0,109.18452980468479,-0.22771257995155458,0.09023340380605521,2.2697249258954826
50.75,-9.35483870967742,6.129032258064516,0.0,-0.0,109.20115495303521,-0.22776446830872343,0.09017089649404203,2.2701240866697185
50.76,-9.35483870967742,6.129032258064516,0.0,-0.0,109.21778023927529,-0.22781397201766673,0.0901130366723581,2.2705417625028157
50.77,-9.35483870967742,6.129032258064516,0.0,-0.0,109.23440562890846,-0.22786110609693377,0.09005963697164843,2.2709770713090296
50.78,-9.35483870967742,6.129032258064516,0.0,-0.0,109.25103109013519,-0.22790588808675827,0.09001051641221697,2.2714291485989926
50.79,-9.35483870967742,6.129032258064516,0.0,-0.0,109.26765659371206,-0.2279483378818835,0.08996550019800653,2.27189714753276
50.8,-9.35483870967742,6.129032258064516,0.0,-0.0,109.28428211281685,-0.2279884775715615,0.08992441951664226,2.2723802389555106
50.81,-9.35483870967742,6.129032258064516,0.0,-0.0,109.30090762291928,-0.2280263312865085,0.0898871113453803,2.272877611416218
50.82,-9.35483870967742,6.129032258064516,0.0,-0.0,109.31753310165729,-0.22806192505253875,0.08985341826286353,2.2733884711703487
50.83,-9.35483870967742,6.129032258064516,0.0,-0.0,109.3341585287187,-0.22809528665065493,0.08982318826653946,2.273912042167063
50.84,-9.35483870967742,6.129032258064516,0.0,-0.0,109.35078388572794,-0.2281264454833346,0.089796274595637,2.274447566021891
50.85,-9.35483870967742,6.129032258064516,0.0,-0.0,109.36740915613771,-0.22815543244681613,0.08977253555954634,2.274994301975179
50.86,-9.35483870967742,6.129032258064516,0.0,-0.0,109.38403432512547,-0.22818227980913341,0.08975183437150347,2.2755515268372863
50.87,-9.35483870967742,6.129032258064516,0.0,-0.0,109.4006593794944,-0.22820702109371327,0.0897340389874261,2.2761185349208315
50.88,-9.35483870967742,6.129032258064516,0.0,-0.0,109.4172843075789,-0.2282296909683138,0.08971902194978826,2.2766946379607322
50.89,-9.35483870967742,6.129032258064516,0.0,-0.0,109.43390909915419,-0.22825032513910293,0.08970666023641083,2.2772791650226405
50.9,-9.35483870967742,6.129032258064516,0.0,-0.0,109.45053374535014,-0.22826896024970345,0.08969683511402393,2.277871462400095
50.91,-9.35483870967742,6.129032258064516,0.0,-0.0,109.46715823856891,-0.22828563378499755,0.08968943199649554,2.27847089350114
50.92,-9.35483870967742,6.129032258064516,0.0,-0.0,109.4837825724064,-0.2283003839795198,0.08968434030759875,2.2790768387248583
50.93,-9.35483870967742,6.129032258064516,0.0,-0.0,109.50040674157736,-0.22831324973027833,0.08968145334817967,2.279688695328119
50.94,-9.35483870967742,6.129032258064516,0.0,-0.0,109.51703074184398,-0.22832427051380655,0.08968066816763859,2.280305877283414
50.95,-9.35483870967742,6.129032258064516,0.0,-0.0,109.53365456994781,-0.22833348630732153,0.08968188543956546,2.280927815127763
50.96,-9.35483870967742,6.129032258064516,0.0,-0.0,109.55027822354491,-0.22834093751379214,0.08968500934145585,2.281553955803663
50.97,-9.35483870967742,6.129032258064516,0.0,-0.0,109.56690170114408,-0.22834666489080746,0.08968994743835174,2.2821837624920245
50.98,-9.35483870967742,6.129032258064516,0.0,-0.0,109.58352500204812,-0.2283507094830669,0.08969661057032202,2.282816714437893
50.99,-9.35483870967742,6.129032258064516,0.0,-0.0,109.6001481262979,-0.2283531125583672,0.08970491274366227,2.283452306769237
51.0,-9.35483870967742,6.129032258064516,0.0,-0.0,109.61677107461912,-0.22835391554694817,0.08971477102570236,2.284090050309222
51.01,-9.35483870967742,6.129032258064516,0.0,-0.0,109.6333938483718,-0.2283531599840617,0.08972610544311943,2.2847294713824087
51.02,-9.35483870967742,6.129032258064516,0.0,-0.0,109.65001644950215,-0.22835088745564558,0.08973883888364248,2.285370111615199
51.03,-9.35483870967742,6.129032258064516,0.0,-0.0,109.66663888049705,-0.22834713954697483,0.08975289700105343,2.286011527730988
51.04,-9.35483870967742,6.129032258064516,0.0,-0.0,109.68326114434063,-0.2283419577941611,0.08976820812338787,2.2866532913404805
51.05,-9.35483870967742,6.129032258064516,0.0,-0.0,109.69988324447324,-0.22833538363841355,0.08978470316421633,2.2872949887272807
51.06,-9.35483870967742,6.129032258064516,0.0,-0.0,109.71650518475244,-0.22832745838292423,0.08980231553692897,2.287936220629383
51.07,-9.35483870967742,6.129032258064516,0.0,-0.0,109.73312696941603,-0.22831822315228123,0.08982098107192427,2.288576602016837
51.08,-9.35483870967742,6.129032258064516,0.0,-0.0,109.74974860304718,-0.22830771885431844,0.08984063793659292,2.289215761865761
51.09,-9.35483870967742,6.129032258064516,0.0,-0.0,109.76637009054119,-0.22829598614427826,0.08986122655803352,2.289853342929373
51.1,-9.35483870967742,6.129032258064516,0.0,-0.0,109.78299143707417,-0.22828306539121224,0.08988268954838974,2.2904890015060766
51.11,-9.35483870967742,6.129032258064516,0.0,-0.0,109.7996126480735,-0.22826899664652867,0.08990497163271993,2.2911224072049308
51.12,-9.35483870967742,6.129032258064516,0.0,-0.0,109.81623372918976,-0.22825381961457225,0.08992801957934043,2.291753242709103
51.13,-9.35483870967742,6.129032258064516,0.0,-0.0,109.83285468627031,-0.22823757362518282,0.0899517821325303,2.292381203537234
51.14,-9.35483870967742,6.129032258064516,0.0,-0.0,109.84947552533438,-0.22822029760813,0.08997620994753303,2.2930059978032227
51.15,-9.35483870967742,6.129032258064516,0.0,-0.0,109.8660962525496,-0.22820203006934892,0.09000125552777344,2.2936273459746594
51.16,-9.35483870967742,6.129032258064516,0.0,-0.0,109.88271687420975,-0.22818280906889665,0.09002687316421931,2.2942449806302365
51.17,-9.35483870967742,6.129032258064516,0.0,-0.0,109.89933739671406,-0.22816267220056974,0.09005301887679484,2.2948586462161877
51.18,-9.35483870967742,6.129032258064516,0.0,-0.0,109.91595782654753,-0.22814165657308372,0.09007965035780441,2.2954680988023775
51.19,-9.35483870967742,6.129032258064516,0.0,-0.0,109.93257817026252,-0.22811979879277444,0.09010672691726718,2.296073105837918
51.2,-9.35483870967742,6.129032258064516,0.0,-0.0,109.94919843446154,-0.22809713494773987,0.09013420943010853,2.296673445906723
51.21,-9.35483870967742,6.129032258064516,0.0,-0.0,109.96581862578101,-0.2280737005933534,0.0901620602851479,2.297268908483304
51.22,-9.35483870967742,6.129032258064516,0.0,-0.0,109.98243875087613,-0.2280495307391005,0.09019024333580716,2.297859293688855
51.23,-9.35483870967742,6.129032258064516,0.0,-0.0,109.99905881640665,-0.22802465983666909,0.09021872385248342,2.2984444120479335
51.24,-9.35483870967742,6.129032258064516,0.0,-0.0,110.01567882902368,-0.2279991217692433,0.09024746847652476,2.299024084245897
51.25,-9.35483870967742,6.129032258064516,0.0,-0.0,110.03229879535736,-0.22797294984193595,0.0902764451757575,2.2995981408873774
51.26,-9.35483870967742,6.129032258064516,0.0,-0.0,110.04891872200528,-0.22794617677331486,0.0903056232014991,2.300166422255866
51.27,-9.35483870967742,6.129032258064516,0.0,-0.0,110.06553861552185,-0.22791883468797103,0.09033497304700794,2.3007287780746264
51.28,-9.35483870967742,6.129032258064516,0.0,-0.0,110.08215848240833,-0.22789095511007496,0.09036446640731688,2.3012850672691205
51.29,-9.35483870967742,6.129032258064516,0.0,-0.0,110.09877832910372,-0.22786256895787804,0.0903940761403999,2.301835157731084
51.3,-9.35483870967742,6.129032258064516,0.0,-0.0,110.11539816197616,-0.22783370653910584,0.09042377622962777,2.30237892608448
51.31,-9.35483870967742,6.129032258064516,0.0,-0.0,110.13201798731517,-0.22780439754721782,0.09045354174744874,2.3029162574532402
51.32,-9.35483870967742,6.129032258064516,0.0,-0.0,110.1486378113244,-0.2277746710584616,0.09048334882027675,2.3034470452313074
51.33,-9.35483870967742,6.129032258064516,0.0,-0.0,110.16525764011507,-0.2277445555297113,0.09051317459451758,2.3039711908547433
51.34,-9.35483870967742,6.129032258064516,0.0,-0.0,110.18187747969986,-0.22771407879703232,0.09054299720370168,2.3044886035762073
51.35,-9.35483870967742,6.129032258064516,0.0,-0.0,110.19849733598744,-0.227683268074937,0.09057279573668903,2.3049992002419497
51.36,-9.35483870967742,6.129032258064516,0.0,-0.0,110.21511721477746,-0.22765214995630767,0.09060255020688956,2.305502905071233
51.37,-9.35483870967742,6.129032258064516,0.0,-0.0,110.23173712175607,-0.22762075041293184,0.09063224152248262,2.3059996494385375
51.38,-9.35483870967742,6.129032258064516,0.0,-0.0,110.24835706249179,-0.22758909479663325,0.09066185145758365,2.3064893716584436
51.39,-9.35483870967742,6.129032258064516,0.0,-0.0,110.26497704243195,-0.22755720784096034,0.09069136262432831,2.306972016773343
51.4,-9.35483870967742,6.129032258064516,0.0,-0.0,110.28159706689944,-0.2275251136634011,0.09072075844584154,2.307447536344067
51.41,-9.35483870967742,6.129032258064516,0.0,-0.0,110.29821714108988,-0.2274928357680941,0.09075002313005842,2.307915888243496
51.42,-9.35483870967742,6.129032258064516,0.0,-0.0,110.31483727006918,-0.22746039704900822,0.09077914164436668,2.308377036453221
51.43,-9.35483870967742,6.129032258064516,0.0,-0.0,110.3314574587714,-0.22742781979356752,0.09080809969103787,2.308830950863275
51.44,-9.35483870967742,6.129032258064516,0.0,-0.0,110.34807771199695,-0.22739512568668474,0.09083688368342585,2.3092776070750847
51.45,-9.35483870967742,6.129032258064516,0.0,-0.0,110.36469803441115,-0.2273623358151935,0.09086548072289236,2.3097169862075257
51.46,-9.35483870967742,6.129032258064516,0.0,-0.0,110.38131843054299,-0.22732947067263887,0.09089387857644982,2.3101490747063327
51.47,-9.35483870967742,6.129032258064516,0.0,-0.0,110.39793890478423,-0.22729655016441297,0.09092206565508448,2.310573864156749
51.48,-9.35483870967742,6.129032258064516,0.0,-0.0,110.41455946138873,-0.22726359361321702,0.0909500309927338,2.310991351099433
51.49,-9.35483870967742,6.129032258064516,0.0,-0.0,110.43118010447203,-0.22723061976480896,0.09097776422591147,2.311401536849866
51.5,-9.35483870967742,6.129032258064516,0.0,-0.0,41.33276245903571,-0.2271976467940494,0.09100525557392858,2.311804427320889
51.51,-9.35483870967742,6.129032258064516,0.0,-0.0,110.46442166584463,-0.2271646923111852,0.09103249581972772,2.312200032848901
51.52,-9.35483870967742,6.129032258064516,0.0,-0.0,110.48104259167266,-0.22713177336839319,0.09105947629126726,2.312588368023185
51.53,-9.35483870967742,6.129032258064516,0.0,-0.0,110.49766361905762,-0.22709890646653141,0.09108618884347469,2.312969451518849
51.54,-9.35483870967742,6.129032258064516,0.0,-0.0,110.51428475142455,-0.227066107562105,0.09111262584072083,2.3133433059330435
51.55,-9.35483870967742,6.129032258064516,0.0,-0.0,110.53090599206192,-0.22703339207441153,0.09113878013982007,2.3137099576247278
51.56,-9.35483870967742,6.129032258064516,0.0,-0.0,41.432488965147066,-0.2270007748928743,0.09116464507350963,2.3140694365576233
51.57,-9.35483870967742,6.129032258064516,0.0,-0.0,41.44911043164904,-0.22696827038451384,0.09119021443443154,2.3144217761468506
51.58,-9.35483870967742,6.129032258064516,0.0,-0.0,41.46573201547705,-0.2269358924015784,0.0912154824595609,2.314767013108742
51.59,-9.35483870967742,6.129032258064516,0.0,-0.0,110.59739209835901,-0.2269036542892957,0.09124044381509266,2.315105187314155
51.6,-9.35483870967742,6.129032258064516,0.0,-0.0,110.61401392496566,-0.2268715688937436,0.09126509358175905,2.3154363416451043
51.61,-9.35483870967742,6.129032258064516,0.0,-0.0,110.63063587676481,-0.22683964856982375,0.09128942724056616,2.3157605218547577
51.62,-9.35483870967742,6.129032258064516,0.0,-0.0,41.532219577145646,-0.22680790518932337,0.09131344065894231,2.316077776430802
51.63,-9.35483870967742,6.129032258064516,0.0,-0.0,110.66388016527311,-0.2267763501490624,0.09133713007727257,2.3163881564620485
51.64,-9.35483870967742,6.129032258064516,0.0,-0.0,110.68050250633522,-0.22674499437910656,0.09136049209581715,2.316691715508349
51.65,-9.35483870967742,6.129032258064516,0.0,-0.0,110.69712498129934,-0.22671384835103692,0.0913835236620002,2.31698850947379
51.66,-9.35483870967742,6.129032258064516,0.0,-0.0,110.71374759203687,-0.22668292208626573,0.09140622205805726,2.3172785964831366
51.67,-9.35483870967742,6.129032258064516,0.0,-0.0,110.73037034030065,-0.2266522251644012,0.09142858488901973,2.3175620367613345
51.68,-9.35483870967742,6.129032258064516,0.0,-0.0,110.74699322772699,-0.2266217667316267,0.09145061007104871,2.317838892516372
51.69,-9.35483870967742,6.129032258064516,0.0,-0.0,110.7636162558377,-0.22659155550911236,0.09147229582008165,2.318109227825098
51.7,-9.35483870967742,6.129032258064516,0.0,-0.0,110.78023942604227,-0.22656159980143387,0.09149364064080223,2.318373108522217
51.71,-9.35483870967742,6.129032258064516,0.0,-0.0,110.79686273963992,-0.22653190750499197,0.09151464331591763,2.3186306020923664
51.72,-9.35483870967742,6.129032258064516,0.0,-0.0,110.81348619782187,-0.22650248611644175,0.09153530289572215,2.318881777565058
51.73,-9.35483870967742,6.129032258064516,0.0,-0.0,110.83010980167352,-0.22647334274109399,0.09155561868796502,2.3191267054128026
51.74,-9.35483870967742,6.129032258064516,0.0,-0.0,110.84673355217664,-0.22644448410131424,0.09157559024798517,2.3193654574519864
51.75,-9.35483870967742,6.129032258064516,0.0,-0.0,110.86335745021171,-0.22641591654488913,0.09159521736912701,2.319598106746757
51.76,-9.35483870967742,6.129032258064516,0.0,-0.0,110.87998149656009,-0.22638764605336992,0.09161450007341393,2.3198247275156674
51.77,-9.35483870967742,6.129032258064516,0.0,-0.0,110.89660569190639,-0.22635967825037506,0.09163343860248407,2.3200453950411917
51.78,-9.35483870967742,6.129032258064516,0.0,-0.0,41.79819165786527,-0.22633201840985695,0.0916520334087716,2.320260185581937
51.79,-9.35483870967742,6.129032258064516,0.0,-0.0,41.81481615288552,-0.22630467146431477,0.09167028514693876,2.320469176287678
51.8,-9.35483870967742,6.129032258064516,0.0,-0.0,110.94647917737517,-0.22627764201297007,0.09168819466553113,2.3206724451168737
51.81,-9.35483870967742,6.129032258064516,0.0,-0.0,41.84806559472826,-0.22625093432986976,0.09170576299887889,2.3208700707570267
51.82,-9.35483870967742,6.129032258064516,0.0,-0.0,110.97972892108172,-0.2262245523719465,0.09172299135920609,2.321062132547404
51.83,-9.35483870967742,6.129032258064516,0.0,-0.0,110.9963540196613,-0.22619849978700202,0.09173988112897102,2.321248710404452
51.84,-9.35483870967742,6.129032258064516,0.0,0.0,41.897940890538386,-0.22617277992162832,0.0917564338534122,2.321429884749617
51.85,-9.35483870967742,6.129032258064516,0.0,0.0,111.02960467063225,-0.22614739582905707,0.09177265123330308,2.3216057364396128
51.86,-9.35483870967742,6.129032258064516,0.0,0.0,111.0462302229333,-0.22612235027693828,0.09178853511790308,2.32177634669902
51.87,-9.35483870967742,6.129032258064516,0.0,0.0,41.94781754728435,-0.22609764575503177,0.09180408749811492,2.321941797055347
51.88,-9.35483870967742,6.129032258064516,0.0,0.0,111.07948178038284,-0.22607328448282482,0.09181931049982683,2.3221021692762958
51.89,-9.35483870967742,6.129032258064516,0.0,0.0,111.09610778500402,-0.22604926841706807,0.09183420637743867,2.3222575453092498
51.9,-9.35483870967742,6.129032258064516,0.0,0.0,111.11273393975769,-0.22602559925921906,0.09184877750757647,2.322408007223038
51.91,-9.35483870967742,6.129032258064516,0.0,0.0,111.12936024421302,-0.22600227846279952,0.09186302638298338,2.322553637151834
51.92,-9.35483870967742,6.129032258064516,0.0,0.0,111.14598669787624,-0.2259793072406674,0.09187695560657722,2.322694517241077
51.93,-9.35483870967742,6.129032258064516,0.0,0.0,111.16261330019276,-0.2259566865721898,0.09189056788568384,2.3228307295955446
51.94,-9.35483870967742,6.129032258064516,0.0,0.0,111.17924005054923,-0.2259344172103206,0.09190386602643713,2.322962356229457
51.95,-9.35483870967742,6.129032258064516,0.0,0.0,111.19586694827565,-0.22591249968859162,0.09191685292832835,2.3230894790183987
51.96,-9.35483870967742,6.129032258064516,0.0,0.0,111.21249399264747,-0.22589093432799656,0.09192953157892514,2.3232121796533236
51.97,-9.35483870967742,6.129032258064516,0.0,0.0,111.2291211828875,-0.2258697212437747,0.09194190504874211,2.323330539596417
51.98,-9.35483870967742,6.129032258064516,0.0,0.0,111.24574851816803,-0.2258488603521096,0.09195397648624892,2.3234446400386206
51.99,-9.35483870967742,6.129032258064516,0.0,0.0,42.14733761863729,-0.22582835137670487,0.09196574911304306,2.3235545618591984
52.0,-9.35483870967742,6.129032258064516,0.0,0.0,42.16396524132316,-0.22580819385527362,0.09197722621915361,2.3236603855868787
52.01,-9.35483870967742,6.774193548387096,0.0,0.0,111.29566444543994,-0.22544125739985454,0.1455579003262924,2.3191342284257654
52.02,-9.35483870967742,6.774193548387096,0.0,0.0,111.31235714212805,-0.2251033845884175,0.14396435740256958,2.314694641501286
52.03,-9.35483870967742,6.774193548387096,0.0,0.0,111.32908042609506,-0.22479312848635324,0.14242102440327598,2.3103428054938453
52.04,-9.35483870967742,6.774193548387096,0.0,0.0,111.34583305829429,-0.22450909600192814,0.1409265540148848,2.3060797756138443
52.05,-9.35483870967742,6.774193548387096,0.0,0.0,111.36261384351748,-0.22424994636227236,0.13947963040291622,2.3019064853141273
52.06,-9.35483870967742,6.774193548387096,0.0,0.0,111.37942162904808,-0.22401438961016862,0.13807896852559454,2.297823750017039
52.07,-9.35483870967742,6.774193548387096,0.0,0.0,111.3962553033501,-0.22380118512334224,0.1367233134649526,2.2938322708468024
52.08,-9.35483870967742,6.774193548387096,0.0,0.0,111.41311379479164,-0.22360914015765976,0.13541143977533632,2.2899326383590797
52.09,-9.35483870967742,6.774193548387096,0.0,0.0,42.314957691427175,-0.22343710841547637,0.13414215084907766,2.2861253362593135
52.1,-9.35483870967742,6.774193548387096,0.0,0.0,111.44690113466585,-0.22328398864011267,0.13291427829906471,2.282410745102707
52.11,-9.35483870967742,6.774193548387096,0.0,0.0,111.46382802834069,-0.22314872323730317,0.13172668135780713,2.278789145968607
52.12,-9.35483870967742,6.774193548387096,0.0,0.0,42.365737448343346,-0.22303029692428578,0.13057824629254355,2.2752607241027567
52.13,-9.35483870967742,6.774193548387096,0.0,0.0,111.497743641511,-0.2229277354070235,0.12946788583591068,2.271825572521741
52.14,-9.35483870967742,6.774193548387096,0.0,0.0,111.51473061376467,-0.22284010408597388,0.12839453863160072,2.268483695573736
52.15,-9.35483870967742,6.774193548387096,0.0,0.0,111.53173591881097,-0.22276650679065024,0.12735716869446073,2.2652350124509044
52.16,-9.35483870967742,6.774193548387096,0.0,0.0,111.54875876224105,-0.22270608454314778,0.12635476488443098,2.262079360648771
52.17,-9.35483870967742,6.774193548387096,0.0,0.0,111.56579837951078,-0.22265801435070043,0.12538634039372293,2.259016499368582
52.18,-9.35483870967742,6.774193548387096,0.0,0.0,111.5828540349731,-0.22262150802725345,0.12445093224663939,2.2560461128591207
52.19,-9.35483870967742,6.774193548387096,0.0,0.0,111.59992502093736,-0.2225958110439562,0.12354760081143873,2.2531678136949127
52.2,-9.35483870967742,6.774193548387096,0.0,0.0,111.61701065675516,-0.22258020140843482,0.12267542932364373,2.250381145987973
52.21,-9.35483870967742,6.774193548387096,0.0,0.0,111.63411028793168,-0.22257398857261634,0.12183352342023496,2.247685588531047
52.22,-9.35483870967742,6.774193548387096,0.0,0.0,111.65122328526232,-0.22257651236886122,0.121021010684157,2.2450805578702173
52.23,-9.35483870967742,6.774193548387096,0.0,0.0,111.66834904399363,-0.22258714197408003,0.12023704019861503,2.2425654113056077
52.24,-9.35483870967742,6.774193548387096,0.0,0.0,111.68548698300812,-0.2226052749015036,0.11948078211064139,2.2401394498188503
52.25,-9.35483870967742,6.774193548387096,0.0,0.0,111.70263654403233,-0.22263033601972948,0.118751427203447,2.2378019209265245
52.26,-9.35483870967742,6.774193548387096,0.0,0.0,111.71979719086755,-0.22266177659863484,0.11804818647710391,2.23555202145909
52.27,-9.35483870967742,6.774193548387096,0.0,0.0,111.73696840864265,-0.22269907338173656,0.11737029073712096,2.2333889002649756
52.28,-9.35483870967742,6.774193548387096,0.0,0.0,111.75414970308844,-0.22274172768454648,0.11671699019051862,2.231311660839932
52.29,-9.35483870967742,6.774193548387096,0.0,0.0,111.77134059983304,-0.2227892645184577,0.11608755404902726,2.2293193638818694
52.3,-9.35483870967742,6.774193548387096,0.0,0.0,111.78854064371772,-0.22284123173969506,0.11548127013906168,2.227411029771595
52.31,-9.35483870967742,6.774193548387096,0.0,0.0,111.80574939813273,-0.22289719922282714,0.11489744451817058,2.2255856409802965
52.32,-9.35483870967742,6.774193548387096,0.0,0.0,111.82296644437257,-0.22295675805836768,0.11433540109765294,2.2238421444043537
52.33,-9.35483870967742,6.774193548387096,0.0,0.0,111.84019138101029,-0.22301951977394618,0.11379448127110414,2.2221794536287574
52.34,-9.35483870967742,6.774193548387096,0.0,0.0,111.8574238232902,-0.22308511557854716,0.11327404354865245,2.220596451120227
52.35,-9.35483870967742,6.774193548387096,0.0,0.0,111.87466340253879,-0.2231531956293331,0.11277346319666204,2.219091990351054
52.36,-9.35483870967742,6.774193548387096,0.0,0.0,111.89190976559303,-0.22322342832051445,0.1122921318827454,2.21766489785543
52.37,-9.35483870967742,6.774193548387096,0.0,0.0,111.90916257424601,-0.22329549959378192,0.11182945732590494,2.216313975219446
52.38,-9.35483870967742,6.774193548387096,0.0,0.0,111.9264215047092,-0.2233691122697934,0.11138486295166705,2.215038001006366
52.39,-9.35483870967742,6.774193548387096,0.0,0.0,111.94368624709101,-0.22344398540021349,0.11095778755209118,2.213835732618778
52.4,-9.35483870967742,6.774193548387096,0.0,0.0,111.96095650489134,-0.22351985363981186,0.11054768495054712,2.212705908099211
52.41,-9.35483870967742,6.774193548387096,0.0,0.0,111.97823199451149,-0.22359646663812116,0.11015402367118365,2.2116472478709883
52.42,-9.35483870967742,6.774193548387096,0.0,0.0,111.99551244477927,-0.2236735884501888,0.1097762866129986,2.2106584564207057
52.43,-9.35483870967742,6.774193548387096,0.0,0.0,112.01279759648877,-0.22375099696591505,0.10941397072848014,2.2097382239243926
52.44,-9.35483870967742,6.774193548387096,0.0,0.0,112.03008720195454,-0.22382848335753103,0.10906658670674829,2.208885227818633
52.45,-9.35483870967742,6.774193548387096,0.0,0.0,42.932342645604244,-0.2239058515447293,0.1087336586611875,2.208098134318625
52.46,-9.35483870967742,6.774193548387096,0.0,0.0,112.06467883843764,-0.22398291767700718,0.108414723821525,2.2073755998845113
52.47,-9.35483870967742,6.774193548387096,0.0,0.0,112.08198042786714,-0.22405950963275056,0.10810933223036479,2.206716272637882
52.48,-9.35483870967742,6.774193548387096,0.0,0.0,112.0992855870802,-0.22413546653463834,0.10781704644414569,2.206118793729691
52.49,-9.35483870967742,6.774193548387096,0.0,0.0,112.11659411978269,-0.22421063828091292,0.1075374412385457,2.205581798661375
52.5,-9.35483870967742,6.774193548387096,0.0,0.0,112.13390583880711,-0.22428488509210343,0.10727010331831943,2.205103918560438
52.51,-9.35483870967742,6.774193548387096,0.0,0.0,112.15122056575737,-0.22435807707277056,0.10701463103159736,2.20468378141213
52.52,-9.35483870967742,6.774193548387096,0.0,0.0,112.16853813066518,-0.22443009378787737,0.10677063408864129,2.204320013248353
52.53,-9.35483870967742,6.774193548387096,0.0,0.0,112.18585837165779,-0.224500823853373,0.10653773328508592,2.2040112392953017
52.54,-9.35483870967742,6.774193548387096,0.0,0.0,112.20318113463667,-0.22457016454059875,0.10631556022967992,2.2037560850810154
52.55,-9.35483870967742,6.774193548387096,0.0,0.0,112.22050627296703,-0.22463802139413602,0.1061037570765413,2.203553177504005
52.56,-9.35483870967742,6.774193548387096,0.0,0.0,112.23783364717768,-0.22470430786271123,0.10590197626195508,2.203401145864205
52.57,-9.35483870967742,6.774193548387096,0.0,0.0,112.25516312467111,-0.22476894494280253,0.10570988024571776,2.2032986228571327
52.58,-9.35483870967742,6.774193548387096,0.0,0.0,112.27249457944338,-0.22483186083456608,0.10552714125706658,2.2032442455326
52.59,-9.35483870967742,6.774193548387096,0.0,0.0,112.2898278918136,-0.2248929906097561,0.10535344104518501,2.20323665621855
52.6,-9.35483870967742,6.774193548387096,0.0,0.0,112.30716294816285,-0.22495227589127387,0.10518847063431697,2.203274503411245
52.61,-9.35483870967742,6.774193548387096,0.0,0.0,112.32449964068205,-0.22500966454402138,0.10503193008349015,2.2033564426324665
52.62,-9.35483870967742,6.774193548387096,0.0,0.0,112.34183786712863,-0.22506511037671906,0.10488352825086311,2.203481137254675
52.63,-9.35483870967742,6.774193548387096,0.0,0.0,112.3591775305919,-0.22511857285438386,0.10474298256268899,2.203647259294674
52.64,-9.35483870967742,6.774193548387096,0.0,0.0,112.37651853926651,-0.22517001682113424,0.10461001878691256,2.2038534901767215
52.65,-9.35483870967742,6.774193548387096,0.0,0.0,112.39386080623427,-0.2252194122330361,0.10448437081137696,2.2040985214654607
52.66,-9.35483870967742,6.774193548387096,0.0,0.0,112.41120424925346,-0.22526673390066565,0.1043657804266584,2.2043810555696304
52.67,-9.35483870967742,6.774193548387096,0.0,0.0,112.42854879055602,-0.22531196124113095,0.10425399711348271,2.204699806416634
52.68,-9.35483870967742,6.774193548387096,0.0,0.0,112.445894356652,-0.22535507803923038,0.10414877783474269,2.2050535000990075
52.69,-9.35483870967742,6.774193548387096,0.0,0.0,112.46324087814112,-0.22539607221749747,0.10404988683207395,2.2054408754929207
52.7,-9.35483870967742,6.774193548387096,0.0,0.0,43.365549910555906,-0.2254349356148555,0.10395709542696185,2.205860684849185
52.71,-9.35483870967742,6.774193548387096,0.0,0.0,112.4979365290642,-0.22547166377360273,0.1038701818263707,2.2063116943574395
52.72,-9.35483870967742,6.774193548387096,0.0,0.0,43.40024715957099,-0.2255062557344889,0.10378893093284308,2.2067926846836454
52.73,-9.35483870967742,6.774193548387096,0.0,0.0,112.53263526318821,-0.22553871383962532,0.10371313415903455,2.2073024514813286
52.74,-9.35483870967742,6.774193548387096,0.0,0.0,112.5499856514473,-0.22556904354298002,0.10364258924665026,2.207839805876988
52.75,-9.35483870967742,6.774193548387096,0.0,0.0,112.56733665487918,-0.22559725322821933,0.1035771000897368,2.2084035749300126
52.76,-9.35483870967742,6.774193548387096,0.0,0.0,112.58468822799296,-0.22562335403367428,0.1035164765622697,2.2089926020672404
52.77,-9.35483870967742,6.774193548387096,0.0,0.0,112.6020403281127,-0.2256473596841867,0.1034605343500033,2.2096057474927537
52.78,-9.35483870967742,6.774193548387096,0.0,0.0,112.61939291524428,-0.22566928632963623,0.10340909478650873,2.2102418885729076
52.79,-9.35483870967742,6.774193548387096,0.0,0.0,112.63674595194736,-0.22568915238991527,0.10336198469335978,2.2108999201971318
52.8,-9.35483870967742,6.774193548387096,0.0,0.0,112.65409940321237,-0.22570697840615117,0.10331903622439509,2.2115787551146675
52.81,-9.35483870967742,6.774193548387096,0.0,0.0,112.67145323634237,-0.22572278689797698,0.10328008671399813,2.2122773242475153
52.82,-9.35483870967742,6.774193548387096,0.0,0.0,112.68880742083964,-0.22573660222664194,0.10324497852933057,2.2129945769799746
52.83,-9.35483870967742,6.774193548387096,0.0,0.0,112.70616192829674,-0.22574845046377967,0.1032135589264519,2.213729481424984
52.84,-9.35483870967742,6.774193548387096,0.0,0.0,112.72351673229203,-0.22575835926564214,0.1031856799102584,2.214481024667617
52.85,-9.35483870967742,6.774193548387096,0.0,0.0,112.74087180828938,-0.22576635775262066,0.10316119809816815,2.2152482129859785
52.86,-9.35483870967742,6.774193548387096,0.0,0.0,112.75822713354201,-0.225772476393872,0.1031399745874878,2.2160300720499286
52.87,-9.35483870967742,6.774193548387096,0.0,0.0,112.77558268700021,-0.22577674689688887,0.10312187482638002,2.2168256470977985
52.88,-9.35483870967742,6.774193548387096,0.0,0.0,112.79293844922299,-0.22577920210183522,0.1031067684883708,2.217634003091625
52.89,-9.35483870967742,6.774193548387096,0.0,0.0,112.81029440229328,-0.22577987588049353,0.10309452935031205,2.218454224851108
52.9,-9.35483870967742,6.774193548387096,0.0,0.0,112.8276505297368,-0.22577880303966713,0.10308503517373152,2.2192854171667022
52.91,-9.35483870967742,6.774193548387096,0.0,0.0,112.84500681644425,-0.22577601922887836,0.1030781675894969,2.220126704892275
52.92,-9.35483870967742,6.774193548387096,0.0,0.0,112.86236324859694,-0.22577156085222505,0.10307381198571208,2.2209772330175834
52.93,-9.35483870967742,6.774193548387096,0.0,0.0,112.8797198135954,-0.2257654649842361,0.10307185739878816,2.2218361667212427
52.94,-9.35483870967742,6.774193548387096,0.0,0.0,112.89707649999133,-0.2257577692896091,0.10307219640758947,2.222702691404217
52.95,-9.35483870967742,6.774193548387096,0.0,0.0,43.79939491844679,-0.22574851194667034,0.10307472503061033,2.2235760127047155
52.96,-9.35483870967742,6.774193548387096,0.0,0.0,112.93179019654913,-0.225737731574448,0.10307934262607976,2.224455356494525
52.97,-9.35483870967742,6.774193548387096,0.0,0.0,112.94914718899686,-0.22572546716321473,0.10308595179494778,2.2253399688575937
52.98,-9.35483870967742,6.774193548387096,0.0,0.0,112.96650426729711,-0.2257117580083854,0.1030944582866608,2.2262291160511194
52.99,-9.35483870967742,6.774193548387096,0.0,0.0,112.98386142483399,-0.22569664364765207,0.10310477090766312,2.2271220844496855
53.0,-9.35483870967742,6.774193548387096,0.0,0.0,113.00121865579202,-0.22568016380123002,0.1031168014325562,2.2280181804730534
53.01,-9.35483870967742,6.774193548387096,0.0,0.0,113.0185759551065,-0.22566235831511383,0.10313046451783847,2.228916730497976
53.02,-9.35483870967742,6.774193548387096,0.0,0.0,113.03593331841616,-0.22564326710722804,0.10314567761816229,2.2298170807546702
53.03,-9.35483870967742,6.774193548387096,0.0,0.0,113.05329074201795,-0.22562293011637058,0.10316236090503345,2.230718597208392
53.04,-9.35483870967742,6.774193548387096,0.0,0.0,113.07064822282403,-0.2256013872538457,0.10318043718789344,2.2316206654267265
53.05,-9.35483870967742,6.774193548387096,0.0,0.0,113.08800575832065,-0.22557867835768097,0.1031998318375168,2.2325226904331883
53.06,-9.35483870967742,6.774193548387096,0.0,-0.0,43.9903249675536,-0.22555484314934782,0.10322047271164841,2.233424096547485
53.07,-9.35483870967742,6.774193548387096,0.0,-0.0,113.12272098596823,-0.22552992119287496,0.10324229008283486,2.234324327213283
53.08,-9.35483870967742,6.774193548387096,0.0,-0.0,113.14007867561948,-0.22550395185627792,0.10326521656837029,2.2352228448138147
53.09,-9.35483870967742,6.774193548387096,0.0,-0.0,113.15743641489263,-0.22547697427521074,0.10328918706230444,2.2361191304760104
53.1,-9.35483870967742,6.774193548387096,0.0,-0.0,113.17479420359399,-0.22544902731875827,0.10331413866945166,2.237012683863701
53.11,-9.35483870967742,6.774193548387096,0.0,-0.0,113.19215204189584,-0.22542014955728573,0.10334001064133891,2.237903022960447
53.12,-9.35483870967742,6.774193548387096,0.0,-0.0,113.20950993030746,-0.22539037923226946,0.10336674431403786,2.2387896838425685
53.13,-9.35483870967742,6.774193548387096,0.0,-0.0,113.22686786964763,-0.2253597542280259,0.10339428304782461,2.2396722204429795
53.14,-9.35483870967742,6.774193548387096,0.0,-0.0,113.24422586101853,-0.2253283120452758,0.10342257216860784,2.2405502043062895
53.15,-9.35483870967742,6.774193548387096,0.0,-0.0,113.26158390578095,-0.22529608977645676,0.10345155891108199,2.241423224335914
53.16,-9.35483870967742,6.774193548387096,0.0,-0.0,113.27894200553085,-0.2252631240827322,0.10348119236353615,2.2422908865334925
53.17,-9.35483870967742,6.774193548387096,0.0,-0.0,113.29630016207712,-0.22522945117261317,0.10351142341428726,2.243152813731442
53.18,-9.35483870967742,6.774193548387096,0.0,-0.0,113.3136583774205,-0.22519510678213883,0.10354220469967301,2.244008645318984
53.19,-9.35483870967742,6.774193548387096,0.0,-0.0,44.21597827475825,-0.22516012615655157,0.10357349055355902,2.244858036962221
53.2,-9.35483870967742,6.774193548387096,0.0,-0.0,113.34837499334259,-0.22512454403340054,0.1036052369583198,2.2457006603188687
53.21,-9.35483870967742,6.774193548387096,0.0,-0.0,113.36573339870837,-0.2250883946270188,0.10363740149724088,2.2465362027480853
53.22,-9.35483870967742,6.774193548387096,0.0,-0.0,113.38309187241082,-0.22505171161431803,0.10366994330829915,2.2473643670159142
53.23,-9.35483870967742,6.774193548387096,0.0,-0.0,44.28541203815697,-0.22501452812184397,0.10370282303927753,2.2481848709968264
53.24,-9.35483870967742,6.774193548387096,0.0,-0.0,113.41780903564351,-0.22497687671404176,0.10373600280417389,2.2489974473718597
53.25,-9.35483870967742,6.774193548387096,0.0,-0.0,113.43516773078818,-0.22493878938267198,0.10376944614086436,2.249801843323882
53.26,-9.35483870967742,6.774193548387096,0.0,-0.0,113.45252650547107,-0.22490029753734364,0.1038031179699721,2.25059782023025
53.27,-9.35483870967742,6.774193548387096,0.0,-0.0,113.46988536264497,-0.22486143199709674,0.10383698455491974,2.251385153353577
53.28,-9.35483870967742,6.774193548387096,0.0,-0.0,113.48724430529917,-0.22482222298300347,0.10387101346311012,2.2521636315307814
53.29,-9.35483870967742,6.774193548387096,0.0,-0.0,44.38956495747306,-0.22478270011173607,0.10390517352821282,2.2529330568609995
53.3,-9.35483870967742,6.774193548387096,0.0,-0.0,44.40692408014777,-0.22474289239006018,0.10393943481351148,2.2536932443926667
53.31,-9.35483870967742,6.774193548387096,0.0,-0.0,44.4242832973838,-0.22470282821020404,0.1039737685762922,2.2544440218103143
53.32,-9.35483870967742,6.774193548387096,0.0,-0.0,113.55668099118947,-0.22466253534608527,0.104008147233216,2.2551852291211203
53.33,-9.35483870967742,6.774193548387096,0.0,-0.0,44.459002027659785,-0.22462204095032368,0.10404254432667315,2.255916718342017
53.34,-9.35483870967742,6.774193548387096,0.0,-0.0,113.59139992569871,-0.22458137155203117,0.10407693449206518,2.256638353187336
53.35,-9.35483870967742,6.774193548387096,0.0,-0.0,113.60875955135562,-0.2245405530553265,0.10411129342599618,2.2573500087574834
53.36,-9.35483870967742,6.774193548387096,0.0,-0.0,113.62611928654863,-0.22449961073854874,0.10414559785533878,2.2580515712288802
53.37,-9.35483870967742,6.774193548387096,0.0,-0.0,113.64347913418112,-0.22445856925412033,0.1041798255071596,2.2587429375456605
53.38,-9.35483870967742,6.774193548387096,0.0,-0.0,44.54580071813607,-0.22441745262905177,0.10421395507945497,2.259424015113045
53.39,-9.35483870967742,6.774193548387096,0.0,-0.0,113.67819917814802,-0.2243762842660294,0.10424796621269583,2.2600947214930738
53.4,-9.35483870967742,6.774193548387096,0.0,-0.0,113.69555938004378,-0.2243350869450781,0.10428183946213698,2.260754984102602
53.41,-9.35483870967742,6.774193548387096,0.0,-0.0,113.71291970549251,-0.22429388282575546,0.10431555627087724,2.2614047399140063
53.42,-9.35483870967742,6.774193548387096,0.0,-0.0,113.73028015712447,-0.22425269344985221,0.10434909894364819,2.262043935158815
53.43,-9.35483870967742,6.774193548387096,0.0,-0.0,113.74764073750276,-0.22421153974457542,0.10438245062129947,2.2626725250343482
53.44,-9.35483870967742,6.774193548387096,0.0,-0.0,113.76500144912006,-0.22417044202618508,0.10441559525596927,2.263290473413681
53.45,-9.35483870967742,6.774193548387096,0.0,-0.0,113.78236229439563,-0.22412942000405878,0.1044485175869112,2.263897752559056
53.46,-9.35483870967742,6.774193548387096,0.0,-0.0,113.79972327567266,-0.22408849278516219,0.10448120311696157,2.264494342838915
53.47,-9.35483870967742,6.774193548387096,0.0,-0.0,113.81708439521593,-0.2240476788788922,0.10451363808963232,2.2650802324488404
53.48,-9.35483870967742,6.774193548387096,0.0,-0.0,113.83444565520968,-0.22400699620228925,0.10454580946679565,2.265655417136265
53.49,-9.35483870967742,6.774193548387096,0.0,-0.0,44.73676867878039,-0.22396646208557602,0.10457770490695822,2.2662198999293683
53.5,-9.35483870967742,6.774193548387096,0.0,-0.0,113.86916860487248,-0.22392609327801338,0.10460931274410085,2.2667736908701617
53.51,-9.35483870967742,6.774193548387096,0.0,-0.0,113.88653029849245,-0.223885905954052,0.1046406219670643,2.267316806751825
53.52,-9.35483870967742,6.774193548387096,0.0,-0.0,113.90389214046226,-0.22384591571975399,0.10467162219947262,2.267849270860534
53.53,-9.35483870967742,6.774193548387096,0.0,-0.0,113.92125413254132,-0.22380613761947898,0.10470230368016331,2.2683711127216153
53.54,-9.35483870967742,6.774193548387096,0.0,-0.0,113.93861627640112,-0.22376658614279443,0.1047326572441355,2.2688823678505203
53.55,-9.35483870967742,6.774193548387096,0.0,-0.0,113.95597857362479,-0.22372727523161873,0.10476267430397046,2.269383077508197
53.56,-9.35483870967742,6.774193548387096,0.0,-0.0,113.97334102570682,-0.2236882182875628,0.10479234683173122,2.2698732884612487
53.57,-9.35483870967742,6.774193548387096,0.0,-0.0,113.99070363405285,-0.2236494281794551,0.10482166734132686,2.2703530527469087
53.58,-9.35483870967742,6.774193548387096,0.0,-0.0,114.00806639997971,-0.22361091725104265,0.10485062887131719,2.270822427442706
53.59,-9.35483870967742,6.774193548387096,0.0,-0.0,114.02542932471557,-0.22357269732885077,0.10487922496815244,2.2712814744409386
53.6,-9.35483870967742,6.774193548387096,0.0,-0.0,44.92775403042478,-0.22353477973017977,0.10490744966984061,2.271730260228082
53.61,-9.35483870967742,6.774193548387096,0.0,-0.0,44.94511727611008,-0.22349717527123536,0.10493529749001873,2.2721688556689505
53.62,-9.35483870967742,6.774193548387096,0.0,-0.0,114.0775190627359,-0.22345989427537105,0.10496276340242994,2.27259733579582
53.63,-9.35483870967742,6.774193548387096,0.0,-0.0,114.09488263322902,-0.22342294658143802,0.1049898428257825,2.273015779602313
53.64,-9.35483870967742,6.774193548387096,0.0,-0.0,114.11224636735656,-0.22338634155222048,0.10501653160899532,2.2734242698422804
53.65,-9.35483870967742,6.774193548387096,0.0,-0.0,114.12961026582505,-0.2233500880829552,0.10504282601680481,2.273822892833426
53.66,-9.35483870967742,6.774193548387096,0.0,-0.0,114.1469743292568,-0.22331419460991775,0.10506872271573242,2.2742117382658154
53.67,-9.35483870967742,6.774193548387096,0.0,-0.0,114.16433855819098,-0.22327866911906502,0.10509421876040315,2.2745908990152164
53.68,-9.35483870967742,6.774193548387096,0.0,-0.0,114.18170295308462,-0.22324351915472695,0.10511931158020354,2.274960470961222
53.69,-9.35483870967742,6.774193548387096,0.0,-0.0,114.19906751431392,-0.22320875182833622,0.1051439989662683,2.2753205528101055
53.7,-9.35483870967742,6.774193548387096,0.0,-0.0,114.21643224217539,-0.22317437382718386,0.10516827905879539,2.2756712459224633
53.71,-9.35483870967742,6.774193548387096,0.0,-0.0,114.23379713688715,-0.22314039142319664,0.10519215033467216,2.276012654145499
53.72,-9.35483870967742,6.774193548387096,0.0,-0.0,114.25116219859034,-0.22310681048172587,0.10521561159540926,2.2763448836499425
53.73,-9.35483870967742,6.774193548387096,0.0,-0.0,114.26852742735048,-0.2230736364703384,0.10523866195537557,2.2766680427715924
53.74,-9.35483870967742,6.774193548387096,0.0,-0.0,114.28589282315893,-0.223040874467601,0.10526130083032537,2.276982241857411
53.75,-9.35483870967742,6.774193548387096,0.0,-0.0,114.30325838593438,-0.22300852917185576,0.10528352792621037,2.2772875931160805
53.76,-9.35483870967742,6.774193548387096,0.0,-0.0,45.2055857365489,-0.2229766049099735,0.10530534322827129,2.277584210473033
53.77,-9.35483870967742,6.774193548387096,0.0,-0.0,114.33799001170676,-0.2229451056460846,0.10532674699039873,2.2778722094297974
53.78,-9.35483870967742,6.774193548387096,0.0,-0.0,114.3553560741915,-0.22291403499027296,0.10534773972476563,2.2781517069277624
53.79,-9.35483870967742,6.774193548387096,0.0,-0.0,114.37272230262205,-0.22288339620723785,0.1053683221917111,2.27842282121607
53.8,-9.35483870967742,6.774193548387096,0.0,-0.0,114.3900886965771,-0.22285319222490618,0.10538849538988526,2.2786856717237987
53.81,-9.35483870967742,6.774193548387096,0.0,-0.0,114.40745525557216,-0.22282342564299729,0.1054082605466396,2.278940378936251
53.82,-9.35483870967742,6.774193548387096,0.0,-0.0,114.42482197906126,-0.22279409874153477,0.10542761910865783,2.279187064275248
53.83,-9.35483870967742,6.774193548387096,0.0,-0.0,114.44218886643863,-0.22276521348930012,0.10544657273282293,2.27942584998341
53.84,-9.35483870967742,6.774193548387096,0.0,-0.0,114.45955591704029,-0.22273677155221439,0.10546512327732327,2.279656859012474
53.85,-9.35483870967742,6.774193548387096,0.0,-0.0,114.47692313014583,-0.22270877430166314,0.1054832727929752,2.279880214915268
53.86,-9.35483870967742,6.774193548387096,0.0,-0.0,114.49429050498004,-0.22268122282273972,0.10550102351477497,2.2800960417416136
53.87,-9.35483870967742,6.774193548387096,0.0,-0.0,114.51165804071461,-0.22265411792241852,0.10551837785366308,2.2803044639378225
53.88,-9.35483870967742,6.774193548387096,0.0,-0.0,114.52902573646979,-0.22262746013764334,0.10553533838850465,2.2805056062499065
53.89,-9.35483870967742,6.774193548387096,0.0,-0.0,114.54639359131613,-0.22260124974333817,0.10555190785827318,2.280699593630248
53.9,-9.35483870967742,6.774193548387096,0.0,-0.0,114.56376160427612,-0.2225754867603269,0.1055680891544416,2.280886551147821
53.91,-9.35483870967742,6.774193548387096,0.0,-0.0,114.58112977432586,-0.22255017096316476,0.10558388531357232,2.2810666039018166
53.92,-9.35483870967742,6.774193548387096,0.0,-0.0,114.5984981003967,-0.22252530188787956,0.1055992995101,2.2812398769385522
53.93,-9.35483870967742,6.774193548387096,0.0,-0.0,114.61586658137692,-0.22250087883961878,0.10561433504930606,2.2814064951716553
53.94,-9.35483870967742,6.774193548387096,0.0,-0.0,114.63323521611338,-0.222476900900196,0.1056289953604812,2.2815665833054535
53.95,-9.35483870967742,6.774193548387096,0.0,-0.0,114.65060400341312,-0.22245336693554396,0.10564328399027001,2.2817202657614364
53.96,-9.35483870967742,6.774193548387096,0.0,-0.0,114.66797294204498,-0.2224302756030575,0.10565720459619987,2.28186766660785
53.97,-9.35483870967742,6.774193548387096,0.0,-0.0,114.68534203074121,-0.22240762535884617,0.10567076094037581,2.282008909492089
53.98,-9.35483870967742,6.774193548387096,0.0,-0.0,114.702711268199,-0.22238541446486781,0.10568395688336085,2.2821441175761916
53.99,-9.35483870967742,6.774193548387096,0.0,-0.0,114.7200806530821,-0.2223636409959724,0.10569679637821061,2.2822734134749174
54.0,-9.35483870967742,6.774193548387096,0.0,-0.0,114.73745018402235,-0.22234230284681966,0.10570928346469055,2.282396919196861
54.01,-9.35483870967742,7.419354838709676,0.0,-0.0,114.75485028235015,-0.22199338711783245,0.15943162195982946,2.2768563676386546
54.02,-9.35483870967742,7.419354838709676,0.0,-0.0,114.77227979116535,-0.2216701153091868,0.15797261823142605,2.2714153610395504
54.03,-9.35483870967742,7.419354838709676,0.0,-0.0,114.78973759272633,-0.22137123382857882,0.1565569593182607,2.266075169718711
54.04,-9.35483870967742,7.419354838709676,0.0,-0.0,114.8072226072712,-0.22109553446320507,0.155183551859002,2.2608369548447587
54.05,-9.35483870967742,7.419354838709676,0.0,-0.0,114.82473379187057,-0.22084185313690285,0.15385132788350203,2.255701771011091
54.06,-9.35483870967742,7.419354838709676,0.0,-0.0,114.8422701393109,-0.22060906868475705,0.15255924417353228,2.2506705688356887
54.07,-9.35483870967742,7.419354838709676,0.0,-0.0,114.85983067700812,-0.22039610164627765,0.1513062816441605,2.2457441975770647
54.08,-9.35483870967742,7.419354838709676,0.0,-0.0,114.87741446595066,-0.22020191307803705,0.15009144474535152,2.2409234077594897
54.09,-9.35483870967742,7.419354838709676,0.0,-0.0,114.89502059967133,-0.22002550338656224,0.14891376088326608,2.236208853800171
54.1,-9.35483870967742,7.419354838709676,0.0,-0.0,114.91264820324722,-0.21986591118211607,0.1477722798607226,2.2316010966320765
54.11,-9.35483870967742,7.419354838709676,0.0,-0.0,114.93029643232728,-0.21972221215391674,0.14666607333621573,2.2271006063160104
54.12,-9.35483870967742,7.419354838709676,0.0,-0.0,114.94796447218658,-0.2195935179672024,0.1455942343008948,2.222707764636572
54.13,-9.35483870967742,7.419354838709676,0.0,-0.0,114.96565153680683,-0.21947897518249526,0.14455587657284347,2.2184228676764097
54.14,-9.35483870967742,7.419354838709676,0.0,-0.0,114.98335686798235,-0.2193777641972875,0.14355013430803504,2.2142461283643917
54.15,-9.35483870967742,7.419354838709676,0.0,-0.0,115.00107973445107,-0.21928909821033993,0.14257616152727814,2.210177678992928
54.16,-9.35483870967742,7.419354838709676,0.0,-0.0,115.01881943104966,-0.21921222220867054,0.14163313165852054,2.2062175737009984
54.17,-9.35483870967742,7.419354838709676,0.0,-0.0,115.03657527789241,-0.21914641197727935,0.14072023709383674,2.2023657909191754
54.18,-9.35483870967742,7.419354838709676,0.0,-0.0,115.0543466195731,-0.2190909731315882,0.1398366887604519,2.198622235773692
54.19,-9.35483870967742,7.419354838709676,0.0,-0.0,115.07213282438934,-0.2190452401725116,0.13898171570517637,2.194986742447179
54.2,-9.35483870967742,7.419354838709676,0.0,-0.0,115.08993328358879,-0.21900857556405107,0.13815456469161108,2.1914590764937207
54.21,-9.35483870967742,7.419354838709676,0.0,-0.0,115.10774741063663,-0.21898036883325656,0.13735449980951986,2.1880389371065205
54.22,-9.35483870967742,7.419354838709676,0.0,-0.0,115.12557464050386,-0.218960035692351,0.13658080209578133,2.184725959336903
54.23,-9.35483870967742,7.419354838709676,0.0,-0.0,115.14341442897569,-0.21894701718280407,0.13583276916634934,2.1815197162635953
54.24,-9.35483870967742,7.419354838709676,0.0,-0.0,115.16126625197968,-0.2189407788410962,0.13510971485867046,2.178419721111647
54.25,-9.35483870967742,7.419354838709676,0.0,-0.0,115.17912960493301,-0.21894080988590714,0.13441096888402948,2.1754254293205695
54.26,-9.35483870967742,7.419354838709676,0.0,-0.0,115.19700400210836,-0.21894662242642127,0.13373587648932994,2.172536240561852
54.27,-9.35483870967742,7.419354838709676,0.0,-0.0,115.21488897601797,-0.2189577506914442,0.13308379812782178,2.1697515007059827
54.28,-9.35483870967742,7.419354838709676,0.0,-0.0,115.2327840768154,-0.21897375027900223,0.132454109138322,2.167070503739512
54.29,-9.35483870967742,7.419354838709676,0.0,-0.0,115.25068887171447,-0.2189941974260824,0.1318461994325002,2.164492493632928
54.3,-9.35483870967742,7.419354838709676,0.0,-0.0,115.26860294442494,-0.2190186882981574,0.13125947318982445,2.1620166661604303
54.31,-9.35483870967742,7.419354838709676,0.0,-0.0,115.28652589460455,-0.21904683829814608,0.13069334855977754,2.1596421706726012
54.32,-9.35483870967742,7.419354838709676,0.0,-0.0,115.30445733732694,-0.21907828139443586,0.1301472573709913,2.15736811182346
54.33,-9.35483870967742,7.419354838709676,0.0,-0.0,115.32239690256502,-0.21911266946759878,0.129620644846959,2.1551935512533773
54.34,-9.35483870967742,7.419354838709676,0.0,-0.0,115.34034423468941,-0.2191496716754232,0.12911296932801775,2.1531175092295385
54.35,-9.35483870967742,7.419354838709676,0.0,-0.0,115.3582989919816,-0.21918897383589564,0.12862370199929696,2.151138966245553
54.36,-9.35483870967742,7.419354838709676,0.0,-0.0,115.3762608461613,-0.2192302778277374,0.1281523266243798,2.1492568645823207
54.37,-9.35483870967742,7.419354838709676,0.0,-0.0,115.3942294819278,-0.21927330100813514,0.12769833928440966,2.1474701098318447
54.38,-9.35483870967742,7.419354838709676,0.0,-0.0,115.4122045965148,-0.21931777564727983,0.127261248122418,2.1457775723860553
54.39,-9.35483870967742,7.419354838709676,0.0,-0.0,115.43018589925853,-0.2193634483793384,0.12684057309266272,2.1441780888927173
54.4,-9.35483870967742,7.419354838709676,0.0,-0.0,115.44817311117862,-0.21941007966948833,0.12643584571477606,2.142670463680397
54.41,-9.35483870967742,7.419354838709676,0.0,-0.0,115.46616596457157,-0.2194574432966485,0.12604660883253838,2.141253470154429
54.42,-9.35483870967742,7.419354838709676,0.0,-0.0,115.48416420261634,-0.2195053258515237,0.12567241637713367,2.1399258521662508
54.43,-9.35483870967742,7.419354838709676,0.0,-0.0,115.50216757899187,-0.21955352624962854,0.12531283313470376,2.138686325357555
54.44,-9.35483870967742,7.419354838709676,0.0,-0.0,115.52017585750615,-0.21960185525890297,0.12496743451809922,2.137533578481791
54.45,-9.35483870967742,7.419354838709676,0.0,-0.0,115.53818881173648,-0.21965013504158504,0.12463580634268001,2.1364662747045275
54.46,-9.35483870967742,7.419354838709676,0.0,-0.0,115.55620622468079,-0.2196981987099873,0.12431754460606348,2.1354830528846516
54.47,-9.35483870967742,7.419354838709676,0.0,-0.0,46.45918950944419,-0.219745889895835,0.12401225527171267,2.1345825288381204
54.48,-9.35483870967742,7.419354838709676,0.0,-0.0,115.5922536037885,-0.2197930623328226,0.12371955405628265,2.1337632965860376
54.49,-9.35483870967742,7.419354838709676,0.0,-0.0,46.49524480108482,-0.219839579452062,0.12343906622063361,2.133023929588534
54.5,-9.35483870967742,7.419354838709676,0.0,-0.0,115.62831643463763,-0.2198853139901037,0.12317042636443243,2.1323629819658048
54.51,-9.35483870967742,7.419354838709676,0.0,-0.0,115.64635319275493,-0.21993014760919039,0.12291327822429021,2.1317789897079797
54.52,-9.35483870967742,7.419354838709676,0.0,-0.0,115.66439328718954,-0.21997397052944823,0.12266727447536252,2.1312704718747626
54.53,-9.35483870967742,7.419354838709676,0.0,-0.0,115.68243655798216,-0.22001668117269835,0.12243207653635912,2.1308359317860543
54.54,-9.35483870967742,7.419354838709676,0.0,-0.0,115.70048285216609,-0.22005818581758885,0.12220735437791608,2.130473858204547
54.55,-9.35483870967742,7.419354838709676,0.0,-0.0,115.71853202350506,-0.22009839826574573,0.12199278633428934,2.1301827265112165
54.56,-9.35483870967742,7.419354838709676,0.0,-0.0,115.73658393223947,-0.22013723951866215,0.12178805891831712,2.129960999874235
54.57,-9.35483870967742,7.419354838709676,0.0,-0.0,115.75463844484075,-0.2201746374650323,0.12159286663962465,2.1298071304120856
54.58,-9.35483870967742,7.419354838709676,0.0,-0.0,115.77269543377372,-0.22021052657825757,0.12140691182603125,2.129719560351209
54.59,-9.35483870967742,7.419354838709676,0.0,-0.0,115.79075477726663,-0.2202448476238522,0.12122990444812642,2.129696723178497
54.6,-9.35483870967742,7.419354838709676,0.0,-0.0,115.80881635908871,-0.22027754737647554,0.12106156194699025,2.129737044788903
54.61,-9.35483870967742,7.419354838709676,0.0,-0.0,115.82688006833509,-0.22030857834634243,0.12090160906502101,2.12983894462804
54.62,-9.35483870967742,7.419354838709676,0.0,-0.0,115.8449457992187,-0.22033789851474206,0.12074977767985451,2.130000836829921
54.63,-9.35483870967742,7.419354838709676,0.0,-0.0,115.86301345086923,-0.22036547107843052,0.12060580664133469,2.130221131349368
54.64,-9.35483870967742,7.419354838709676,0.0,-0.0,115.88108292713866,-0.2203912642026452,0.12046944161151929,2.1304982350889157
54.65,-9.35483870967742,7.419354838709676,0.0,-0.0,115.89915413641344,-0.22041525078250168,0.12034043490769564,2.1308305530197864
54.66,-9.35483870967742,7.419354838709676,0.0,-0.0,115.91722699143293,-0.2204374082125481,0.12021854534837373,2.1312164892962566
54.67,-9.35483870967742,7.419354838709676,0.0,-0.0,115.93530140911403,-0.2204577181642452,0.12010353810223773,2.1316544483628164
54.68,-9.35483870967742,7.419354838709676,0.0,-0.0,115.95337731038187,-0.2204761663711483,0.119995184540029,2.132142836053408
54.69,-9.35483870967742,7.419354838709676,0.0,-0.0,115.97145462000614,-0.22049274242157857,0.11989326208933504,2.1326800606818415
54.7,-9.35483870967742,7.419354838709676,0.0,-0.0,115.98953326644329,-0.2205074395585731,0.11979755409225235,2.1332645341224117
54.71,-9.35483870967742,7.419354838709676,0.0,-0.0,116.00761318168404,-0.2205202544869017,0.11970784966590609,2.1338946728798374
54.72,-9.35483870967742,7.419354838709676,0.0,-0.0,116.0256943011063,-0.22053118718695341,0.11962394356579154,2.1345688991473764
54.73,-9.35483870967742,7.419354838709676,0.0,-0.0,116.04377656333327,-0.22054024073529677,0.11954563605190882,2.1352856418519623
54.74,-9.35483870967742,7.419354838709676,0.0,-0.0,116.06185991009652,-0.2205474211317191,0.11947273275766424,2.136043337685266
54.75,-9.35483870967742,7.419354838709676,0.0,-0.0,116.07994428610391,-0.22055273713255552,0.11940504456151169,2.136840432119506
54.76,-9.35483870967742,7.419354838709676,0.0,-0.0,116.09802963891234,-0.22055620009013654,0.11934238746128933,2.137675380406549
54.77,-9.35483870967742,7.419354838709676,0.0,-0.0,116.11611591880495,-0.22055782379816014,0.11928458245123674,2.138546648559354
54.78,-9.35483870967742,7.419354838709676,0.0,-0.0,47.01916469969744,-0.22055762434282744,0.11923145540164648,2.1394527143142454
54.79,-9.35483870967742,7.419354838709676,0.0,-0.0,116.1522910739013,-0.22055561995956496,0.11918283694112564,2.140392068072892
54.8,-9.35483870967742,7.419354838709676,0.0,-0.0,116.17037986225947,-0.22055183089517305,0.11913856234142506,2.141363213822628
54.81,-9.35483870967742,7.419354838709676,0.0,-0.0,116.18846940379514,-0.2205462792752365,0.119098471404806,2.1423646700339423
54.82,-9.35483870967742,7.419354838709676,0.0,-0.0,47.09152128175717,-0.2205389889766426,0.11906240835390758,2.1433949705338624
54.83,-9.35483870967742,7.419354838709676,0.0,-0.0,116.22465059737475,-0.22052998550505132,0.11903022172407474,2.1444526653540503
54.84,-9.35483870967742,7.419354838709676,0.0,-0.0,116.24274218000852,-0.22051929587717156,0.11900176425811504,2.1455363215524854
54.85,-9.35483870967742,7.419354838709676,0.0,-0.0,116.26083437681432,-0.22050694850769492,0.11897689280344015,2.1466445240075576
54.86,-9.35483870967742,7.419354838709676,0.0,-0.0,116.2789271577785,-0.22049297310074656,0.11895546821155978,2.147775876183624
54.87,-9.35483870967742,7.419354838709676,0.0,-0.0,116.29702049460946,-0.2204774005457214,0.11893735523987892,2.1489290008668185
54.88,-9.35483870967742,7.419354838709676,0.0,-0.0,116.31511436065679,-0.22046026281735664,0.11892242245577489,2.150102540870498
54.89,-9.35483870967742,7.419354838709676,0.0,-0.0,116.33320873083368,-0.22044159287992626,0.11891054214289642,2.1512951597091483
54.9,-9.35483870967742,7.419354838709676,0.0,-0.0,116.3513035815422,-0.22042142459541936,0.11890159020965818,2.1525055422401347
54.91,-9.35483870967742,7.419354838709676,0.0,-0.0,116.36939889060172,-0.2203997926355853,0.11889544609988034,2.153732395272481
54.92,-9.35483870967742,7.419354838709676,0.0,-0.0,116.38749463717991,-0.22037673239771316,0.11889199270554562,2.154974448142235
54.93,-9.35483870967742,7.419354838709676,0.0,-0.0,116.40559080172672,-0.22035227992404782,0.11889111628161231,2.1562304532535026
54.94,-9.35483870967742,7.419354838709676,0.0,-0.0,116.42368736591078,-0.22032647182470533,0.11889270636286742,2.157499186585121
54.95,-9.35483870967742,7.419354838709676,0.0,-0.0,116.44178431255855,-0.22029934520399397,0.11889665568275731,2.158779448162241
54.96,-9.35483870967742,7.419354838709676,0.0,-0.0,116.45988162559581,-0.22027093759002225,0.11890286009416984,2.1600700624927436
54.97,-9.35483870967742,7.419354838709676,0.0,-0.0,116.47797928999157,-0.22024128686749245,0.11891121849211883,2.1613698789681766
54.98,-9.35483870967742,7.419354838709676,0.0,-0.0,116.49607729170427,-0.22021043121357642,0.11892163273829393,2.162677772229147
54.99,-9.35483870967742,7.419354838709676,0.0,-0.0,116.5141756176303,-0.2201784090367752,0.11893400758743256,2.1639926424950753
55.0,-9.35483870967742,7.419354838709676,0.0,-0.0,116.53227425555453,-0.22014525891865788,0.11894825061548142,2.1653134158585727
55.01,-9.35483870967742,7.419354838709676,0.0,-0.0,116.55037319410295,-0.22011101955839474,0.11896427214949723,2.166639044544314
55.02,-9.35483870967742,7.419354838709676,0.0,-0.0,116.56847242269738,-0.2200757297199889,0.11898198519925207,2.167968507132805
55.03,-9.35483870967742,7.419354838709676,0.0,-0.0,116.58657193151205,-0.22003942818211275,0.11900130539050824,2.1693008087493895
55.04,-9.35483870967742,7.419354838709676,0.0,-0.0,116.60467171143205,-0.22000215369046905,0.11902215089991464,2.1706349812187398
55.05,-9.35483870967742,7.419354838709676,0.0,-0.0,116.62277175401353,-0.21996394491258398,0.11904444239149825,2.171970083185501
55.06,-9.35483870967742,7.419354838709676,0.0,-0.0,116.64087205144574,-0.21992484039496019,0.1190681029546985,2.173305200201399
55.07,-9.35483870967742,7.419354838709676,0.0,-0.0,116.65897259651464,-0.21988487852249772,0.11909305804392045,2.1746394447796358
55.08,-9.35483870967742,7.419354838709676,0.0,-0.0,116.67707338256815,-0.21984409748011502,0.11911923541956304,2.1759719564171283
55.09,-9.35483870967742,7.419354838709676,0.0,-0.0,47.58013602450747,-0.21980253521648652,0.11914656509048627,2.1773019015853623
55.1,-9.35483870967742,7.419354838709676,0.0,-0.0,116.71327565363266,-0.21976022940983275,0.11917497925788156,2.1786284736905936
55.11,-9.35483870967742,7.419354838709676,0.0,-0.0,116.73137712785784,-0.21971721743567585,0.11920441226051659,2.179950893004443
55.12,-9.35483870967742,7.419354838709676,0.0,-0.0,116.74947882143678,-0.21967353633650977,0.11923480052130842,2.181268406565483
55.13,-9.35483870967742,7.419354838709676,0.0,-0.0,116.76758073005813,-0.21962922279330255,0.11926608249520021,2.1825802880529936
55.14,-9.35483870967742,7.419354838709676,0.0,-0.0,116.78568284979451,-0.21958431309877047,0.11929819861830804,2.1838858376338113
55.15,-9.35483870967742,7.419354838709676,0.0,-0.0,116.80378517707753,-0.21953884313236427,0.11933109125829588,2.1851843817831464
55.16,-9.35483870967742,7.419354838709676,0.0,-0.0,116.82188770867388,-0.21949284833689742,0.11936470466595861,2.1864752730806063
55.17,-9.35483870967742,7.419354838709676,0.0,-0.0,116.83999044166262,-0.2194463636967593,0.11939898492797596,2.1877578899824255
55.18,-9.35483870967742,7.419354838709676,0.0,-0.0,116.85809337341351,-0.21939942371765953,0.1194338799208049,2.189031636570874
55.19,-9.35483870967742,7.419354838709676,0.0,-0.0,116.87619650156645,-0.2193520624078389,0.1194693392656837,2.1902959422821304
55.2,-9.35483870967742,7.419354838709676,0.0,-0.0,116.89429982401194,-0.21930431326069688,0.11950531428471789,2.1915502616135965
55.21,-9.35483870967742,7.419354838709676,0.0,-0.0,116.91240333887242,-0.21925620923877864,0.11954175795801791,2.1927940738118847
55.22,-9.35483870967742,7.419354838709676,0.0,-0.0,116.93050704448466,-0.21920778275907116,0.11957862488186466,2.194026882542567
55.23,-9.35483870967742,7.419354838709676,0.0,-0.0,116.94861093938292,-0.21915906567955967,0.11961587122786732,2.1952482155427395
55.24,-9.35483870967742,7.419354838709676,0.0,-0.0,116.96671502228311,-0.21911008928699183,0.1196534547030943,2.196457624257661
55.25,-9.35483870967742,7.419354838709676,0.0,-0.0,116.98481929206768,-0.2190608842858025,0.11969133451115144,2.1976546834625292
55.26,-9.35483870967742,7.419354838709676,0.0,-0.0,117.0029237477713,-0.21901148078815358,0.11972947131417622,2.1988389908705144
55.27,-9.35483870967742,7.419354838709676,0.0,-0.0,117.02102838856736,-0.21896190830504758,0.11976782719572732,2.2000101667280862
55.28,-9.35483870967742,7.419354838709676,0.0,-0.0,117.03913321375514,-0.21891219573846277,0.1198063656245466,2.201167853398841
55.29,-9.35483870967742,7.419354838709676,0.0,-0.0,117.05723822274769,-0.21886237137447373,0.11984505141916924,2.202311714936855
55.3,-9.35483870967742,7.419354838709676,0.0,-0.0,117.07534341506042,-0.21881246287731904,0.11988385071335261,2.203441436650461
55.31,-9.35483870967742,7.419354838709676,0.0,-0.0,117.09344879030027,-0.21876249728436614,0.1199227309223172,2.204556724657754
55.32,-9.35483870967742,7.419354838709676,0.0,-0.0,117.11155434815555,-0.21871250100194495,0.11996166070975978,2.2056573054345634
55.33,-9.35483870967742,7.419354838709676,0.0,-0.0,117.12966008838632,-0.21866249980200814,0.12000060995563244,2.2067429253560085
55.34,-9.35483870967742,7.419354838709676,0.0,-0.0,48.03272763183986,-0.21861251881957722,0.12003954972466224,2.2078133502326045
55.35,-9.35483870967742,7.419354838709676,0.0,-0.0,117.16587211531953,-0.21856258255095495,0.12007845223558389,2.2088683648416065
55.36,-9.35483870967742,7.419354838709676,0.0,-0.0,117.18397840182215,-0.21851271485264545,0.12011729083108436,2.2099077724548746
55.37,-9.35483870967742,7.419354838709676,0.0,-0.0,117.20208487028506,-0.21846293894097324,0.12015603994842206,2.2109313943637003
55.38,-9.35483870967742,7.419354838709676,0.0,-0.0,117.22019152070187,-0.21841327739235405,0.12019467509071391,2.211939069401682
55.39,-9.35483870967742,7.419354838709676,0.0,-0.0,117.2382983530913,-0.21836375214419146,0.12023317279886914,2.2129306534663202
55.4,-9.35483870967742,7.419354838709676,0.0,-0.0,117.25640536749098,-0.21831438449636653,0.12027151062415653,2.213906019040195
55.41,-9.35483870967742,7.419354838709676,0.0,-0.0,117.27451256395183,-0.21826519511329767,0.12030966710137958,2.2148650547122526
55.42,-9.35483870967742,7.419354838709676,0.0,-0.0,117.29261994253257,-0.2182162040265323,0.12034762172265767,2.2158076647001423
55.43,-9.35483870967742,7.419354838709676,0.0,0.0,117.31072750329481,-0.21816743063785438,0.12038535491178348,2.2167337683739974
55.44,-9.35483870967742,7.419354838709676,0.0,0.0,117.32883524629844,-0.21811889372287208,0.12042284799915248,2.217643299782484
55.45,-9.35483870967742,7.419354838709676,0.0,0.0,117.34694317159727,-0.21807061143506412,0.120460083197245,2.2185362071815926
55.46,-9.35483870967742,7.419354838709676,0.0,0.0,117.36505127923515,-0.2180226013102604,0.12049704357664781,2.21941245256674
55.47,-9.35483870967742,7.419354838709676,0.0,0.0,117.38315956924221,-0.21797488027153178,0.12053371304260263,2.220272011208726
55.48,-9.35483870967742,7.419354838709676,0.0,0.0,117.40126804163157,-0.21792746463446455,0.12057007631206784,2.2211148711940067
55.49,-9.35483870967742,7.419354838709676,0.0,0.0,117.41937669639621,-0.2178803701128028,0.12060611889127815,2.2219410329696836
55.5,-9.35483870967742,7.419354838709676,0.0,0.0,117.43748553350618,-0.21783361182442718,0.12064182705379789,2.2227505088937973
55.51,-9.35483870967742,7.419354838709676,0.0,0.0,117.45559455290594,-0.2177872042976584,0.12067718781904735,2.223543322791118
55.52,-9.35483870967742,7.419354838709676,0.0,0.0,117.47370375451209,-0.21774116147786282,0.12071218893129376,2.2243195095148782
55.53,-9.35483870967742,7.419354838709676,0.0,0.0,117.49181313821124,-0.21769549673433675,0.12074681883909777,2.225079114514789
55.54,-9.35483870967742,7.419354838709676,0.0,0.0,117.5099227038581,-0.21765022286745372,0.12078106667520438,2.2258221934116733
55.55,-9.35483870967742,7.419354838709676,0.0,0.0,117.52803245127376,-0.2176053521160588,0.12081492223686341,2.226548811578834
55.56,-9.35483870967742,7.419354838709676,0.0,0.0,117.54614238024422,-0.21756089616508567,0.12084837596657849,2.2272590437306534
55.57,-9.35483870967742,7.419354838709676,0.0,0.0,48.4492141115436,-0.21751686615338872,0.12088141893326232,2.227952973518347
55.58,-9.35483870967742,7.419354838709676,0.0,0.0,117.58236278181025,-0.21747327268176408,0.12091404281380169,2.2286306931333595
55.59,-9.35483870967742,7.419354838709676,0.0,0.0,117.6004732537912,-0.21743012582114896,0.12094623987501896,2.2292923029184255
55.6,-9.35483870967742,7.419354838709676,0.0,0.0,117.61858390609589,-0.21738743512098935,0.12097800295600991,2.229937910986325
55.61,-9.35483870967742,7.419354838709676,0.0,0.0,117.63669473831823,-0.21734520961774761,0.12100932545087195,2.2305676328467956
55.62,-9.35483870967742,7.419354838709676,0.0,0.0,117.6548057500114,-0.21730345784354999,0.12104020129179338,2.2311815910413793
55.63,-9.35483870967742,7.419354838709676,0.0,0.0,117.67291694068756,-0.21726218783495288,0.12107062493250664,2.2317799147864514
55.64,-9.35483870967742,7.419354838709676,0.0,0.0,117.6910283098174,-0.21722140714181604,0.12110059133209794,2.2323627396245196
55.65,-9.35483870967742,7.419354838709676,0.0,0.0,117.70913985683005,-0.2171811228362711,0.12113009593916035,2.2329302070837396
55.66,-9.35483870967742,7.419354838709676,0.0,0.0,117.72725158111295,-0.21714134152177345,0.12115913467628725,2.2334824643457756
55.67,-9.35483870967742,7.419354838709676,0.0,0.0,117.74536348201188,-0.21710206934222598,0.12118770392489986,2.2340196639219845
55.68,-9.35483870967742,7.419354838709676,0.0,0.0,117.76347555883103,-0.21706331199116002,0.12121580051039926,2.2345419633379553
55.69,-9.35483870967742,7.419354838709676,0.0,0.0,117.78158781083323,-0.21702507472097143,0.12124342168763713,2.2350495248263145
55.7,-9.35483870967742,7.419354838709676,0.0,0.0,117.79970023724022,-0.21698736235219196,0.12127056512669965,2.235542515027878
55.71,-9.35483870967742,7.419354838709676,0.0,0.0,117.81781283723296,-0.21695017928278904,0.12129722889900163,2.2360211047011114
55.72,-9.35483870967742,7.419354838709676,0.0,0.0,117.83592560995211,-0.2169135294974912,0.12132341146367609,2.2364854684397035
55.73,-9.35483870967742,7.419354838709676,0.0,0.0,117.85403855449849,-0.2168774165771219,0.12134911165426121,2.2369357843983533
55.74,-9.35483870967742,7.419354838709676,0.0,0.0,117.87215166993361,-0.21684184370793425,0.12137432866567954,2.2373722340267075
55.75,-9.35483870967742,7.419354838709676,0.0,0.0,117.8902649552803,-0.21680681369094046,0.12139906204150008,2.2377950018112833
55.76,-9.35483870967742,7.419354838709676,0.0,0.0,117.90837840952335,-0.21677232895123555,0.12142331166147347,2.2382042750252094
55.77,-9.35483870967742,7.419354838709676,0.0,0.0,117.92649203161024,-0.21673839154728847,0.1214470777293507,2.2386002434860197
55.78,-9.35483870967742,7.419354838709676,0.0,0.0,117.94460582045184,-0.21670500318021324,0.12147036076096529,2.2389830993210627
55.79,-9.35483870967742,7.419354838709676,0.0,0.0,48.847681395947774,-0.21667216520300248,0.12149316157257939,2.2393530367405776
55.8,-9.35483870967742,7.419354838709676,0.0,0.0,117.98083389386453,-0.21663987862972367,0.12151548126948775,2.23971025181823
55.81,-9.35483870967742,7.419354838709676,0.0,0.0,117.99894817608173,-0.21660814414465945,0.12153732123488437,2.240054942279264
55.82,-9.35483870967742,7.419354838709676,0.0,0.0,118.01706262034759,-0.21657696211140476,0.12155868311896878,2.240387307295705
55.83,-9.35483870967742,7.419354838709676,0.0,0.0,118.03517722540256,-0.21654633258189815,0.12157956882830623,2.2407075472888893
55.84,-9.35483870967742,7.419354838709676,0.0,0.0,118.05329198995571,-0.2165162553053921,0.12159998051542675,2.241015863738998
55.85,-9.35483870967742,7.419354838709676,0.0,0.0,118.07140691268567,-0.21648672973735406,0.12161992056866044,2.241312459001456
55.86,-9.35483870967742,7.419354838709676,0.0,0.0,118.08952199224164,-0.21645775504829212,0.12163939160221071,2.2415975361301967
55.87,-9.35483870967742,7.419354838709676,0.0,0.0,118.10763722724434,-0.21642933013250487,0.12165839644645315,2.241871298707492
55.88,-9.35483870967742,7.419354838709676,0.0,0.0,49.010714237311575,-0.2164014536167469,0.12167693813846248,2.242133950680319
55.89,-9.35483870967742,7.419354838709676,0.0,0.0,118.14386815793654,-0.21637412386880994,0.12169501991275966,2.2423856962030833
55.9,-9.35483870967742,7.419354838709676,0.0,0.0,49.04694547175883,-0.21634733900601155,0.12171264519228087,2.24262673948659
55.91,-9.35483870967742,7.419354838709676,0.0,0.0,49.06506131422185,-0.2163210969035918,0.12172981757955903,2.242857284653093
55.92,-9.35483870967742,7.419354838709676,0.0,0.0,118.19821568381927,-0.21629539520301244,0.12174654084811676,2.243077535597277
55.93,-9.35483870967742,7.419354838709676,0.0,0.0,118.21633182107155,-0.21627023132015666,0.12176281893406893,2.243287695853072
55.94,-9.35483870967742,7.419354838709676,0.0,0.0,118.23444810340423,-0.21624560245342617,0.12177865592792769,2.2434879684660918
55.95,-9.35483870967742,7.419354838709676,0.0,0.0,118.2525645292472,-0.2162215055917336,0.12179405606661031,2.2436785558716283
55.96,-9.35483870967742,7.419354838709676,0.0,0.0,118.27068109701112,-0.2161979375223848,0.1218090237256445,2.2438596597780305
55.97,-9.35483870967742,7.419354838709676,0.0,0.0,118.28879780508854,-0.2161748948388531,0.12182356341157041,2.2440314810553343
55.98,-9.35483870967742,7.419354838709676,0.0,0.0,118.30691465185485,-0.21615237394844178,0.12183767975453064,2.2441942196289575
55.99,-9.35483870967742,7.419354838709676,0.0,0.0,118.32503163566939,-0.21613037107983069,0.12185137750105324,2.2443480743784354
56.0,-9.35483870967742,7.419354838709676,0.0,0.0,118.3431487548764,-0.21610888229050917,0.12186466150701691,2.2444932430409206
56.01,-9.35483870967742,8.064516129032256,0.0,0.0,118.36129390108641,-0.21577833768910482,0.175722576177194,2.2373056025510873
56.02,-9.35483870967742,8.064516129032256,0.0,0.0,118.37946607329283,-0.21547039618795805,0.1743927422967566,2.230230310092808
56.03,-9.35483870967742,8.064516129032256,0.0,0.0,118.39766430323701,-0.21518396783768923,0.1731000717385034,2.223268974324986
56.04,-9.35483870967742,8.064516129032256,0.0,0.0,118.41588765443129,-0.21491800117187831,0.17184369064849436,2.2164231132055727
56.05,-9.35483870967742,8.064516129032256,0.0,0.0,118.4341352212086,-0.21467148218968513,0.17062274529798738,2.2096941554689273
56.06,-9.35483870967742,8.064516129032256,0.0,0.0,118.4524061277983,-0.2144434333526919,0.16943640150562622,2.2030834421527663
56.07,-9.35483870967742,8.064516129032256,0.0,0.0,118.47069952742727,-0.21423291259667598,0.16828384408097175,2.196592228166227
56.08,-9.35483870967742,8.064516129032256,0.0,0.0,118.48901460144619,-0.21403901235895784,0.16716427628877428,2.1902216838898183
56.09,-9.35483870967742,8.064516129032256,0.0,0.0,118.50735055847983,-0.21386085862183846,0.16607691933340418,2.183972896799194
56.1,-9.35483870967742,8.064516129032256,0.0,0.0,118.52570663360125,-0.2136976099725909,0.16502101186279483,2.177846873104261
56.11,-9.35483870967742,8.064516129032256,0.0,0.0,118.544082087529,-0.21354845668036482,0.16399580949126846,2.171844539396007
56.12,-9.35483870967742,8.064516129032256,0.0,0.0,118.56247620584688,-0.21341261979030202,0.1630005843405945,2.1659667442937045
56.13,-9.35483870967742,8.064516129032256,0.0,0.0,118.58088829824555,-0.21328935023510787,0.1620346245986093,2.160214260085181
56.14,-9.35483870967742,8.064516129032256,0.0,0.0,118.59931769778572,-0.2131779279642383,0.16109723409475296,2.154587784353904
56.15,-9.35483870967742,8.064516129032256,0.0,0.0,118.61776376018194,-0.21307766109083015,0.1601877318918562,2.149087941586606
56.16,-9.35483870967742,8.064516129032256,0.0,0.0,118.63622586310676,-0.21298788505643929,0.15930545189352863,2.1437152847558907
56.17,-9.35483870967742,8.064516129032256,0.0,0.0,118.65470340551457,-0.21290796181362193,0.15844974246649535,2.1384702968724536
56.18,-9.35483870967742,8.064516129032256,0.0,0.0,118.6731958069847,-0.21283727902633365,0.15761996607725404,2.1333533925024635
56.19,-9.35483870967742,8.064516129032256,0.0,0.0,118.6917025070831,-0.2127752492881001,0.15681549894242242,2.128364919245794
56.2,-9.35483870967742,8.064516129032256,0.0,0.0,118.71022296474223,-0.2127213093578767,0.1560357306921677,2.123505159171358
56.21,-9.35483870967742,8.064516129032256,0.0,0.0,118.72875665765864,-0.21267491941348404,0.15528006404611805,2.118774330206351
56.22,-9.35483870967742,8.064516129032256,0.0,0.0,118.74730308170764,-0.21263556232247793,0.154547914501182,2.1141725874766792
56.23,-9.35483870967742,8.064516129032256,0.0,0.0,118.76586175037484,-0.21260274293029746,0.15383871003070726,2.1097000245962354
56.24,-9.35483870967742,8.064516129032256,0.0,0.0,118.78443219420377,-0.21257598736550143,0.1531518907944408,2.1053566749033115
56.25,-9.35483870967742,8.064516129032256,0.0,0.0,49.68797558128398,-0.21255484236189925,0.1524869088587606,2.1011425126427534
56.26,-9.35483870967742,8.064516129032256,0.0,0.0,118.82160661160712,-0.2125388745973592,0.1518432279266727,2.0970574540928966
56.27,-9.35483870967742,8.064516129032256,0.0,0.0,118.84020972680625,-0.21252767004906037,0.15122032307709166,2.0931013586370013
56.28,-9.35483870967742,8.064516129032256,0.0,0.0,118.85882289941873,-0.21252083336495675,0.15061768051292856,2.0892740297788572
56.29,-9.35483870967742,8.064516129032256,0.0,0.0,118.87744573753135,-0.21251798725118698,0.1500347973175561,2.0855752161033667
56.3,-9.35483870967742,8.064516129032256,0.0,0.0,49.78103948431661,-0.21251877187519042,0.14947118121920244,2.0820046121822977
56.31,-9.35483870967742,8.064516129032256,0.0,0.0,118.91471891245949,-0.21252284428424317,0.14892635036288782,2.078561859426894
56.32,-9.35483870967742,8.064516129032256,0.0,0.0,118.9333685339655,-0.21252987783916044,0.14839983308950022,2.0752465468884123
56.33,-9.35483870967742,8.064516129032256,0.0,0.0,118.95202638949041,-0.21253956166287458,0.1478911677216529,2.0720582120086704
56.34,-9.35483870967742,8.064516129032256,0.0,0.0,118.97069215305038,-0.21255160010361762,0.14739990235597045,2.068996341322705
56.35,-9.35483870967742,8.064516129032256,0.0,0.0,118.98936551059691,-0.21256571221242948,0.14692559466146615,2.0660603711158094
56.36,-9.35483870967742,8.064516129032256,0.0,0.0,119.00804615962785,-0.21258163123469764,0.1464678116837138,2.063249688038074
56.37,-9.35483870967742,8.064516129032256,0.0,0.0,49.91169542983431,-0.21259910411545924,0.14602612965449946,2.060563629679014
56.38,-9.35483870967742,8.064516129032256,0.0,0.0,119.04542817761123,-0.21261789101816864,0.14560013380669168,2.0580014851059025
56.39,-9.35483870967742,8.064516129032256,0.0,0.0,119.06412899594692,-0.21263776485665975,0.14518941819405518,2.055562495368991
56.4,-9.35483870967742,8.064516129032256,0.0,0.0,119.08283600383203,-0.21265851084001397,0.14479358551576949,2.0532458539775185
56.41,-9.35483870967742,8.064516129032256,0.0,0.0,119.10154895104685,-0.21267992603005792,0.14441224694541932,2.0510507073502664
56.42,-9.35483870967742,8.064516129032256,0.0,0.0,119.12026759681117,-0.2127018189112131,0.14404502196423818,2.0489761552447
56.43,-9.35483870967742,8.064516129032256,0.0,0.0,119.13899170946831,-0.21272400897242405,0.1436915381984032,2.0470212511688626
56.44,-9.35483870967742,8.064516129032256,0.0,0.0,119.15772106617842,-0.2127463263008914,0.14335143126019434,2.0451850027803733
56.45,-9.35483870967742,8.064516129032256,0.0,0.0,119.17645545262089,-0.21276861118734247,0.14302434459283753,2.043466372276835
56.46,-9.35483870967742,8.064516129032256,0.0,0.0,119.19519466270557,-0.21279071374257996,0.14270992931886384,2.0418642767820607
56.47,-9.35483870967742,8.064516129032256,0.0,0.0,119.21393849829265,-0.21281249352503495,0.14240784409184182,2.040377588732854
56.48,-9.35483870967742,8.064516129032256,0.0,0.0,119.23268676892076,-0.2128338191790834,0.1421177549513245,2.0390051362705375
56.49,-9.35483870967742,8.064516129032256,0.0,0.0,119.25143929154335,-0.2128545680838596,0.14183933518089087,2.0377457036420736
56.5,-9.35483870967742,8.064516129032256,0.0,0.0,50.15515751129746,-0.2128746260123271,0.14157226516915,2.036598031615075
56.51,-9.35483870967742,8.064516129032256,0.0,0.0,119.28895639613297,-0.21289388680035692,0.1413162322735957,2.0355608179112497
56.52,-9.35483870967742,8.064516129032256,0.0,0.0,119.30772064681747,-0.21291225202557362,0.14107093068720766,2.0346327176627645
56.53,-9.35483870967742,8.064516129032256,0.0,0.0,119.32648848645758,-0.2129296306957379,0.1408360613076921,2.0338123438955984
56.54,-9.35483870967742,8.064516129032256,0.0,0.0,50.23022138642004,-0.21294593894642688,0.14061133160928174,2.033098268044352
56.55,-9.35483870967742,8.064516129032256,0.0,0.0,119.36403433996527,-0.21296109974779398,0.14039645551699675,2.0324890205022466
56.56,-9.35483870967742,8.064516129032256,0.0,0.0,119.38281207228029,-0.21297504262017675,0.14019115328330078,2.0319830912105004
56.57,-9.35483870967742,8.064516129032256,-0.0,-0.0,119.40159283002728,-0.21298770335834027,0.1399951513670703,2.03157893029054
56.58,-9.35483870967742,8.064516129032256,-0.0,-0.0,119.4203764862668,-0.21299902376414415,0.13980818231481162,2.0312749487225465
56.59,-9.35483870967742,8.064516129032256,-0.0,-0.0,119.43916291923978,-0.2130089513874146,0.13962998464406573,2.0310695190737316
56.6,-9.35483870967742,8.064516129032256,-0.0,-0.0,119.4579520121802,-0.21301743927483108,0.1394603027289364,2.0309609762790526
56.61,-9.35483870967742,8.064516129032256,-0.0,-0.0,119.47674365313365,-0.2130244457266125,0.1392988866876942,2.0309476184773425
56.62,-9.35483870967742,8.064516129032256,-0.0,-0.0,119.49553773478151,-0.21302993406081483,0.13914549227240225,2.0310277079051082
56.63,-9.35483870967742,8.064516129032256,-0.0,-0.0,119.51433415427074,-0.21303387238504856,0.13899988076051428,2.0311994718500612
56.64,-9.35483870967742,8.064516129032256,-0.0,-0.0,119.53313281304912,-0.21303623337542354,0.1388618188484071,2.0314611036662744
56.65,-9.35483870967742,8.064516129032256,-0.0,-0.0,119.55193361670563,-0.21303699406253895,0.13873107854680145,2.0318107638522864
56.66,-9.35483870967742,8.064516129032256,-0.0,-0.0,119.57073647481604,-0.21303613562434465,0.13860743707803258,2.0322465811931507
56.67,-9.35483870967742,8.064516129032256,-0.0,-0.0,119.58954130079348,-0.21303364318568563,0.13849067677513838,2.0327666539673164
56.68,-9.35483870967742,8.064516129032256,-0.0,-0.0,119.60834801174376,-0.21302950562437128,0.13838058498272543,2.0333690512184
56.69,-9.35483870967742,8.064516129032256,-0.0,-0.0,119.62715652832544,-0.213023715383592,0.13827695395958528,2.0340518140919563
56.7,-9.35483870967742,8.064516129032256,-0.0,-0.0,119.64596677461455,-0.2130162682905229,0.13817958078302517,2.034812957236654
56.71,-9.35483870967742,8.064516129032256,-0.0,-0.0,119.66477867797359,-0.21300716338095282,0.13808826725488987,2.035650470269076
56.72,-9.35483870967742,8.064516129032256,-0.0,-0.0,119.68359216892497,-0.21299640272978304,0.13800281980924178,2.0365623193007942
56.73,-9.35483870967742,8.064516129032256,-0.0,-0.0,119.70240718102868,-0.21298399128724133,0.13792304942167077,2.037546448526091
56.74,-9.35483870967742,8.064516129032256,-0.0,-0.0,119.72122365076387,-0.21296993672066,0.1378487715202169,2.038600781868347
56.75,-9.35483870967742,8.064516129032256,-0.0,-0.0,119.7400415174146,-0.21295424926167383,0.13777980589787142,2.039723224682619
56.76,-9.35483870967742,8.064516129032256,-0.0,-0.0,119.75886072295928,-0.21293694155869647,0.13771597662663193,2.0409116655114667
56.77,-9.35483870967742,8.064516129032256,-0.0,-0.0,119.77768121196401,-0.21291802853452724,0.13765711197309838,2.0421639778912586
56.78,-9.35483870967742,8.064516129032256,-0.0,-0.0,119.79650293147934,-0.21289752724896094,0.13760304431557568,2.0434780222050914
56.79,-9.35483870967742,8.064516129032256,-0.0,-0.0,119.81532583094081,-0.21287545676626474,0.13755361006266198,2.0448516475786125
56.8,-9.35483870967742,8.064516129032256,-0.0,-0.0,119.8341498620727,-0.21285183802738494,0.13750864957330888,2.046282693814847
56.81,-9.35483870967742,8.064516129032256,-0.0,-0.0,119.85297497879529,-0.2128266937267671,0.1374680070783192,2.0477689933632717
56.82,-9.35483870967742,8.064516129032256,-0.0,-0.0,119.87180113713517,-0.21280004819365483,0.13743153060327107,2.0493083733187967
56.83,-9.35483870967742,8.064516129032256,-0.0,-0.0,119.89062829513884,-0.21277192727775296,0.1373990718928425,2.0508986574456247
56.84,-9.35483870967742,8.064516129032256,-0.0,-0.0,119.9094564127893,-0.21274235823913112,0.13737048633651383,2.0525376682209084
56.85,-9.35483870967742,8.064516129032256,-0.0,-0.0,50.81324707295008,-0.21271136964225468,0.1373456328956315,2.054223228893037
56.86,-9.35483870967742,8.064516129032256,-0.0,-0.0,119.94711537616493,-0.212678991254028,0.1373243740318092,2.055953165549072
56.87,-9.35483870967742,8.064516129032256,-0.0,-0.0,119.96594615082849,-0.2126452539457404,0.13730657563664428,2.0577253091858614
56.88,-9.35483870967742,8.064516129032256,-0.0,-0.0,50.86973936389317,-0.21261018959880273,0.13729210696273608,2.0595374977793486
56.89,-9.35483870967742,8.064516129032256,-0.0,-0.0,50.88857174182424,-0.21257383101417748,0.13728084055597478,2.0613875783462396
56.9,-9.35483870967742,8.064516129032256,-0.0,-0.0,50.90740487565558,-0.21253621182538718,0.13727265218909002,2.0632734089926426
56.91,-9.35483870967742,8.064516129032256,-0.0,-0.0,120.04127711580234,-0.21249736641500805,0.13726742079643617,2.065192860943992
56.92,-9.35483870967742,8.064516129032256,-0.0,-0.0,120.06011167712164,-0.21245732983455257,0.13726502840998756,2.0671438205505237
56.93,-9.35483870967742,8.064516129032256,-0.0,-0.0,120.07894691270529,-0.21241613772763257,0.13726536009653723,2.0691241912632283
56.94,-9.35483870967742,8.064516129032256,-0.0,-0.0,120.09778279792049,-0.21237382625632506,0.13726830389606204,2.0711318955744793
56.95,-9.35483870967742,8.064516129032256,-0.0,-0.0,120.11661930932975,-0.21233043203063406,0.13727375076125026,2.0731648769185544
56.96,-9.35483870967742,8.064516129032256,-0.0,-0.0,120.13545642463758,-0.21228599204096865,0.1372815944981597,2.0752211015267434
56.97,-9.35483870967742,8.064516129032256,-0.0,-0.0,51.03925574366365,-0.21224054359354327,0.13729173170799513,2.0772985602324248
56.98,-9.35483870967742,8.064516129032256,-0.0,-0.0,120.1731323831707,-0.2121941242486205,0.13730406172997678,2.079395270221311
56.99,-9.35483870967742,8.064516129032256,-0.0,-0.0,51.076932808087115,-0.21214677176150787,0.13731848658528734,2.081509276722745
57.0,-9.35483870967742,8.064516129032256,-0.0,-0.0,51.09577213711757,-0.2120985240262253,0.1373349109220786,2.0836386546379466
57.01,-9.35483870967742,8.064516129032256,-0.0,-0.0,120.22965035294467,-0.21204941902177388,0.13735324196150778,2.0857815101012114
57.02,-9.35483870967742,8.064516129032256,-0.0,-0.0,120.2484906811623,-0.21199949476091529,0.1373733894447976,2.0879359819709014
57.03,-9.35483870967742,8.064516129032256,-0.0,-0.0,120.26733148511231,-0.21194878924139182,0.1373952655812929,2.0901002432469573
57.04,-9.35483870967742,8.064516129032256,-0.0,-0.0,120.28617274994393,-0.21189734039951436,0.1374187849974975,2.0922725024120448
57.05,-9.35483870967742,8.064516129032256,-0.0,-0.0,120.30501446155186,-0.21184518606604363,0.13744386468707004,2.0944510046939517
57.06,-9.35483870967742,8.064516129032256,-0.0,-0.0,120.32385660654043,-0.21179236392429002,0.13747042396176656,2.096634033247165
57.07,-9.35483870967742,8.064516129032256,-0.0,-0.0,120.34269917218927,-0.21173891147037416,0.13749838440329964,2.0988199102515925
57.08,-9.35483870967742,8.064516129032256,-0.0,-0.0,120.36154214642032,-0.21168486597556468,0.13752766981611064,2.1010069979273984
57.09,-9.35483870967742,8.064516129032256,-0.0,-0.0,120.38038551776623,-0.21163026445064292,0.13755820618102477,2.1031936994644793
57.1,-9.35483870967742,8.064516129032256,-0.0,-0.0,120.39922927534002,-0.21157514361221852,0.13758992160977834,2.1053784598661474
57.11,-9.35483870967742,8.064516129032256,-0.0,-0.0,120.41807340880607,-0.21151953985094163,0.1376227463003955,2.107559766706379
57.12,-9.35483870967742,8.064516129032256,-0.0,-0.0,120.43691790835224,-0.21146348920154345,0.13765661249340289,2.1097361508008
57.13,-9.35483870967742,8.064516129032256,-0.0,-0.0,120.4557627646633,-0.21140702731465089,0.137691454428859,2.111906186791438
57.14,-9.35483870967742,8.064516129032256,-0.0,-0.0,120.4746079688953,-0.2113501894303108,0.13772720830418927,2.114068493646088
57.15,-9.35483870967742,8.064516129032256,-0.0,-0.0,120.4934535126512,-0.21129301035317805,0.137763812232798,2.1162217350727373
57.16,-9.35483870967742,8.064516129032256,-0.0,-0.0,120.51229938795748,-0.21123552442929427,0.13780120620345615,2.1183646198507224
57.17,-9.35483870967742,8.064516129032256,-0.0,-0.0,120.53114558724178,-0.21117776552442158,0.1378393320404363,2.1204959020795435
57.18,-9.35483870967742,8.064516129032256,-0.0,-0.0,120.54999210331151,-0.21111976700386714,0.13787813336438481,2.122614381347305
57.19,-9.35483870967742,8.064516129032256,-0.0,-0.0,120.5688389293334,-0.21106156171374657,0.13791755555391694,2.1247189028206153
57.2,-9.35483870967742,8.064516129032256,-0.0,-0.0,120.58768605881396,-0.21100318196364487,0.13795754570791474,2.1268083572579193
57.21,-9.35483870967742,8.064516129032256,-0.0,-0.0,120.60653348558087,-0.2109446595106168,0.13799805260851672,2.1288816809487336
57.22,-9.35483870967742,8.064516129032256,-0.0,-0.0,120.6253812037651,-0.21088602554448022,0.13803902668478574,2.1309378555812413
57.23,-9.35483870967742,8.064516129032256,-0.0,-0.0,120.64422920778395,-0.210827310674362,0.1380804199770359,2.1329759080407373
57.24,-9.35483870967742,8.064516129032256,-0.0,-0.0,120.6630774923248,-0.2107685449164436,0.13812218610180915,2.134994910141891
57.25,-9.35483870967742,8.064516129032256,-0.0,-0.0,120.68192605232964,-0.2107097576828647,0.13816428021748606,2.136993978297612
57.26,-9.35483870967742,8.064516129032256,-0.0,-0.0,120.70077488298033,-0.21065097777174446,0.1382066589905171,2.13897227312749
57.27,-9.35483870967742,8.064516129032256,-0.0,-0.0,120.7196239796845,-0.21059223335827248,0.13824928056226227,2.1409289990089806
57.28,-9.35483870967742,8.064516129032256,-0.0,-0.0,120.73847333806222,-0.2105335519868341,0.1382921045164256,2.142863403574376
57.29,-9.35483870967742,8.064516129032256,-0.0,-0.0,51.64228457495776,-0.21047496056412707,0.13833509184707238,2.1447747771567953
57.3,-9.35483870967742,8.064516129032256,-0.0,-0.0,120.77617282330472,-0.21041648535322954,0.13837820492721753,2.14666245218842
57.31,-9.35483870967742,8.064516129032256,-0.0,-0.0,120.79502294235995,-0.21035815196858543,0.1384214074779725,2.14852580255415
57.32,-9.35483870967742,8.064516129032256,-0.0,-0.0,120.81387330744714,-0.21029998537186778,0.13846466453823714,2.15036424290389
57.33,-9.35483870967742,8.064516129032256,-0.0,-0.0,120.83272391506908,-0.21024200986868113,0.13850794243493236,2.1521772279268427
57.34,-9.35483870967742,8.064516129032256,-0.0,-0.0,51.73653638289782,-0.2101842491060757,0.1385512087537517,2.1539642515906983
57.35,-9.35483870967742,8.064516129032256,-0.0,-0.0,120.87042584464244,-0.2101267260708306,0.1385944323104329,2.155724846349188
57.36,-9.35483870967742,8.064516129032256,-0.0,-0.0,120.88927716028572,-0.2100694630884795,0.13863758312252916,2.1574585823207952
57.37,-9.35483870967742,8.064516129032256,-0.0,-0.0,120.90812870583008,-0.21001248182304222,0.13868063238167716,2.1591650664418895
57.38,-9.35483870967742,8.064516129032256,-0.0,-0.0,120.92698047841242,-0.20995580327743513,0.13872355242634593,2.1608439415970313
57.39,-9.35483870967742,8.064516129032256,-0.0,-0.0,120.94583247527189,-0.20989944779452396,0.13876631671506456,2.162494885729533
57.4,-9.35483870967742,8.064516129032256,-0.0,-0.0,120.96468469374275,-0.209843435058796,0.1388088998001099,2.1641176109348543
57.41,-9.35483870967742,8.064516129032256,-0.0,-0.0,120.98353713124759,-0.2097877840986171,0.13885127730165592,2.165711862539728
57.42,-9.35483870967742,8.064516129032256,-0.0,-0.0,121.00238978529086,-0.20973251328905096,0.13889342588236475,2.167277418169401
57.43,-9.35483870967742,8.064516129032256,-0.0,-0.0,121.02124265345284,-0.20967764035520653,0.13893532322242286,2.168814086805755
57.44,-9.35483870967742,8.064516129032256,-0.0,-0.0,121.04009573338391,-0.209623182376094,0.13897694799500326,2.1703217078384
57.45,-9.35483870967742,8.064516129032256,-0.0,-0.0,121.05894902279913,-0.20956915578896185,0.13901827984215132,2.1718001501112023
57.46,-9.35483870967742,8.064516129032256,-0.0,-0.0,121.0778025194732,-0.2095155763940848,0.13905929935108752,2.1732493109664284
57.47,-9.35483870967742,8.064516129032256,-0.0,-0.0,121.09665622123562,-0.20946245935998642,0.13909998803091728,2.174669115288463
57.48,-9.35483870967742,8.064516129032256,-0.0,-0.0,121.11551012596622,-0.20940981922906743,0.13914032828973855,2.176059514549053
57.49,-9.35483870967742,8.064516129032256,-0.0,-0.0,121.13436423159094,-0.20935766992362004,0.13918030341214493,2.1774204858559667
57.5,-9.35483870967742,8.064516129032256,-0.0,-0.0,121.1532185360778,-0.20930602475220283,0.13921989753711472,2.1787520310067596
57.51,-9.35483870967742,8.064516129032256,-0.0,-0.0,121.17207303743326,-0.20925489641635897,0.13925909563627936,2.180054175549217
57.52,-9.35483870967742,8.064516129032256,-0.0,-0.0,121.19092773369867,-0.2092042970176533,0.13929788349256533,2.1813269678499956
57.53,-9.35483870967742,8.064516129032256,-0.0,-0.0,121.20978262294702,-0.2091542380650111,0.1393362476792026,2.182570478172811
57.54,-9.35483870967742,8.064516129032256,-0.0,-0.0,121.22863770327989,-0.2091047304823368,0.13937417553909448,2.183784797767497
57.55,-9.35483870967742,8.064516129032256,-0.0,-0.0,121.24749297282465,-0.20905578461639618,0.1394116551645418,2.1849700379710306
57.56,-9.35483870967742,8.064516129032256,-0.0,-0.0,121.26634842973176,-0.20900741024494052,0.13944867537731864,2.1861263293217186
57.57,-9.35483870967742,8.064516129032256,-0.0,-0.0,121.28520407217235,-0.20895961658505768,0.13948522570909028,2.1872538206873804
57.58,-9.35483870967742,8.064516129032256,-0.0,-0.0,52.18902151936042,-0.20891241230173418,0.13952129638216937,2.1883526784084335
57.59,-9.35483870967742,8.064516129032256,-0.0,-0.0,121.32291590642807,-0.20886580551660727,0.13955687829060737,2.1894230854567565
57.6,-9.35483870967742,8.064516129032256,-0.0,-0.0,121.34177209466891,-0.2088198038168959,0.13959196298161303,2.1904652406109197
57.61,-9.35483870967742,8.064516129032256,-0.0,-0.0,121.36062846129089,-0.20877441426449128,0.13962654263729546,2.191479357648455
57.62,-9.35483870967742,8.064516129032256,-0.0,-0.0,121.37948500453729,-0.20872964340519673,0.13966061005672448,2.192465664555635
57.63,-9.35483870967742,8.064516129032256,-0.0,-0.0,121.39834172266067,-0.20868549727809582,0.13969415863830847,2.19342440275536
57.64,-9.35483870967742,8.064516129032256,-0.0,-0.0,121.4171986139215,-0.2086419814250431,0.13972718236247839,2.1943558263533163
57.65,-9.35483870967742,8.064516129032256,-0.0,-0.0,121.43605567658682,-0.20859910090025713,0.13975967577468007,2.195260201402926
57.66,-9.35483870967742,8.064516129032256,-0.0,-0.0,121.45491290892915,-0.20855686028000664,0.13979163396866678,2.1961378051892138
57.67,-9.35483870967742,8.064516129032256,-0.0,-0.0,121.47377030922537,-0.20851526367237638,0.13982305257008987,2.1969889255318775
57.68,-9.35483870967742,8.064516129032256,-0.0,-0.0,121.49262787575583,-0.2084743147271011,0.1398539277203823,2.1978138601075567
57.69,-9.35483870967742,8.064516129032256,0.0,-0.0,121.51148560680348,-0.20843401664545758,0.13988425606093025,2.1986129157914696
57.7,-9.35483870967742,8.064516129032256,0.0,-0.0,121.53034350065307,-0.20839437219019785,0.13991403471753572,2.199386408018576
57.71,-9.35483870967742,8.064516129032256,0.0,-0.0,121.54920155559059,-0.20835538369552298,0.13994326128515366,2.200134660163876
57.72,-9.35483870967742,8.064516129032256,0.0,-0.0,121.56805976990252,-0.20831705307707626,0.13997193381291517,2.2008580029422564
57.73,-9.35483870967742,8.064516129032256,0.0,-0.0,121.58691814187549,-0.20827938184195682,0.1400000507894199,2.201556773827332
57.74,-9.35483870967742,8.064516129032256,0.0,-0.0,121.60577666979573,-0.20824237109873345,0.14002761112830464,2.202231316489555
57.75,-9.35483870967742,8.064516129032256,0.0,-0.0,121.62463535194874,-0.20820602156745893,0.1400546141540785,2.2028819802531285
57.76,-9.35483870967742,8.064516129032256,0.0,-0.0,121.64349418661897,-0.2081703335896713,0.1400810595882226,2.2035091195716108
57.77,-9.35483870967742,8.064516129032256,0.0,-0.0,52.54731479311413,-0.20813530713837514,0.1401069475355532,2.2041130935220483
57.78,-9.35483870967742,8.064516129032256,0.0,-0.0,121.6812123066423,-0.20810094182799466,0.14013227847084342,2.20469426531734
57.79,-9.35483870967742,8.064516129032256,0.0,-0.0,121.70007158855721,-0.20806723692429185,0.14015705322570093,2.2052530018365264
57.8,-9.35483870967742,8.064516129032256,0.0,-0.0,121.71893101611272,-0.2080341913542404,0.1401812729756996,2.2057896731727924
57.81,-9.35483870967742,8.064516129032256,0.0,-0.0,121.7377905875855,-0.2080018037158532,0.14020493922775945,2.2063046521987544
57.82,-9.35483870967742,8.064516129032256,0.0,-0.0,121.75665030125047,-0.20797007228795172,0.1402280538077746,2.2067983141488092
57.83,-9.35483870967742,8.064516129032256,0.0,-0.0,121.77551015538093,-0.2079389950398739,0.14025061884848655,2.207271036218188
57.84,-9.35483870967742,8.064516129032256,0.0,-0.0,121.7943701482485,-0.20790856964111315,0.1402726367775995,2.2077231971783506
57.85,-9.35483870967742,8.064516129032256,0.0,-0.0,121.81323027812337,-0.20787879347088578,0.14029411030613181,2.208155177008289
57.86,-9.35483870967742,8.064516129032256,0.0,-0.0,121.83209054327435,-0.2078496636276177,0.14031504241700787,2.2085673565415336
57.87,-9.35483870967742,8.064516129032256,0.0,-0.0,121.85095094196909,-0.20782117693834867,0.14033543635387957,2.208960117128326
57.88,-9.35483870967742,8.064516129032256,0.0,-0.0,121.8698114724743,-0.2077933299680471,0.14035529561018223,2.20933384031267
57.89,-9.35483870967742,8.064516129032256,0.0,-0.0,121.88867213305592,-0.20776611902883124,0.1403746239184177,2.2096889075239012
57.9,-9.35483870967742,8.064516129032256,0.0,-0.0,121.90753292197942,-0.20773954018909502,0.14039342523966247,2.2100256997822556
57.91,-9.35483870967742,8.064516129032256,0.0,-0.0,121.92639383751008,-0.20771358928253136,0.14041170375330048,2.2103445974182003
57.92,-9.35483870967742,8.064516129032256,0.0,-0.0,121.9452548779132,-0.2076882619170498,0.14042946384697708,2.2106459798051237
57.93,-9.35483870967742,8.064516129032256,0.0,-0.0,121.9641160414545,-0.20766355348358756,0.1404467101067708,2.210930225104855
57.94,-9.35483870967742,8.064516129032256,0.0,-0.0,121.9829773264004,-0.2076394591648083,0.1404634473075803,2.2111977100258136
57.95,-9.35483870967742,8.064516129032256,0.0,-0.0,122.00183873101832,-0.20761597394368392,0.14047968040372794,2.211448809593344
57.96,-9.35483870967742,8.064516129032256,0.0,-0.0,122.0207002535771,-0.20759309261196413,0.14049541451977,2.21168389693173
57.97,-9.35483870967742,8.064516129032256,0.0,-0.0,122.0395618923473,-0.20757080977851927,0.1405106549415206,2.211903343057806
57.98,-9.35483870967742,8.064516129032256,0.0,-0.0,122.05842364560156,-0.2075491198775664,0.140525407107278,2.2121075166854527
57.99,-9.35483870967742,8.064516129032256,0.0,-0.0,122.07728551161506,-0.20752801717676672,0.14053967659925737,2.212296784040916
58.0,-9.35483870967742,8.064516129032256,0.0,-0.0,52.981109109690316,-0.20750749578519778,0.14055346913522448,2.212471508688394
58.01,-9.35483870967742,8.70967741935484,0.0,-0.0,122.1150350793646,-0.20719564829766357,0.1945389359980062,2.202028424745228
58.02,-9.35483870967742,8.70967741935484,0.0,-0.0,122.13394741996822,-0.2069037306614867,0.1933310094041215,2.191700463161065
58.03,-9.35483870967742,8.70967741935484,0.0,-0.0,122.15288367408857,-0.20663079029222697,0.19215479066001584,2.1814899826391714
58.04,-9.35483870967742,8.70967741935484,0.0,-0.0,122.17184303188152,-0.20637590751449897,0.19100959087821767,2.1713992769461545
58.05,-9.35483870967742,8.70967741935484,0.0,-0.0,122.1908247092582,-0.2061381947234635,0.18989473689568082,2.1614305751604617
58.06,-9.35483870967742,8.70967741935484,0.0,-0.0,122.20982794711836,-0.20591679555762865,0.1888095707616334,2.1515860420874726
58.07,-9.35483870967742,8.70967741935484,0.0,-0.0,122.22885201060541,-0.2057108840834877,0.1877534492459707,2.1418677788297846
58.08,-9.35483870967742,8.70967741935484,0.0,-0.0,122.24789618838238,-0.20551966399245802,0.1867257433676004,2.132277823500959
58.09,-9.35483870967742,8.70967741935484,0.0,-0.0,122.26695979192847,-0.20534236781051296,0.18572583794213693,2.122818152070628
58.1,-9.35483870967742,8.70967741935484,0.0,-0.0,122.28604215485547,-0.2051782561208435,0.18475313114833403,2.1134906793287445
58.11,-9.35483870967742,8.70967741935484,0.0,-0.0,122.3051426322438,-0.20502661679983258,0.183807034112631,2.1042972599563377
58.12,-9.35483870967742,8.70967741935484,0.0,-0.0,122.32426059999739,-0.20488676426656038,0.18288697051120473,2.095239689690635
58.13,-9.35483870967742,8.70967741935484,0.0,-0.0,122.34339545421703,-0.2047580387460377,0.18199237618889164,2.086319706571508
58.14,-9.35483870967742,8.70967741935484,0.0,-0.0,122.36254661059169,-0.20463980554629002,0.1811226987943737,2.077538992257248
58.15,-9.35483870967742,8.70967741935484,0.0,-0.0,122.38171350380728,-0.20453145434940256,0.18027739743100668,2.0688991733968924
58.16,-9.35483870967742,8.70967741935484,0.0,-0.0,122.4008955869724,-0.204432398516583,0.17945594232268613,2.060401823047096
58.17,-9.35483870967742,8.70967741935484,0.0,-0.0,122.42009233106057,-0.20434207440726937,0.17865781449415374,2.0520484621215385
58.18,-9.35483870967742,8.70967741935484,0.0,-0.0,122.43930322436862,-0.2042599407122908,0.17788250546514472,2.043840560860768
58.19,-9.35483870967742,8.70967741935484,0.0,-0.0,122.4585277719905,-0.20418547780104146,0.1771295169578101,2.0357795403114145
58.2,-9.35483870967742,8.70967741935484,0.0,-0.0,122.47776549530644,-0.2041181870826212,0.17639836061683523,2.0278667738032254
58.21,-9.35483870967742,8.70967741935484,0.0,-0.0,122.49701593148669,-0.20405759038087024,0.1756885577417031,2.020103588413082
58.22,-9.35483870967742,8.70967741935484,0.0,-0.0,122.51627863300965,-0.20400322932319293,0.1749996390305637,2.012491266405584
58.23,-9.35483870967742,8.70967741935484,0.0,-0.0,122.53555316719392,-0.20395466474306767,0.17433114433517816,2.005031046639904
58.24,-9.35483870967742,8.70967741935484,0.0,-0.0,122.5548391157438,-0.20391147609610472,0.17368262242643018,1.9977241259331815
58.25,-9.35483870967742,8.70967741935484,0.0,-0.0,122.57413607430793,-0.20387326088951707,0.17305363076990232,1.990571660370956
58.26,-9.35483870967742,8.70967741935484,0.0,-0.0,122.59344365205065,-0.20383963412483896,0.17244373531104318,1.9835747665557866
58.27,-9.35483870967742,8.70967741935484,0.0,-0.0,122.61276147123583,-0.20381022775373536,0.1718525102694517,1.9767345227851814
58.28,-9.35483870967742,8.70967741935484,0.0,-0.0,122.63208916682257,-0.2037846901467163,0.17127953794183925,1.9700519701509394
58.29,-9.35483870967742,8.70967741935484,0.0,-0.0,122.65142638607269,-0.203762685574579,0.1707244085132278,1.9635281135518052
58.3,-9.35483870967742,8.70967741935484,0.0,-0.0,122.6707727881695,-0.20374389370238366,0.17018671987597334,1.9571639226121738
58.31,-9.35483870967742,8.70967741935484,0.0,-0.0,122.69012804384761,-0.20372800909576505,0.16966607745621287,1.9509603324998281
58.32,-9.35483870967742,8.70967741935484,0.0,-0.0,122.70949183503339,-0.20371474073938056,0.16916209404734772,1.9449182446360147
58.33,-9.35483870967742,8.70967741935484,0.0,-0.0,122.7288638544959,-0.2037038115672859,0.16867438965019965,1.9390385272917463
58.34,-9.35483870967742,8.70967741935484,0.0,-0.0,122.74824380550778,-0.20369495800503223,0.16820259131948478,1.9333220160645093
58.35,-9.35483870967742,8.70967741935484,0.0,-0.0,122.76763140151613,-0.20368792952327586,0.1677463330162644,1.927769514229776
58.36,-9.35483870967742,8.70967741935484,0.0,-0.0,122.78702636582267,-0.20368248820267965,0.16730525546606123,1.922381792962692
58.37,-9.35483870967742,8.70967741935484,0.0,-0.0,122.80642843127337,-0.20367840830990513,0.16687900602232086,1.9171595914248827
58.38,-9.35483870967742,8.70967741935484,0.0,-0.0,122.82583733995696,-0.2036754758844732,0.16646723853493628,1.9121036167124834
58.39,-9.35483870967742,8.70967741935484,0.0,-0.0,122.84525284291216,-0.20367348833628196,0.1660696132235535,1.9072145436614971
58.4,-9.35483870967742,8.70967741935484,0.0,-0.0,122.86467469984345,-0.20367225405357148,0.16568579655539262,1.902493014507102
58.41,-9.35483870967742,8.70967741935484,0.0,-0.0,122.88410267884504,-0.20367159202112195,0.16531546112733642,1.8979396383939908
58.42,-9.35483870967742,8.70967741935484,0.0,-0.0,122.9035365561329,-0.2036713314484755,0.1649582855520456,1.8935549907352036
58.43,-9.35483870967742,8.70967741935484,0.0,-0.0,122.92297611578455,-0.20367131140797445,0.16461395434787873,1.889339612417536
58.44,-9.35483870967742,8.70967741935484,0.0,-0.0,53.82738277051091,-0.20367138048240807,0.16428215783239986,1.8852940088518337
58.45,-9.35483870967742,8.70967741935484,0.0,-0.0,122.9618714562884,-0.20367139642206777,0.16396259201927432,1.8814186488671498
58.46,-9.35483870967742,8.70967741935484,0.0,-0.0,122.98132684236623,-0.20367122581100083,0.16365495851836576,1.8777139634484414
58.47,-9.35483870967742,8.70967741935484,0.0,-0.0,123.00078712078972,-0.20367074374227556,0.1633589644388479,1.8741803443175122
58.48,-9.35483870967742,8.70967741935484,0.0,-0.0,123.02025211129876,-0.20366983350205325,0.16307432229516727,1.8708181423580148
58.49,-9.35483870967742,8.70967741935484,0.0,-0.0,123.03972164008535,-0.20366838626227568,0.16280074991569815,1.8676276658857986
58.5,-9.35483870967742,8.70967741935484,0.0,-0.0,123.0591955395822,-0.20366630078178038,0.16253797035393736,1.86460917876634
58.51,-9.35483870967742,8.70967741935484,0.0,-0.0,123.07867364825758,-0.20366348311565563,0.16228571180209939,1.861762898381889
58.52,-9.35483870967742,8.70967741935484,0.0,-0.0,123.09815581041609,-0.20365984633265177,0.1620437075069815,1.8590889934516597
58.53,-9.35483870967742,8.70967741935484,0.0,-0.0,123.11764187600548,-0.20365531024046613,0.1618116956879735,1.8565875817091426
58.54,-9.35483870967742,8.70967741935484,0.0,-0.0,123.13713170042907,-0.2036498011187292,0.1615894194570977,1.854258727441389
58.55,-9.35483870967742,8.70967741935484,0.0,-0.0,123.1566251443638,-0.2036432514595139,0.16137662674096898,1.8521024388959975
58.56,-9.35483870967742,8.70967741935484,0.0,-0.0,123.1761220735837,-0.20363559971519918,0.1611730702045766,1.8501186655625448
58.57,-9.35483870967742,8.70967741935484,0.0,-0.0,123.19562235878857,-0.20362679005352113,0.16097850717678874,1.8483072953358866
58.58,-9.35483870967742,8.70967741935484,0.0,-0.0,123.21512587543788,-0.20361677211964746,0.16079269957749598,1.846668151569984
58.59,-9.35483870967742,8.70967741935484,0.0,-0.0,123.2346325035896,-0.2036055008051132,0.16061541384630773,1.845200990031806
58.6,-9.35483870967742,8.70967741935484,0.0,-0.0,123.25414212774386,-0.20359293602346218,0.1604464208727272,1.8439054957659584
58.61,-9.35483870967742,8.70967741935484,0.0,-0.0,123.27365463669148,-0.2035790424924414,0.16028549592772934,1.8427812798815844
58.62,-9.35483870967742,8.70967741935484,0.0,-0.0,123.29316992336682,-0.2035637895225898,0.16013241859668303,1.8418278762747153
58.63,-9.35483870967742,8.70967741935484,0.0,-0.0,123.31268788470543,-0.2035471508120863,0.15998697271354378,1.8410447382994597
58.64,-9.35483870967742,8.70967741935484,0.0,-0.0,123.33220842150577,-0.20352910424769832,0.1598489462962699,1.84043123540371
58.65,-9.35483870967742,8.70967741935484,0.0,-0.0,123.35173143829537,-0.20350963171170133,0.1597181314834023,1.839986649745056
58.66,-9.35483870967742,8.70967741935484,0.0,-0.0,123.37125684320097,-0.20348871889461972,0.1595943244717607,1.8397101728046836
58.67,-9.35483870967742,8.70967741935484,0.0,-0.0,123.39078454782269,-0.20346635511366307,0.1594773254552072,1.8396009020173583
58.68,-9.35483870967742,8.70967741935484,0.0,-0.0,123.4103144671122,-0.20344253313671767,0.1593669385644374,1.8396578374372952
58.69,-9.35483870967742,8.70967741935484,0.0,-0.0,123.42984651925454,-0.20341724901176594,0.1592629718077565,1.839879878460426
58.7,-9.35483870967742,8.70967741935484,0.0,-0.0,123.44938062555373,-0.20339050190160712,0.15916523701280372,1.8402658206245435
58.71,-9.35483870967742,8.70967741935484,0.0,-0.0,123.46891671032192,-0.20336229392375182,0.15907354976919275,1.840814352509978
58.72,-9.35483870967742,8.70967741935484,0.0,-0.0,123.48845470077205,-0.20333262999537116,0.15898772937203098,1.8415240527639136
58.73,-9.35483870967742,8.70967741935484,0.0,-0.0,123.50799452691389,-0.20330151768317928,0.158907598766294,1.8423933872724927
58.74,-9.35483870967742,8.70967741935484,0.0,-0.0,123.52753612145341,-0.20326896705813347,0.15883298449202155,1.843420706505155
58.75,-9.35483870967742,8.70967741935484,0.0,-0.0,123.54707941969532,-0.20323499055483474,0.15876371663031563,1.8446042430564416
58.76,-9.35483870967742,8.70967741935484,0.0,-0.0,123.56662435944878,-0.20319960283552063,0.1586996287501088,1.8459421094103294
58.77,-9.35483870967742,8.70967741935484,0.0,-0.0,123.5861708809361,-0.20316282065853786,0.15864055785568876,1.8474322959526837
58.78,-9.35483870967742,8.70967741935484,0.0,0.0,123.6057189267044,-0.2031246627511868,0.15858634433495022,1.849072669257085
58.79,-9.35483870967742,8.70967741935484,0.0,0.0,123.6252684415402,-0.20308514968683522,0.15853683190836199,1.8508609706690256
58.8,-9.35483870967742,8.70967741935484,0.0,0.0,123.64481937238673,-0.20304430376619598,0.15849186757862432,1.852794815212979
58.81,-9.35483870967742,8.70967741935484,0.0,0.0,123.66437166826398,-0.20300214890266743,0.1584513015810055,1.8548716908461107
58.82,-9.35483870967742,8.70967741935484,0.0,0.0,123.68392528019136,-0.2029587105116405,0.15841498733433612,1.8570889580811971
58.83,-9.35483870967742,8.70967741935484,0.0,0.0,123.70348016111296,-0.20291401540367127,0.15838278139265027,1.8594438500003077
58.84,-9.35483870967742,8.70967741935484,0.0,0.0,123.72303626582527,-0.20286809168142916,0.1583545433974577,1.8619334726790826
58.85,-9.35483870967742,8.70967741935484,0.0,0.0,123.74259355090736,-0.20282096864032406,0.1583301360306315,1.8645548060395927
58.86,-9.35483870967742,8.70967741935484,0.0,0.0,123.7621519746533,-0.20277267667272103,0.15830942496790446,1.8673047051481368
58.87,-9.35483870967742,8.70967741935484,0.0,0.0,123.78171149700705,-0.20272324717565837,0.15829227883295516,1.8701799019711538
58.88,-9.35483870967742,8.70967741935484,0.0,0.0,123.80127207949931,-0.20267271246197416,0.1582785691520776,1.8731770076009588
58.89,-9.35483870967742,8.70967741935484,0.0,0.0,123.82083368518678,-0.20262110567476332,0.15826817030942053,1.8762925149591323
58.9,-9.35483870967742,8.70967741935484,0.0,0.0,123.84039627859335,-0.20256846070507484,0.1582609595027883,1.8795228019832975
58.91,-9.35483870967742,8.70967741935484,0.0,0.0,123.85995982565329,-0.2025148121127699,0.15825681669999225,1.8828641352991773
58.92,-9.35483870967742,8.70967741935484,0.0,0.0,123.87952429365657,-0.20246019505046164,0.1582556245957426,1.886312674376673
58.93,-9.35483870967742,8.70967741935484,0.0,0.0,123.89908965119594,-0.20240464519045442,0.15825726856907274,1.889864476165354
58.94,-9.35483870967742,8.70967741935484,0.0,0.0,123.91865586811589,-0.2023481986546064,0.15826163664128745,1.8935155002009392
58.95,-9.35483870967742,8.70967741935484,0.0,0.0,123.93822291546347,-0.20229089194704009,0.15826861943442572,1.8972616141707468
58.96,-9.35483870967742,8.70967741935484,0.0,0.0,123.95779076544079,-0.20223276188962647,0.15827811013022963,1.9010985999223802
58.97,-9.35483870967742,8.70967741935484,0.0,0.0,123.9773593913592,-0.20217384556016726,0.15829000442961516,1.9050221598965476
58.98,-9.35483870967742,8.70967741935484,0.0,0.0,123.99692876759516,-0.20211418023320804,0.15830420051262906,1.909027923960701
58.99,-9.35483870967742,8.70967741935484,0.0,0.0,124.01649886954769,-0.2020538033234086,0.1583205989988945,1.9131114566174958
59.0,-9.35483870967742,8.70967741935484,0.0,0.0,124.03606967359728,-0.20199275233140201,0.15833910290853137,1.9172682645581531
59.01,-9.35483870967742,8.70967741935484,0.0,0.0,124.05564115706642,-0.20193106479207734,0.15835961762354567,1.9214938045279681
59.02,-9.35483870967742,8.70967741935484,0.0,0.0,124.07521329818144,-0.20186877822521732,0.15838205084968215,1.9257834914683485
59.03,-9.35483870967742,8.70967741935484,0.0,0.0,124.09478607603586,-0.2018059300884283,0.15840631257873372,1.930132706897132
59.04,-9.35483870967742,8.70967741935484,0.0,0.0,124.11435947055503,-0.2017425577322962,0.15843231505129818,1.934536807486755
59.05,-9.35483870967742,8.70967741935484,0.0,0.0,124.13393346246208,-0.20167869835770946,0.1584599727199808,1.9389911337979393
59.06,-9.35483870967742,8.70967741935484,0.0,0.0,124.1535080332452,-0.2016143889752855,0.1584892022130303,1.9434910191249801
59.07,-9.35483870967742,8.70967741935484,0.0,0.0,124.17308316512606,-0.20154966636684113,0.1585199222984086,1.9480317984079243
59.08,-9.35483870967742,8.70967741935484,0.0,0.0,124.1926588410295,-0.2014845670488501,0.15855205384828241,1.952608817165754
59.09,-9.35483870967742,8.70967741935484,0.0,0.0,124.2122350445543,-0.2014191272378264,0.15858551980393476,1.9572174404051288
59.1,-9.35483870967742,8.70967741935484,0.0,0.0,124.23181175994517,-0.20135338281758242,0.15862024514108908,1.9618530614586878
59.11,-9.35483870967742,8.70967741935484,0.0,0.0,124.25138897206566,-0.2012873693083006,0.15865615683564027,1.9665111107083857
59.12,-9.35483870967742,8.70967741935484,0.0,0.0,124.27096666637222,-0.2012211218373685,0.1586931838297868,1.9711870641495595
59.13,-9.35483870967742,8.70967741935484,0.0,0.0,124.2905448288893,-0.20115467511192464,0.15873125699855917,1.9758764517536105
59.14,-9.35483870967742,8.70967741935484,0.0,0.0,124.31012344618526,-0.20108806339305718,0.15877030911673995,1.980574865588666
59.15,-9.35483870967742,8.70967741935484,0.0,0.0,124.3297025053494,-0.20102132047161414,0.1588102748261666,1.9852779676597259
59.16,-9.35483870967742,8.70967741935484,0.0,0.0,124.3492819939698,-0.200954479645565,0.15885109060341707,1.9899814974327699
59.17,-9.35483870967742,8.70967741935484,0.0,0.0,124.36886190011201,-0.20088757369887233,0.15889269472786993,1.9946812790096655
59.18,-9.35483870967742,8.70967741935484,0.0,0.0,124.3884422122987,-0.20082063488182134,0.15893502725013342,1.9993732279240335
59.19,-9.35483870967742,8.70967741935484,0.0,0.0,124.40802291948998,-0.20075369489276207,0.1589780299608421,2.0040533575315496
59.2,-9.35483870967742,8.70967741935484,0.0,0.0,124.42760401106463,-0.20068678486121794,0.15902164635981164,2.0087177849713407
59.21,-9.35483870967742,8.70967741935484,0.0,0.0,124.44718547680205,-0.20061993533231537,0.1590658216255516,2.0133627366790683
59.22,-9.35483870967742,8.70967741935484,0.0,0.0,124.46676730686488,-0.2005531762524898,0.15911050258512982,2.017984553435658
59.23,-9.35483870967742,8.70967741935484,0.0,0.0,124.48634949178245,-0.20048653695642737,0.1591556376843828,2.022579694939194
59.24,-9.35483870967742,8.70967741935484,0.0,0.0,124.50593202243478,-0.20042004615519593,0.15920117695846903,2.027144743891525
59.25,-9.35483870967742,8.70967741935484,0.0,0.0,124.52551489003737,-0.20035373192552852,0.15924707200276167,2.031676409594194
59.26,-9.35483870967742,8.70967741935484,0.0,0.0,124.5450980861265,-0.20028762170021486,0.15929327594407683,2.0361715310523216
59.27,-9.35483870967742,8.70967741935484,0.0,0.0,124.5646816025452,-0.20022174225956435,0.1593397434122299,2.0406270795877317
59.28,-9.35483870967742,8.70967741935484,0.0,0.0,124.58426543142986,-0.20015611972390046,0.15938643051192036,2.0450401609664968
59.29,-9.35483870967742,8.70967741935484,0.0,0.0,124.60384956519724,-0.20009077954704735,0.15943329479494084,2.0494080170485782
59.3,-9.35483870967742,8.70967741935484,0.0,0.0,124.62343399653224,-0.20002574651077498,0.1594802952327019,2.053728026970087
59.31,-9.35483870967742,8.70967741935484,0.0,0.0,55.527980339400614,-0.19996104472016385,0.15952739218907752,2.0579977078713756
59.32,-9.35483870967742,8.70967741935484,0.0,0.0,124.66260372391487,-0.19989669759985385,0.15957454739355903,2.062214715186354
59.33,-9.35483870967742,8.70967741935484,0.0,0.0,124.68218900656899,-0.19983272789114515,0.1596217239147203,2.066376842510296
59.34,-9.35483870967742,8.70967741935484,0.0,0.0,124.70177455998254,-0.19976915764991443,0.15966888613398944,2.07048202106559
59.35,-9.35483870967742,8.70967741935484,0.0,0.0,124.72136037801356,-0.19970600824531592,0.1597159997197205,2.0745283187857257
59.36,-9.35483870967742,8.70967741935484,0.0,0.0,124.74094645472452,-0.19964330035923317,0.15976303160156857,2.0785139390398673
59.37,-9.35483870967742,8.70967741935484,0.0,0.0,55.6454944053978,-0.1995810539864502,0.15980994994516096,2.0824372190206235
59.38,-9.35483870967742,8.70967741935484,0.0,0.0,124.78011936140432,-0.19951928843551436,0.1598567241270591,2.0862966278185655
59.39,-9.35483870967742,8.70967741935484,0.0,0.0,124.79970618044071,-0.19945802233025556,0.1599033247100189,2.090090764208009
59.4,-9.35483870967742,8.70967741935484,0.0,0.0,124.81929323627594,-0.19939727361193738,0.15994972341853309,2.0938183541679596
59.41,-9.35483870967742,8.70967741935484,0.0,0.0,124.83888052386651,-0.19933705954201064,0.15999589311466433,2.097478248162946
59.42,-9.35483870967742,8.70967741935484,0.0,0.0,124.85846803832469,-0.19927739670543854,0.16004180777416033,2.101069418207979
59.43,-9.35483870967742,8.70967741935484,0.0,0.0,124.87805577491162,-0.19921830101457072,0.16008744246285278,2.1045909547416506
59.44,-9.35483870967742,8.70967741935484,0.0,0.0,124.89764372903073,-0.1991597877135366,0.1601327733133331,2.1080420633307244
59.45,-9.35483870967742,8.70967741935484,0.0,0.0,124.9172318962215,-0.1991018713831343,0.1601777775019081,2.111422061229332
59.46,-9.35483870967742,8.70967741935484,0.0,0.0,124.9368202721534,-0.19904456594618847,0.16022243322582952,2.114730373814711
59.47,-9.35483870967742,8.70967741935484,0.0,0.0,124.95640885262024,-0.19898788467335415,0.16026671968079753,2.117966530920977
59.48,-9.35483870967742,8.70967741935484,0.0,0.0,124.97599763353472,-0.1989318401893425,0.1603106170387355,2.121130163091078
59.49,-9.35483870967742,8.70967741935484,0.0,0.0,124.99558661092317,-0.1988764444795441,0.1603541064258348,2.1242209977665407
59.5,-9.35483870967742,8.70967741935484,0.0,0.0,125.01517578092064,-0.19882170889702977,0.16039716990086794,2.1272388554330672
59.51,-9.35483870967742,8.70967741935484,0.0,0.0,125.03476513976621,-0.19876764416990578,0.16043979043376633,2.1301836457392413
59.52,-9.35483870967742,8.70967741935484,0.0,0.0,125.05435468379841,-0.1987142604090003,0.16048195188446535,2.133055363604573
59.53,-9.35483870967742,8.70967741935484,0.0,0.0,125.073944409451,-0.19866156711586602,0.16052363898201027,2.1358540853314683
59.54,-9.35483870967742,8.70967741935484,0.0,0.0,125.09353431324885,-0.19860957319107164,0.16056483730392612,2.1385799647351744
59.55,-9.35483870967742,8.70967741935484,0.0,0.0,125.11312439180408,-0.19855828694277056,0.16060553325584492,2.1412332293040772
59.56,-9.35483870967742,8.70967741935484,0.0,0.0,125.1327146418123,-0.1985077160955202,0.16064571405139583,2.143814176402094
59.57,-9.35483870967742,8.70967741935484,0.0,0.0,125.15230506004916,-0.1984578677993416,0.1606853676923491,2.1463231695232206
59.58,-9.35483870967742,8.70967741935484,0.0,0.0,125.17189564336694,-0.19840874863899405,0.16072448294901942,2.148760634607877
59.59,-9.35483870967742,8.70967741935484,0.0,0.0,125.19148638869137,-0.1983603646434532,0.1607630493409229,2.1511270564290577
59.6,-9.35483870967742,8.70967741935484,0.0,0.0,125.21107729301863,-0.1983127212955741,0.1608010571176881,2.1534229750557063
59.61,-9.35483870967742,8.70967741935484,0.0,0.0,125.23066835341241,-0.1982658235419219,0.16083849724022137,2.155648982399635
59.62,-9.35483870967742,8.70967741935484,0.0,0.0,125.2502595670012,-0.1982196758027568,0.1608753613621231,2.157805718851354
59.63,-9.35483870967742,8.70967741935484,0.0,0.0,56.154812552000195,-0.19817428198215659,0.16091164181135398,2.159893870009442
59.64,-9.35483870967742,8.70967741935484,0.0,0.0,125.28944244258612,-0.1981296454782634,0.16094733157215346,2.1619141635072503
59.65,-9.35483870967742,8.70967741935484,0.0,0.0,125.30903409914032,-0.19808576919364018,0.16098242426720433,2.1638673659398804
59.66,-9.35483870967742,8.70967741935484,0.0,0.0,125.32862589800104,-0.1980426555457223,0.16101691414004726,2.165754279893947
59.67,-9.35483870967742,8.70967741935484,0.0,0.0,125.34821783658404,-0.19800030647735345,0.1610507960377413,2.167575741081613
59.68,-9.35483870967742,8.70967741935484,0.0,0.0,125.36780991235605,-0.19795872346739096,0.16108406539377007,2.1693326155801977
59.69,-9.35483870967742,8.70967741935484,0.0,0.0,125.38740212283282,-0.19791790754136984,0.16111671821119433,2.1710257971777818
59.7,-9.35483870967742,8.70967741935484,0.0,0.0,125.40699446557733,-0.19787785928221335,0.1611487510460472,2.172656204825005
59.71,-9.35483870967742,8.70967741935484,0.0,0.0,125.42658693819801,-0.19783857884097833,0.16118016099097354,2.174224780192581
59.72,-9.35483870967742,8.70967741935484,0.0,0.0,125.44617953834717,-0.19780006594762523,0.16121094565911265,2.1757324853338766
59.73,-9.35483870967742,8.70967741935484,0.0,0.0,125.46577226371936,-0.19776231992180238,0.16124110316821982,2.1771803004512895
59.74,-9.35483870967742,8.70967741935484,0.0,0.0,125.48536511204999,-0.19772533968363382,0.16127063212503157,2.178569221765131
59.75,-9.35483870967742,8.70967741935484,0.0,0.0,125.50495808111387,-0.1976891237645012,0.16129953160986843,2.179900259483261
59.76,-9.35483870967742,8.70967741935484,0.0,0.0,125.52455116872386,-0.19765367031781045,0.1613278011614797,2.181174435869468
59.77,-9.35483870967742,8.70967741935484,0.0,0.0,125.54414437272969,-0.19761897712973686,0.16135544076212094,2.1823927834083734
59.78,-9.35483870967742,8.70967741935484,0.0,0.0,125.5637376910167,-0.19758504162993407,0.16138245082287506,2.1835563430648173
59.79,-9.35483870967742,8.70967741935484,0.0,0.0,125.58333112150471,-0.1975518609022061,0.1614088321692051,2.1846661626348487
59.8,-9.35483870967742,8.70967741935484,0.0,0.0,125.60292466214702,-0.1975194316951302,0.16143458602674365,2.185723295185932
59.81,-9.35483870967742,8.70967741935484,0.0,0.0,125.62251831092928,-0.19748775043262246,0.16145971400731807,2.186728797583748
59.82,-9.35483870967742,8.70967741935484,0.0,0.0,125.64211206586864,-0.19745681322444397,0.16148421809520697,2.187683729102508
59.83,-9.35483870967742,8.70967741935484,0.0,0.0,125.66170592501278,-0.1974266158766348,0.1615081006336314,2.188589150116343
59.84,-9.35483870967742,8.70967741935484,0.0,0.0,125.68129988643905,-0.19739715390187418,0.16153136431147608,2.1894461208685456
59.85,-9.35483870967742,8.70967741935484,0.0,-0.0,125.70089394825365,-0.19736842252975728,0.16155401215024257,2.190255700316055
59.86,-9.35483870967742,8.70967741935484,0.0,-0.0,125.7204881085909,-0.197340416716986,0.16157604749123022,2.1910189450460913
59.87,-9.35483870967742,8.70967741935484,0.0,-0.0,125.74008236561242,-0.19731313115746552,0.16159747398294888,2.1917369082623166
59.88,-9.35483870967742,8.70967741935484,0.0,-0.0,125.75967671750655,-0.1972865602923034,0.1616182955687544,2.1924106388372806
59.89,-9.35483870967742,8.70967741935484,0.0,-0.0,125.77927116248759,-0.1972606983197044,0.16163851647471605,2.193041180428865
59.9,-9.35483870967742,8.70967741935484,0.0,-0.0,125.79886569879523,-0.19723553920475867,0.16165814119770483,2.193629570657416
59.91,-9.35483870967742,8.70967741935484,0.0,-0.0,125.81846032469394,-0.19721107668911764,0.161677174493708,2.1941768403411883
59.92,-9.35483870967742,8.70967741935484,0.0,-0.0,56.72301665949701,-0.19718730430055298,0.16169562136636684,2.1946840127873126
59.93,-9.35483870967742,8.70967741935484,0.0,-0.0,125.85764983844321,-0.1971642153623958,0.16171348705573496,2.195152103135654
59.94,-9.35483870967742,8.70967741935484,0.0,-0.0,56.762206343966355,-0.19714180300285278,0.1617307770272589,2.1955821177530748
59.95,-9.35483870967742,8.70967741935484,0.0,-0.0,125.89683969032663,-0.19712006016419414,0.161747496960976,2.195975053675539
59.96,-9.35483870967742,8.70967741935484,0.0,-0.0,125.91643473897832,-0.19709897961181322,0.16176365274093285,2.1963318980957918
59.97,-9.35483870967742,8.70967741935484,0.0,-0.0,125.9360298672994,-0.19707855394315,0.1617792504448179,2.1966536278941664
59.98,-9.35483870967742,8.70967741935484,0.0,-0.0,125.95562507371383,-0.19705877559648322,0.16179429633381115,2.196941209210259
59.99,-9.35483870967742,8.70967741935484,0.0,-0.0,125.97522035666668,-0.19703963685958015,0.16180879684264748,2.1971955970534975
60.0,-9.35483870967742,8.70967741935484,0.0,-0.0,125.99481571462373,-0.19702112987820863,0.16182275856989214,2.1974177349501964
60.01,-9.35483870967742,9.35483870967742,0.0,-0.0,126.01443442312973,-0.1967281704539423,0.2159264811790036,2.1771454471759095
60.02,-9.35483870967742,9.35483870967742,0.0,-0.0,126.03407573756344,-0.1964528121149558,0.21483192029844056,2.1568280170333995
60.03,-9.35483870967742,9.35483870967742,0.0,-0.0,56.938700557217715,-0.19619421692518024,0.21376433320999766,2.1364683544326777
60.04,-9.35483870967742,9.35483870967742,0.0,-0.0,126.07342331949908,-0.19595157537751795,0.2127231833803932,2.1160694193382508
60.05,-9.35483870967742,9.35483870967742,0.0,-0.0,126.09312820951484,-0.19572410569712295,0.211707946444191,2.0956342130563326
60.06,-9.35483870967742,9.35483870967742,0.0,-0.0,56.997814570212476,-0.19551105315375183,0.21071810975476524,2.0751657694408747
60.07,-9.35483870967742,9.35483870967742,0.0,-0.0,126.13259690175822,-0.19531168938307064,0.2097531719540877,2.0546671460747525
60.08,-9.35483870967742,9.35483870967742,0.0,-0.0,126.15235945015458,-0.19512531171712388,0.2088126425607042,2.034141415469059
60.09,-9.35483870967742,9.35483870967742,0.0,-0.0,126.17213999640866,-0.19495124252435103,0.2078960415753971,2.0135916563156426
60.1,-9.35483870967742,9.35483870967742,0.0,-0.0,126.19193796108577,-0.19478882855957957,0.20700289910405956,1.9930209448244047
60.11,-9.35483870967742,9.35483870967742,0.0,-0.0,126.21175278273222,-0.19463744032435693,0.20613275499730066,1.9724323461776614
60.12,-9.35483870967742,9.35483870967742,0.0,-0.0,126.2315839173387,-0.1944964714378956,0.20528515850627405,1.9518289061348248
60.13,-9.35483870967742,9.35483870967742,0.0,-0.0,126.25143083781929,-0.19436533801883638,0.20445966795419612,1.9312136428207924
60.14,-9.35483870967742,9.35483870967742,0.0,-0.0,126.27129303350569,-0.19424347807797226,0.20365585042301437,1.9105895387311618
60.15,-9.35483870967742,9.35483870967742,0.0,-0.0,126.29117000965618,-0.19413035092203623,0.2028732814546792,1.8899595329859993
60.16,-9.35483870967742,9.35483870967742,0.0,-0.0,126.31106128697898,-0.19402543656862825,0.20211154476648585,1.869326513861938
60.17,-9.35483870967742,9.35483870967742,0.0,-0.0,126.33096640116949,-0.19392823517233393,0.20137023197995108,1.8486933116302346
60.18,-9.35483870967742,9.35483870967742,0.0,-0.0,126.3508849024611,-0.19383826646205948,0.20064894236270514,1.828062691726231
60.19,-9.35483870967742,9.35483870967742,0.0,-0.0,126.37081635518923,-0.19375506918959007,0.19994728258288197,1.8074373482729493
60.2,-9.35483870967742,9.35483870967742,0.0,-0.0,126.39076033736798,-0.1936782005893395,0.19926486647549913,1.7868198979798187
60.21,-9.35483870967742,9.35483870967742,0.0,-0.0,126.41071644027932,-0.1936072358492431,0.19860131482031784,1.7662128744343137
60.22,-9.35483870967742,9.35483870967742,0.0,-0.0,126.43068426807426,-0.19354176759270358,0.19795625513068726,1.745618722802706
60.23,-9.35483870967742,9.35483870967742,0.0,-0.0,126.45066343738569,-0.19348140537148106,0.1973293214528733,1.7250397949527814
60.24,-9.35483870967742,9.35483870967742,0.0,-0.0,57.35561519797709,-0.19342577516940052,0.19672015417538813,1.7044783450087053
60.25,-9.35483870967742,9.35483870967742,0.0,-0.0,126.49065432725506,-0.19337451891673285,0.19612839984784824,1.6839365253451537
60.26,-9.35483870967742,9.35483870967742,0.0,-0.0,126.51066534016054,-0.1933272940151094,0.19555371100890695,1.6634163830245248
60.27,-9.35483870967742,9.35483870967742,0.0,-0.0,126.53068627857971,-0.19328377287283816,0.19499574602282477,1.642919856677145
60.28,-9.35483870967742,9.35483870967742,0.0,-0.0,126.55071681613288,-0.19324364245048764,0.1944541689242717,1.6224487738222404
60.29,-9.35483870967742,9.35483870967742,0.0,-0.0,126.5707566368261,-0.19320660381662735,0.19392864927096398,1.6020048486231464
60.3,-9.35483870967742,9.35483870967742,0.0,-0.0,126.59080543473665,-0.1931723717136079,0.1934188620037699,1.5815896800689422
60.31,-9.35483870967742,9.35483870967742,0.0,-0.0,126.61086291370776,-0.19314067413327274,0.19292448731392298,1.561204750571399
60.32,-9.35483870967742,9.35483870967742,0.0,-0.0,126.63092878705227,-0.19311125190248324,0.19244521051700547,1.5408514249653338
60.33,-9.35483870967742,9.35483870967742,0.0,-0.0,126.65100277726489,-0.19308385827833396,0.1919807219333617,1.520530949898197
60.34,-9.35483870967742,9.35483870967742,0.0,-0.0,126.67108461574293,-0.1930582585529218,0.19153071677461908,1.5002444535940649
60.35,-9.35483870967742,9.35483870967742,0.0,-0.0,126.69117404251509,-0.19303422966752315,0.1910948950359972,1.4799929459758987
60.36,-9.35483870967742,9.35483870967742,0.0,-0.0,126.71127080597823,-0.19301155983601914,0.19067296139409495,1.459777319129171
60.37,-9.35483870967742,9.35483870967742,0.0,-0.0,126.73137466264176,-0.19299004817740795,0.1902646251098531,1.439598348089075
60.38,-9.35483870967742,9.35483870967742,0.0,-0.0,126.75148537687943,-0.19296950435723048,0.18986959993640162,1.4194566919328855
60.39,-9.35483870967742,9.35483870967742,0.0,-0.0,126.77160272068846,-0.1929497482377378,0.1894876040315081,1.3993528951584793
60.4,-9.35483870967742,9.35483870967742,0.0,-0.0,57.6766880944801,-0.192930609536629,0.18911835987436354,1.3792873893296402
60.41,-9.35483870967742,9.35483870967742,0.0,-0.0,126.81185642172974,-0.19291192749418506,0.18876159418644178,1.359260494968369
60.42,-9.35483870967742,9.35483870967742,0.0,-0.0,126.83199235900189,-0.19289355054863278,0.18841703785619324,1.3392724236743894
60.43,-9.35483870967742,9.35483870967742,0.0,-0.0,126.8521340854905,-0.19287533601957008,0.18808442586733887,1.3193232804521442
60.44,-9.35483870967742,9.35483870967742,0.0,-0.0,126.87228140793385,-0.19285714979929292,0.18776349723054364,1.2994130662255734
60.45,-9.35483870967742,9.35483870967742,0.0,-0.0,126.89243413938809,-0.1928388660518623,0.18745399491826076,1.2795416805214797
60.46,-9.35483870967742,9.35483870967742,0.0,-0.0,126.91259209903123,-0.19282036691975812,0.18715566580254928,1.259708924302769
60.47,-9.35483870967742,9.35483870967742,0.0,-0.0,126.93275511197287,-0.19280154223796442,0.1868682605956783,1.2399145029333338
60.48,-9.35483870967742,9.35483870967742,0.0,-0.0,126.95292300906937,-0.19278228925533736,0.1865915337933367,1.2201580292570577
60.49,-9.35483870967742,9.35483870967742,0.0,-0.0,126.97309562674451,-0.19276251236311015,0.18632524362028524,1.20043902677427
60.5,-9.35483870967742,9.35483870967742,0.0,-0.0,126.99327280681527,-0.19274212283038716,0.18606915197828888,1.180756932899872
60.51,-9.35483870967742,9.35483870967742,0.0,-0.0,127.01345439632276,-0.19272103854648803,0.18582302439617837,1.1611111022878724
60.52,-9.35483870967742,9.35483870967742,0.0,-0.0,127.03364024736806,-0.19269918377000073,0.18558662998190023,1.1415008102085937
60.53,-9.35483870967742,9.35483870967742,0.0,-0.0,57.93879183797735,-0.19267648888440514,0.1853597413764213,1.1219252559652981
60.54,-9.35483870967742,9.35483870967742,0.0,-0.0,127.07402416682454,-0.19265289016013587,0.18514213470935714,1.1023835663379218
60.55,-9.35483870967742,9.35483870967742,0.0,-0.0,57.979183584351034,-0.19262832952294628,0.18493358955620898,1.082874799043168
60.56,-9.35483870967742,9.35483870967742,0.0,-0.0,127.11442347725176,-0.19260275432844853,0.18473388889709175,1.063397946200266
60.57,-9.35483870967742,9.35483870967742,0.0,-0.0,127.13462858370188,-0.19257611714269818,0.18454281907685022,1.0439519377934674
60.58,-9.35483870967742,9.35483870967742,0.0,-0.0,127.15483716194943,-0.19254837552869997,0.1843601697664604,1.024535645122815
60.59,-9.35483870967742,9.35483870967742,0.0,-0.0,127.17504909530476,-0.19251949183870953,0.18418573392562265,1.0051478842357393
60.6,-9.35483870967742,9.35483870967742,0.0,-0.0,127.19526427098657,-0.19248943301221244,0.18401930776645803,0.9857874193330272
60.61,-9.35483870967742,9.35483870967742,0.0,-0.0,127.21548257999646,-0.19245817037945878,0.18386069071822364,0.9664529661431371
60.62,-9.35483870967742,9.35483870967742,0.0,-0.0,127.23570391699701,-0.19242567947044031,0.18370968539296995,0.9471431952603923
60.63,-9.35483870967742,9.35483870967742,0.0,-0.0,127.25592818019364,-0.19239193982919334,0.18356609755206477,0.9278567354422734
60.64,-9.35483870967742,9.35483870967742,0.0,-0.0,127.27615527121988,-0.1923569348333155,0.18342973607351765,0.9085921768628163
60.65,-9.35483870967742,9.35483870967742,0.0,-0.0,127.29638509502612,-0.19232065151858935,0.1833004129200384,0.8893480743189599
60.66,-9.35483870967742,9.35483870967742,0.0,-0.0,127.31661755977167,-0.19228308040859965,0.1831779431077699,0.8701229503876593
60.67,-9.35483870967742,9.35483870967742,0.0,-0.0,127.33685257672005,-0.19224421534924618,0.1830621446756392,0.8509152985321051
60.68,-9.35483870967742,9.35483870967742,0.0,-0.0,127.35709006013744,-0.19220405334803958,0.1829528386552759,0.8317235861559155
60.69,-9.35483870967742,9.35483870967742,0.0,-0.0,127.37732992719415,-0.1921625944180868,0.1828498490414462,0.8125462576044649
60.7,-9.35483870967742,9.35483870967742,0.0,-0.0,127.39757209786919,-0.19211984142666094,0.18275300276295825,0.7933817371129761
60.71,-9.35483870967742,9.35483870967742,0.0,-0.0,127.41781649485755,-0.19207579994825974,0.18266212965399864,0.7742284317017101
60.72,-9.35483870967742,9.35483870967742,0.0,-0.0,127.43806304348047,-0.19203047812205776,0.18257706242585814,0.7550847340182957
60.73,-9.35483870967742,9.35483870967742,0.0,-0.0,127.45831167159835,-0.19198388651365572,0.18249763663901108,0.735949025128022
60.74,-9.35483870967742,9.35483870967742,0.0,-0.0,127.47856230952641,-0.19193603798103742,0.18242369067551645,0.7168196772529113
60.75,-9.35483870967742,9.35483870967742,0.0,-0.0,127.49881488995283,-0.19188694754464253,0.182355065711709,0.6976950564608065
60.76,-9.35483870967742,9.35483870967742,0.0,-0.0,127.5190693478595,-0.1918366322614662,0.18229160569115166,0.6785735253054734
60.77,-9.35483870967742,9.35483870967742,0.0,-0.0,127.53932562044524,-0.19178511110310004,0.1822331572978252,0.6594534454193219
60.78,-9.35483870967742,9.35483870967742,0.0,-0.0,127.55958364705134,-0.191732404837629,0.18217956992952944,0.6403331800601528
60.79,-9.35483870967742,9.35483870967742,0.0,-0.0,127.57984336908946,-0.19167853591529826,0.18213069567147755,0.6212110966135181
60.8,-9.35483870967742,9.35483870967742,0.0,-0.0,58.485066350996334,-0.191623528357873,0.18208638927006182,0.6020855690522346
60.81,-9.35483870967742,9.35483870967742,0.0,-0.0,127.62036767504338,-0.19156740765160662,0.18204650810677558,0.5829549803547793
60.82,-9.35483870967742,9.35483870967742,0.0,-0.0,127.64063215151667,-0.19151020064374058,0.1820109121722744,0.563817724884031
60.83,-9.35483870967742,9.35483870967742,0.0,-0.0,58.545859729432536,-0.19145193544245986,0.18197946404056442,0.5446722107281349
60.84,-9.35483870967742,9.35483870967742,0.0,-0.0,127.6811654964762,-0.1913926413202256,0.18195202884330497,0.5255168620047673
60.85,-9.35483870967742,9.35483870967742,0.0,-0.0,127.7014342681632,-0.19133234862041504,0.18192847424421466,0.5063501211304738
60.86,-9.35483870967742,9.35483870967742,0.0,-0.0,127.7217043775364,-0.19127108866719045,0.18190867041357195,0.48717045105624485
60.87,-9.35483870967742,9.35483870967742,0.0,-0.0,127.74197578023302,-0.191208893678533,0.18189249000280383,0.46797633747058365
60.88,-9.35483870967742,9.35483870967742,0.0,-0.0,127.76224843340621,-0.19114579668236475,0.18187980811915205,0.4487662909711378
60.89,-9.35483870967742,9.35483870967742,0.0,-0.0,127.78252229567289,-0.19108183143569402,0.18187050230041468,0.4295388492057703
60.9,-9.35483870967742,9.35483870967742,0.0,-0.0,127.80279732706333,-0.19101703234671563,0.1818644524897558,0.4102925789836121
60.91,-9.35483870967742,9.35483870967742,0.0,-0.0,127.82307348897234,-0.1909514343998,0.1818615410105806,0.39102607835682884
60.92,-9.35483870967742,9.35483870967742,0.0,-0.0,127.84335074411214,-0.19088507308330493,0.18186165254146847,0.3717379786729017
60.93,-9.35483870967742,9.35483870967742,0.0,-0.0,127.86362905646669,-0.19081798432014663,0.18186467409116702,0.3524269465978583
60.94,-9.35483870967742,9.35483870967742,0.0,-0.0,127.88390839124759,-0.19075020440106738,0.18187049497363916,0.33309168610961626
60.95,-9.35483870967742,9.35483870967742,0.0,-0.0,127.90418871485143,-0.19068176992053643,0.1818790067831627,0.3137309404611425
60.96,-9.35483870967742,9.35483870967742,0.0,-0.0,127.92446999481862,-0.19061271771522326,0.1818901033694813,0.2943434941122819
60.97,-9.35483870967742,9.35483870967742,0.0,-0.0,127.94475219979353,-0.19054308480498372,0.18190368081300468,0.274928174629054
60.98,-9.35483870967742,9.35483870967742,0.0,-0.0,127.96503529948595,-0.1904729083362977,0.18191963740005557,0.2554838545486886
60.99,-9.35483870967742,9.35483870967742,0.0,-0.0,127.98531926463397,-0.19040222552810204,0.18193787359816327,0.23600945320834757
61.0,-9.35483870967742,9.35483870967742,0.0,-0.0,58.890565687992606,-0.1903310736199586,0.18195829203140335,0.21650393853527988
61.01,-9.35483870967742,9.35483870967742,0.0,-0.0,128.0258896791763,-0.19025948982250185,0.18198079745578055,0.19696632879562032
61.02,-9.35483870967742,9.35483870967742,0.0,-0.0,128.04617607487089,-0.19018751127010858,0.18200529673465593,0.17739569429854846
61.03,-9.35483870967742,9.35483870967742,0.0,-0.0,128.06646322855582,-0.19011517497573593,0.18203169881421655,0.15779115905260307
61.04,-9.35483870967742,9.35483870967742,0.0,-0.0,128.08675111559558,-0.19004251778787162,0.18205991469898863,0.1381519023699599
61.05,-9.35483870967742,9.35483870967742,0.0,-0.0,128.107039712185,-0.18996957634954137,0.18208985742739114,0.11847716041474607
61.06,-9.35483870967742,9.35483870967742,0.0,-0.0,59.012290616344714,-0.18989638705932366,0.18212144204733216,0.09876622769078121
61.07,-9.35483870967742,9.35483870967742,0.0,-0.0,128.14761894277018,-0.18982298603431635,0.18215458559184694,0.07901845846361166
61.08,-9.35483870967742,9.35483870967742,0.0,-0.0,128.16790953305016,-0.1897494090750047,0.18218920705477792,0.05923326811202369
61.09,-9.35483870967742,9.35483870967742,0.0,-0.0,128.18820074539502,-0.18967569163197895,0.18222522736649538,0.039410134403343594
61.1,-9.35483870967742,9.35483870967742,0.0,-0.0,128.20849255973417,-0.18960186877445329,0.18226256936966234,0.01954859868686974
61.11,-9.35483870967742,9.35483870967742,0.0,-0.0,128.2287849566672,-0.1895279751605342,0.18230115779504097,0.0
61.12,-9.35483870967742,9.35483870967742,0.0,-0.0,128.2490779174403,-0.18945404500919183,0.1823409192373434,-0.02029118892278375
61.13,-9.35483870967742,9.35483870967742,0.0,-0.0,128.26937142392367,-0.18938011207388417,0.18238178213112632,-0.04027003073297881
61.14,-9.35483870967742,9.35483870967742,0.0,-0.0,128.28966545858955,-0.18930620961778943,0.18242367672673232,-0.060288452668683164
61.15,-9.35483870967742,9.35483870967742,0.0,-0.0,128.3099600044912,-0.18923237039059881,0.18246653506627653,-0.08034658086007032
61.16,-9.35483870967742,9.35483870967742,0.0,-0.0,59.21521666626707,-0.18915862660682248,0.18251029095968307,-0.10044447275767959
61.17,-9.35483870967742,9.35483870967742,0.0,-0.0,128.35055056499849,-0.1890850099255692,0.18255487996077036,-0.12058211668595759
61.18,-9.35483870967742,9.35483870967742,0.0,-0.0,128.37084654843613,-0.18901155143174753,0.18260023934338843,-0.14075943152939854
61.19,-9.35483870967742,9.35483870967742,0.0,-0.0,128.39114298073648,-0.18893828161865378,0.18264630807760973,-0.16097626655711636
61.2,-9.35483870967742,9.35483870967742,0.0,-0.0,128.4114398475668,-0.18886523037189729,0.1826930268059751,-0.18123240139184485
61.21,-9.35483870967742,9.35483870967742,0.0,-0.0,128.43173713506388,-0.18879242695462461,0.18274033781979804,-0.20152754612961682
61.22,-9.35483870967742,9.35483870967742,0.0,-0.0,59.33699645084202,-0.1887198999940013,0.18278818503552852,-0.2218613416149722
61.23,-9.35483870967742,9.35483870967742,0.0,-0.0,128.4723329188547,-0.18864767746891065,0.1828365139711795,-0.24223335987742883
61.24,-9.35483870967742,9.35483870967742,0.0,-0.0,128.49263138962493,-0.18857578669882724,0.18288527172281832,-0.2626431047335689
61.25,-9.35483870967742,9.35483870967742,0.0,-0.0,128.51293022998502,-0.1885042543338319,0.18293440694112484,-0.2830900125587922
61.26,-9.35483870967742,9.35483870967742,0.0,-0.0,128.5332294281854,-0.1884331063457233,0.18298386980802162,-0.3035734532332463
61.27,-9.35483870967742,9.35483870967742,0.0,-0.0,128.5535289728564,-0.1883623680201948,0.18303361201337542,-0.3240927312638981
61.28,-9.35483870967742,9.35483870967742,0.0,-0.0,59.45879047401981,-0.1882920639500345,0.18308358673177483,-0.344647087086219
61.29,-9.35483870967742,9.35483870967742,0.0,-0.0,128.5941290579535,-0.18822221802931594,0.18313374859938725,-0.36523569854694904
61.3,-9.35483870967742,9.35483870967742,0.0,-0.0,59.49939119844929,-0.18815285344854304,0.1831840536908973,-0.3858576825685221
61.31,-9.35483870967742,9.35483870967742,0.0,-0.0,128.63473040143316,-0.18808399269071352,0.18323445949652906,-0.40651209699655133
61.32,-9.35483870967742,9.35483870967742,0.0,-0.0,128.6550315203221,-0.188015657528268,0.18328492489915738,-0.4271979426286698
61.33,-9.35483870967742,9.35483870967742,0.0,-0.0,128.6753329247433,-0.1879478690208921,0.18333541015150867,-0.44791416542432183
61.34,-9.35483870967742,9.35483870967742,0.0,-0.0,128.6956346056464,-0.18788064751413502,0.1833858768534562,-0.46865965889282896
61.35,-9.35483870967742,9.35483870967742,0.0,-0.0,128.71593655426898,-0.18781401263881814,0.18343628792941047,-0.48943326665679254
61.36,-9.35483870967742,9.35483870967742,0.0,-0.0,128.73623876212673,-0.18774798331119802,0.18348660760581337,-0.5102337851870091
61.37,-9.35483870967742,9.35483870967742,0.0,-0.0,128.7565412210042,-0.18768257773385477,0.1835368013887303,-0.5310599667038453
61.38,-9.35483870967742,9.35483870967742,0.0,-0.0,128.77684392294574,-0.18761781339727512,0.18358683604155257,-0.5519105222396172
61.39,-9.35483870967742,9.35483870967742,0.0,-0.0,128.79714686024693,-0.18755370708210128,0.18363667956280627,-0.572784124855233
61.4,-9.35483870967742,9.35483870967742,0.0,-0.0,128.8174500254461,-0.18749027486201741,0.18368630116407514,-0.5936794130036384
61.41,-9.35483870967742,9.35483870967742,0.0,-0.0,128.83775341131644,-0.18742753210724272,0.18373567124803802,-0.6145949940320237
61.42,-9.35483870967742,9.35483870967742,0.0,-0.0,128.85805701085806,-0.18736549348860776,0.18378476138662414,-0.6355294478134804
61.43,-9.35483870967742,9.35483870967742,0.0,-0.0,128.87836081729066,-0.18730417298218383,0.18383354429929133,-0.656481330498711
61.44,-9.35483870967742,9.35483870967742,0.0,-0.0,128.89866482404628,-0.18724358387443996,0.18388199383142756,-0.6774491783769704
61.45,-9.35483870967742,9.35483870967742,0.0,-0.0,128.9189690247624,-0.18718373876790295,0.18393008493288043,-0.6984315118353337
61.46,-9.35483870967742,9.35483870967742,0.0,-0.0,59.82423503429969,-0.18712464958729413,0.18397779363661748,-0.7194268394046717
61.47,-9.35483870967742,9.35483870967742,0.0,-0.0,128.95957798361297,-0.18706632758611852,0.18402509703751957,-0.7404336618802303
61.48,-9.35483870967742,9.35483870967742,0.0,-0.0,128.9798827299904,-0.18700878335368343,0.18407197327131086,-0.7614504765041258
61.49,-9.35483870967742,9.35483870967742,0.0,-0.0,129.00018764680198,-0.18695202682252232,0.1841184014936289,-0.7824757811968568
61.5,-9.35483870967742,9.35483870967742,0.0,-0.0,129.02049272861652,-0.18689606727620034,0.1841643618592359,-0.8035080788251197
61.51,-9.35483870967742,9.35483870967742,0.0,-0.0,129.0407979701716,-0.18684091335748254,0.18420983550137626,-0.8245458814920539
61.52,-9.35483870967742,9.35483870967742,0.0,-0.0,129.06110336636812,-0.1867865730768401,0.18425480451128196,-0.8455877148368394
61.53,-9.35483870967742,9.35483870967742,0.0,-0.0,129.08140891226512,-0.18673305382127414,0.18429925191782814,-0.8666321223305908
61.54,-9.35483870967742,9.35483870967742,0.0,-0.0,59.98667622409933,-0.186680362363439,0.18434316166734344,-0.8876776695545506
61.55,-9.35483870967742,9.35483870967742,0.0,-0.0,129.12202043415766,-0.18662850487104143,0.18438651860357647,-0.9087229484485972
61.56,-9.35483870967742,9.35483870967742,0.0,-0.0,129.14232640101793,-0.18657748691650022,0.18442930844782035,-0.9297665815161457
61.57,-9.35483870967742,9.35483870967742,0.0,-0.0,129.16263249929895,-0.18652731348684404,0.18447151777920123,-0.9508072259742015
61.58,-9.35483870967742,9.35483870967742,0.0,-0.0,129.18293872477895,-0.1864779889938325,0.18451313401512925,-0.9718435778356931
61.59,-9.35483870967742,9.35483870967742,0.0,-0.0,129.20324507336676,-0.18642951728427903,0.1845541453919174,-0.9928743759132339
61.6,-9.35483870967742,9.35483870967742,0.0,-0.0,129.2235515410978,-0.18638190165056323,0.1845945409455707,-1.013898405733319
61.61,-9.35483870967742,9.35483870967742,0.0,-0.0,129.24385812413018,-0.18633514484131097,0.1846343104927458,-1.0349145033507374
61.62,-9.35483870967742,9.35483870967742,0.0,-0.0,129.26416481874097,-0.18628924907222855,0.18467344461188695,-1.0559215590539104
61.63,-9.35483870967742,9.35483870967742,0.0,-0.0,129.2844716213224,-0.18624421603707775,0.18471193462453772,-1.0769185209520296
61.64,-9.35483870967742,9.35483870967742,0.0,-0.0,129.30477852837853,-0.1862000469187709,0.18474977257683223,-1.0979043984368353
61.65,-9.35483870967742,9.35483870967742,0.0,-0.0,129.3250855365217,-0.18615674240057534,0.18478695122116873,-1.1188782655112224
61.66,-9.35483870967742,9.35483870967742,0.0,-0.0,129.34539264246925,-0.18611430267741425,0.18482346399806648,-1.1398392639788235
61.67,-9.35483870967742,9.35483870967742,0.0,-0.0,129.3656998430404,-0.18607272746724535,0.18485930501820835,-1.160786606489359
61.68,-9.35483870967742,9.35483870967742,0.0,-0.0,129.3860071351531,-0.18603201602250818,0.18489446904467233,-1.1817195794349216
61.69,-9.35483870967742,9.35483870967742,0.0,-0.0,129.4063145158211,-0.18599216714162636,0.18492895147535282,-1.2026375456940193
61.7,-9.35483870967742,9.35483870967742,0.0,-0.0,129.42662198215098,-0.185953179180552,0.1849627483255749,-1.2235399472204114
61.71,-9.35483870967742,9.35483870967742,0.0,-0.0,129.44692953133946,-0.18591505006433973,0.18499585621090142,-1.2444263074750685
61.72,-9.35483870967742,9.35483870967742,0.0,-0.0,129.4672371606706,-0.185877777298741,0.18502827233013797,-1.2652962337001321
61.73,-9.35483870967742,9.35483870967742,0.0,-0.0,129.4875448675133,-0.18584135798180557,0.18505999444853394,-1.2861494190350067
61.74,-9.35483870967742,9.35483870967742,0.0,-0.0,129.50785264931858,-0.18580578881548016,0.18509102088118456,-1.3069856444745114
61.75,-9.35483870967742,9.35483870967742,0.0,-0.0,129.5281605036173,-0.1857710661171953,0.18512135047663436,-1.3278047806713107
61.76,-9.35483870967742,9.35483870967742,0.0,-0.0,129.5484684280177,-0.18573718583142906,0.1851509826006824,-1.348606789583909
61.77,-9.35483870967742,9.35483870967742,0.0,-0.0,60.45373804122765,-0.1857041435412381,0.18517991712039272,-1.3693917259730537
61.78,-9.35483870967742,9.35483870967742,0.0,-0.0,129.58908447792965,-0.1856719344797495,0.18520815438831106,-1.3901597387501068
61.79,-9.35483870967742,9.35483870967742,0.0,-0.0,129.60939259902418,-0.18564055354160136,0.1852356952268882,-1.4109110721805111
61.8,-9.35483870967742,9.35483870967742,0.0,-0.0,129.6297007813821,-0.18560999529432676,0.18526254091311267,-1.4316460669470643
61.81,-9.35483870967742,9.35483870967742,0.0,-0.0,129.65000902296532,-0.18558025398967182,0.1852886931633526,-1.4523651610773411
61.82,-9.35483870967742,9.35483870967742,0.0,-0.0,129.67031732180035,-0.1855513235748396,0.18531415411840935,-1.4730688907403346
61.83,-9.35483870967742,9.35483870967742,0.0,-0.0,129.69062567597632,-0.185523197703656,0.18533892632878257,-1.493757890917142
61.84,-9.35483870967742,9.35483870967742,0.0,-0.0,60.59589570466768,-0.18549586974764554,0.185363012740149,-1.5144328959515587
61.85,-9.35483870967742,9.35483870967742,0.0,-0.0,129.73124254300964,-0.18546933280701605,0.1853864166790553,-1.5350947399856003
61.86,-9.35483870967742,9.35483870967742,0.0,-0.0,129.75155105234194,-0.18544357972154246,0.18540914183882518,-1.555744357285915
61.87,-9.35483870967742,9.35483870967742,0.0,-0.0,129.77185960996158,-0.1854186030813444,0.18543119226568294,0.0
61.88,-9.35483870967742,9.35483870967742,0.0,-0.0,129.792168214244,-0.18539439523755408,0.18545257234509305,-1.5970111506107771
61.89,-9.35483870967742,9.35483870967742,0.0,-0.0,129.81247686361684,-0.18537094831286638,0.18547328678831698,-1.6176306973068442
61.9,-9.35483870967742,9.35483870967742,0.0,-0.0,129.83278555655852,-0.18534825421196843,0.18549334061918654,-1.6382427585860881
61.91,-9.35483870967742,9.35483870967742,0.0,-0.0,129.85309429159653,-0.18532630463184263,0.185512739161097,-1.658848770784953
61.92,-9.35483870967742,9.35483870967742,0.0,0.0,129.87340306730613,-0.18530509107193993,0.1855314880242166,-1.6794502703255467
61.93,-9.35483870967742,9.35483870967742,0.0,0.0,129.89371188230876,-0.18528460484421816,0.18554959309291597,-1.7000488934214866
61.94,-9.35483870967742,9.35483870967742,0.0,0.0,129.9140207352708,-0.18526483708304198,0.18556706051341554,-1.7206463757128667
61.95,-9.35483870967742,9.35483870967742,0.0,0.0,129.93432962490218,-0.18524577875494064,0.18558389668165254,-1.7412445518327133
61.96,-9.35483870967742,9.35483870967742,0.0,0.0,129.95463854995492,-0.1852274206682225,0.1856001082313663,-1.7618453549076085
61.97,-9.35483870967742,9.35483870967742,0.0,0.0,129.97494750922212,-0.18520975348243796,0.18561570202240274,-1.782450815994545
61.98,-9.35483870967742,9.35483870967742,0.0,0.0,129.99525650153646,-0.1851927677176941,0.1856306851292373,-1.803063063454228
61.99,-9.35483870967742,9.35483870967742,0.0,0.0,60.90052714679372,-0.1851764537638142,0.18564506482971777,-1.8236843222621857
62.0,-9.35483870967742,9.35483870967742,0.0,0.0,130.03587458082882,-0.1851608018893407,0.1856588485940227,-1.8443169132561466
62.01,-9.35483870967742,10.0,0.0,0.0,130.05620488749776,-0.1848866911531526,0.23987091825675244,-1.433858205173502
62.02,-9.35483870967742,10.0,0.0,0.0,60.96151742432245,-0.18462816905398194,0.23888052700470452,-1.0622837870304094
62.03,-9.35483870967742,10.0,0.0,0.0,130.09692670502906,-0.18438449157998182,0.23791305705974375,-0.8020522643137032
62.04,-9.35483870967742,10.0,0.0,0.0,130.11731698817778,-0.18415494029160162,0.2369680944443986,-0.6350475890252151
62.05,-9.35483870967742,10.0,0.0,0.0,130.1377260663568,-0.1839388212031231,0.23604523469564953,-0.5270347622890776
62.06,-9.35483870967742,10.0,0.0,0.0,130.15815337076913,-0.1837354638806291,0.2351440822811689,-0.4548573020225153
62.07,-9.35483870967742,10.0,0.0,0.0,130.178598349696,-0.18354422053825536,0.23426425004218876,-0.4050840028735554
62.08,-9.35483870967742,10.0,0.0,0.0,130.1990604680127,-0.18336446497805514,0.23340535857784028,-0.36993904346070766
62.09,-9.35483870967742,10.0,0.0,0.0,61.10450082776414,-0.18319559121211637,0.23256703548721802,-0.3447570828929398
62.1,-9.35483870967742,10.0,0.0,0.0,130.24003406264052,-0.18303701157850505,0.23174891437472211,-0.3266178447636922
62.11,-9.35483870967742,10.0,0.0,0.0,130.2605445478854,-0.18288815417572202,0.2309506335340995,-0.31361856567434554
62.12,-9.35483870967742,10.0,0.0,0.0,130.2810701897933,-0.18274845961115638,0.23017183431849686,-0.30447468832582775
62.13,-9.35483870967742,10.0,0.0,0.0,130.3016105306588,-0.18261737760737884,0.2294121594917401,-0.2982920640531883
62.14,-9.35483870967742,10.0,0.0,0.0,61.20712674864389,-0.18249436524229157,0.22867125249743137,-0.29443160832696597
62.15,-9.35483870967742,10.0,0.0,0.0,130.34273355242684,-0.18237889059913137,0.22794875961432048,-0.29242528301942877
62.16,-9.35483870967742,10.0,0.0,0.0,130.36331539085404,-0.18227044713522056,0.22724433772484565,-0.29192119036240577
62.17,-9.35483870967742,10.0,0.0,0.0,130.3839102414196,-0.18216858071851982,0.22655766855688153,-0.29264590458452205
62.18,-9.35483870967742,10.0,0.0,0.0,130.40451771342924,-0.182072917107447,0.22588847265784107,-0.29437904163473777
62.19,-9.35483870967742,10.0,0.0,0.0,130.4251374250722,-0.18198316058697295,0.225236507398913,-0.2969392301108048
62.2,-9.35483870967742,10.0,0.0,0.0,130.44576900269755,-0.18189904827417525,0.2246015411774963,-0.30017945652769207
62.21,-9.35483870967742,10.0,0.0,0.0,130.46641208153943,-0.18182029325320237,0.22398332247619412,-0.3039851286909808
62.22,-9.35483870967742,10.0,0.0,0.0,130.48706630699382,-0.18174656228295716,0.22338156872950898,-0.3082691264920553
62.23,-9.35483870967742,10.0,0.0,0.0,130.50773133550325,-0.1816774902933117,0.22279597558388164,-0.3129644138509823
62.24,-9.35483870967742,10.0,0.0,0.0,130.52840683478908,-0.18161270530052798,0.22222623152687204,-0.31801742405408634
62.25,-9.35483870967742,10.0,0.0,0.0,130.54909248362188,-0.18155184617855546,0.2216720281016562,-0.3233836520487447
62.26,-9.35483870967742,10.0,0.0,0.0,130.56978797138296,-0.18149457076723163,0.22113306445870518,-0.32902511401802054
62.27,-9.35483870967742,10.0,0.0,0.0,130.59049299757982,-0.18144055772331313,0.22060904829631078,-0.3349089132748046
62.28,-9.35483870967742,10.0,0.0,0.0,130.61120727138973,-0.1813895054962087,0.22009969517127548,-0.341006360175941
62.29,-9.35483870967742,10.0,0.0,0.0,130.63193051125478,-0.18134113040212474,0.219604727324891,-0.3472923540438632
62.3,-9.35483870967742,10.0,0.0,0.0,130.6526624445277,-0.18129516467896856,0.21912387253020837,-0.35374489611930005
62.31,-9.35483870967742,10.0,0.0,0.0,130.6734028071614,-0.18125135481933963,0.2186568631260425,-0.36034468022437427
62.32,-9.35483870967742,10.0,0.0,0.0,130.69415134343316,-0.18120946022376605,0.21820343525584585,-0.3670747400150809
62.33,-9.35483870967742,10.0,0.0,0.0,61.59986942672079,-0.18116925212713386,0.21776332827928113,-0.37392014342743635
62.34,-9.35483870967742,10.0,0.0,0.0,130.73567195415333,-0.1811305127332441,0.2173362843155089,-0.38086772858430046
62.35,-9.35483870967742,10.0,0.0,0.0,130.7564435566478,-0.18109303450011704,0.2169220478833499,-0.3879058763618712
62.36,-9.35483870967742,10.0,0.0,0.0,130.77722238846962,-0.18105661953285346,0.21652036561339882,-0.3950243150263853
62.37,-9.35483870967742,10.0,0.0,0.0,130.79800823217386,-0.1810210790545761,0.21613098601695735,-0.4022139524957378
62.38,-9.35483870967742,10.0,0.0,0.0,130.81880087740993,-0.18098623293742444,0.21575365930540025,-0.40946673198958894
62.39,-9.35483870967742,10.0,0.0,0.0,61.72456174178434,-0.18095190928488925,0.21538813726164463,-0.4167755070846035
62.4,-9.35483870967742,10.0,0.0,0.0,130.8604057655834,-0.18091794406475026,0.21503417317347562,-0.4241339324264973
62.41,-9.35483870967742,10.0,0.0,0.0,61.76617924289344,-0.18088418079943125,0.2146915218475296,-0.43153636651030225
62.42,-9.35483870967742,10.0,0.0,0.0,130.90203550608484,-0.18085047032865798,0.21435993973381184,-0.4389777829786578
62.43,-9.35483870967742,10.0,0.0,0.0,130.92285924102998,-0.180816670668836,0.214039185204843,-0.4464536867604992
62.44,-9.35483870967742,10.0,0.0,0.0,130.94368865567503,-0.18078264700545166,0.21372901905214525,-0.4539600310530914
62.45,-9.35483870967742,10.0,0.0,0.0,130.96452358498843,-0.18074827186981346,0.21342920528670728,-0.46149313061893293
62.46,-9.35483870967742,10.0,0.0,0.0,130.9853638697346,-0.1807134255696876,0.21313951235918283,-0.46904956616930926
62.47,-9.35483870967742,10.0,0.0,0.0,131.0062093562303,-0.1806779969632153,0.21285971494661782,-0.4766260739033781
62.48,-9.35483870967742,10.0,0.0,0.0,131.02705989603876,-0.18064188468104658,0.2125895964746064,-0.4842194140181439
62.49,-9.35483870967742,10.0,0.0,0.0,131.0479153455787,-0.18060499889799198,0.21232895253037654,-0.49182621323558634
62.5,-9.35483870967742,10.0,0.0,0.0,131.06877556562208,-0.1805672637015765,0.2120775952183982,-0.49944278110490975
62.51,-9.35483870967742,10.0,0.0,0.0,131.0896404206613,-0.18052861994731906,0.211835358222779,-0.5070649112106845
62.52,-9.35483870967742,10.0,0.0,0.0,131.1105097781468,-0.18048902816571122,0.21160210176200311,-0.5146876996897428
62.53,-9.35483870967742,10.0,0.0,0.0,131.1313835076387,-0.18044847058748315,0.21137771575121733,-0.522305443250984
62.54,-9.35483870967742,10.0,0.0,0.0,131.15226147998123,-0.18040695088581837,0.21116211870429868,-0.5299117018734616
62.55,-9.35483870967742,10.0,0.0,0.0,131.17314356666523,-0.18036449032946245,0.21095525016955208,-0.5374995934220299
62.56,-9.35483870967742,10.0,0.0,0.0,131.19402963954573,-0.1803211202455568,0.2107570567452599,-0.5450623001591107
62.57,-9.35483870967742,10.0,0.0,0.0,131.21491957099136,-0.1802768726647629,0.210567475278309,-0.5525936440892547
62.58,-9.35483870967742,10.0,0.0,0.0,131.235813234398,-0.18023177222073328,0.21038641888558807,-0.5600885317255153
62.59,-9.35483870967742,10.0,0.0,0.0,131.25671050489433,-0.18018583160844437,0.21021376986138596,-0.5675431413887172
62.6,-9.35483870967742,10.0,0.0,0.0,62.16257288108089,-0.18013905091703752,0.2100493798135219,-0.5749548617183916
62.61,-9.35483870967742,10.0,0.0,0.0,131.29851538050661,-0.1800914196355171,0.2098930746259854,-0.5823220785506336
62.62,-9.35483870967742,10.0,0.0,0.0,131.3194227503485,-0.18004291979991172,0.20974466133052505,-0.5896439145643243
62.63,-9.35483870967742,10.0,0.0,0.0,131.34033325743655,-0.17999352917828004,0.2096039348345201,-0.5969199892109132
62.64,-9.35483870967742,10.0,0.0,0.0,131.36124679351036,-0.1799432239497165,0.20947068352667286,-0.604150227182982
62.65,-9.35483870967742,10.0,0.0,0.0,131.3821632542249,-0.17989198072611545,0.20934469352052654,-0.611334718847918
62.66,-9.35483870967742,10.0,0.0,0.0,131.40308253910814,-0.17983977796363992,0.20922575166083413,-0.618473625008093
62.67,-9.35483870967742,10.0,0.0,0.0,131.42400455146998,-0.17978659688106124,0.20911364754076534,-0.625567115503768
62.68,-9.35483870967742,10.0,0.0,0.0,131.44492919828116,-0.17973242200845074,0.20900817478203637,-0.6326153320225546
62.69,-9.35483870967742,10.0,0.0,0.0,131.46585639003507,-0.17967724147144992,0.20890913178966353,-0.639618367476098
62.7,-9.35483870967742,10.0,0.0,0.0,131.48678604060126,-0.17962104709261595,0.20881632214399615,-0.6465762563271059
62.71,-9.35483870967742,10.0,0.0,0.0,131.507718067077,-0.1795638343697885,0.20872955474906707,-0.6534889719158906
62.72,-9.35483870967742,10.0,0.0,0.0,131.52865238964057,-0.17950560237426882,0.20864864382180526,-0.6603564280848783
62.73,-9.35483870967742,10.0,0.0,0.0,131.54958893140903,-0.1794463535987304,0.20857340878101194,-0.6671784832951437
62.74,-9.35483870967742,10.0,0.0,0.0,131.57052761830172,-0.17938609377551684,0.20850367407648596,-0.6739549460480224
62.75,-9.35483870967742,10.0,0.0,0.0,131.59146837891035,-0.17932483167938018,0.20843926898565124,-0.6806855808502219
62.76,-9.35483870967742,10.0,0.0,0.0,131.61241114437615,-0.17926257892412534,0.2083800273959049,-0.6873701142442962
62.77,-9.35483870967742,10.0,0.0,0.0,131.6333558482739,-0.17919934975941976,0.2083257875845972,-0.694008240616268
62.78,-9.35483870967742,10.0,0.0,0.0,131.65430242650282,-0.1791351608718147,0.2082763920042251,-0.7005996276177967
62.79,-9.35483870967742,10.0,0.0,0.0,131.67525081718398,-0.17907003119250675,0.2082316870774451,-0.7071439211206366
62.8,-9.35483870967742,10.0,0.0,0.0,131.69620096056403,-0.17900398171332377,0.20819152300450372,-0.7136407496738141
62.81,-9.35483870967742,10.0,0.0,0.0,131.71715279892462,-0.17893703531171334,0.20815575358433513,-0.7200897284658274
62.82,-9.35483870967742,10.0,0.0,0.0,131.73810627649746,-0.17886921658502386,0.20812423604968178,-0.7264904628144884
62.83,-9.35483870967742,10.0,0.0,0.0,131.75906133938423,-0.1788005516940695,0.2080968309160115,-0.7328425512166233
62.84,-9.35483870967742,10.0,0.0,0.0,131.7800179354814,-0.17873106821573892,0.20807340184365486,-0.739145587997013
62.85,-9.35483870967742,10.0,0.0,0.0,131.80097601440931,-0.1786607950043071,0.20805381551236057,-0.7453991655957567
62.86,-9.35483870967742,10.0,0.0,0.0,131.82193552744528,-0.17858976206101496,0.20803794150736798,-0.7516028765341017
62.87,-9.35483870967742,10.0,0.0,0.0,131.84289642746046,-0.1785180004114505,0.20802565221605207,-0.7577563150967114
62.88,-9.35483870967742,10.0,0.0,0.0,131.8638586688602,-0.1784455419902633,0.20801682273418876,-0.7638590787648274
62.89,-9.35483870967742,10.0,0.0,0.0,131.88482220752744,-0.17837241953273442,0.20801133078093625,-0.7699107694329349
62.9,-9.35483870967742,10.0,0.0,0.0,131.90578700076924,-0.17829866647275416,0.2080090566216639,-0.7759109944375391
62.91,-9.35483870967742,10.0,0.0,0.0,131.926753007266,-0.17822431684677686,0.20800988299783174,-0.7818593674240712
62.92,-9.35483870967742,10.0,0.0,0.0,131.94772018702312,-0.1781494052033572,0.20801369506317302,-0.7877555090742069
62.93,-9.35483870967742,10.0,-0.0,-0.0,131.96868850132518,-0.17807396651789287,0.20802038032551928,-0.7935990477143602
62.94,-9.35483870967742,10.0,-0.0,-0.0,131.98965791269222,-0.17799803611224063,0.20802982859364882,-0.7993896198221399
62.95,-9.35483870967742,10.0,-0.0,-0.0,132.0106283848381,-0.17792164957889622,0.20804193192861709,-0.8051268704461519
62.96,-9.35483870967742,10.0,-0.0,-0.0,62.91656150365539,-0.17784484270945522,0.20805658459908472,-0.8108104535525714
62.97,-9.35483870967742,10.0,-0.0,-0.0,132.0525723720546,-0.17776765142711215,0.2080736830401978,-0.8164400323088533
62.98,-9.35483870967742,10.0,-0.0,-0.0,132.0735458201736,-0.17769011172295823,0.20809312581564854,-0.8220152793152781
62.99,-9.35483870967742,10.0,-0.0,-0.0,132.09452019509718,-0.17761225959588767,0.20811481358256334,-0.8275358767914346
63.0,-9.35483870967742,10.0,-0.0,-0.0,132.1154954659469,-0.1775341309959172,0.20813864905893087,-0.8330015167256144
63.01,-9.35483870967742,10.0,-0.0,-0.0,132.13647160282454,-0.17745576177076772,0.20816453699329562,-0.8384119009919209
63.02,-9.35483870967742,10.0,-0.0,-0.0,132.15744857678158,-0.17737718761554944,0.20819238413649632,-0.8437667414410084
63.03,-9.35483870967742,10.0,-0.0,-0.0,63.06338798081451,-0.17729844402542627,0.20822209921524226,-0.8490657599679151
63.04,-9.35483870967742,10.0,-0.0,-0.0,132.1994049247139,-0.17721956625114155,0.20825359290735035,-0.8543086885605602
63.05,-9.35483870967742,10.0,-0.0,-0.0,132.22038424528273,-0.17714058925729104,0.20828677781849603,-0.859495269332047
63.06,-9.35483870967742,10.0,-0.0,-0.0,132.241364296065,-0.17706154768325566,0.20832156846033822,-0.8646252545386948
63.07,-9.35483870967742,10.0,-0.0,-0.0,132.2623450524431,-0.17698247580670345,0.20835788122990084,-0.8696984065858308
63.08,-9.35483870967742,10.0,-0.0,-0.0,132.2833264905891,-0.17690340750957445,0.20839563439011777,-0.8747144980232389
63.09,-9.35483870967742,10.0,-0.0,-0.0,132.30430858744143,-0.1768243762464854,0.20843474805144013,-0.8796733115310161
63.1,-9.35483870967742,10.0,-0.0,-0.0,132.325291320682,-0.17674541501548136,0.2084751441544318,-0.8845746398969122
63.11,-9.35483870967742,10.0,-0.0,-0.0,132.34627466871441,-0.17666655633106798,0.20851674645328522,-0.889418285986359
63.12,-9.35483870967742,10.0,-0.0,-0.0,132.3672586106426,-0.1765878321994686,0.2085594805001877,-0.8942040627052175
63.13,-9.35483870967742,10.0,-0.0,-0.0,132.38824312625022,-0.1765092740960459,0.20860327363048103,-0.8989317929561448
63.14,-9.35483870967742,10.0,-0.0,-0.0,132.4092281959805,-0.17643091294483249,0.20864805494855965,-0.9036013095886802
63.15,-9.35483870967742,10.0,-0.0,-0.0,132.4302138009167,-0.1763527791001176,0.20869375531445078,-0.9082124553434548
63.16,-9.35483870967742,10.0,-0.0,-0.0,132.45119992276304,-0.17627490233003051,0.20874030733102322,-0.9127650827907244
63.17,-9.35483870967742,10.0,-0.0,-0.0,132.47218654382598,-0.17619731180206544,0.20878764533177452,-0.9172590542635751
63.18,-9.35483870967742,10.0,-0.0,-0.0,132.4931736469961,-0.17612003607049354,0.20883570536912877,-0.9216942417857171
63.19,-9.35483870967742,10.0,-0.0,-0.0,63.39912283675464,-0.17604310306559778,0.20888442520319384,-0.9260705269942779
63.2,-9.35483870967742,10.0,-0.0,-0.0,132.53514923403327,-0.1759665400846695,0.20893374429090628,-0.9303878010578458
63.21,-9.35483870967742,10.0,-0.0,-0.0,132.55613768644233,-0.1758903737846934,0.20898360377549385,-0.9346459645901545
63.22,-9.35483870967742,10.0,-0.0,-0.0,132.57712655800827,-0.1758146301766602,0.20903394647617135,-0.9388449275593438
63.23,-9.35483870967742,10.0,-0.0,-0.0,132.5981158342797,-0.17573933462141345,0.20908471687798713,-0.9429846091939978
63.24,-9.35483870967742,10.0,-0.0,-0.0,132.6191055012863,-0.17566451182695497,0.20913586112172033,-0.9470649378860365
63.25,-9.35483870967742,10.0,-0.0,-0.0,132.6400955455224,-0.17559018584712172,0.20918732699371534,-0.9510858510909903
63.26,-9.35483870967742,10.0,-0.0,-0.0,132.66108595393084,-0.17551638008151882,0.2092390639155458,-0.9550472952272935
63.27,-9.35483870967742,10.0,-0.0,-0.0,132.68207671388691,-0.17544311727661954,0.20929102293337065,-0.9589492255746992
63.28,-9.35483870967742,10.0,-0.0,-0.0,132.7030678131825,-0.1753704195279071,0.20934315670684578,-0.9627916061734881
63.29,-9.35483870967742,10.0,-0.0,-0.0,132.72405924001038,-0.1752983082829367,0.20939541949744234,-0.9665744097256146
63.3,-9.35483870967742,10.0,-0.0,-0.0,132.74505098294844,-0.175226804345191,0.20944776715600977,-0.9702976174991214
63.31,-9.35483870967742,10.0,-0.0,-0.0,132.76604303094447,-0.17515592787858492,0.20950015710942382,-0.9739612192377466
63.32,-9.35483870967742,10.0,-0.0,-0.0,132.78703537330074,-0.1750856984124819,0.2095525483461399,-0.977565213076992
63.33,-9.35483870967742,10.0,-0.0,-0.0,132.80802799965883,-0.17501613484706935,0.20960490140048127,-0.9811096054687956
63.34,-9.35483870967742,10.0,-0.0,-0.0,132.8290208999848,-0.17494725545893886,0.20965717833549258,-0.9845944111168189
63.35,-9.35483870967742,10.0,-0.0,-0.0,132.85001406455441,-0.17487907790672308,0.20970934272417985,-0.9880196529239171
63.36,-9.35483870967742,10.0,-0.0,-0.0,132.87100748393863,-0.17481161923663247,0.20976135962898712,-0.9913853619542641
63.37,-9.35483870967742,10.0,-0.0,-0.0,132.89200114898946,-0.17474489588774667,0.20981319557935874,-0.9946915774117023
63.38,-9.35483870967742,10.0,-0.0,-0.0,132.91299505082617,-0.17467892369691962,0.2098648185472668,-0.9979383466364554
63.39,-9.35483870967742,10.0,-0.0,-0.0,132.9339891808216,-0.17461371790317304,0.20991619792059946,-1.0011257251215586
63.4,-9.35483870967742,10.0,-0.0,-0.0,63.83994515161386,-0.17454929315145784,0.20996730447435508,-1.0042537765510229
63.41,-9.35483870967742,10.0,-0.0,-0.0,132.97597809197072,-0.17448566349569905,0.21001811033959927,-1.007322572860259
63.42,-9.35483870967742,10.0,-0.0,-0.0,132.99697285702314,-0.17442284240104133,0.21006858897021663,-1.0103321943203294
63.43,-9.35483870967742,10.0,-0.0,-0.0,133.0179678180082,-0.1743608427452581,0.21011871510750613,-1.0132827296459104
63.44,-9.35483870967742,10.0,-0.0,-0.0,133.0389629673809,-0.17429967681929837,0.2101684647427422,-1.0161742761273949
63.45,-9.35483870967742,10.0,-0.0,-0.0,133.05995829777933,-0.1742393563269895,0.21021781507786308,-1.019006939786436
63.46,-9.35483870967742,10.0,-0.0,-0.0,133.080953802015,-0.1741798923839344,0.21026674448450655,-1.021780835554183
63.47,-9.35483870967742,10.0,-0.0,-0.0,133.10194947306402,-0.1741212955156779,0.21031523246165884,-1.024496087470732
63.48,-9.35483870967742,10.0,-0.0,-0.0,133.1229453040591,-0.17406357565524777,0.21036325959222668,-1.027152828903818
63.49,-9.35483870967742,10.0,-0.0,-0.0,133.14394128828204,-0.17400674214019984,0.21041080749888597,-1.029751202784445
63.5,-9.35483870967742,10.0,-0.0,-0.0,133.16493741915727,-0.17395080370931937,0.21045785879958467,-1.0322913618568261
63.51,-9.35483870967742,10.0,-0.0,-0.0,133.18593369024615,-0.17389576849915256,0.21050439706310053,-1.0347734689395272
63.52,-9.35483870967742,10.0,-0.0,-0.0,133.2069300952419,-0.1738416440405539,0.21055040676505898,-1.0371976971944064
63.53,-9.35483870967742,10.0,-0.0,-0.0,133.22792662796545,-0.1737884372554378,0.2105958732448191,-1.0395642304003034
63.54,-9.35483870967742,10.0,-0.0,-0.0,133.248923282362,-0.17373615445392998,0.21064078266360853,-1.0418732632276002
63.55,-9.35483870967742,10.0,-0.0,-0.0,133.26992005249818,-0.17368480133210074,0.21068512196427303,-1.0441250015105499
63.56,-9.35483870967742,10.0,-0.0,-0.0,133.29091693255998,-0.1736343829704533,0.2107288788329601,-1.0463196625140532
63.57,-9.35483870967742,10.0,-0.0,-0.0,133.31191391685127,-0.1735849038333236,0.21077204166300711,-1.0484574751917
63.58,-9.35483870967742,10.0,-0.0,-0.0,133.3329109997928,-0.17353636776932324,0.21081459952126103,-1.0505386804324193
63.59,-9.35483870967742,10.0,-0.0,-0.0,64.23886979694636,-0.1734887780129295,0.21085654211698746,-1.052563531293329
63.6,-9.35483870967742,10.0,-0.0,-0.0,133.3749054398919,-0.17344213718730694,0.21089785977346875,-1.0545322932164714
63.61,-9.35483870967742,10.0,-0.0,-0.0,133.39590278647339,-0.17339644730840154,0.21093854340234142,-1.0564452442281302
63.62,-9.35483870967742,10.0,-0.0,-0.0,133.41690021055388,-0.17335170979033865,0.21097858448064788,-1.0583026751189304
63.63,-9.35483870967742,10.0,-0.0,-0.0,133.43789770713911,-0.17330792545211016,0.2110179750305401,-1.0601048896040834
63.64,-9.35483870967742,10.0,-0.0,-0.0,133.45889527135398,-0.17326509452552386,0.2110567076015195,-1.0618522044630154
63.65,-9.35483870967742,10.0,-0.0,-0.0,133.47989289844358,-0.17322321666436136,0.21109477525505638,-1.0635449496579332
63.66,-9.35483870967742,10.0,-0.0,-0.0,133.50089058377432,-0.17318229095467363,0.21113217155140407,-1.0651834684313088
63.67,-9.35483870967742,10.0,-0.0,-0.0,133.5218883228351,-0.17314231592612195,0.2111688905384005,-1.0667681173825656
63.68,-9.35483870967742,10.0,-0.0,-0.0,133.54288611123843,-0.1731032895642729,0.21120492674202607,-1.0682992665238893
63.69,-9.35483870967742,10.0,-0.0,-0.0,133.56388394472137,-0.17306520932373715,0.2112402751584891,-1.0697772993158492
63.7,-9.35483870967742,10.0,-0.0,-0.0,133.58488181914643,-0.17302807214204619,0.21127493124759977,-1.0712026126831058
63.71,-9.35483870967742,10.0,-0.0,-0.0,133.60587973050232,-0.17299187445414965,0.21130889092720562,-1.0725756170110212
63.72,-9.35483870967742,10.0,-0.0,-0.0,133.6268776749045,-0.17295661220742908,0.21134215056846362,-1.0738967361234384
63.73,-9.35483870967742,10.0,-0.0,-0.0,133.6478756485956,-0.1729222808771207,0.2113747069917431,-1.0751664072423497
63.74,-9.35483870967742,10.0,-0.0,-0.0,133.6688736479455,-0.17288887548204912,0.211406557462965,-1.0763850809298385
63.75,-9.35483870967742,10.0,-0.0,-0.0,133.6898716694514,-0.17285639060057134,0.2114376996902092,-1.0775532210131067
63.76,-9.35483870967742,10.0,-0.0,-0.0,133.71086970973758,-0.17282482038665536,0.21146813182043078,-1.078671304492672
63.77,-9.35483870967742,10.0,-0.0,-0.0,133.73186776555485,-0.17279415858601022,0.2114978524361517,-1.079739821434285
63.78,-9.35483870967742,10.0,-0.0,-0.0,133.75286583378,-0.17276439855219683,0.2115268605520183,-1.080759274845134
63.79,-9.35483870967742,10.0,-0.0,-0.0,133.77386391141488,-0.1727355332626641,0.21155515561112637,-1.0817301805343946
63.8,-9.35483870967742,10.0,-0.0,-0.0,133.7948619955854,-0.17270755533465643,0.21158273748103396,-1.0826530669584096
63.81,-9.35483870967742,10.0,-0.0,-0.0,133.81586008354014,-0.17268045704094492,0.21160960644940807,-1.0835284750509364
63.82,-9.35483870967742,10.0,-0.0,-0.0,133.83685817264913,-0.172654230325348,0.2116357632192598,-1.0843569580386792
63.83,-9.35483870967742,10.0,-0.0,-0.0,133.85785626040206,-0.17262886681801226,0.2116612089037302,-1.0851390812418946
63.84,-9.35483870967742,10.0,-0.0,-0.0,133.87885434440665,-0.17260435785042405,0.21168594502041793,-1.0858754218608502
63.85,-9.35483870967742,10.0,-0.0,-0.0,133.89985242238674,-0.17258069447013724,0.21170997348523446,-1.0865665687478365
63.86,-9.35483870967742,10.0,-0.0,-0.0,133.92085049218028,-0.17255786745520096,0.21173329660579,-1.0872131221650476
63.87,-9.35483870967742,10.0,-0.0,-0.0,133.94184855173714,-0.17253586732827586,0.21175591707431873,-1.08781569352857
63.88,-9.35483870967742,10.0,-0.0,-0.0,133.96284659911697,-0.17251468437043405,0.21177783796016147,-1.088374905138607
63.89,-9.35483870967742,10.0,-0.0,-0.0,64.86880625351135,-0.17249430863463844,0.2117990627018178,-1.0888913898959396
63.9,-9.35483870967742,10.0,-0.0,-0.0,134.00484265011866,-0.1724747299588979,0.21181959509860226,-1.0893657910052095
63.91,-9.35483870967742,10.0,-0.0,-0.0,134.0258406503871,-0.1724559379791024,0.21183943930192517,-1.0897987616648899
63.92,-9.35483870967742,10.0,-0.0,-0.0,134.04683863176663,-0.17243792214153852,0.21185859980622757,-1.0901909647443258
63.93,-9.35483870967742,10.0,0.0,-0.0,134.06783659282922,-0.17242067171508824,0.21187708143960626,-1.0905430724482434
63.94,-9.35483870967742,10.0,0.0,-0.0,134.0888345322416,-0.1724041758031185,0.21189488935415324,-1.0908557659687543
63.95,-9.35483870967742,10.0,0.0,-0.0,134.1098324487627,-0.17238842335506288,0.21191202901604866,-1.0911297351254698
63.96,-9.35483870967742,10.0,0.0,-0.0,134.13083034124082,-0.17237340317770655,0.21192850619543135,-1.0913656779938037
63.97,-9.35483870967742,10.0,0.0,-0.0,134.15182820861122,-0.17235910394617437,0.2119443269560891,-1.091564300522255
63.98,-9.35483870967742,10.0,0.0,-0.0,134.17282604989322,-0.17234551421463562,0.211959497644986,-1.0917263161385573
63.99,-9.35483870967742,10.0,0.0,-0.0,134.1938238641876,-0.1723326224267261,0.2119740248816655,-1.0918524453456264
64.0,-9.35483870967742,10.0,0.0,-0.0,65.09978327169854,-0.17232041692569655,0.21198791554755603,-1.091943415307563
64.01,0.0,0.0,0.0,-0.0,134.23533884582406,0.6142215606768642,-0.6291204654172569,-1.1096873957438547
