time,wheel_l,wheel_r,roll,pitch,yaw,beta_l,beta_r,alpha
0.0,-16.838709677419356,-18.0,0.0,0.0,125.47141211816661,-1.3825364210737305,-1.4819428726866337,0.0
0.01,-16.838709677419356,-18.0,0.0,0.0,125.47141211537702,-1.323676746178078,-1.423083028741879,0.0
0.02,-16.838709677419356,-18.0,0.0,0.0,125.47141210872137,-1.2648172024556648,-1.3642232507357175,0.0
0.03,-16.838709677419356,-18.0,0.0,0.0,125.4714120966877,-1.2059578434749718,-1.3053635658479676,0.0
0.04,-16.838709677419356,-18.0,0.0,0.0,125.4714120771528,-1.147098744671706,-1.2465040124698838,0.0
0.05,-16.838709677419356,-18.0,0.0,0.0,125.4714120471357,-1.0882400122635159,-1.1876446448398066,0.0
0.06,-16.838709677419356,-18.0,0.0,0.0,125.47141200245251,-1.029381795791098,-1.1287855396030273,0.0
0.07,-16.838709677419356,-18.0,0.0,0.0,125.47141193723355,-0.9705243057556421,-1.0699268050997766,0.0
0.08,-16.838709677419356,-18.0,0.0,0.0,125.47141184324836,-0.911667838415127,-1.0110685945249132,0.0
0.09,-16.838709677419356,-18.0,0.0,0.0,125.47141170896361,-0.8528128106320072,-0.952211124589176,0.0
0.1,-16.838709677419356,-18.0,0.0,0.0,125.47141151823044,-0.7939598088281833,-0.8933547020107065,0.0
0.11,-16.838709677419356,-18.0,0.0,0.0,125.47141124845857,-0.7351096577386511,-0.8344997611755491,0.0
0.12,-16.838709677419356,-18.0,0.0,0.0,125.47141086808219,-0.6762635169731137,-0.7756469177771388,0.0
0.13,-16.838709677419356,-18.0,0.0,0.0,125.47141033305017,-0.6174230167413503,-0.7167970454141129,0.0
0.14,-16.838709677419356,-18.0,0.0,0.0,125.47140958197186,-0.5585904491165431,-0.6579513853837368,0.0
0.15,-16.838709677419356,-18.0,0.0,0.0,125.47140852939853,-0.49976903927467786,-0.5991117049438002,0.0
0.16,-16.838709677419356,-18.0,0.0,0.0,125.47140705646564,-0.44096333557263256,-0.5402805274523133,0.0
0.17,-16.838709677419356,-18.0,0.0,0.0,125.47140499761026,-0.38217978686287424,-0.48146147184018284,0.0
0.18,-16.838709677419356,-18.0,0.0,0.0,125.47140212086234,-0.32342764475501906,-0.4226597654434012,0.0
0.19,-16.838709677419356,-18.0,0.0,0.0,125.47139809589757,-0.2647205118164797,-0.36388305056482095,-3.1415820564725583
0.2,-16.838709677419356,-18.0,0.0,0.0,125.4713924340279,-0.20607939861293856,-0.30514274092399996,-3.1415780318819646
0.21,-16.838709677419356,-18.0,0.0,0.0,125.47138435014357,-0.14753999129716733,-0.2464565595187087,-3.14157248774772
0.22,-16.838709677419356,-18.0,0.0,0.0,125.47137235464703,-0.08917458330721884,-0.1878541078297351,-3.14156457237789
0.23,-16.838709677419356,-18.0,0.0,0.0,125.47135252563837,-0.031187500729481066,-0.12939231441702237,-3.141551576403935
0.24,-16.838709677419356,-18.0,0.0,0.0,125.47130124532056,0.02508088264756192,-0.07121798170623284,-3.141505396700178
0.25,-16.838709677419356,-18.0,0.0,0.0,125.46896325400591,-0.043099063299791185,-0.0008232412453945681,-3.139140576865548
0.26,-16.838709677419356,-18.0,0.0,0.0,125.46866446390966,0.040760143444736885,-0.040539628335244826,-3.1384104133707176
0.27,-16.838709677419356,-18.0,0.0,0.0,125.46626315178582,-0.02295794652428995,0.023155116567395773,-3.139610486794416
0.28,-16.838709677419356,-18.0,0.0,0.0,125.46636876433989,0.05293001960548138,-0.05287655278381842,-3.138814951048897
0.29,-16.838709677419356,-18.0,0.0,0.0,125.46406352263274,-0.02012249427002155,0.020168701570218328,-3.139683523099241
0.3,-16.838709677419356,-18.0,0.0,0.0,125.46421565041338,0.054318279775737555,-0.05430711534418364,-3.1389003394925883
0.31,-16.838709677419356,-18.0,0.0,0.0,125.46193261953063,-0.0194697903783414,0.0194754295035251,-3.139691168193669
0.32,-16.838709677419356,-18.0,0.0,0.0,125.46209399627497,0.05459539567676974,-0.05459048664331401,-3.1389157967064487
0.33,-16.838709677419356,-18.0,0.0,0.0,125.45981559425228,-0.019332534563659687,0.019332176398804135,-3.1396931739455853
0.34,-16.838709677419356,-18.0,0.0,0.0,125.45997881624692,0.05465092862709642,-0.05464677586099831,-3.138919059419464
0.35,-16.838709677419356,-18.0,0.0,0.0,125.45770134496523,-0.019304695031325814,0.019303613025854816,-3.1396935823970598
0.36,-16.838709677419356,-18.0,0.0,0.0,125.45786493447308,0.05466201888692601,-0.0546579569012684,-3.1389197135853757
0.37,-16.838709677419356,-18.0,0.0,0.0,-0.2081184947310724,-0.019299112570212218,0.019297943929853068,-3.139693664230686
0.38,-16.838709677419356,-18.0,0.0,0.0,125.45575131153933,0.05466423017630828,-0.05466017976451387,-3.1389198440295907
0.39,-16.838709677419356,-18.0,0.0,0.0,125.45347406290476,-0.019297997641075204,0.01929681800097449,-3.1396936805417046
0.4,-16.838709677419356,-18.0,0.0,0.0,125.45363774015038,0.05466467074760395,-0.054660621950385124,-3.1389198700047896
0.41,-16.838709677419356,-18.0,0.0,0.0,125.45136049887789,-0.01929777533378152,0.019296594166746672,-3.139693683789708
0.42,-16.838709677419356,-18.0,0.0,0.0,125.45152417902348,0.054664758492024346,-0.05466070994344441,-3.1389198751759806
0.43,-16.838709677419356,-18.0,0.0,0.0,-0.21445920437510818,-0.019297731041732602,0.019296549640690275,-3.139693684436339
0.44,-16.838709677419356,-18.0,0.0,0.0,125.44941061993953,0.0546647759637664,-0.054660727457012115,-3.138919876205433
0.45,-16.838709677419356,-18.0,0.0,0.0,125.44713338042445,-0.019297722220484204,0.019296540780233684,-3.139693684565072
0.46,-16.838709677419356,-18.0,0.0,0.0,125.44729706126228,0.05466477944239112,-0.054660730943153046,-3.138919876410364
0.47,-16.838709677419356,-18.0,0.0,0.0,125.44501982180529,-0.019297720463987256,0.019296539016710357,-3.139693684590708
0.48,-16.838709677419356,-18.0,0.0,0.0,125.445183502666,0.05466478013494669,-0.05466073163711993,-3.1389198764511614
0.49,-16.838709677419356,-18.0,0.0,0.0,125.44290626322056,-0.019297720114269,0.0192965386656736,-3.1396936845958
0.5,-16.838709677419356,-18.0,0.0,0.0,125.44306994408583,0.05466478027282329,-0.054660731775268756,-3.1389198764592905
0.51,-16.838709677419356,-18.0,0.0,0.0,-0.2229134389490262,-0.019297720044643363,0.019296538595794832,-3.1396936845968155
0.52,-16.838709677419356,-18.0,0.0,0.0,125.44095638550888,0.05466478030027333,-0.05466073180277209,-3.138919876460911
0.53,-16.838709677419356,-18.0,0.0,0.0,125.43867914606622,-0.01929772003078134,0.01929653858188307,-3.1396936845970282
0.54,-16.838709677419356,-18.0,0.0,0.0,-0.2248633166591581,0.054664780305737626,-0.0546607318082466,-3.1389198764612223
0.55,-16.838709677419356,-18.0,0.0,0.0,125.43656558749,-0.01929772002802177,0.01929653857911462,-3.1396936845970624
0.56,-16.838709677419356,-18.0,0.0,0.0,125.43672926835639,0.054664780306822536,-0.05466073180933373,-3.138919876461292
0.57,-16.838709677419356,-18.0,0.0,0.0,125.43445202891382,-0.019297720027474208,0.019296538578564393,-3.139693684597067
0.58,-16.838709677419356,-18.0,0.0,0.0,125.43461570978022,0.054664780307039695,-0.05466073180955089,-3.138919876461298
0.59,-16.838709677419356,-18.0,0.0,0.0,-0.2313676732540606,-0.019297720027364518,0.01929653857845426,-3.139693684597079
0.6,-16.838709677419356,-18.0,0.0,0.0,125.43250215120406,0.05466478030708455,-0.054660731809596186,-3.1389198764613
0.61,-16.838709677419356,-18.0,0.0,0.0,125.43022491176151,-0.019297720027341647,0.019296538578431388,-3.1396936845970784
0.62,-16.838709677419356,-18.0,0.0,0.0,125.4303885926279,0.054664780307092986,-0.054660731809604624,-3.1389198764613
0.63,-16.838709677419356,-18.0,0.0,0.0,-0.23559479040637174,-0.01929772002733743,0.019296538578426725,-3.1396936845970784
0.64,-16.838709677419356,-18.0,0.0,0.0,125.42827503405175,0.054664780307092764,-0.054660731809604846,-3.138919876461299
0.65,-16.838709677419356,-18.0,0.0,0.0,125.4259977946092,-0.019297720027336984,0.019296538578426725,-3.1396936845970784
0.66,-16.838709677419356,-18.0,0.0,0.0,125.4261614754756,0.054664780307093874,-0.054660731809605956,-3.1389198764612996
0.67,-16.838709677419356,-18.0,0.0,0.0,125.42388423603305,-0.019297720027336096,0.01929653857842628,-3.1396936845970784
0.68,-16.838709677419356,-18.0,0.0,0.0,125.42404791689944,0.05466478030709432,-0.05466073180960551,-3.1389198764612996
0.69,-16.838709677419356,-18.0,0.0,0.0,125.42177067745689,-0.019297720027335874,0.019296538578426503,-3.1396936845970784
0.7,-16.838709677419356,-18.0,0.0,0.0,125.42193435832328,0.05466478030709432,-0.054660731809605956,-3.1389198764612996
0.71,-16.838709677419356,-18.0,0.0,0.0,125.41965711888074,-0.019297720027336318,0.01929653857842606,-3.1396936845970784
0.72,-16.838709677419356,-18.0,0.0,0.0,125.41982079974713,0.05466478030709454,-0.054660731809605734,-3.1389198764612996
0.73,-16.838709677419356,-18.0,0.0,0.0,125.41754356030458,-0.019297720027335874,0.01929653857842606,-3.1396936845970784
0.74,-16.838709677419356,-18.0,0.0,0.0,125.41770724117097,0.05466478030709476,-0.054660731809606844,-3.1389198764613
0.75,-16.838709677419356,-18.0,0.0,0.0,125.41543000172842,-0.019297720027336096,0.019296538578425837,-3.1396936845970784
0.76,-16.838709677419356,-18.0,0.0,0.0,125.41559368259482,0.054664780307094096,-0.054660731809605734,-3.1389198764612996
0.77,-16.838709677419356,-18.0,0.0,0.0,125.41331644315227,-0.019297720027336096,0.01929653857842628,-3.1396936845970784
0.78,-16.838709677419356,-18.0,0.0,0.0,125.41348012401866,0.054664780307094096,-0.05466073180960529,-3.1389198764612996
0.79,-16.838709677419356,-18.0,0.0,0.0,125.41120288457611,-0.019297720027336318,0.01929653857842606,-3.1396936845970784
0.8,-16.838709677419356,-18.0,0.0,0.0,125.4113665654425,0.05466478030709365,-0.054660731809605734,-3.1389198764612996
0.81,-16.838709677419356,-18.0,0.0,0.0,125.40908932599996,-0.019297720027336762,0.019296538578425615,-3.1396936845970784
0.82,-16.838709677419356,-18.0,0.0,0.0,125.40925300686635,0.054664780307094096,-0.054660731809605734,-3.1389198764612996
0.83,-16.838709677419356,-18.0,0.0,0.0,125.4069757674238,-0.019297720027336318,0.01929653857842606,-3.1396936845970784
0.84,-16.838709677419356,-18.0,0.0,0.0,125.4071394482902,0.05466478030709365,-0.054660731809605734,-3.1389198764612996
0.85,-16.838709677419356,-18.0,0.0,0.0,-0.2588439347440832,-0.019297720027337206,0.019296538578425615,-3.1396936845970784
0.86,-16.838709677419356,-18.0,0.0,0.0,125.40502588971404,0.05466478030709432,-0.054660731809605956,-3.1389198764612996
0.87,-16.838709677419356,-18.0,0.0,0.0,125.40274865027149,-0.019297720027336318,0.019296538578426503,-3.1396936845970784
0.88,-16.838709677419356,-18.0,0.0,0.0,125.40291233113788,0.054664780307093874,-0.05466073180960551,-3.1389198764612996
0.89,-16.838709677419356,-18.0,0.0,0.0,125.40063509169534,-0.019297720027336762,0.01929653857842606,-3.1396936845970784
0.9,-16.838709677419356,-18.0,0.0,0.0,125.40079877256173,0.054664780307094096,-0.054660731809605734,-3.1389198764612996
0.91,-16.838709677419356,-18.0,0.0,0.0,125.39852153311918,-0.019297720027336096,0.01929653857842628,-3.1396936845970784
0.92,-16.838709677419356,-18.0,0.0,0.0,125.39868521398557,0.05466478030709432,-0.054660731809605956,-3.1389198764612996
0.93,-16.838709677419356,-18.0,0.0,0.0,125.39640797454302,-0.019297720027336318,0.01929653857842606,-3.1396936845970784
0.94,-16.838709677419356,-18.0,0.0,0.0,125.39657165540942,0.05466478030709365,-0.05466073180960618,-3.1389198764612996
0.95,-16.838709677419356,-18.0,0.0,0.0,125.39429441596687,-0.01929772002733654,0.01929653857842628,-3.1396936845970784
0.96,-16.838709677419356,-18.0,0.0,0.0,125.39445809683326,0.054664780307093874,-0.054660731809605956,-3.1389198764612996
0.97,-16.838709677419356,-18.0,0.0,0.0,125.39218085739071,-0.01929772002733654,0.01929653857842628,-3.1396936845970784
0.98,-16.838709677419356,-18.0,0.0,0.0,125.3923445382571,0.05466478030709365,-0.054660731809605734,-3.1389198764612996
0.99,-16.838709677419356,-18.0,0.0,0.0,125.39006729881456,-0.019297720027336762,0.019296538578425615,-3.1396936845970784
1.0,-16.838709677419356,-18.0,0.0,0.0,-0.2734751639107791,0.05466478030709454,-0.05466073180960618,-3.1389198764613
1.01,-16.838709677419356,-18.0,0.0,0.0,125.3879537402384,-0.019297720027335874,0.019296538578425615,-3.1396936845970784
1.02,-16.838709677419356,-18.0,0.0,0.0,125.3881174211048,0.054664780307095207,-0.0546607318096064,-3.1389198764613
1.03,-16.838709677419356,-18.0,0.0,0.0,125.38584018166225,-0.019297720027336096,0.019296538578425837,-3.1396936845970784
1.04,-16.838709677419356,-18.0,0.0,0.0,125.38600386252864,0.05466478030709432,-0.0546607318096064,-3.1389198764612996
1.05,-16.838709677419356,-18.0,0.0,0.0,125.38372662308609,-0.019297720027335652,0.019296538578425837,-3.1396936845970784
1.06,-16.838709677419356,-18.0,0.0,0.0,125.38389030395248,0.05466478030709432,-0.0546607318096064,-3.1389198764612996
1.07,-16.838709677419356,-18.0,0.0,0.0,125.38161306450993,-0.019297720027336096,0.019296538578425837,-3.1396936845970784
1.08,-16.838709677419356,-18.0,0.0,0.0,125.38177674537633,0.05466478030709432,-0.0546607318096064,-3.1389198764612996
1.09,-16.838709677419356,-18.0,0.0,0.0,125.37949950593378,-0.019297720027335874,0.019296538578425615,-3.1396936845970784
1.1,-16.838709677419356,-18.0,0.0,0.0,125.37966318680017,0.05466478030709476,-0.0546607318096064,-3.1389198764612996
1.11,-16.838709677419356,-18.0,0.0,0.0,125.37738594735762,-0.019297720027336096,0.019296538578425837,-3.1396936845970784
1.12,-16.838709677419356,-18.0,0.0,0.0,125.37754962822402,0.05466478030709432,-0.0546607318096064,-3.1389198764612996
1.13,-16.838709677419356,-18.0,0.0,0.0,-0.2884337548102614,-0.019297720027335874,0.019296538578425615,-3.1396936845970784
1.14,-16.838709677419356,-18.0,0.0,0.0,125.37543606964786,0.05466478030709454,-0.05466073180960618,-3.1389198764612996
1.15,-16.838709677419356,-18.0,0.0,0.0,125.37315883020531,-0.019297720027336318,0.019296538578425615,-3.1396936845970784
1.16,-16.838709677419356,-18.0,0.0,0.0,125.3733225110717,0.054664780307093874,-0.054660731809605956,-3.1389198764612996
1.17,-16.838709677419356,-18.0,0.0,0.0,125.37104527162916,-0.019297720027336096,0.019296538578425837,-3.1396936845970784
1.18,-16.838709677419356,-18.0,0.0,0.0,125.37120895249555,0.054664780307093874,-0.054660731809605956,-3.1389198764612996
1.19,-16.838709677419356,-18.0,0.0,0.0,125.368931713053,-0.01929772002733654,0.019296538578425837,-3.1396936845970784
1.2,-16.838709677419356,-18.0,0.0,0.0,-0.29461074967233497,0.054664780307094096,-0.05466073180960618,-3.1389198764612996
1.21,-16.838709677419356,-18.0,0.0,0.0,125.36681815447685,-0.019297720027336762,0.01929653857842606,-3.1396936845970784
1.22,-16.838709677419356,-18.0,0.0,0.0,125.36698183534324,0.054664780307094096,-0.05466073180960618,-3.1389198764612996
1.23,-16.838709677419356,-18.0,0.0,0.0,-0.2990015476910393,-0.019297720027336318,0.01929653857842606,-3.1396936845970784
1.24,-16.838709677419356,-18.0,0.0,0.0,125.36486827676708,0.054664780307094096,-0.05466073180960529,-3.1389198764612996
1.25,-16.838709677419356,-18.0,0.0,0.0,125.36259103732453,-0.019297720027336762,0.019296538578425615,-3.1396936845970784
1.26,-16.838709677419356,-18.0,0.0,0.0,125.36275471819093,0.05466478030709365,-0.05466073180960618,-3.1389198764612996
1.27,-16.838709677419356,-18.0,0.0,0.0,125.36047747874838,-0.019297720027336318,0.01929653857842606,-3.1396936845970784
1.28,-16.838709677419356,-18.0,0.0,0.0,125.36064115961477,0.054664780307093874,-0.05466073180960551,-3.1389198764612996
1.29,-16.838709677419356,-18.0,0.0,0.0,125.35836392017222,-0.019297720027336318,0.019296538578425615,-3.1396936845970784
1.3,-16.838709677419356,-18.0,0.0,0.0,125.35852760103862,0.05466478030709454,-0.054660731809607066,-3.1389198764613
1.31,-16.838709677419356,-18.0,0.0,0.0,125.35625036159607,-0.019297720027336318,0.019296538578425615,-3.1396936845970784
1.32,-16.838709677419356,-18.0,0.0,0.0,-0.30729210112926847,0.054664780307094096,-0.054660731809605734,-3.1389198764612996
1.33,-16.838709677419356,-18.0,0.0,0.0,125.35413680301991,-0.01929772002733654,0.019296538578425837,-3.1396936845970784
1.34,-16.838709677419356,-18.0,0.0,0.0,125.3543004838863,0.05466478030709365,-0.054660731809605734,-3.1389198764612996
1.35,-16.838709677419356,-18.0,0.0,0.0,125.35202324444376,-0.01929772002733654,0.019296538578425837,-3.1396936845970784
1.36,-16.838709677419356,-18.0,0.0,0.0,125.35218692531015,0.054664780307094096,-0.05466073180960618,-3.1389198764612996
1.37,-16.838709677419356,-18.0,0.0,0.0,125.3499096858676,-0.019297720027336318,0.01929653857842606,-3.1396936845970784
1.38,-16.838709677419356,-18.0,0.0,0.0,125.350073366734,0.05466478030709365,-0.05466073180960618,-3.1389198764612996
1.39,-16.838709677419356,-18.0,0.0,0.0,125.34779612729145,-0.019297720027336762,0.019296538578425615,-3.1396936845970784
1.4,-16.838709677419356,-18.0,0.0,0.0,125.34795980815784,0.054664780307093874,-0.0546607318096064,-3.1389198764612996
1.41,-16.838709677419356,-18.0,0.0,0.0,-0.31802357487643956,-0.019297720027336318,0.01929653857842606,-3.1396936845970784
1.42,-16.838709677419356,-18.0,0.0,0.0,125.34584624958168,0.05466478030709321,-0.054660731809605734,-3.1389198764612996
1.43,-16.838709677419356,-18.0,0.0,0.0,125.34356901013913,-0.01929772002733654,0.01929653857842628,-3.1396936845970784
1.44,-16.838709677419356,-18.0,0.0,0.0,125.34373269100553,0.05466478030709432,-0.0546607318096064,-3.1389198764613
1.45,-16.838709677419356,-18.0,0.0,0.0,125.34145545156298,-0.01929772002733654,0.019296538578425393,-3.1396936845970784
1.46,-16.838709677419356,-18.0,0.0,0.0,125.34161913242937,0.054664780307094096,-0.05466073180960618,-3.1389198764612996
1.47,-16.838709677419356,-18.0,0.0,0.0,125.33934189298682,-0.019297720027336762,0.019296538578425615,-3.1396936845970784
1.48,-16.838709677419356,-18.0,0.0,0.0,125.33950557385322,0.05466478030709343,-0.054660731809605956,-3.1389198764612996
1.49,-16.838709677419356,-18.0,0.0,0.0,125.33722833441067,-0.01929772002733654,0.019296538578425393,-3.1396936845970784
1.5,-16.838709677419356,-18.0,0.0,0.0,125.33739201527706,0.054664780307093874,-0.054660731809605956,-3.1389198764612996
1.51,-16.838709677419356,-18.0,0.0,0.0,125.33511477583451,-0.019297720027336762,0.019296538578425615,-3.1396936845970784
1.52,-16.838709677419356,-18.0,0.0,0.0,125.3352784567009,0.05466478030709321,-0.054660731809605734,-3.138919876461299
1.53,-16.838709677419356,-18.0,0.0,0.0,125.33300121725836,-0.019297720027336762,0.01929653857842606,-3.1396936845970784
1.54,-16.838709677419356,-18.0,0.0,0.0,125.33316489812475,0.054664780307093874,-0.054660731809605956,-3.1389198764612996
1.55,-16.838709677419356,-18.0,0.0,0.0,125.3308876586822,-0.019297720027336762,0.01929653857842606,-3.1396936845970784
1.56,-16.838709677419356,-18.0,0.0,0.0,125.3310513395486,0.054664780307093874,-0.054660731809605956,-3.1389198764612996
1.57,-16.838709677419356,-18.0,0.0,0.0,125.32877410010605,-0.019297720027336984,0.019296538578425837,-3.1396936845970784
1.58,-16.838709677419356,-18.0,0.0,0.0,125.32893778097244,0.05466478030709321,-0.054660731809605734,-3.1389198764612996
1.59,-16.838709677419356,-18.0,0.0,0.0,125.32666054152989,-0.019297720027337206,0.01929653857842606,-3.1396936845970784
1.6,-16.838709677419356,-18.0,0.0,0.0,125.32682422239628,0.05466478030709432,-0.054660731809606844,-3.1389198764613
1.61,-16.838709677419356,-18.0,0.0,0.0,125.32454698295373,-0.019297720027336096,0.019296538578425393,-3.1396936845970784
1.62,-16.838709677419356,-18.0,0.0,0.0,125.32471066382013,0.054664780307093874,-0.0546607318096064,-3.1389198764612996
1.63,-16.838709677419356,-18.0,0.0,0.0,125.32243342437758,-0.01929772002733654,0.01929653857842628,-3.1396936845970784
1.64,-16.838709677419356,-18.0,0.0,0.0,125.32259710524397,0.054664780307094096,-0.05466073180960662,-3.1389198764612996
1.65,-16.838709677419356,-18.0,0.0,0.0,125.32031986580142,-0.019297720027336318,0.01929653857842517,-3.1396936845970784
1.66,-16.838709677419356,-18.0,0.0,0.0,-0.3432225969239134,0.054664780307094096,-0.05466073180960662,-3.1389198764612996
1.67,-16.838709677419356,-18.0,0.0,0.0,125.31820630722527,-0.019297720027336318,0.01929653857842517,-3.1396936845970784
1.68,-16.838709677419356,-18.0,0.0,0.0,125.31836998809166,0.05466478030709454,-0.054660731809607066,-3.1389198764613
1.69,-16.838709677419356,-18.0,0.0,0.0,-0.34761339494261767,-0.01929772002733654,0.019296538578425393,-3.1396936845970784
1.7,-16.838709677419356,-18.0,0.0,0.0,125.3162564295155,0.05466478030709454,-0.054660731809607066,-3.1389198764613
1.71,-16.838709677419356,-18.0,0.0,0.0,125.31397919007296,-0.01929772002733654,0.019296538578425393,-3.1396936845970784
1.72,-16.838709677419356,-18.0,0.0,0.0,125.31414287093935,0.05466478030709365,-0.05466073180960618,-3.1389198764612996
1.73,-16.838709677419356,-18.0,0.0,0.0,125.3118656314968,-0.019297720027336762,0.019296538578425615,-3.1396936845970784
1.74,-16.838709677419356,-18.0,0.0,0.0,125.3120293123632,0.05466478030709365,-0.05466073180960618,-3.1389198764612996
1.75,-16.838709677419356,-18.0,0.0,0.0,-0.3539540706710844,-0.019297720027336762,0.019296538578425615,-3.1396936845970784
1.76,-16.838709677419356,-18.0,0.0,0.0,125.30991575378704,0.05466478030709343,-0.054660731809605956,-3.1389198764612996
1.77,-16.838709677419356,-18.0,0.0,0.0,125.30763851434449,-0.019297720027336984,0.019296538578425393,-3.1396936845970784
1.78,-16.838709677419356,-18.0,0.0,0.0,125.30780219521088,0.05466478030709365,-0.05466073180960662,-3.1389198764612996
1.79,-16.838709677419356,-18.0,0.0,0.0,125.30552495576833,-0.019297720027336762,0.019296538578425615,-3.1396936845970784
1.8,-16.838709677419356,-18.0,0.0,0.0,-0.3580175069570024,0.05466478030709343,-0.054660731809605956,-3.1389198764612996
1.81,-16.838709677419356,-18.0,0.0,0.0,125.30341139719218,-0.019297720027337206,0.01929653857842517,-3.1396936845970784
1.82,-16.838709677419356,-18.0,0.0,0.0,-0.36013106553315805,0.05466478030709343,-0.0546607318096064,-3.1389198764612996
1.83,-16.838709677419356,-18.0,0.0,0.0,-0.36240830497570686,-0.019297720027336762,0.019296538578425615,-3.1396936845970784
1.84,-16.838709677419356,-18.0,0.0,0.0,125.30146151948242,0.05466478030709365,-0.05466073180960662,-3.1389198764612996
1.85,-16.838709677419356,-18.0,0.0,0.0,125.29918428003987,-0.019297720027336762,0.019296538578425615,-3.1396936845970784
1.86,-16.838709677419356,-18.0,0.0,0.0,125.29934796090626,0.05466478030709321,-0.05466073180960618,-3.1389198764612996
1.87,-16.838709677419356,-18.0,0.0,0.0,125.29707072146371,-0.01929772002733654,0.019296538578425393,-3.1396936845970784
1.88,-16.838709677419356,-18.0,0.0,0.0,125.2972344023301,0.05466478030709432,-0.05466073180960729,-3.1389198764613
1.89,-16.838709677419356,-18.0,0.0,0.0,125.29495716288756,-0.019297720027336762,0.01929653857842517,-3.1396936845970784
1.9,-16.838709677419356,-18.0,0.0,0.0,125.29512084375395,0.05466478030709343,-0.0546607318096064,-3.1389198764612996
1.91,-16.838709677419356,-18.0,0.0,0.0,125.2928436043114,-0.019297720027336762,0.019296538578425615,-3.1396936845970784
1.92,-16.838709677419356,-18.0,0.0,0.0,125.2930072851778,0.054664780307092986,-0.0546607318096064,-3.1389198764612996
1.93,-16.838709677419356,-18.0,0.0,0.0,125.29073004573524,-0.019297720027336984,0.019296538578425393,-3.1396936845970784
1.94,-16.838709677419356,-18.0,0.0,0.0,125.29089372660164,0.05466478030709365,-0.05466073180960662,-3.1389198764612996
1.95,-16.838709677419356,-18.0,0.0,0.0,125.28861648715909,-0.019297720027336762,0.01929653857842606,-3.1396936845970784
1.96,-16.838709677419356,-18.0,0.0,0.0,125.28878016802548,0.05466478030709343,-0.0546607318096064,-3.1389198764612996
1.97,-16.838709677419356,-18.0,0.0,0.0,125.28650292858293,-0.019297720027337206,0.01929653857842517,-3.1396936845970784
1.98,-16.838709677419356,-18.0,0.0,0.0,125.28666660944933,0.05466478030709365,-0.05466073180960662,-3.1389198764612996
1.99,-16.838709677419356,-18.0,0.0,0.0,125.28438937000678,-0.019297720027336984,0.019296538578425393,-3.1396936845970784
2.0,-16.838709677419356,-18.0,0.0,0.0,125.28455305087317,0.054664780307092986,-0.054660731809605956,-3.1389198764612996
2.01,-16.838709677419356,-16.838709677419356,0.0,0.0,125.28460179832774,-0.005646102573115597,-0.008600198320100949,3.1408046105054925
2.02,-16.838709677419356,-16.838709677419356,0.0,0.0,125.28444742083947,0.03477094013472115,0.04412621592365129,-3.1386037340762143
2.03,-16.838709677419356,-16.838709677419356,0.0,0.0,125.2844121357643,-0.017931452133732817,-0.015793176578632773,3.1406853617240356
2.04,-16.838709677419356,-16.838709677419356,0.0,0.0,125.28446221840659,0.03827941863406448,0.03524441051144889,-3.1394168418292008
2.05,-16.838709677419356,-16.838709677419356,0.0,0.0,125.28445907171438,-0.01966729041762938,-0.019476600870075744,3.1402383859514766
2.06,-16.838709677419356,-16.838709677419356,0.0,0.0,125.28447819384147,0.03533355948596628,0.034174758584929465,-3.1392732091015
2.07,-16.838709677419356,-16.838709677419356,0.0,0.0,125.28446910850268,-0.021701580539803977,-0.021151009009092725,3.14005280989242
2.08,-16.838709677419356,-16.838709677419356,0.0,0.0,125.28449030795893,0.03388278784635568,0.03259810079759995,-3.1392570495018384
2.09,-16.838709677419356,-16.838709677419356,0.0,0.0,125.28447943688116,-0.023127845836573124,-0.022469058523149732,3.139864505696392
2.1,-16.838709677419356,-16.838709677419356,0.0,0.0,125.28450054319727,0.032710688452458614,0.03143164569572732,-3.139211565548189
2.11,-16.838709677419356,-16.838709677419356,0.0,0.0,125.28448787775298,-0.024225143362910595,-0.0234576174388732,3.139688028565596
2.12,-16.838709677419356,-16.838709677419356,0.0,0.0,125.28450917260022,0.03179857975843148,0.03050811201546222,-3.1391507953391184
2.13,-16.838709677419356,-16.838709677419356,0.0,0.0,125.28449482779799,-0.025079137607703972,-0.024209842592375574,3.1395177974860813
2.14,-16.838709677419356,-16.838709677419356,0.0,0.0,125.28451648531681,0.031081611794452346,0.029769166153348348,-3.1390759006823767
2.15,-16.838709677419356,-16.838709677419356,0.0,0.0,125.2845005323598,-0.02574987995989031,-0.02478313076517069,3.139350671626412
2.16,-16.838709677419356,-16.838709677419356,0.0,0.0,125.28452271340613,0.03051553282118169,0.029171361413505625,-3.1389879237775546
2.17,-16.838709677419356,-16.838709677419356,0.0,0.0,125.28450519202156,-0.026279622536964142,-0.025217826631468876,3.1391842696215138
2.18,-16.838709677419356,-16.838709677419356,0.0,0.0,-0.3791780964093099,0.030067394971317274,0.028682372222729402,-3.1388875526743267
2.19,-16.838709677419356,-16.838709677419356,0.0,0.0,-0.37919717233088124,-0.026699427627971284,-0.025543426780951117,3.1390166686129457
2.2,-16.838709677419356,-16.838709677419356,0.0,0.0,125.28453264435866,0.029712002397510595,0.028277412670081326,-3.138775221235863
2.21,-16.838709677419356,-16.838709677419356,0.0,0.0,125.28451200545443,-0.02703274449601789,-0.025782026899668242,3.1388462332947964
2.22,-16.838709677419356,-16.838709677419356,0.0,0.0,125.28453663664727,0.029429746860149875,0.027937096574016662,-3.1386511590685386
2.23,-16.838709677419356,-16.838709677419356,0.0,0.0,125.28451440610306,-0.02729756947238582,-0.025950398492516458,3.138671513135298
2.24,-16.838709677419356,-16.838709677419356,0.0,0.0,-0.37916600881354656,0.029205193461214973,0.027646035748233322,-3.1385154192208216
2.25,-16.838709677419356,-16.838709677419356,0.0,0.0,125.28451626485611,-0.027507851933951555,-0.02606133465633076,3.138491174111144
2.26,-16.838709677419356,-16.838709677419356,0.0,0.0,-0.3791629111269592,0.029026096873907337,0.027391859789077655,-3.138367893393246
2.27,-16.838709677419356,-16.838709677419356,0.0,0.0,125.28451765667118,-0.027674463377869163,-0.02612457028692594,3.1383039487568722
2.28,-16.838709677419356,-16.838709677419356,0.0,0.0,125.28454600963464,0.028882684236340106,0.027164494650702364,-3.138208319048301
2.29,-16.838709677419356,-16.838709677419356,0.0,0.0,125.28451864231133,-0.0278058941779451,-0.026147434385056068,3.138108595972696
2.3,-16.838709677419356,-16.838709677419356,0.0,0.0,125.28454853513142,0.028767114644206337,0.026955609746568854,-3.138036280275333
2.31,-16.838709677419356,-16.838709677419356,0.0,0.0,125.28451927030649,-0.027908769739693362,-0.02613532134925034,3.137903865577091
2.32,-16.838709677419356,-16.838709677419356,0.0,0.0,125.28455086903458,0.02867306220474064,0.02675817928290214,-3.137851202934151
2.33,-16.838709677419356,-16.838709677419356,0.0,0.0,125.2845195784572,-0.02798824065835981,-0.026092031669557647,3.1376884642407905
2.34,-16.838709677419356,-16.838709677419356,0.0,0.0,125.28455306471443,0.028595389239663982,0.026566122051758567,-3.1376523437758044
2.35,-16.838709677419356,-16.838709677419356,0.0,0.0,125.28451959492287,-0.02804828143103899,-0.026020012062105025,3.137461020115846
2.36,-16.838709677419356,-16.838709677419356,0.0,0.0,125.2845551707271,0.028529887244371555,0.02637399350786973,-3.137438772572483
2.37,-16.838709677419356,-16.838709677419356,0.0,0.0,125.28451933890584,-0.02809192080984979,-0.025920512441278687,3.137220043556949
2.38,-16.838709677419356,-16.838709677419356,0.0,0.0,125.28455723265698,0.028473069806821627,0.02617670848769027,-3.137209345575712
2.39,-16.838709677419356,-16.838709677419356,0.0,0.0,125.2845188209076,-0.02812141997607487,-0.02579366796401672,3.136963880957026
2.4,-16.838709677419356,-16.838709677419356,0.0,0.0,125.28455929503234,0.028422005942214446,0.025969273983610153,-3.136962667689059
2.41,-16.838709677419356,-16.838709677419356,0.0,0.0,125.28451804248789,-0.028138410386427504,-0.025638506192412924,3.1366906578553992
2.42,-16.838709677419356,-16.838709677419356,0.0,0.0,125.28456140347936,0.028374185302919797,0.025746509219685132,-3.1366970393834226
2.43,-16.838709677419356,-16.838709677419356,0.0,0.0,125.28451699538934,-0.02814400042689358,-0.025452870171712716,3.1363982059610036
2.44,-16.838709677419356,-16.838709677419356,0.0,0.0,125.28456360735444,0.0283274091370862,0.025502724051644554,-3.1364103822898026
2.45,-16.838709677419356,-16.838709677419356,0.0,0.0,125.28451565977994,-0.02813885850459763,-0.025233235489438455,3.1360839662130413
2.46,-16.838709677419356,-16.838709677419356,0.0,0.0,125.28456596323048,0.028279703229437958,0.02523131412705415,-3.1361001340536996
2.47,-16.838709677419356,-16.838709677419356,0.0,0.0,125.28451400117301,-0.02812327994793673,-0.024974379265300328,3.13574485581312
2.48,-16.838709677419356,-16.838709677419356,0.0,0.0,-0.37913760372824395,0.028229252052086373,0.024924207409439347,-3.1357630974894777
2.49,-16.838709677419356,-16.838709677419356,0.0,0.0,125.28451196523464,-0.028097246648591145,-0.024668824141061307,3.13537708006884
2.5,-16.838709677419356,-16.838709677419356,0.0,0.0,125.28457142574455,0.028174358246608522,0.024571051346090167,-3.1353952195774117
2.51,-16.838709677419356,-16.838709677419356,0.0,0.0,125.28450946901367,-0.028060493388028407,-0.024305915497001562,3.134975857525025
2.52,-16.838709677419356,-16.838709677419356,0.0,0.0,125.2845747412942,0.02811344111443459,0.0241579409147179,-3.1349912589878675
2.53,-16.838709677419356,-16.838709677419356,0.0,0.0,125.28450638575667,-0.028012607325855088,-0.023870261751677058,3.134535004556519
2.54,-16.838709677419356,-16.838709677419356,0.0,0.0,125.28457865976075,0.028045108658975915,0.023665304011324606,-3.1345442696856325
2.55,-16.838709677419356,-16.838709677419356,0.0,0.0,125.28450251749523,-0.027953217591558888,-0.023338996300805492,3.13404628382431
2.56,-16.838709677419356,-16.838709677419356,0.0,0.0,125.28458344539051,0.02796838710418914,0.023064156649668988,-3.1340447682290917
2.57,-16.838709677419356,-16.838709677419356,0.0,0.0,125.28449754264814,-0.027882408444060314,-0.022676702256290593,3.1334983396906364
2.58,-16.838709677419356,-16.838709677419356,0.0,0.0,125.28458952841245,0.027883317785704742,0.022308980467973916,-3.133479332087292
2.59,-16.838709677419356,-16.838709677419356,0.0,0.0,125.28449090816117,-0.02780169430115964,-0.021825307073415567,3.132874880328797
2.6,-16.838709677419356,-16.838709677419356,0.0,0.0,125.28459766587663,0.027792481129381486,0.021322963572739884,-3.132828127176966
2.61,-16.838709677419356,-16.838709677419356,0.0,0.0,125.28448158522167,-0.027716494274333092,-0.020682006583555568,3.132151437860846
2.62,-16.838709677419356,-16.838709677419356,0.0,0.0,125.28460932714599,0.027705087812163187,0.019963927198266118,-3.1320603546095134
2.63,-16.838709677419356,-16.838709677419356,0.0,0.0,-0.37923870177583796,-0.027643022388760263,-0.01904477138467775,3.1312894682520933
2.64,-16.838709677419356,-16.838709677419356,0.0,0.0,125.28462776473827,0.027649132062090853,0.01793356296563342,-3.131125823940279
2.65,-16.838709677419356,-16.838709677419356,0.0,0.0,125.28444332460813,-0.027630293891166335,-0.016453222004303658,3.1302267046136905
2.66,-16.838709677419356,-16.838709677419356,0.0,0.0,125.28466169177317,0.027714319313315805,0.014481269112714301,-3.1299431801726505
2.67,-16.838709677419356,-16.838709677419356,0.0,0.0,-0.3793127446906418,-0.027849540226527525,-0.011590992178228676,3.1288802613214513
2.68,-16.838709677419356,-16.838709677419356,0.0,0.0,125.2847433070617,0.028269057039530088,0.007064622506563145,-3.1284551830878717
2.69,-16.838709677419356,-16.838709677419356,0.0,0.0,125.28424056737661,-0.02925397166378496,0.0012120532526511685,3.1275695981481104
2.7,-16.838709677419356,-16.838709677419356,0.0,0.0,125.28508731989882,0.03266695058497726,-0.01864625226086858,-3.1289801656267087
2.71,-16.838709677419356,-16.838709677419356,0.0,0.0,125.28366964540567,-0.04061478683912889,0.04529628744567771,3.1357422955198264
2.72,-16.838709677419356,-16.838709677419356,0.0,0.0,125.28499981617092,0.04197659556381006,-0.03863175281052933,3.141560926028756
2.73,-16.838709677419356,-16.838709677419356,0.0,0.0,125.28353405388178,-0.0432338052703769,0.04559138945164376,3.1410748311660126
2.74,-16.838709677419356,-16.838709677419356,0.0,0.0,125.2848704796542,0.041358322399289715,-0.03962907940907767,-3.1410836736817687
2.75,-16.838709677419356,-16.838709677419356,0.0,0.0,-0.3802933509546356,-0.04355527341736476,0.04478055981959317,3.1410960376812564
2.76,-16.838709677419356,-16.838709677419356,0.0,0.0,125.28475705310427,0.04118175654553924,-0.04028042776505081,-3.1410827474959726
2.77,-16.838709677419356,-16.838709677419356,0.0,0.0,125.2833065804177,-0.04362702627598902,0.04427161853037709,3.14109609371988
2.78,-16.838709677419356,-16.838709677419356,0.0,0.0,125.28465766889155,0.04117676341159382,-0.04069919810433542,-3.141084073080935
2.79,-16.838709677419356,-16.838709677419356,0.0,0.0,-0.380492614942289,-0.043584204789857806,0.043930693882555216,3.1410958386199344
2.8,-16.838709677419356,-16.838709677419356,0.0,0.0,125.2845705843287,0.041249010346104065,-0.04098856381692961,-3.1410851792480194
2.81,-16.838709677419356,-16.838709677419356,0.0,0.0,125.28313199605937,-0.0434925297140174,0.04368591940749966,3.1410955241979486
2.82,-16.838709677419356,-16.838709677419356,0.0,0.0,125.28449427445362,0.04135159995585225,-0.041202470735566266,-3.1410861102104795
2.83,-16.838709677419356,-16.838709677419356,0.0,0.0,125.28306055237447,-0.04338440745163474,0.043499150544919374,3.141095196762506
2.84,-16.838709677419356,-16.838709677419356,0.0,0.0,-0.3792787392700538,0.041461627430529724,-0.04136960057083128,-3.1410868992581173
2.85,-16.838709677419356,-16.838709677419356,0.0,0.0,125.28299794703386,-0.043275386645375,0.043349724996020855,3.14109487458205
2.86,-16.838709677419356,-16.838709677419356,0.0,0.0,125.28436880498101,0.04156835674082848,-0.0415056348567131,-3.1410875703267522
2.87,-16.838709677419356,-16.838709677419356,0.0,0.0,125.2829430853763,-0.04317251380542375,0.04322609424024826,3.1410945665265353
2.88,-16.838709677419356,-16.838709677419356,0.0,0.0,125.28431745263819,0.041667166011318146,-0.04161949005892951,-3.1410881424204447
2.89,-16.838709677419356,-16.838709677419356,0.0,0.0,125.28289500877806,-0.04307859025204319,0.043121507672088555,3.141094277295604
2.9,-16.838709677419356,-16.838709677419356,0.0,0.0,125.28427245050253,0.04175645785521831,-0.041716510647387794,-3.1410886311723294
2.91,-16.838709677419356,-16.838709677419356,0.0,0.0,125.28285287756137,-0.04299433929715413,0.0430317809374432,3.141094009258817
2.92,-16.838709677419356,-16.838709677419356,0.0,0.0,125.28423301294198,0.041836089353580075,-0.041800114711366465,-3.14108904958042
2.93,-16.838709677419356,-16.838709677419356,0.0,0.0,125.28281595613686,-0.04291950556639157,0.042954136824355116,3.1410937633103613
2.94,-16.838709677419356,-16.838709677419356,0.0,0.0,125.28419845164413,0.041906579321730586,-0.04187264841882943,-3.1410894084865135
2.95,-16.838709677419356,-16.838709677419356,0.0,0.0,125.28278360004099,-0.0428534084200054,0.04288659873048184,3.1410935393728434
2.96,-16.838709677419356,-16.838709677419356,0.0,0.0,125.2841681635199,0.04196871240934863,-0.04193583441275317,-3.1410897169479206
2.97,-16.838709677419356,-16.838709677419356,0.0,0.0,125.28275524460908,-0.04279521660262908,0.042827669392917045,3.1410933367347944
2.98,-16.838709677419356,-16.838709677419356,0.0,0.0,125.28414162012425,0.04202334526881324,-0.04199101095053703,-3.141089982543068
2.99,-16.838709677419356,-16.838709677419356,0.0,0.0,125.28273039506927,-0.042744080946329976,0.042776157385082225,3.141093154287425
3.0,-16.838709677419356,-16.838709677419356,0.0,0.0,-0.37958778519253183,0.04207131516113738,-0.04203926263244884,-3.141090211625237
3.01,-16.838709677419356,-16.838709677419356,0.0,0.0,125.28270861787452,-0.042699195204338736,0.042731080590833415,3.141092990692039
3.02,-16.838709677419356,-16.838709677419356,0.0,0.0,125.28409797257093,0.0421134000841048,-0.04208149451865295,-3.1410904095327874
3.03,-16.838709677419356,-16.838709677419356,0.0,0.0,125.28268953311512,-0.042659820871494114,0.04269161015122358,3.1410928444976363
3.04,-16.838709677419356,-16.838709677419356,0.0,0.0,125.28408010705513,0.042150304448240306,-0.04211847631689247,-3.1410905807627016
3.05,-16.838709677419356,-16.838709677419356,0.0,0.0,125.28267280787514,-0.0426252942965748,0.042657036010557814,3.141092714222102
3.06,-16.838709677419356,-16.838709677419356,0.0,0.0,125.28406445024363,0.0421826570920274,-0.04215087043871213,-3.14109072911327
3.07,-16.838709677419356,-16.838709677419356,0.0,0.0,125.28265815041435,-0.042595025392466734,0.04262674426251012,3.1410925984068108
3.08,-16.838709677419356,-16.838709677419356,0.0,0.0,125.28405072906222,0.04221101495823598,-0.04217925110211196,-3.1410908578014194
3.09,-16.838709677419356,-16.838709677419356,0.0,0.0,-0.3810608385198201,-0.04256849263940188,0.042600201172841246,3.14109249565229
3.1,-16.838709677419356,-16.838709677419356,0.0,0.0,125.28403870420293,0.042235869089656264,-0.04220411825011072,-3.1410909695590377
3.11,-16.838709677419356,-16.838709677419356,0.0,0.0,125.28263404780213,-0.042545236718423585,0.042576941169361504,3.141092404639876
3.12,-16.838709677419356,-16.838709677419356,0.0,0.0,-0.3796779776444104,0.042257651303336585,-0.04222590829468609,-3.141091066712352
3.13,-16.838709677419356,-16.838709677419356,0.0,0.0,125.28262418226332,-0.04252485390995986,0.04255655734017472,3.14109232414387
3.14,-16.838709677419356,-16.838709677419356,0.0,0.0,125.28401893050668,0.04227674076532795,-0.04224500278233956,-3.1410911512471134
3.15,-16.838709677419356,-16.838709677419356,0.0,0.0,125.28261553639092,-0.0425069897826853,0.04253869363218166,3.1410922530367102
3.16,-16.838709677419356,-16.838709677419356,0.0,0.0,125.2840108368154,0.04229347012291762,-0.04226173560071156,-3.1410912248626306
3.17,-16.838709677419356,-16.838709677419356,0.0,0.0,125.28260795939501,-0.042491333391906805,0.042523038283767134,3.1410921902895668
3.18,-16.838709677419356,-16.838709677419356,0.0,0.0,125.28400374372109,0.0423081310671094,-0.04227639909329106,-3.1410912890163583
3.19,-16.838709677419356,-16.838709677419356,0.0,0.0,125.28260131912928,-0.042477612055521474,0.04250931820750492,3.141092134969752
3.2,-16.838709677419356,-16.838709677419356,0.0,0.0,125.2839975275223,0.04232097930289824,-0.042289249313659516,-3.1410913449609916
3.21,-16.838709677419356,-16.838709677419356,0.0,0.0,-0.3811106438060867,-0.0424655867036976,0.04249729413796999,3.1410920862361826
3.22,-16.838709677419356,-16.838709677419356,0.0,0.0,125.28399207981087,0.04233223895312621,-0.042300510575463246,-3.1410913937753557
3.23,-16.838709677419356,-16.838709677419356,0.0,0.0,125.28259039987388,-0.04245504776600639,0.0424867564153526,3.141092043333687
3.24,-16.838709677419356,-16.838709677419356,0.0,0.0,125.28398730558102,0.04234210644191361,-0.04231037941112481,-3.141091436390237
3.25,-16.838709677419356,-16.838709677419356,0.0,0.0,125.28258593045139,-0.04244581154753013,0.04247752130854576,3.1410920055865827
3.26,-16.838709677419356,-16.838709677419356,0.0,0.0,125.28398312157243,0.04235075390975829,-0.04231902802579346,-3.141091473610059
3.27,-16.838709677419356,-16.838709677419356,0.0,0.0,125.2825820135717,-0.04243771704265731,0.04246942780188068,3.1410919723921893
3.28,-16.838709677419356,-16.838709677419356,0.0,0.0,125.28397945481804,0.04235833221210994,-0.04232660731603355,-3.1410915061310303
3.29,-16.838709677419356,-16.838709677419356,0.0,0.0,125.28257858092495,-0.04243062313735635,0.04246233478363415,3.1410919432141893
3.3,-16.838709677419356,-16.838709677419356,0.0,0.0,125.28397624137149,0.04236497354985991,-0.04233324951078288,-3.141091534556552
3.31,-16.838709677419356,-16.838709677419356,0.0,0.0,-0.381130570945293,-0.042424406154353944,0.04245611858426801,3.14109191757638
3.32,-16.838709677419356,-16.838709677419356,0.0,0.0,125.28397342519196,0.042370793775731386,-0.04233907048325003,-3.141091559410263
3.33,-16.838709677419356,-16.838709677419356,0.0,0.0,125.28257293627249,-0.04241895770014992,0.042450670819990766,3.1410918950567184
3.34,-16.838709677419356,-16.838709677419356,0.0,0.0,-0.37973518642499954,0.04237589441597622,-0.04234417177553773,-3.1410915811470614
3.35,-16.838709677419356,-16.838709677419356,0.0,0.0,-0.3811355177662584,-0.04241418277723796,0.04244589650330943,3.1410918752816572
3.36,-16.838709677419356,-16.838709677419356,0.0,0.0,125.28396879425475,0.042380364442218266,-0.04234864237208136,-3.141091600162538
3.37,-16.838709677419356,-16.838709677419356,0.0,0.0,125.2825686010119,-0.0424099981291739,0.042441712387328634,3.141091857921074
3.38,-16.838709677419356,-16.838709677419356,0.0,0.0,125.28396689873595,0.04238428182418419,-0.04235256025328171,-3.141091616801001
3.39,-16.838709677419356,-16.838709677419356,0.0,0.0,125.28256682651971,-0.04240633078985989,0.04243804551471109,3.1410918426834993
3.4,-16.838709677419356,-16.838709677419356,0.0,0.0,125.28396523755349,0.042387714890398165,-0.042355993756738375,-3.1410916313623614
3.41,-16.838709677419356,-16.838709677419356,0.0,0.0,125.28256527140236,-0.042403116811982944,0.042434831946021934,3.141091829311887
3.42,-16.838709677419356,-16.838709677419356,0.0,0.0,125.28396378173719,0.042390723520549844,-0.04235900276994986,-3.1410916441080845
3.43,-16.838709677419356,-16.838709677419356,0.0,0.0,125.2825639085392,-0.04240030015246221,0.04243201564518806,3.141091817579674
3.44,-16.838709677419356,-16.838709677419356,0.0,0.0,125.28396250589837,0.04239336019035944,-0.04236163977540652,-3.141091655266208
3.45,-16.838709677419356,-16.838709677419356,0.0,0.0,125.28256271416242,-0.042397831695601074,0.04242954750270611,3.1410918072873795
3.46,-16.838709677419356,-16.838709677419356,0.0,0.0,125.28396138778707,0.042395670887188874,-0.04236395076636823,-3.1410916650357548
3.47,-16.838709677419356,-16.838709677419356,0.0,0.0,125.28256166744258,-0.042395668396915775,0.04242738447954664,3.141091798259419
3.48,-16.838709677419356,-16.838709677419356,0.0,0.0,125.28396040790399,0.04239769591240772,-0.042365976049349774,-3.141091673590495
3.49,-16.838709677419356,-16.838709677419356,0.0,0.0,125.28256075012528,-0.04239377253276677,0.0424254888568627,3.141091790341372
3.5,-16.838709677419356,-16.838709677419356,0.0,0.0,125.28395954916046,0.04239947058448945,-0.04236775094732992,-3.1410916810822522
3.51,-16.838709677419356,-16.838709677419356,0.0,0.0,125.28255994621291,-0.04239211104268459,0.042423827578390805,3.141091783397458
3.52,-16.838709677419356,-16.838709677419356,0.0,0.0,125.28395879658042,0.04240102585517169,-0.0423693064159858,-3.1410916876436903
3.53,-16.838709677419356,-16.838709677419356,0.0,0.0,125.28255924168559,-0.04239065495299532,0.04242237167414653,3.141091777308338
3.54,-16.838709677419356,-16.838709677419356,0.0,0.0,125.28395813703928,0.042402388849402506,-0.04237066958372093,-3.141091693390782
3.55,-16.838709677419356,-16.838709677419356,0.0,0.0,125.28255862425665,-0.04238937887167671,0.042421095755342364,3.141091771969211
3.56,-16.838709677419356,-16.838709677419356,0.0,0.0,125.28395755903493,0.04240358333850147,-0.04237186422487871,-3.1410916984249266
3.57,-16.838709677419356,-16.838709677419356,0.0,0.0,-0.38114806043332333,-0.04238826054560407,0.04241997757169047,3.141091767287982
3.58,-16.838709677419356,-16.838709677419356,0.0,0.0,125.28395705248727,0.04240463015483842,-0.04237291117447972,-3.1410917028348266
3.59,-16.838709677419356,-16.838709677419356,0.0,0.0,125.28255760895433,-0.04238728047258333,0.04241899762347834,3.1410917631838196
3.6,-16.838709677419356,-16.838709677419356,0.0,0.0,-0.37974953502936654,0.042405547555185885,-0.04237382869162043,-3.141091706698114
3.61,-16.838709677419356,-16.838709677419356,0.0,0.0,125.28255719337453,-0.042386421561274146,0.04241813882154699,3.1410917595857835
3.62,-16.838709677419356,-16.838709677419356,0.0,0.0,-0.37974992407335645,0.04240635153918393,-0.04237463277797304,-3.141091710082687
3.63,-16.838709677419356,-16.838709677419356,0.0,0.0,125.28255682917147,-0.0423856688331925,0.04241738618931845,3.141091756431583
3.64,-16.838709677419356,-16.838709677419356,0.0,0.0,125.28395587857057,0.042407056128403786,-0.042375337456897144,-3.1410917130479894
3.65,-16.838709677419356,-16.838709677419356,0.0,0.0,125.28255650999361,-0.04238500916150789,0.04241672660163509,3.141091753666585
3.66,-16.838709677419356,-16.838709677419356,0.0,0.0,125.28395557977296,0.04240767361090514,-0.042375955018012945,-3.1410917156460405
3.67,-16.838709677419356,-16.838709677419356,0.0,0.0,125.28255623027465,-0.04238443104217193,0.04241614855591447,3.1410917512428247
3.68,-16.838709677419356,-16.838709677419356,0.0,0.0,125.2839553179147,0.042408214755564,-0.04237649623156958,-3.141091717922405
3.69,-16.838709677419356,-16.838709677419356,0.0,0.0,125.28255598513641,-0.04238392439329064,0.042415641971547347,3.1410917491182713
3.7,-16.838709677419356,-16.838709677419356,0.0,0.0,-0.37975105516264807,0.04240868899990513,-0.04237697053629175,-3.141091719916955
3.71,-16.838709677419356,-16.838709677419356,0.0,0.0,125.28255577030377,-0.04238348037931683,0.04241519801411053,3.1410917472560413
3.72,-16.838709677419356,-16.838709677419356,0.0,0.0,125.28395488731398,0.04240910461469616,-0.042377386204,-3.141091721664643
3.73,-16.838709677419356,-16.838709677419356,0.0,0.0,125.28255558203018,-0.04238309125700335,0.04241480894134275,3.1410917456237573
3.74,-16.838709677419356,-16.838709677419356,0.0,0.0,125.28395471106207,0.042409468848176424,-0.0423777504838565,-3.1410917231960362
3.75,-16.838709677419356,-16.838709677419356,0.0,0.0,125.28255541703223,-0.042382750240345546,0.04241446796810666,3.141091744193073
3.76,-16.838709677419356,-16.838709677419356,0.0,0.0,125.28395455659958,0.0424097880525085,-0.04237806972882985,-3.14109172453794
3.77,-16.838709677419356,-16.838709677419356,0.0,0.0,125.28255527243242,-0.04238245138225061,0.04241416914806617,3.141091742939107
3.78,-16.838709677419356,-16.838709677419356,0.0,0.0,125.28395442123276,0.042410067794537376,-0.0423783495064769,-3.141091725713802
3.79,-16.838709677419356,-16.838709677419356,0.0,0.0,125.28255514570898,-0.042382189470839826,0.04241390727000294,3.141091741840053
3.8,-16.838709677419356,-16.838709677419356,0.0,0.0,125.28395430260088,0.042410312952890994,-0.04237859469604599,-3.141091726744196
3.81,-16.838709677419356,-16.838709677419356,0.0,0.0,125.28255503465193,-0.04238195993855287,0.04241367776694194,3.1410917408767753
3.82,-16.838709677419356,-16.838709677419356,0.0,0.0,125.28395419863504,0.04241052780305665,-0.04237880957356799,-3.1410917276471295
3.83,-16.838709677419356,-16.838709677419356,0.0,0.0,125.2825549373245,-0.042381758782492396,0.042413476636492975,3.1410917400325045
3.84,-16.838709677419356,-16.838709677419356,0.0,0.0,125.28395410752216,0.04241071609195579,-0.04237899788644217,-3.1410917284383744
3.85,-16.838709677419356,-16.838709677419356,0.0,0.0,125.28255485202934,-0.04238158249461099,0.04241330037105673,3.1410917392925635
3.86,-16.838709677419356,-16.838709677419356,0.0,0.0,125.28395402767326,0.042410881103283504,-0.042379162918779745,-3.1410917291317566
3.87,-16.838709677419356,-16.838709677419356,0.0,0.0,-0.3811513663128118,-0.04238142800055855,0.042413145896674775,3.1410917386440613
3.88,-16.838709677419356,-16.838709677419356,0.0,0.0,125.2839539576958,0.04241102571477806,-0.042379307548688905,-3.141091729739377
3.89,-16.838709677419356,-16.838709677419356,0.0,0.0,-0.3811514318220951,-0.042381292606050724,0.042413010519406935,3.1410917380757017
3.9,-16.838709677419356,-16.838709677419356,0.0,0.0,125.28395389636941,0.04241115244841054,-0.042379434298457364,-3.1410917302718544
3.91,-16.838709677419356,-16.838709677419356,0.0,0.0,125.28255465435905,-0.042381173949879836,0.04241289187834396,3.141091737577572
3.92,-16.838709677419356,-16.838709677419356,0.0,0.0,125.28395384262461,0.042411263514367414,-0.04237954537855626,-3.1410917307384945
3.93,-16.838709677419356,-16.838709677419356,0.0,0.0,-0.38115153954578823,-0.04238106996275026,0.04241278790445402,3.141091737141017
3.94,-16.838709677419356,-16.838709677419356,0.0,0.0,125.28395379552408,0.0424113608496024,-0.04237964272618444,-3.1410917311474083
3.95,-16.838709677419356,-16.838709677419356,0.0,0.0,125.28255455995287,-0.042380978831180194,0.04241269678448756,3.1410917367584057
3.96,-16.838709677419356,-16.838709677419356,0.0,0.0,125.28395375424644,0.0424114461515952,-0.04237972803903922,-3.1410917315057656
3.97,-16.838709677419356,-16.838709677419356,0.0,0.0,125.28255452131087,-0.04238089896588404,0.0424126169293606,3.1410917364230957
3.98,-16.838709677419356,-16.838709677419356,0.0,0.0,125.28395371807181,0.04241152090798361,-0.04237980280494669,-3.1410917318198206
3.99,-16.838709677419356,-16.838709677419356,0.0,0.0,125.28255448744606,-0.04238082897405815,0.042412546946444474,3.1410917361292223
4.0,-16.838709677419356,-16.838709677419356,0.0,0.0,125.28395368636933,0.04241158642248055,-0.042379868327787173,-3.141091732095026
4.01,-16.838709677419356,-15.67741935483871,0.0,0.0,-0.3789974108763992,-0.02789546662791631,0.025755176417488368,3.1390912239975
4.02,-16.838709677419356,-15.67741935483871,0.0,0.0,125.2868616544233,0.014868804645633116,-0.01619179924490899,3.1385502741693765
4.03,-16.838709677419356,-15.67741935483871,0.0,0.0,125.2866604074134,-0.05575046186455346,0.05585155854885393,3.138679814975608
4.04,-16.838709677419356,-15.67741935483871,0.0,0.0,125.28891774932833,0.018740529171367815,-0.018647939260856727,3.1397167383723534
4.05,-16.838709677419356,-15.67741935483871,0.0,0.0,125.28874649690219,-0.05488645110500556,0.05489789753253316,3.138889576810048
4.06,-16.838709677419356,-15.67741935483871,0.0,0.0,125.29102042788597,0.019200057186786523,-0.019193708817222266,3.1397047709485757
4.07,-16.838709677419356,-15.67741935483871,0.0,0.0,125.29085542805412,-0.05470044235630245,0.05470499906704318,3.138877488954696
4.08,-16.838709677419356,-15.67741935483871,0.0,0.0,125.29313253941184,0.019293103310050963,-0.019293393355545696,3.1397033300235013
4.09,-16.838709677419356,-15.67741935483871,0.0,0.0,125.29296878434337,-0.05466305706059038,0.054666951701382915,3.138875354692374
4.1,-16.838709677419356,-15.67741935483871,0.0,0.0,125.29524652617445,0.019311887171460373,-0.01931281617941316,3.139703040815802
4.11,-16.838709677419356,-15.67741935483871,0.0,0.0,125.29508301952127,-0.054655561620523097,0.054659393174709026,3.138874928912536
4.12,-16.838709677419356,-15.67741935483871,0.0,0.0,125.29736088703271,0.019315664737341143,-0.019316654842707726,3.139702983362481
4.13,-16.838709677419356,-15.67741935483871,0.0,0.0,-0.366508713626066,-0.054654061851904245,0.05465788802421079,3.138874844003954
4.14,-16.838709677419356,-15.67741935483871,0.0,0.0,125.29947532255869,0.019316422080127182,-0.019317417444447038,3.1397029719016794
4.15,-16.838709677419356,-15.67741935483871,0.0,0.0,125.29931187539007,-0.05465376208448536,0.05465758794621012,3.13887482705508
4.16,-16.838709677419356,-15.67741935483871,0.0,0.0,125.30158977298969,0.019316573622254918,-0.019317569301660065,3.139702969614245
4.17,-16.838709677419356,-15.67741935483871,0.0,0.0,125.30142632779705,-0.05465370220320054,0.054657528084037565,3.1388748236715256
4.18,-16.838709677419356,-15.67741935483871,0.0,0.0,125.30370422639609,0.019316603912398422,-0.01931759957667345,3.139702969157627
4.19,-16.838709677419356,-15.67741935483871,0.0,0.0,125.3035407815979,-0.054653690245107134,0.05465751613837777,3.1388748229960632
4.2,-16.838709677419356,-15.67741935483871,0.0,0.0,125.30581868039646,0.01931660996319029,-0.019317605616154365,3.139702969066481
4.21,-16.838709677419356,-15.67741935483871,0.0,0.0,125.30565523567701,-0.054653687857514566,0.05465751375418337,3.138874822861221
4.22,-16.838709677419356,-15.67741935483871,0.0,0.0,125.30793313451538,0.01931661117151906,-0.019317606821344313,3.139702969048294
4.23,-16.838709677419356,-15.67741935483871,0.0,0.0,125.30776968981165,-0.05465368738084364,0.054657513278287384,3.1388748228343046
4.24,-16.838709677419356,-15.67741935483871,0.0,0.0,125.31004758865798,0.019316611412778073,-0.0193176070618839,3.139702969044654
4.25,-16.838709677419356,-15.67741935483871,0.0,0.0,125.30988414395739,-0.05465368728568243,0.05465751318329137,3.138874822828928
4.26,-16.838709677419356,-15.67741935483871,0.0,0.0,125.31216204280531,0.0193166114609451,-0.019317607109896384,3.1397029690439244
4.27,-16.838709677419356,-15.67741935483871,0.0,0.0,-0.3517075454863821,-0.054653687266684514,0.054657513164327653,3.1388748228278565
4.28,-16.838709677419356,-15.67741935483871,0.0,0.0,125.31427649695358,0.019316611470560963,-0.019317607119480273,3.1397029690437837
4.29,-16.838709677419356,-15.67741935483871,0.0,0.0,125.31411305225375,-0.05465368726289177,0.054657513160542015,3.1388748228276393
4.3,-16.838709677419356,-15.67741935483871,0.0,0.0,125.31639095110204,0.01931661147248165,-0.019317607121394298,3.1397029690437614
4.31,-16.838709677419356,-15.67741935483871,0.0,0.0,125.31622750640221,-0.05465368726213593,0.054657513159788396,3.138874822827608
4.32,-16.838709677419356,-15.67741935483871,0.0,0.0,125.31850540525052,0.0193166114728629,-0.01931760712177466,3.139702969043754
4.33,-16.838709677419356,-15.67741935483871,0.0,0.0,125.31834196055071,-0.05465368726198472,0.054657513159636295,3.13887482282759
4.34,-16.838709677419356,-15.67741935483871,0.0,0.0,125.32061985939902,0.019316611472939726,-0.019317607121851044,3.1397029690437552
4.35,-16.838709677419356,-15.67741935483871,0.0,0.0,125.32045641469921,-0.054653687261953854,0.05465751315960676,3.138874822827589
4.36,-16.838709677419356,-15.67741935483871,0.0,0.0,125.32273431354751,0.019316611472955936,-0.01931760712186681,3.1397029690437557
4.37,-16.838709677419356,-15.67741935483871,0.0,0.0,125.3225708688477,-0.05465368726194764,0.0546575131596001,3.138874822827589
4.38,-16.838709677419356,-15.67741935483871,0.0,0.0,125.32484876769601,0.019316611472959044,-0.01931760712187036,3.1397029690437557
4.39,-16.838709677419356,-15.67741935483871,0.0,0.0,-0.3390208205955268,-0.05465368726194608,0.05465751315959855,3.138874822827589
4.4,-16.838709677419356,-15.67741935483871,0.0,0.0,-0.3367429217472213,0.019316611472959933,-0.019317607121870806,3.1397029690437557
4.41,-16.838709677419356,-15.67741935483871,0.0,0.0,125.3267997771447,-0.054653687261945194,0.0546575131595981,3.1388748228275887
4.42,-16.838709677419356,-15.67741935483871,0.0,0.0,125.329077675993,0.019316611472960155,-0.019317607121871028,3.1397029690437557
4.43,-16.838709677419356,-15.67741935483871,0.0,0.0,125.3289142312932,-0.05465368726194564,0.0546575131595981,3.1388748228275887
4.44,-16.838709677419356,-15.67741935483871,0.0,0.0,-0.3325140134502269,0.019316611472960155,-0.019317607121871028,3.1397029690437557
4.45,-16.838709677419356,-15.67741935483871,0.0,0.0,125.3310286854417,-0.054653687261945416,0.054657513159598325,3.1388748228275887
4.46,-16.838709677419356,-15.67741935483871,0.0,0.0,125.33330658429,0.019316611472960155,-0.019317607121871028,3.1397029690437557
4.47,-16.838709677419356,-15.67741935483871,0.0,0.0,125.33314313959019,-0.054653687261945416,0.054657513159598325,3.1388748228275887
4.48,-16.838709677419356,-15.67741935483871,0.0,0.0,125.3354210384385,0.019316611472960377,-0.01931760712187125,3.1397029690437557
4.49,-16.838709677419356,-15.67741935483871,0.0,0.0,125.33525759373869,-0.054653687261945194,0.0546575131595981,3.1388748228275887
4.5,-16.838709677419356,-15.67741935483871,0.0,0.0,125.337535492587,0.019316611472960377,-0.019317607121870806,3.1397029690437557
4.51,-16.838709677419356,-15.67741935483871,0.0,0.0,125.33737204788719,-0.054653687261945416,0.05465751315959788,3.1388748228275887
4.52,-16.838709677419356,-15.67741935483871,0.0,0.0,125.33964994673549,0.019316611472960155,-0.019317607121871028,3.1397029690437557
4.53,-16.838709677419356,-15.67741935483871,0.0,0.0,125.33948650203568,-0.054653687261945416,0.054657513159598325,3.1388748228275887
4.54,-16.838709677419356,-15.67741935483871,0.0,0.0,-0.321941742707741,0.019316611472960155,-0.019317607121871028,3.1397029690437557
4.55,-16.838709677419356,-15.67741935483871,0.0,0.0,125.34160095618418,-0.054653687261945194,0.054657513159597215,3.1388748228275882
4.56,-16.838709677419356,-15.67741935483871,0.0,0.0,125.34387885503249,0.019316611472960155,-0.019317607121871472,3.1397029690437557
4.57,-16.838709677419356,-15.67741935483871,0.0,0.0,125.34371541033268,-0.054653687261945416,0.054657513159598325,3.1388748228275887
4.58,-16.838709677419356,-15.67741935483871,0.0,0.0,125.34599330918098,0.019316611472959933,-0.01931760712187125,3.1397029690437557
4.59,-16.838709677419356,-15.67741935483871,0.0,0.0,125.34582986448117,-0.054653687261945194,0.05465751315959766,3.1388748228275887
4.6,-16.838709677419356,-15.67741935483871,0.0,0.0,125.34810776332948,0.0193166114729606,-0.019317607121871028,3.1397029690437557
4.61,-16.838709677419356,-15.67741935483871,0.0,0.0,125.34794431862967,-0.05465368726194497,0.054657513159598325,3.1388748228275887
4.62,-16.838709677419356,-15.67741935483871,0.0,0.0,125.35022221747798,0.019316611472960155,-0.019317607121871028,3.1397029690437557
4.63,-16.838709677419356,-15.67741935483871,0.0,0.0,125.35005877277817,-0.05465368726194564,0.0546575131595981,3.1388748228275887
4.64,-16.838709677419356,-15.67741935483871,0.0,0.0,125.35233667162647,0.019316611472960377,-0.01931760712187125,3.1397029690437557
4.65,-16.838709677419356,-15.67741935483871,0.0,0.0,125.35217322692667,-0.054653687261945194,0.0546575131595981,3.1388748228275887
4.66,-16.838709677419356,-15.67741935483871,0.0,0.0,125.35445112577497,0.019316611472960155,-0.019317607121871028,3.1397029690437557
4.67,-16.838709677419356,-15.67741935483871,0.0,0.0,125.35428768107516,-0.054653687261945194,0.0546575131595981,3.1388748228275887
4.68,-16.838709677419356,-15.67741935483871,0.0,0.0,125.35656557992347,0.019316611472960377,-0.019317607121870806,3.1397029690437557
4.69,-16.838709677419356,-15.67741935483871,0.0,0.0,125.35640213522366,-0.05465368726194564,0.0546575131595981,3.1388748228275887
4.7,-16.838709677419356,-15.67741935483871,0.0,0.0,125.35868003407197,0.0193166114729606,-0.019317607121871028,3.1397029690437557
4.71,-16.838709677419356,-15.67741935483871,0.0,0.0,125.35851658937216,-0.05465368726194475,0.05465751315959766,3.1388748228275882
4.72,-16.838709677419356,-15.67741935483871,0.0,0.0,125.36079448822046,0.019316611472960377,-0.01931760712187125,3.1397029690437557
4.73,-16.838709677419356,-15.67741935483871,0.0,0.0,-0.30307510007107424,-0.054653687261945416,0.054657513159598325,3.1388748228275887
4.74,-16.838709677419356,-15.67741935483871,0.0,0.0,125.36290894236896,0.019316611472960377,-0.019317607121870806,3.1397029690437557
4.75,-16.838709677419356,-15.67741935483871,0.0,0.0,125.36274549766915,-0.05465368726194475,0.0546575131595981,3.1388748228275887
4.76,-16.838709677419356,-15.67741935483871,0.0,0.0,125.36502339651746,0.0193166114729606,-0.019317607121871028,3.1397029690437557
4.77,-16.838709677419356,-15.67741935483871,0.0,0.0,125.36485995181765,-0.054653687261945194,0.0546575131595981,3.1388748228275887
4.78,-16.838709677419356,-15.67741935483871,0.0,0.0,125.36713785066596,0.0193166114729606,-0.019317607121870584,3.1397029690437557
4.79,-16.838709677419356,-15.67741935483871,0.0,0.0,-0.2967317376255828,-0.054653687261945416,0.054657513159598325,3.1388748228275887
4.8,-16.838709677419356,-15.67741935483871,0.0,0.0,125.36925230481445,0.019316611472960377,-0.01931760712187125,3.1397029690437557
4.81,-16.838709677419356,-15.67741935483871,0.0,0.0,125.36908886011464,-0.05465368726194497,0.054657513159598325,3.1388748228275887
4.82,-16.838709677419356,-15.67741935483871,0.0,0.0,125.37136675896295,0.019316611472960377,-0.019317607121870806,3.1397029690437557
4.83,-16.838709677419356,-15.67741935483871,0.0,0.0,125.37120331426314,-0.054653687261945194,0.0546575131595981,3.1388748228275887
4.84,-16.838709677419356,-15.67741935483871,0.0,0.0,125.37348121311145,0.019316611472960377,-0.019317607121870806,3.1397029690437557
4.85,-16.838709677419356,-15.67741935483871,0.0,0.0,-0.2903883751800912,-0.054653687261945194,0.05465751315959855,3.1388748228275887
4.86,-16.838709677419356,-15.67741935483871,0.0,0.0,125.37559566725994,0.0193166114729606,-0.019317607121871028,3.1397029690437557
4.87,-16.838709677419356,-15.67741935483871,0.0,0.0,125.37543222256014,-0.05465368726194497,0.05465751315959744,3.1388748228275882
4.88,-16.838709677419356,-15.67741935483871,0.0,0.0,125.37771012140844,0.019316611472960377,-0.01931760712187125,3.1397029690437557
4.89,-16.838709677419356,-15.67741935483871,0.0,0.0,125.37754667670863,-0.054653687261945416,0.054657513159598325,3.1388748228275887
4.9,-16.838709677419356,-15.67741935483871,0.0,0.0,-0.2838815680347913,0.0193166114729606,-0.019317607121870584,3.1397029690437557
4.91,-16.838709677419356,-15.67741935483871,0.0,0.0,125.37966113085713,-0.05465368726194475,0.0546575131595981,3.1388748228275887
4.92,-16.838709677419356,-15.67741935483871,0.0,0.0,125.38193902970544,0.01931661147296082,-0.019317607121870806,3.1397029690437557
4.93,-16.838709677419356,-15.67741935483871,0.0,0.0,125.38177558500563,-0.05465368726194497,0.054657513159598325,3.1388748228275887
4.94,-16.838709677419356,-15.67741935483871,0.0,0.0,125.38405348385393,0.0193166114729606,-0.019317607121870584,3.1397029690437557
4.95,-16.838709677419356,-15.67741935483871,0.0,0.0,125.38389003915412,-0.054653687261945416,0.054657513159598325,3.1388748228275887
4.96,-16.838709677419356,-15.67741935483871,0.0,0.0,125.38616793800243,0.0193166114729606,-0.019317607121871028,3.1397029690437557
4.97,-16.838709677419356,-15.67741935483871,0.0,0.0,125.38600449330262,-0.054653687261945194,0.0546575131595981,3.1388748228275887
4.98,-16.838709677419356,-15.67741935483871,0.0,0.0,125.38828239215093,0.0193166114729606,-0.019317607121870584,3.1397029690437557
4.99,-16.838709677419356,-15.67741935483871,0.0,0.0,125.38811894745112,-0.05465368726194497,0.054657513159598325,3.1388748228275887
5.0,-16.838709677419356,-15.67741935483871,0.0,0.0,125.39039684629942,0.019316611472960377,-0.019317607121870806,3.1397029690437557
5.01,-16.838709677419356,-15.67741935483871,0.0,0.0,125.39023340159962,-0.054653687261945194,0.05465751315959855,3.1388748228275887
5.02,-16.838709677419356,-15.67741935483871,0.0,0.0,125.39251130044792,0.0193166114729606,-0.019317607121871028,3.1397029690437557
5.03,-16.838709677419356,-15.67741935483871,0.0,0.0,125.39234785574811,-0.05465368726194497,0.05465751315959744,3.1388748228275882
5.04,-16.838709677419356,-15.67741935483871,0.0,0.0,125.39462575459642,0.019316611472960155,-0.019317607121871472,3.1397029690437557
5.05,-16.838709677419356,-15.67741935483871,0.0,0.0,125.39446230989661,-0.054653687261945194,0.05465751315959855,3.1388748228275887
5.06,-16.838709677419356,-15.67741935483871,0.0,0.0,125.39674020874492,0.019316611472960155,-0.019317607121871028,3.1397029690437557
5.07,-16.838709677419356,-15.67741935483871,0.0,0.0,125.39657676404511,-0.05465368726194497,0.05465751315959788,3.1388748228275887
5.08,-16.838709677419356,-15.67741935483871,0.0,0.0,125.39885466289341,0.01931661147296082,-0.019317607121870806,3.1397029690437557
5.09,-16.838709677419356,-15.67741935483871,0.0,0.0,125.3986912181936,-0.05465368726194497,0.054657513159598325,3.1388748228275887
5.1,-16.838709677419356,-15.67741935483871,0.0,0.0,125.40096911704191,0.019316611472960377,-0.019317607121870806,3.1397029690437557
5.11,-16.838709677419356,-15.67741935483871,0.0,0.0,125.4008056723421,-0.054653687261945416,0.054657513159598325,3.1388748228275887
5.12,-16.838709677419356,-15.67741935483871,0.0,0.0,125.40308357119041,0.0193166114729606,-0.019317607121871028,3.1397029690437557
5.13,-16.838709677419356,-15.67741935483871,0.0,0.0,125.4029201264906,-0.05465368726194497,0.054657513159598325,3.1388748228275887
5.14,-16.838709677419356,-15.67741935483871,0.0,0.0,125.4051980253389,0.0193166114729606,-0.019317607121870584,3.1397029690437557
5.15,-16.838709677419356,-15.67741935483871,0.0,0.0,125.4050345806391,-0.054653687261945194,0.0546575131595981,3.1388748228275887
5.16,-16.838709677419356,-15.67741935483871,0.0,0.0,125.4073124794874,0.019316611472960377,-0.019317607121870806,3.1397029690437557
5.17,-16.838709677419356,-15.67741935483871,0.0,0.0,125.4071490347876,-0.05465368726194497,0.05465751315959877,3.1388748228275887
5.18,-16.838709677419356,-15.67741935483871,0.0,0.0,-0.2542792099558304,0.0193166114729606,-0.019317607121871028,3.1397029690437557
5.19,-16.838709677419356,-15.67741935483871,0.0,0.0,125.40926348893609,-0.05465368726194475,0.05465751315959766,3.1388748228275882
5.2,-16.838709677419356,-15.67741935483871,0.0,0.0,125.4115413877844,0.019316611472960155,-0.019317607121871472,3.1397029690437557
5.21,-16.838709677419356,-15.67741935483871,0.0,0.0,125.41137794308459,-0.054653687261945194,0.05465751315959855,3.1388748228275887
5.22,-16.838709677419356,-15.67741935483871,0.0,0.0,125.4136558419329,0.019316611472960377,-0.019317607121870806,3.1397029690437557
5.23,-16.838709677419356,-15.67741935483871,0.0,0.0,125.41349239723309,-0.05465368726194475,0.0546575131595981,3.1388748228275887
5.24,-16.838709677419356,-15.67741935483871,0.0,0.0,125.41577029608139,0.01931661147296082,-0.019317607121870806,3.1397029690437557
5.25,-16.838709677419356,-15.67741935483871,0.0,0.0,125.41560685138158,-0.05465368726194497,0.054657513159598325,3.1388748228275887
5.26,-16.838709677419356,-15.67741935483871,0.0,0.0,125.41788475022989,0.019316611472960377,-0.019317607121870806,3.1397029690437557
5.27,-16.838709677419356,-15.67741935483871,0.0,0.0,125.41772130553008,-0.054653687261945194,0.05465751315959855,3.1388748228275887
5.28,-16.838709677419356,-15.67741935483871,0.0,0.0,125.41999920437839,0.0193166114729606,-0.019317607121871028,3.1397029690437557
5.29,-16.838709677419356,-15.67741935483871,0.0,0.0,125.41983575967858,-0.05465368726194497,0.054657513159598325,3.1388748228275887
5.3,-16.838709677419356,-15.67741935483871,0.0,0.0,125.42211365852688,0.01931661147296082,-0.01931760712187036,3.1397029690437557
5.31,-16.838709677419356,-15.67741935483871,0.0,0.0,125.42195021382707,-0.05465368726194497,0.054657513159598325,3.1388748228275887
5.32,-16.838709677419356,-15.67741935483871,0.0,0.0,125.42422811267538,0.019316611472960155,-0.019317607121871028,3.1397029690437557
5.33,-16.838709677419356,-15.67741935483871,0.0,0.0,125.42406466797557,-0.054653687261945416,0.054657513159598325,3.1388748228275887
5.34,-16.838709677419356,-15.67741935483871,0.0,0.0,125.42634256682388,0.0193166114729606,-0.019317607121870584,3.1397029690437557
5.35,-16.838709677419356,-15.67741935483871,0.0,0.0,125.42617912212407,-0.05465368726194475,0.05465751315959766,3.1388748228275887
5.36,-16.838709677419356,-15.67741935483871,0.0,0.0,125.42845702097237,0.019316611472960377,-0.01931760712187125,3.1397029690437557
5.37,-16.838709677419356,-15.67741935483871,0.0,0.0,125.42829357627257,-0.054653687261945194,0.05465751315959855,3.1388748228275887
5.38,-16.838709677419356,-15.67741935483871,0.0,0.0,125.43057147512087,0.019316611472960377,-0.019317607121870806,3.1397029690437557
5.39,-16.838709677419356,-15.67741935483871,0.0,0.0,125.43040803042106,-0.05465368726194475,0.0546575131595981,3.1388748228275887
5.4,-16.838709677419356,-15.67741935483871,0.0,0.0,125.43268592926937,0.01931661147296082,-0.019317607121870806,3.1397029690437557
5.41,-16.838709677419356,-15.67741935483871,0.0,0.0,125.43252248456956,-0.05465368726194475,0.05465751315959855,3.1388748228275887
5.42,-16.838709677419356,-15.67741935483871,0.0,0.0,125.43480038341787,0.0193166114729606,-0.019317607121870584,3.1397029690437557
5.43,-16.838709677419356,-15.67741935483871,0.0,0.0,125.43463693871806,-0.054653687261945194,0.05465751315959855,3.1388748228275887
5.44,-16.838709677419356,-15.67741935483871,0.0,0.0,125.43691483756636,0.0193166114729606,-0.019317607121871028,3.1397029690437557
5.45,-16.838709677419356,-15.67741935483871,0.0,0.0,125.43675139286655,-0.05465368726194497,0.054657513159598325,3.1388748228275887
5.46,-16.838709677419356,-15.67741935483871,0.0,0.0,125.43902929171486,0.0193166114729606,-0.019317607121870584,3.1397029690437557
5.47,-16.838709677419356,-15.67741935483871,0.0,0.0,125.43886584701505,-0.05465368726194475,0.05465751315959855,3.1388748228275887
5.48,-16.838709677419356,-15.67741935483871,0.0,0.0,-0.22256239772837239,0.0193166114729606,-0.019317607121870584,3.1397029690437557
5.49,-16.838709677419356,-15.67741935483871,0.0,0.0,125.44098030116355,-0.054653687261945416,0.054657513159598325,3.1388748228275887
5.5,-16.838709677419356,-15.67741935483871,0.0,0.0,-0.2204479435798753,0.0193166114729606,-0.019317607121871028,3.1397029690437557
5.51,-16.838709677419356,-15.67741935483871,0.0,0.0,125.44309475531205,-0.05465368726194475,0.05465751315959766,3.1388748228275887
5.52,-16.838709677419356,-15.67741935483871,0.0,0.0,125.44537265416035,0.019316611472960377,-0.01931760712187125,3.1397029690437557
5.53,-16.838709677419356,-15.67741935483871,0.0,0.0,125.44520920946054,-0.054653687261945416,0.054657513159598325,3.1388748228275887
5.54,-16.838709677419356,-15.67741935483871,0.0,0.0,-0.21621903528288078,0.019316611472960377,-0.019317607121870806,3.1397029690437557
5.55,-16.838709677419356,-15.67741935483871,0.0,0.0,125.44732366360904,-0.05465368726194497,0.05465751315959788,3.1388748228275887
5.56,-16.838709677419356,-15.67741935483871,0.0,0.0,125.44960156245735,0.01931661147296082,-0.019317607121870806,3.1397029690437557
5.57,-16.838709677419356,-15.67741935483871,0.0,0.0,125.44943811775754,-0.054653687261945194,0.0546575131595981,3.1388748228275887
5.58,-16.838709677419356,-15.67741935483871,0.0,0.0,125.45171601660584,0.019316611472960155,-0.019317607121871028,3.1397029690437557
5.59,-16.838709677419356,-15.67741935483871,0.0,0.0,125.45155257190603,-0.054653687261945416,0.054657513159598325,3.1388748228275887
5.6,-16.838709677419356,-15.67741935483871,0.0,0.0,125.45383047075434,0.019316611472960377,-0.01931760712187125,3.1397029690437557
5.61,-16.838709677419356,-15.67741935483871,0.0,0.0,125.45366702605453,-0.054653687261945416,0.05465751315959788,3.1388748228275887
5.62,-16.838709677419356,-15.67741935483871,0.0,0.0,125.45594492490284,0.019316611472960377,-0.019317607121870806,3.1397029690437557
5.63,-16.838709677419356,-15.67741935483871,0.0,0.0,125.45578148020303,-0.054653687261945194,0.0546575131595981,3.1388748228275887
5.64,-16.838709677419356,-15.67741935483871,0.0,0.0,125.45805937905133,0.019316611472960377,-0.019317607121870806,3.1397029690437557
5.65,-16.838709677419356,-15.67741935483871,0.0,0.0,125.45789593435153,-0.054653687261945416,0.054657513159598325,3.1388748228275887
5.66,-16.838709677419356,-15.67741935483871,0.0,0.0,-0.20353231039189765,0.019316611472960155,-0.019317607121871028,3.1397029690437557
5.67,-16.838709677419356,-15.67741935483871,0.0,0.0,125.46001038850002,-0.05465368726194497,0.05465751315959744,3.1388748228275887
5.68,-16.838709677419356,-15.67741935483871,0.0,0.0,125.46228828734833,0.019316611472960155,-0.019317607121871472,3.1397029690437557
5.69,-16.838709677419356,-15.67741935483871,0.0,0.0,125.46212484264852,-0.054653687261945416,0.054657513159598325,3.1388748228275887
5.7,-16.838709677419356,-15.67741935483871,0.0,0.0,125.46440274149683,0.019316611472960155,-0.019317607121871028,3.1397029690437557
5.71,-16.838709677419356,-15.67741935483871,0.0,0.0,-0.19946684679471144,-0.054653687261945194,0.05465751315959766,3.1388748228275887
5.72,-16.838709677419356,-15.67741935483871,0.0,0.0,125.46651719564532,0.01931661147296082,-0.019317607121870806,3.1397029690437557
5.73,-16.838709677419356,-15.67741935483871,0.0,0.0,125.46635375094552,-0.054653687261945194,0.0546575131595981,3.1388748228275887
5.74,-16.838709677419356,-15.67741935483871,0.0,0.0,125.46863164979382,0.019316611472960155,-0.019317607121871028,3.1397029690437557
5.75,-16.838709677419356,-15.67741935483871,0.0,0.0,125.46846820509401,-0.054653687261945416,0.054657513159598325,3.1388748228275887
5.76,-16.838709677419356,-15.67741935483871,0.0,0.0,125.47074610394232,0.019316611472960377,-0.01931760712187125,3.1397029690437557
5.77,-16.838709677419356,-15.67741935483871,0.0,0.0,125.47058265924251,-0.054653687261945194,0.0546575131595981,3.1388748228275887
5.78,-16.838709677419356,-15.67741935483871,0.0,0.0,125.47286055809082,0.0193166114729606,-0.019317607121870584,3.1397029690437557
5.79,-16.838709677419356,-15.67741935483871,0.0,0.0,125.472697113391,-0.054653687261945416,0.05465751315959788,3.1388748228275887
5.8,-16.838709677419356,-15.67741935483871,0.0,0.0,125.47497501223931,0.019316611472960155,-0.019317607121871028,3.1397029690437557
5.81,-16.838709677419356,-15.67741935483871,0.0,0.0,125.4748115675395,-0.05465368726194564,0.0546575131595981,3.1388748228275887
5.82,-16.838709677419356,-15.67741935483871,0.0,0.0,125.47708946638781,0.019316611472960155,-0.019317607121871028,3.1397029690437557
5.83,-16.838709677419356,-15.67741935483871,0.0,0.0,125.476926021688,-0.054653687261945194,0.054657513159597215,3.1388748228275882
5.84,-16.838709677419356,-15.67741935483871,0.0,0.0,125.4792039205363,0.019316611472960155,-0.019317607121871472,3.1397029690437557
5.85,-16.838709677419356,-15.67741935483871,0.0,0.0,125.4790404758365,-0.05465368726194564,0.0546575131595981,3.1388748228275887
5.86,-16.838709677419356,-15.67741935483871,0.0,0.0,125.4813183746848,0.019316611472960155,-0.019317607121871028,3.1397029690437557
5.87,-16.838709677419356,-15.67741935483871,0.0,0.0,125.481154929985,-0.054653687261945194,0.05465751315959766,3.1388748228275887
5.88,-16.838709677419356,-15.67741935483871,0.0,0.0,125.4834328288333,0.019316611472960377,-0.01931760712187125,3.1397029690437557
5.89,-16.838709677419356,-15.67741935483871,0.0,0.0,125.4832693841335,-0.054653687261945416,0.05465751315959788,3.1388748228275887
5.9,-16.838709677419356,-15.67741935483871,0.0,0.0,125.4855472829818,0.019316611472959933,-0.01931760712187125,3.1397029690437557
5.91,-16.838709677419356,-15.67741935483871,0.0,0.0,125.48538383828199,-0.05465368726194564,0.0546575131595981,3.1388748228275887
5.92,-16.838709677419356,-15.67741935483871,0.0,0.0,125.4876617371303,0.019316611472960155,-0.019317607121871472,3.1397029690437557
5.93,-16.838709677419356,-15.67741935483871,0.0,0.0,125.48749829243049,-0.054653687261945416,0.05465751315959788,3.1388748228275887
5.94,-16.838709677419356,-15.67741935483871,0.0,0.0,125.48977619127879,0.019316611472960155,-0.019317607121871028,3.1397029690437557
5.95,-16.838709677419356,-15.67741935483871,0.0,0.0,125.48961274657898,-0.05465368726194564,0.05465751315959766,3.1388748228275887
5.96,-16.838709677419356,-15.67741935483871,0.0,0.0,125.49189064542729,0.019316611472959933,-0.01931760712187125,3.1397029690437557
5.97,-16.838709677419356,-15.67741935483871,0.0,0.0,125.49172720072748,-0.05465368726194586,0.05465751315959788,3.1388748228275887
5.98,-16.838709677419356,-15.67741935483871,0.0,0.0,125.49400509957579,0.019316611472960155,-0.019317607121871472,3.1397029690437557
5.99,-16.838709677419356,-15.67741935483871,0.0,0.0,-0.16986448871575058,-0.054653687261945194,0.054657513159597215,3.1388748228275887
6.0,-16.838709677419356,-15.67741935483871,0.0,0.0,-0.16758658986744518,0.019316611472960155,-0.019317607121871472,3.1397029690437557
6.01,-16.838709677419356,-14.516129032258064,0.0,0.0,125.49786986514498,-0.03699498869134965,0.05574904244037193,3.1370997738171007
6.02,-16.838709677419356,-14.516129032258064,0.0,0.0,125.50071481236148,-0.006584126518084599,0.019824975387911836,3.1357265582395755
6.03,-16.838709677419356,-14.516129032258064,0.0,0.0,125.50297297235164,-0.03237470975012258,0.029593698071806118,3.134619520401413
6.04,-16.838709677419356,-14.516129032258064,0.0,0.0,125.50566719056647,-0.018413728606292645,0.017129550801356697,3.1345563020195355
6.05,-16.838709677419356,-14.516129032258064,0.0,0.0,125.50810718018836,-0.025553166321302445,0.02539636581825122,3.134188594226325
6.06,-16.838709677419356,-14.516129032258064,0.0,0.0,125.51070961642722,-0.0206082382563757,0.020497028894374436,3.1342422691369736
6.07,-16.838709677419356,-14.516129032258064,0.0,0.0,125.51321394991878,-0.023568511639974643,0.02348178199727391,3.1341270414074525
6.08,-16.838709677419356,-14.516129032258064,0.0,0.0,125.51577953620884,-0.021712892427633523,0.0216254816207464,3.1341639700621973
6.09,-16.838709677419356,-14.516129032258064,0.0,0.0,125.51830766536123,-0.022846585722354984,0.022761690868448925,3.1341265126422972
6.1,-16.838709677419356,-14.516129032258064,0.0,0.0,125.52085899746143,-0.022144130063558753,0.022058047890257004,3.1341435857242694
6.11,-16.838709677419356,-14.516129032258064,0.0,0.0,125.52339607123693,-0.022575789519403866,0.022490442911475172,3.1341305752169255
6.12,-16.838709677419356,-14.516129032258064,0.0,0.0,125.52594195058346,-0.022309220920112338,0.022223393905879574,3.134137590759246
6.13,-16.838709677419356,-14.516129032258064,0.0,0.0,125.52848240863352,-0.02247334679381252,0.022387798597810482,3.13413286081721
6.14,-16.838709677419356,-14.516129032258064,0.0,0.0,125.53102621081052,-0.022372109893135317,0.022286381406805278,3.134135614448115
6.15,-16.838709677419356,-14.516129032258064,0.0,0.0,125.5335679526181,-0.02243448534763881,0.022348864338847196,3.134133852655313
6.16,-16.838709677419356,-14.516129032258064,0.0,0.0,125.53611096478983,-0.022396027199625523,0.022310338419510245,3.1341349131234972
6.17,-16.838709677419356,-14.516129032258064,0.0,0.0,125.53865319405027,-0.02241972883165544,0.022334081211377477,3.1341342494000157
6.18,-16.838709677419356,-14.516129032258064,0.0,0.0,-0.1225102376446237,-0.022405117756781445,0.022319444520749965,3.1341346545692654
6.19,-16.838709677419356,-14.516129032258064,0.0,0.0,125.54373832036839,-0.022414123419727705,0.0223284658766445,3.1341344032782277
6.2,-16.838709677419356,-14.516129032258064,0.0,0.0,-0.11742522543143745,-0.022408572145468986,0.0223229048914515,3.1341345575696438
6.21,-16.838709677419356,-14.516129032258064,0.0,0.0,125.54882340292603,-0.022411993852582413,0.02232633256959171,3.134134462229788
6.22,-16.838709677419356,-14.516129032258064,0.0,0.0,125.55136595736184,-0.022409884692409676,0.022324219723155236,3.134134520905606
6.23,-16.838709677419356,-14.516129032258064,0.0,0.0,125.55390846885366,-0.022411184760360525,0.022325522061079184,3.1341344847025656
6.24,-16.838709677419356,-14.516129032258064,0.0,0.0,-0.10725513677554013,-0.02241038339813861,0.022324719298790097,3.134134507004272
6.25,-16.838709677419356,-14.516129032258064,0.0,0.0,125.55899352846232,-0.022410877353579606,0.022325214116895253,3.13413449325226
6.26,-16.838709677419356,-14.516129032258064,0.0,0.0,125.56153606016585,-0.022410572880364743,0.02232490911180851,3.134134501726911
6.27,-16.838709677419356,-14.516129032258064,0.0,0.0,125.56407858567003,-0.022410760556445197,0.022325097115683645,3.1341344965023805
6.28,-16.838709677419356,-14.516129032258064,0.0,0.0,125.56662111499547,-0.022410644873409158,0.02232498123057769,3.134134499722463
6.29,-16.838709677419356,-14.516129032258064,0.0,0.0,125.5691636419655,-0.022410716180031764,0.022325052661748668,3.1341344977374956
6.3,-16.838709677419356,-14.516129032258064,0.0,0.0,125.5717061703874,-0.02241067222684201,0.02232500863178477,3.1341344989609783
6.31,-16.838709677419356,-14.516129032258064,0.0,0.0,125.57424869791437,-0.02241069931944306,0.02232503577170797,3.134134498206813
6.32,-16.838709677419356,-14.516129032258064,0.0,0.0,125.57679122599298,-0.022410682619647737,0.022325019042742644,3.1341344986716653
6.33,-16.838709677419356,-14.516129032258064,0.0,0.0,125.57933375373156,-0.022410692913348296,0.022325029354423043,3.1341344983851247
6.34,-16.838709677419356,-14.516129032258064,0.0,0.0,125.58187628167973,-0.022410686568343108,0.02232502299833561,3.134134498561754
6.35,-16.838709677419356,-14.516129032258064,0.0,0.0,125.5844188094987,-0.022410690479384154,0.02232502691620808,3.1341344984528856
6.36,-16.838709677419356,-14.516129032258064,0.0,0.0,125.58696133739731,-0.022410688068631,0.022325024501244073,3.134134498519987
6.37,-16.838709677419356,-14.516129032258064,0.0,0.0,125.58950386524684,-0.022410689554611896,0.022325025989820668,3.134134498478622
6.38,-16.838709677419356,-14.516129032258064,0.0,0.0,125.59204639312662,-0.022410688638657028,0.022325025072265747,3.1341344985041193
6.39,-16.838709677419356,-14.516129032258064,0.0,0.0,125.59458892098776,-0.022410689203248513,0.022325025637843998,3.134134498488398
6.4,-16.838709677419356,-14.516129032258064,0.0,0.0,125.5971314488604,-0.022410688855235783,0.02232502528922331,3.1341344984980846
6.41,-16.838709677419356,-14.516129032258064,0.0,0.0,125.59967397672594,-0.022410689069749967,0.02232502550411186,3.1341344984921187
6.42,-16.838709677419356,-14.516129032258064,0.0,0.0,125.60221650459584,-0.02241068893752418,0.022325025371655594,3.134134498495804
6.43,-16.838709677419356,-14.516129032258064,0.0,0.0,125.60475903246306,-0.022410689019028096,0.022325025453301173,3.134134498493529
6.44,-16.838709677419356,-14.516129032258064,0.0,0.0,-0.05640458325978196,-0.022410688968789838,0.022325025402975873,3.134134498494925
6.45,-16.838709677419356,-14.516129032258064,0.0,0.0,125.60984408819981,-0.022410688999755735,0.02232502543399595,3.134134498494063
6.46,-16.838709677419356,-14.516129032258064,0.0,0.0,125.61238661606829,-0.022410688980668336,0.022325025414875244,3.1341344984945994
6.47,-16.838709677419356,-14.516129032258064,0.0,0.0,125.6149291439364,-0.022410688992433814,0.02232502542666115,3.134134498494267
6.48,-16.838709677419356,-14.516129032258064,0.0,0.0,125.61747167180474,-0.022410688985181393,0.022325025419396294,3.1341344984944666
6.49,-16.838709677419356,-14.516129032258064,0.0,0.0,125.62001419967292,-0.02241068898965226,0.022325025423874267,3.134134498494351
6.5,-16.838709677419356,-14.516129032258064,0.0,0.0,125.62255672754121,-0.022410688986896465,0.022325025421114475,3.1341344984944195
6.51,-16.838709677419356,-14.516129032258064,0.0,0.0,125.62509925540944,-0.022410688988594663,0.022325025422815337,3.134134498494373
6.52,-16.838709677419356,-14.516129032258064,0.0,0.0,125.6276417832777,-0.022410688987547944,0.022325025421767286,3.134134498494408
6.53,-16.838709677419356,-14.516129032258064,0.0,0.0,125.63018431114594,-0.022410688988192318,0.022325025422412992,3.1341344984943826
6.54,-16.838709677419356,-14.516129032258064,0.0,0.0,-0.030979304577532854,-0.022410688987795746,0.022325025422015088,3.134134498494393
6.55,-16.838709677419356,-14.516129032258064,0.0,0.0,125.63526936688244,-0.022410688988039995,0.02232502542225978,3.134134498494392
6.56,-16.838709677419356,-14.516129032258064,0.0,0.0,125.63781189475068,-0.02241068898788945,0.02232502542210968,3.1341344984944013
6.57,-16.838709677419356,-14.516129032258064,0.0,0.0,125.64035442261893,-0.022410688987981597,0.022325025422201827,3.1341344984943955
6.58,-16.838709677419356,-14.516129032258064,0.0,0.0,125.64289695048717,-0.02241068898792542,0.02232502542214565,3.134134498494399
6.59,-16.838709677419356,-14.516129032258064,0.0,0.0,125.64543947835541,-0.022410688987959615,0.02232502542218029,3.134134498494397
6.6,-16.838709677419356,-14.516129032258064,0.0,0.0,125.64798200622366,-0.0224106889879383,0.022325025422158973,3.134134498494398
6.61,-16.838709677419356,-14.516129032258064,0.0,0.0,-0.013181609499829177,-0.022410688987951843,0.022325025422172073,3.1341344984943973
6.62,-16.838709677419356,-14.516129032258064,0.0,0.0,125.65306706196014,-0.022410688987943628,0.022325025422163858,3.134134498494398
6.63,-16.838709677419356,-14.516129032258064,0.0,0.0,125.65560958982839,-0.02241068898794918,0.022325025422168965,3.1341344984943977
6.64,-16.838709677419356,-14.516129032258064,0.0,0.0,125.65815211769663,-0.022410688987945626,0.022325025422165412,3.134134498494398
6.65,-16.838709677419356,-14.516129032258064,0.0,0.0,125.66069464556487,-0.02241068898794807,0.022325025422167855,3.134134498494398
6.66,-16.838709677419356,-14.516129032258064,0.0,0.0,125.66323717343312,-0.022410688987946736,0.022325025422165634,3.134134498494398
6.67,-16.838709677419356,-14.516129032258064,0.0,0.0,125.66577970130136,-0.022410688987947847,0.022325025422166744,3.1341344984943977
6.68,-16.838709677419356,-14.516129032258064,0.0,-0.0,125.6683222291696,-0.022410688987947402,0.022325025422166744,3.134134498494398
6.69,-16.838709677419356,-14.516129032258064,0.0,-0.0,125.67086475703785,-0.02241068898794718,0.022325025422166966,3.134134498494398
6.7,-16.838709677419356,-14.516129032258064,0.0,-0.0,125.67340728490609,-0.022410688987946736,0.02232502542216741,3.134134498494398
6.71,-16.838709677419356,-14.516129032258064,0.0,-0.0,125.67594981277433,-0.02241068898794718,0.02232502542216741,3.134134498494398
6.72,-16.838709677419356,-14.516129032258064,0.0,-0.0,0.014786197050848037,-0.022410688987946514,0.02232502542216719,3.134134498494398
6.73,-16.838709677419356,-14.516129032258064,0.0,-0.0,125.68103486851082,-0.02241068898794696,0.02232502542216719,3.134134498494398
6.74,-16.838709677419356,-14.516129032258064,0.0,-0.0,125.68357739637906,-0.02241068898794696,0.02232502542216719,3.134134498494398
6.75,-16.838709677419356,-14.516129032258064,0.0,-0.0,125.68611992424731,-0.02241068898794696,0.02232502542216719,3.134134498494398
6.76,-16.838709677419356,-14.516129032258064,0.0,-0.0,0.024956308523821573,-0.02241068898794696,0.02232502542216719,3.134134498494398
6.77,-16.838709677419356,-14.516129032258064,0.0,-0.0,125.6912049799838,-0.022410688987946736,0.022325025422166966,3.134134498494398
6.78,-16.838709677419356,-14.516129032258064,0.0,-0.0,125.69374750785204,-0.02241068898794696,0.02232502542216719,3.134134498494398
6.79,-16.838709677419356,-14.516129032258064,0.0,-0.0,125.69629003572028,-0.02241068898794696,0.02232502542216719,3.134134498494398
6.8,-16.838709677419356,-14.516129032258064,0.0,-0.0,0.0351264199967951,-0.022410688987946736,0.02232502542216741,3.134134498494398
6.81,-16.838709677419356,-14.516129032258064,0.0,-0.0,125.70137509145677,-0.02241068898794718,0.022325025422166966,3.134134498494398
6.82,-16.838709677419356,-14.516129032258064,0.0,-0.0,125.70391761932501,-0.022410688987947402,0.02232502542216719,3.134134498494398
6.83,-16.838709677419356,-14.516129032258064,0.0,-0.0,125.70646014719325,-0.02241068898794696,0.02232502542216719,3.134134498494398
6.84,-16.838709677419356,-14.516129032258064,0.0,-0.0,125.7090026750615,-0.022410688987946736,0.02232502542216741,3.134134498494398
6.85,-16.838709677419356,-14.516129032258064,0.0,-0.0,125.71154520292974,-0.02241068898794696,0.02232502542216719,3.134134498494398
6.86,-16.838709677419356,-14.516129032258064,0.0,-0.0,125.71408773079798,-0.02241068898794718,0.022325025422166966,3.134134498494398
6.87,-16.838709677419356,-14.516129032258064,0.0,-0.0,125.71663025866623,-0.02241068898794718,0.022325025422166966,3.134134498494398
6.88,-16.838709677419356,-14.516129032258064,0.0,-0.0,125.71917278653447,-0.02241068898794696,0.022325025422166744,3.134134498494398
6.89,-16.838709677419356,-14.516129032258064,0.0,-0.0,125.72171531440272,-0.022410688987947402,0.022325025422166744,3.134134498494398
6.9,-16.838709677419356,-14.516129032258064,0.0,-0.0,125.72425784227096,-0.022410688987947625,0.022325025422166522,3.134134498494398
6.91,-16.838709677419356,-14.516129032258064,0.0,-0.0,125.7268003701392,-0.02241068898794718,0.022325025422166966,3.134134498494398
6.92,-16.838709677419356,-14.516129032258064,0.0,-0.0,125.72934289800745,-0.022410688987947402,0.022325025422166744,3.134134498494398
6.93,-16.838709677419356,-14.516129032258064,0.0,-0.0,125.73188542587569,-0.022410688987947625,0.022325025422166966,3.134134498494398
6.94,-16.838709677419356,-14.516129032258064,0.0,-0.0,125.73442795374393,-0.022410688987947402,0.022325025422166744,3.134134498494398
6.95,-16.838709677419356,-14.516129032258064,0.0,-0.0,125.73697048161218,-0.022410688987947402,0.022325025422166744,3.134134498494398
6.96,-16.838709677419356,-14.516129032258064,0.0,-0.0,125.73951300948042,-0.022410688987947847,0.0223250254221663,3.134134498494398
6.97,-16.838709677419356,-14.516129032258064,0.0,-0.0,125.74205553734866,-0.022410688987947625,0.022325025422166522,3.134134498494398
6.98,-16.838709677419356,-14.516129032258064,0.0,-0.0,125.7445980652169,-0.022410688987947625,0.022325025422166522,3.134134498494398
6.99,-16.838709677419356,-14.516129032258064,0.0,-0.0,125.74714059308515,-0.022410688987947402,0.0223250254221663,3.134134498494398
7.0,-16.838709677419356,-14.516129032258064,0.0,-0.0,125.74968312095339,-0.022410688987947625,0.022325025422166522,3.134134498494398
7.01,-16.838709677419356,-14.516129032258064,0.0,-0.0,125.75222564882164,-0.022410688987947847,0.0223250254221663,3.134134498494398
7.02,-16.838709677419356,-14.516129032258064,0.0,-0.0,125.75476817668988,-0.022410688987947847,0.0223250254221663,3.134134498494398
7.03,-16.838709677419356,-14.516129032258064,0.0,-0.0,125.75731070455812,-0.022410688987947847,0.0223250254221663,3.134134498494398
7.04,-16.838709677419356,-14.516129032258064,0.0,-0.0,125.75985323242637,-0.022410688987947847,0.022325025422166744,3.134134498494398
7.05,-16.838709677419356,-14.516129032258064,0.0,-0.0,125.76239576029461,-0.022410688987947402,0.0223250254221663,3.134134498494398
7.06,-16.838709677419356,-14.516129032258064,0.0,-0.0,125.76493828816285,-0.022410688987947847,0.0223250254221663,3.134134498494398
7.07,-16.838709677419356,-14.516129032258064,0.0,-0.0,125.7674808160311,-0.022410688987947847,0.0223250254221663,3.134134498494398
7.08,-16.838709677419356,-14.516129032258064,0.0,-0.0,0.10631720030760984,-0.022410688987947847,0.0223250254221663,3.134134498494398
7.09,-16.838709677419356,-14.516129032258064,0.0,-0.0,0.1088597281758532,-0.022410688987947847,0.0223250254221663,3.134134498494398
7.1,-16.838709677419356,-14.516129032258064,0.0,-0.0,125.77510839963583,-0.022410688987947625,0.022325025422166078,3.134134498494398
7.11,-16.838709677419356,-14.516129032258064,0.0,-0.0,125.77765092750407,-0.02241068898794807,0.022325025422166078,3.134134498494398
7.12,-16.838709677419356,-14.516129032258064,0.0,-0.0,125.78019345537231,-0.022410688987947847,0.0223250254221663,3.134134498494398
7.13,-16.838709677419356,-14.516129032258064,0.0,-0.0,125.78273598324056,-0.02241068898794807,0.022325025422166078,3.134134498494398
7.14,-16.838709677419356,-14.516129032258064,0.0,-0.0,125.7852785111088,-0.022410688987947847,0.0223250254221663,3.134134498494398
7.15,-16.838709677419356,-14.516129032258064,0.0,-0.0,125.78782103897704,-0.022410688987947847,0.022325025422166744,3.134134498494398
7.16,-16.838709677419356,-14.516129032258064,0.0,-0.0,125.79036356684529,-0.022410688987947847,0.0223250254221663,3.134134498494398
7.17,-16.838709677419356,-14.516129032258064,0.0,-0.0,125.79290609471353,-0.022410688987947847,0.0223250254221663,3.134134498494398
7.18,-16.838709677419356,-14.516129032258064,0.0,-0.0,0.13174247899004365,-0.022410688987947625,0.022325025422166522,3.134134498494398
7.19,-16.838709677419356,-14.516129032258064,0.0,-0.0,125.79799115045002,-0.022410688987947847,0.0223250254221663,3.134134498494398
7.2,-16.838709677419356,-14.516129032258064,0.0,-0.0,125.80053367831826,-0.022410688987947847,0.0223250254221663,3.134134498494398
7.21,-16.838709677419356,-14.516129032258064,0.0,-0.0,125.8030762061865,-0.022410688987947625,0.022325025422166078,3.134134498494398
7.22,-16.838709677419356,-14.516129032258064,0.0,-0.0,125.80561873405475,-0.022410688987947625,0.022325025422166522,3.134134498494398
7.23,-16.838709677419356,-14.516129032258064,0.0,-0.0,125.80816126192299,-0.022410688987947847,0.0223250254221663,3.134134498494398
7.24,-16.838709677419356,-14.516129032258064,0.0,-0.0,125.81070378979123,-0.022410688987947625,0.022325025422166522,3.134134498494398
7.25,-16.838709677419356,-14.516129032258064,0.0,-0.0,125.81324631765948,-0.022410688987947847,0.0223250254221663,3.134134498494398
7.26,-16.838709677419356,-14.516129032258064,0.0,-0.0,125.81578884552772,-0.02241068898794807,0.022325025422166522,3.134134498494398
7.27,-16.838709677419356,-14.516129032258064,0.0,-0.0,125.81833137339596,-0.022410688987947847,0.0223250254221663,3.134134498494398
7.28,-16.838709677419356,-14.516129032258064,0.0,-0.0,125.8208739012642,-0.022410688987947625,0.022325025422166522,3.134134498494398
7.29,-16.838709677419356,-14.516129032258064,0.0,-0.0,125.82341642913245,-0.022410688987947625,0.022325025422166522,3.134134498494398
7.3,-16.838709677419356,-14.516129032258064,0.0,-0.0,125.8259589570007,-0.022410688987947402,0.022325025422166744,3.134134498494398
7.31,-16.838709677419356,-14.516129032258064,0.0,-0.0,125.82850148486894,-0.022410688987947625,0.022325025422166522,3.134134498494398
7.32,-16.838709677419356,-14.516129032258064,0.0,-0.0,125.83104401273718,-0.02241068898794718,0.022325025422166522,3.134134498494398
7.33,-16.838709677419356,-14.516129032258064,0.0,-0.0,125.83358654060542,-0.022410688987947402,0.022325025422166744,3.134134498494398
7.34,-16.838709677419356,-14.516129032258064,0.0,-0.0,125.83612906847367,-0.022410688987947402,0.022325025422166744,3.134134498494398
7.35,-16.838709677419356,-14.516129032258064,0.0,-0.0,125.83867159634191,-0.022410688987947402,0.022325025422166744,3.134134498494398
7.36,-16.838709677419356,-14.516129032258064,0.0,-0.0,125.84121412421015,-0.022410688987947402,0.022325025422166744,3.134134498494398
7.37,-16.838709677419356,-14.516129032258064,0.0,-0.0,125.8437566520784,-0.022410688987947625,0.022325025422166966,3.134134498494398
7.38,-16.838709677419356,-14.516129032258064,0.0,-0.0,125.84629917994664,-0.022410688987947402,0.022325025422166744,3.134134498494398
7.39,-16.838709677419356,-14.516129032258064,0.0,-0.0,125.84884170781488,-0.022410688987947402,0.022325025422166744,3.134134498494398
7.4,-16.838709677419356,-14.516129032258064,0.0,-0.0,125.85138423568313,-0.022410688987947402,0.022325025422166744,3.134134498494398
7.41,-16.838709677419356,-14.516129032258064,0.0,-0.0,125.85392676355137,-0.022410688987947402,0.022325025422166744,3.134134498494398
7.42,-16.838709677419356,-14.516129032258064,0.0,-0.0,125.85646929141961,-0.022410688987947402,0.022325025422166744,3.134134498494398
7.43,-16.838709677419356,-14.516129032258064,0.0,-0.0,125.85901181928786,-0.02241068898794718,0.022325025422166522,3.134134498494398
7.44,-16.838709677419356,-14.516129032258064,0.0,-0.0,125.8615543471561,-0.02241068898794718,0.022325025422166966,3.134134498494398
7.45,-16.838709677419356,-14.516129032258064,0.0,-0.0,125.86409687502434,-0.02241068898794718,0.022325025422166966,3.134134498494398
7.46,-16.838709677419356,-14.516129032258064,0.0,-0.0,125.86663940289259,-0.02241068898794718,0.022325025422166966,3.134134498494398
7.47,-16.838709677419356,-14.516129032258064,0.0,-0.0,125.86918193076083,-0.022410688987947402,0.022325025422166744,3.134134498494398
7.48,-16.838709677419356,-14.516129032258064,0.0,-0.0,125.87172445862907,-0.022410688987947402,0.02232502542216719,3.134134498494398
7.49,-16.838709677419356,-14.516129032258064,0.0,-0.0,125.87426698649732,-0.02241068898794696,0.022325025422166744,3.134134498494398
7.5,-16.838709677419356,-14.516129032258064,0.0,-0.0,125.87680951436556,-0.02241068898794718,0.022325025422166966,3.134134498494398
7.51,-16.838709677419356,-14.516129032258064,0.0,-0.0,125.8793520422338,-0.02241068898794696,0.02232502542216719,3.134134498494398
7.52,-16.838709677419356,-14.516129032258064,0.0,-0.0,125.88189457010205,-0.02241068898794696,0.02232502542216719,3.134134498494398
7.53,-16.838709677419356,-14.516129032258064,0.0,-0.0,125.88443709797029,-0.02241068898794696,0.02232502542216719,3.134134498494398
7.54,-16.838709677419356,-14.516129032258064,0.0,-0.0,0.22327348224680554,-0.022410688987946736,0.022325025422166966,3.134134498494398
7.55,-16.838709677419356,-14.516129032258064,0.0,-0.0,125.88952215370678,-0.02241068898794718,0.022325025422166966,3.134134498494398
7.56,-16.838709677419356,-14.516129032258064,0.0,-0.0,125.89206468157502,-0.02241068898794696,0.02232502542216719,3.134134498494398
7.57,-16.838709677419356,-14.516129032258064,0.0,-0.0,125.89460720944327,-0.02241068898794696,0.02232502542216719,3.134134498494398
7.58,-16.838709677419356,-14.516129032258064,0.0,-0.0,125.89714973731151,-0.02241068898794696,0.02232502542216719,3.134134498494398
7.59,-16.838709677419356,-14.516129032258064,0.0,-0.0,125.89969226517975,-0.022410688987947402,0.02232502542216719,3.1341344984943986
7.6,-16.838709677419356,-14.516129032258064,0.0,-0.0,125.902234793048,-0.02241068898794696,0.022325025422166744,3.134134498494398
7.61,-16.838709677419356,-14.516129032258064,0.0,-0.0,125.90477732091624,-0.02241068898794696,0.02232502542216719,3.134134498494398
7.62,-16.838709677419356,-14.516129032258064,0.0,-0.0,125.90731984878448,-0.02241068898794718,0.022325025422166966,3.134134498494398
7.63,-16.838709677419356,-14.516129032258064,0.0,-0.0,125.90986237665273,-0.02241068898794718,0.022325025422166966,3.134134498494398
7.64,-16.838709677419356,-14.516129032258064,0.0,-0.0,125.91240490452097,-0.02241068898794696,0.02232502542216719,3.134134498494398
7.65,-16.838709677419356,-14.516129032258064,0.0,-0.0,125.91494743238921,-0.022410688987946736,0.022325025422166966,3.134134498494398
7.66,-16.838709677419356,-14.516129032258064,0.0,-0.0,125.91748996025746,-0.02241068898794696,0.02232502542216719,3.134134498494398
7.67,-16.838709677419356,-14.516129032258064,0.0,-0.0,125.9200324881257,-0.02241068898794696,0.02232502542216719,3.134134498494398
7.68,-16.838709677419356,-14.516129032258064,0.0,-0.0,125.92257501599394,-0.02241068898794696,0.02232502542216719,3.134134498494398
7.69,-16.838709677419356,-14.516129032258064,0.0,-0.0,125.92511754386219,-0.02241068898794696,0.02232502542216719,3.134134498494398
7.7,-16.838709677419356,-14.516129032258064,0.0,-0.0,125.92766007173043,-0.02241068898794718,0.02232502542216741,3.134134498494398
7.71,-16.838709677419356,-14.516129032258064,0.0,-0.0,125.93020259959867,-0.02241068898794696,0.02232502542216719,3.134134498494398
7.72,-16.838709677419356,-14.516129032258064,0.0,-0.0,125.93274512746692,-0.02241068898794718,0.022325025422166966,3.134134498494398
7.73,-16.838709677419356,-14.516129032258064,0.0,-0.0,125.93528765533516,-0.02241068898794696,0.02232502542216719,3.134134498494398
7.74,-16.838709677419356,-14.516129032258064,0.0,-0.0,125.9378301832034,-0.02241068898794718,0.022325025422166966,3.134134498494398
7.75,-16.838709677419356,-14.516129032258064,0.0,-0.0,125.94037271107165,-0.02241068898794696,0.02232502542216719,3.134134498494398
7.76,-16.838709677419356,-14.516129032258064,0.0,-0.0,125.94291523893989,-0.022410688987946736,0.022325025422166966,3.134134498494398
7.77,-16.838709677419356,-14.516129032258064,0.0,-0.0,125.94545776680813,-0.02241068898794696,0.02232502542216719,3.134134498494398
7.78,-16.838709677419356,-14.516129032258064,0.0,-0.0,125.94800029467638,-0.02241068898794718,0.022325025422166966,3.134134498494398
7.79,-16.838709677419356,-14.516129032258064,0.0,-0.0,125.95054282254462,-0.02241068898794718,0.022325025422166966,3.134134498494398
7.8,-16.838709677419356,-14.516129032258064,0.0,-0.0,125.95308535041286,-0.02241068898794696,0.02232502542216719,3.134134498494398
7.81,-16.838709677419356,-14.516129032258064,0.0,-0.0,125.9556278782811,-0.02241068898794718,0.02232502542216741,3.134134498494398
7.82,-16.838709677419356,-14.516129032258064,0.0,-0.0,125.95817040614935,-0.02241068898794696,0.02232502542216719,3.134134498494398
7.83,-16.838709677419356,-14.516129032258064,0.0,-0.0,125.9607129340176,-0.02241068898794696,0.02232502542216719,3.134134498494398
7.84,-16.838709677419356,-14.516129032258064,0.0,-0.0,125.96325546188584,-0.02241068898794718,0.022325025422166966,3.134134498494398
7.85,-16.838709677419356,-14.516129032258064,0.0,-0.0,0.30209184616235035,-0.02241068898794696,0.02232502542216719,3.134134498494398
7.86,-16.838709677419356,-14.516129032258064,0.0,-0.0,125.96834051762232,-0.02241068898794718,0.022325025422166966,3.134134498494398
7.87,-16.838709677419356,-14.516129032258064,0.0,-0.0,125.97088304549057,-0.02241068898794696,0.022325025422166744,3.134134498494398
7.88,-16.838709677419356,-14.516129032258064,0.0,-0.0,125.97342557335881,-0.02241068898794718,0.022325025422166966,3.134134498494398
7.89,-16.838709677419356,-14.516129032258064,0.0,-0.0,125.97596810122705,-0.02241068898794718,0.022325025422166966,3.134134498494398
7.9,-16.838709677419356,-14.516129032258064,0.0,-0.0,125.9785106290953,-0.02241068898794696,0.02232502542216719,3.134134498494398
7.91,-16.838709677419356,-14.516129032258064,0.0,-0.0,125.98105315696354,-0.022410688987947402,0.022325025422166744,3.134134498494398
7.92,-16.838709677419356,-14.516129032258064,0.0,-0.0,125.98359568483178,-0.022410688987947625,0.022325025422166966,3.134134498494398
7.93,-16.838709677419356,-14.516129032258064,0.0,-0.0,125.98613821270003,-0.022410688987947402,0.022325025422166744,3.134134498494398
7.94,-16.838709677419356,-14.516129032258064,0.0,-0.0,125.98868074056827,-0.02241068898794718,0.022325025422166966,3.134134498494398
7.95,-16.838709677419356,-14.516129032258064,0.0,-0.0,125.99122326843651,-0.02241068898794718,0.022325025422166966,3.134134498494398
7.96,-16.838709677419356,-14.516129032258064,0.0,-0.0,125.99376579630476,-0.02241068898794718,0.022325025422166966,3.134134498494398
7.97,-16.838709677419356,-14.516129032258064,0.0,-0.0,125.996308324173,-0.02241068898794718,0.022325025422166966,3.134134498494398
7.98,-16.838709677419356,-14.516129032258064,0.0,-0.0,125.99885085204124,-0.02241068898794696,0.022325025422166744,3.134134498494398
7.99,-16.838709677419356,-14.516129032258064,0.0,-0.0,126.00139337990949,-0.022410688987947402,0.022325025422166744,3.134134498494398
8.0,-16.838709677419356,-14.516129032258064,0.0,-0.0,0.3402297641860009,-0.022410688987947402,0.022325025422166744,3.134134498494398
8.01,-16.838709677419356,-13.35483870967742,0.0,-0.0,126.00730012229764,-0.009621160136165985,0.08472679479612699,3.132843512593911
8.02,-16.838709677419356,-13.35483870967742,0.0,-0.0,126.01076608153478,-0.024089223894353307,0.0640930011731784,3.131338657389187
8.03,-16.838709677419356,-13.35483870967742,0.0,-0.0,126.01449341284456,-0.024640896078633512,0.047702181387526466,3.1302291152899775
8.04,-16.838709677419356,-13.35483870967742,0.0,-0.0,126.01826755825756,-0.029001039508764093,0.04050510330161794,3.1293327490621774
8.05,-16.838709677419356,-13.35483870967742,0.0,-0.0,126.02206564841931,-0.031246732765970897,0.03680835827101059,3.128774422772534
8.06,-16.838709677419356,-13.35483870967742,0.0,-0.0,126.02586952830976,-0.03256642113003183,0.035137812347806774,3.1284360638504713
8.07,-16.838709677419356,-13.35483870967742,0.0,-0.0,126.02967515319703,-0.03324827532135677,0.03435021134840821,3.1282406491860537
8.08,-16.838709677419356,-13.35483870967742,0.0,-0.0,126.03348133759576,-0.03359058692143835,0.033973993354447396,3.12812947211041
8.09,-16.838709677419356,-13.35483870967742,0.0,-0.0,126.03728774134277,-0.033759401515499166,0.03379188625467755,3.128066587073239
8.1,-16.838709677419356,-13.35483870967742,0.0,-0.0,126.04109424641774,-0.03384202532111402,0.03370312197406444,3.128031050221715
8.11,-16.838709677419356,-13.35483870967742,0.0,-0.0,126.0449008038134,-0.03388230972316153,0.03365966693846434,3.128010950727584
8.12,-16.838709677419356,-13.35483870967742,0.0,-0.0,126.04870738982929,-0.03390191254792563,0.033638329728338245,3.1279995657029804
8.13,-16.838709677419356,-13.35483870967742,0.0,-0.0,126.05251399192413,-0.033911440904071055,0.03362782698731959,3.127993106573807
8.14,-16.838709677419356,-13.35483870967742,0.0,-0.0,126.05632060315743,-0.033916068993287585,0.03362264510776902,3.127989436550597
8.15,-16.838709677419356,-13.35483870967742,0.0,-0.0,126.06012721961025,-0.03391831564562908,0.03362008215191303,3.1279873484429097
8.16,-16.838709677419356,-13.35483870967742,0.0,-0.0,126.06393383905058,-0.03391940566686724,0.033618811087849254,3.127986158969899
8.17,-16.838709677419356,-13.35483870967742,0.0,-0.0,0.4040343166107428,-0.03391993421547079,0.033618178818595856,3.1279854806954623
8.18,-16.838709677419356,-13.35483870967742,0.0,-0.0,126.07154708233537,-0.03392019034144722,0.033617863244008506,3.1279850935773954
8.19,-16.838709677419356,-13.35483870967742,0.0,-0.0,126.07535370503066,-0.03392031436238696,0.033617705141465004,3.12798487246465
8.2,-16.838709677419356,-13.35483870967742,0.0,-0.0,126.07916032804843,-0.03392037436223627,0.033617625600010914,3.1279847460874373
8.21,-16.838709677419356,-13.35483870967742,0.0,-0.0,126.08296695125111,-0.03392040335878277,0.03361758539765258,3.127984673815952
8.22,-16.838709677419356,-13.35483870967742,0.0,-0.0,126.08677357455983,-0.03392041735448004,0.033617564975682024,3.1279846324662035
8.23,-16.838709677419356,-13.35483870967742,0.0,-0.0,126.09058019792937,-0.03392042409955387,0.03361755454506343,3.1279846087985077
8.24,-16.838709677419356,-13.35483870967742,0.0,-0.0,126.09438682133379,-0.033920427344372284,0.03361754918643456,3.127984595246941
8.25,-16.838709677419356,-13.35483870967742,0.0,-0.0,0.4344873011664796,-0.03392042890192615,0.03361754641647052,3.1279845874853245
8.26,-16.838709677419356,-13.35483870967742,0.0,-0.0,126.10200006819412,-0.033920429647590566,0.033617544975384606,3.1279845830387623
8.27,-16.838709677419356,-13.35483870967742,0.0,-0.0,126.1058066916366,-0.0339204300034186,0.0336175442206601,3.1279845804908306
8.28,-16.838709677419356,-13.35483870967742,0.0,-0.0,126.10961331508287,-0.0339204301725462,0.03361754382271731,3.127984579030561
8.29,-16.838709677419356,-13.35483870967742,0.0,-0.0,0.44971379493956454,-0.03392043025254088,0.03361754361146718,3.1279845781935336
8.3,-16.838709677419356,-13.35483870967742,0.0,-0.0,126.11722656198097,-0.0339204302901468,0.033617543498566826,3.12798457771367
8.31,-16.838709677419356,-13.35483870967742,0.0,-0.0,126.12103318543136,-0.03392043030768899,0.033617543437832076,3.127984577438549
8.32,-16.838709677419356,-13.35483870967742,0.0,-0.0,126.12483980888214,-0.03392043031579095,0.033617543404952155,3.1279845772808046
8.33,-16.838709677419356,-13.35483870967742,0.0,-0.0,126.12864643233317,-0.03392043031948466,0.033617543387044035,3.1279845771903334
8.34,-16.838709677419356,-13.35483870967742,0.0,-0.0,126.13245305578432,-0.03392043032113978,0.03361754337723544,3.1279845771384607
8.35,-16.838709677419356,-13.35483870967742,0.0,-0.0,126.13625967923556,-0.033920430321863204,0.03361754337183398,3.1279845771086983
8.36,-16.838709677419356,-13.35483870967742,0.0,-0.0,126.14006630268685,-0.03392043032216874,0.033617543368845704,3.127984577091635
8.37,-16.838709677419356,-13.35483870967742,0.0,-0.0,126.14387292613816,-0.033920430322289974,0.033617543367184366,3.1279845770818437
8.38,-16.838709677419356,-13.35483870967742,0.0,-0.0,126.14767954958948,-0.03392043032233416,0.033617543366256886,3.12798457707623
8.39,-16.838709677419356,-13.35483870967742,0.0,-0.0,126.15148617304081,-0.03392043032234593,0.03361754336573797,3.127984577073018
8.4,-16.838709677419356,-13.35483870967742,0.0,-0.0,126.15529279649215,-0.03392043032234748,0.03361754336544642,3.127984577071161
8.41,-16.838709677419356,-13.35483870967742,0.0,-0.0,126.15909941994349,-0.03392043032234482,0.03361754336528211,3.1279845770701042
8.42,-16.838709677419356,-13.35483870967742,0.0,-0.0,126.16290604339483,-0.03392043032234149,0.03361754336518907,3.1279845770694976
8.43,-16.838709677419356,-13.35483870967742,0.0,-0.0,0.5030065232544368,-0.03392043032233949,0.03361754336513689,3.12798457706915
8.44,-16.838709677419356,-13.35483870967742,0.0,-0.0,126.1705192902975,-0.033920430322337936,0.03361754336510692,3.1279845770689505
8.45,-16.838709677419356,-13.35483870967742,0.0,-0.0,126.17432591374885,-0.033920430322336825,0.03361754336508982,3.127984577068836
8.46,-16.838709677419356,-13.35483870967742,0.0,-0.0,126.17813253720018,-0.03392043032233549,0.03361754336508049,3.12798457706877
8.47,-16.838709677419356,-13.35483870967742,0.0,-0.0,126.18193916065152,-0.03392043032233483,0.03361754336507494,3.127984577068732
8.48,-16.838709677419356,-13.35483870967742,0.0,-0.0,126.18574578410286,-0.03392043032233505,0.03361754336507161,3.1279845770687107
8.49,-16.838709677419356,-13.35483870967742,0.0,-0.0,126.1895524075542,-0.03392043032233483,0.03361754336507006,3.1279845770686983
8.5,-16.838709677419356,-13.35483870967742,0.0,-0.0,126.19335903100554,-0.03392043032233416,0.03361754336506895,3.127984577068691
8.51,-16.838709677419356,-13.35483870967742,0.0,-0.0,126.19716565445688,-0.03392043032233416,0.0336175433650685,3.1279845770686867
8.52,-16.838709677419356,-13.35483870967742,0.0,-0.0,126.20097227790822,-0.033920430322334605,0.03361754336506806,3.127984577068685
8.53,-16.838709677419356,-13.35483870967742,0.0,-0.0,126.20477890135956,-0.03392043032233438,0.03361754336506828,3.1279845770686836
8.54,-16.838709677419356,-13.35483870967742,0.0,-0.0,0.5448793812191703,-0.03392043032233438,0.03361754336506784,3.1279845770686827
8.55,-16.838709677419356,-13.35483870967742,0.0,-0.0,126.21239214826224,-0.03392043032233438,0.03361754336506784,3.127984577068682
8.56,-16.838709677419356,-13.35483870967742,0.0,-0.0,126.21619877171358,-0.03392043032233438,0.03361754336506784,3.127984577068682
8.57,-16.838709677419356,-13.35483870967742,0.0,-0.0,126.22000539516492,-0.03392043032233416,0.033617543365067615,3.127984577068682
8.58,-16.838709677419356,-13.35483870967742,0.0,-0.0,126.22381201861626,-0.03392043032233416,0.033617543365067615,3.1279845770686814
8.59,-16.838709677419356,-13.35483870967742,0.0,-0.0,126.2276186420676,-0.03392043032233416,0.033617543365067615,3.127984577068682
8.6,-16.838709677419356,-13.35483870967742,0.0,-0.0,126.23142526551894,-0.03392043032233416,0.033617543365067615,3.1279845770686814
8.61,-16.838709677419356,-13.35483870967742,0.0,-0.0,126.23523188897028,-0.03392043032233394,0.03361754336506784,3.1279845770686814
8.62,-16.838709677419356,-13.35483870967742,0.0,-0.0,126.23903851242162,-0.03392043032233372,0.03361754336506806,3.1279845770686814
8.63,-16.838709677419356,-13.35483870967742,0.0,-0.0,126.24284513587295,-0.03392043032233394,0.03361754336506784,3.1279845770686814
8.64,-16.838709677419356,-13.35483870967742,0.0,-0.0,126.2466517593243,-0.03392043032233372,0.03361754336506806,3.1279845770686814
8.65,-16.838709677419356,-13.35483870967742,0.0,-0.0,126.25045838277563,-0.03392043032233394,0.03361754336506784,3.1279845770686814
8.66,-16.838709677419356,-13.35483870967742,0.0,-0.0,126.25426500622697,-0.03392043032233416,0.033617543365067615,3.1279845770686814
8.67,-16.838709677419356,-13.35483870967742,0.0,-0.0,126.25807162967831,-0.03392043032233394,0.03361754336506784,3.1279845770686814
8.68,-16.838709677419356,-13.35483870967742,0.0,-0.0,126.26187825312965,-0.03392043032233394,0.03361754336506784,3.1279845770686814
8.69,-16.838709677419356,-13.35483870967742,0.0,-0.0,126.26568487658099,-0.03392043032233394,0.03361754336506784,3.1279845770686814
8.7,-16.838709677419356,-13.35483870967742,0.0,-0.0,126.26949150003233,-0.03392043032233372,0.03361754336506806,3.1279845770686814
8.71,-16.838709677419356,-13.35483870967742,0.0,-0.0,126.27329812348367,-0.03392043032233372,0.03361754336506806,3.1279845770686814
8.72,-16.838709677419356,-13.35483870967742,0.0,-0.0,126.27710474693501,-0.03392043032233372,0.03361754336506806,3.1279845770686814
8.73,-16.838709677419356,-13.35483870967742,0.0,-0.0,126.28091137038635,-0.03392043032233372,0.03361754336506806,3.1279845770686814
8.74,-16.838709677419356,-13.35483870967742,0.0,-0.0,126.28471799383769,-0.03392043032233372,0.03361754336506806,3.1279845770686814
8.75,-16.838709677419356,-13.35483870967742,0.0,-0.0,126.28852461728903,-0.03392043032233372,0.03361754336506806,3.1279845770686814
8.76,-16.838709677419356,-13.35483870967742,0.0,-0.0,126.29233124074037,-0.03392043032233372,0.03361754336506806,3.1279845770686814
8.77,-16.838709677419356,-13.35483870967742,0.0,-0.0,126.2961378641917,-0.03392043032233372,0.03361754336506806,3.1279845770686814
8.78,-16.838709677419356,-13.35483870967742,0.0,-0.0,126.29994448764305,-0.03392043032233372,0.03361754336506806,3.1279845770686814
8.79,-16.838709677419356,-13.35483870967742,0.0,-0.0,126.30375111109439,-0.03392043032233372,0.03361754336506806,3.127984577068682
8.8,-16.838709677419356,-13.35483870967742,0.0,-0.0,126.30755773454572,-0.03392043032233372,0.03361754336506806,3.1279845770686814
8.81,-16.838709677419356,-13.35483870967742,0.0,-0.0,0.6476582144053347,-0.03392043032233372,0.03361754336506806,3.1279845770686814
8.82,-16.838709677419356,-13.35483870967742,0.0,-0.0,126.3151709814484,-0.03392043032233394,0.03361754336506784,3.1279845770686814
8.83,-16.838709677419356,-13.35483870967742,0.0,-0.0,126.31897760489974,-0.03392043032233394,0.03361754336506784,3.1279845770686814
8.84,-16.838709677419356,-13.35483870967742,0.0,-0.0,126.32278422835108,-0.03392043032233372,0.03361754336506806,3.1279845770686814
8.85,-16.838709677419356,-13.35483870967742,0.0,-0.0,126.32659085180242,-0.033920430322333495,0.03361754336506828,3.1279845770686814
8.86,-16.838709677419356,-13.35483870967742,0.0,-0.0,126.33039747525376,-0.03392043032233372,0.03361754336506806,3.1279845770686814
8.87,-16.838709677419356,-13.35483870967742,0.0,-0.0,126.3342040987051,-0.03392043032233372,0.03361754336506806,3.1279845770686814
8.88,-16.838709677419356,-13.35483870967742,0.0,-0.0,126.33801072215644,-0.03392043032233372,0.03361754336506806,3.1279845770686814
8.89,-16.838709677419356,-13.35483870967742,0.0,-0.0,126.34181734560778,-0.03392043032233372,0.03361754336506806,3.1279845770686814
8.9,-16.838709677419356,-13.35483870967742,0.0,-0.0,126.34562396905912,-0.03392043032233372,0.03361754336506806,3.1279845770686814
8.91,-16.838709677419356,-13.35483870967742,0.0,-0.0,126.34943059251046,-0.03392043032233372,0.03361754336506806,3.1279845770686814
8.92,-16.838709677419356,-13.35483870967742,0.0,-0.0,126.3532372159618,-0.03392043032233372,0.03361754336506806,3.1279845770686814
8.93,-16.838709677419356,-13.35483870967742,0.0,-0.0,126.35704383941314,-0.03392043032233372,0.03361754336506806,3.1279845770686814
8.94,-16.838709677419356,-13.35483870967742,0.0,-0.0,126.36085046286448,-0.03392043032233372,0.03361754336506806,3.1279845770686814
8.95,-16.838709677419356,-13.35483870967742,0.0,-0.0,126.36465708631582,-0.03392043032233372,0.03361754336506806,3.1279845770686814
8.96,-16.838709677419356,-13.35483870967742,0.0,-0.0,126.36846370976716,-0.03392043032233372,0.03361754336506806,3.1279845770686814
8.97,-16.838709677419356,-13.35483870967742,0.0,-0.0,126.3722703332185,-0.033920430322333495,0.03361754336506828,3.1279845770686814
8.98,-16.838709677419356,-13.35483870967742,0.0,-0.0,126.37607695666983,-0.03392043032233372,0.03361754336506806,3.1279845770686814
8.99,-16.838709677419356,-13.35483870967742,0.0,-0.0,126.37988358012117,-0.033920430322333495,0.03361754336506828,3.1279845770686814
9.0,-16.838709677419356,-13.35483870967742,0.0,-0.0,126.38369020357251,-0.03392043032233372,0.03361754336506806,3.1279845770686814
9.01,-16.838709677419356,-13.35483870967742,0.0,-0.0,126.38749682702385,-0.033920430322333495,0.03361754336506828,3.1279845770686814
9.02,-16.838709677419356,-13.35483870967742,0.0,-0.0,126.39130345047519,-0.03392043032233372,0.03361754336506806,3.1279845770686814
9.03,-16.838709677419356,-13.35483870967742,0.0,-0.0,126.39511007392653,-0.03392043032233372,0.03361754336506806,3.1279845770686814
9.04,-16.838709677419356,-13.35483870967742,0.0,-0.0,126.39891669737787,-0.03392043032233372,0.03361754336506806,3.1279845770686814
9.05,-16.838709677419356,-13.35483870967742,0.0,-0.0,126.40272332082921,-0.03392043032233372,0.03361754336506806,3.1279845770686814
9.06,-16.838709677419356,-13.35483870967742,0.0,-0.0,126.40652994428055,-0.03392043032233372,0.03361754336506806,3.1279845770686814
9.07,-16.838709677419356,-13.35483870967742,0.0,-0.0,0.7466304241401593,-0.03392043032233372,0.03361754336506806,3.1279845770686814
9.08,-16.838709677419356,-13.35483870967742,0.0,-0.0,126.41414319118323,-0.03392043032233372,0.03361754336506806,3.1279845770686814
9.09,-16.838709677419356,-13.35483870967742,0.0,-0.0,126.41794981463457,-0.03392043032233372,0.03361754336506806,3.1279845770686814
9.1,-16.838709677419356,-13.35483870967742,0.0,-0.0,126.42175643808591,-0.033920430322333495,0.03361754336506828,3.1279845770686814
9.11,-16.838709677419356,-13.35483870967742,0.0,-0.0,126.42556306153725,-0.033920430322333495,0.03361754336506828,3.1279845770686814
9.12,-16.838709677419356,-13.35483870967742,0.0,-0.0,0.7656635413968569,-0.03392043032233372,0.03361754336506806,3.1279845770686814
9.13,-16.838709677419356,-13.35483870967742,0.0,-0.0,126.43317630843993,-0.03392043032233372,0.03361754336506806,3.1279845770686814
9.14,-16.838709677419356,-13.35483870967742,0.0,-0.0,126.43698293189127,-0.033920430322333495,0.03361754336506828,3.1279845770686814
9.15,-16.838709677419356,-13.35483870967742,0.0,-0.0,0.777083411750875,-0.03392043032233372,0.03361754336506806,3.1279845770686814
9.16,-16.838709677419356,-13.35483870967742,0.0,-0.0,126.44459617879394,-0.03392043032233372,0.03361754336506806,3.1279845770686814
9.17,-16.838709677419356,-13.35483870967742,0.0,-0.0,126.44840280224528,-0.033920430322333495,0.03361754336506828,3.1279845770686814
9.18,-16.838709677419356,-13.35483870967742,0.0,-0.0,126.45220942569662,-0.03392043032233372,0.03361754336506806,3.1279845770686814
9.19,-16.838709677419356,-13.35483870967742,0.0,-0.0,126.45601604914796,-0.03392043032233372,0.03361754336506806,3.1279845770686814
9.2,-16.838709677419356,-13.35483870967742,0.0,-0.0,126.4598226725993,-0.03392043032233372,0.03361754336506806,3.127984577068682
9.21,-16.838709677419356,-13.35483870967742,0.0,-0.0,126.46362929605064,-0.03392043032233372,0.03361754336506806,3.1279845770686814
9.22,-16.838709677419356,-13.35483870967742,0.0,-0.0,126.46743591950198,-0.03392043032233372,0.03361754336506806,3.1279845770686814
9.23,-16.838709677419356,-13.35483870967742,0.0,-0.0,126.47124254295332,-0.033920430322333495,0.03361754336506828,3.1279845770686814
9.24,-16.838709677419356,-13.35483870967742,0.0,-0.0,126.47504916640466,-0.03392043032233372,0.03361754336506806,3.1279845770686814
9.25,-16.838709677419356,-13.35483870967742,0.0,-0.0,126.478855789856,-0.03392043032233372,0.03361754336506806,3.1279845770686814
9.26,-16.838709677419356,-13.35483870967742,0.0,-0.0,126.48266241330734,-0.03392043032233372,0.03361754336506806,3.1279845770686814
9.27,-16.838709677419356,-13.35483870967742,0.0,-0.0,126.48646903675868,-0.03392043032233372,0.03361754336506806,3.1279845770686814
9.28,-16.838709677419356,-13.35483870967742,0.0,-0.0,126.49027566021002,-0.03392043032233372,0.03361754336506806,3.1279845770686814
9.29,-16.838709677419356,-13.35483870967742,0.0,-0.0,126.49408228366136,-0.03392043032233372,0.03361754336506806,3.1279845770686814
9.3,-16.838709677419356,-13.35483870967742,0.0,-0.0,126.4978889071127,-0.03392043032233372,0.03361754336506806,3.1279845770686814
9.31,-16.838709677419356,-13.35483870967742,0.0,-0.0,0.8379893869723056,-0.03392043032233372,0.03361754336506806,3.1279845770686814
9.32,-16.838709677419356,-13.35483870967742,0.0,-0.0,0.841796010423645,-0.03392043032233372,0.03361754336506806,3.1279845770686814
9.33,-16.838709677419356,-13.35483870967742,0.0,-0.0,0.8456026338749845,-0.03392043032233372,0.03361754336506806,3.1279845770686814
9.34,-16.838709677419356,-13.35483870967742,0.0,-0.0,126.51311540091805,-0.03392043032233372,0.03361754336506806,3.1279845770686814
9.35,-16.838709677419356,-13.35483870967742,0.0,-0.0,126.51692202436939,-0.03392043032233372,0.03361754336506806,3.1279845770686814
9.36,-16.838709677419356,-13.35483870967742,0.0,-0.0,0.857022504229003,-0.03392043032233372,0.03361754336506806,3.1279845770686814
9.37,-16.838709677419356,-13.35483870967742,0.0,-0.0,126.52453527127207,-0.03392043032233372,0.03361754336506806,3.1279845770686814
9.38,-16.838709677419356,-13.35483870967742,0.0,-0.0,0.8646357511316817,-0.03392043032233372,0.03361754336506806,3.1279845770686814
9.39,-16.838709677419356,-13.35483870967742,0.0,-0.0,126.53214851817475,-0.03392043032233372,0.03361754336506806,3.1279845770686814
9.4,-16.838709677419356,-13.35483870967742,0.0,-0.0,0.8722489980343604,-0.03392043032233372,0.03361754336506806,3.1279845770686814
9.41,-16.838709677419356,-13.35483870967742,0.0,-0.0,126.53976176507743,-0.03392043032233372,0.03361754336506806,3.1279845770686814
9.42,-16.838709677419356,-13.35483870967742,0.0,-0.0,126.54356838852877,-0.03392043032233372,0.03361754336506806,3.1279845770686814
9.43,-16.838709677419356,-13.35483870967742,0.0,-0.0,126.54737501198011,-0.03392043032233372,0.03361754336506806,3.1279845770686814
9.44,-16.838709677419356,-13.35483870967742,0.0,-0.0,126.55118163543145,-0.03392043032233372,0.03361754336506806,3.1279845770686814
9.45,-16.838709677419356,-13.35483870967742,0.0,-0.0,126.55498825888279,-0.03392043032233372,0.03361754336506806,3.1279845770686814
9.46,-16.838709677419356,-13.35483870967742,0.0,-0.0,126.55879488233413,-0.03392043032233372,0.03361754336506806,3.1279845770686814
9.47,-16.838709677419356,-13.35483870967742,0.0,-0.0,126.56260150578547,-0.03392043032233394,0.03361754336506784,3.1279845770686814
9.48,-16.838709677419356,-13.35483870967742,0.0,-0.0,126.5664081292368,-0.03392043032233394,0.03361754336506784,3.1279845770686814
9.49,-16.838709677419356,-13.35483870967742,0.0,-0.0,126.57021475268814,-0.03392043032233394,0.03361754336506784,3.1279845770686814
9.5,-16.838709677419356,-13.35483870967742,0.0,-0.0,126.57402137613948,-0.03392043032233372,0.03361754336506806,3.1279845770686814
9.51,-16.838709677419356,-13.35483870967742,0.0,-0.0,126.57782799959082,-0.03392043032233372,0.03361754336506806,3.1279845770686814
9.52,-16.838709677419356,-13.35483870967742,0.0,-0.0,126.58163462304216,-0.03392043032233372,0.03361754336506806,3.1279845770686814
9.53,-16.838709677419356,-13.35483870967742,0.0,-0.0,126.5854412464935,-0.03392043032233372,0.03361754336506806,3.1279845770686814
9.54,-16.838709677419356,-13.35483870967742,0.0,-0.0,0.9255417263531122,-0.03392043032233372,0.03361754336506806,3.1279845770686814
9.55,-16.838709677419356,-13.35483870967742,0.0,-0.0,126.59305449339618,-0.03392043032233372,0.03361754336506806,3.1279845770686814
9.56,-16.838709677419356,-13.35483870967742,0.0,-0.0,126.59686111684752,-0.03392043032233394,0.03361754336506784,3.1279845770686814
9.57,-16.838709677419356,-13.35483870967742,0.0,-0.0,126.60066774029886,-0.03392043032233372,0.03361754336506806,3.1279845770686814
9.58,-16.838709677419356,-13.35483870967742,0.0,-0.0,126.6044743637502,-0.03392043032233372,0.03361754336506806,3.1279845770686814
9.59,-16.838709677419356,-13.35483870967742,0.0,-0.0,126.60828098720154,-0.03392043032233394,0.03361754336506784,3.1279845770686814
9.6,-16.838709677419356,-13.35483870967742,0.0,-0.0,126.61208761065288,-0.03392043032233372,0.03361754336506806,3.1279845770686814
9.61,-16.838709677419356,-13.35483870967742,0.0,-0.0,126.61589423410422,-0.03392043032233394,0.03361754336506784,3.1279845770686814
9.62,-16.838709677419356,-13.35483870967742,0.0,-0.0,126.61970085755556,-0.03392043032233394,0.03361754336506784,3.1279845770686814
9.63,-16.838709677419356,-13.35483870967742,0.0,-0.0,126.6235074810069,-0.03392043032233372,0.03361754336506806,3.1279845770686814
9.64,-16.838709677419356,-13.35483870967742,0.0,-0.0,126.62731410445824,-0.03392043032233394,0.03361754336506784,3.1279845770686814
9.65,-16.838709677419356,-13.35483870967742,0.0,-0.0,126.63112072790958,-0.03392043032233394,0.03361754336506784,3.1279845770686814
9.66,-16.838709677419356,-13.35483870967742,0.0,-0.0,126.63492735136091,-0.03392043032233394,0.03361754336506784,3.1279845770686814
9.67,-16.838709677419356,-13.35483870967742,0.0,-0.0,126.63873397481225,-0.03392043032233372,0.03361754336506806,3.1279845770686814
9.68,-16.838709677419356,-13.35483870967742,0.0,-0.0,126.6425405982636,-0.03392043032233394,0.03361754336506784,3.1279845770686814
9.69,-16.838709677419356,-13.35483870967742,0.0,-0.0,126.64634722171493,-0.03392043032233394,0.03361754336506784,3.1279845770686814
9.7,-16.838709677419356,-13.35483870967742,0.0,-0.0,126.65015384516627,-0.03392043032233394,0.03361754336506784,3.1279845770686814
9.71,-16.838709677419356,-13.35483870967742,0.0,-0.0,126.65396046861761,-0.03392043032233394,0.03361754336506784,3.1279845770686814
9.72,-16.838709677419356,-13.35483870967742,0.0,-0.0,126.65776709206895,-0.03392043032233394,0.03361754336506784,3.1279845770686814
9.73,-16.838709677419356,-13.35483870967742,0.0,-0.0,126.66157371552029,-0.03392043032233394,0.03361754336506784,3.1279845770686814
9.74,-16.838709677419356,-13.35483870967742,0.0,-0.0,126.66538033897163,-0.03392043032233394,0.03361754336506784,3.1279845770686814
9.75,-16.838709677419356,-13.35483870967742,0.0,-0.0,126.66918696242297,-0.03392043032233394,0.03361754336506784,3.1279845770686814
9.76,-16.838709677419356,-13.35483870967742,0.0,-0.0,1.0092874422825797,-0.03392043032233394,0.03361754336506784,3.127984577068681
9.77,-16.838709677419356,-13.35483870967742,0.0,-0.0,126.67680020932565,-0.03392043032233394,0.03361754336506784,3.1279845770686814
9.78,-16.838709677419356,-13.35483870967742,0.0,-0.0,126.68060683277699,-0.03392043032233416,0.033617543365067615,3.1279845770686814
9.79,-16.838709677419356,-13.35483870967742,0.0,-0.0,126.68441345622833,-0.03392043032233394,0.03361754336506784,3.1279845770686814
9.8,-16.838709677419356,-13.35483870967742,0.0,-0.0,126.68822007967967,-0.03392043032233394,0.03361754336506784,3.1279845770686814
9.81,-16.838709677419356,-13.35483870967742,0.0,-0.0,126.692026703131,-0.03392043032233416,0.033617543365067615,3.1279845770686814
9.82,-16.838709677419356,-13.35483870967742,0.0,-0.0,126.69583332658235,-0.03392043032233394,0.03361754336506784,3.1279845770686814
9.83,-16.838709677419356,-13.35483870967742,0.0,-0.0,126.69963995003368,-0.03392043032233416,0.033617543365067615,3.1279845770686814
9.84,-16.838709677419356,-13.35483870967742,0.0,-0.0,126.70344657348502,-0.03392043032233394,0.03361754336506784,3.1279845770686814
9.85,-16.838709677419356,-13.35483870967742,0.0,-0.0,126.70725319693636,-0.03392043032233394,0.03361754336506784,3.1279845770686814
9.86,-16.838709677419356,-13.35483870967742,0.0,-0.0,126.7110598203877,-0.03392043032233416,0.033617543365067615,3.1279845770686814
9.87,-16.838709677419356,-13.35483870967742,0.0,-0.0,126.71486644383904,-0.03392043032233416,0.033617543365067615,3.1279845770686814
9.88,-16.838709677419356,-13.35483870967742,0.0,-0.0,126.71867306729038,-0.03392043032233416,0.033617543365067615,3.1279845770686814
9.89,-16.838709677419356,-13.35483870967742,0.0,-0.0,126.72247969074172,-0.03392043032233416,0.033617543365067615,3.1279845770686814
9.9,-16.838709677419356,-13.35483870967742,0.0,-0.0,1.0625801706013316,-0.03392043032233416,0.033617543365067615,3.127984577068681
9.91,-16.838709677419356,-13.35483870967742,0.0,-0.0,126.7300929376444,-0.03392043032233394,0.03361754336506784,3.1279845770686814
9.92,-16.838709677419356,-13.35483870967742,0.0,-0.0,126.73389956109574,-0.03392043032233416,0.033617543365067615,3.1279845770686814
9.93,-16.838709677419356,-13.35483870967742,0.0,-0.0,126.73770618454708,-0.03392043032233438,0.03361754336506739,3.1279845770686814
9.94,-16.838709677419356,-13.35483870967742,0.0,-0.0,126.74151280799842,-0.03392043032233416,0.033617543365067615,3.1279845770686814
9.95,-16.838709677419356,-13.35483870967742,0.0,-0.0,126.74531943144976,-0.03392043032233416,0.033617543365067615,3.1279845770686814
9.96,-16.838709677419356,-13.35483870967742,0.0,-0.0,126.7491260549011,-0.03392043032233416,0.033617543365067615,3.1279845770686814
9.97,-16.838709677419356,-13.35483870967742,0.0,-0.0,1.0892265347607073,-0.03392043032233438,0.03361754336506739,3.1279845770686814
9.98,-16.838709677419356,-13.35483870967742,0.0,-0.0,1.0930331582120465,-0.03392043032233416,0.033617543365067615,3.1279845770686814
9.99,-16.838709677419356,-13.35483870967742,0.0,-0.0,126.76054592525512,-0.03392043032233416,0.033617543365067615,3.1279845770686814
10.0,-16.838709677419356,-13.35483870967742,0.0,-0.0,1.1006464051147258,-0.03392043032233416,0.033617543365067615,3.1279845770686814
10.01,-16.838709677419356,-12.193548387096774,0.0,-0.0,126.76885150269729,-0.023639739177439223,0.10134945542969298,3.126735643295132
10.02,-16.838709677419356,-12.193548387096774,0.0,-0.0,126.7735995696769,-0.028442966352533627,0.08144998113435142,3.1251319627851464
10.03,-16.838709677419356,-12.193548387096774,0.0,-0.0,126.77850396127415,-0.03286408811799646,0.06755558754022961,3.1237578176716214
10.04,-16.838709677419356,-12.193548387096774,0.0,-0.0,126.78349579547654,-0.036587523719247006,0.05853313006735683,3.1226542318997392
10.05,-16.838709677419356,-12.193548387096774,0.0,-0.0,126.788531864873,-0.03946412343327088,0.052975877593176124,3.121815691803129
10.06,-16.838709677419356,-12.193548387096774,0.0,-0.0,126.79358861346913,-0.041535618277940056,0.049651223248303955,3.121205949133569
10.07,-16.838709677419356,-12.193548387096774,0.0,-0.0,126.79865456844861,-0.04295012699453604,0.0476788077000434,3.1207765391151274
10.08,-16.838709677419356,-12.193548387096774,0.0,-0.0,126.80372456211852,-0.04388053603078923,0.0465036540241186,3.120480497287074
10.09,-16.838709677419356,-12.193548387096774,0.0,-0.0,126.80879636238393,-0.044477486854268555,0.04579722351358062,3.1202790392736897
10.1,-16.838709677419356,-12.193548387096774,0.0,-0.0,126.81386901239662,-0.044854451450949906,0.0453687642317655,3.1201429429076493
10.11,-16.838709677419356,-12.193548387096774,0.0,-0.0,126.81894209188646,-0.04509014872457673,0.04510704064332294,3.120051338441012
10.12,-16.838709677419356,-12.193548387096774,0.0,-0.0,126.82401540627413,-0.04523661987249761,0.04494633468609788,3.1199897721732106
10.13,-16.838709677419356,-12.193548387096774,0.0,-0.0,126.82908885860758,-0.04532730168996624,0.04484729335432891,3.119948403672297
10.14,-16.838709677419356,-12.193548387096774,0.0,-0.0,126.83416239650782,-0.04538331497600101,0.04478609472056028,3.119920593936294
10.15,-16.838709677419356,-12.193548387096774,0.0,-0.0,126.83923598950936,-0.04541786532112302,0.044748205236841976,3.119901883727629
10.16,-16.838709677419356,-12.193548387096774,0.0,-0.0,126.84430961884283,-0.045439158587978756,0.04472471025513225,3.119889283279999
10.17,-16.838709677419356,-12.193548387096774,0.0,-0.0,126.84938327247525,-0.045452274765586775,0.04471012156107146,3.1198807886919186
10.18,-16.838709677419356,-12.193548387096774,0.0,-0.0,126.85445694249445,-0.0454603515385843,0.044701051749157505,3.1198750561826754
10.19,-16.838709677419356,-12.193548387096774,0.0,-0.0,126.85953062361767,-0.04546532421574523,0.04469540616864398,3.119871183818019
10.2,-16.838709677419356,-12.193548387096774,0.0,-0.0,126.86460431228598,-0.045468385471528316,0.04469188768123855,3.1198685655589418
10.21,-16.838709677419356,-12.193548387096774,0.0,-0.0,126.86967800608929,-0.04547026993710168,0.04468969203420592,3.1198667937103113
10.22,-16.838709677419356,-12.193548387096774,0.0,-0.0,126.87475170339066,-0.045471429970283195,0.044688320018424044,3.1198655936856747
10.23,-16.838709677419356,-12.193548387096774,0.0,-0.0,126.87982540307634,-0.04547214406498035,0.044687461434756326,3.1198647803391637
10.24,-16.838709677419356,-12.193548387096774,0.0,-0.0,126.88489910438776,-0.045472583658298316,0.044686923321149985,3.119864228698333
10.25,-16.838709677419356,-12.193548387096774,0.0,-0.0,126.88997280680796,-0.04547285427912784,0.04468658550784399,3.1198638543227406
10.26,-16.838709677419356,-12.193548387096774,0.0,-0.0,126.89504650998451,-0.04547302088497762,0.04468637306786749,3.119863600105197
10.27,-16.838709677419356,-12.193548387096774,0.0,-0.0,126.90012021367704,-0.04547312346001675,0.04468623922395998,3.1198634273907846
10.28,-16.838709677419356,-12.193548387096774,0.0,-0.0,126.90519391772163,-0.045473186616640016,0.04468615473301929,3.1198633099938666
10.29,-16.838709677419356,-12.193548387096774,0.0,-0.0,126.91026762200644,-0.04547322550550059,0.044686101286848245,3.119863230162936
10.3,-16.838709677419356,-12.193548387096774,0.0,-0.0,126.91534132645518,-0.04547324945321818,0.044686067405362184,3.1198631758560196
10.31,-16.838709677419356,-12.193548387096774,0.0,-0.0,1.2567088874240493,-0.045473264201430164,0.044686045878028935,3.119863138899338
10.32,-16.838709677419356,-12.193548387096774,0.0,-0.0,126.92548873565272,-0.04547327328496609,0.04468603216795297,3.119863113741677
10.33,-16.838709677419356,-12.193548387096774,0.0,-0.0,126.93056244034177,-0.04547327888016284,0.04468602341513539,3.119863096611005
10.34,-16.838709677419356,-12.193548387096774,0.0,-0.0,126.93563614506638,-0.045473282327035625,0.0446860178130879,3.119863084943108
10.35,-16.838709677419356,-12.193548387096774,0.0,-0.0,126.94070984981526,-0.04547328445072174,0.04468601421837182,3.1198630769940583
10.36,-16.838709677419356,-12.193548387096774,0.0,-0.0,126.94578355458071,-0.04547328575934939,0.04468601190564647,3.1198630715773947
10.37,-16.838709677419356,-12.193548387096774,0.0,-0.0,126.95085725935748,-0.04547328656585892,0.04468601041373721,3.1198630678856336
10.38,-16.838709677419356,-12.193548387096774,0.0,-0.0,126.95593096414197,-0.04547328706299725,0.04468600944873047,3.1198630653690373
10.39,-16.838709677419356,-12.193548387096774,0.0,-0.0,1.2972985253399922,-0.0454732873694943,0.04468600882284757,3.119863063653276
10.4,-16.838709677419356,-12.193548387096774,0.0,-0.0,126.96607837372508,-0.04547328755849689,0.04468600841581449,3.1198630624833052
10.41,-16.838709677419356,-12.193548387096774,0.0,-0.0,126.97115207852089,-0.04547328767507297,0.04468600815039614,3.119863061685435
10.42,-16.838709677419356,-12.193548387096774,0.0,-0.0,126.97622578331837,-0.045473287746994995,0.04468600797686206,3.119863061141236
10.43,-16.838709677419356,-12.193548387096774,0.0,-0.0,126.981299488117,-0.0454732877913806,0.044686007863106614,3.1198630607700166
10.44,-16.838709677419356,-12.193548387096774,0.0,-0.0,126.98637319291642,-0.04547328781878024,0.04468600778834797,3.119863060516778
10.45,-16.838709677419356,-12.193548387096774,0.0,-0.0,126.99144689771636,-0.04547328783570004,0.044686007739094924,3.1198630603440125
10.46,-16.838709677419356,-12.193548387096774,0.0,-0.0,126.99652060251667,-0.045473287846153454,0.044686007706568054,3.1198630602261237
10.47,-16.838709677419356,-12.193548387096774,0.0,-0.0,127.00159430731723,-0.04547328785261362,0.04468600768503683,3.119863060145678
10.48,-16.838709677419356,-12.193548387096774,0.0,-0.0,127.00666801211797,-0.04547328785660798,0.044686007670752925,3.119863060090786
10.49,-16.838709677419356,-12.193548387096774,0.0,-0.0,127.01174171691882,-0.04547328785907889,0.04468600766125741,3.1198630600533286
10.5,-16.838709677419356,-12.193548387096774,0.0,-0.0,127.01681542171974,-0.045473287860608114,0.044686007654932025,3.1198630600277713
10.51,-16.838709677419356,-12.193548387096774,0.0,-0.0,127.02188912652072,-0.045473287861555356,0.04468600765071007,3.11986306001032
10.52,-16.838709677419356,-12.193548387096774,0.0,-0.0,1.36325668773001,-0.045473287862142664,0.04468600764788677,3.119863059998405
10.53,-16.838709677419356,-12.193548387096774,0.0,-0.0,127.03203653612277,-0.04547328786250637,0.04468600764599673,3.1198630599902875
10.54,-16.838709677419356,-12.193548387096774,0.0,-0.0,127.03711024092384,-0.045473287862732636,0.04468600764472819,3.119863059984728
10.55,-16.838709677419356,-12.193548387096774,0.0,-0.0,127.04218394572491,-0.04547328786287319,0.0446860076438762,3.119863059980938
10.56,-16.838709677419356,-12.193548387096774,0.0,-0.0,127.04725765052599,-0.04547328786296001,0.044686007643303105,3.1198630599783606
10.57,-16.838709677419356,-12.193548387096774,0.0,-0.0,127.05233135532707,-0.04547328786301419,0.04468600764291719,3.119863059976601
10.58,-16.838709677419356,-12.193548387096774,0.0,-0.0,127.05740506012816,-0.045473287863048384,0.04468600764265651,3.119863059975386
10.59,-16.838709677419356,-12.193548387096774,0.0,-0.0,127.06247876492925,-0.0454732878630697,0.04468600764248065,3.119863059974566
10.6,-16.838709677419356,-12.193548387096774,0.0,-0.0,127.06755246973034,-0.0454732878630828,0.04468600764236186,3.1198630599740063
10.61,-16.838709677419356,-12.193548387096774,0.0,-0.0,127.07262617453144,-0.045473287863091016,0.044686007642281256,3.119863059973624
10.62,-16.838709677419356,-12.193548387096774,0.0,-0.0,127.07769987933253,-0.045473287863096346,0.04468600764222708,3.119863059973363
10.63,-16.838709677419356,-12.193548387096774,0.0,-0.0,127.08277358413362,-0.0454732878630999,0.04468600764219022,3.119863059973185
10.64,-16.838709677419356,-12.193548387096774,0.0,-0.0,127.08784728893471,-0.045473287863101675,0.044686007642164904,3.1198630599730635
10.65,-16.838709677419356,-12.193548387096774,0.0,-0.0,127.0929209937358,-0.04547328786310345,0.04468600764214803,3.1198630599729804
10.66,-16.838709677419356,-12.193548387096774,0.0,-0.0,127.0979946985369,-0.04547328786310412,0.044686007642136705,3.1198630599729236
10.67,-16.838709677419356,-12.193548387096774,0.0,-0.0,127.10306840333799,-0.04547328786310434,0.04468600764212893,3.119863059972885
10.68,-16.838709677419356,-12.193548387096774,0.0,-0.0,127.10814210813908,-0.045473287863105005,0.044686007642123826,3.1198630599728587
10.69,-16.838709677419356,-12.193548387096774,0.0,-0.0,127.11321581294017,-0.04547328786310478,0.04468600764212005,3.1198630599728405
10.7,-16.838709677419356,-12.193548387096774,0.0,-0.0,127.11828951774126,-0.045473287863105005,0.04468600764211761,3.1198630599728285
10.71,-16.838709677419356,-12.193548387096774,0.0,-0.0,127.12336322254235,-0.04547328786310523,0.04468600764211561,3.1198630599728197
10.72,-16.838709677419356,-12.193548387096774,0.0,-0.0,127.12843692734344,-0.04547328786310545,0.0446860076421145,3.1198630599728143
10.73,-16.838709677419356,-12.193548387096774,0.0,-0.0,127.13351063214454,-0.04547328786310567,0.04468600764211339,3.1198630599728103
10.74,-16.838709677419356,-12.193548387096774,0.0,-0.0,127.13858433694563,-0.04547328786310567,0.044686007642112946,3.1198630599728077
10.75,-16.838709677419356,-12.193548387096774,0.0,-0.0,127.14365804174672,-0.04547328786310567,0.044686007642112946,3.1198630599728054
10.76,-16.838709677419356,-12.193548387096774,0.0,-0.0,127.14873174654781,-0.04547328786310545,0.044686007642112724,3.1198630599728046
10.77,-16.838709677419356,-12.193548387096774,0.0,-0.0,127.1538054513489,-0.04547328786310523,0.044686007642112946,3.1198630599728037
10.78,-16.838709677419356,-12.193548387096774,0.0,-0.0,127.15887915615,-0.04547328786310523,0.0446860076421125,3.119863059972803
10.79,-16.838709677419356,-12.193548387096774,0.0,-0.0,127.16395286095108,-0.045473287863105005,0.044686007642112724,3.1198630599728028
10.8,-16.838709677419356,-12.193548387096774,0.0,-0.0,127.16902656575218,-0.04547328786310478,0.044686007642112946,3.1198630599728023
10.81,-16.838709677419356,-12.193548387096774,0.0,-0.0,127.17410027055327,-0.04547328786310478,0.044686007642112946,3.1198630599728023
10.82,-16.838709677419356,-12.193548387096774,0.0,-0.0,127.17917397535436,-0.045473287863105005,0.044686007642112724,3.1198630599728023
10.83,-16.838709677419356,-12.193548387096774,0.0,-0.0,127.18424768015545,-0.04547328786310478,0.044686007642112946,3.119863059972802
10.84,-16.838709677419356,-12.193548387096774,0.0,-0.0,127.18932138495654,-0.04547328786310478,0.044686007642112946,3.119863059972802
10.85,-16.838709677419356,-12.193548387096774,0.0,-0.0,127.19439508975763,-0.04547328786310456,0.04468600764211317,3.119863059972802
10.86,-16.838709677419356,-12.193548387096774,0.0,-0.0,1.5357626509669968,-0.04547328786310456,0.04468600764211317,3.1198630599728014
10.87,-16.838709677419356,-12.193548387096774,0.0,-0.0,127.20454249935982,-0.04547328786310456,0.04468600764211317,3.119863059972802
10.88,-16.838709677419356,-12.193548387096774,0.0,-0.0,127.20961620416091,-0.04547328786310478,0.044686007642112946,3.119863059972802
10.89,-16.838709677419356,-12.193548387096774,0.0,-0.0,127.214689908962,-0.04547328786310478,0.044686007642112946,3.119863059972802
10.9,-16.838709677419356,-12.193548387096774,0.0,-0.0,127.21976361376309,-0.04547328786310456,0.04468600764211317,3.119863059972802
10.91,-16.838709677419356,-12.193548387096774,0.0,-0.0,127.22483731856418,-0.04547328786310456,0.04468600764211317,3.119863059972802
10.92,-16.838709677419356,-12.193548387096774,0.0,-0.0,127.22991102336528,-0.045473287863105005,0.044686007642112724,3.119863059972802
10.93,-16.838709677419356,-12.193548387096774,0.0,-0.0,127.23498472816637,-0.04547328786310523,0.0446860076421125,3.119863059972802
10.94,-16.838709677419356,-12.193548387096774,0.0,-0.0,127.24005843296746,-0.045473287863105005,0.044686007642112724,3.119863059972802
10.95,-16.838709677419356,-12.193548387096774,0.0,-0.0,127.24513213776855,-0.045473287863105005,0.044686007642112724,3.119863059972802
10.96,-16.838709677419356,-12.193548387096774,0.0,-0.0,127.25020584256964,-0.04547328786310478,0.044686007642112946,3.119863059972802
10.97,-16.838709677419356,-12.193548387096774,0.0,-0.0,127.25527954737073,-0.04547328786310478,0.044686007642112946,3.119863059972802
10.98,-16.838709677419356,-12.193548387096774,0.0,-0.0,127.26035325217183,-0.04547328786310456,0.04468600764211317,3.119863059972802
10.99,-16.838709677419356,-12.193548387096774,0.0,-0.0,127.26542695697292,-0.04547328786310456,0.04468600764211317,3.119863059972802
11.0,-16.838709677419356,-12.193548387096774,0.0,-0.0,1.6067945181822787,-0.04547328786310456,0.04468600764211317,3.119863059972802
11.01,-16.838709677419356,-12.193548387096774,0.0,-0.0,127.2755743665751,-0.04547328786310478,0.044686007642112946,3.119863059972802
11.02,-16.838709677419356,-12.193548387096774,0.0,-0.0,127.28064807137619,-0.04547328786310456,0.04468600764211317,3.119863059972802
11.03,-16.838709677419356,-12.193548387096774,0.0,-0.0,127.28572177617728,-0.04547328786310456,0.04468600764211317,3.119863059972802
11.04,-16.838709677419356,-12.193548387096774,0.0,-0.0,127.29079548097837,-0.04547328786310478,0.044686007642112946,3.119863059972802
11.05,-16.838709677419356,-12.193548387096774,0.0,-0.0,127.29586918577947,-0.04547328786310478,0.044686007642112946,3.119863059972802
11.06,-16.838709677419356,-12.193548387096774,0.0,-0.0,127.30094289058056,-0.04547328786310478,0.044686007642112946,3.119863059972802
11.07,-16.838709677419356,-12.193548387096774,0.0,-0.0,127.30601659538165,-0.04547328786310478,0.044686007642112946,3.119863059972802
11.08,-16.838709677419356,-12.193548387096774,0.0,-0.0,127.31109030018274,-0.045473287863105005,0.044686007642112724,3.119863059972802
11.09,-16.838709677419356,-12.193548387096774,0.0,-0.0,127.31616400498383,-0.045473287863105005,0.044686007642112724,3.119863059972802
11.1,-16.838709677419356,-12.193548387096774,0.0,-0.0,127.32123770978492,-0.04547328786310523,0.0446860076421125,3.119863059972802
11.11,-16.838709677419356,-12.193548387096774,0.0,-0.0,127.32631141458602,-0.04547328786310545,0.04468600764211228,3.119863059972802
11.12,-16.838709677419356,-12.193548387096774,0.0,-0.0,1.667678975795378,-0.04547328786310545,0.04468600764211228,3.119863059972802
11.13,-16.838709677419356,-12.193548387096774,0.0,-0.0,127.3364588241882,-0.04547328786310523,0.0446860076421125,3.119863059972802
11.14,-16.838709677419356,-12.193548387096774,0.0,-0.0,127.34153252898929,-0.04547328786310523,0.0446860076421125,3.119863059972802
11.15,-16.838709677419356,-12.193548387096774,0.0,-0.0,127.34660623379038,-0.04547328786310545,0.04468600764211228,3.119863059972802
11.16,-16.838709677419356,-12.193548387096774,0.0,-0.0,1.6879737949997444,-0.04547328786310545,0.04468600764211228,3.119863059972802
11.17,-16.838709677419356,-12.193548387096774,0.0,-0.0,127.35675364339257,-0.04547328786310523,0.0446860076421125,3.119863059972802
11.18,-16.838709677419356,-12.193548387096774,0.0,-0.0,127.36182734819366,-0.04547328786310523,0.0446860076421125,3.119863059972802
11.19,-16.838709677419356,-12.193548387096774,0.0,-0.0,127.36690105299475,-0.04547328786310523,0.0446860076421125,3.119863059972802
11.2,-16.838709677419356,-12.193548387096774,0.0,-0.0,127.37197475779584,-0.045473287863105005,0.044686007642112724,3.119863059972802
11.21,-16.838709677419356,-12.193548387096774,0.0,-0.0,127.37704846259693,-0.045473287863105005,0.044686007642112724,3.119863059972802
11.22,-16.838709677419356,-12.193548387096774,0.0,-0.0,127.38212216739802,-0.045473287863105005,0.044686007642112724,3.119863059972802
11.23,-16.838709677419356,-12.193548387096774,0.0,-0.0,127.38719587219911,-0.04547328786310478,0.044686007642112946,3.119863059972802
11.24,-16.838709677419356,-12.193548387096774,0.0,-0.0,127.3922695770002,-0.04547328786310478,0.044686007642112946,3.119863059972802
11.25,-16.838709677419356,-12.193548387096774,0.0,-0.0,127.3973432818013,-0.045473287863105005,0.044686007642112724,3.119863059972802
11.26,-16.838709677419356,-12.193548387096774,0.0,-0.0,127.40241698660239,-0.045473287863105005,0.044686007642112724,3.119863059972802
11.27,-16.838709677419356,-12.193548387096774,0.0,-0.0,127.40749069140348,-0.045473287863105005,0.044686007642112724,3.119863059972802
11.28,-16.838709677419356,-12.193548387096774,0.0,-0.0,127.41256439620457,-0.045473287863105005,0.044686007642112724,3.119863059972802
11.29,-16.838709677419356,-12.193548387096774,0.0,-0.0,127.41763810100566,-0.045473287863105005,0.044686007642112724,3.119863059972802
11.3,-16.838709677419356,-12.193548387096774,0.0,-0.0,127.42271180580676,-0.04547328786310478,0.044686007642112946,3.119863059972802
11.31,-16.838709677419356,-12.193548387096774,0.0,-0.0,127.42778551060785,-0.04547328786310478,0.044686007642112946,3.119863059972802
11.32,-16.838709677419356,-12.193548387096774,0.0,-0.0,127.43285921540894,-0.04547328786310478,0.044686007642112946,3.119863059972802
11.33,-16.838709677419356,-12.193548387096774,0.0,-0.0,127.43793292021003,-0.04547328786310478,0.044686007642112946,3.119863059972802
11.34,-16.838709677419356,-12.193548387096774,0.0,-0.0,127.44300662501112,-0.04547328786310478,0.044686007642112946,3.119863059972802
11.35,-16.838709677419356,-12.193548387096774,0.0,-0.0,127.44808032981221,-0.04547328786310478,0.044686007642112946,3.119863059972802
11.36,-16.838709677419356,-12.193548387096774,0.0,-0.0,127.4531540346133,-0.04547328786310456,0.04468600764211317,3.119863059972802
11.37,-16.838709677419356,-12.193548387096774,0.0,-0.0,127.4582277394144,-0.04547328786310456,0.04468600764211317,3.119863059972802
11.38,-16.838709677419356,-12.193548387096774,0.0,-0.0,127.46330144421549,-0.04547328786310456,0.04468600764211317,3.119863059972802
11.39,-16.838709677419356,-12.193548387096774,0.0,-0.0,127.46837514901658,-0.04547328786310456,0.04468600764211317,3.119863059972802
11.4,-16.838709677419356,-12.193548387096774,0.0,-0.0,127.47344885381767,-0.04547328786310456,0.04468600764211317,3.119863059972802
11.41,-16.838709677419356,-12.193548387096774,0.0,-0.0,127.47852255861876,-0.04547328786310456,0.04468600764211317,3.119863059972802
11.42,-16.838709677419356,-12.193548387096774,0.0,-0.0,127.48359626341986,-0.04547328786310456,0.04468600764211317,3.119863059972802
11.43,-16.838709677419356,-12.193548387096774,0.0,-0.0,127.48866996822095,-0.04547328786310456,0.04468600764211317,3.119863059972802
11.44,-16.838709677419356,-12.193548387096774,0.0,-0.0,127.49374367302204,-0.04547328786310434,0.04468600764211339,3.119863059972802
11.45,-16.838709677419356,-12.193548387096774,0.0,-0.0,127.49881737782313,-0.04547328786310434,0.04468600764211339,3.119863059972802
11.46,-16.838709677419356,-12.193548387096774,0.0,-0.0,127.50389108262422,-0.04547328786310456,0.04468600764211317,3.119863059972802
11.47,-16.838709677419356,-12.193548387096774,0.0,-0.0,127.50896478742531,-0.04547328786310456,0.04468600764211317,3.119863059972802
11.48,-16.838709677419356,-12.193548387096774,0.0,-0.0,127.5140384922264,-0.04547328786310434,0.04468600764211339,3.119863059972802
11.49,-16.838709677419356,-12.193548387096774,0.0,-0.0,127.5191121970275,-0.04547328786310456,0.04468600764211317,3.119863059972802
11.5,-16.838709677419356,-12.193548387096774,0.0,-0.0,127.52418590182859,-0.04547328786310456,0.04468600764211317,3.119863059972802
11.51,-16.838709677419356,-12.193548387096774,0.0,-0.0,127.52925960662968,-0.04547328786310434,0.04468600764211339,3.119863059972802
11.52,-16.838709677419356,-12.193548387096774,0.0,-0.0,127.53433331143077,-0.04547328786310434,0.04468600764211339,3.119863059972802
11.53,-16.838709677419356,-12.193548387096774,0.0,-0.0,127.53940701623186,-0.04547328786310456,0.04468600764211317,3.119863059972802
11.54,-16.838709677419356,-12.193548387096774,0.0,-0.0,127.54448072103295,-0.04547328786310456,0.04468600764211317,3.119863059972802
11.55,-16.838709677419356,-12.193548387096774,0.0,-0.0,127.54955442583405,-0.04547328786310456,0.04468600764211317,3.119863059972802
11.56,-16.838709677419356,-12.193548387096774,0.0,-0.0,127.55462813063514,-0.04547328786310478,0.044686007642112946,3.119863059972802
11.57,-16.838709677419356,-12.193548387096774,0.0,-0.0,127.55970183543623,-0.04547328786310456,0.04468600764211317,3.119863059972802
11.58,-16.838709677419356,-12.193548387096774,0.0,-0.0,127.56477554023732,-0.04547328786310478,0.044686007642112946,3.119863059972802
11.59,-16.838709677419356,-12.193548387096774,0.0,-0.0,127.56984924503841,-0.04547328786310456,0.04468600764211317,3.119863059972802
11.6,-16.838709677419356,-12.193548387096774,0.0,-0.0,127.5749229498395,-0.04547328786310478,0.044686007642112946,3.119863059972802
11.61,-16.838709677419356,-12.193548387096774,0.0,-0.0,127.5799966546406,-0.045473287863105005,0.044686007642112724,3.119863059972802
11.62,-16.838709677419356,-12.193548387096774,0.0,-0.0,127.58507035944169,-0.04547328786310478,0.044686007642112946,3.119863059972802
11.63,-16.838709677419356,-12.193548387096774,0.0,-0.0,1.9264379206510491,-0.04547328786310478,0.044686007642112946,3.119863059972802
11.64,-16.838709677419356,-12.193548387096774,0.0,-0.0,127.59521776904387,-0.04547328786310478,0.044686007642112946,3.119863059972802
11.65,-16.838709677419356,-12.193548387096774,0.0,-0.0,127.60029147384496,-0.045473287863105005,0.044686007642112724,3.119863059972802
11.66,-16.838709677419356,-12.193548387096774,0.0,-0.0,127.60536517864605,-0.045473287863105005,0.044686007642112724,3.119863059972802
11.67,-16.838709677419356,-12.193548387096774,0.0,-0.0,127.61043888344715,-0.045473287863105005,0.044686007642112724,3.119863059972802
11.68,-16.838709677419356,-12.193548387096774,0.0,-0.0,127.61551258824824,-0.04547328786310523,0.0446860076421125,3.119863059972802
11.69,-16.838709677419356,-12.193548387096774,0.0,-0.0,127.62058629304933,-0.045473287863105005,0.044686007642112724,3.119863059972802
11.7,-16.838709677419356,-12.193548387096774,0.0,-0.0,127.62565999785042,-0.045473287863105005,0.044686007642112724,3.119863059972802
11.71,-16.838709677419356,-12.193548387096774,0.0,-0.0,127.63073370265151,-0.045473287863105005,0.044686007642112724,3.119863059972802
11.72,-16.838709677419356,-12.193548387096774,0.0,-0.0,127.6358074074526,-0.045473287863105005,0.044686007642112724,3.119863059972802
11.73,-16.838709677419356,-12.193548387096774,0.0,-0.0,1.977174968661965,-0.045473287863105005,0.044686007642112724,3.119863059972802
11.74,-16.838709677419356,-12.193548387096774,0.0,-0.0,127.64595481705479,-0.045473287863105005,0.044686007642112724,3.119863059972802
11.75,-16.838709677419356,-12.193548387096774,0.0,-0.0,127.65102852185588,-0.045473287863105005,0.044686007642112724,3.119863059972802
11.76,-16.838709677419356,-12.193548387096774,0.0,-0.0,127.65610222665697,-0.045473287863105005,0.044686007642112724,3.119863059972802
11.77,-16.838709677419356,-12.193548387096774,0.0,-0.0,127.66117593145806,-0.04547328786310523,0.0446860076421125,3.119863059972802
11.78,-16.838709677419356,-12.193548387096774,0.0,-0.0,127.66624963625915,-0.04547328786310523,0.0446860076421125,3.119863059972802
11.79,-16.838709677419356,-12.193548387096774,0.0,-0.0,127.67132334106024,-0.045473287863105005,0.044686007642112724,3.119863059972802
11.8,-16.838709677419356,-12.193548387096774,0.0,-0.0,127.67639704586134,-0.04547328786310523,0.0446860076421125,3.119863059972802
11.81,-16.838709677419356,-12.193548387096774,0.0,-0.0,127.68147075066243,-0.04547328786310523,0.0446860076421125,3.119863059972802
11.82,-16.838709677419356,-12.193548387096774,0.0,-0.0,127.68654445546352,-0.04547328786310523,0.0446860076421125,3.119863059972802
11.83,-16.838709677419356,-12.193548387096774,0.0,-0.0,127.69161816026461,-0.04547328786310523,0.0446860076421125,3.119863059972802
11.84,-16.838709677419356,-12.193548387096774,0.0,-0.0,127.6966918650657,-0.04547328786310523,0.0446860076421125,3.119863059972802
11.85,-16.838709677419356,-12.193548387096774,0.0,-0.0,2.0380594262750638,-0.04547328786310523,0.0446860076421125,3.1198630599728023
11.86,-16.838709677419356,-12.193548387096774,0.0,-0.0,127.70683927466789,-0.04547328786310523,0.0446860076421125,3.119863059972802
11.87,-16.838709677419356,-12.193548387096774,0.0,-0.0,2.048206835877248,-0.045473287863105005,0.044686007642112724,3.1198630599728014
11.88,-16.838709677419356,-12.193548387096774,0.0,-0.0,127.71698668427007,-0.045473287863105005,0.044686007642112724,3.119863059972802
11.89,-16.838709677419356,-12.193548387096774,0.0,-0.0,127.72206038907116,-0.04547328786310523,0.0446860076421125,3.119863059972802
11.9,-16.838709677419356,-12.193548387096774,0.0,-0.0,127.72713409387225,-0.045473287863105005,0.044686007642112724,3.119863059972802
11.91,-16.838709677419356,-12.193548387096774,0.0,-0.0,127.73220779867334,-0.045473287863105005,0.044686007642112724,3.119863059972802
11.92,-16.838709677419356,-12.193548387096774,0.0,-0.0,127.73728150347443,-0.045473287863105005,0.044686007642112724,3.119863059972802
11.93,-16.838709677419356,-12.193548387096774,0.0,-0.0,127.74235520827553,-0.04547328786310523,0.0446860076421125,3.119863059972802
11.94,-16.838709677419356,-12.193548387096774,0.0,-0.0,127.74742891307662,-0.045473287863105005,0.044686007642112724,3.119863059972802
11.95,-16.838709677419356,-12.193548387096774,0.0,-0.0,127.75250261787771,-0.04547328786310523,0.0446860076421125,3.119863059972802
11.96,-16.838709677419356,-12.193548387096774,0.0,-0.0,127.7575763226788,-0.045473287863105005,0.044686007642112724,3.119863059972802
11.97,-16.838709677419356,-12.193548387096774,0.0,-0.0,127.76265002747989,-0.04547328786310523,0.0446860076421125,3.119863059972802
11.98,-16.838709677419356,-12.193548387096774,0.0,-0.0,127.76772373228098,-0.04547328786310523,0.0446860076421125,3.119863059972802
11.99,-16.838709677419356,-12.193548387096774,0.0,-0.0,127.77279743708208,-0.045473287863105005,0.044686007642112724,3.119863059972802
12.0,-16.838709677419356,-12.193548387096774,0.0,-0.0,127.77787114188317,-0.045473287863105005,0.044686007642112724,3.119863059972802
12.01,-16.838709677419356,-11.032258064516128,0.0,-0.0,127.78354001423426,-0.036969613726860695,0.11652897986101973,3.118656926442647
12.02,-16.838709677419356,-11.032258064516128,0.0,-0.0,127.78949567504341,-0.03826003835491876,0.09785917467539706,3.1170619756980464
12.03,-16.838709677419356,-11.032258064516128,0.0,-0.0,127.79561282304358,-0.041675871515995944,0.0846572177377024,3.1155508644850065
12.04,-16.838709677419356,-11.032258064516128,0.0,-0.0,127.80182648475646,-0.04511502345180651,0.07536933481195496,3.11425164894175
12.05,-16.838709677419356,-11.032258064516128,0.0,-0.0,127.80809714268034,-0.04807350675546629,0.0689568811220097,3.113187017729041
12.06,-16.838709677419356,-11.032258064516128,0.0,-0.0,2.150694334664801,-0.05045283368640541,0.06459728846086688,3.1123423395194716
12.07,-16.838709677419356,-11.032258064516128,0.0,-0.0,2.1570159019929727,-0.05228791164383084,0.061657366333443764,3.111687916932215
12.08,-16.838709677419356,-11.032258064516128,0.0,-0.0,127.82705360334289,-0.053661829199883604,0.05967802871882821,3.111189713121018
12.09,-16.838709677419356,-11.032258064516128,0.0,-0.0,127.8333906013135,-0.054668366053272965,0.05834181499211588,3.110815190391498
12.1,-16.838709677419356,-11.032258064516128,0.0,-0.0,127.8397305804601,-0.055394133512113086,0.05743538826793404,3.110536099020977
12.11,-16.838709677419356,-11.032258064516128,0.0,-0.0,127.84607222415826,-0.055911461518530325,0.056817188437623956,3.110329332534641
12.12,-16.838709677419356,-11.032258064516128,0.0,-0.0,127.8524148254088,-0.05627718283005012,0.05639343945231634,3.1101767134765934
12.13,-16.838709677419356,-11.032258064516128,0.0,-0.0,127.85875799885787,-0.056534215650219766,0.056101731400891475,3.110064306358192
12.14,-16.838709677419356,-11.032258064516128,0.0,-0.0,127.86510152887584,-0.056714116412436066,0.05590022256280214,3.1099816084283964
12.15,-16.838709677419356,-11.032258064516128,0.0,-0.0,2.207739146819757,-0.05683966819939523,0.055760640805051165,3.109920791691946
12.16,-16.838709677419356,-11.032258064516128,0.0,-0.0,127.87778920784281,-0.056927114674172774,0.055663747052413615,3.1098760629946813
12.17,-16.838709677419356,-11.032258064516128,0.0,-0.0,127.88413323340902,-0.056987937048341264,0.05559637170399967,3.109843153749358
12.18,-16.838709677419356,-11.032258064516128,0.0,-0.0,127.89047733569741,-0.05703020180900564,0.055549457578721095,3.109818926633132
12.19,-16.838709677419356,-11.032258064516128,0.0,-0.0,2.233115349729568,-0.05705955283406494,0.0555167532230757,3.1098010787351407
12.2,-16.838709677419356,-11.032258064516128,0.0,-0.0,127.90316569131699,-0.057079927664882346,0.055493931860769674,3.1097879204156285
12.21,-16.838709677419356,-11.032258064516128,0.0,-0.0,127.90950991899966,-0.0570940679718237,0.05547799252301344,3.109778211897978
12.22,-16.838709677419356,-11.032258064516128,0.0,-0.0,2.2521480250364996,-0.05710388017484069,0.05546685039863464,3.109771043111867
12.23,-16.838709677419356,-11.032258064516128,0.0,-0.0,127.92219843453766,-0.057110688689135714,0.055459055263443524,3.109765745586605
12.24,-16.838709677419356,-11.032258064516128,0.0,-0.0,127.92854271255383,-0.05711541304133627,0.05545359724316179,3.10976182793769
12.25,-16.838709677419356,-11.032258064516128,0.0,-0.0,2.2711808559952638,-0.05711869139498016,0.05544977245979876,3.1097589286531764
12.26,-16.838709677419356,-11.032258064516128,0.0,-0.0,127.94123129334308,-0.0571209665349901,0.05544708991068148,3.1097567815381586
12.27,-16.838709677419356,-11.032258064516128,0.0,-0.0,127.9475755921153,-0.05712254564176278,0.05544520682593046,3.109755190412557
12.28,-16.838709677419356,-11.032258064516128,0.0,-0.0,127.95391989463208,-0.05712364180752205,0.0554438837404756,3.109754010571331
12.29,-16.838709677419356,-11.032258064516128,0.0,-0.0,127.96026419994516,-0.05712440285446996,0.05544295323726678,3.109753135188756
12.3,-16.838709677419356,-11.032258064516128,0.0,-0.0,127.96660850734698,-0.05712493133081198,0.0554422981834195,3.109752485338882
12.31,-16.838709677419356,-11.032258064516128,0.0,-0.0,127.97295281630932,-0.05712529838195568,0.055441836564971814,3.109752002663745
12.32,-16.838709677419356,-11.032258064516128,0.0,-0.0,127.97929712643771,-0.057125553371565996,0.05544151091234206,3.109751643981401
12.33,-16.838709677419356,-11.032258064516128,0.0,-0.0,127.98564143743752,-0.057125730554254295,0.05544128092196987,3.1097513773168766
12.34,-16.838709677419356,-11.032258064516128,0.0,-0.0,127.99198574908861,-0.05712585370335055,0.05544111830473064,3.1097511789778296
12.35,-16.838709677419356,-11.032258064516128,0.0,-0.0,127.99833006122653,-0.0571259393205219,0.055441003186722404,3.1097510313979555
12.36,-16.838709677419356,-11.032258064516128,0.0,-0.0,128.00467437372834,-0.05712599886193925,0.055440921592939896,3.1097509215452876
12.37,-16.838709677419356,-11.032258064516128,0.0,-0.0,128.01101868650218,-0.057126040282458046,0.05544086368679624,3.109750839746269
12.38,-16.838709677419356,-11.032258064516128,0.0,-0.0,2.3536568558876874,-0.05712606910683182,0.05544082253756033,3.109750778816502
12.39,-16.838709677419356,-11.032258064516128,0.0,-0.0,128.0237073126087,-0.05712608917291595,0.055440793256745,3.109750733417614
12.4,-16.838709677419356,-11.032258064516128,0.0,-0.0,128.03005162585168,-0.057126103147369545,0.0554407723925151,3.109750699581044
12.41,-16.838709677419356,-11.032258064516128,0.0,-0.0,128.03639593917967,-0.05712611288353875,0.055440757504681026,3.10975067435527
12.42,-16.838709677419356,-11.032258064516128,0.0,-0.0,128.04274025257124,-0.057126119669864694,0.055440746866158186,3.1097506555442647
12.43,-16.838709677419356,-11.032258064516128,0.0,-0.0,128.04908456601032,-0.057126124402329115,0.055440739253071025,3.109750641513541
12.44,-16.838709677419356,-11.032258064516128,0.0,-0.0,2.3917227358932345,-0.05712612770419767,0.05544073379703229,3.10975063104601
12.45,-16.838709677419356,-11.032258064516128,0.0,-0.0,128.06177319298618,-0.057126130009170994,0.055440729881086726,3.109750623235222
12.46,-16.838709677419356,-11.032258064516128,0.0,-0.0,128.0681175065073,-0.05712613161915181,0.05544072706632064,3.109750617405741
12.47,-16.838709677419356,-11.032258064516128,0.0,-0.0,128.07446182004327,-0.057126132744375946,0.05544072504005737,3.10975061305425
12.48,-16.838709677419356,-11.032258064516128,0.0,-0.0,128.08080613359036,-0.05712613353130891,0.05544072357923446,3.109750609805487
12.49,-16.838709677419356,-11.032258064516128,0.0,-0.0,128.08715044714577,-0.05712613408203193,0.05544072252449439,3.109750607379618
12.5,-16.838709677419356,-11.032258064516128,0.0,-0.0,128.09349476070742,-0.05712613446772519,0.05544072176182746,3.109750605567969
12.51,-16.838709677419356,-11.032258064516128,0.0,-0.0,128.0998390742737,-0.057126134738047174,0.05544072120954646,3.1097506042148653
12.52,-16.838709677419356,-11.032258064516128,0.0,-0.0,128.10618338784346,-0.057126134927662386,0.055440720809034394,3.1097506032040734
12.53,-16.838709677419356,-11.032258064516128,0.0,-0.0,128.11252770141581,-0.05712613506077724,0.05544072051817239,3.1097506024489605
12.54,-16.838709677419356,-11.032258064516128,0.0,-0.0,128.11887201499013,-0.057126135154313085,0.05544072030664282,3.1097506018847465
12.55,-16.838709677419356,-11.032258064516128,0.0,-0.0,2.4615101849741685,-0.05712613522009713,0.05544072015259838,3.109750601463166
12.56,-16.838709677419356,-11.032258064516128,0.0,-0.0,2.4678544985510436,-0.05712613526641075,0.05544072004026457,3.109750601148096
12.57,-16.838709677419356,-11.032258064516128,0.0,-0.0,128.13790495572044,-0.057126135299047975,0.055440719958242735,3.1097506009126588
12.58,-16.838709677419356,-11.032258064516128,0.0,-0.0,128.14424926929874,-0.05712613532207378,0.05544071989827504,3.1097506007366587
12.59,-16.838709677419356,-11.032258064516128,0.0,-0.0,128.1505935828775,-0.05712613533833566,0.05544071985437915,3.1097506006051168
12.6,-16.838709677419356,-11.032258064516128,0.0,-0.0,128.15693789645658,-0.05712613534983402,0.055440719822208995,3.109750600506785
12.61,-16.838709677419356,-11.032258064516128,0.0,-0.0,128.16328221003593,-0.05712613535797417,0.0554407197986051,3.109750600433275
12.62,-16.838709677419356,-11.032258064516128,0.0,-0.0,128.16962652361545,-0.057126135363743114,0.05544071978126852,3.109750600378339
12.63,-16.838709677419356,-11.032258064516128,0.0,-0.0,128.1759708371951,-0.057126135367837616,0.055440719768520275,3.1097506003372515
12.64,-16.838709677419356,-11.032258064516128,0.0,-0.0,128.18231515077488,-0.05712613537074773,0.05544071975913656,3.109750600306523
12.65,-16.838709677419356,-11.032258064516128,0.0,-0.0,128.18865946435474,-0.05712613537281852,0.05544071975222298,3.1097506002835473
12.66,-16.838709677419356,-11.032258064516128,0.0,-0.0,128.19500377793466,-0.05712613537429423,0.05544071974712439,3.1097506002663735
12.67,-16.838709677419356,-11.032258064516128,0.0,-0.0,128.20134809151463,-0.05712613537534739,0.05544071974336107,3.1097506002535167
12.68,-16.838709677419356,-11.032258064516128,0.0,-0.0,128.20769240509463,-0.057126135376099674,0.0554407197405814,3.109750600243917
12.69,-16.838709677419356,-11.032258064516128,0.0,-0.0,2.5503305750829335,-0.05712613537663813,0.055440719738525934,3.1097506002367306
12.7,-16.838709677419356,-11.032258064516128,0.0,-0.0,128.2203810322547,-0.05712613537702338,0.05544071973700604,3.1097506002313775
12.71,-16.838709677419356,-11.032258064516128,0.0,-0.0,128.22672534583475,-0.05712613537730071,0.05544071973587972,3.109750600227345
12.72,-16.838709677419356,-11.032258064516128,0.0,-0.0,128.2330696594148,-0.057126135377499665,0.05544071973504561,3.109750600224351
12.73,-16.838709677419356,-11.032258064516128,0.0,-0.0,128.2394139729949,-0.057126135377643994,0.05544071973442655,3.109750600222083
12.74,-16.838709677419356,-11.032258064516128,0.0,-0.0,128.24575828657498,-0.05712613537774702,0.055440719733968136,3.109750600220408
12.75,-16.838709677419356,-11.032258064516128,0.0,-0.0,128.25210260015507,-0.057126135377821186,0.05544071973362774,3.1097506002191553
12.76,-16.838709677419356,-11.032258064516128,0.0,-0.0,128.25844691373516,-0.05712613537787514,0.05544071973337472,3.1097506002182183
12.77,-16.838709677419356,-11.032258064516128,0.0,-0.0,128.26479122731524,-0.057126135377914,0.055440719733187094,3.1097506002175175
12.78,-16.838709677419356,-11.032258064516128,0.0,-0.0,128.27113554089533,-0.05712613537794242,0.05544071973304732,3.109750600216993
12.79,-16.838709677419356,-11.032258064516128,0.0,-0.0,128.27747985447542,-0.05712613537796307,0.05544071973294351,3.109750600216601
12.8,-16.838709677419356,-11.032258064516128,0.0,-0.0,128.2838241680555,-0.05712613537797795,0.05544071973286646,3.109750600216308
12.81,-16.838709677419356,-11.032258064516128,0.0,-0.0,128.2901684816356,-0.05712613537798861,0.055440719732809174,3.1097506002160884
12.82,-16.838709677419356,-11.032258064516128,0.0,-0.0,128.29651279521568,-0.0571261353779966,0.05544071973276621,3.109750600215924
12.83,-16.838709677419356,-11.032258064516128,0.0,-0.0,2.6391509652040335,-0.05712613537800282,0.05544071973273401,3.109750600215801
12.84,-16.838709677419356,-11.032258064516128,0.0,-0.0,128.30920142237585,-0.05712613537800704,0.05544071973271025,3.1097506002157096
12.85,-16.838709677419356,-11.032258064516128,0.0,-0.0,128.31554573595594,-0.057126135378009923,0.05544071973269249,3.1097506002156408
12.86,-16.838709677419356,-11.032258064516128,0.0,-0.0,128.32189004953602,-0.057126135378012144,0.0554407197326795,3.1097506002155892
12.87,-16.838709677419356,-11.032258064516128,0.0,-0.0,128.3282343631161,-0.05712613537801392,0.05544071973266962,3.109750600215551
12.88,-16.838709677419356,-11.032258064516128,0.0,-0.0,128.3345786766962,-0.05712613537801503,0.0554407197326624,3.109750600215522
12.89,-16.838709677419356,-11.032258064516128,0.0,-0.0,128.34092299027628,-0.05712613537801614,0.05544071973265674,3.1097506002155004
12.9,-16.838709677419356,-11.032258064516128,0.0,-0.0,128.34726730385637,-0.05712613537801681,0.05544071973265263,3.1097506002154844
12.91,-16.838709677419356,-11.032258064516128,0.0,-0.0,128.35361161743646,-0.05712613537801703,0.05544071973264986,3.1097506002154724
12.92,-16.838709677419356,-11.032258064516128,0.0,-0.0,2.6962497874248137,-0.05712613537801725,0.05544071973264775,3.1097506002154636
12.93,-16.838709677419356,-11.032258064516128,0.0,-0.0,128.36630024459663,-0.05712613537801747,0.05544071973264619,3.109750600215457
12.94,-16.838709677419356,-11.032258064516128,0.0,-0.0,128.37264455817672,-0.05712613537801792,0.05544071973264475,3.109750600215452
12.95,-16.838709677419356,-11.032258064516128,0.0,-0.0,128.3789888717568,-0.05712613537801792,0.05544071973264386,3.109750600215448
12.96,-16.838709677419356,-11.032258064516128,0.0,-0.0,128.3853331853369,-0.05712613537801792,0.055440719732643085,3.1097506002154454
12.97,-16.838709677419356,-11.032258064516128,0.0,-0.0,2.727971355325247,-0.05712613537801792,0.05544071973264264,3.109750600215443
12.98,-16.838709677419356,-11.032258064516128,0.0,-0.0,128.39802181249706,-0.05712613537801814,0.055440719732641974,3.1097506002154414
12.99,-16.838709677419356,-11.032258064516128,0.0,-0.0,128.40436612607715,-0.05712613537801836,0.05544071973264164,3.1097506002154405
13.0,-16.838709677419356,-11.032258064516128,0.0,-0.0,128.41071043965724,-0.05712613537801814,0.05544071973264153,3.109750600215439
13.01,-16.838709677419356,-11.032258064516128,0.0,-0.0,128.41705475323732,-0.05712613537801814,0.05544071973264153,3.1097506002154387
13.02,-16.838709677419356,-11.032258064516128,0.0,-0.0,128.4233990668174,-0.05712613537801836,0.05544071973264131,3.1097506002154383
13.03,-16.838709677419356,-11.032258064516128,0.0,-0.0,128.4297433803975,-0.05712613537801814,0.05544071973264142,3.109750600215438
13.04,-16.838709677419356,-11.032258064516128,0.0,-0.0,128.43608769397758,-0.05712613537801814,0.0554407197326412,3.109750600215438
13.05,-16.838709677419356,-11.032258064516128,0.0,-0.0,128.44243200755767,-0.05712613537801814,0.0554407197326412,3.1097506002154374
13.06,-16.838709677419356,-11.032258064516128,0.0,-0.0,128.44877632113776,-0.05712613537801814,0.055440719732641086,3.1097506002154374
13.07,-16.838709677419356,-11.032258064516128,0.0,-0.0,128.45512063471784,-0.05712613537801814,0.055440719732641086,3.109750600215437
13.08,-16.838709677419356,-11.032258064516128,0.0,-0.0,128.46146494829793,-0.057126135378017695,0.05544071973264153,3.109750600215437
13.09,-16.838709677419356,-11.032258064516128,0.0,-0.0,128.46780926187802,-0.05712613537801792,0.05544071973264131,3.109750600215437
13.1,-16.838709677419356,-11.032258064516128,0.0,-0.0,128.4741535754581,-0.05712613537801792,0.05544071973264131,3.109750600215437
13.11,-16.838709677419356,-11.032258064516128,0.0,-0.0,128.4804978890382,-0.05712613537801792,0.05544071973264131,3.109750600215437
13.12,-16.838709677419356,-11.032258064516128,0.0,-0.0,128.48684220261828,-0.05712613537801792,0.05544071973264131,3.109750600215437
13.13,-16.838709677419356,-11.032258064516128,0.0,-0.0,128.49318651619836,-0.05712613537801792,0.05544071973264131,3.109750600215437
13.14,-16.838709677419356,-11.032258064516128,0.0,-0.0,128.49953082977845,-0.05712613537801792,0.05544071973264131,3.109750600215437
13.15,-16.838709677419356,-11.032258064516128,0.0,-0.0,128.50587514335854,-0.05712613537801792,0.05544071973264131,3.109750600215437
13.16,-16.838709677419356,-11.032258064516128,0.0,-0.0,128.51221945693862,-0.057126135378017695,0.05544071973264153,3.109750600215437
13.17,-16.838709677419356,-11.032258064516128,0.0,-0.0,128.5185637705187,-0.05712613537801747,0.05544071973264175,3.109750600215437
13.18,-16.838709677419356,-11.032258064516128,0.0,-0.0,2.8612019405070677,-0.057126135378017695,0.05544071973264153,3.109750600215437
13.19,-16.838709677419356,-11.032258064516128,0.0,-0.0,128.53125239767888,-0.057126135378017695,0.05544071973264153,3.109750600215437
13.2,-16.838709677419356,-11.032258064516128,0.0,-0.0,128.53759671125897,-0.057126135378017695,0.05544071973264153,3.1097506002154365
13.21,-16.838709677419356,-11.032258064516128,0.0,-0.0,128.54394102483906,-0.057126135378017695,0.05544071973264153,3.109750600215437
13.22,-16.838709677419356,-11.032258064516128,0.0,-0.0,128.55028533841914,-0.05712613537801792,0.05544071973264131,3.109750600215437
13.23,-16.838709677419356,-11.032258064516128,0.0,-0.0,128.55662965199923,-0.057126135378017695,0.05544071973264153,3.109750600215437
13.24,-16.838709677419356,-11.032258064516128,0.0,-0.0,128.56297396557932,-0.057126135378017695,0.05544071973264153,3.109750600215437
13.25,-16.838709677419356,-11.032258064516128,0.0,-0.0,128.5693182791594,-0.057126135378017695,0.05544071973264153,3.109750600215437
13.26,-16.838709677419356,-11.032258064516128,0.0,-0.0,128.5756625927395,-0.057126135378017695,0.05544071973264153,3.109750600215437
13.27,-16.838709677419356,-11.032258064516128,0.0,-0.0,128.58200690631958,-0.057126135378017695,0.05544071973264153,3.109750600215437
13.28,-16.838709677419356,-11.032258064516128,0.0,-0.0,128.58835121989966,-0.057126135378017695,0.05544071973264153,3.109750600215437
13.29,-16.838709677419356,-11.032258064516128,0.0,-0.0,128.59469553347975,-0.05712613537801792,0.05544071973264131,3.109750600215437
13.3,-16.838709677419356,-11.032258064516128,0.0,-0.0,128.60103984705984,-0.057126135378017695,0.05544071973264153,3.109750600215437
13.31,-16.838709677419356,-11.032258064516128,0.0,-0.0,128.60738416063992,-0.057126135378017695,0.05544071973264153,3.109750600215437
13.32,-16.838709677419356,-11.032258064516128,0.0,-0.0,128.61372847422,-0.057126135378017695,0.05544071973264153,3.109750600215437
13.33,-16.838709677419356,-11.032258064516128,0.0,-0.0,128.6200727878001,-0.05712613537801792,0.05544071973264131,3.109750600215437
13.34,-16.838709677419356,-11.032258064516128,0.0,-0.0,128.62641710138018,-0.05712613537801814,0.055440719732641086,3.109750600215437
13.35,-16.838709677419356,-11.032258064516128,0.0,-0.0,128.63276141496027,-0.05712613537801792,0.05544071973264131,3.109750600215437
13.36,-16.838709677419356,-11.032258064516128,0.0,-0.0,128.63910572854036,-0.05712613537801814,0.055440719732641086,3.109750600215437
13.37,-16.838709677419356,-11.032258064516128,0.0,-0.0,128.64545004212044,-0.05712613537801836,0.055440719732640864,3.109750600215437
13.38,-16.838709677419356,-11.032258064516128,0.0,-0.0,128.65179435570053,-0.05712613537801836,0.055440719732640864,3.109750600215437
13.39,-16.838709677419356,-11.032258064516128,0.0,-0.0,128.65813866928062,-0.05712613537801836,0.055440719732640864,3.109750600215437
13.4,-16.838709677419356,-11.032258064516128,0.0,-0.0,128.6644829828607,-0.05712613537801814,0.055440719732641086,3.109750600215437
13.41,-16.838709677419356,-11.032258064516128,0.0,-0.0,128.6708272964408,-0.05712613537801836,0.055440719732640864,3.109750600215437
13.42,-16.838709677419356,-11.032258064516128,0.0,-0.0,3.0134654664291483,-0.05712613537801836,0.055440719732640864,3.109750600215437
13.43,-16.838709677419356,-11.032258064516128,0.0,-0.0,128.68351592360096,-0.05712613537801858,0.05544071973264064,3.109750600215437
13.44,-16.838709677419356,-11.032258064516128,0.0,-0.0,3.0261540935893216,-0.05712613537801836,0.055440719732640864,3.109750600215437
13.45,-16.838709677419356,-11.032258064516128,0.0,-0.0,128.69620455076114,-0.05712613537801858,0.05544071973264064,3.109750600215437
13.46,-16.838709677419356,-11.032258064516128,0.0,-0.0,128.70254886434122,-0.05712613537801836,0.055440719732640864,3.109750600215437
13.47,-16.838709677419356,-11.032258064516128,0.0,-0.0,128.7088931779213,-0.05712613537801836,0.055440719732640864,3.109750600215437
13.48,-16.838709677419356,-11.032258064516128,0.0,-0.0,128.7152374915014,-0.05712613537801814,0.055440719732641086,3.109750600215437
13.49,-16.838709677419356,-11.032258064516128,0.0,-0.0,128.72158180508148,-0.05712613537801814,0.055440719732641086,3.109750600215437
13.5,-16.838709677419356,-11.032258064516128,0.0,-0.0,128.72792611866157,-0.05712613537801814,0.055440719732641086,3.109750600215437
13.51,-16.838709677419356,-11.032258064516128,0.0,-0.0,128.73427043224166,-0.05712613537801814,0.055440719732641086,3.109750600215437
13.52,-16.838709677419356,-11.032258064516128,0.0,-0.0,128.74061474582174,-0.05712613537801814,0.055440719732641086,3.109750600215437
13.53,-16.838709677419356,-11.032258064516128,0.0,-0.0,128.74695905940183,-0.05712613537801792,0.05544071973264131,3.109750600215437
13.54,-16.838709677419356,-11.032258064516128,0.0,-0.0,3.0895972293901885,-0.05712613537801792,0.05544071973264131,3.109750600215437
13.55,-16.838709677419356,-11.032258064516128,0.0,-0.0,128.759647686562,-0.05712613537801747,0.05544071973264175,3.109750600215437
13.56,-16.838709677419356,-11.032258064516128,0.0,-0.0,128.7659920001421,-0.057126135378017695,0.05544071973264153,3.109750600215437
13.57,-16.838709677419356,-11.032258064516128,0.0,-0.0,128.77233631372218,-0.057126135378017695,0.05544071973264153,3.109750600215437
13.58,-16.838709677419356,-11.032258064516128,0.0,-0.0,128.77868062730226,-0.057126135378017695,0.05544071973264153,3.109750600215437
13.59,-16.838709677419356,-11.032258064516128,0.0,-0.0,128.78502494088235,-0.05712613537801725,0.055440719732641974,3.109750600215437
13.6,-16.838709677419356,-11.032258064516128,0.0,-0.0,128.79136925446244,-0.05712613537801747,0.05544071973264175,3.109750600215437
13.61,-16.838709677419356,-11.032258064516128,0.0,-0.0,128.79771356804252,-0.05712613537801747,0.05544071973264175,3.109750600215437
13.62,-16.838709677419356,-11.032258064516128,0.0,-0.0,128.8040578816226,-0.05712613537801792,0.05544071973264131,3.109750600215437
13.63,-16.838709677419356,-11.032258064516128,0.0,-0.0,128.8104021952027,-0.057126135378017695,0.05544071973264153,3.109750600215437
13.64,-16.838709677419356,-11.032258064516128,0.0,-0.0,128.81674650878278,-0.057126135378017695,0.05544071973264153,3.109750600215437
13.65,-16.838709677419356,-11.032258064516128,0.0,-0.0,128.82309082236287,-0.05712613537801747,0.05544071973264175,3.109750600215437
13.66,-16.838709677419356,-11.032258064516128,0.0,-0.0,128.82943513594296,-0.057126135378017695,0.05544071973264153,3.109750600215437
13.67,-16.838709677419356,-11.032258064516128,0.0,-0.0,128.83577944952305,-0.057126135378017695,0.05544071973264153,3.109750600215437
13.68,-16.838709677419356,-11.032258064516128,0.0,-0.0,128.84212376310313,-0.057126135378017695,0.05544071973264153,3.109750600215437
13.69,-16.838709677419356,-11.032258064516128,0.0,-0.0,128.84846807668322,-0.057126135378017695,0.05544071973264153,3.109750600215437
13.7,-16.838709677419356,-11.032258064516128,0.0,-0.0,3.191106246671575,-0.05712613537801792,0.05544071973264131,3.109750600215437
13.71,-16.838709677419356,-11.032258064516128,0.0,-0.0,128.8611567038434,-0.05712613537801792,0.05544071973264131,3.109750600215437
13.72,-16.838709677419356,-11.032258064516128,0.0,-0.0,128.86750101742348,-0.057126135378017695,0.05544071973264153,3.109750600215437
13.73,-16.838709677419356,-11.032258064516128,0.0,-0.0,128.87384533100357,-0.05712613537801814,0.055440719732641086,3.109750600215437
13.74,-16.838709677419356,-11.032258064516128,0.0,-0.0,128.88018964458365,-0.05712613537801814,0.055440719732641086,3.109750600215437
13.75,-16.838709677419356,-11.032258064516128,0.0,-0.0,128.88653395816374,-0.05712613537801814,0.055440719732641086,3.109750600215437
13.76,-16.838709677419356,-11.032258064516128,0.0,-0.0,128.89287827174383,-0.05712613537801814,0.055440719732641086,3.109750600215437
13.77,-16.838709677419356,-11.032258064516128,0.0,-0.0,128.8992225853239,-0.05712613537801836,0.055440719732640864,3.109750600215437
13.78,-16.838709677419356,-11.032258064516128,0.0,-0.0,128.905566898904,-0.05712613537801836,0.055440719732640864,3.109750600215437
13.79,-16.838709677419356,-11.032258064516128,0.0,-0.0,128.91191121248409,-0.05712613537801836,0.055440719732640864,3.109750600215437
13.8,-16.838709677419356,-11.032258064516128,0.0,-0.0,128.91825552606417,-0.05712613537801814,0.055440719732641086,3.109750600215437
13.81,-16.838709677419356,-11.032258064516128,0.0,-0.0,3.2608936960525288,-0.05712613537801858,0.05544071973264064,3.1097506002154374
13.82,-16.838709677419356,-11.032258064516128,0.0,-0.0,128.93094415322435,-0.05712613537801858,0.05544071973264064,3.109750600215437
13.83,-16.838709677419356,-11.032258064516128,0.0,-0.0,128.93728846680443,-0.05712613537801836,0.055440719732640864,3.109750600215437
13.84,-16.838709677419356,-11.032258064516128,0.0,-0.0,3.279926636792789,-0.05712613537801836,0.055440719732640864,3.109750600215437
13.85,-16.838709677419356,-11.032258064516128,0.0,-0.0,128.9499770939646,-0.05712613537801836,0.055440719732640864,3.109750600215437
13.86,-16.838709677419356,-11.032258064516128,0.0,-0.0,128.9563214075447,-0.05712613537801836,0.055440719732640864,3.109750600215437
13.87,-16.838709677419356,-11.032258064516128,0.0,-0.0,128.96266572112478,-0.05712613537801836,0.055440719732640864,3.109750600215437
13.88,-16.838709677419356,-11.032258064516128,0.0,-0.0,128.96901003470487,-0.05712613537801836,0.055440719732640864,3.109750600215437
13.89,-16.838709677419356,-11.032258064516128,0.0,-0.0,3.3116482046932223,-0.05712613537801836,0.055440719732640864,3.1097506002154374
13.9,-16.838709677419356,-11.032258064516128,0.0,-0.0,128.98169866186504,-0.05712613537801814,0.055440719732641086,3.109750600215437
13.91,-16.838709677419356,-11.032258064516128,0.0,-0.0,128.98804297544513,-0.05712613537801792,0.05544071973264131,3.109750600215437
13.92,-16.838709677419356,-11.032258064516128,0.0,-0.0,3.3306811454334824,-0.05712613537801792,0.05544071973264131,3.1097506002154374
13.93,-16.838709677419356,-11.032258064516128,0.0,-0.0,129.0007316026053,-0.05712613537801792,0.05544071973264131,3.109750600215437
13.94,-16.838709677419356,-11.032258064516128,0.0,-0.0,129.00707591618539,-0.057126135378017695,0.05544071973264153,3.109750600215437
13.95,-16.838709677419356,-11.032258064516128,0.0,-0.0,129.01342022976547,-0.057126135378017695,0.05544071973264153,3.109750600215437
13.96,-16.838709677419356,-11.032258064516128,0.0,-0.0,129.01976454334556,-0.057126135378017695,0.05544071973264153,3.109750600215437
13.97,-16.838709677419356,-11.032258064516128,0.0,-0.0,129.02610885692565,-0.05712613537801792,0.05544071973264131,3.109750600215437
13.98,-16.838709677419356,-11.032258064516128,0.0,-0.0,129.03245317050573,-0.057126135378017695,0.05544071973264153,3.109750600215437
13.99,-16.838709677419356,-11.032258064516128,0.0,-0.0,129.03879748408582,-0.05712613537801792,0.05544071973264131,3.109750600215437
14.0,-16.838709677419356,-11.032258064516128,0.0,-0.0,3.381435654074176,-0.05712613537801792,0.05544071973264131,3.109750600215437
14.01,-16.838709677419356,-9.870967741935484,0.0,-0.0,129.052007320295,-0.04991455100369824,0.13047348735189968,3.1085685778984518
14.02,-16.838709677419356,-9.870967741935484,0.0,-0.0,129.05916520879776,-0.049614273685871124,0.1130563927237277,3.106997896281957
14.03,-16.838709677419356,-9.870967741935484,0.0,-0.0,129.0664968543214,-0.05180386424186589,0.10033712670310602,3.105419352414082
14.04,-16.838709677419356,-9.870967741935484,0.0,-0.0,129.0739360938454,-0.05462167579201416,0.09099911873172362,3.103984576209791
14.05,-16.838709677419356,-9.870967741935484,0.0,-0.0,129.08144289484207,-0.05736089597980665,0.08416567329926716,3.1027445010700365
14.06,-16.838709677419356,-9.870967741935484,0.0,-0.0,129.08899203378758,-0.059771468306937026,0.07918942127317063,3.1017053281065023
14.07,-16.838709677419356,-9.870967741935484,0.0,-0.0,129.09656749562382,-0.06178804459146514,0.07557767780958091,3.100852891560847
14.08,-16.838709677419356,-9.870967741935484,0.0,-0.0,129.1041591940129,-0.06342310324907285,0.07295868404904404,3.100164430228364
14.09,-16.838709677419356,-9.870967741935484,0.0,-0.0,129.11176085808447,-0.06472068364101258,0.07105718330034383,3.099614792072552
14.1,-16.838709677419356,-9.870967741935484,0.0,-0.0,129.11936863636035,-0.06573454287524938,0.06967280328440373,3.099179734862053
14.11,-16.838709677419356,-9.870967741935484,0.0,-0.0,129.12698018421884,-0.06651758996356527,0.06866131948863197,3.0988375360548845
14.12,-16.838709677419356,-9.870967741935484,0.0,-0.0,129.13459408057886,-0.06711711180407076,0.06791947845592461,3.0985695961419477
14.13,-16.838709677419356,-9.870967741935484,0.0,-0.0,129.14220946351625,-0.06757309808634449,0.06737340558581995,3.0983604689113564
14.14,-16.838709677419356,-9.870967741935484,0.0,-0.0,129.14982580706757,-0.0679181830366824,0.06697010743062959,3.098197597039407
14.15,-16.838709677419356,-9.870967741935484,0.0,-0.0,129.15744278655626,-0.06817835420216722,0.06667139846018699,3.0980709244904743
14.16,-16.838709677419356,-9.870967741935484,0.0,-0.0,129.16506019816373,-0.06837394880106196,0.0664496174643302,3.0979724841251324
14.17,-16.838709677419356,-9.870967741935484,0.0,-0.0,129.17267791116683,-0.06852068214502305,0.06628461954513776,3.097896011520376
14.18,-16.838709677419356,-9.870967741935484,0.0,-0.0,129.18029583960518,-0.06863058559885493,0.06616166071387175,3.0978366072018098
14.19,-16.838709677419356,-9.870967741935484,0.0,-0.0,129.187913925415,-0.06871280694784754,0.06606990265583212,3.097790453223581
14.2,-16.838709677419356,-9.870967741935484,0.0,-0.0,129.1955321283051,-0.06877426600214798,0.06600134853400086,3.097754581669289
14.21,-16.838709677419356,-9.870967741935484,0.0,-0.0,129.20315041959987,-0.06882017732329482,0.06595007989079293,3.0977266889556154
14.22,-16.838709677419356,-9.870967741935484,0.0,-0.0,3.5470626348344414,-0.06885445932360579,0.06591170547935454,3.0977049887142543
14.23,-16.838709677419356,-9.870967741935484,0.0,-0.0,129.21838718929877,-0.06888005024775112,0.06588296054954457,3.097688096230081
14.24,-16.838709677419356,-9.870967741935484,0.0,-0.0,129.22600564055105,-0.06889914992530932,0.06586141386432776,3.097674938199093
14.25,-16.838709677419356,-9.870967741935484,0.0,-0.0,3.5699179796945604,-0.06891340345606611,0.06584525246667128,3.0976646825393206
14.26,-16.838709677419356,-9.870967741935484,0.0,-0.0,129.2412426306569,-0.06892404006794184,0.06583312295008426,3.097656683941711
14.27,-16.838709677419356,-9.870967741935484,0.0,-0.0,129.24886115735575,-0.06893197769477322,0.06582401403321636,3.0976504417015707
14.28,-16.838709677419356,-9.870967741935484,0.0,-0.0,129.25647969924825,-0.06893790151899792,0.06581716947350569,3.0976455670920053
14.29,-16.838709677419356,-9.870967741935484,0.0,-0.0,129.2640982531011,-0.06894232284028101,0.06581202335268121,3.097641758130765
14.3,-16.838709677419356,-9.870967741935484,0.0,-0.0,129.27171681637893,-0.06894562313170116,0.06580815191057388,3.0976387800670406
14.31,-16.838709677419356,-9.870967741935484,0.0,-0.0,129.2793353870894,-0.06894808697408727,0.06580523764979618,3.0976364502886824
14.32,-16.838709677419356,-9.870967741935484,0.0,-0.0,129.2869539636647,-0.06894992665634003,0.065803042557245,3.0976346266435724
14.33,-16.838709677419356,-9.870967741935484,0.0,-0.0,129.2945725448698,-0.0689513005399438,0.06580138810964209,3.097633198398672
14.34,-16.838709677419356,-9.870967741935484,0.0,-0.0,129.30219112973086,-0.06895232676270546,0.06580014033347459,3.0976320792366603
14.35,-16.838709677419356,-9.870967741935484,0.0,-0.0,129.3098097174797,-0.06895309346170664,0.06579919863446881,3.0976312018269696
14.36,-16.838709677419356,-9.870967741935484,0.0,-0.0,129.31742830751006,-0.06895366639814693,0.06579848744074501,3.0976305136149103
14.37,-16.838709677419356,-9.870967741935484,0.0,-0.0,3.661340755751434,-0.0689540946437619,0.06579794994760213,3.0976299735527375
14.38,-16.838709677419356,-9.870967741935484,0.0,-0.0,129.33266549260097,-0.06895441482137743,0.06579754343307209,3.0976295495601005
14.39,-16.838709677419356,-9.870967741935484,0.0,-0.0,129.34028408698484,-0.06895465426719727,0.0657972357481188,3.0976292165499237
14.4,-16.838709677419356,-9.870967741935484,0.0,-0.0,129.34790268225882,-0.06895483338906216,0.06579700268568156,3.097628954892522
14.41,-16.838709677419356,-9.870967741935484,0.0,-0.0,129.35552127823647,-0.06895496742521279,0.06579682600756265,3.097628749219725
14.42,-16.838709677419356,-9.870967741935484,0.0,-0.0,129.3631398747704,-0.06895506775604643,0.06579669196396876,3.097628587493252
14.43,-16.838709677419356,-9.870967741935484,0.0,-0.0,129.3707584717442,-0.06895514288258342,0.0657965901821469,3.0976284602782385
14.44,-16.838709677419356,-9.870967741935484,0.0,-0.0,129.3783770690658,-0.06895519915639481,0.06579651283169186,3.097628360176612
14.45,-16.838709677419356,-9.870967741935484,0.0,-0.0,3.7222895230707085,-0.06895524132420894,0.06579645399730416,3.097628281384552
14.46,-16.838709677419356,-9.870967741935484,0.0,-0.0,129.39361426447655,-0.0689552729342906,0.0657964092072072,3.0976282193469156
14.47,-16.838709677419356,-9.870967741935484,0.0,-0.0,129.40123286246268,-0.06895529663973976,0.06579637507838132,3.0976281704869306
14.48,-16.838709677419356,-9.870967741935484,0.0,-0.0,129.40885146058483,-0.06895531442487668,0.06579634904954179,3.097628131994978
14.49,-16.838709677419356,-9.870967741935484,0.0,-0.0,129.41647005881458,-0.06895532777426716,0.06579632918002287,3.0976281016630733
14.5,-16.838709677419356,-9.870967741935484,0.0,-0.0,129.42408865712943,-0.06895533779892649,0.06579631399822661,3.097628077755485
14.51,-16.838709677419356,-9.870967741935484,0.0,-0.0,129.4317072555116,-0.06895534533059178,0.06579630238732659,3.0976280589071052
14.52,-16.838709677419356,-9.870967741935484,0.0,-0.0,129.43932585394703,-0.06895535099213257,0.06579629349903715,3.097628044044086
14.53,-16.838709677419356,-9.870967741935484,0.0,-0.0,129.44694445242456,-0.06895535525017671,0.06579628668848558,3.097628032321264
14.54,-16.838709677419356,-9.870967741935484,0.0,-0.0,129.4545630509354,-0.06895535845443068,0.06579628146501293,3.0976280230733764
14.55,-16.838709677419356,-9.870967741935484,0.0,-0.0,129.46218164947263,-0.06895536086708431,0.06579627745496075,3.0976280157765106
14.56,-16.838709677419356,-9.870967741935484,0.0,-0.0,129.4698002480307,-0.06895536268479008,0.06579627437351998,3.097628010018062
14.57,-16.838709677419356,-9.870967741935484,0.0,-0.0,129.47741884660527,-0.06895536405511171,0.06579627200340377,3.0976280054729353
14.58,-16.838709677419356,-9.870967741935484,0.0,-0.0,129.4850374451929,-0.06895536508882993,0.0657962701786845,3.097628001884891
14.59,-16.838709677419356,-9.870967741935484,0.0,-0.0,129.49265604379084,-0.06895536586914952,0.06579626877253852,3.0976279990519475
14.6,-16.838709677419356,-9.870967741935484,0.0,-0.0,129.50027464239696,-0.0689553664585918,0.06579626768794211,3.097627996814924
14.61,-16.838709677419356,-9.870967741935484,0.0,-0.0,129.50789324100955,-0.06895536690416781,0.06579626685059103,3.0976279950481818
14.62,-16.838709677419356,-9.870967741935484,0.0,-0.0,129.51551183962727,-0.06895536724123708,0.06579626620353596,3.0976279936527114
14.63,-16.838709677419356,-9.870967741935484,0.0,-0.0,129.523130438249,-0.06895536749641629,0.0657962657030805,3.097627992550363
14.64,-16.838709677419356,-9.870967741935484,0.0,-0.0,129.53074903687397,-0.06895536768975163,0.06579626531566718,3.09762799167944
14.65,-16.838709677419356,-9.870967741935484,0.0,-0.0,129.53836763550146,-0.06895536783634704,0.06579626501550206,3.09762799099131
14.66,-16.838709677419356,-9.870967741935484,0.0,-0.0,129.54598623413094,-0.0689553679475925,0.0657962647827387,3.0976279904475565
14.67,-16.838709677419356,-9.870967741935484,0.0,-0.0,129.553604832762,-0.06895536803208446,0.06579626460208932,3.09762799001782
14.68,-16.838709677419356,-9.870967741935484,0.0,-0.0,129.56122343139432,-0.06895536809631042,0.06579626446177278,3.097627989678185
14.69,-16.838709677419356,-9.870967741935484,0.0,-0.0,129.56884203002764,-0.06895536814517444,0.06579626435269648,3.097627989409726
14.7,-16.838709677419356,-9.870967741935484,0.0,-0.0,129.57646062866175,-0.06895536818238357,0.06579626426783924,3.097627989197505
14.71,-16.838709677419356,-9.870967741935484,0.0,-0.0,129.58407922729648,-0.0689553682107431,0.06579626420177387,3.0976279890297396
14.72,-16.838709677419356,-9.870967741935484,0.0,-0.0,129.5916978259317,-0.06895536823237691,0.06579626415030138,3.0976279888971168
14.73,-16.838709677419356,-9.870967741935484,0.0,-0.0,129.59931642456732,-0.06895536824889659,0.06579626411016881,3.097627988792243
14.74,-16.838709677419356,-9.870967741935484,0.0,-0.0,129.60693502320325,-0.06895536826152204,0.06579626407885664,3.0976279887093217
14.75,-16.838709677419356,-9.870967741935484,0.0,-0.0,129.6145536218394,-0.06895536827117943,0.06579626405441108,3.097627988643772
14.76,-16.838709677419356,-9.870967741935484,0.0,-0.0,129.62217222047576,-0.06895536827857507,0.06579626403531236,3.097627988591917
14.77,-16.838709677419356,-9.870967741935484,0.0,-0.0,129.6297908191123,-0.06895536828424431,0.06579626402038152,3.097627988550895
14.78,-16.838709677419356,-9.870967741935484,0.0,-0.0,129.63740941774893,-0.06895536828859239,0.06579626400870386,3.097627988518474
14.79,-16.838709677419356,-9.870967741935484,0.0,-0.0,129.64502801638565,-0.06895536829193083,0.06579626399956473,3.097627988492836
14.8,-16.838709677419356,-9.870967741935484,0.0,-0.0,129.65264661502246,-0.06895536829449811,0.06579626399240679,3.0976279884725404
14.81,-16.838709677419356,-9.870967741935484,0.0,-0.0,129.66026521365933,-0.06895536829647275,0.06579626398679883,3.0976279884564977
14.82,-16.838709677419356,-9.870967741935484,0.0,-0.0,129.66788381229625,-0.06895536829799376,0.06579626398240268,3.097627988443796
14.83,-16.838709677419356,-9.870967741935484,0.0,-0.0,129.6755024109332,-0.06895536829916549,0.06579626397895544,3.097627988433765
14.84,-16.838709677419356,-9.870967741935484,0.0,-0.0,129.6831210095702,-0.06895536830006987,0.06579626397625016,3.097627988425824
14.85,-16.838709677419356,-9.870967741935484,0.0,-0.0,129.6907396082072,-0.06895536830076843,0.06579626397412619,3.097627988419536
14.86,-16.838709677419356,-9.870967741935484,0.0,-0.0,129.69835820684423,-0.06895536830130866,0.06579626397245797,3.0976279884145557
14.87,-16.838709677419356,-9.870967741935484,0.0,-0.0,129.70597680548127,-0.06895536830172566,0.06579626397114824,3.0976279884106384
14.88,-16.838709677419356,-9.870967741935484,0.0,-0.0,129.7135954041183,-0.06895536830204851,0.06579626397011895,3.097627988407539
14.89,-16.838709677419356,-9.870967741935484,0.0,-0.0,129.72121400275537,-0.06895536830230009,0.06579626396930816,3.097627988405058
14.9,-16.838709677419356,-9.870967741935484,0.0,-0.0,129.72883260139244,-0.06895536830249394,0.06579626396867178,3.097627988403118
14.91,-16.838709677419356,-9.870967741935484,0.0,-0.0,129.7364512000295,-0.0689553683026447,0.06579626396817084,3.0976279884015834
14.92,-16.838709677419356,-9.870967741935484,0.0,-0.0,129.74406979866657,-0.0689553683027615,0.0657962639677766,3.0976279884003683
14.93,-16.838709677419356,-9.870967741935484,0.0,-0.0,129.75168839730367,-0.06895536830285387,0.06579626396746485,3.097627988399379
14.94,-16.838709677419356,-9.870967741935484,0.0,-0.0,129.75930699594076,-0.0689553683029247,0.06579626396722038,3.0976279883986186
14.95,-16.838709677419356,-9.870967741935484,0.0,-0.0,129.76692559457786,-0.06895536830297977,0.06579626396702776,3.097627988398017
14.96,-16.838709677419356,-9.870967741935484,0.0,-0.0,129.77454419321495,-0.06895536830302285,0.06579626396687621,3.097627988397541
14.97,-16.838709677419356,-9.870967741935484,0.0,-0.0,129.78216279185204,-0.06895536830305637,0.06579626396675642,3.097627988397164
14.98,-16.838709677419356,-9.870967741935484,0.0,-0.0,129.78978139048914,-0.06895536830308258,0.06579626396666194,3.0976279883968663
14.99,-16.838709677419356,-9.870967741935484,0.0,-0.0,129.79739998912623,-0.068955368303103,0.06579626396658778,3.09762798839663
15.0,-16.838709677419356,-9.870967741935484,0.0,-0.0,4.141312444171598,-0.06895536830311899,0.06579626396652904,3.097627988396444
15.01,-16.838709677419356,-9.870967741935484,0.0,-0.0,129.81263718640042,-0.06895536830313143,0.06579626396648286,3.0976279883962956
15.02,-16.838709677419356,-9.870967741935484,0.0,-0.0,129.82025578503752,-0.0689553683031412,0.06579626396644611,3.097627988396179
15.03,-16.838709677419356,-9.870967741935484,0.0,-0.0,129.8278743836746,-0.06895536830314897,0.06579626396641747,3.0976279883960864
15.04,-16.838709677419356,-9.870967741935484,0.0,-0.0,129.8354929823117,-0.06895536830315496,0.0657962639663946,3.097627988396013
15.05,-16.838709677419356,-9.870967741935484,0.0,-0.0,129.8431115809488,-0.06895536830315963,0.06579626396637661,3.097627988395955
15.06,-16.838709677419356,-9.870967741935484,0.0,-0.0,129.8507301795859,-0.0689553683031634,0.06579626396636251,3.0976279883959092
15.07,-16.838709677419356,-9.870967741935484,0.0,-0.0,129.858348778223,-0.06895536830316606,0.06579626396635152,3.097627988395873
15.08,-16.838709677419356,-9.870967741935484,0.0,0.0,129.86596737686008,-0.06895536830316851,0.06579626396634242,3.097627988395844
15.09,-16.838709677419356,-9.870967741935484,0.0,0.0,129.87358597549718,-0.06895536830317028,0.06579626396633531,3.0976279883958213
15.1,-16.838709677419356,-9.870967741935484,0.0,0.0,129.88120457413427,-0.06895536830317162,0.06579626396632987,3.0976279883958036
15.11,-16.838709677419356,-9.870967741935484,0.0,0.0,129.88882317277137,-0.06895536830317273,0.06579626396632543,3.0976279883957893
15.12,-16.838709677419356,-9.870967741935484,0.0,0.0,129.89644177140846,-0.06895536830317361,0.0657962639663221,3.0976279883957782
15.13,-16.838709677419356,-9.870967741935484,0.0,0.0,129.90406037004556,-0.06895536830317428,0.06579626396631932,3.097627988395769
15.14,-16.838709677419356,-9.870967741935484,0.0,0.0,129.91167896868265,-0.06895536830317495,0.06579626396631721,3.0976279883957623
15.15,-16.838709677419356,-9.870967741935484,0.0,0.0,129.91929756731975,-0.06895536830317517,0.06579626396631544,3.0976279883957565
15.16,-16.838709677419356,-9.870967741935484,0.0,0.0,129.92691616595684,-0.06895536830317561,0.065796263966314,3.097627988395752
15.17,-16.838709677419356,-9.870967741935484,0.0,0.0,129.93453476459393,-0.06895536830317583,0.06579626396631288,3.0976279883957485
15.18,-16.838709677419356,-9.870967741935484,0.0,0.0,129.94215336323103,-0.06895536830317606,0.06579626396631211,3.097627988395746
15.19,-16.838709677419356,-9.870967741935484,0.0,0.0,129.94977196186812,-0.0689553683031765,0.06579626396631122,3.097627988395743
15.2,-16.838709677419356,-9.870967741935484,0.0,0.0,129.95739056050522,-0.0689553683031765,0.06579626396631089,3.097627988395742
15.21,-16.838709677419356,-9.870967741935484,0.0,0.0,129.9650091591423,-0.0689553683031765,0.06579626396631044,3.0976279883957405
15.22,-16.838709677419356,-9.870967741935484,0.0,0.0,129.9726277577794,-0.0689553683031765,0.06579626396631044,3.097627988395739
15.23,-16.838709677419356,-9.870967741935484,0.0,0.0,129.9802463564165,-0.06895536830317672,0.06579626396630989,3.0976279883957383
15.24,-16.838709677419356,-9.870967741935484,0.0,0.0,129.9878649550536,-0.06895536830317672,0.06579626396630978,3.097627988395738
15.25,-16.838709677419356,-9.870967741935484,0.0,0.0,129.9954835536907,-0.06895536830317672,0.06579626396630978,3.0976279883957374
15.26,-16.838709677419356,-9.870967741935484,0.0,0.0,130.00310215232778,-0.06895536830317628,0.06579626396630989,3.097627988395737
15.27,-16.838709677419356,-9.870967741935484,0.0,0.0,130.01072075096488,-0.0689553683031765,0.06579626396630955,3.0976279883957365
15.28,-16.838709677419356,-9.870967741935484,0.0,0.0,130.01833934960197,-0.0689553683031765,0.06579626396630955,3.097627988395736
15.29,-16.838709677419356,-9.870967741935484,0.0,0.0,130.02595794823907,-0.06895536830317628,0.06579626396630978,3.097627988395736
15.3,-16.838709677419356,-9.870967741935484,0.0,0.0,130.03357654687616,-0.06895536830317628,0.06579626396630978,3.0976279883957356
15.31,-16.838709677419356,-9.870967741935484,0.0,0.0,4.377489001921527,-0.0689553683031765,0.06579626396630955,3.097627988395736
15.32,-16.838709677419356,-9.870967741935484,0.0,0.0,130.04881374415035,-0.0689553683031765,0.06579626396630955,3.0976279883957356
15.33,-16.838709677419356,-9.870967741935484,0.0,0.0,130.05643234278745,-0.06895536830317628,0.06579626396630978,3.0976279883957356
15.34,-16.838709677419356,-9.870967741935484,0.0,0.0,130.06405094142454,-0.06895536830317628,0.06579626396630978,3.0976279883957356
15.35,-16.838709677419356,-9.870967741935484,0.0,0.0,130.07166954006163,-0.06895536830317628,0.06579626396630978,3.097627988395735
15.36,-16.838709677419356,-9.870967741935484,0.0,0.0,130.07928813869873,-0.06895536830317628,0.06579626396630978,3.0976279883957356
15.37,-16.838709677419356,-9.870967741935484,0.0,0.0,130.08690673733582,-0.06895536830317606,0.06579626396631,3.097627988395735
15.38,-16.838709677419356,-9.870967741935484,0.0,0.0,130.09452533597292,-0.06895536830317606,0.06579626396631,3.097627988395735
15.39,-16.838709677419356,-9.870967741935484,0.0,0.0,130.10214393461,-0.06895536830317606,0.06579626396631,3.097627988395735
15.4,-16.838709677419356,-9.870967741935484,0.0,0.0,130.1097625332471,-0.06895536830317628,0.06579626396630978,3.097627988395735
15.41,-16.838709677419356,-9.870967741935484,0.0,0.0,130.1173811318842,-0.06895536830317606,0.06579626396631,3.097627988395735
15.42,-16.838709677419356,-9.870967741935484,0.0,0.0,130.1249997305213,-0.06895536830317606,0.06579626396631,3.097627988395735
15.43,-16.838709677419356,-9.870967741935484,0.0,0.0,130.1326183291584,-0.06895536830317628,0.06579626396630978,3.097627988395735
15.44,-16.838709677419356,-9.870967741935484,0.0,0.0,130.14023692779548,-0.06895536830317606,0.06579626396631,3.097627988395735
15.45,-16.838709677419356,-9.870967741935484,0.0,0.0,130.14785552643258,-0.06895536830317606,0.06579626396631,3.097627988395735
15.46,-16.838709677419356,-9.870967741935484,0.0,0.0,130.15547412506967,-0.06895536830317628,0.06579626396630978,3.097627988395735
15.47,-16.838709677419356,-9.870967741935484,0.0,0.0,130.16309272370677,-0.06895536830317628,0.06579626396630978,3.097627988395735
15.48,-16.838709677419356,-9.870967741935484,0.0,0.0,130.17071132234386,-0.0689553683031765,0.06579626396630955,3.097627988395735
15.49,-16.838709677419356,-9.870967741935484,0.0,0.0,130.17832992098096,-0.06895536830317628,0.06579626396630978,3.097627988395735
15.5,-16.838709677419356,-9.870967741935484,0.0,0.0,130.18594851961805,-0.0689553683031765,0.06579626396630955,3.097627988395735
15.51,-16.838709677419356,-9.870967741935484,0.0,0.0,130.19356711825515,-0.0689553683031765,0.06579626396630955,3.097627988395735
15.52,-16.838709677419356,-9.870967741935484,0.0,0.0,130.20118571689224,-0.0689553683031765,0.06579626396630955,3.097627988395735
15.53,-16.838709677419356,-9.870967741935484,0.0,0.0,130.20880431552933,-0.0689553683031765,0.06579626396630955,3.097627988395735
15.54,-16.838709677419356,-9.870967741935484,0.0,0.0,130.21642291416643,-0.0689553683031765,0.06579626396630955,3.097627988395735
15.55,-16.838709677419356,-9.870967741935484,0.0,0.0,130.22404151280352,-0.0689553683031765,0.06579626396630955,3.097627988395735
15.56,-16.838709677419356,-9.870967741935484,0.0,0.0,130.23166011144062,-0.06895536830317672,0.06579626396630933,3.097627988395735
15.57,-16.838709677419356,-9.870967741935484,0.0,0.0,130.2392787100777,-0.06895536830317672,0.06579626396630933,3.097627988395735
15.58,-16.838709677419356,-9.870967741935484,0.0,0.0,130.2468973087148,-0.06895536830317672,0.06579626396630933,3.097627988395735
15.59,-16.838709677419356,-9.870967741935484,0.0,0.0,130.2545159073519,-0.06895536830317672,0.06579626396630933,3.097627988395735
15.6,-16.838709677419356,-9.870967741935484,0.0,0.0,130.262134505989,-0.06895536830317672,0.06579626396630933,3.097627988395735
15.61,-16.838709677419356,-9.870967741935484,0.0,0.0,4.606046961034361,-0.06895536830317694,0.06579626396630911,3.0976279883957356
15.62,-16.838709677419356,-9.870967741935484,0.0,0.0,130.27737170326319,-0.06895536830317672,0.06579626396630933,3.097627988395735
15.63,-16.838709677419356,-9.870967741935484,0.0,0.0,130.28499030190028,-0.06895536830317672,0.06579626396630933,3.097627988395735
15.64,-16.838709677419356,-9.870967741935484,0.0,0.0,130.29260890053737,-0.0689553683031765,0.06579626396630955,3.097627988395735
15.65,-16.838709677419356,-9.870967741935484,0.0,0.0,130.30022749917447,-0.0689553683031765,0.06579626396630955,3.097627988395735
15.66,-16.838709677419356,-9.870967741935484,0.0,0.0,130.30784609781156,-0.0689553683031765,0.06579626396630955,3.097627988395735
15.67,-16.838709677419356,-9.870967741935484,0.0,0.0,4.651758552856927,-0.06895536830317628,0.06579626396630978,3.0976279883957356
15.68,-16.838709677419356,-9.870967741935484,0.0,0.0,130.32308329508575,-0.06895536830317628,0.06579626396630978,3.097627988395735
15.69,-16.838709677419356,-9.870967741935484,0.0,0.0,130.33070189372285,-0.06895536830317628,0.06579626396630978,3.097627988395735
15.7,-16.838709677419356,-9.870967741935484,0.0,0.0,130.33832049235994,-0.06895536830317628,0.06579626396630978,3.097627988395735
15.71,-16.838709677419356,-9.870967741935484,0.0,0.0,130.34593909099704,-0.06895536830317583,0.06579626396631022,3.097627988395735
15.72,-16.838709677419356,-9.870967741935484,0.0,0.0,4.6898515460424,-0.06895536830317583,0.06579626396631022,3.0976279883957356
15.73,-16.838709677419356,-9.870967741935484,0.0,0.0,130.36117628827122,-0.06895536830317606,0.06579626396631,3.097627988395735
15.74,-16.838709677419356,-9.870967741935484,0.0,0.0,130.36879488690832,-0.06895536830317606,0.06579626396631,3.097627988395735
15.75,-16.838709677419356,-9.870967741935484,0.0,0.0,130.3764134855454,-0.0689553683031765,0.06579626396630955,3.097627988395735
15.76,-16.838709677419356,-9.870967741935484,0.0,0.0,130.3840320841825,-0.0689553683031765,0.06579626396630955,3.097627988395735
15.77,-16.838709677419356,-9.870967741935484,0.0,0.0,130.3916506828196,-0.06895536830317628,0.06579626396630978,3.097627988395735
15.78,-16.838709677419356,-9.870967741935484,0.0,0.0,130.3992692814567,-0.06895536830317606,0.06579626396631,3.097627988395735
15.79,-16.838709677419356,-9.870967741935484,0.0,0.0,130.4068878800938,-0.06895536830317606,0.06579626396631,3.097627988395735
15.8,-16.838709677419356,-9.870967741935484,0.0,0.0,130.41450647873089,-0.06895536830317606,0.06579626396631,3.097627988395735
15.81,-16.838709677419356,-9.870967741935484,0.0,0.0,130.42212507736798,-0.06895536830317583,0.06579626396631022,3.097627988395735
15.82,-16.838709677419356,-9.870967741935484,0.0,0.0,130.42974367600507,-0.06895536830317606,0.06579626396631,3.097627988395735
15.83,-16.838709677419356,-9.870967741935484,0.0,0.0,130.43736227464217,-0.0689553683031765,0.06579626396630955,3.097627988395735
15.84,-16.838709677419356,-9.870967741935484,0.0,0.0,130.44498087327926,-0.06895536830317628,0.06579626396630978,3.097627988395735
15.85,-16.838709677419356,-9.870967741935484,0.0,0.0,130.45259947191636,-0.06895536830317628,0.06579626396630978,3.097627988395735
15.86,-16.838709677419356,-9.870967741935484,0.0,0.0,130.46021807055345,-0.0689553683031765,0.06579626396630955,3.097627988395735
15.87,-16.838709677419356,-9.870967741935484,0.0,0.0,4.804130525598817,-0.06895536830317694,0.06579626396630911,3.0976279883957356
15.88,-16.838709677419356,-9.870967741935484,0.0,0.0,130.47545526782764,-0.06895536830317672,0.06579626396630933,3.097627988395735
15.89,-16.838709677419356,-9.870967741935484,0.0,0.0,130.48307386646474,-0.06895536830317672,0.06579626396630933,3.097627988395735
15.9,-16.838709677419356,-9.870967741935484,0.0,0.0,130.49069246510183,-0.06895536830317672,0.06579626396630933,3.097627988395735
15.91,-16.838709677419356,-9.870967741935484,0.0,0.0,130.49831106373892,-0.0689553683031765,0.06579626396630955,3.097627988395735
15.92,-16.838709677419356,-9.870967741935484,0.0,0.0,130.50592966237602,-0.0689553683031765,0.06579626396630955,3.097627988395735
15.93,-16.838709677419356,-9.870967741935484,0.0,0.0,130.5135482610131,-0.0689553683031765,0.06579626396630955,3.097627988395735
15.94,-16.838709677419356,-9.870967741935484,0.0,0.0,4.857460716058478,-0.0689553683031765,0.06579626396630955,3.0976279883957356
15.95,-16.838709677419356,-9.870967741935484,0.0,0.0,130.5287854582873,-0.0689553683031765,0.06579626396630955,3.097627988395735
15.96,-16.838709677419356,-9.870967741935484,0.0,0.0,130.5364040569244,-0.0689553683031765,0.06579626396630955,3.097627988395735
15.97,-16.838709677419356,-9.870967741935484,0.0,0.0,130.5440226555615,-0.0689553683031765,0.06579626396630955,3.097627988395735
15.98,-16.838709677419356,-9.870967741935484,0.0,0.0,130.55164125419859,-0.06895536830317628,0.06579626396630978,3.097627988395735
15.99,-16.838709677419356,-9.870967741935484,0.0,0.0,130.55925985283568,-0.0689553683031765,0.06579626396630955,3.097627988395735
16.0,-16.838709677419356,-9.870967741935484,0.0,0.0,4.903172307881045,-0.06895536830317628,0.06579626396630978,3.0976279883957356
16.01,-16.838709677419356,-8.709677419354838,0.0,0.0,130.57496084400162,-0.06271302235961973,0.1433391516819721,3.096448618441117
16.02,-16.838709677419356,-8.709677419354838,0.0,0.0,130.58332966300875,-0.06162053800226963,0.1270741914567084,3.0948957977195715
16.03,-16.838709677419356,-8.709677419354838,0.0,0.0,130.59187992316947,-0.06287914456607457,0.11482025098488058,3.0932804128203344
16.04,-16.838709677419356,-8.709677419354838,0.0,0.0,130.6005477518486,-0.06504438301043125,0.10553036032354346,3.091753400941036
16.05,-16.838709677419356,-8.709677419354838,0.0,0.0,130.60929279142513,-0.06742187914686326,0.09847388380646205,3.090381012631127
16.06,-16.838709677419356,-8.709677419354838,0.0,0.0,130.6180888128951,-0.06969338995863072,0.09311287025171877,3.0891851943900446
16.07,-16.838709677419356,-8.709677419354838,0.0,0.0,130.62691851876042,-0.07172542848958718,0.08903955736370162,3.088164806870375
16.08,-16.838709677419356,-8.709677419354838,0.0,0.0,130.63577045086137,-0.07347581541758519,0.08594226055570309,3.0873071013100253
16.09,-16.838709677419356,-8.709677419354838,0.0,0.0,130.64463702903032,-0.07494723933132375,0.08358328492086087,3.0865941537620527
16.1,-16.838709677419356,-8.709677419354838,0.0,0.0,130.65351325720096,-0.07616333710595802,0.08178239704308465,3.0860065248828836
16.11,-16.838709677419356,-8.709677419354838,0.0,0.0,130.66239585560004,-0.07715604098665674,0.08040365731968657,3.0855252978170955
16.12,-16.838709677419356,-8.709677419354838,0.0,0.0,130.67128267757795,-0.07795887653666012,0.07934487289154579,3.085133133971953
16.13,-16.838709677419356,-8.709677419354838,0.0,0.0,130.68017231985795,-0.0786035442209827,0.07852929490072214,3.08481473168307
16.14,-16.838709677419356,-8.709677419354838,0.0,0.0,130.68906386420494,-0.07911835306975412,0.07789922079197042,3.0845569308767984
16.15,-16.838709677419356,-8.709677419354838,0.0,0.0,130.69795670766234,-0.07952769456909037,0.07741115320238245,3.0843486193719065
16.16,-16.838709677419356,-8.709677419354838,0.0,0.0,130.70685045183288,-0.07985208103001407,0.07703218352671248,3.084180539281437
16.17,-16.838709677419356,-8.709677419354838,0.0,0.0,130.71574483109708,-0.08010846706596109,0.07673731081283641,3.0840450539094113
16.18,-16.838709677419356,-8.709677419354838,0.0,0.0,130.72463966626572,-0.0803106897928123,0.07650746027834399,3.083935910413818
16.19,-16.838709677419356,-8.709677419354838,0.0,0.0,130.73353483471547,-0.08046993489135867,0.07632801834415903,3.08384801731431
16.2,-16.838709677419356,-8.709677419354838,0.0,0.0,130.74243025114467,-0.08059517926430493,0.0761877464171491,3.0837772458255133
16.21,-16.838709677419356,-8.709677419354838,0.0,0.0,5.087619711551747,-0.08069358710938568,0.07607797185315546,3.0837202579713625
16.22,-16.838709677419356,-8.709677419354838,0.0,0.0,130.76022160312786,-0.08077085134496098,0.07599198209164681,3.0836743610457247
16.23,-16.838709677419356,-8.709677419354838,0.0,0.0,130.76911746306737,-0.08083148063760026,0.07592456831812744,3.0836373862505235
16.24,-16.838709677419356,-8.709677419354838,0.0,0.0,130.7780134110052,-0.08087903646708416,0.07587167979078546,3.0836075886071868
16.25,-16.838709677419356,-8.709677419354838,0.0,0.0,130.7869094287325,-0.08091632642075819,0.0758301605933408,3.0835835650772467
16.26,-16.838709677419356,-8.709677419354838,0.0,0.0,130.79580550221112,-0.08094556029722066,0.07579754818856599,3.083564187976743
16.27,-16.838709677419356,-8.709677419354838,0.0,0.0,130.80470162048533,-0.08096847526747952,0.07577191860664467,3.083548551063622
16.28,-16.838709677419356,-8.709677419354838,0.0,0.0,130.81359777491733,-0.08098643567561381,0.0757517670349952,3.0835359260258084
16.29,-16.838709677419356,-8.709677419354838,0.0,0.0,130.8224939586398,-0.08100051228161309,0.07573591542665925,3.0835257274434866
16.3,-16.838709677419356,-8.709677419354838,0.0,0.0,130.8313901661561,-0.08101154497594809,0.07572344082670357,3.083517484621856
16.31,-16.838709677419356,-8.709677419354838,0.0,0.0,130.8402863930431,-0.08102019228811463,0.07571361964953938,3.0835108189712557
16.32,-16.838709677419356,-8.709677419354838,0.0,0.0,130.84918263572655,-0.08102697039353934,0.07570588427907676,3.0835054258552805
16.33,-16.838709677419356,-8.709677419354838,0.0,0.0,130.85807889130862,-0.0810322837998727,0.07569978921607201,3.0835010600300374
16.34,-16.838709677419356,-8.709677419354838,0.0,0.0,130.8669751574339,-0.08103644945927102,0.07569498463978319,3.083497523965784
16.35,-16.838709677419356,-8.709677419354838,0.0,0.0,130.87587143218397,-0.08103971569791923,0.07569119573884242,3.083494658480198
16.36,-16.838709677419356,-8.709677419354838,0.0,0.0,130.88476771399397,-0.08104227706651823,0.07568820653848407,3.0834923352242147
16.37,-16.838709677419356,-8.709677419354838,0.0,0.0,130.89366400158588,-0.08104428598456548,0.07568584723678451,3.083490450652556
16.38,-16.838709677419356,-8.709677419354838,0.0,0.0,5.238854150323215,-0.08104586186704132,0.07568398428236689,3.083488921183778
16.39,-16.838709677419356,-8.709677419354838,0.0,0.0,130.91145659012648,-0.0810470982757483,0.07568251259586356,3.0834876793133725
16.4,-16.838709677419356,-8.709677419354838,0.0,0.0,130.92035288952087,-0.0810480685216648,0.07568134946903893,3.083486670490879
16.41,-16.838709677419356,-8.709677419354838,0.0,0.0,130.92924919152514,-0.08104883005318819,0.07568042977767031,3.0834858506096205
16.42,-16.838709677419356,-8.709677419354838,0.0,0.0,130.93814549566991,-0.08104942789308867,0.0756797022237623,3.083485183987476
16.43,-16.838709677419356,-8.709677419354838,0.0,0.0,5.283335657978762,-0.08104989733023871,0.07567912638469532,3.083484641742198
16.44,-16.838709677419356,-8.709677419354838,0.0,0.0,5.292231965319809,-0.08105026602770016,0.0756786703951754,3.083484200483003
16.45,-16.838709677419356,-8.709677419354838,0.0,0.0,130.9648344174345,-0.08105055567372332,0.07567830912567564,3.0834838412565255
16.46,-16.838709677419356,-8.709677419354838,0.0,0.0,130.97373072692733,-0.08105078327481996,0.07567802275053515,3.083483548697103
16.47,-16.838709677419356,-8.709677419354838,0.0,0.0,130.9826270372161,-0.08105096216857444,0.07567779562198262,3.0834833103413044
16.48,-16.838709677419356,-8.709677419354838,0.0,0.0,130.99152334815815,-0.08105110281697314,0.07567761538443663,3.083483116074829
16.49,-16.838709677419356,-8.709677419354838,0.0,0.0,131.00041965963646,-0.08105121342789845,0.0756774722775555,3.0834829576856997
16.5,-16.838709677419356,-8.709677419354838,0.0,0.0,131.00931597155497,-0.08105130044202058,0.07567735858764968,3.083482828503475
16.51,-16.838709677419356,-8.709677419354838,0.0,0.0,131.01821228383486,-0.08105136891432418,0.07567726821568788,3.0834827231072413
16.52,-16.838709677419356,-8.709677419354838,0.0,0.0,131.02710859641144,-0.08105142281306943,0.07567719633702552,3.0834826370896633
16.53,-16.838709677419356,-8.709677419354838,0.0,0.0,5.372298765639892,-0.08105146525410967,0.07567713913326579,3.083482566865892
16.54,-16.838709677419356,-8.709677419354838,0.0,0.0,131.04490122225184,-0.08105149868456207,0.07567709358088548,3.083482509518839
16.55,-16.838709677419356,-8.709677419354838,0.0,0.0,131.0537975354363,-0.08105152502679536,0.07567705728454754,3.0834824626738597
16.56,-16.838709677419356,-8.709677419354838,0.0,0.0,131.06269384875566,-0.08105154579134011,0.07567702834559153,3.0834824243970584
16.57,-16.838709677419356,-8.709677419354838,0.0,0.0,131.0715901621858,-0.08105156216542753,0.07567700525824728,3.0834823931129227
16.58,-16.838709677419356,-8.709677419354838,0.0,0.0,131.08048647570692,-0.08105157508243854,0.07567698682768509,3.0834823675374428
16.59,-16.838709677419356,-8.709677419354838,0.0,0.0,131.08938278930276,-0.08105158527639489,0.0756769721052768,3.0834823466237538
16.6,-16.838709677419356,-8.709677419354838,0.0,0.0,5.434572959368262,-0.08105159332470713,0.07567696033744065,3.083482329518054
16.61,-16.838709677419356,-8.709677419354838,0.0,0.0,131.10717541666764,-0.08105159968172648,0.075676950925196,3.0834823155238182
16.62,-16.838709677419356,-8.709677419354838,0.0,0.0,131.1160717304167,-0.08105160470508976,0.07567694339216424,3.083482304072587
16.63,-16.838709677419356,-8.709677419354838,0.0,0.0,131.1249680441998,-0.08105160867639705,0.07567693735924919,3.08348229470028
16.64,-16.838709677419356,-8.709677419354838,0.0,0.0,131.1338643580108,-0.08105161181745157,0.07567693252459251,3.0834822870279495
16.65,-16.838709677419356,-8.709677419354838,0.0,0.0,131.1427606718448,-0.08105161430302377,0.07567692864768527,3.0834822807460203
16.66,-16.838709677419356,-8.709677419354838,0.0,0.0,5.487950842105926,-0.08105161627087076,0.0756769255367864,3.0834822756015776
16.67,-16.838709677419356,-8.709677419354838,0.0,0.0,131.160553299566,-0.08105161782961612,0.07567692303893625,3.0834822713879295
16.68,-16.838709677419356,-8.709677419354838,0.0,0.0,131.16944961344709,-0.08105161906494907,0.07567692103203427,3.0834822679360627
16.69,-16.838709677419356,-8.709677419354838,0.0,0.0,131.17834592733863,-0.08105162004448907,0.07567691941855514,3.083482265107807
16.7,-16.838709677419356,-8.709677419354838,0.0,0.0,131.18724224123875,-0.08105162082162032,0.07567691812055044,3.0834822627901506
16.71,-16.838709677419356,-8.709677419354838,0.0,0.0,131.19613855514595,-0.08105162143851063,0.07567691707567614,3.0834822608905985
16.72,-16.838709677419356,-8.709677419354838,0.0,0.0,131.20503486905895,-0.0810516219284727,0.07567691623404549,3.0834822593335423
16.73,-16.838709677419356,-8.709677419354838,0.0,0.0,131.21393118297672,-0.08105162231784746,0.07567691555570277,3.083482258057031
16.74,-16.838709677419356,-8.709677419354838,0.0,0.0,5.559121353306688,-0.08105162262746424,0.07567691500863427,3.0834822570103926
16.75,-16.838709677419356,-8.709677419354838,0.0,0.0,131.23172381082333,-0.08105162287380518,0.0756769145671694,3.0834822561521347
16.76,-16.838709677419356,-8.709677419354838,0.0,0.0,131.24062012475088,-0.08105162306992053,0.07567691421071032,3.0834822554482564
16.77,-16.838709677419356,-8.709677419354838,0.0,0.0,131.24951643868062,-0.08105162322614534,0.07567691392271891,3.08348225487091
16.78,-16.838709677419356,-8.709677419354838,0.0,0.0,131.25841275261212,-0.08105162335066773,0.07567691368991292,3.0834822543973486
16.79,-16.838709677419356,-8.709677419354838,0.0,0.0,131.2673090665451,-0.08105162344998584,0.07567691350160688,3.083482254008816
16.8,-16.838709677419356,-8.709677419354838,0.0,0.0,131.2762053804793,-0.08105162352925044,0.075676913349211,3.083482253690031
16.81,-16.838709677419356,-8.709677419354838,0.0,0.0,131.28510169441446,-0.08105162359254758,0.0756769132258126,3.083482253428492
16.82,-16.838709677419356,-8.709677419354838,0.0,0.0,131.29399800835046,-0.08105162364313023,0.07567691312583658,3.0834822532138397
16.83,-16.838709677419356,-8.709677419354838,0.0,0.0,131.30289432228713,-0.08105162368357632,0.0756769130447964,3.0834822530376726
16.84,-16.838709677419356,-8.709677419354838,0.0,0.0,131.31179063622434,-0.08105162371593688,0.07567691297907309,3.0834822528931043
16.85,-16.838709677419356,-8.709677419354838,0.0,0.0,131.320686950162,-0.0810516237418466,0.07567691292574352,3.083482252774429
16.86,-16.838709677419356,-8.709677419354838,0.0,0.0,131.32958326410005,-0.08105162376260444,0.07567691288244993,3.0834822526770163
16.87,-16.838709677419356,-8.709677419354838,0.0,0.0,5.6747734344466725,-0.08105162377924602,0.07567691284728628,3.0834822525970376
16.88,-16.838709677419356,-8.709677419354838,0.0,0.0,131.347375891977,-0.08105162379259534,0.07567691281871403,3.083482252531377
16.89,-16.838709677419356,-8.709677419354838,0.0,0.0,131.35627220591581,-0.08105162380331055,0.0756769127954866,3.0834822524774785
16.9,-16.838709677419356,-8.709677419354838,0.0,0.0,131.3651685198548,-0.08105162381191766,0.07567691277659572,3.083482252433216
16.91,-16.838709677419356,-8.709677419354838,0.0,0.0,5.710358690202179,-0.08105162381883546,0.07567691276122512,3.083482252396869
16.92,-16.838709677419356,-8.709677419354838,0.0,0.0,131.38296114773314,-0.08105162382439968,0.07567691274871391,3.083482252367024
16.93,-16.838709677419356,-8.709677419354838,0.0,0.0,131.39185746167246,-0.08105162382887654,0.07567691273852661,3.0834822523425225
16.94,-16.838709677419356,-8.709677419354838,0.0,0.0,131.40075377561186,-0.08105162383248254,0.07567691273022703,3.0834822523223853
16.95,-16.838709677419356,-8.709677419354838,0.0,0.0,131.40965008955132,-0.08105162383538778,0.07567691272346388,3.08348225230586
16.96,-16.838709677419356,-8.709677419354838,0.0,0.0,131.41854640349084,-0.08105162383773035,0.07567691271795018,3.0834822522922765
16.97,-16.838709677419356,-8.709677419354838,0.0,0.0,131.42744271743038,-0.08105162383961906,0.07567691271345511,3.0834822522811374
16.98,-16.838709677419356,-8.709677419354838,0.0,0.0,131.43633903136998,-0.08105162384114584,0.07567691270978572,3.0834822522719545
16.99,-16.838709677419356,-8.709677419354838,0.0,0.0,131.4452353453096,-0.08105162384237818,0.07567691270679244,3.08348225226443
17.0,-16.838709677419356,-8.709677419354838,0.0,0.0,5.790425515657541,-0.08105162384337428,0.07567691270434862,3.0834822522582432
17.01,-16.838709677419356,-8.709677419354838,0.0,0.0,131.46302797318893,-0.0810516238441783,0.07567691270235488,3.0834822522531837
17.02,-16.838709677419356,-8.709677419354838,0.0,0.0,131.47192428712862,-0.08105162384483044,0.07567691270072485,3.0834822522489995
17.03,-16.838709677419356,-8.709677419354838,0.0,0.0,131.4808206010683,-0.08105162384535713,0.07567691269939425,3.083482252245585
17.04,-16.838709677419356,-8.709677419354838,0.0,0.0,131.48971691500802,-0.08105162384578568,0.0756769126983049,3.083482252242751
17.05,-16.838709677419356,-8.709677419354838,0.0,0.0,131.49861322894773,-0.08105162384613118,0.07567691269741594,3.0834822522404464
17.06,-16.838709677419356,-8.709677419354838,0.0,0.0,131.50750954288745,-0.08105162384641162,0.07567691269668919,3.0834822522385523
17.07,-16.838709677419356,-8.709677419354838,0.0,0.0,131.51640585682716,-0.08105162384663878,0.07567691269609489,3.0834822522369967
17.08,-16.838709677419356,-8.709677419354838,0.0,0.0,131.5253021707669,-0.08105162384682507,0.07567691269560695,3.0834822522356897
17.09,-16.838709677419356,-8.709677419354838,0.0,0.0,131.53419848470665,-0.08105162384697517,0.07567691269520904,3.083482252234639
17.1,-16.838709677419356,-8.709677419354838,0.0,0.0,131.5430947986464,-0.08105162384709663,0.07567691269488341,3.0834822522337757
17.11,-16.838709677419356,-8.709677419354838,0.0,0.0,131.55199111258614,-0.08105162384719566,0.07567691269461685,3.0834822522330665
17.12,-16.838709677419356,-8.709677419354838,0.0,0.0,131.56088742652588,-0.08105162384727604,0.0756769126943988,3.0834822522324834
17.13,-16.838709677419356,-8.709677419354838,0.0,0.0,131.56978374046562,-0.08105162384734155,0.07567691269422006,3.0834822522320047
17.14,-16.838709677419356,-8.709677419354838,0.0,0.0,131.57868005440537,-0.08105162384739506,0.07567691269407362,3.0834822522316108
17.15,-16.838709677419356,-8.709677419354838,0.0,0.0,131.5875763683451,-0.08105162384743814,0.07567691269395382,3.0834822522312875
17.16,-16.838709677419356,-8.709677419354838,0.0,0.0,131.59647268228485,-0.08105162384747322,0.07567691269385579,3.083482252231022
17.17,-16.838709677419356,-8.709677419354838,0.0,0.0,5.941662852632868,-0.08105162384750209,0.0756769126937753,3.0834822522308034
17.18,-16.838709677419356,-8.709677419354838,0.0,0.0,131.61426531016434,-0.08105162384752562,0.07567691269370946,3.0834822522306236
17.19,-16.838709677419356,-8.709677419354838,0.0,0.0,131.62316162410409,-0.08105162384754472,0.0756769126936554,3.083482252230476
17.2,-16.838709677419356,-8.709677419354838,0.0,0.0,131.63205793804383,-0.08105162384756026,0.07567691269361099,3.083482252230355
17.21,-16.838709677419356,-8.709677419354838,0.0,0.0,131.64095425198357,-0.08105162384757292,0.0756769126935748,3.0834822522302554
17.22,-16.838709677419356,-8.709677419354838,0.0,0.0,131.64985056592332,-0.08105162384758335,0.07567691269354482,3.0834822522301732
17.23,-16.838709677419356,-8.709677419354838,0.0,0.0,131.65874687986306,-0.08105162384759135,0.07567691269352084,3.0834822522301057
17.24,-16.838709677419356,-8.709677419354838,0.0,0.0,131.6676431938028,-0.08105162384759845,0.07567691269350085,3.0834822522300507
17.25,-16.838709677419356,-8.709677419354838,0.0,0.0,131.67653950774255,-0.081051623847604,0.0756769126934842,3.083482252230005
17.26,-16.838709677419356,-8.709677419354838,0.0,0.0,131.6854358216823,-0.08105162384760867,0.07567691269347077,3.0834822522299676
17.27,-16.838709677419356,-8.709677419354838,0.0,0.0,131.69433213562203,-0.08105162384761222,0.07567691269346,3.083482252229937
17.28,-16.838709677419356,-8.709677419354838,0.0,0.0,131.70322844956178,-0.08105162384761533,0.07567691269345111,3.0834822522299117
17.29,-16.838709677419356,-8.709677419354838,0.0,0.0,131.71212476350152,-0.08105162384761799,0.07567691269344345,3.083482252229891
17.3,-16.838709677419356,-8.709677419354838,0.0,0.0,6.0573149338495345,-0.08105162384762021,0.07567691269343724,3.0834822522298744
17.31,-16.838709677419356,-8.709677419354838,0.0,0.0,131.729917391381,-0.08105162384762221,0.0756769126934318,3.0834822522298597
17.32,-16.838709677419356,-8.709677419354838,0.0,0.0,131.73881370532075,-0.08105162384762377,0.07567691269342758,3.083482252229848
17.33,-16.838709677419356,-8.709677419354838,0.0,0.0,131.7477100192605,-0.08105162384762488,0.07567691269342425,3.083482252229839
17.34,-16.838709677419356,-8.709677419354838,0.0,0.0,131.75660633320024,-0.08105162384762554,0.07567691269342147,3.0834822522298313
17.35,-16.838709677419356,-8.709677419354838,0.0,0.0,6.101796503548252,-0.08105162384762621,0.07567691269341936,3.083482252229825
17.36,-16.838709677419356,-8.709677419354838,0.0,0.0,131.77439896107973,-0.08105162384762732,0.07567691269341736,3.0834822522298193
17.37,-16.838709677419356,-8.709677419354838,0.0,0.0,6.119589131427739,-0.08105162384762732,0.07567691269341603,3.0834822522298153
17.38,-16.838709677419356,-8.709677419354838,0.0,0.0,131.7921915889592,-0.0810516238476282,0.07567691269341426,3.0834822522298118
17.39,-16.838709677419356,-8.709677419354838,0.0,0.0,131.80108790289896,-0.08105162384762865,0.07567691269341326,3.0834822522298087
17.4,-16.838709677419356,-8.709677419354838,0.0,0.0,131.8099842168387,-0.08105162384762887,0.07567691269341226,3.0834822522298064
17.41,-16.838709677419356,-8.709677419354838,0.0,0.0,131.81888053077844,-0.0810516238476291,0.07567691269341159,3.083482252229804
17.42,-16.838709677419356,-8.709677419354838,0.0,0.0,131.8277768447182,-0.08105162384762932,0.07567691269341092,3.083482252229803
17.43,-16.838709677419356,-8.709677419354838,0.0,0.0,131.83667315865793,-0.0810516238476291,0.07567691269341081,3.0834822522298015
17.44,-16.838709677419356,-8.709677419354838,0.0,0.0,131.84556947259767,-0.08105162384762976,0.07567691269341004,3.0834822522298
17.45,-16.838709677419356,-8.709677419354838,0.0,0.0,131.85446578653742,-0.08105162384762998,0.0756769126934097,3.0834822522297993
17.46,-16.838709677419356,-8.709677419354838,0.0,0.0,131.86336210047716,-0.08105162384762976,0.07567691269340959,3.0834822522297984
17.47,-16.838709677419356,-8.709677419354838,0.0,0.0,131.8722584144169,-0.08105162384762954,0.07567691269340981,3.083482252229798
17.48,-16.838709677419356,-8.709677419354838,0.0,0.0,131.88115472835665,-0.08105162384762998,0.07567691269340926,3.0834822522297975
17.49,-16.838709677419356,-8.709677419354838,0.0,0.0,131.8900510422964,-0.08105162384762976,0.07567691269340915,3.083482252229797
17.5,-16.838709677419356,-8.709677419354838,0.0,0.0,131.89894735623614,-0.08105162384762954,0.07567691269340937,3.0834822522297967
17.51,-16.838709677419356,-8.709677419354838,0.0,0.0,131.90784367017588,-0.08105162384762932,0.07567691269340959,3.083482252229796
17.52,-16.838709677419356,-8.709677419354838,0.0,0.0,131.91673998411562,-0.08105162384762932,0.07567691269340959,3.083482252229796
17.53,-16.838709677419356,-8.709677419354838,0.0,0.0,131.92563629805537,-0.08105162384762954,0.07567691269340937,3.0834822522297958
17.54,-16.838709677419356,-8.709677419354838,0.0,0.0,131.9345326119951,-0.08105162384762954,0.07567691269340926,3.0834822522297958
17.55,-16.838709677419356,-8.709677419354838,0.0,0.0,131.94342892593485,-0.0810516238476291,0.07567691269340948,3.0834822522297958
17.56,-16.838709677419356,-8.709677419354838,0.0,0.0,131.9523252398746,-0.08105162384762954,0.07567691269340904,3.0834822522297958
17.57,-16.838709677419356,-8.709677419354838,-0.0,-0.0,6.29751541022261,-0.0810516238476291,0.07567691269340948,3.0834822522297958
17.58,-16.838709677419356,-8.709677419354838,-0.0,-0.0,131.97011786775408,-0.0810516238476291,0.0756769126934097,3.0834822522297953
17.59,-16.838709677419356,-8.709677419354838,-0.0,-0.0,131.97901418169383,-0.0810516238476291,0.07567691269340948,3.0834822522297953
17.6,-16.838709677419356,-8.709677419354838,-0.0,-0.0,131.98791049563357,-0.0810516238476291,0.07567691269340948,3.0834822522297953
17.61,-16.838709677419356,-8.709677419354838,-0.0,-0.0,131.99680680957331,-0.08105162384762954,0.07567691269340926,3.0834822522297953
17.62,-16.838709677419356,-8.709677419354838,-0.0,-0.0,132.00570312351306,-0.0810516238476291,0.07567691269340948,3.0834822522297953
17.63,-16.838709677419356,-8.709677419354838,-0.0,-0.0,132.0145994374528,-0.08105162384762954,0.07567691269340904,3.0834822522297953
17.64,-16.838709677419356,-8.709677419354838,-0.0,-0.0,132.02349575139255,-0.08105162384762998,0.07567691269340882,3.0834822522297953
17.65,-16.838709677419356,-8.709677419354838,-0.0,-0.0,132.0323920653323,-0.08105162384762954,0.07567691269340904,3.0834822522297953
17.66,-16.838709677419356,-8.709677419354838,-0.0,-0.0,6.377582235680302,-0.08105162384762998,0.07567691269340882,3.0834822522297958
17.67,-16.838709677419356,-8.709677419354838,-0.0,-0.0,132.05018469321178,-0.08105162384762998,0.0756769126934086,3.0834822522297953
17.68,-16.838709677419356,-8.709677419354838,-0.0,-0.0,132.05908100715152,-0.08105162384762998,0.0756769126934086,3.0834822522297953
17.69,-16.838709677419356,-8.709677419354838,-0.0,-0.0,132.06797732109126,-0.08105162384762998,0.0756769126934086,3.0834822522297953
17.7,-16.838709677419356,-8.709677419354838,-0.0,-0.0,132.076873635031,-0.08105162384762998,0.0756769126934086,3.0834822522297953
17.71,-16.838709677419356,-8.709677419354838,-0.0,-0.0,132.08576994897075,-0.08105162384762998,0.07567691269340882,3.0834822522297953
17.72,-16.838709677419356,-8.709677419354838,-0.0,-0.0,132.0946662629105,-0.08105162384762954,0.07567691269340904,3.0834822522297953
17.73,-16.838709677419356,-8.709677419354838,-0.0,-0.0,132.10356257685024,-0.08105162384762954,0.07567691269340904,3.0834822522297953
17.74,-16.838709677419356,-8.709677419354838,-0.0,-0.0,132.11245889078998,-0.08105162384762998,0.07567691269340882,3.0834822522297953
17.75,-16.838709677419356,-8.709677419354838,-0.0,-0.0,132.12135520472972,-0.08105162384762954,0.07567691269340926,3.0834822522297953
17.76,-16.838709677419356,-8.709677419354838,-0.0,-0.0,132.13025151866947,-0.08105162384762954,0.07567691269340926,3.0834822522297953
17.77,-16.838709677419356,-8.709677419354838,-0.0,-0.0,132.1391478326092,-0.08105162384762954,0.07567691269340904,3.0834822522297953
17.78,-16.838709677419356,-8.709677419354838,-0.0,-0.0,132.14804414654895,-0.08105162384762954,0.07567691269340926,3.0834822522297953
17.79,-16.838709677419356,-8.709677419354838,-0.0,-0.0,132.1569404604887,-0.08105162384762954,0.07567691269340926,3.0834822522297953
17.8,-16.838709677419356,-8.709677419354838,-0.0,-0.0,132.16583677442844,-0.08105162384762954,0.07567691269340926,3.0834822522297953
17.81,-16.838709677419356,-8.709677419354838,-0.0,-0.0,132.17473308836819,-0.08105162384762954,0.07567691269340904,3.0834822522297953
17.82,-16.838709677419356,-8.709677419354838,-0.0,-0.0,132.18362940230793,-0.0810516238476291,0.07567691269340948,3.0834822522297953
17.83,-16.838709677419356,-8.709677419354838,-0.0,-0.0,132.19252571624767,-0.08105162384762954,0.07567691269340926,3.0834822522297953
17.84,-16.838709677419356,-8.709677419354838,-0.0,-0.0,6.537715886595686,-0.0810516238476291,0.07567691269340948,3.0834822522297958
17.85,-16.838709677419356,-8.709677419354838,-0.0,-0.0,132.21031834412716,-0.08105162384762954,0.07567691269340926,3.0834822522297953
17.86,-16.838709677419356,-8.709677419354838,-0.0,-0.0,132.2192146580669,-0.08105162384762954,0.07567691269340904,3.0834822522297953
17.87,-16.838709677419356,-8.709677419354838,-0.0,-0.0,132.22811097200665,-0.0810516238476291,0.07567691269340948,3.0834822522297953
17.88,-16.838709677419356,-8.709677419354838,-0.0,-0.0,6.57330114235466,-0.0810516238476291,0.07567691269340948,3.0834822522297953
17.89,-16.838709677419356,-8.709677419354838,-0.0,-0.0,132.24590359988613,-0.08105162384762954,0.07567691269340926,3.0834822522297953
17.9,-16.838709677419356,-8.709677419354838,-0.0,-0.0,132.25479991382588,-0.08105162384762954,0.07567691269340926,3.0834822522297953
17.91,-16.838709677419356,-8.709677419354838,-0.0,-0.0,132.26369622776562,-0.08105162384762954,0.07567691269340926,3.0834822522297953
17.92,-16.838709677419356,-8.709677419354838,-0.0,-0.0,132.27259254170536,-0.08105162384762954,0.07567691269340926,3.083482252229795
17.93,-16.838709677419356,-8.709677419354838,-0.0,-0.0,132.2814888556451,-0.08105162384762954,0.07567691269340926,3.0834822522297953
17.94,-16.838709677419356,-8.709677419354838,-0.0,-0.0,132.29038516958485,-0.08105162384762954,0.07567691269340904,3.0834822522297953
17.95,-16.838709677419356,-8.709677419354838,-0.0,-0.0,132.2992814835246,-0.08105162384762954,0.07567691269340926,3.0834822522297953
17.96,-16.838709677419356,-8.709677419354838,-0.0,-0.0,132.30817779746434,-0.08105162384762954,0.07567691269340926,3.0834822522297953
17.97,-16.838709677419356,-8.709677419354838,-0.0,-0.0,132.31707411140408,-0.08105162384762954,0.07567691269340904,3.0834822522297953
17.98,-16.838709677419356,-8.709677419354838,-0.0,-0.0,132.32597042534383,-0.08105162384762998,0.07567691269340882,3.0834822522297953
17.99,-16.838709677419356,-8.709677419354838,-0.0,-0.0,132.33486673928357,-0.08105162384762998,0.07567691269340882,3.083482252229795
18.0,-16.838709677419356,-8.709677419354838,-0.0,-0.0,6.680056909631583,-0.08105162384762954,0.07567691269340904,3.0834822522297958
18.01,-16.838709677419356,-7.548387096774192,-0.0,-0.0,132.35307772969847,-0.07555684697871623,0.15522537153065763,3.0822849067143467
18.02,-16.838709677419356,-7.548387096774192,-0.0,-0.0,132.36266870616447,-0.07405587203229036,0.13998256703183265,3.0807363096164098
18.03,-16.838709677419356,-7.548387096774192,-0.0,-0.0,132.37244440872078,-0.07465725286253022,0.1281867851283539,3.079094138037764
18.04,-16.838709677419356,-7.548387096774192,-0.0,-0.0,132.3823451453611,-0.07625851446598975,0.11900845803275695,3.0774998066756325
18.05,-16.838709677419356,-7.548387096774192,-0.0,-0.0,6.7286251483712025,-0.07824853931192877,0.11184258952145987,3.076025660047375
18.06,-16.838709677419356,-7.548387096774192,-0.0,-0.0,132.40237610770214,-0.08030043400896947,0.10623534509888455,3.0747036827024776
18.07,-16.838709677419356,-7.548387096774192,-0.0,-0.0,132.4124613380731,-0.08224716319614211,0.10183948922717712,3.073542553256915
18.08,-16.838709677419356,-7.548387096774192,-0.0,-0.0,6.758868297823108,-0.08401095427823457,0.09838659611558931,3.0725378203457256
18.09,-16.838709677419356,-7.548387096774192,-0.0,-0.0,132.43270677796048,-0.08556362525726868,0.09566839297959584,3.071678050160666
18.1,-16.838709677419356,-7.548387096774192,-0.0,-0.0,132.44285239368313,-0.08690406940424,0.0935232307069146,3.070948564132376
18.11,-16.838709677419356,-7.548387096774192,-0.0,-0.0,132.45300718848569,-0.08804530179608672,0.0918257460721853,3.0703336933049266
18.12,-16.838709677419356,-7.548387096774192,-0.0,-0.0,132.4631683418038,-0.08900695103589484,0.09047877079052802,3.0698180991573216
18.13,-16.838709677419356,-7.548387096774192,-0.0,-0.0,132.47333391464943,-0.08981093018910036,0.08940696826935046,3.0693875011275735
18.14,-16.838709677419356,-7.548387096774192,-0.0,-0.0,132.48350257404434,-0.09047900169486711,0.08855185187759584,3.069029028784624
18.15,-16.838709677419356,-7.548387096774192,-0.0,-0.0,132.49367340268847,-0.09103148278747164,0.08786791428141638,3.0687313411203783
18.16,-16.838709677419356,-7.548387096774192,-0.0,-0.0,132.5038457679387,-0.09148663692032111,0.08731964181908447,3.0684846066671687
18.17,-16.838709677419356,-7.548387096774192,-0.0,-0.0,132.5140192319207,-0.09186047150924415,0.08687922408487403,3.0682804056977946
18.18,-16.838709677419356,-7.548387096774192,-0.0,-0.0,132.52419349004393,-0.09216676820748981,0.08652480242911198,3.0681115938929184
18.19,-16.838709677419356,-7.548387096774192,-0.0,-0.0,132.53436832904143,-0.09241723779728206,0.08623913185791177,3.0679721521152996
18.2,-16.838709677419356,-7.548387096774192,-0.0,-0.0,132.54454359837635,-0.09262173344202984,0.0860085577649009,3.0678570370763176
18.21,-16.838709677419356,-7.548387096774192,-0.0,-0.0,132.55471919076712,-0.092788482572421,0.0858222314501641,3.067762041200679
18.22,-16.838709677419356,-7.548387096774192,-0.0,-0.0,132.56489502891645,-0.09292431454602523,0.08567150650729527,3.0676836658272886
18.23,-16.838709677419356,-7.548387096774192,-0.0,-0.0,132.5750710564532,-0.09303487184098103,0.08554947233587273,3.0676190092833715
18.24,-16.838709677419356,-7.548387096774192,-0.0,-0.0,132.58524723173196,-0.09312479911360105,0.08545059189748971,3.0675656698140306
18.25,-16.838709677419356,-7.548387096774192,-0.0,-0.0,132.59542352357138,-0.0931979083983443,0.0853704190362129,3.067521662478575
18.26,-16.838709677419356,-7.548387096774192,-0.0,-0.0,132.60559990830873,-0.09325732099695161,0.08530537682326333,3.067485348691644
18.27,-16.838709677419356,-7.548387096774192,-0.0,-0.0,132.61577636774993,-0.09330558781001175,0.08525258295720672,3.067455376924776
18.28,-16.838709677419356,-7.548387096774192,-0.0,-0.0,132.6259528877308,-0.09334479041388599,0.08520971164955804,3.0674306330830254
18.29,-16.838709677419356,-7.548387096774192,-0.0,-0.0,6.9724233135055105,-0.09337662534188995,0.0851748839547889,3.0674101991592924
18.3,-16.838709677419356,-7.548387096774192,-0.0,-0.0,132.64630606697435,-0.09340247395957513,0.08514658039160838,3.0673933189021856
18.31,-16.838709677419356,-7.548387096774192,-0.0,-0.0,132.65648271023588,-0.09342346013657088,0.08512357111797886,3.0673793693820404
18.32,-16.838709677419356,-7.548387096774192,-0.0,-0.0,132.66665938111436,-0.09344049767720408,0.08510485998996797,3.0673678374890603
18.33,-16.838709677419356,-7.548387096774192,-0.0,-0.0,132.6768360749104,-0.0934543292182497,0.08508963964485028,3.0673583005379506
18.34,-16.838709677419356,-7.548387096774192,-0.0,-0.0,132.68701278777309,-0.09346555805691525,0.08507725536797739,3.067350410279796
18.35,-16.838709677419356,-7.548387096774192,-0.0,-0.0,132.69718951653178,-0.09347467414695099,0.08506717597922708,3.0673438797338775
18.36,-16.838709677419356,-7.548387096774192,-0.0,-0.0,132.70736625856574,-0.09348207530074504,0.08505897034358434,3.0673384723484483
18.37,-16.838709677419356,-7.548387096774192,-0.0,-0.0,132.7175430117018,-0.09348808446139634,0.08505228839773915,3.067333993082406
18.38,-16.838709677419356,-7.548387096774192,-0.0,-0.0,132.72771977413305,-0.09349296376016136,0.08504684580964483,3.067330281069195
18.39,-16.838709677419356,-7.548387096774192,-0.0,-0.0,132.737896544354,-0.0934969259490932,0.0850424115652485,3.0673272035827215
18.4,-16.838709677419356,-7.548387096774192,-0.0,-0.0,132.748073321108,-0.09350014369344306,0.08503879791688651,3.0673246510745606
18.41,-16.838709677419356,-7.548387096774192,-0.0,-0.0,132.7582501033447,-0.09350275712094613,0.08503585223920085,3.067322533091913
18.42,-16.838709677419356,-7.548387096774192,-0.0,-0.0,132.76842689018503,-0.09350487995271006,0.08503345042720023,3.0673207749194256
18.43,-16.838709677419356,-7.548387096774192,-0.0,-0.0,132.77860368089262,-0.0935066044807622,0.08503149154208633,3.067319314815997
18.44,-16.838709677419356,-7.548387096774192,-0.0,-0.0,132.78878047485017,-0.09350800560831973,0.08502989346733825,3.0673181017406126
18.45,-16.838709677419356,-7.548387096774192,-0.0,-0.0,132.7989572715398,-0.09350914412870415,0.08502858938323288,3.0673170934803564
18.46,-16.838709677419356,-7.548387096774192,-0.0,-0.0,132.8091340705268,-0.09351006938608108,0.08502752490468624,3.067316255108479
18.47,-16.838709677419356,-7.548387096774192,-0.0,-0.0,132.81931087144613,-0.09351082143433675,0.08502665575700175,3.06731555771449
18.48,-16.838709677419356,-7.548387096774192,-0.0,-0.0,7.165781530399409,-0.09351143278868901,0.08502594588790557,3.0673149773574595
18.49,-16.838709677419356,-7.548387096774192,-0.0,-0.0,132.83966447790405,-0.09351192984679191,0.0850253659336313,3.067314494203268
18.5,-16.838709677419356,-7.548387096774192,-0.0,-0.0,132.84984128296824,-0.09351233404170767,0.08502489197234486,3.0673140918129094
18.51,-16.838709677419356,-7.548387096774192,-0.0,-0.0,132.8600180890015,-0.09351266277731396,0.08502450451089605,3.067313756555614
18.52,-16.838709677419356,-7.548387096774192,-0.0,-0.0,132.8701948958506,-0.09351293018725526,0.08502418766100261,3.0673134771240873
18.53,-16.838709677419356,-7.548387096774192,-0.0,-0.0,132.88037170338663,-0.09351314775071029,0.08502392846935292,3.067313244134554
18.54,-16.838709677419356,-7.548387096774192,-0.0,-0.0,132.89054851150112,-0.09351332479204233,0.08502371637272266,3.067313049796131
18.55,-16.838709677419356,-7.548387096774192,-0.0,-0.0,132.90072532010282,-0.09351346888622891,0.08502354275470558,3.0673128876377374
18.56,-16.838709677419356,-7.548387096774192,-0.0,-0.0,132.91090212911487,-0.09351358618786954,0.08502340058502711,3.0673127522822936
18.57,-16.838709677419356,-7.548387096774192,-0.0,-0.0,132.92107893847262,-0.09351368169820629,0.08502328412597737,3.067312639259797
18.58,-16.838709677419356,-7.548387096774192,-0.0,-0.0,132.9312557481216,-0.09351375948182761,0.08502318869345371,3.067312544852882
18.59,-16.838709677419356,-7.548387096774192,-0.0,-0.0,132.94143255801595,-0.09351382284257781,0.08502311046238298,3.0673124659687914
18.6,-16.838709677419356,-7.548387096774192,-0.0,-0.0,132.9516093681171,-0.09351387446635684,0.08502304630825253,3.0673124000333063
18.61,-16.838709677419356,-7.548387096774192,-0.0,-0.0,132.96178617839246,-0.09351391653702956,0.085022993678051,3.0673123449031694
18.62,-16.838709677419356,-7.548387096774192,-0.0,-0.0,132.9719629888147,-0.09351395083057779,0.08502295048506558,3.0673122987929324
18.63,-16.838709677419356,-7.548387096774192,-0.0,-0.0,132.98213979936074,-0.09351397879150358,0.0850229150232008,3.0673122602149596
18.64,-16.838709677419356,-7.548387096774192,-0.0,-0.0,132.9923166100111,-0.09351400159492362,0.08502288589708507,3.0673122279290412
18.65,-16.838709677419356,-7.548387096774192,-0.0,-0.0,133.0024934207494,-0.09351402019697042,0.08502286196511244,3.0673122009009846
18.66,-16.838709677419356,-7.548387096774192,-0.0,-0.0,133.01267023156186,-0.09351403537575464,0.08502284229297152,3.06731217826798
18.67,-16.838709677419356,-7.548387096774192,-0.0,-0.0,7.359140898845078,-0.09351404776462524,0.0850228261157503,3.067312159310054
18.68,-16.838709677419356,-7.548387096774192,-0.0,-0.0,133.03302385336448,-0.09351405787921374,0.08502281280699242,3.067312143426069
18.69,-16.838709677419356,-7.548387096774192,-0.0,-0.0,133.0432006643366,-0.09351406613939228,0.085022801853463,3.0673121301140784
18.7,-16.838709677419356,-7.548387096774192,-0.0,-0.0,133.0533774753462,-0.09351407288713487,0.0850227928345274,3.0673121189547405
18.71,-16.838709677419356,-7.548387096774192,-0.0,-0.0,133.0635542863874,-0.0935140784010342,0.08502278540531216,3.0673121095975575
18.72,-16.838709677419356,-7.548387096774192,-0.0,-0.0,133.07373109745524,-0.09351408290809449,0.08502277928296054,3.0673121017495744
18.73,-16.838709677419356,-7.548387096774192,-0.0,-0.0,133.08390790854557,-0.09351408659332949,0.08502277423538895,3.067312095165813
18.74,-16.838709677419356,-7.548387096774192,-0.0,-0.0,133.09408471965486,-0.09351408960756613,0.08502277007209813,3.0673120896413426
18.75,-16.838709677419356,-7.548387096774192,-0.0,-0.0,133.10426153078015,-0.09351409207379491,0.08502276663665975,3.0673120850046707
18.76,-16.838709677419356,-7.548387096774192,-0.0,-0.0,133.11443834191894,-0.0935140940923278,0.08502276380057461,3.067312081112282
18.77,-16.838709677419356,-7.548387096774192,-0.0,-0.0,7.460909009477371,-0.09351409574500291,0.08502276145824272,3.0673120778440333
18.78,-16.838709677419356,-7.548387096774192,-0.0,-0.0,133.13479196422887,-0.09351409709860947,0.08502275952284155,3.067312075099247
18.79,-16.838709677419356,-7.548387096774192,-0.0,-0.0,133.14496877539673,-0.09351409820766299,0.08502275792296554,3.067312072793641
18.8,-16.838709677419356,-7.548387096774192,-0.0,-0.0,133.15514558657142,-0.09351409911667652,0.08502275659986014,3.06731207085658
18.81,-16.838709677419356,-7.548387096774192,-0.0,-0.0,133.16532239775188,-0.09351409986201031,0.08502275550515648,3.0673120692288234
18.82,-16.838709677419356,-7.548387096774192,-0.0,-0.0,133.1754992089372,-0.09351410047336595,0.08502275459902586,3.067312067860754
18.83,-16.838709677419356,-7.548387096774192,-0.0,-0.0,133.18567602012664,-0.09351410097502133,0.08502275384864999,3.0673120667107145
18.84,-16.838709677419356,-7.548387096774192,-0.0,-0.0,133.19585283131954,-0.09351410138681926,0.08502275322698383,3.06731206574382
18.85,-16.838709677419356,-7.548387096774192,-0.0,-0.0,133.20602964251535,-0.09351410172498675,0.08502275271172521,3.0673120649307903
18.86,-16.838709677419356,-7.548387096774192,-0.0,-0.0,133.21620645371362,-0.09351410200280452,0.08502275228446965,3.0673120642469827
18.87,-16.838709677419356,-7.548387096774192,-0.0,-0.0,7.562677121322247,-0.09351410223113232,0.08502275193003528,3.067312063671805
18.88,-16.838709677419356,-7.548387096774192,-0.0,-0.0,7.572853932524362,-0.09351410241886549,0.08502275163588136,3.067312063187907
18.89,-16.838709677419356,-7.548387096774192,-0.0,-0.0,133.24673688731968,-0.09351410257328419,0.08502275139165227,3.0673120627807626
18.9,-16.838709677419356,-7.548387096774192,-0.0,-0.0,133.25691369852453,-0.09351410270035387,0.08502275118878766,3.0673120624381407
18.91,-16.838709677419356,-7.548387096774192,-0.0,-0.0,133.26709050973042,-0.0935141028049622,0.08502275102021095,3.067312062149783
18.92,-16.838709677419356,-7.548387096774192,-0.0,-0.0,133.27726732093723,-0.09351410289111839,0.08502275088006639,3.0673120619070393
18.93,-16.838709677419356,-7.548387096774192,-0.0,-0.0,133.28744413214477,-0.0935141029621045,0.08502275076351395,3.0673120617027156
18.94,-16.838709677419356,-7.548387096774192,-0.0,-0.0,133.29762094335297,-0.09351410302062058,0.08502275066653853,3.0673120615306564
18.95,-16.838709677419356,-7.548387096774192,-0.0,-0.0,133.30779775456168,-0.09351410306887398,0.08502275058582398,3.0673120613858154
18.96,-16.838709677419356,-7.548387096774192,-0.0,-0.0,133.31797456577084,-0.09351410310868591,0.08502275051861263,3.067312061263817
18.97,-16.838709677419356,-7.548387096774192,-0.0,-0.0,133.3281513769804,-0.09351410314154762,0.08502275046262397,3.0673120611610525
18.98,-16.838709677419356,-7.548387096774192,-0.0,-0.0,133.33832818819027,-0.09351410316868125,0.08502275041596874,3.067312061074516
18.99,-16.838709677419356,-7.548387096774192,-0.0,-0.0,133.34850499940043,-0.09351410319109865,0.0850227503770733,3.0673120610015974
19.0,-16.838709677419356,-7.548387096774192,-0.0,-0.0,133.35868181061082,-0.09351410320962539,0.08502275034463691,3.0673120609401776
19.01,-16.838709677419356,-7.548387096774192,-0.0,-0.0,133.3688586218214,-0.09351410322494491,0.08502275031757567,3.0673120608884212
19.02,-16.838709677419356,-7.548387096774192,-0.0,-0.0,133.37903543303213,-0.09351410323761566,0.08502275029499295,3.067312060844835
19.03,-16.838709677419356,-7.548387096774192,-0.0,-0.0,133.389212244243,-0.09351410324810372,0.08502275027613804,3.0673120608080833
19.04,-16.838709677419356,-7.548387096774192,-0.0,-0.0,133.39938905545398,-0.09351410325678633,0.08502275026039186,3.067312060777116
19.05,-16.838709677419356,-7.548387096774192,-0.0,-0.0,133.40956586666508,-0.09351410326398013,0.08502275024723527,3.0673120607509974
19.06,-16.838709677419356,-7.548387096774192,-0.0,-0.0,133.41974267787626,-0.0935141032699407,0.08502275023624051,3.067312060728993
19.07,-16.838709677419356,-7.548387096774192,-0.0,-0.0,133.4299194890875,-0.09351410327488119,0.08502275022705053,3.067312060710459
19.08,-16.838709677419356,-7.548387096774192,-0.0,-0.0,133.4400963002988,-0.09351410327897991,0.08502275021936434,3.0673120606948254
19.09,-16.838709677419356,-7.548387096774192,-0.0,-0.0,133.45027311151014,-0.09351410328238097,0.08502275021293426,3.0673120606816364
19.1,-16.838709677419356,-7.548387096774192,-0.0,-0.0,133.46044992272152,-0.09351410328520271,0.08502275020755545,3.0673120606705355
19.11,-16.838709677419356,-7.548387096774192,-0.0,-0.0,133.47062673393296,-0.09351410328754906,0.08502275020305039,3.0673120606611426
19.12,-16.838709677419356,-7.548387096774192,-0.0,-0.0,133.48080354514443,-0.09351410328949683,0.08502275019927996,3.067312060653242
19.13,-16.838709677419356,-7.548387096774192,-0.0,-0.0,133.49098035635592,-0.09351410329111642,0.0850227501961216,3.0673120606465742
19.14,-16.838709677419356,-7.548387096774192,-0.0,-0.0,133.5011571675674,-0.09351410329246135,0.08502275019347738,3.0673120606409756
19.15,-16.838709677419356,-7.548387096774192,-0.0,-0.0,7.847627835187206,-0.09351410329358223,0.0850227501912596,3.0673120606362256
19.16,-16.838709677419356,-7.548387096774192,-0.0,-0.0,133.5215107899905,-0.09351410329451548,0.08502275018940031,3.067312060632214
19.17,-16.838709677419356,-7.548387096774192,-0.0,-0.0,133.53168760120204,-0.0935141032952902,0.08502275018784367,3.067312060628855
19.18,-16.838709677419356,-7.548387096774192,-0.0,-0.0,133.5418644124136,-0.09351410329593524,0.08502275018653827,3.067312060626022
19.19,-16.838709677419356,-7.548387096774192,-0.0,-0.0,133.55204122362517,-0.09351410329647525,0.08502275018544092,3.0673120606236033
19.2,-16.838709677419356,-7.548387096774192,-0.0,-0.0,133.56221803483675,-0.09351410329692378,0.08502275018452199,3.0673120606215867
19.21,-16.838709677419356,-7.548387096774192,-0.0,-0.0,133.57239484604833,-0.09351410329729748,0.08502275018375094,3.067312060619886
19.22,-16.838709677419356,-7.548387096774192,-0.0,-0.0,7.918865513668176,-0.09351410329760901,0.08502275018310368,3.06731206061845
19.23,-16.838709677419356,-7.548387096774192,-0.0,-0.0,133.5927484684715,-0.09351410329787191,0.08502275018255778,3.0673120606172115
19.24,-16.838709677419356,-7.548387096774192,-0.0,-0.0,133.60292527968312,-0.09351410329808907,0.08502275018210137,3.06731206061619
19.25,-16.838709677419356,-7.548387096774192,-0.0,-0.0,133.61310209089473,-0.09351410329827026,0.08502275018171812,3.067312060615328
19.26,-16.838709677419356,-7.548387096774192,-0.0,-0.0,133.62327890210634,-0.09351410329842191,0.08502275018139593,3.0673120606146007
19.27,-16.838709677419356,-7.548387096774192,-0.0,-0.0,133.63345571331794,-0.09351410329854848,0.08502275018112548,3.067312060613987
19.28,-16.838709677419356,-7.548387096774192,-0.0,-0.0,133.64363252452955,-0.09351410329865417,0.08502275018089811,3.067312060613469
19.29,-16.838709677419356,-7.548387096774192,-0.0,-0.0,7.990103192149428,-0.09351410329874277,0.08502275018070693,3.067312060613032
19.3,-16.838709677419356,-7.548387096774192,-0.0,-0.0,133.66398614695277,-0.09351410329881649,0.08502275018054628,3.0673120606126636
19.31,-16.838709677419356,-7.548387096774192,-0.0,-0.0,133.67416295816437,-0.09351410329887844,0.08502275018041139,3.0673120606123523
19.32,-16.838709677419356,-7.548387096774192,-0.0,-0.0,133.68433976937598,-0.0935141032989304,0.0850227501802977,3.06731206061209
19.33,-16.838709677419356,-7.548387096774192,-0.0,-0.0,133.6945165805876,-0.0935141032989737,0.085022750180202,3.067312060611868
19.34,-16.838709677419356,-7.548387096774192,-0.0,-0.0,133.7046933917992,-0.09351410329900989,0.08502275018012184,3.067312060611681
19.35,-16.838709677419356,-7.548387096774192,-0.0,-0.0,133.7148702030108,-0.09351410329904009,0.08502275018005434,3.067312060611523
19.36,-16.838709677419356,-7.548387096774192,-0.0,-0.0,133.7250470142224,-0.09351410329906562,0.08502275017999761,3.06731206061139
19.37,-16.838709677419356,-7.548387096774192,-0.0,-0.0,133.73522382543402,-0.09351410329908694,0.08502275017994976,3.067312060611277
19.38,-16.838709677419356,-7.548387096774192,-0.0,-0.0,133.74540063664563,-0.0935141032991047,0.08502275017990946,3.067312060611182
19.39,-16.838709677419356,-7.548387096774192,-0.0,-0.0,133.75557744785723,-0.0935141032991198,0.0850227501798756,3.067312060611102
19.4,-16.838709677419356,-7.548387096774192,-0.0,-0.0,133.76575425906884,-0.09351410329913246,0.08502275017984695,3.0673120606110347
19.41,-16.838709677419356,-7.548387096774192,-0.0,-0.0,133.77593107028045,-0.09351410329914289,0.08502275017982308,3.0673120606109774
19.42,-16.838709677419356,-7.548387096774192,-0.0,-0.0,133.78610788149206,-0.09351410329915177,0.08502275017980276,3.0673120606109294
19.43,-16.838709677419356,-7.548387096774192,-0.0,-0.0,133.79628469270367,-0.0935141032991591,0.08502275017978567,3.0673120606108886
19.44,-16.838709677419356,-7.548387096774192,-0.0,-0.0,133.8064615039153,-0.09351410329916776,0.08502275017976901,3.067312060610826
19.45,-16.838709677419356,-7.548387096774192,-0.0,-0.0,133.81663831512694,-0.09351410329917287,0.0850227501797568,3.0673120606107966
19.46,-16.838709677419356,-7.548387096774192,-0.0,-0.0,133.82681512633857,-0.09351410329917731,0.08502275017974659,3.067312060610772
19.47,-16.838709677419356,-7.548387096774192,-0.0,-0.0,133.8369919375502,-0.0935141032991813,0.0850227501797377,3.067312060610752
19.48,-16.838709677419356,-7.548387096774192,-0.0,-0.0,133.84716874876185,-0.09351410329918419,0.08502275017973082,3.067312060610734
19.49,-16.838709677419356,-7.548387096774192,-0.0,-0.0,133.85734555997348,-0.09351410329918686,0.0850227501797246,3.0673120606107194
19.5,-16.838709677419356,-7.548387096774192,-0.0,-0.0,133.86752237118512,-0.09351410329918908,0.08502275017971939,3.067312060610707
19.51,-16.838709677419356,-7.548387096774192,-0.0,-0.0,133.87769918239675,-0.09351410329919108,0.08502275017971506,3.0673120606106963
19.52,-16.838709677419356,-7.548387096774192,-0.0,-0.0,133.8878759936084,-0.09351410329919263,0.08502275017971128,3.067312060610688
19.53,-16.838709677419356,-7.548387096774192,-0.0,-0.0,133.89805280482003,-0.09351410329919396,0.08502275017970817,3.0673120606106803
19.54,-16.838709677419356,-7.548387096774192,-0.0,-0.0,133.90822961603166,-0.0935141032991953,0.08502275017970551,3.067312060610674
19.55,-16.838709677419356,-7.548387096774192,-0.0,-0.0,133.9184064272433,-0.09351410329919618,0.08502275017970329,3.0673120606106687
19.56,-16.838709677419356,-7.548387096774192,-0.0,-0.0,133.92858323845493,-0.09351410329919685,0.08502275017970129,3.0673120606106643
19.57,-16.838709677419356,-7.548387096774192,-0.0,-0.0,133.93876004966657,-0.09351410329919752,0.08502275017969985,3.0673120606106603
19.58,-16.838709677419356,-7.548387096774192,-0.0,-0.0,8.285230717286476,-0.0935141032991984,0.0850227501796984,3.067312060610657
19.59,-16.838709677419356,-7.548387096774192,-0.0,-0.0,133.95911367208984,-0.09351410329919863,0.08502275017969729,3.0673120606106545
19.6,-16.838709677419356,-7.548387096774192,-0.0,-0.0,133.96929048330148,-0.09351410329919907,0.0850227501796964,3.067312060610652
19.61,-16.838709677419356,-7.548387096774192,-0.0,-0.0,133.9794672945131,-0.09351410329919929,0.08502275017969574,3.06731206061065
19.62,-16.838709677419356,-7.548387096774192,-0.0,-0.0,133.98964410572475,-0.09351410329919974,0.08502275017969485,3.0673120606106483
19.63,-16.838709677419356,-7.548387096774192,-0.0,-0.0,133.9998209169364,-0.09351410329920018,0.0850227501796943,3.067312060610647
19.64,-16.838709677419356,-7.548387096774192,-0.0,-0.0,134.00999772814802,-0.0935141032992004,0.08502275017969374,3.067312060610646
19.65,-16.838709677419356,-7.548387096774192,-0.0,-0.0,134.02017453935966,-0.09351410329920018,0.08502275017969352,3.067312060610645
19.66,-16.838709677419356,-7.548387096774192,-0.0,-0.0,134.0303513505713,-0.0935141032992004,0.0850227501796933,3.0673120606106443
19.67,-16.838709677419356,-7.548387096774192,-0.0,-0.0,134.04052816178293,-0.09351410329920062,0.08502275017969296,3.0673120606106434
19.68,-16.838709677419356,-7.548387096774192,-0.0,-0.0,134.05070497299457,-0.09351410329920062,0.08502275017969263,3.067312060610643
19.69,-16.838709677419356,-7.548387096774192,0.0,-0.0,134.0608817842062,-0.09351410329920085,0.08502275017969241,3.0673120606106425
19.7,-16.838709677419356,-7.548387096774192,0.0,-0.0,134.07105859541784,-0.09351410329920107,0.08502275017969207,3.067312060610642
19.71,-16.838709677419356,-7.548387096774192,0.0,-0.0,134.08123540662947,-0.09351410329920062,0.0850227501796923,3.0673120606106417
19.72,-16.838709677419356,-7.548387096774192,0.0,-0.0,134.0914122178411,-0.09351410329920062,0.08502275017969219,3.067312060610641
19.73,-16.838709677419356,-7.548387096774192,0.0,-0.0,8.437882885461017,-0.09351410329920062,0.08502275017969219,3.0673120606106417
19.74,-16.838709677419356,-7.548387096774192,0.0,-0.0,134.11176584026438,-0.09351410329920085,0.08502275017969196,3.0673120606106408
19.75,-16.838709677419356,-7.548387096774192,0.0,-0.0,134.12194265147602,-0.09351410329920062,0.08502275017969219,3.0673120606106408
19.76,-16.838709677419356,-7.548387096774192,0.0,-0.0,134.13211946268765,-0.09351410329920062,0.08502275017969219,3.0673120606106403
19.77,-16.838709677419356,-7.548387096774192,0.0,-0.0,134.1422962738993,-0.09351410329920062,0.08502275017969219,3.0673120606106403
19.78,-16.838709677419356,-7.548387096774192,0.0,-0.0,134.15247308511093,-0.09351410329920062,0.08502275017969219,3.0673120606106403
19.79,-16.838709677419356,-7.548387096774192,0.0,-0.0,134.16264989632256,-0.0935141032992004,0.08502275017969241,3.0673120606106403
19.8,-16.838709677419356,-7.548387096774192,0.0,-0.0,134.1728267075342,-0.09351410329920062,0.08502275017969219,3.06731206061064
19.81,-16.838709677419356,-7.548387096774192,0.0,-0.0,134.18300351874583,-0.09351410329920062,0.08502275017969219,3.06731206061064
19.82,-16.838709677419356,-7.548387096774192,0.0,-0.0,134.19318032995747,-0.09351410329920062,0.08502275017969219,3.06731206061064
19.83,-16.838709677419356,-7.548387096774192,0.0,-0.0,134.2033571411691,-0.0935141032992004,0.08502275017969241,3.06731206061064
19.84,-16.838709677419356,-7.548387096774192,0.0,-0.0,134.21353395238074,-0.0935141032992004,0.08502275017969241,3.06731206061064
19.85,-16.838709677419356,-7.548387096774192,0.0,-0.0,134.22371076359238,-0.0935141032992004,0.08502275017969241,3.06731206061064
19.86,-16.838709677419356,-7.548387096774192,0.0,-0.0,134.23388757480402,-0.09351410329920062,0.08502275017969219,3.06731206061064
19.87,-16.838709677419356,-7.548387096774192,0.0,-0.0,134.24406438601565,-0.09351410329920062,0.08502275017969219,3.0673120606106394
19.88,-16.838709677419356,-7.548387096774192,0.0,-0.0,134.2542411972273,-0.09351410329920062,0.08502275017969219,3.06731206061064
19.89,-16.838709677419356,-7.548387096774192,0.0,-0.0,134.26441800843892,-0.09351410329920062,0.08502275017969219,3.06731206061064
19.9,-16.838709677419356,-7.548387096774192,0.0,-0.0,134.27459481965056,-0.09351410329920085,0.08502275017969196,3.06731206061064
19.91,-16.838709677419356,-7.548387096774192,0.0,-0.0,134.2847716308622,-0.09351410329920062,0.08502275017969219,3.06731206061064
19.92,-16.838709677419356,-7.548387096774192,0.0,-0.0,134.29494844207383,-0.09351410329920062,0.08502275017969219,3.06731206061064
19.93,-16.838709677419356,-7.548387096774192,0.0,-0.0,134.30512525328547,-0.09351410329920062,0.08502275017969219,3.06731206061064
19.94,-16.838709677419356,-7.548387096774192,0.0,-0.0,134.3153020644971,-0.09351410329920062,0.08502275017969219,3.06731206061064
19.95,-16.838709677419356,-7.548387096774192,0.0,-0.0,134.32547887570874,-0.09351410329920062,0.08502275017969219,3.06731206061064
19.96,-16.838709677419356,-7.548387096774192,0.0,-0.0,134.33565568692038,-0.09351410329920085,0.08502275017969196,3.06731206061064
19.97,-16.838709677419356,-7.548387096774192,0.0,-0.0,134.345832498132,-0.09351410329920085,0.08502275017969196,3.0673120606106394
19.98,-16.838709677419356,-7.548387096774192,0.0,-0.0,134.35600930934365,-0.09351410329920062,0.08502275017969219,3.06731206061064
19.99,-16.838709677419356,-7.548387096774192,0.0,-0.0,134.36618612055528,-0.09351410329920062,0.08502275017969219,3.06731206061064
20.0,-16.838709677419356,-7.548387096774192,0.0,-0.0,134.37636293176692,-0.09351410329920085,0.08502275017969196,3.06731206061064
20.01,-16.838709677419356,-6.387096774193548,0.0,-0.0,134.38692154815038,-0.0886094274599798,0.16619648421790068,3.0660771245708864
20.02,-16.838709677419356,-6.387096774193548,0.0,-0.0,134.39774516139738,-0.08689986793434756,0.15184723381361764,3.064516410397171
20.03,-16.838709677419356,-6.387096774193548,0.0,-0.0,134.4087538169518,-0.08704277303793351,0.14049076488118084,3.0628464970484677
20.04,-16.838709677419356,-6.387096774193548,0.0,-0.0,134.4198925473414,-0.08818871475445111,0.13146228815174577,3.061196594164964
20.05,-16.838709677419356,-6.387096774193548,0.0,-0.0,134.43112322637901,-0.08981973435509616,0.12425918048121154,3.0596397617945956
20.06,-16.838709677419356,-6.387096774193548,0.0,-0.0,134.44241916460865,-0.0916285583731371,0.11849564942659985,3.058213575927356
20.07,-16.838709677419356,-6.387096774193548,0.0,-0.0,8.79005539511527,-0.09343827580113317,0.11387191835561272,3.0569334965245036
20.08,-16.838709677419356,-6.387096774193548,0.0,-0.0,134.46513700449717,-0.09515169824789882,0.11015313938475635,3.0558014734973367
20.09,-16.838709677419356,-6.387096774193548,0.0,-0.0,134.47653607282848,-0.09672006104037978,0.10715446259859263,3.0548114958403465
20.1,-16.838709677419356,-6.387096774193548,0.0,-0.0,134.48795198550405,-0.09812372931328905,0.10473002706392953,3.0539531710442405
20.11,-16.838709677419356,-6.387096774193548,0.0,-0.0,134.49937992675004,-0.09936025419626793,0.10276457081242252,3.0532140205195413
20.12,-16.838709677419356,-6.387096774193548,0.0,-0.0,134.51081646496633,-0.10043694594153996,0.10116690266700457,3.052580928545754
20.13,-16.838709677419356,-6.387096774193548,0.0,-0.0,134.52225915536988,-0.10136625385599984,0.09986477220415901,3.0520410295429503
20.14,-16.838709677419356,-6.387096774193548,0.0,-0.0,134.53370625644175,-0.10216291197154859,0.09880082758870001,3.051582222754465
20.15,-16.838709677419356,-6.387096774193548,0.0,-0.0,134.54515652746178,-0.10284220648185682,0.0979294342195246,3.0511934417494735
20.16,-16.838709677419356,-6.387096774193548,0.0,-0.0,134.5566090840252,-0.10341895949217861,0.09721417727973669,3.0508647652767817
20.17,-16.838709677419356,-6.387096774193548,0.0,-0.0,8.904357151467389,-0.10390696973290403,0.09662590612929267,3.0505874283040915
20.18,-16.838709677419356,-6.387096774193548,0.0,-0.0,134.57951870952326,-0.10431874235680061,0.09614120563311379,3.050353773038672
20.19,-16.838709677419356,-6.387096774193548,0.0,-0.0,134.59097500431196,-0.10466539838475541,0.09574120193615232,3.0501571665465383
20.2,-16.838709677419356,-6.387096774193548,0.0,-0.0,134.60243194726937,-0.10495669234114113,0.0954106289558374,3.049991902461768
20.21,-16.838709677419356,-6.387096774193548,0.0,-0.0,134.6138893709574,-0.10520109159953539,0.09513709742245813,3.0498530979842156
20.22,-16.838709677419356,-6.387096774193548,0.0,-0.0,134.62534715405985,-0.10540588751197766,0.09491052099437614,3.049736593063871
20.23,-16.838709677419356,-6.387096774193548,0.0,-0.0,134.6368052082012,-0.10557731939349257,0.09472266415686037,3.0496388557678737
20.24,-16.838709677419356,-6.387096774193548,0.0,-0.0,134.64826346859942,-0.1057206997290101,0.09456678465486879,3.0495568959030006
20.25,-16.838709677419356,-6.387096774193548,0.0,-0.0,134.659721887432,-0.10584053377925673,0.09443734948240112,3.0494881877194726
20.26,-16.838709677419356,-6.387096774193548,0.0,-0.0,134.67118042912045,-0.10594062989737774,0.09432980829758508,3.0494306017424555
20.27,-16.838709677419356,-6.387096774193548,0.0,-0.0,134.68263906697172,-0.10602419887686798,0.09424041185240073,3.0493823453127566
20.28,-16.838709677419356,-6.387096774193548,0.0,-0.0,134.69409778077934,-0.10609394190534815,0.0941660658689607,3.049341911163219
20.29,-16.838709677419356,-6.387096774193548,0.0,-0.0,134.70555655510447,-0.10615212745046265,0.09410421296291749,3.0493080332403855
20.3,-16.838709677419356,-6.387096774193548,0.0,-0.0,134.7170153780388,-0.10620065782576238,0.09405273686853,3.04927964895041
20.31,-16.838709677419356,-6.387096774193548,0.0,-0.0,9.064768096718376,-0.1062411263923515,0.09400988448324643,3.0492558670311247
20.32,-16.838709677419356,-6.387096774193548,0.0,-0.0,134.73993313463146,-0.10627486642510564,0.09397420221722297,3.04923594030415
20.33,-16.838709677419356,-6.387096774193548,0.0,-0.0,134.75139205522512,-0.10630299266285848,0.093944483877208,3.0492192426290257
20.34,-16.838709677419356,-6.387096774193548,0.0,-0.0,134.76285099747136,-0.10632643650506757,0.09391972788895897,3.049205249454676
20.35,-16.838709677419356,-6.387096774193548,0.0,-0.0,134.77430995764746,-0.10634597573581628,0.09389910210862251,3.049193521435951
20.36,-16.838709677419356,-6.387096774193548,0.0,-0.0,134.7857689327321,-0.10636225956392664,0.09388191482209707,3.0491836906525247
20.37,-16.838709677419356,-6.387096774193548,0.0,-0.0,134.79722792025746,-0.10637582967463288,0.09386759080512275,3.0491754490302556
20.38,-16.838709677419356,-6.387096774193548,0.0,-0.0,134.80868691819614,-0.10638713789873044,0.09385565153317721,3.049168538622471
20.39,-16.838709677419356,-6.387096774193548,0.0,-0.0,134.82014592487423,-0.10639656102249262,0.09384569880208349,3.0491627434586728
20.4,-16.838709677419356,-6.387096774193548,0.0,-0.0,134.83160493890347,-0.1064044131871198,0.09383740115748784,3.0491578827118686
20.41,-16.838709677419356,-6.387096774193548,0.0,-0.0,134.84306395912813,-0.10641095626041674,0.09383048264164828,3.049153804974358
20.42,-16.838709677419356,-6.387096774193548,0.0,-0.0,9.190816840991113,-0.1064164085057151,0.09382471345478094,3.0491503834636555
20.43,-16.838709677419356,-6.387096774193548,0.0,-0.0,134.86598201445895,-0.10642095182301259,0.09381990220029834,3.0491475120087825
20.44,-16.838709677419356,-6.387096774193548,0.0,-0.0,134.87744104807743,-0.10642473779433592,0.09381588944178865,3.049145101690593
20.45,-16.838709677419356,-6.387096774193548,0.0,-0.0,134.88890008486686,-0.1064278927286324,0.09381254234737113,3.0491430780300735
20.46,-16.838709677419356,-6.387096774193548,0.0,-0.0,134.90035912434556,-0.1064305218702879,0.09380975023613503,3.0491413786352903
20.47,-16.838709677419356,-6.387096774193548,0.0,-0.0,134.91181816610683,-0.10643271290889,0.09380742087348726,3.049139951232568
20.48,-16.838709677419356,-6.387096774193548,0.0,-0.0,134.92327720980686,-0.1064345389055672,0.09380547738856415,3.0491387520190365
20.49,-16.838709677419356,-6.387096774193548,0.0,-0.0,134.93473625515463,-0.10643606073241196,0.09380385570861383,3.049137744284134
20.5,-16.838709677419356,-6.387096774193548,0.0,-0.0,134.9461953019036,-0.10643732910568171,0.09380250242318966,3.04913689725611
20.51,-16.838709677419356,-6.387096774193548,0.0,-0.0,134.9576543498447,-0.10643838628020896,0.09380137300581148,3.049136185136761
20.52,-16.838709677419356,-6.387096774193548,0.0,-0.0,134.9691133988005,-0.1064392674613237,0.09380043033302699,3.0491355862936347
20.53,-16.838709677419356,-6.387096774193548,0.0,-0.0,134.98057244862036,-0.10644000198129477,0.09379964345095138,3.049135082583954
20.54,-16.838709677419356,-6.387096774193548,0.0,-0.0,134.99203149917628,-0.10644061427948825,0.09379898654780627,3.0491346587887853
20.55,-16.838709677419356,-6.387096774193548,0.0,-0.0,9.3397844067677,-0.1064411247189847,0.09379843809792443,3.049134302139132
20.56,-16.838709677419356,-6.387096774193548,0.0,-0.0,135.01494960207725,-0.1064415502668683,0.09379798014857987,3.049134001919512
20.57,-16.838709677419356,-6.387096774193548,0.0,-0.0,135.02640865425101,-0.10644190506098306,0.09379759772569951,3.0491337491356822
20.58,-16.838709677419356,-6.387096774193548,0.0,-0.0,135.03786770681364,-0.10644220088205203,0.09379727833864382,3.049133536236683
20.59,-16.838709677419356,-6.387096774193548,0.0,-0.0,135.04932675970807,-0.10644244754700738,0.09379701156745324,3.049133356881662
20.6,-16.838709677419356,-6.387096774193548,0.0,-0.0,135.06078581288563,-0.10644265323661983,0.09379678871886232,3.0491332057449267
20.61,-16.838709677419356,-6.387096774193548,0.0,-0.0,135.0722448663049,-0.10644282476846922,0.09379660253953404,3.0491330783522295
20.62,-16.838709677419356,-6.387096774193548,0.0,-0.0,135.08370391993057,-0.10644296782430573,0.09379644697704892,3.04913297094396
20.63,-16.838709677419356,-6.387096774193548,0.0,-0.0,135.0951629737325,-0.10644308713950279,0.09379631698060686,3.0491328803600557
20.64,-16.838709677419356,-6.387096774193548,0.0,-0.0,135.10662202768498,-0.10644318666084729,0.0937962083349052,3.049132803943941
20.65,-16.838709677419356,-6.387096774193548,0.0,-0.0,135.11808108176612,-0.10644326967803219,0.09379611752158845,3.049132739461571
20.66,-16.838709677419356,-6.387096774193548,0.0,-0.0,135.1295401359572,-0.10644333893317004,0.09379604160375932,3.0491326850339693
20.67,-16.838709677419356,-6.387096774193548,0.0,-0.0,135.14099919024227,-0.10644339671207037,0.09379597812962903,3.0491326390802054
20.68,-16.838709677419356,-6.387096774193548,0.0,-0.0,135.1524582446077,-0.10644344492025648,0.09379592505219958,3.0491326002699344
20.69,-16.838709677419356,-6.387096774193548,0.0,-0.0,135.1639172990418,-0.10644348514632762,0.09379588066225042,3.049132567483302
20.7,-16.838709677419356,-6.387096774193548,0.0,-0.0,135.1753763535347,-0.10644351871474256,0.09379584353245218,3.0491325397773803
20.71,-16.838709677419356,-6.387096774193548,0.0,-0.0,135.18683540807785,-0.10644354672979706,0.09379581247075541,3.049132516358096
20.72,-16.838709677419356,-6.387096774193548,0.0,-0.0,135.19829446266402,-0.10644357011228012,0.09379578648149256,3.0491324965564943
20.73,-16.838709677419356,-6.387096774193548,0.0,-0.0,135.20975351728703,-0.10644358963002065,0.0937957647329275,3.0491324798088155
20.74,-16.838709677419356,-6.387096774193548,0.0,-0.0,135.22121257194152,-0.10644360592332291,0.09379574653019973,3.0491324656400014
20.75,-16.838709677419356,-6.387096774193548,0.0,-0.0,135.232671626623,-0.10644361952620063,0.09379573129271046,3.049132453649407
20.76,-16.838709677419356,-6.387096774193548,0.0,-0.0,135.24413068132756,-0.10644363088403819,0.09379571853528867,3.049132443499201
20.77,-16.838709677419356,-6.387096774193548,0.0,-0.0,135.25558973605192,-0.10644364036832843,0.09379570785245273,3.0491324349044167
20.78,-16.838709677419356,-6.387096774193548,0.0,-0.0,135.2670487907932,-0.10644364828895703,0.09379569890527617,3.0491324276245724
20.79,-16.838709677419356,-6.387096774193548,0.0,-0.0,135.278507845549,-0.10644365490443586,0.09379569141042698,3.049132421456706
20.8,-16.838709677419356,-6.387096774193548,0.0,-0.0,135.28996690031724,-0.10644366043044284,0.09379568513101244,3.0491324162294
20.81,-16.838709677419356,-6.387096774193548,0.0,-0.0,135.3014259550961,-0.10644366504691805,0.09379567986895299,3.0491324117979994
20.82,-16.838709677419356,-6.387096774193548,0.0,-0.0,9.649178866292397,-0.10644366890402068,0.09379567545857881,3.0491324080401587
20.83,-16.838709677419356,-6.387096774193548,0.0,-0.0,135.32434406467996,-0.10644367212704298,0.09379567176133086,3.04913240485264
20.84,-16.838709677419356,-6.387096774193548,0.0,-0.0,135.3358031194825,-0.10644367482055794,0.09379566866128686,3.049132402148078
20.85,-16.838709677419356,-6.387096774193548,0.0,-0.0,135.3472621742908,-0.10644367707184155,0.09379566606146006,3.049132399852656
20.86,-16.838709677419356,-6.387096774193548,0.0,-0.0,135.35872122910402,-0.1064436789537484,0.09379566388068639,3.049132397903894
20.87,-16.838709677419356,-6.387096774193548,0.0,-0.0,135.37018028392148,-0.1064436805270903,0.09379566205104073,3.0491323962489947
20.88,-16.838709677419356,-6.387096774193548,0.0,-0.0,135.38163933874256,-0.1064436818426393,0.09379566051566246,3.0491323948432663
20.89,-16.838709677419356,-6.387096774193548,0.0,-0.0,135.39309839356676,-0.1064436829427935,0.09379565922693978,3.0491323936488093
20.9,-16.838709677419356,-6.387096774193548,0.0,-0.0,135.40455744839363,-0.10644368386294811,0.09379565814501312,3.0491323926336245
20.91,-16.838709677419356,-6.387096774193548,0.0,-0.0,135.41601650322278,-0.10644368463266574,0.0937956572364963,3.049132391770578
20.92,-16.838709677419356,-6.387096774193548,0.0,-0.0,135.4274755580539,-0.10644368527664327,0.09379565647341659,3.049132391036615
20.93,-16.838709677419356,-6.387096774193548,0.0,-0.0,135.43893461288673,-0.1064436858154989,0.09379565583234939,3.049132390412322
20.94,-16.838709677419356,-6.387096774193548,0.0,-0.0,135.450393667721,-0.10644368626646705,0.09379565529365586,3.0491323898811347
20.95,-16.838709677419356,-6.387096774193548,0.0,-0.0,135.4618527225565,-0.1064436866439431,0.09379565484087993,3.0491323894290487
20.96,-16.838709677419356,-6.387096774193548,0.0,-0.0,135.47331177739306,-0.10644368695995299,0.09379565446022875,3.0491323890442117
20.97,-16.838709677419356,-6.387096774193548,0.0,-0.0,135.48477083223054,-0.10644368722455289,0.09379565414013247,3.0491323887165094
20.98,-16.838709677419356,-6.387096774193548,0.0,-0.0,135.4962298870688,-0.10644368744614541,0.09379565387088984,3.049132388437378
20.99,-16.838709677419356,-6.387096774193548,0.0,-0.0,135.50768894190776,-0.10644368763175227,0.09379565364436626,3.0491323881995727
21.0,-16.838709677419356,-6.387096774193548,0.0,-0.0,135.51914799674728,-0.10644368778724389,0.09379565345373653,3.04913238799694
21.01,-16.838709677419356,-6.387096774193548,0.0,-0.0,135.5306070515873,-0.10644368791753411,0.09379565329326833,3.0491323878241974
21.02,-16.838709677419356,-6.387096774193548,0.0,-0.0,135.54206610642777,-0.10644368802672521,0.09379565315815697,3.0491323876769325
21.03,-16.838709677419356,-6.387096774193548,0.0,-0.0,135.5535251612686,-0.10644368811825289,0.09379565304436444,3.049132387551343
21.04,-16.838709677419356,-6.387096774193548,0.0,-0.0,135.56498421610974,-0.10644368819498817,0.09379565294850212,3.049132387444221
21.05,-16.838709677419356,-6.387096774193548,0.0,-0.0,135.57644327095113,-0.10644368825933448,0.09379565286772351,3.049132387352838
21.06,-16.838709677419356,-6.387096774193548,0.0,-0.0,135.58790232579275,-0.1064436883133042,0.09379565279963542,3.0491323872748453
21.07,-16.838709677419356,-6.387096774193548,0.0,-0.0,135.5993613806346,-0.10644368835858242,0.0937956527422259,3.0491323872082403
21.08,-16.838709677419356,-6.387096774193548,0.0,-0.0,135.61082043547663,-0.10644368839657226,0.09379565269381152,3.0491323871513996
21.09,-16.838709677419356,-6.387096774193548,0.0,-0.0,135.6222794903188,-0.10644368842845542,0.09379565265296974,3.049132387102864
21.1,-16.838709677419356,-6.387096774193548,0.0,-0.0,135.63373854516107,-0.1064436884552189,0.09379565261850731,3.049132387061417
21.11,-16.838709677419356,-6.387096774193548,0.0,-0.0,135.64519760000346,-0.10644368847769181,0.09379565258941713,3.049132387025991
21.12,-16.838709677419356,-6.387096774193548,0.0,-0.0,135.65665665484593,-0.10644368849656383,0.09379565256485733,3.0491323869957325
21.13,-16.838709677419356,-6.387096774193548,0.0,-0.0,135.6681157096885,-0.10644368851241781,0.09379565254411448,3.0491323869698594
21.14,-16.838709677419356,-6.387096774193548,0.0,-0.0,135.67957476453114,-0.10644368852573916,0.09379565252659017,3.0491323869477296
21.15,-16.838709677419356,-6.387096774193548,0.0,-0.0,135.69103381937384,-0.10644368853693331,0.09379565251178268,3.049132386928825
21.16,-16.838709677419356,-6.387096774193548,0.0,-0.0,135.7024928742166,-0.106443688546344,0.09379565249926569,3.04913238691265
21.17,-16.838709677419356,-6.387096774193548,0.0,-0.0,135.7139519290594,-0.10644368855425479,0.09379565248868427,3.049132386898836
21.18,-16.838709677419356,-6.387096774193548,0.0,-0.0,135.7254109839022,-0.10644368856090836,0.09379565247973431,3.0491323868870133
21.19,-16.838709677419356,-6.387096774193548,0.0,-0.0,135.73687003874508,-0.10644368856650832,0.09379565247215949,3.0491323868768654
21.2,-16.838709677419356,-6.387096774193548,0.0,-0.0,135.74832909358798,-0.10644368857121878,0.09379565246575128,3.049132386868201
21.21,-16.838709677419356,-6.387096774193548,0.0,-0.0,135.75978814843089,-0.10644368857518094,0.09379565246032884,3.0491323868608093
21.22,-16.838709677419356,-6.387096774193548,0.0,-0.0,135.77124720327382,-0.10644368857851938,0.09379565245573485,3.049132386854453
21.23,-16.838709677419356,-6.387096774193548,0.0,-0.0,135.78270625811678,-0.10644368858133113,0.09379565245184318,3.0491323868490063
21.24,-16.838709677419356,-6.387096774193548,0.0,-0.0,10.130459169368004,-0.10644368858369702,0.09379565244854815,3.0491323868443665
21.25,-16.838709677419356,-6.387096774193548,0.0,-0.0,135.80562436780272,-0.10644368858569297,0.09379565244575316,3.049132386840364
21.26,-16.838709677419356,-6.387096774193548,0.0,-0.0,135.8170834226457,-0.10644368858737319,0.09379565244338584,3.0491323868369595
21.27,-16.838709677419356,-6.387096774193548,0.0,-0.0,135.82854247748872,-0.10644368858879227,0.09379565244137589,3.0491323868340143
21.28,-16.838709677419356,-6.387096774193548,0.0,-0.0,135.84000153233174,-0.10644368858998643,0.09379565243967303,3.0491323868315154
21.29,-16.838709677419356,-6.387096774193548,0.0,-0.0,135.85146058717476,-0.10644368859099385,0.0937956524382284,3.049132386829373
21.3,-16.838709677419356,-6.387096774193548,0.0,-0.0,135.86291964201777,-0.10644368859184361,0.09379565243700227,3.0491323868275373
21.31,-16.838709677419356,-6.387096774193548,0.0,-0.0,135.8743786968608,-0.10644368859256081,0.09379565243596133,3.0491323868259634
21.32,-16.838709677419356,-6.387096774193548,0.0,-0.0,135.88583775170383,-0.106443688593169,0.0937956524350747,3.049132386824586
21.33,-16.838709677419356,-6.387096774193548,0.0,-0.0,135.89729680654688,-0.10644368859368036,0.09379565243432375,3.0491323868234286
21.34,-16.838709677419356,-6.387096774193548,0.0,-0.0,135.90875586138992,-0.10644368859411202,0.09379565243368582,3.0491323868224365
21.35,-16.838709677419356,-6.387096774193548,0.0,-0.0,135.92021491623296,-0.10644368859447706,0.0937956524331437,3.0491323868215856
21.36,-16.838709677419356,-6.387096774193548,0.0,-0.0,10.267967827484279,-0.10644368859478526,0.09379565243268284,3.049132386820856
21.37,-16.838709677419356,-6.387096774193548,0.0,-0.0,135.94313302591905,-0.10644368859504594,0.09379565243229071,3.0491323868202294
21.38,-16.838709677419356,-6.387096774193548,0.0,-0.0,135.9545920807621,-0.10644368859526665,0.0937956524319572,3.049132386819692
21.39,-16.838709677419356,-6.387096774193548,0.0,-0.0,135.96605113560514,-0.10644368859545317,0.09379565243167332,3.0491323868192306
21.4,-16.838709677419356,-6.387096774193548,0.0,-0.0,135.97751019044819,-0.10644368859561082,0.09379565243143184,3.0491323868188354
21.41,-16.838709677419356,-6.387096774193548,0.0,-0.0,135.98896924529123,-0.10644368859574449,0.09379565243122634,3.0491323868184956
21.42,-16.838709677419356,-6.387096774193548,0.0,-0.0,10.336722156542544,-0.10644368859585751,0.09379565243105126,3.0491323868182043
21.43,-16.838709677419356,-6.387096774193548,0.0,-0.0,10.348181211385588,-0.10644368859595321,0.09379565243090227,3.0491323868179543
21.44,-16.838709677419356,-6.387096774193548,0.0,-0.0,136.02334640982036,-0.10644368859603448,0.09379565243077514,3.049132386817739
21.45,-16.838709677419356,-6.387096774193548,0.0,-0.0,10.371099321071705,-0.10644368859610576,0.09379565243066423,3.049132386817526
21.46,-16.838709677419356,-6.387096774193548,0.0,-0.0,136.0462645195065,-0.10644368859616415,0.09379565243057186,3.0491323868173676
21.47,-16.838709677419356,-6.387096774193548,0.0,-0.0,136.05772357434958,-0.10644368859621345,0.09379565243049337,3.0491323868172313
21.48,-16.838709677419356,-6.387096774193548,0.0,-0.0,136.06918262919265,-0.10644368859625519,0.0937956524304262,3.0491323868171145
21.49,-16.838709677419356,-6.387096774193548,0.0,-0.0,136.08064168403573,-0.10644368859629072,0.09379565243036903,3.049132386817014
21.5,-16.838709677419356,-6.387096774193548,0.0,-0.0,136.0921007388788,-0.10644368859632114,0.09379565243032029,3.049132386816928
21.51,-16.838709677419356,-6.387096774193548,0.0,-0.0,136.10355979372187,-0.10644368859634668,0.09379565243027854,3.0491323868168543
21.52,-16.838709677419356,-6.387096774193548,0.0,-0.0,10.451312704973214,-0.10644368859636844,0.09379565243024279,3.0491323868167908
21.53,-16.838709677419356,-6.387096774193548,0.0,-0.0,136.12647790340802,-0.10644368859638709,0.09379565243021248,3.0491323868167357
21.54,-16.838709677419356,-6.387096774193548,0.0,-0.0,136.1379369582511,-0.10644368859640285,0.0937956524301864,3.0491323868166886
21.55,-16.838709677419356,-6.387096774193548,0.0,0.0,136.14939601309416,-0.1064436885964164,0.09379565243016408,3.049132386816648
21.56,-16.838709677419356,-6.387096774193548,0.0,0.0,136.16085506793723,-0.1064436885964275,0.0937956524301452,3.0491323868166136
21.57,-16.838709677419356,-6.387096774193548,0.0,0.0,136.1723141227803,-0.10644368859643727,0.0937956524301291,3.049132386816584
21.58,-16.838709677419356,-6.387096774193548,0.0,0.0,136.18377317762338,-0.10644368859644548,0.09379565243011534,3.0491323868165585
21.59,-16.838709677419356,-6.387096774193548,0.0,0.0,136.19523223246645,-0.10644368859645237,0.09379565243010357,3.0491323868165363
21.6,-16.838709677419356,-6.387096774193548,0.0,0.0,136.20669128730952,-0.10644368859645814,0.09379565243009347,3.0491323868165177
21.61,-16.838709677419356,-6.387096774193548,0.0,0.0,136.2181503421526,-0.10644368859646347,0.09379565243008481,3.0491323868165012
21.62,-16.838709677419356,-6.387096774193548,0.0,0.0,136.22960939699567,-0.10644368859646747,0.09379565243007748,3.049132386816487
21.63,-16.838709677419356,-6.387096774193548,0.0,0.0,136.24106845183874,-0.10644368859647146,0.09379565243007104,3.049132386816475
21.64,-16.838709677419356,-6.387096774193548,0.0,0.0,136.25252750668182,-0.10644368859647435,0.09379565243006582,3.049132386816465
21.65,-16.838709677419356,-6.387096774193548,0.0,0.0,136.2639865615249,-0.1064436885964768,0.09379565243006116,3.049132386816456
21.66,-16.838709677419356,-6.387096774193548,0.0,0.0,136.27544561636796,-0.10644368859647901,0.09379565243005739,3.0491323868164484
21.67,-16.838709677419356,-6.387096774193548,0.0,0.0,136.28690467121103,-0.10644368859648101,0.09379565243005383,3.0491323868164417
21.68,-16.838709677419356,-6.387096774193548,0.0,0.0,136.2983637260541,-0.10644368859648279,0.09379565243005095,3.049132386816436
21.69,-16.838709677419356,-6.387096774193548,0.0,0.0,136.30982278089718,-0.1064436885964839,0.09379565243004861,3.049132386816431
21.7,-16.838709677419356,-6.387096774193548,0.0,0.0,136.32128183574025,-0.10644368859648501,0.0937956524300465,3.049132386816427
21.71,-16.838709677419356,-6.387096774193548,0.0,0.0,136.33274089058332,-0.10644368859648612,0.09379565243004484,3.0491323868164235
21.72,-16.838709677419356,-6.387096774193548,0.0,0.0,136.3441999454264,-0.10644368859648701,0.09379565243004329,3.0491323868164204
21.73,-16.838709677419356,-6.387096774193548,0.0,0.0,10.691952856677739,-0.10644368859648745,0.09379565243004206,3.049132386816418
21.74,-16.838709677419356,-6.387096774193548,0.0,0.0,136.36711805511254,-0.10644368859648834,0.09379565243004073,3.0491323868164155
21.75,-16.838709677419356,-6.387096774193548,0.0,0.0,136.37857710995561,-0.106443688596489,0.09379565243003984,3.0491323868164133
21.76,-16.838709677419356,-6.387096774193548,0.0,0.0,136.3900361647987,-0.10644368859648923,0.09379565243003896,3.0491323868164115
21.77,-16.838709677419356,-6.387096774193548,0.0,0.0,136.40149521964176,-0.10644368859648967,0.09379565243003829,3.04913238681641
21.78,-16.838709677419356,-6.387096774193548,0.0,0.0,136.41295427448483,-0.10644368859649012,0.09379565243003773,3.049132386816409
21.79,-16.838709677419356,-6.387096774193548,0.0,0.0,10.760707185736175,-0.10644368859649056,0.09379565243003707,3.0491323868164084
21.8,-16.838709677419356,-6.387096774193548,0.0,0.0,136.43587238417098,-0.10644368859649078,0.09379565243003651,3.049132386816407
21.81,-16.838709677419356,-6.387096774193548,0.0,0.0,136.44733143901405,-0.106443688596491,0.09379565243003618,3.049132386816406
21.82,-16.838709677419356,-6.387096774193548,0.0,0.0,136.45879049385712,-0.106443688596491,0.09379565243003585,3.0491323868164053
21.83,-16.838709677419356,-6.387096774193548,0.0,0.0,136.4702495487002,-0.10644368859649145,0.09379565243003551,3.049132386816405
21.84,-16.838709677419356,-6.387096774193548,0.0,0.0,136.48170860354327,-0.10644368859649145,0.09379565243003518,3.0491323868164044
21.85,-16.838709677419356,-6.387096774193548,0.0,0.0,10.82946151479461,-0.10644368859649167,0.09379565243003474,3.0491323868164044
21.86,-16.838709677419356,-6.387096774193548,0.0,0.0,136.5046267132294,-0.10644368859649189,0.09379565243003463,3.0491323868164035
21.87,-16.838709677419356,-6.387096774193548,0.0,0.0,136.5160857680725,-0.10644368859649189,0.0937956524300344,3.049132386816403
21.88,-16.838709677419356,-6.387096774193548,0.0,0.0,136.52754482291556,-0.10644368859649189,0.0937956524300343,3.049132386816403
21.89,-16.838709677419356,-6.387096774193548,0.0,0.0,136.53900387775863,-0.10644368859649234,0.09379565243003407,3.0491323868164026
21.9,-16.838709677419356,-6.387096774193548,0.0,0.0,136.5504629326017,-0.10644368859649234,0.09379565243003385,3.0491323868164026
21.91,-16.838709677419356,-6.387096774193548,0.0,0.0,136.56192198744478,-0.10644368859649256,0.09379565243003385,3.049132386816402
21.92,-16.838709677419356,-6.387096774193548,0.0,0.0,136.57338104228785,-0.10644368859649256,0.09379565243003385,3.049132386816402
21.93,-16.838709677419356,-6.387096774193548,0.0,0.0,136.58484009713092,-0.10644368859649211,0.09379565243003407,3.049132386816402
21.94,-16.838709677419356,-6.387096774193548,0.0,0.0,136.596299151974,-0.10644368859649211,0.09379565243003407,3.0491323868164018
21.95,-16.838709677419356,-6.387096774193548,0.0,0.0,136.60775820681707,-0.10644368859649189,0.09379565243003418,3.0491323868164018
21.96,-16.838709677419356,-6.387096774193548,0.0,0.0,136.61921726166014,-0.10644368859649189,0.0937956524300343,3.0491323868164018
21.97,-16.838709677419356,-6.387096774193548,0.0,0.0,136.6306763165032,-0.10644368859649189,0.0937956524300344,3.0491323868164018
21.98,-16.838709677419356,-6.387096774193548,0.0,0.0,136.64213537134628,-0.10644368859649167,0.09379565243003452,3.0491323868164018
21.99,-16.838709677419356,-6.387096774193548,0.0,0.0,10.989888282597628,-0.10644368859649189,0.09379565243003418,3.049132386816402
22.0,-16.838709677419356,-6.387096774193548,0.0,0.0,136.66505348103243,-0.10644368859649189,0.09379565243003418,3.0491323868164018
22.01,-16.838709677419356,-5.225806451612902,0.0,0.0,136.67686449451514,-0.10201370017163058,0.1763033989053452,3.047840636533597
22.02,-16.838709677419356,-5.225806451612902,0.0,0.0,11.025223179960358,-0.10020491208083149,0.16273096440980128,3.046250167817085
22.03,-16.838709677419356,-5.225806451612902,0.0,0.0,136.70117770706918,-0.10002671303641675,0.1517857619572377,3.044545238795488
22.04,-16.838709677419356,-5.225806451612902,0.0,0.0,136.71355928518258,-0.1008139982448164,0.14292688421195188,3.0428426224594447
22.05,-16.838709677419356,-5.225806451612902,0.0,0.0,136.72603781244257,-0.10213247954070304,0.1357332846329532,3.0412131678283996
22.06,-16.838709677419356,-5.225806451612902,0.0,0.0,136.73858707409372,-0.10370466320833871,0.12987459686055647,3.0396969669057623
22.07,-16.838709677419356,-5.225806451612902,0.0,0.0,136.75118802660072,-0.10535707677076833,0.12508971743454678,3.038313798774894
22.08,-16.838709677419356,-5.225806451612902,0.0,0.0,136.76382678891105,-0.10698439080686506,0.12117112931640672,3.0370702595731363
22.09,-16.838709677419356,-5.225806451612902,0.0,0.0,136.7764932194872,-0.10852557135159313,0.1179532518614258,3.0359646123316897
22.1,-16.838709677419356,-5.225806451612902,0.0,0.0,136.78917989859303,-0.10994816320448653,0.11530359911076282,3.0349900750979004
22.11,-16.838709677419356,-5.225806451612902,0.0,0.0,136.80188139413156,-0.11123794685037747,0.11311593964480349,3.034137036855839
22.12,-16.838709677419356,-5.225806451612902,0.0,0.0,136.81459372846098,-0.1123921248220432,0.11130493094487359,3.033394534354549
22.13,-16.838709677419356,-5.225806451612902,0.0,0.0,136.82731398934334,-0.11341483127888163,0.10980187537920238,3.0327512181547065
22.14,-16.838709677419356,-5.225806451612902,0.0,0.0,136.8400400452243,-0.11431417955048673,0.10855135019206952,3.032195965879768
22.15,-16.838709677419356,-5.225806451612902,0.0,0.0,136.85277033653566,-0.11510033412458243,0.10750852853652304,3.0317182529122317
22.16,-16.838709677419356,-5.225806451612902,0.0,0.0,136.8655037226294,-0.11578426829442656,0.10663705055381334,3.0313083578786295
22.17,-16.838709677419356,-5.225806451612902,0.0,0.0,136.87823936951895,-0.1163769817321536,0.10590733289077214,3.0309574572896967
22.18,-16.838709677419356,-5.225806451612902,0.0,0.0,136.8909766675842,-0.11688902620507613,0.10529522716957207,3.03065764748719
22.19,-16.838709677419356,-5.225806451612902,0.0,0.0,11.240009027689633,-0.11733023664223396,0.10478095543780708,3.0304019205298065
22.2,-16.838709677419356,-5.225806451612902,0.0,0.0,136.91645455500517,-0.11770959761401256,0.10434826485180937,3.0301841124475755
22.21,-16.838709677419356,-5.225806451612902,0.0,0.0,136.92919458079862,-0.11803519755882963,0.10398375548652483,3.029998836451944
22.22,-16.838709677419356,-5.225806451612902,0.0,0.0,136.941935074745,-0.11831423831430565,0.10367634466329767,3.029841409544445
22.23,-16.838709677419356,-5.225806451612902,0.0,0.0,136.9546759097165,-0.11855307797751946,0.1034168388774166,3.029707778043029
22.24,-16.838709677419356,-5.225806451612902,0.0,0.0,11.303710849181096,-0.11875729233963472,0.10319759057763522,3.0295944454990056
22.25,-16.838709677419356,-5.225806451612902,0.0,0.0,136.98015825595843,-0.11893174512480242,0.10301222195739335,3.0294984050633076
22.26,-16.838709677419356,-5.225806451612902,0.0,0.0,136.99289964958285,-0.11908066069822887,0.10285540179061992,3.0294170773960243
22.27,-16.838709677419356,-5.225806451612902,0.0,0.0,137.00564113731357,-0.1192076952645138,0.10272266438318522,3.0293482545698867
22.28,-16.838709677419356,-5.225806451612902,0.0,0.0,137.01838269259187,-0.1193160041816601,0.1026102620831334,3.029290049999709
22.29,-16.838709677419356,-5.225806451612902,0.0,0.0,137.0311242960142,-0.11940830409609915,0.1025150446391575,3.0292408541688576
22.3,-16.838709677419356,-5.225806451612902,0.0,0.0,11.380159789826417,-0.11948692931920957,0.10243436013157614,3.029199295772165
22.31,-16.838709677419356,-5.225806451612902,0.0,0.0,137.05660759448227,-0.11955388232839459,0.10236597331447328,3.029164207815805
22.32,-16.838709677419356,-5.225806451612902,0.0,0.0,137.06934927170158,-0.11961087856443742,0.10230799807401547,3.0291345981849584
22.33,-16.838709677419356,-5.225806451612902,0.0,0.0,137.0820909596369,-0.1196593858669448,0.10225884138268493,3.0291096241922215
22.34,-16.838709677419356,-5.225806451612902,0.0,0.0,137.0948326543645,-0.11970065898002868,0.10221715665605147,3.0290885706409747
22.35,-16.838709677419356,-5.225806451612902,0.0,0.0,137.1075743530724,-0.11973576959804166,0.10218180483151285,3.0290708309698164
22.36,-16.838709677419356,-5.225806451612902,0.0,0.0,137.12031605376367,-0.11976563242472005,0.10215182181344507,3.029055891083558
22.37,-16.838709677419356,-5.225806451612902,0.0,0.0,137.1330577550383,-0.11979102770194938,0.10212639118575595,3.029043315514155
22.38,-16.838709677419356,-5.225806451612902,0.0,0.0,137.14579945593263,-0.1198126206346477,0.1021048212969996,3.0290327355962745
22.39,-16.838709677419356,-5.225806451612902,0.0,0.0,11.494835012209558,-0.11983097810262677,0.102086525985838,3.02902383937791
22.4,-16.838709677419356,-5.225806451612902,0.0,0.0,137.17128285422987,-0.11984658301194395,0.10207100834547389,3.0290163630226274
22.41,-16.838709677419356,-5.225806451612902,0.0,0.0,11.520318407379017,-0.11985984660035465,0.10205784703090892,3.029010083490147
22.42,-16.838709677419356,-5.225806451612902,0.0,0.0,137.19676624589576,-0.1198711189749544,0.10204668469842926,3.029004812311066
22.43,-16.838709677419356,-5.225806451612902,0.0,0.0,137.20950793896122,-0.1198806981261702,0.10203721823634615,3.0290003902968508
22.44,-16.838709677419356,-5.225806451612902,0.0,0.0,137.22224963018226,-0.1198888376314382,0.10202919050287107,3.028996683047203
22.45,-16.838709677419356,-5.225806451612902,0.0,0.0,137.23499131961395,-0.119895753233906,0.10202238333396041,3.028993577137457
22.46,-16.838709677419356,-5.225806451612902,0.0,0.0,137.24773300733756,-0.11990162845676311,0.10201661162252951,3.028990976884832
22.47,-16.838709677419356,-5.225806451612902,0.0,0.0,137.26047469345033,-0.11990661939188074,0.10201171830246991,3.028988801607234
22.48,-16.838709677419356,-5.225806451612902,0.0,0.0,137.2732163780584,-0.1199108587822908,0.10200757009742667,3.0289869833002148
22.49,-16.838709677419356,-5.225806451612902,0.0,0.0,137.28595806127146,-0.11991445950114277,0.10200405391658662,3.028985464669953
22.5,-16.838709677419356,-5.225806451612902,0.0,0.0,137.2986997431991,-0.11991751751539592,0.10200107379807088,3.0289841974676204
22.51,-16.838709677419356,-5.225806451612902,0.0,0.0,137.31144142394834,-0.11992011440974171,0.10199854831618627,3.0289831410800954
22.52,-16.838709677419356,-5.225806451612902,0.0,0.0,137.3241831036218,-0.11992231953548593,0.10199640838168678,3.02898226133764
22.53,-16.838709677419356,-5.225806451612902,0.0,0.0,137.33692478231677,-0.11992419183968717,0.10199459537521272,3.028981529505726
22.54,-16.838709677419356,-5.225806451612902,0.0,0.0,137.34966646012444,-0.1199257814218202,0.10199305956324511,3.0289809214328156
22.55,-16.838709677419356,-5.225806451612902,0.0,0.0,137.36240813712968,-0.11992713085833206,0.10199175875368793,3.028980416830159
22.56,-16.838709677419356,-5.225806451612902,0.0,0.0,137.37514981341096,-0.11992827632951641,0.10199065715475597,3.028979998663461
22.57,-16.838709677419356,-5.225806451612902,0.0,0.0,11.724185345448683,-0.11992924857807785,0.10198972440638354,3.0289796526392374
22.58,-16.838709677419356,-5.225806451612902,0.0,0.0,137.4006331640841,-0.11993007372443887,0.10198893475802773,3.028979366771097
22.59,-16.838709677419356,-5.225806451612902,0.0,0.0,11.74966869501048,-0.11993077396009877,0.10198826637076053,3.028979131013946
22.6,-16.838709677419356,-5.225806451612902,0.0,0.0,137.42611651264951,-0.11993136813726224,0.10198770072482344,3.0289789369551747
22.61,-16.838709677419356,-5.225806451612902,0.0,0.0,137.4388581862756,-0.11993187227015412,0.10198722211676714,3.0289787775546064
22.62,-16.838709677419356,-5.225806451612902,0.0,0.0,137.45159985952537,-0.11993229996128063,0.10198681723257608,3.0289786469249393
22.63,-16.838709677419356,-5.225806451612902,0.0,0.0,137.46434153243922,-0.11993266276377379,0.10198647478537659,3.028978540147121
22.64,-16.838709677419356,-5.225806451612902,0.0,0.0,137.47708320505362,-0.11993297048945761,0.10198618520789293,3.0289784531144215
22.65,-16.838709677419356,-5.225806451612902,0.0,0.0,137.48982487740125,-0.11993323147064894,0.1019859403914899,3.0289783824017196
22.66,-16.838709677419356,-5.225806451612902,0.0,0.0,137.5025665495115,-0.11993345278274448,0.10198573346464002,3.0289783251549043
22.67,-16.838709677419356,-5.225806451612902,0.0,0.0,137.5153082214107,-0.1199336404333411,0.1019855586049847,3.028978278998366
22.68,-16.838709677419356,-5.225806451612902,0.0,0.0,137.52804989312236,-0.11993379952298788,0.10198541087982826,3.0289782419569526
22.69,-16.838709677419356,-5.225806451612902,0.0,0.0,137.5407915646675,-0.1199339343817849,0.10198528611080604,3.0289782123904603
22.7,-16.838709677419356,-5.225806451612902,0.0,0.0,137.55353323606494,-0.11993404868546742,0.10198518075905505,3.028978188938514
22.71,-16.838709677419356,-5.225806451612902,0.0,0.0,137.5662749073314,-0.11993414555400905,0.10198509182782811,3.0289781704745926
22.72,-16.838709677419356,-5.225806451612902,0.0,0.0,137.5790165784818,-0.11993422763543182,0.10198501677985405,3.028978156067162
22.73,-16.838709677419356,-5.225806451612902,0.0,0.0,137.5917582495294,-0.11993429717699611,0.10198495346725278,3.0289781449471818
22.74,-16.838709677419356,-5.225806451612902,0.0,0.0,137.604499920486,-0.1199343560856756,0.10198490007210059,3.0289781364809394
22.75,-16.838709677419356,-5.225806451612902,0.0,0.0,137.61724159136213,-0.11993440597952487,0.10198485505603017,3.0289781301473164
22.76,-16.838709677419356,-5.225806451612902,0.0,0.0,137.6299832621671,-0.11993444823132493,0.10198481711748497,3.0289781255186616
22.77,-16.838709677419356,-5.225806451612902,0.0,0.0,137.64272493290912,-0.11993448400563822,0.10198478515549059,3.0289781222449355
22.78,-16.838709677419356,-5.225806451612902,0.0,0.0,137.65546660359558,-0.119934514290299,0.10198475823892506,3.02897812004028
22.79,-16.838709677419356,-5.225806451612902,0.0,0.0,137.66820827423297,-0.1199345399231253,0.10198473558050092,3.0289781186721063
22.8,-16.838709677419356,-5.225806451612902,0.0,0.0,137.68094994482703,-0.11993456161463834,0.10198471651468044,3.0289781179516573
22.81,-16.838709677419356,-5.225806451612902,0.0,0.0,137.69369161538285,-0.11993457996731882,0.10198470047899344,3.028978117726461
22.82,-16.838709677419356,-5.225806451612902,0.0,0.0,137.70643328590495,-0.11993459549199503,0.10198468699817298,3.02897811787371
22.83,-16.838709677419356,-5.225806451612902,0.0,0.0,137.7191749563973,-0.11993460862170591,0.10198467567076153,3.028978118295207
22.84,-16.838709677419356,-5.225806451612902,0.0,0.0,137.73191662686344,-0.1199346197235267,0.10198466615771229,3.028978118912655
22.85,-16.838709677419356,-5.225806451612902,0.0,0.0,137.74465829730647,-0.11993462910855479,0.10198465817278846,3.0289781196642354
22.86,-16.838709677419356,-5.225806451612902,0.0,0.0,137.75739996772916,-0.11993463704042417,0.10198465147439095,3.0289781205014017
22.87,-16.838709677419356,-5.225806451612902,0.0,0.0,137.7701416381339,-0.11993464374250662,0.10198464585866784,3.02897812138648
22.88,-16.838709677419356,-5.225806451612902,0.0,0.0,137.78288330852288,-0.11993464940404142,0.1019846411536629,3.028978122290512
22.89,-16.838709677419356,-5.225806451612902,0.0,0.0,137.79562497889796,-0.11993465418531546,0.101984637214383,3.028978123191658
22.9,-16.838709677419356,-5.225806451612902,0.0,0.0,137.80836664926082,-0.11993465822208371,0.1019846339186008,3.028978124073688
22.91,-16.838709677419356,-5.225806451612902,0.0,0.0,137.8211083196129,-0.11993466162929378,0.10198463116332734,3.0289781249249383
22.92,-16.838709677419356,-5.225806451612902,0.0,0.0,137.83384998995552,-0.11993466450427004,0.10198462886180626,3.0289781257372614
22.93,-16.838709677419356,-5.225806451612902,0.0,0.0,137.84659166028982,-0.11993466692939103,0.10198462694099442,3.0289781265053706
22.94,-16.838709677419356,-5.225806451612902,0.0,0.0,137.8593333306168,-0.1199346689743801,0.10198462533941044,3.0289781272261327
22.95,-16.838709677419356,-5.225806451612902,0.0,0.0,137.87207500093737,-0.1199346706982305,0.10198462400533503,3.028978127898146
22.96,-16.838709677419356,-5.225806451612902,0.0,0.0,137.88481667125228,-0.11993467215085118,0.10198462289527777,3.0289781285212767
22.97,-16.838709677419356,-5.225806451612902,0.0,0.0,137.89755834156222,-0.11993467337445973,0.10198462197268221,3.028978129096332
22.98,-16.838709677419356,-5.225806451612902,0.0,0.0,137.91030001186778,-0.11993467440475492,0.10198462120683993,3.0289781296248237
22.99,-16.838709677419356,-5.225806451612902,0.0,0.0,137.9230416821695,-0.11993467527192214,0.10198462057196533,3.028978130108736
23.0,-16.838709677419356,-5.225806451612902,0.0,0.0,137.93578335246787,-0.11993467600147478,0.10198462004642062,3.0289781305503864
23.01,-16.838709677419356,-5.225806451612902,0.0,0.0,137.94852502276328,-0.11993467661497004,0.10198461961206351,3.0289781309523276
23.02,-16.838709677419356,-5.225806451612902,0.0,0.0,137.9612666930561,-0.11993467713062578,0.10198461925368207,3.028978131317161
23.03,-16.838709677419356,-5.225806451612902,0.0,0.0,137.97400836334666,-0.11993467756382636,0.10198461895853994,3.0289781316475497
23.04,-16.838709677419356,-5.225806451612902,0.0,0.0,137.9867500336352,-0.11993467792756185,0.10198461871597642,3.0289781319461295
23.05,-16.838709677419356,-5.225806451612902,0.0,0.0,137.99949170392196,-0.11993467823280302,0.10198461851707108,3.028978132215411
23.06,-16.838709677419356,-5.225806451612902,0.0,0.0,138.0122333742072,-0.11993467848880601,0.10198461835437145,3.028978132457838
23.07,-16.838709677419356,-5.225806451612902,0.0,0.0,138.0249750444911,-0.11993467870337948,0.10198461822165494,3.0289781326757335
23.08,-16.838709677419356,-5.225806451612902,0.0,0.0,138.0377167147738,-0.1199346788831066,0.10198461811373372,3.0289781328713197
23.09,-16.838709677419356,-5.225806451612902,0.0,0.0,138.05045838505546,-0.11993467903354182,0.10198461802627945,3.0289781330466234
23.1,-16.838709677419356,-5.225806451612902,0.0,0.0,138.0632000553362,-0.11993467915936762,0.1019846179556878,3.028978133203531
23.11,-16.838709677419356,-5.225806451612902,0.0,0.0,138.07594172561616,-0.11993467926452572,0.10198461789896396,3.028978133343816
23.12,-16.838709677419356,-5.225806451612902,0.0,0.0,138.08868339589543,-0.11993467935233859,0.1019846178536179,3.0289781334690877
23.13,-16.838709677419356,-5.225806451612902,0.0,0.0,12.437718922582343,-0.1199346794255971,0.10198461781758994,3.0289781335808796
23.14,-16.838709677419356,-5.225806451612902,0.0,0.0,138.11416673645218,-0.11993467948665848,0.10198461778916512,3.028978133680513
23.15,-16.838709677419356,-5.225806451612902,0.0,0.0,12.463202263138067,-0.11993467953749914,0.10198461776693091,3.028978133769249
23.16,-16.838709677419356,-5.225806451612902,0.0,0.0,138.13965007700702,-0.11993467957978687,0.10198461774971468,3.028978133848177
23.17,-16.838709677419356,-5.225806451612902,0.0,0.0,138.15239174728387,-0.119934679614915,0.10198461773655787,3.0289781339183706
23.18,-16.838709677419356,-5.225806451612902,0.0,0.0,138.1651334175604,-0.11993467964406124,0.10198461772666434,3.0289781339807194
23.19,-16.838709677419356,-5.225806451612902,0.0,0.0,138.17787508783667,-0.11993467966820925,0.1019846177193856,3.028978134036082
23.2,-16.838709677419356,-5.225806451612902,0.0,0.0,138.1906167581127,-0.1199346796881886,0.10198461771418499,3.0289781340851785
23.21,-16.838709677419356,-5.225806451612902,0.0,0.0,138.2033584283885,-0.1199346797046883,0.1019846177106325,3.028978134128737
23.22,-16.838709677419356,-5.225806451612902,0.0,0.0,138.21610009866413,-0.11993467971829519,0.10198461770836664,3.0289781341673065
23.23,-16.838709677419356,-5.225806451612902,0.0,0.0,138.2288417689396,-0.11993467972949068,0.10198461770710499,3.028978134201486
23.24,-16.838709677419356,-5.225806451612902,0.0,0.0,138.2415834392149,-0.11993467973868488,0.10198461770661094,3.028978134231733
23.25,-16.838709677419356,-5.225806451612902,0.0,-0.0,138.25432510949008,-0.11993467974621508,0.10198461770669998,3.02897813425851
23.26,-16.838709677419356,-5.225806451612902,0.0,-0.0,138.26706677976514,-0.11993467975236927,0.1019846177072179,3.0289781342821778
23.27,-16.838709677419356,-5.225806451612902,0.0,-0.0,138.27980845004012,-0.11993467975738525,0.10198461770804446,3.028978134303083
23.28,-16.838709677419356,-5.225806451612902,0.0,-0.0,138.292550120315,-0.11993467976145777,0.1019846177090874,3.028978134321563
23.29,-16.838709677419356,-5.225806451612902,0.0,-0.0,138.30529179058982,-0.11993467976475225,0.10198461771027167,3.0289781343378945
23.3,-16.838709677419356,-5.225806451612902,0.0,-0.0,138.31803346086457,-0.11993467976740879,0.10198461771153633,3.0289781343522937
23.31,-16.838709677419356,-5.225806451612902,0.0,-0.0,138.33077513113926,-0.11993467976953864,0.10198461771283907,3.0289781343650075
23.32,-16.838709677419356,-5.225806451612902,0.0,-0.0,138.3435168014139,-0.11993467977123662,0.10198461771414558,3.02897813437623
23.33,-16.838709677419356,-5.225806451612902,0.0,-0.0,138.3562584716885,-0.11993467977258465,0.10198461771542766,3.028978134386105
23.34,-16.838709677419356,-5.225806451612902,0.0,-0.0,138.36900014196308,-0.11993467977364447,0.10198461771666956,3.028978134394814
23.35,-16.838709677419356,-5.225806451612902,0.0,-0.0,138.3817418122376,-0.11993467977446715,0.10198461771786171,3.028978134402521
23.36,-16.838709677419356,-5.225806451612902,0.0,-0.0,138.3944834825121,-0.11993467977510308,0.10198461771898903,3.0289781344092894
23.37,-16.838709677419356,-5.225806451612902,0.0,-0.0,138.40722515278657,-0.1199346797755858,0.10198461772004919,3.0289781344152544
23.38,-16.838709677419356,-5.225806451612902,0.0,-0.0,138.41996682306103,-0.11993467977594885,0.10198461772103651,3.028978134420482
23.39,-16.838709677419356,-5.225806451612902,0.0,-0.0,138.43270849333547,-0.11993467977621042,0.10198461772195644,3.028978134425112
23.4,-16.838709677419356,-5.225806451612902,0.0,-0.0,138.44545016360988,-0.11993467977639405,0.10198461772280654,3.02897813442919
23.41,-16.838709677419356,-5.225806451612902,0.0,-0.0,138.45819183388429,-0.11993467977651928,0.10198461772358602,3.0289781344327533
23.42,-16.838709677419356,-5.225806451612902,0.0,-0.0,138.47093350415867,-0.119934679776593,0.10198461772430334,3.028978134435916
23.43,-16.838709677419356,-5.225806451612902,0.0,-0.0,12.819969030841316,-0.11993467977663297,0.10198461772495604,3.0289781344386735
23.44,-16.838709677419356,-5.225806451612902,0.0,-0.0,138.49641684470743,-0.11993467977664407,0.10198461772555067,3.028978134441097
23.45,-16.838709677419356,-5.225806451612902,0.0,-0.0,12.845452371390047,-0.11993467977663097,0.10198461772609335,3.0289781344432565
23.46,-16.838709677419356,-5.225806451612902,0.0,-0.0,138.52190018525613,-0.11993467977660544,0.10198461772658274,3.0289781344451288
23.47,-16.838709677419356,-5.225806451612902,0.0,-0.0,138.53464185553048,-0.11993467977656858,0.10198461772702505,3.0289781344467746
23.48,-16.838709677419356,-5.225806451612902,0.0,-0.0,138.54738352580483,-0.11993467977652394,0.10198461772742407,3.02897813444822
23.49,-16.838709677419356,-5.225806451612902,0.0,-0.0,138.56012519607916,-0.11993467977647154,0.10198461772778689,3.0289781344495186
23.5,-16.838709677419356,-5.225806451612902,0.0,-0.0,138.57286686635348,-0.11993467977641958,0.10198461772810996,3.028978134450634
23.51,-16.838709677419356,-5.225806451612902,0.0,-0.0,138.5856085366278,-0.11993467977636652,0.10198461772840028,3.028978134451614
23.52,-16.838709677419356,-5.225806451612902,0.0,-0.0,138.59835020690213,-0.11993467977631367,0.10198461772866085,3.0289781344524735
23.53,-16.838709677419356,-5.225806451612902,0.0,-0.0,138.61109187717645,-0.11993467977626215,0.10198461772889378,3.0289781344532285
23.54,-16.838709677419356,-5.225806451612902,0.0,-0.0,138.62383354745077,-0.11993467977621242,0.10198461772910228,3.028978134453891
23.55,-16.838709677419356,-5.225806451612902,0.0,-0.0,138.6365752177251,-0.11993467977616512,0.10198461772928857,3.028978134454473
23.56,-16.838709677419356,-5.225806451612902,0.0,-0.0,138.64931688799942,-0.11993467977612027,0.10198461772945466,3.028978134454983
23.57,-16.838709677419356,-5.225806451612902,0.0,-0.0,138.66205855827374,-0.1199346797760783,0.10198461772960277,3.0289781344554307
23.58,-16.838709677419356,-5.225806451612902,0.0,-0.0,138.67480022854807,-0.11993467977603922,0.10198461772973488,3.0289781344558233
23.59,-16.838709677419356,-5.225806451612902,0.0,-0.0,13.023835755230659,-0.1199346797760028,0.10198461772985234,3.028978134456168
23.6,-16.838709677419356,-5.225806451612902,0.0,-0.0,138.70028356909668,-0.11993467977596639,0.10198461772995981,3.0289781344564983
23.61,-16.838709677419356,-5.225806451612902,0.0,-0.0,138.71302523937098,-0.1199346797759353,0.10198461773005263,3.0289781344567634
23.62,-16.838709677419356,-5.225806451612902,0.0,-0.0,138.72576690964527,-0.1199346797759071,0.10198461773013523,3.0289781344569957
23.63,-16.838709677419356,-5.225806451612902,0.0,-0.0,138.73850857991957,-0.11993467977588135,0.10198461773020828,3.028978134457199
23.64,-16.838709677419356,-5.225806451612902,0.0,-0.0,138.75125025019386,-0.11993467977585803,0.10198461773027323,3.0289781344573776
23.65,-16.838709677419356,-5.225806451612902,0.0,-0.0,138.76399192046816,-0.11993467977583672,0.10198461773033074,3.028978134457534
23.66,-16.838709677419356,-5.225806451612902,0.0,-0.0,138.77673359074245,-0.11993467977581762,0.10198461773038159,3.0289781344576716
23.67,-16.838709677419356,-5.225806451612902,0.0,-0.0,138.78947526101675,-0.11993467977579986,0.10198461773042677,3.0289781344577915
23.68,-16.838709677419356,-5.225806451612902,0.0,-0.0,138.80221693129104,-0.11993467977578431,0.10198461773046663,3.0289781344578968
23.69,-16.838709677419356,-5.225806451612902,0.0,-0.0,138.81495860156534,-0.1199346797757701,0.10198461773050194,3.028978134457989
23.7,-16.838709677419356,-5.225806451612902,0.0,-0.0,138.82770027183963,-0.11993467977575745,0.10198461773053313,3.02897813445807
23.71,-16.838709677419356,-5.225806451612902,0.0,-0.0,138.84044194211393,-0.11993467977574612,0.10198461773056089,3.0289781344581406
23.72,-16.838709677419356,-5.225806451612902,0.0,-0.0,138.85318361238822,-0.11993467977573591,0.10198461773058509,3.0289781344582027
23.73,-16.838709677419356,-5.225806451612902,0.0,-0.0,138.86592528266252,-0.11993467977572703,0.10198461773060641,3.028978134458257
23.74,-16.838709677419356,-5.225806451612902,0.0,-0.0,138.8786669529368,-0.11993467977571859,0.1019846177306255,3.028978134458305
23.75,-16.838709677419356,-5.225806451612902,0.0,-0.0,138.8914086232111,-0.11993467977571126,0.10198461773064216,3.0289781344583466
23.76,-16.838709677419356,-5.225806451612902,0.0,-0.0,13.240444149893671,-0.11993467977570482,0.10198461773065703,3.028978134458383
23.77,-16.838709677419356,-5.225806451612902,0.0,-0.0,138.9168919637597,-0.11993467977569905,0.10198461773067002,3.0289781344584146
23.78,-16.838709677419356,-5.225806451612902,0.0,-0.0,138.929633634034,-0.11993467977569394,0.10198461773068146,3.028978134458443
23.79,-16.838709677419356,-5.225806451612902,0.0,-0.0,138.94237530430829,-0.11993467977568928,0.10198461773069156,3.0289781344584674
23.8,-16.838709677419356,-5.225806451612902,0.0,-0.0,138.95511697458258,-0.11993467977568528,0.10198461773070056,3.0289781344584887
23.81,-16.838709677419356,-5.225806451612902,0.0,-0.0,138.96785864485688,-0.11993467977568173,0.10198461773070844,3.028978134458508
23.82,-16.838709677419356,-5.225806451612902,0.0,-0.0,138.98060031513117,-0.1199346797756784,0.10198461773071521,3.028978134458524
23.83,-16.838709677419356,-5.225806451612902,0.0,-0.0,138.99334198540546,-0.11993467977567551,0.1019846177307212,3.0289781344585385
23.84,-16.838709677419356,-5.225806451612902,0.0,-0.0,139.00608365567976,-0.11993467977567285,0.10198461773072676,3.028978134458551
23.85,-16.838709677419356,-5.225806451612902,0.0,-0.0,139.01882532595405,-0.11993467977567085,0.10198461773073142,3.028978134458562
23.86,-16.838709677419356,-5.225806451612902,0.0,-0.0,139.03156699622835,-0.11993467977566885,0.10198461773073542,3.0289781344585713
23.87,-16.838709677419356,-5.225806451612902,0.0,-0.0,139.04430866650264,-0.11993467977566707,0.10198461773073897,3.0289781344585798
23.88,-16.838709677419356,-5.225806451612902,0.0,-0.0,139.05705033677694,-0.11993467977566552,0.1019846177307423,3.0289781344585878
23.89,-16.838709677419356,-5.225806451612902,0.0,-0.0,139.06979200705123,-0.11993467977566419,0.10198461773074519,3.028978134458594
23.9,-16.838709677419356,-5.225806451612902,0.0,-0.0,139.08253367732553,-0.11993467977566286,0.10198461773074763,3.0289781344585993
23.91,-16.838709677419356,-5.225806451612902,0.0,-0.0,139.09527534759982,-0.11993467977566175,0.10198461773074974,3.0289781344586046
23.92,-16.838709677419356,-5.225806451612902,0.0,-0.0,13.444310874282388,-0.11993467977566086,0.10198461773075151,3.028978134458609
23.93,-16.838709677419356,-5.225806451612902,0.0,-0.0,139.1207586881484,-0.11993467977566019,0.10198461773075318,3.0289781344586126
23.94,-16.838709677419356,-5.225806451612902,0.0,-0.0,139.1335003584227,-0.11993467977565953,0.10198461773075473,3.0289781344586157
23.95,-16.838709677419356,-5.225806451612902,0.0,-0.0,139.146242028697,-0.11993467977565886,0.10198461773075607,3.028978134458619
23.96,-16.838709677419356,-5.225806451612902,0.0,-0.0,139.1589836989713,-0.11993467977565819,0.10198461773075695,3.0289781344586215
23.97,-16.838709677419356,-5.225806451612902,0.0,-0.0,139.1717253692456,-0.11993467977565775,0.10198461773075818,3.0289781344586233
23.98,-16.838709677419356,-5.225806451612902,0.0,-0.0,139.1844670395199,-0.1199346797756573,0.10198461773075895,3.0289781344586255
23.99,-16.838709677419356,-5.225806451612902,0.0,-0.0,139.19720870979418,-0.11993467977565686,0.10198461773075973,3.0289781344586273
24.0,-16.838709677419356,-5.225806451612902,0.0,-0.0,13.546244236476747,-0.11993467977565642,0.1019846177307604,3.028978134458629
24.01,-16.838709677419356,-4.064516129032256,0.0,-0.0,139.22301932686324,-0.11589248915937223,0.18560030281983753,3.027609993749666
24.02,-16.838709677419356,-4.064516129032256,0.0,-0.0,139.2363315752678,-0.11404589779573904,0.17270281662990594,3.025971107897365
24.03,-16.838709677419356,-4.064516129032256,0.0,-0.0,139.24982486911617,-0.11364077697426334,0.16213658355562943,3.0242198391565713
24.04,-16.838709677419356,-4.064516129032256,0.0,-0.0,139.26345307232427,-0.11414728393451856,0.1534545693969367,3.022461217691645
24.05,-16.838709677419356,-4.064516129032256,0.0,-0.0,139.2771819406518,-0.11520112414291406,0.14630042295165002,3.0207623657663483
24.06,-16.838709677419356,-4.064516129032256,0.0,-0.0,139.29098599754292,-0.11655614716495233,0.14038897297358938,3.019163859045962
24.07,-16.838709677419356,-4.064516129032256,0.0,-0.0,139.30484624582405,-0.1180488255454204,0.13549109636034512,3.0176879331567856
24.08,-16.838709677419356,-4.064516129032256,0.0,-0.0,139.31874849310438,-0.11957271561874117,0.13142206693511493,3.016344351001734
24.09,-16.838709677419356,-4.064516129032256,0.0,-0.0,139.3326821222969,-0.12106050127485246,0.12803253740047826,3.0151345713355435
24.1,-16.838709677419356,-4.064516129032256,0.0,-0.0,139.3466391845343,-0.12247150775931459,0.12520148839643175,3.0140546944812963
24.11,-16.838709677419356,-4.064516129032256,0.0,-0.0,139.36061372660802,-0.12378305924356559,0.12283065883081806,3.0130975302767427
24.12,-16.838709677419356,-4.064516129032256,0.0,-0.0,139.3746012901547,-0.12498450605818778,0.12084011075664353,3.0122540363494714
24.13,-16.838709677419356,-4.064516129032256,0.0,-0.0,139.38859853749557,-0.12607309980538584,0.11916467907939254,3.011514304967201
24.14,-16.838709677419356,-4.064516129032256,0.0,-0.0,139.40260297144744,-0.1270511487232271,0.11775112153595568,3.0108682268578586
24.15,-16.838709677419356,-4.064516129032256,0.0,-0.0,139.41661272519252,-0.12792406249094235,0.11655582829858008,3.0103059247832964
24.16,-16.838709677419356,-4.064516129032256,0.0,-0.0,139.4306264045626,-0.12869901680662066,0.11554298110863803,3.009818024068412
24.17,-16.838709677419356,-4.064516129032256,0.0,-0.0,139.4446429696263,-0.12938405076038406,0.11468307412076784,3.009395808792997
24.18,-16.838709677419356,-4.064516129032256,0.0,-0.0,139.45866164578888,-0.12998746663007976,0.11395172566044254,3.0090312989053074
24.19,-16.838709677419356,-4.064516129032256,0.0,-0.0,139.47268185706682,-0.13051744071147553,0.11332872358773444,3.0087172736996792
24.2,-16.838709677419356,-4.064516129032256,0.0,-0.0,139.4867031760273,-0.130981780846382,0.1127972578901208,3.0084472599201773
24.21,-16.838709677419356,-4.064516129032256,0.0,-0.0,139.50072528624918,-0.13138778522464412,0.11234330307178092,3.008215497498778
24.22,-16.838709677419356,-4.064516129032256,0.0,-0.0,139.51474795418903,-0.13174217034824287,0.11195512023789433,3.008016892098745
24.23,-16.838709677419356,-4.064516129032256,0.0,-0.0,139.52877100810838,-0.13205104546883706,0.11162285476116146,3.0078469608393865
24.24,-16.838709677419356,-4.064516129032256,0.0,-0.0,139.542794322299,-0.13231991750852323,0.111338210282381,3.0077017755525874
24.25,-16.838709677419356,-4.064516129032256,0.0,-0.0,139.55681780528198,-0.13255371524853943,0.11109418372334562,3.007577906461464
24.26,-16.838709677419356,-4.064516129032256,0.0,-0.0,139.57084139098532,-0.13275682497857755,0.11088484914037389,3.007472368129514
24.27,-16.838709677419356,-4.064516129032256,0.0,-0.0,139.58486503215283,-0.1329331322314269,0.11070518075996677,3.0073825687903097
24.28,-16.838709677419356,-4.064516129032256,0.0,-0.0,139.59888869542425,-0.13308606595996175,0.11055090753441826,3.0073062636535632
24.29,-16.838709677419356,-4.064516129032256,0.0,-0.0,139.61291235766623,-0.1332186427431965,0.11041839313534912,3.007241512430467
24.3,-16.838709677419356,-4.064516129032256,0.0,-0.0,139.62693600323908,-0.1333335094762238,0.11030453655095457,3.007186641085992
24.31,-16.838709677419356,-4.064516129032256,0.0,-0.0,139.64095962196348,-0.13343298360712552,0.11020668943648226,3.007140207672622
24.32,-16.838709677419356,-4.064516129032256,0.0,-0.0,139.65498320761023,-0.13351909040522436,0.1101225871429855,3.0071009720082706
24.33,-16.838709677419356,-4.064516129032256,0.0,-0.0,139.669006756781,-0.13359359703281903,0.11005029096059638,3.0070678689085746
24.34,-16.838709677419356,-4.064516129032256,0.0,-0.0,139.6830302680807,-0.13365804338464193,0.1099881395952414,3.0070399846617404
24.35,-16.838709677419356,-4.064516129032256,0.0,-0.0,139.69705374150774,-0.13371376978380534,0.10993470827932172,3.007016536429906
24.36,-16.838709677419356,-4.064516129032256,0.0,-0.0,139.71107717800646,-0.1337619416998419,0.1098887742195016,3.006996854269646
24.37,-16.838709677419356,-4.064516129032256,0.0,-0.0,139.72510057914042,-0.13380357169796486,0.10984928732554505,3.0069803654813345
24.38,-16.838709677419356,-4.064516129032256,0.0,-0.0,139.73912394685553,-0.13383953884956368,0.10981534535622661,3.0069665810172292
24.39,-16.838709677419356,-4.064516129032256,0.0,-0.0,139.75314728330983,-0.1338706058393324,0.10978617277244473,3.0069550837016736
24.4,-16.838709677419356,-4.064516129032256,0.0,-0.0,139.76717059075258,-0.13389743399985754,0.10976110271162709,3.0069455180399856
24.41,-16.838709677419356,-4.064516129032256,0.0,-0.0,139.78119387143988,-0.13392059649357213,0.10973956159781773,3.006937581415802
24.42,-16.838709677419356,-4.064516129032256,0.0,-0.0,14.131510983985288,-0.13394058984739576,0.10972105598330961,3.0069310164985747
24.43,-16.838709677419356,-4.064516129032256,0.0,-0.0,139.80924036128047,-0.1339578440289506,0.10970516128419189,3.006925604703297
24.44,-16.838709677419356,-4.064516129032256,0.0,-0.0,139.82326357455406,-0.1339727312361627,0.1096915121267295,3.0069211605632935
24.45,-16.838709677419356,-4.064516129032256,0.0,-0.0,139.83728676927552,-0.13398557355519491,0.10967979406640371,3.006917526893584
24.46,-16.838709677419356,-4.064516129032256,0.0,-0.0,139.85130994719034,-0.13399664962537283,0.10966973647872408,3.0069145706383735
24.47,-16.838709677419356,-4.064516129032256,0.0,-0.0,14.201626966318992,-0.1340062004346516,0.10966110645175253,3.0069121793090754
24.48,-16.838709677419356,-4.064516129032256,0.0,-0.0,139.87935625891816,-0.13401443435512128,0.10965370353609144,3.0069102579315365
24.49,-16.838709677419356,-4.064516129032256,0.0,-0.0,139.89337939556827,-0.13402153151517693,0.10964735522977243,3.0069087264324175
24.5,-16.838709677419356,-4.064516129032256,0.0,-0.0,139.90740252109723,-0.13402764759355867,0.10964191309349475,3.0069075174027966
24.51,-16.838709677419356,-4.064516129032256,0.0,-0.0,139.92142563662898,-0.13403291710991505,0.10963724940715508,3.0069065741868064
24.52,-16.838709677419356,-4.064516129032256,0.0,-0.0,139.935448743183,-0.1340374562774449,0.10963325429139847,3.00690584924897
24.53,-16.838709677419356,-4.064516129032256,0.0,-0.0,14.28576569809024,-0.13404136547485557,0.10962983322901482,3.0069053027810337
24.54,-16.838709677419356,-4.064516129032256,0.0,-0.0,14.299788789367875,-0.13404473138770712,0.10962690493022803,3.0069049015137885
24.55,-16.838709677419356,-4.064516129032256,0.0,-0.0,139.97751801776795,-0.13404762886267307,0.10962439949402697,3.0069046177052465
24.56,-16.838709677419356,-4.064516129032256,0.0,-0.0,139.99154109678454,-0.13405012251284187,0.10962225682424098,3.0069044282788697
24.57,-16.838709677419356,-4.064516129032256,0.0,-0.0,140.00556417061904,-0.13405226810700732,0.1096204252651028,3.0069043140910865
24.58,-16.838709677419356,-4.064516129032256,0.0,-0.0,140.01958723981943,-0.1340541137717972,0.10961886042579239,3.006904259308684
24.59,-16.838709677419356,-4.064516129032256,0.0,-0.0,14.369904161286167,-0.1340557010315777,0.10961752416783016,3.006904250880378
24.6,-16.838709677419356,-4.064516129032256,0.0,-0.0,140.047633366236,-0.13405706570782439,0.10961638373280913,3.0069042780889164
24.61,-16.838709677419356,-4.064516129032256,0.0,-0.0,140.0616564242897,-0.1340582386968614,0.10961541099099026,3.0069043321712723
24.62,-16.838709677419356,-4.064516129032256,0.0,-0.0,140.07567947939376,-0.13405924664219526,0.10961458179416533,3.0069044059977696
24.63,-16.838709677419356,-4.064516129032256,0.0,-0.0,140.08970253186584,-0.13406011251572858,0.10961387541826823,3.0069044938004383
24.64,-16.838709677419356,-4.064516129032256,0.0,-0.0,14.440019438398503,-0.13406085612001872,0.10961327408344396,3.0069045909441816
24.65,-16.838709677419356,-4.064516129032256,0.0,-0.0,140.11774863002123,-0.1340614945223202,0.1096127625407759,3.0069046937335298
24.66,-16.838709677419356,-4.064516129032256,0.0,-0.0,140.13177167618616,-0.13406204242955155,0.10961232771653223,3.0069047992502274
24.67,-16.838709677419356,-4.064516129032256,0.0,-0.0,140.1457947206882,-0.1340625125122119,0.10961195840593863,3.0069049052166728
24.68,-16.838709677419356,-4.064516129032256,0.0,-0.0,140.1598177637088,-0.13406291568413553,0.10961164500964315,3.0069050098813848
24.69,-16.838709677419356,-4.064516129032256,0.0,-0.0,140.17384080540995,-0.1340632613440893,0.10961137930694764,3.0069051119230106
24.7,-16.838709677419356,-4.064516129032256,0.0,-0.0,140.1878638459363,-0.13406355758435073,0.10961115426074386,3.0069052103702596
24.71,-16.838709677419356,-4.064516129032256,0.0,-0.0,140.20188688541685,-0.13406381137078482,0.10961096384972774,3.0069053045350387
24.72,-16.838709677419356,-4.064516129032256,0.0,-0.0,140.21590992396668,-0.13406402869827794,0.10961080292411773,3.0069053939568167
24.73,-16.838709677419356,-4.064516129032256,0.0,-0.0,140.22993296168838,-0.1340642147248694,0.10961066708163009,3.0069054783565674
24.74,-16.838709677419356,-4.064516129032256,0.0,-0.0,140.2439559986734,-0.13406437388749848,0.1096105525608686,3.0069055575985897
24.75,-16.838709677419356,-4.064516129032256,0.0,-0.0,14.594272891411544,-0.13406451000185982,0.10961045614972609,3.0069056316590994
24.76,-16.838709677419356,-4.064516129032256,0.0,-0.0,140.27200207075057,-0.13406462634854566,0.10961037510668853,3.0069057006003397
24.77,-16.838709677419356,-4.064516129032256,0.0,-0.0,140.28602510597997,-0.13406472574732442,0.10961030709326791,3.006905764549559
24.78,-16.838709677419356,-4.064516129032256,0.0,-0.0,140.30004814074903,-0.1340648106212059,0.10961025011597908,3.006905823681782
24.79,-16.838709677419356,-4.064516129032256,0.0,-0.0,140.31407117510898,-0.13406488305167374,0.10961020247654168,3.006905878205875
24.8,-16.838709677419356,-4.064516129032256,0.0,-0.0,140.32809420910544,-0.13406494482628895,0.10961016272916013,3.0069059283534054
24.81,-16.838709677419356,-4.064516129032256,0.0,-0.0,140.342117242779,-0.13406499747971878,0.10961012964388095,3.006905974369744
24.82,-16.838709677419356,-4.064516129032256,0.0,-0.0,140.35614027616577,-0.13406504232909278,0.10961010217517275,3.0069060165070156
24.83,-16.838709677419356,-4.064516129032256,0.0,-0.0,140.37016330929782,-0.13406508050446186,0.10961007943499734,3.0069060550186006
24.84,-16.838709677419356,-4.064516129032256,0.0,-0.0,140.38418634220372,-0.13406511297503987,0.10961006066973161,3.006906090154855
24.85,-16.838709677419356,-4.064516129032256,0.0,-0.0,140.39820937490882,-0.13406514057178187,0.10961004524042384,3.00690612216004
24.86,-16.838709677419356,-4.064516129032256,0.0,-0.0,140.4122324074357,-0.13406516400685886,0.10961003260585628,3.006906151269787
24.87,-16.838709677419356,-4.064516129032256,0.0,-0.0,140.4262554398044,-0.13406518389037236,0.10961002230810185,3.0069061777096815
24.88,-16.838709677419356,-4.064516129032256,0.0,-0.0,140.44027847203273,-0.13406520074479622,0.1096100139601131,3.0069062016938766
24.89,-16.838709677419356,-4.064516129032256,0.0,-0.0,14.79059536054478,-0.13406521501735535,0.10961000723515951,3.006906223424587
24.9,-16.838709677419356,-4.064516129032256,0.0,-0.0,140.4683245361298,-0.13406522709069746,0.10961000185777908,3.006906243091694
24.91,-16.838709677419356,-4.064516129032256,0.0,-0.0,140.4823475680251,-0.1340652372920581,0.10960999759606344,3.006906260872746
24.92,-16.838709677419356,-4.064516129032256,0.0,-0.0,140.49637059983343,-0.13406524590116198,0.10960999425505058,3.0069062769329604
24.93,-16.838709677419356,-4.064516129032256,0.0,-0.0,140.51039363156468,-0.13406525315699014,0.10960999167111424,3.006906291425621
24.94,-16.838709677419356,-4.064516129032256,0.0,-0.0,140.52441666322758,-0.13406525926360047,0.10960998970717467,3.0069063044925324
24.95,-16.838709677419356,-4.064516129032256,0.0,-0.0,140.53843969482986,-0.13406526439513788,0.10960998824860824,3.006906316264444
24.96,-16.838709677419356,-4.064516129032256,0.0,-0.0,140.55246272637842,-0.13406526870013868,0.10960998719976522,3.006906326861561
24.97,-16.838709677419356,-4.064516129032256,0.0,-0.0,140.56648575787935,-0.1340652723051987,0.10960998648103137,3.0069063363942865
24.98,-16.838709677419356,-4.064516129032256,0.0,-0.0,140.58050878933804,-0.1340652753181586,0.10960998602629579,3.0069063449636757
24.99,-16.838709677419356,-4.064516129032256,0.0,-0.0,140.59453182075933,-0.13406527783081845,0.10960998578081765,3.006906352662055
25.0,-16.838709677419356,-4.064516129032256,0.0,-0.0,14.944848708555748,-0.13406527992125405,0.10960998569942643,3.0069063595737298
25.01,-16.838709677419356,-4.064516129032256,0.0,-0.0,14.958871739914509,-0.1340652816558241,0.10960998574497738,3.006906365775502
25.02,-16.838709677419356,-4.064516129032256,0.0,-0.0,140.63660091483897,-0.13406528309088728,0.10960998588704274,3.0069063713371738
25.03,-16.838709677419356,-4.064516129032256,0.0,-0.0,140.65062394614864,-0.13406528427426156,0.10960998610082018,3.0069063763221653
25.04,-16.838709677419356,-4.064516129032256,0.0,-0.0,140.6646469774379,-0.13406528524647987,0.10960998636620023,3.0069063807880214
25.05,-16.838709677419356,-4.064516129032256,0.0,-0.0,140.67867000870908,-0.13406528604186296,0.10960998666698418,3.0069063847869204
25.06,-16.838709677419356,-4.064516129032256,0.0,-0.0,140.69269303996424,-0.13406528668945583,0.1096099869902033,3.006906388365984
25.07,-16.838709677419356,-4.064516129032256,0.0,-0.0,140.7067160712052,-0.1340652872137862,0.10960998732559185,3.0069063915679535
25.08,-16.838709677419356,-4.064516129032256,0.0,-0.0,15.057032958841853,-0.1340652876355688,0.10960998766508301,3.0069063944312986
25.09,-16.838709677419356,-4.064516129032256,0.0,-0.0,140.73476213365086,-0.13406528797225614,0.10960998800244215,3.0069063969908076
25.1,-16.838709677419356,-4.064516129032256,0.0,-0.0,140.7487851648583,-0.13406528823853647,0.10960998833292734,3.0069063992778444
25.11,-16.838709677419356,-4.064516129032256,0.0,-0.0,140.76280819605702,-0.13406528844675192,0.10960998865301541,3.0069064013206823
25.12,-16.838709677419356,-4.064516129032256,0.0,-0.0,140.776831227248,-0.13406528860726152,0.10960998896016583,3.0069064031447366
25.13,-16.838709677419356,-4.064516129032256,0.0,-0.0,140.79085425843218,-0.13406528872874257,0.10960998925263116,3.006906404772855
25.14,-16.838709677419356,-4.064516129032256,0.0,-0.0,140.8048772896103,-0.1340652888184395,0.1096099895293095,3.006906406225644
25.15,-16.838709677419356,-4.064516129032256,0.0,-0.0,140.81890032078306,-0.134065288882403,0.10960998978959402,3.0069064075215457
25.16,-16.838709677419356,-4.064516129032256,0.0,-0.0,140.83292335195108,-0.13406528892565928,0.10960999003328192,3.0069064086771826
25.17,-16.838709677419356,-4.064516129032256,0.0,-0.0,140.84694638311493,-0.134065288952389,0.1096099902604673,3.0069064097073963
25.18,-16.838709677419356,-4.064516129032256,0.0,-0.0,140.86096941427508,-0.1340652889660432,0.10960999047148579,3.0069064106255583
25.19,-16.838709677419356,-4.064516129032256,0.0,-0.0,140.87499244543193,-0.13406528896946712,0.10960999066684673,3.0069064114436634
25.2,-16.838709677419356,-4.064516129032256,0.0,-0.0,140.88901547658588,-0.1340652889650078,0.10960999084717504,3.0069064121723814
25.21,-16.838709677419356,-4.064516129032256,0.0,-0.0,140.90303850773728,-0.13406528895457814,0.10960999101318925,3.0069064128213236
25.22,-16.838709677419356,-4.064516129032256,0.0,-0.0,140.9170615388864,-0.1340652889397369,0.10960999116566222,3.006906413399099
25.23,-16.838709677419356,-4.064516129032256,0.0,-0.0,140.9310845700335,-0.13406528892174707,0.10960999130539484,3.0069064139133874
25.24,-16.838709677419356,-4.064516129032256,0.0,-0.0,140.94510760117885,-0.13406528890162894,0.10960999143319516,3.0069064143710316
25.25,-16.838709677419356,-4.064516129032256,0.0,-0.0,140.9591306323226,-0.13406528888018654,0.10960999154987705,3.0069064147782343
25.26,-16.838709677419356,-4.064516129032256,0.0,-0.0,140.97315366346496,-0.13406528885806912,0.10960999165622476,3.006906415140433
25.27,-16.838709677419356,-4.064516129032256,0.0,-0.0,140.9871766946061,-0.1340652888357774,0.10960999175300595,3.0069064154625385
25.28,-16.838709677419356,-4.064516129032256,0.0,-0.0,141.00119972574615,-0.1340652888136975,0.10960999184095704,3.0069064157489396
25.29,-16.838709677419356,-4.064516129032256,0.0,-0.0,141.01522275688524,-0.13406528879212187,0.10960999192078025,3.0069064160035563
25.3,-16.838709677419356,-4.064516129032256,0.0,-0.0,141.02924578802347,-0.13406528877126878,0.10960999199313642,3.006906416229862
25.31,-16.838709677419356,-4.064516129032256,0.0,-0.0,141.04326881916097,-0.13406528875129498,0.10960999205864774,3.006906416430954
25.32,-16.838709677419356,-4.064516129032256,0.0,-0.0,141.0572918502978,-0.1340652887322995,0.1096099921179039,3.0069064166096524
25.33,-16.838709677419356,-4.064516129032256,0.0,-0.0,141.07131488143403,-0.1340652887143563,0.10960999217144102,3.006906416768363
25.34,-16.838709677419356,-4.064516129032256,0.0,-0.0,141.08533791256974,-0.13406528869748935,0.10960999221977435,3.0069064169093664
25.35,-16.838709677419356,-4.064516129032256,0.0,-0.0,141.099360943705,-0.1340652886817153,0.1096099922633646,3.0069064170345627
25.36,-16.838709677419356,-4.064516129032256,0.0,-0.0,141.11338397483985,-0.1340652886670215,0.10960999230264645,3.0069064171457214
25.37,-16.838709677419356,-4.064516129032256,0.0,-0.0,141.12740700597433,-0.13406528865338108,0.10960999233802093,3.0069064172444238
25.38,-16.838709677419356,-4.064516129032256,0.0,-0.0,141.1414300371085,-0.13406528864076295,0.10960999236984925,3.006906417332022
25.39,-16.838709677419356,-4.064516129032256,0.0,-0.0,141.1554530682424,-0.13406528862912115,0.1096099923984698,3.0069064174097755
25.4,-16.838709677419356,-4.064516129032256,0.0,-0.0,141.16947609937606,-0.13406528861841216,0.10960999242418473,3.006906417478749
25.41,-16.838709677419356,-4.064516129032256,0.0,-0.0,141.1834991305095,-0.1340652886085778,0.10960999244728065,3.006906417539974
25.42,-16.838709677419356,-4.064516129032256,0.0,-0.0,15.533816018050993,-0.13406528859956968,0.10960999246800862,3.006906417594288
25.43,-16.838709677419356,-4.064516129032256,0.0,-0.0,141.2115451927758,-0.13406528859133426,0.1096099924866007,3.0069064176424614
25.44,-16.838709677419356,-4.064516129032256,0.0,-0.0,15.56186208031698,-0.13406528858381916,0.10960999250326747,3.0069064176851796
25.45,-16.838709677419356,-4.064516129032256,0.0,-0.0,141.2395912550415,-0.13406528857696998,0.10960999251820336,3.006906417723079
25.46,-16.838709677419356,-4.064516129032256,0.0,-0.0,141.25361428617416,-0.13406528857074007,0.1096099925315786,3.006906417756673
25.47,-16.838709677419356,-4.064516129032256,0.0,-0.0,141.2676373173067,-0.1340652885650786,0.10960999254355347,3.0069064177864715
25.48,-16.838709677419356,-4.064516129032256,0.0,-0.0,141.28166034843917,-0.1340652885599436,0.10960999255426646,3.0069064178128726
25.49,-16.838709677419356,-4.064516129032256,0.0,-0.0,141.29568337957156,-0.13406528855528865,0.10960999256384951,3.006906417836285
25.5,-16.838709677419356,-4.064516129032256,0.0,-0.0,141.30970641070388,-0.13406528855107736,0.10960999257241477,3.0069064178570177
25.51,-16.838709677419356,-4.064516129032256,0.0,-0.0,141.32372944183615,-0.13406528854726818,0.10960999258007037,3.0069064178753977
25.52,-16.838709677419356,-4.064516129032256,0.0,-0.0,141.33775247296836,-0.13406528854382627,0.10960999258691023,3.0069064178916918
25.53,-16.838709677419356,-4.064516129032256,0.0,-0.0,141.35177550410052,-0.13406528854071897,0.10960999259301912,3.0069064179061358
25.54,-16.838709677419356,-4.064516129032256,0.0,-0.0,141.3657985352326,-0.13406528853791633,0.1096099925984732,3.0069064179189393
25.55,-16.838709677419356,-4.064516129032256,0.0,-0.0,141.37982156636468,-0.13406528853539346,0.1096099926033382,3.0069064179302596
25.56,-16.838709677419356,-4.064516129032256,0.0,-0.0,15.730138453904994,-0.13406528853312172,0.10960999260767862,3.006906417940291
25.57,-16.838709677419356,-4.064516129032256,0.0,-0.0,141.40786762862874,-0.13406528853107758,0.10960999261154991,3.0069064179491782
25.58,-16.838709677419356,-4.064516129032256,0.0,-0.0,141.42189065976072,-0.1340652885292395,0.10960999261500187,3.0069064179570533
25.59,-16.838709677419356,-4.064516129032256,0.0,-0.0,141.43591369089268,-0.1340652885275877,0.10960999261807913,3.00690641796403
25.6,-16.838709677419356,-4.064516129032256,0.0,-0.0,141.4499367220246,-0.134065288526104,0.10960999262082166,3.006906417970211
25.61,-16.838709677419356,-4.064516129032256,0.0,-0.0,141.4639597531565,-0.13406528852477217,0.10960999262326532,3.0069064179756877
25.62,-16.838709677419356,-4.064516129032256,0.0,-0.0,141.4779827842884,-0.13406528852358068,0.10960999262543869,3.006906417980511
25.63,-16.838709677419356,-4.064516129032256,0.0,-0.0,141.49200581542027,-0.13406528852250954,0.10960999262737703,3.0069064179848093
25.64,-16.838709677419356,-4.064516129032256,0.0,-0.0,141.50602884655214,-0.13406528852155253,0.10960999262909987,3.006906417988589
25.65,-16.838709677419356,-4.064516129032256,0.0,-0.0,141.520051877684,-0.13406528852069544,0.10960999263063309,3.0069064179919347
25.66,-16.838709677419356,-4.064516129032256,0.0,-0.0,141.53407490881585,-0.13406528851992494,0.10960999263200077,3.0069064179949243
25.67,-16.838709677419356,-4.064516129032256,0.0,-0.0,141.5480979399477,-0.13406528851923838,0.10960999263321425,3.006906417997545
25.68,-16.838709677419356,-4.064516129032256,0.0,-0.0,141.56212097107954,-0.13406528851862465,0.10960999263429372,3.0069064179998644
25.69,-16.838709677419356,-4.064516129032256,0.0,-0.0,15.91243785861962,-0.13406528851807242,0.10960999263525695,3.0069064180019454
25.7,-16.838709677419356,-4.064516129032256,0.0,-0.0,141.59016703334316,-0.13406528851758193,0.10960999263611043,3.006906418003761
25.71,-16.838709677419356,-4.064516129032256,0.0,-0.0,141.60419006447498,-0.13406528851714383,0.10960999263686899,3.0069064180053675
25.72,-16.838709677419356,-4.064516129032256,0.0,-0.0,141.6182130956068,-0.1340652885167528,0.10960999263754306,3.006906418006789
25.73,-16.838709677419356,-4.064516129032256,0.0,-0.0,141.6322361267386,-0.13406528851640354,0.1096099926381422,3.0069064180080467
25.74,-16.838709677419356,-4.064516129032256,0.0,-0.0,141.64625915787042,-0.134065288516092,0.10960999263867421,3.0069064180091587
25.75,-16.838709677419356,-4.064516129032256,0.0,-0.0,141.6602821890022,-0.13406528851581068,0.10960999263915028,3.0069064180101712
25.76,-16.838709677419356,-4.064516129032256,0.0,-0.0,141.674305220134,-0.13406528851556287,0.10960999263957,3.0069064180110416
25.77,-16.838709677419356,-4.064516129032256,0.0,-0.0,141.68832825126577,-0.13406528851534194,0.10960999263994287,3.0069064180118117
25.78,-16.838709677419356,-4.064516129032256,0.0,-0.0,141.70235128239756,-0.13406528851514476,0.10960999264027382,3.0069064180124925
25.79,-16.838709677419356,-4.064516129032256,0.0,-0.0,141.71637431352934,-0.13406528851496935,0.10960999264056753,3.006906418013094
25.8,-16.838709677419356,-4.064516129032256,0.0,-0.0,141.73039734466113,-0.13406528851481303,0.10960999264082827,3.0069064180136267
25.81,-16.838709677419356,-4.064516129032256,0.0,-0.0,141.7444203757929,-0.13406528851467403,0.10960999264105953,3.0069064180140974
25.82,-16.838709677419356,-4.064516129032256,0.0,-0.0,141.7584434069247,-0.13406528851454969,0.10960999264126492,3.006906418014514
25.83,-16.838709677419356,-4.064516129032256,0.0,-0.0,141.77246643805648,-0.13406528851443955,0.10960999264144705,3.006906418014882
25.84,-16.838709677419356,-4.064516129032256,0.0,-0.0,141.78648946918827,-0.1340652885143414,0.10960999264160853,3.006906418015207
25.85,-16.838709677419356,-4.064516129032256,0.0,-0.0,141.80051250032005,-0.13406528851425414,0.10960999264175175,3.006906418015495
25.86,-16.838709677419356,-4.064516129032256,0.0,-0.0,141.81453553145184,-0.13406528851417643,0.10960999264187893,3.0069064180157494
25.87,-16.838709677419356,-4.064516129032256,0.0,-0.0,141.82855856258362,-0.13406528851410737,0.10960999264199156,3.006906418015974
25.88,-16.838709677419356,-4.064516129032256,0.0,-0.0,141.8425815937154,-0.13406528851404587,0.10960999264209154,3.006906418016173
25.89,-16.838709677419356,-4.064516129032256,0.0,-0.0,141.8566046248472,-0.13406528851399102,0.10960999264218019,3.0069064180163485
25.9,-16.838709677419356,-4.064516129032256,0.0,-0.0,141.87062765597898,-0.13406528851394262,0.10960999264225868,3.006906418016504
25.91,-16.838709677419356,-4.064516129032256,0.0,-0.0,141.88465068711076,-0.13406528851389954,0.10960999264232818,3.006906418016641
25.92,-16.838709677419356,-4.064516129032256,0.0,-0.0,141.89867371824255,-0.1340652885138609,0.10960999264238996,3.0069064180167624
25.93,-16.838709677419356,-4.064516129032256,0.0,-0.0,141.91269674937433,-0.13406528851382693,0.10960999264244459,3.0069064180168694
25.94,-16.838709677419356,-4.064516129032256,0.0,-0.0,141.92671978050612,-0.1340652885137965,0.10960999264249316,3.0069064180169645
25.95,-16.838709677419356,-4.064516129032256,0.0,-0.0,16.277036668046172,-0.13406528851376942,0.10960999264253629,3.00690641801705
25.96,-16.838709677419356,-4.064516129032256,0.0,-0.0,141.9547658427697,-0.13406528851374566,0.10960999264257426,3.006906418017122
25.97,-16.838709677419356,-4.064516129032256,0.0,-0.0,141.96878887390147,-0.13406528851372457,0.10960999264260796,3.0069064180171874
25.98,-16.838709677419356,-4.064516129032256,0.0,-0.0,141.98281190503326,-0.1340652885137057,0.10960999264263788,3.006906418017245
25.99,-16.838709677419356,-4.064516129032256,0.0,-0.0,141.99683493616504,-0.13406528851368882,0.10960999264266441,3.006906418017296
26.0,-16.838709677419356,-4.064516129032256,0.0,-0.0,16.347151823705097,-0.13406528851367394,0.10960999264268789,3.0069064180173437
26.01,-16.838709677419356,-2.903225806451612,0.0,-0.0,142.02518761836114,-0.13034402725764727,0.19415653759990567,3.0054412466092018
26.02,-16.838709677419356,-2.903225806451612,0.0,-0.0,142.03975091615584,-0.12849436857115393,0.1818472044250863,3.003734075230646
26.03,-16.838709677419356,-2.903225806451612,0.0,-0.0,142.0544922208942,-0.1279271023514823,0.17162724985889025,3.0019221286933835
26.04,-16.838709677419356,-2.903225806451612,0.0,-0.0,142.06936916111673,-0.12821310344474868,0.16312173842441766,3.000099668409507
26.05,-16.838709677419356,-2.903225806451612,0.0,-0.0,142.08434946511272,-0.12904515940868144,0.15602583778888887,2.998329354279946
26.06,-16.838709677419356,-2.903225806451612,0.0,-0.0,142.09940853503025,-0.13020643622159023,0.15009134613191147,2.9966509222789193
26.07,-16.838709677419356,-2.903225806451612,0.0,-0.0,142.11452760551649,-0.13154595703890126,0.14511579085006945,2.995087693780707
26.08,-16.838709677419356,-2.903225806451612,0.0,-0.0,142.1296923500563,-0.13296020246983842,0.1409336977718462,2.993651405506958
26.09,-16.838709677419356,-2.903225806451612,0.0,-0.0,142.1448918257496,-0.1343795905852736,0.13740960175644149,2.9923457659250547
26.1,-16.838709677419356,-2.903225806451612,0.0,-0.0,142.16011767277,-0.13575865935712983,0.1344324305598302,2.9911690565200657
26.11,-16.838709677419356,-2.903225806451612,0.0,-0.0,142.17536350553672,-0.13706898226731923,0.13191097142549066,2.990116021049365
26.12,-16.838709677419356,-2.903225806451612,0.0,-0.0,142.19062444859384,-0.13829407241346647,0.1297701976794954,2.9891792259559153
26.13,-16.838709677419356,-2.903225806451612,0.0,-0.0,142.2058967821101,-0.139425723483527,0.12794828478492695,2.9883500291514724
26.14,-16.838709677419356,-2.903225806451612,0.0,-0.0,142.2211776707113,-0.1404613865895803,0.12639418353209184,2.987619259724554
26.15,-16.838709677419356,-2.903225806451612,0.0,-0.0,142.2364649558529,-0.1414022939315145,0.12506564584194865,2.9869776851625915
26.16,-16.838709677419356,-2.903225806451612,0.0,-0.0,142.25175699675384,-0.14225212150412925,0.12392761925429505,2.9864163232548915
26.17,-16.838709677419356,-2.903225806451612,0.0,-0.0,142.26705254850478,-0.14301604134502588,0.12295094190269687,2.9859266413007934
26.18,-16.838709677419356,-2.903225806451612,0.0,-0.0,142.28235066866463,-0.14370005548545484,0.12211128218240727,2.9855006743437484
26.19,-16.838709677419356,-2.903225806451612,0.0,-0.0,142.29765064570137,-0.14431053357650736,0.12138827735201865,2.98513108597167
26.2,-16.838709677419356,-2.903225806451612,0.0,-0.0,142.31295194418706,-0.14485389756174194,0.12076483355993509,2.9848111890812543
26.21,-16.838709677419356,-2.903225806451612,0.0,-0.0,142.3282541628428,-0.14533641219426818,0.12022655662367157,2.984534939397511
26.22,-16.838709677419356,-2.903225806451612,0.0,-0.0,142.34355700243722,-0.145764051369222,0.1197612885635718,2.984296911087332
26.23,-16.838709677419356,-2.903225806451612,0.0,-0.0,142.35886024123914,-0.14614241836885067,0.11935872958929591,2.984092261226486
26.24,-16.838709677419356,-2.903225806451612,0.0,-0.0,142.37416371625892,-0.14647670404969748,0.11901012910739137,2.9839166879571333
26.25,-16.838709677419356,-2.903225806451612,0.0,-0.0,142.38946730892428,-0.14677167134460012,0.11870803248946879,2.983766385746361
26.26,-16.838709677419356,-2.903225806451612,0.0,-0.0,142.40477093415186,-0.1470316576386379,0.11844607292461293,2.983638000102592
26.27,-16.838709677419356,-2.903225806451612,0.0,-0.0,142.42007453201757,-0.1472605889185039,0.11821879977462049,2.983528583334748
26.28,-16.838709677419356,-2.903225806451612,0.0,0.0,142.43537806141524,-0.14746200131445364,0.11802153654101025,2.983435552375681
26.29,-16.838709677419356,-2.903225806451612,0.0,0.0,142.4506814952358,-0.1476390669165757,0.11785026291168707,2.9833566492857515
26.3,-16.838709677419356,-2.903225806451612,0.0,0.0,142.46598481670839,-0.14779462167248525,0.11770151644445734,2.9832899047647627
26.31,-16.838709677419356,-2.903225806451612,0.0,0.0,142.481288016629,-0.1479311938502783,0.11757231031542567,2.9832336047967716
26.32,-16.838709677419356,-2.903225806451612,0.0,0.0,142.49659109126688,-0.14805103204289338,0.11746006425614128,2.9831862604156845
26.33,-16.838709677419356,-2.903225806451612,0.0,0.0,142.5118940407875,-0.14815613204680145,0.11736254635829432,2.98314658048627
26.34,-16.838709677419356,-2.903225806451612,0.0,0.0,142.52719686806938,-0.14824826220394938,0.11727782386802779,2.9831134473390706
26.35,-16.838709677419356,-2.903225806451612,0.0,0.0,142.5424995778207,-0.14832898697831398,0.11720422144553458,2.9830858950624686
26.36,-16.838709677419356,-2.903225806451612,0.0,0.0,16.89409603233195,-0.14839968866609654,0.11714028564876419,2.983063090240334
26.37,-16.838709677419356,-2.903225806451612,0.0,0.0,142.57310466895177,-0.1484615872267181,0.11708475462662024,2.983044314918429
26.38,-16.838709677419356,-2.903225806451612,0.0,0.0,142.58840706381787,-0.1485157582807617,0.11703653218909046,2.9830289515865416
26.39,-16.838709677419356,-2.903225806451612,0.0,0.0,142.6037093675213,-0.1485631493589381,0.1169946655683882,2.983016469972644
26.4,-16.838709677419356,-2.903225806451612,0.0,0.0,142.6190115869692,-0.1486045945090746,0.11695832630357592,2.9830064154572478
26.41,-16.838709677419356,-2.903225806451612,0.0,0.0,142.63431372885364,-0.1486408273802824,0.1169267937771766,2.9829983989301665
26.42,-16.838709677419356,-2.903225806451612,0.0,0.0,142.6496157995704,-0.148672492908124,0.11689944101043495,2.9829920879266383
26.43,-16.838709677419356,-2.903225806451612,0.0,0.0,142.66491780516847,-0.1487001577240914,0.11687572238780305,2.9829871988949246
26.44,-16.838709677419356,-2.903225806451612,0.0,0.0,142.68021975132214,-0.14872431940890518,0.11685516303355878,2.982983490461256
26.45,-16.838709677419356,-2.903225806451612,0.0,0.0,142.69552164331958,-0.1487454147030456,0.11683734960672806,2.982980757572099
26.46,-16.838709677419356,-2.903225806451612,0.0,0.0,142.7108234860631,-0.14876382678057376,0.11682192231626623,2.982978826406734
26.47,-16.838709677419356,-2.903225806451612,0.0,0.0,142.72612528407765,-0.14877989168441275,0.11680856798812458,2.9829775499644473
26.48,-16.838709677419356,-2.903225806451612,0.0,0.0,142.74142704152487,-0.14879390401305792,0.11679701404069345,2.9829768042417237
26.49,-16.838709677419356,-2.903225806451612,0.0,0.0,142.75672876222072,-0.14880612194060094,0.11678702324594933,2.9829764849248397
26.5,-16.838709677419356,-2.903225806451612,0.0,0.0,142.77203044965538,-0.14881677164428964,0.11677838917106834,2.9829765045314236
26.51,-16.838709677419356,-2.903225806451612,0.0,0.0,142.7873321070141,-0.14882605120636017,0.11677093221021276,2.982976789943568
26.52,-16.838709677419356,-2.903225806451612,0.0,0.0,142.8026337371985,-0.1488341340502204,0.11676449612857312,2.9829772802808137
26.53,-16.838709677419356,-2.903225806451612,0.0,0.0,142.81793534284765,-0.14884117196458635,0.11675894505159287,2.982977925068881
26.54,-16.838709677419356,-2.903225806451612,0.0,0.0,142.83323692635838,-0.14884729776350292,0.11675416084130599,2.982978682664785
26.55,-16.838709677419356,-2.903225806451612,0.0,0.0,142.8485384899049,-0.14885262762488982,0.11675004080955362,2.982979518904185
26.56,-16.838709677419356,-2.903225806451612,0.0,0.0,142.86384003545746,-0.14885726314553605,0.11674649572451132,2.9829804059409564
26.57,-16.838709677419356,-2.903225806451612,0.0,0.0,142.87914156479962,-0.1488612931460902,0.11674344807280293,2.9829813212535283
26.58,-16.838709677419356,-2.903225806451612,0.0,0.0,142.89444307954474,-0.14886479525592078,0.11674083054428266,2.982982246794661
26.59,-16.838709677419356,-2.903225806451612,0.0,0.0,142.90974458115102,-0.1488678373041299,0.11673858471099732,2.9829831682654593
26.6,-16.838709677419356,-2.903225806451612,0.0,0.0,17.261339927343776,-0.14887047854003987,0.11673665987546136,2.982984074496343
26.61,-16.838709677419356,-2.903225806451612,0.0,0.0,142.94034755008707,-0.1488727707037223,0.11673501206659834,2.9829849569200397
26.62,-16.838709677419356,-2.903225806451612,0.0,0.0,142.95564901967825,-0.1488747589646966,0.1167336031645165,2.9829858091238677
26.63,-16.838709677419356,-2.903225806451612,0.0,0.0,142.97095048067615,-0.14887648274479837,0.11673240013767902,2.982986626470131
26.64,-16.838709677419356,-2.903225806451612,0.0,0.0,142.98625193395236,-0.14887797643931222,0.11673137437813333,2.98298740577492
26.65,-16.838709677419356,-2.903225806451612,0.0,0.0,143.00155338029202,-0.14887927004878776,0.11673050112228847,2.9829881450369142
26.66,-16.838709677419356,-2.903225806451612,0.0,0.0,143.0168548204022,-0.14888038973245088,0.1167297589463375,2.982988843209047
26.67,-16.838709677419356,-2.903225806451612,0.0,0.0,143.03215625491927,-0.14888135829279503,0.11672912932682403,2.9829895000069477
26.68,-16.838709677419356,-2.903225806451612,0.0,0.0,143.04745768441592,-0.14888219559984583,0.11672859625799717,2.982990115748476
26.69,-16.838709677419356,-2.903225806451612,0.0,0.0,143.06275910940724,-0.14888291896249073,0.11672814591872391,2.9829906912199182
26.7,-16.838709677419356,-2.903225806451612,0.0,0.0,143.0780605303564,-0.14888354345338906,0.11672776638263846,2.9829912275649786
26.71,-16.838709677419356,-2.903225806451612,0.0,0.0,143.09336194767977,-0.14888408219323712,0.11672744736594767,2.9829917261927754
26.72,-16.838709677419356,-2.903225806451612,0.0,0.0,143.1086633617515,-0.14888454659935135,0.11672718000813173,2.9829921887024082
26.73,-16.838709677419356,-2.903225806451612,0.0,0.0,143.12396477290778,-0.1488849466030686,0.11672695668123997,2.9829926168209817
26.74,-16.838709677419356,-2.903225806451612,0.0,0.0,143.13926618145052,-0.14888529083973623,0.11672677082420771,2.982993012353689
26.75,-16.838709677419356,-2.903225806451612,0.0,0.0,143.15456758765086,-0.1488855868148169,0.11672661679884902,2.9829933771431443
26.76,-16.838709677419356,-2.903225806451612,0.0,0.0,143.1698689917522,-0.14888584104896152,0.11672648976485842,2.9829937130374042
26.77,-16.838709677419356,-2.903225806451612,0.0,0.0,143.18517039397298,-0.1488860592047634,0.11672638557127116,2.982994021864569
26.78,-16.838709677419356,-2.903225806451612,0.0,0.0,143.2004717945092,-0.1488862461974365,0.1167263006622972,2.982994305413177
26.79,-16.838709677419356,-2.903225806451612,0.0,0.0,143.21577319353673,-0.14888640629145256,0.11672623199564433,2.9829945654172874
26.8,-16.838709677419356,-2.903225806451612,0.0,0.0,143.2310745912133,-0.1488865431848716,0.11672617697172719,2.9829948035455467
26.81,-16.838709677419356,-2.903225806451612,0.0,0.0,143.24637598768027,-0.14888666008292084,0.11672613337233981,2.982995021393531
26.82,-16.838709677419356,-2.903225806451612,0.0,0.0,143.26167738306452,-0.14888675976221055,0.1167260993075118,2.982995220478413
26.83,-16.838709677419356,-2.903225806451612,0.0,0.0,143.27697877747968,-0.1488868446266729,0.11672607316957809,2.982995402236257
26.84,-16.838709677419356,-2.903225806451612,0.0,0.0,143.2922801710276,-0.1488869167563951,0.11672605359338098,2.98299556802047
26.85,-16.838709677419356,-2.903225806451612,0.0,0.0,143.3075815637996,-0.14888697795012962,0.11672603942191631,2.982995719101994
26.86,-16.838709677419356,-2.903225806451612,0.0,0.0,143.32288295587742,-0.1488870297623428,0.11672602967664455,2.98299585667046
26.87,-16.838709677419356,-2.903225806451612,0.0,0.0,143.3381843473343,-0.14888707353548858,0.11672602353185277,2.9829959818360896
26.88,-16.838709677419356,-2.903225806451612,0.0,0.0,143.35348573823586,-0.14888711042810066,0.11672602029254589,2.9829960956322816
26.89,-16.838709677419356,-2.903225806451612,0.0,0.0,143.3687871286408,-0.1488871414392383,0.11672601937539093,2.9829961990186615
26.9,-16.838709677419356,-2.903225806451612,0.0,0.0,143.38408851860174,-0.1488871674297687,0.11672602029229104,2.982996292884336
26.91,-16.838709677419356,-2.903225806451612,0.0,0.0,143.39938990816574,-0.14888718914084742,0.11672602263627743,2.982996378051562
26.92,-16.838709677419356,-2.903225806451612,0.0,0.0,143.4146912973749,-0.14888720721000936,0.11672602606935459,2.9829964552793355
26.93,-16.838709677419356,-2.903225806451612,0.0,0.0,143.42999268626693,-0.14888722218515316,0.11672603031205744,2.9829965252669983
26.94,-16.838709677419356,-2.903225806451612,0.0,0.0,143.44529407487556,-0.14888723453665942,0.11672603513451982,2.982996588658063
26.95,-16.838709677419356,-2.903225806451612,0.0,0.0,143.460595463231,-0.14888724466793857,0.11672604034879183,2.982996646043756
26.96,-16.838709677419356,-2.903225806451612,0.0,0.0,143.47589685136018,-0.1488872529245695,0.1167260458022775,2.9829966979665774
26.97,-16.838709677419356,-2.903225806451612,0.0,0.0,143.49119823928726,-0.14888725960224036,0.1167260513721092,2.9829967449236436
26.98,-16.838709677419356,-2.903225806451612,0.0,0.0,143.5064996270338,-0.14888726495361837,0.11672605696035901,2.9829967873699954
26.99,-16.838709677419356,-2.903225806451612,0.0,0.0,143.52180101461911,-0.14888726919431305,0.11672606248994546,2.982996825721678
27.0,-16.838709677419356,-2.903225806451612,0.0,0.0,143.53710240206047,-0.1488872725080348,0.11672606790115211,2.9829968603586945
27.01,-16.838709677419356,-2.903225806451612,0.0,0.0,143.55240378937327,-0.14888727505105104,0.11672607314867997,2.9829968916278786
27.02,-16.838709677419356,-2.903225806451612,0.0,0.0,143.56770517657128,-0.14888727695606363,0.11672607819912381,2.9829969198454114
27.03,-16.838709677419356,-2.903225806451612,0.0,0.0,17.919300420075096,-0.1488872783355495,0.11672608302884405,2.982996945299258
27.04,-16.838709677419356,-2.903225806451612,0.0,0.0,143.59830795067091,-0.14888727928463252,0.11672608762218725,2.9829969682515793
27.05,-16.838709677419356,-2.903225806451612,0.0,0.0,143.61360933759337,-0.14888727988358474,0.11672609196996084,2.9829969889407915
27.06,-16.838709677419356,-2.903225806451612,0.0,0.0,143.628910724443,-0.14888728019997188,0.11672609606816556,2.9829970075835788
27.07,-16.838709677419356,-2.903225806451612,0.0,0.0,17.98050596763587,-0.14888728029050569,0.11672609991692892,2.9829970243767363
27.08,-16.838709677419356,-2.903225806451612,0.0,0.0,143.6595134979542,-0.1488872802026393,0.11672610351961457,2.9829970394988847
27.09,-16.838709677419356,-2.903225806451612,0.0,0.0,143.6748148846291,-0.14888727997594553,0.11672610688207699,2.9829970531120025
27.1,-16.838709677419356,-2.903225806451612,0.0,0.0,143.69011627125778,-0.14888727964327875,0.11672611001206487,2.98299706536302
27.11,-16.838709677419356,-2.903225806451612,0.0,0.0,143.70541765784532,-0.1488872792318241,0.11672611291868093,2.982997076384907
27.12,-16.838709677419356,-2.903225806451612,0.0,0.0,143.72071904439613,-0.1488872787639246,0.11672611561200782,2.9829970862982105
27.13,-16.838709677419356,-2.903225806451612,0.0,0.0,143.73602043091418,-0.14888727825785697,0.11672611810274117,2.9829970952119766
27.14,-16.838709677419356,-2.903225806451612,0.0,0.0,143.75132181740304,-0.14888727772846866,0.1167261204019159,2.982997103224784
27.15,-16.838709677419356,-2.903225806451612,0.0,0.0,143.76662320386586,-0.14888727718770323,0.11672612252070899,2.9829971104258597
27.16,-16.838709677419356,-2.903225806451612,0.0,0.0,143.78192459030547,-0.14888727664508572,0.1167261244702453,2.982997116895801
27.17,-16.838709677419356,-2.903225806451612,0.0,0.0,143.79722597672438,-0.14888727610811636,0.11672612626146608,2.9829971227073937
27.18,-16.838709677419356,-2.903225806451612,0.0,0.0,143.81252736312481,-0.14888727558259962,0.11672612790503475,2.982997127926418
27.19,-16.838709677419356,-2.903225806451612,0.0,0.0,143.82782874950883,-0.14888727507295263,0.11672612941123708,2.9829971326121387
27.2,-16.838709677419356,-2.903225806451612,0.0,0.0,143.84313013587817,-0.14888727458241857,0.11672613078995628,2.982997136818158
27.21,-16.838709677419356,-2.903225806451612,0.0,0.0,143.85843152223447,-0.14888727411330516,0.11672613205060242,2.982997140592706
27.22,-16.838709677419356,-2.903225806451612,0.0,0.0,143.87373290857911,-0.14888727366713006,0.11672613320211592,2.9829971439793677
27.23,-16.838709677419356,-2.903225806451612,0.0,0.0,143.8890342949134,-0.14888727324479611,0.11672613425292819,2.982997147017332
27.24,-16.838709677419356,-2.903225806451612,0.0,0.0,143.90433568123842,-0.1488872728466939,0.11672613521097822,2.9829971497419487
27.25,-16.838709677419356,-2.903225806451612,0.0,0.0,143.91963706755521,-0.1488872724728112,0.11672613608371027,2.9829971521850687
27.26,-16.838709677419356,-2.903225806451612,0.0,0.0,18.271232310272943,-0.14888727212282626,0.11672613687807734,2.98299715437533
27.27,-16.838709677419356,-2.903225806451612,0.0,0.0,143.95023984016763,-0.14888727179617467,0.11672613760055958,2.98299715633851
27.28,-16.838709677419356,-2.903225806451612,0.0,0.0,143.96554122646475,-0.14888727149209746,0.11672613825719261,2.9829971580978816
27.29,-16.838709677419356,-2.903225806451612,0.0,0.0,143.9808426127567,-0.148887271209718,0.11672613885356023,2.9829971596742735
27.3,-16.838709677419356,-2.903225806451612,0.0,0.0,143.99614399904402,-0.1488872709480522,0.11672613939484391,2.9829971610865065
27.31,-16.838709677419356,-2.903225806451612,0.0,0.0,144.01144538532725,-0.14888727070607022,0.11672613988581684,2.982997162351401
27.32,-16.838709677419356,-2.903225806451612,0.0,0.0,144.0267467716068,-0.14888727048269246,0.11672614033089682,2.982997163484188
27.33,-16.838709677419356,-2.903225806451612,0.0,0.0,144.0420481578831,-0.1488872702768369,0.11672614073414181,2.9829971644984816
27.34,-16.838709677419356,-2.903225806451612,0.0,0.0,144.0573495441565,-0.1488872700874253,0.1167261410992835,2.9829971654065153
27.35,-16.838709677419356,-2.903225806451612,0.0,0.0,144.0726509304273,-0.14888726991339252,0.11672614142975227,2.982997166219307
27.36,-16.838709677419356,-2.903225806451612,0.0,0.0,144.08795231669583,-0.14888726975370825,0.11672614172868681,2.9829971669466997
27.37,-16.838709677419356,-2.903225806451612,0.0,0.0,144.10325370296232,-0.1488872696073651,0.11672614199897349,2.9829971675976155
27.38,-16.838709677419356,-2.903225806451612,0.0,0.0,144.118555089227,-0.1488872694734078,0.11672614224324249,2.9829971681799856
27.39,-16.838709677419356,-2.903225806451612,0.0,0.0,144.13385647549003,-0.1488872693509209,0.11672614246390148,2.9829971687009555
27.4,-16.838709677419356,-2.903225806451612,0.0,0.0,144.14915786175163,-0.14888726923903617,0.11672614266314876,2.982997169166939
27.41,-16.838709677419356,-2.903225806451612,0.0,0.0,144.16445924801195,-0.1488872691369365,0.11672614284298641,2.9829971695836623
27.42,-16.838709677419356,-2.903225806451612,0.0,0.0,144.17976063427113,-0.1488872690438492,0.11672614300524245,2.982997169956291
27.43,-16.838709677419356,-2.903225806451612,0.0,0.0,144.1950620205293,-0.1488872689590499,0.11672614315158211,2.982997170289458
27.44,-16.838709677419356,-2.903225806451612,0.0,0.0,18.54665726319481,-0.1488872688818641,0.11672614328351696,2.9829971705872937
27.45,-16.838709677419356,-2.903225806451612,0.0,0.0,18.561958649451263,-0.1488872688116647,0.11672614340242085,2.9829971708534937
27.46,-16.838709677419356,-2.903225806451612,0.0,0.0,144.24096617929874,-0.14888726874786307,0.11672614350954655,2.982997171091402
27.47,-16.838709677419356,-2.903225806451612,0.0,0.0,144.25626756555383,-0.14888726868991364,0.11672614360603148,2.9829971713040218
27.48,-16.838709677419356,-2.903225806451612,0.0,0.0,144.27156895180835,-0.14888726863731883,0.11672614369290088,2.9829971714939836
27.49,-16.838709677419356,-2.903225806451612,0.0,0.0,144.28687033806239,-0.14888726858961476,0.11672614377108706,2.98299717166367
27.5,-16.838709677419356,-2.903225806451612,0.0,0.0,144.30217172431597,-0.14888726854636647,0.11672614384144323,2.9829971718152732
27.51,-16.838709677419356,-2.903225806451612,0.0,0.0,144.31747311056915,-0.14888726850718403,0.11672614390473132,2.9829971719506743
27.52,-16.838709677419356,-2.903225806451612,0.0,0.0,144.332774496822,-0.14888726847170553,0.11672614396164435,2.9829971720715847
27.53,-16.838709677419356,-2.903225806451612,0.0,0.0,144.3480758830745,-0.14888726843959077,0.1167261440128172,2.982997172179592
27.54,-16.838709677419356,-2.903225806451612,0.0,0.0,144.36337726932675,-0.14888726841054667,0.1167261440588058,2.9829971722759807
27.55,-16.838709677419356,-2.903225806451612,0.0,0.0,144.37867865557874,-0.14888726838428212,0.11672614410013424,2.9829971723620625
27.56,-16.838709677419356,-2.903225806451612,0.0,0.0,144.3939800418305,-0.14888726836054578,0.11672614413726198,2.9829971724389055
27.57,-16.838709677419356,-2.903225806451612,0.0,0.0,144.40928142808207,-0.14888726833910404,0.1167261441706077,2.9829971725074906
27.58,-16.838709677419356,-2.903225806451612,0.0,0.0,144.42458281433346,-0.14888726831974375,0.11672614420054875,2.982997172568696
27.59,-16.838709677419356,-2.903225806451612,0.0,0.0,144.43988420058471,-0.14888726830227017,0.1167261442274268,2.982997172623305
27.6,-16.838709677419356,-2.903225806451612,0.0,0.0,144.45518558683582,-0.148887268286503,0.1167261442515525,2.9829971726720492
27.61,-16.838709677419356,-2.903225806451612,0.0,0.0,144.4704869730868,-0.14888726827228038,0.11672614427320324,2.9829971727155553
27.62,-16.838709677419356,-2.903225806451612,0.0,0.0,144.48578835933768,-0.1488872682594633,0.11672614429262143,2.982997172754327
27.63,-16.838709677419356,-2.903225806451612,0.0,0.0,144.50108974558844,-0.14888726824790677,0.11672614431004372,2.982997172788951
27.64,-16.838709677419356,-2.903225806451612,-0.0,-0.0,18.852684988247397,-0.14888726823749687,0.11672614432566539,2.98299717281982
27.65,-16.838709677419356,-2.903225806451612,-0.0,-0.0,144.53169251808973,-0.1488872682281206,0.11672614433967268,2.982997172847356
27.66,-16.838709677419356,-2.903225806451612,-0.0,-0.0,144.54699390434027,-0.14888726821968068,0.11672614435222675,2.9829971728718956
27.67,-16.838709677419356,-2.903225806451612,-0.0,-0.0,144.56229529059075,-0.14888726821208342,0.11672614436347925,2.982997172893784
27.68,-16.838709677419356,-2.903225806451612,-0.0,-0.0,144.57759667684118,-0.14888726820524623,0.11672614437356346,2.982997172913306
27.69,-16.838709677419356,-2.903225806451612,-0.0,-0.0,144.59289806309155,-0.1488872681990956,0.11672614438259857,2.9829971729307174
27.7,-16.838709677419356,-2.903225806451612,-0.0,-0.0,144.6081994493419,-0.1488872681935669,0.11672614439068932,2.982997172946217
27.71,-16.838709677419356,-2.903225806451612,-0.0,-0.0,144.6235008355922,-0.148887268188596,0.11672614439793602,2.9829971729600357
27.72,-16.838709677419356,-2.903225806451612,-0.0,-0.0,144.63880222184247,-0.14888726818412334,0.11672614440442966,2.9829971729723845
27.73,-16.838709677419356,-2.903225806451612,-0.0,-0.0,144.6541036080927,-0.14888726818010745,0.11672614441024035,2.9829971729833678
27.74,-16.838709677419356,-2.903225806451612,-0.0,-0.0,144.6694049943429,-0.14888726817649944,0.11672614441544252,2.9829971729931586
27.75,-16.838709677419356,-2.903225806451612,-0.0,-0.0,144.6847063805931,-0.14888726817326203,0.11672614442009535,2.982997173001858
27.76,-16.838709677419356,-2.903225806451612,-0.0,-0.0,144.70000776684327,-0.14888726817035147,0.11672614442426285,2.9829971730096374
27.77,-16.838709677419356,-2.903225806451612,-0.0,-0.0,144.71530915309341,-0.148887268167738,0.11672614442799248,2.982997173016572
27.78,-16.838709677419356,-2.903225806451612,-0.0,-0.0,144.73061053934356,-0.14888726816539566,0.11672614443132565,2.982997173022724
27.79,-16.838709677419356,-2.903225806451612,-0.0,-0.0,144.74591192559367,-0.14888726816329,0.11672614443431092,2.9829971730282328
27.8,-16.838709677419356,-2.903225806451612,-0.0,-0.0,19.097507168252058,-0.14888726816140418,0.11672614443697779,2.9829971730331164
27.81,-16.838709677419356,-2.903225806451612,-0.0,-0.0,144.77651469809388,-0.14888726815970954,0.11672614443936588,2.9829971730374902
27.82,-16.838709677419356,-2.903225806451612,-0.0,-0.0,144.79181608434396,-0.14888726815819275,0.11672614444149806,2.9829971730413622
27.83,-16.838709677419356,-2.903225806451612,-0.0,-0.0,19.14341132700232,-0.1488872681568325,0.11672614444340454,2.9829971730448124
27.84,-16.838709677419356,-2.903225806451612,-0.0,-0.0,144.8224188568441,-0.14888726815561015,0.11672614444511178,2.982997173047909
27.85,-16.838709677419356,-2.903225806451612,-0.0,-0.0,144.83772024309417,-0.1488872681545177,0.11672614444663457,2.982997173050643
27.86,-16.838709677419356,-2.903225806451612,-0.0,-0.0,144.85302162934423,-0.1488872681535387,0.11672614444799564,2.982997173053077
27.87,-16.838709677419356,-2.903225806451612,-0.0,-0.0,144.86832301559429,-0.14888726815266162,0.11672614444921162,2.9829971730552436
27.88,-16.838709677419356,-2.903225806451612,-0.0,-0.0,144.88362440184432,-0.14888726815187203,0.11672614445030191,2.982997173057201
27.89,-16.838709677419356,-2.903225806451612,-0.0,-0.0,144.89892578809435,-0.14888726815116837,0.11672614445127258,2.982997173058918
27.9,-16.838709677419356,-2.903225806451612,-0.0,-0.0,144.91422717434438,-0.1488872681505382,0.11672614445213961,2.982997173060446
27.91,-16.838709677419356,-2.903225806451612,-0.0,-0.0,144.9295285605944,-0.148887268149974,0.11672614445291388,2.9829971730618063
27.92,-16.838709677419356,-2.903225806451612,-0.0,-0.0,144.94482994684444,-0.14888726814946884,0.11672614445360538,2.982997173063017
27.93,-16.838709677419356,-2.903225806451612,-0.0,-0.0,144.96013133309447,-0.14888726814901698,0.11672614445422272,2.982997173064094
27.94,-16.838709677419356,-2.903225806451612,-0.0,-0.0,144.9754327193445,-0.14888726814861242,0.11672614445477411,2.982997173065052
27.95,-16.838709677419356,-2.903225806451612,-0.0,-0.0,144.99073410559453,-0.14888726814825026,0.11672614445526627,2.9829971730659053
27.96,-16.838709677419356,-2.903225806451612,-0.0,-0.0,145.00603549184456,-0.1488872681479263,0.1167261444557057,2.982997173066664
27.97,-16.838709677419356,-2.903225806451612,-0.0,-0.0,145.0213368780946,-0.14888726814763653,0.11672614445609783,2.982997173067339
27.98,-16.838709677419356,-2.903225806451612,-0.0,-0.0,145.03663826434462,-0.1488872681473774,0.11672614445644766,2.982997173067939
27.99,-16.838709677419356,-2.903225806451612,-0.0,-0.0,145.05193965059462,-0.14888726814714204,0.11672614445676374,2.982997173068502
28.0,-16.838709677419356,-2.903225806451612,-0.0,-0.0,145.06724103684462,-0.14888726814693487,0.11672614445704241,2.9829971730689766
28.01,-16.838709677419356,-1.741935483870968,-0.0,-0.0,145.082831547796,-0.14543458596582148,0.20206432134948013,2.981412593634296
28.02,-16.838709677419356,-1.741935483870968,-0.0,-0.0,145.09864692772334,-0.1436012153889279,0.19027063198130104,2.9796156748501237
28.03,-16.838709677419356,-1.741935483870968,-0.0,-0.0,145.114637040105,-0.14291661587748372,0.18036644476109762,2.9777260669884216
28.04,-16.838709677419356,-1.741935483870968,-0.0,-0.0,145.13076283028076,-0.14302791588777564,0.17203307042944785,2.9758282459250007
28.05,-16.838709677419356,-1.741935483870968,-0.0,-0.0,145.14699389735824,-0.14367413728160616,0.1650070687912751,2.9739800920973605
28.06,-16.838709677419356,-1.741935483870968,-0.0,-0.0,145.16330658186178,-0.1446645194571332,0.15907067059660265,2.9722196374172056
28.07,-16.838709677419356,-1.741935483870968,-0.0,-0.0,145.179682471701,-0.14586117732921489,0.15404376938163358,2.970570283777717
28.08,-16.838709677419356,-1.741935483870968,-0.0,-0.0,145.19610723937507,-0.14716564649577157,0.14977730342419224,2.969044794869946
28.09,-16.838709677419356,-1.741935483870968,-0.0,-0.0,145.21256973808391,-0.1485086421806585,0.14614780703106847,2.9676483239527593
28.1,-16.838709677419356,-1.741935483870968,-0.0,-0.0,145.22906129897913,-0.14984235527250034,0.1430529254452058,2.966380693398167
28.11,-16.838709677419356,-1.741935483870968,-0.0,-0.0,145.24557518435978,-0.15113469746681973,0.14040771943450994,2.965238098171761
28.12,-16.838709677419356,-1.741935483870968,-0.0,-0.0,145.26210616180086,-0.15236502019404075,0.138141617843515,2.9642143683375766
28.13,-16.838709677419356,-1.741935483870968,-0.0,-0.0,145.2786501721831,-0.15352093812686096,0.13619590367797343,2.9633018955860395
28.14,-16.838709677419356,-1.741935483870968,-0.0,-0.0,145.2952040707506,-0.15459597686176307,0.13452164091450872,2.962492304925424
28.15,-16.838709677419356,-1.741935483870968,-0.0,-0.0,145.31176542504934,-0.15558783440488555,0.13307796605848635,2.961776933994721
28.16,-16.838709677419356,-1.741935483870968,-0.0,-0.0,145.32833235722268,-0.1564970995802517,0.13183068168338755,2.9611471679320345
28.17,-16.838709677419356,-1.741935483870968,-0.0,-0.0,145.34490342092857,-0.15732631062715052,0.13075109976252033,2.9605946664799996
28.18,-16.838709677419356,-1.741935483870968,-0.0,-0.0,145.36147750529452,-0.15807926712990805,0.1298150912613291,2.9601115113185994
28.19,-16.838709677419356,-1.741935483870968,-0.0,-0.0,145.37805375999284,-0.15876053058075157,0.12900230566887375,2.959690294913608
28.2,-16.838709677419356,-1.741935483870968,-0.0,-0.0,145.39463153681538,-0.15937506530480627,0.12829553021730492,2.9593241670100854
28.21,-16.838709677419356,-1.741935483870968,-0.0,-0.0,145.41121034413587,-0.15992798367480732,0.12768016367174476,2.9590068509384393
28.22,-16.838709677419356,-1.741935483870968,-0.0,-0.0,145.42778981143672,-0.1604243686224991,0.12714378391287387,2.9587326388630215
28.23,-16.838709677419356,-1.741935483870968,-0.0,-0.0,19.780663518101555,-0.16086915322935358,0.1266757921911779,2.9584963727808193
28.24,-16.838709677419356,-1.741935483870968,-0.0,-0.0,145.46094968989001,-0.16126704224884802,0.12626711999709042,2.9582934163069203
28.25,-16.838709677419356,-1.741935483870968,-0.0,-0.0,145.47752974632084,-0.16162246421450455,0.12590998704597503,2.9581196209368903
28.26,-16.838709677419356,-1.741935483870968,-0.0,-0.0,145.49410972362,-0.1619395456443371,0.12559770099385595,2.9579712894577415
28.27,-16.838709677419356,-1.741935483870968,-0.0,-0.0,19.846983403109498,-0.1622221010019147,0.1253244912439844,2.957845138409313
28.28,-16.838709677419356,-1.741935483870968,-0.0,-0.0,145.52726916496263,-0.1624736336926662,0.1250853706348575,2.9577382609230294
28.29,-16.838709677419356,-1.741935483870968,-0.0,-0.0,145.54384854625647,-0.16269734459373675,0.12487601996779721,2.9576480908335063
28.3,-16.838709677419356,-1.741935483870968,-0.0,-0.0,145.56042767223258,-0.1628961455339466,0.12469269128237617,2.9575723686422175
28.31,-16.838709677419356,-1.741935483870968,-0.0,-0.0,145.57700653475035,-0.16307267583168983,0.12453212655841653,2.957509109678778
28.32,-16.838709677419356,-1.741935483870968,-0.0,-0.0,145.59358513312168,-0.16322932051801597,0.1243914891469087,2.957456574636733
28.33,-16.838709677419356,-1.741935483870968,-0.0,-0.0,145.61016347199907,-0.1633682292614269,0.1242683057362717,2.9574132425415245
28.34,-16.838709677419356,-1.741935483870968,-0.0,-0.0,145.62674155976472,-0.1634913353021039,0.12416041706710748,2.9573777861236654
28.35,-16.838709677419356,-1.741935483870968,-0.0,-0.0,145.6433194073078,-0.16360037391984217,0.12406593593704499,2.957349049514186
28.36,-16.838709677419356,-1.741935483870968,-0.0,-0.0,145.6598970271023,-0.16369690012034344,0.12398321130234105,2.957326028142929
28.37,-16.838709677419356,-1.741935483870968,-0.0,-0.0,145.67647443251695,-0.16378230534247606,0.12391079749697045,2.957307850698001
28.38,-16.838709677419356,-1.741935483870968,-0.0,-0.0,145.69305163730456,-0.16385783307489654,0.12384742776320926,2.9572937629941447
28.39,-16.838709677419356,-1.741935483870968,-0.0,-0.0,145.70962865522878,-0.16392459333229992,0.12379199142792854,2.957283113593511
28.4,-16.838709677419356,-1.741935483870968,-0.0,-0.0,145.7262054997966,-0.16398357598517244,0.12374351417286292,2.9572753410249146
28.41,-16.838709677419356,-1.741935483870968,-0.0,-0.0,145.74278218407153,-0.16403566296731165,0.12370114093966458,2.957269962451855
28.42,-16.838709677419356,-1.741935483870968,-0.0,-0.0,145.75935872054802,-0.16408163940547338,0.1236641210863774,2.957266563648201
28.43,-16.838709677419356,-1.741935483870968,-0.0,-0.0,145.7759351210722,-0.1641222037284238,0.1236317954738442,2.9572647901489457
28.44,-16.838709677419356,-1.741935483870968,-0.0,-0.0,145.7925113967972,-0.16415797682013933,0.12360358521144324,2.957264339453025
28.45,-16.838709677419356,-1.741935483870968,-0.0,-0.0,145.80908755816435,-0.1641895102853963,0.12357898183357122,2.957264954165566
28.46,-16.838709677419356,-1.741935483870968,-0.0,-0.0,145.82566361490294,-0.1642172938968154,0.12355753871296829,2.957266415976347
28.47,-16.838709677419356,-1.741935483870968,-0.0,-0.0,145.8422395760437,-0.16424176229122756,0.12353886354587698,2.95726854038111
28.48,-16.838709677419356,-1.741935483870968,-0.0,-0.0,145.85881544994172,-0.164263300980805,0.12352261176806759,2.9572711720610965
28.49,-16.838709677419356,-1.741935483870968,-0.0,-0.0,20.211685100713787,-0.16428225174105826,0.12350848078095347,2.9572741808449323
28.5,-16.838709677419356,-1.741935483870968,-0.0,-0.0,145.89196696623043,-0.16429891743401548,0.12349620488395588,2.957277458184622
28.51,-16.838709677419356,-1.741935483870968,-0.0,-0.0,145.9085426222341,-0.16431356632086302,0.12348555082358029,2.95728091408463
28.52,-16.838709677419356,-1.741935483870968,-0.0,-0.0,145.92511821829305,-0.1643264359141119,0.1234763138818609,2.957284474430008
28.53,-16.838709677419356,-1.741935483870968,-0.0,-0.0,145.94169375987912,-0.1643377364153844,0.12346831443705289,2.9572880786648916
28.54,-16.838709677419356,-1.741935483870968,-0.0,-0.0,145.95826925199543,-0.16434765378086214,0.12346139493834554,2.957291677778654
28.55,-16.838709677419356,-1.741935483870968,-0.0,-0.0,145.97484469921113,-0.16435635245271207,0.12345541724388512,2.9572952325617003
28.56,-16.838709677419356,-1.741935483870968,-0.0,-0.0,145.9914201056946,-0.1643639777912611,0.12345026027788222,2.9572987120972147
28.57,-16.838709677419356,-1.741935483870968,-0.0,-0.0,146.0079954752451,-0.16437065823938557,0.12344581796816215,2.957302092459127
28.58,-16.838709677419356,-1.741935483870968,-0.0,-0.0,146.0245708113225,-0.16437650724747477,0.1234419974304092,2.957305355590383
28.59,-16.838709677419356,-1.741935483870968,-0.0,-0.0,146.0411461170752,-0.16438162498464104,0.1234387173694044,2.957308488337846
28.6,-16.838709677419356,-1.741935483870968,-0.0,-0.0,146.05772139536623,-0.16438609985906072,0.12343590667141427,2.9573114816243757
28.61,-16.838709677419356,-1.741935483870968,-0.0,-0.0,146.07429664879749,-0.1643900098682145,0.12343350316481963,2.9573143297395164
28.62,-16.838709677419356,-1.741935483870968,-0.0,-0.0,146.09087187973216,-0.16439342379749844,0.1234314525289997,2.9573170297335083
28.63,-16.838709677419356,-1.741935483870968,-0.0,-0.0,146.1074470903155,-0.1643964022837785,0.12342970733386363,2.9573195809010264
28.64,-16.838709677419356,-1.741935483870968,-0.0,-0.0,146.12402228249397,-0.16439899875878616,0.12342822619446683,2.9573219843422605
28.65,-16.838709677419356,-1.741935483870968,-0.0,-0.0,146.14059745803283,-0.16440126028556623,0.12342697302710806,2.9573242425912434
28.66,-16.838709677419356,-1.741935483870968,-0.0,-0.0,146.15717261853237,-0.16440322829985776,0.12342591639484049,2.957326359301991
28.67,-16.838709677419356,-1.741935483870968,-0.0,-0.0,146.17374776544276,-0.16440493926696842,0.12342502893180499,2.9573283389845866
28.68,-16.838709677419356,-1.741935483870968,-0.0,-0.0,146.19032290007752,-0.16440642526355553,0.12342428683705134,2.957330186784336
28.69,-16.838709677419356,-1.741935483870968,-0.0,-0.0,146.2068980236261,-0.16440771449277802,0.12342366942953878,2.95733190829749
28.7,-16.838709677419356,-1.741935483870968,-0.0,-0.0,146.22347313716523,-0.1644088317402168,0.12342315875713342,2.957333509418887
28.71,-16.838709677419356,-1.741935483870968,-0.0,-0.0,146.24004824166914,-0.16440979877728568,0.12342273925312533,2.957334996216521
28.72,-16.838709677419356,-1.741935483870968,-0.0,-0.0,146.25662333801924,-0.16441063471807782,0.1234223974345934,2.9573363748289903
28.73,-16.838709677419356,-1.741935483870968,-0.0,-0.0,20.609492283420813,-0.16441135633484505,0.12342212163769664,2.9573376513828715
28.74,-16.838709677419356,-1.741935483870968,-0.0,-0.0,146.28977350936972,-0.16441197833691223,0.12342190178538018,2.95733883192632
28.75,-16.838709677419356,-1.741935483870968,-0.0,-0.0,146.3063485857421,-0.16441251361706577,0.12342172918373054,2.9573399223771832
28.76,-16.838709677419356,-1.741935483870968,-0.0,-0.0,146.32292365671827,-0.16441297346923944,0.12342159634343378,2.957340928482596
28.77,-16.838709677419356,-1.741935483870968,-0.0,-0.0,146.3394987228299,-0.16441336778070736,0.12342149682339246,2.9573418557886777
28.78,-16.838709677419356,-1.741935483870968,-0.0,-0.0,146.35607378455714,-0.16441370520173781,0.1234214250937972,2.9573427096184903
28.79,-16.838709677419356,-1.741935483870968,-0.0,-0.0,146.37264884233363,-0.1644139932952946,0.12342137641630682,2.9573434950568513
28.8,-16.838709677419356,-1.741935483870968,-0.0,-0.0,146.3892238965508,-0.16441423866906657,0.12342134673927943,2.95734421694093
28.81,-16.838709677419356,-1.741935483870968,-0.0,-0.0,146.40579894756183,-0.1644144470918878,0.12342133260620594,2.9573448798554614
28.82,-16.838709677419356,-1.741935483870968,-0.0,-0.0,146.42237399568552,-0.1644146235963655,0.12342133107572553,2.957345488131607
28.83,-16.838709677419356,-1.741935483870968,-0.0,-0.0,20.77524289761765,-0.16441477256926795,0.12342133965185345,2.957346045849097
28.84,-16.838709677419356,-1.741935483870968,-0.0,-0.0,146.45552408439278,-0.1644148978311506,0.12342135622311359,2.9573465568406023
28.85,-16.838709677419356,-1.741935483870968,-0.0,-0.0,146.47209912546953,-0.16441500270643372,0.12342137900952468,2.957347024698133
28.86,-16.838709677419356,-1.741935483870968,-0.0,-0.0,146.4886741646505,-0.16441509008509914,0.12342140651641112,2.9573474527806294
28.87,-16.838709677419356,-1.741935483870968,-0.0,-0.0,146.50524920212567,-0.1644151624769008,0.12342143749428361,2.957347844223018
28.88,-16.838709677419356,-1.741935483870968,-0.0,-0.0,146.52182423806633,-0.1644152220590911,0.1234214709039119,2.9573482019455373
28.89,-16.838709677419356,-1.741935483870968,-0.0,-0.0,146.53839927262678,-0.1644152707183011,0.1234215058860604,2.9573485286639833
28.9,-16.838709677419356,-1.741935483870968,-0.0,-0.0,146.554974305946,-0.16441531008735755,0.1234215417352156,2.9573488269000014
28.91,-16.838709677419356,-1.741935483870968,-0.0,-0.0,146.57154933814917,-0.1644153415776004,0.12342157787682931,2.957349098991502
28.92,-16.838709677419356,-1.741935483870968,-0.0,-0.0,146.58812436934906,-0.16441536640722765,0.1234216138476463,2.9573493471031527
28.93,-16.838709677419356,-1.741935483870968,-0.0,-0.0,146.60469939964713,-0.16441538562615055,0.12342164927870883,2.957349573236712
28.94,-16.838709677419356,-1.741935483870968,0.0,-0.0,20.957568285542997,-0.1644154001378011,0.12342168388067101,2.957349779240983
28.95,-16.838709677419356,-1.741935483870968,0.0,-0.0,146.6378494578941,-0.16441541071821542,0.12342171743116795,2.957349966821609
28.96,-16.838709677419356,-1.741935483870968,0.0,-0.0,146.65442448599924,-0.16441541803272464,0.12342174976396683,2.95735013755063
28.97,-16.838709677419356,-1.741935483870968,0.0,-0.0,146.6709995135167,-0.1644154226505914,0.12342178075961943,2.957350292875386
28.98,-16.838709677419356,-1.741935483870968,0.0,-0.0,146.68757454050635,-0.16441542505777829,0.12342181033748048,2.9573504341272345
28.99,-16.838709677419356,-1.741935483870968,0.0,-0.0,146.70414956702203,-0.1644154256681234,0.1234218384488647,2.9573505625296903
29.0,-16.838709677419356,-1.741935483870968,0.0,-0.0,146.72072459311218,-0.16441542483307425,0.1234218650712279,2.9573506792062885
29.01,-16.838709677419356,-1.741935483870968,0.0,-0.0,146.73729961882034,-0.16441542285019506,0.1234218902032044,2.9573507851879097
29.02,-16.838709677419356,-1.741935483870968,0.0,-0.0,146.75387464418563,-0.16441541997057163,0.1234219138604036,2.957350881419736
29.03,-16.838709677419356,-1.741935483870968,0.0,-0.0,146.77044966924322,-0.1644154164052809,0.12342193607183619,2.957350968767651
29.04,-16.838709677419356,-1.741935483870968,0.0,-0.0,146.78702469402472,-0.16441541233098644,0.12342195687693316,2.957351048024467
29.05,-16.838709677419356,-1.741935483870968,0.0,-0.0,146.80359971855856,-0.1644154078948341,0.12342197632301391,2.957351119915522
29.06,-16.838709677419356,-1.741935483870968,0.0,-0.0,146.8201747428702,-0.16441540321867043,0.12342199446320182,2.9573511851041383
29.07,-16.838709677419356,-1.741935483870968,0.0,-0.0,146.83674976698256,-0.16441539840275277,0.1234220113546404,2.957351244196345
29.08,-16.838709677419356,-1.741935483870968,0.0,-0.0,146.85332479091625,-0.16441539352890233,0.12342202705708119,2.9573512977457095
29.09,-16.838709677419356,-1.741935483870968,0.0,-0.0,146.86989981468972,-0.1644153886632762,0.12342204163168027,2.9573513462575045
29.1,-16.838709677419356,-1.741935483870968,0.0,-0.0,146.88647483831957,-0.16441538385875054,0.12342205514003349,2.9573513901926782
29.11,-16.838709677419356,-1.741935483870968,0.0,-0.0,146.90304986182068,-0.16441537915696625,0.12342206764340705,2.957351429971588
29.12,-16.838709677419356,-1.741935483870968,0.0,-0.0,146.91962488520642,-0.16441537459012134,0.12342207920209938,2.957351465977263
29.13,-16.838709677419356,-1.741935483870968,0.0,-0.0,146.93619990848876,-0.16441537018246954,0.1234220898749824,2.9573514985587206
29.14,-16.838709677419356,-1.741935483870968,0.0,-0.0,146.95277493167848,-0.1644153659516554,0.12342209971910281,2.957351528033669
29.15,-16.838709677419356,-1.741935483870968,0.0,-0.0,146.96934995478523,-0.16441536190981942,0.1234221087894212,2.9573515546913045
29.16,-16.838709677419356,-1.741935483870968,0.0,-0.0,146.98592497781766,-0.16441535806456087,0.12342211713861331,2.9573515787947517
29.17,-16.838709677419356,-1.741935483870968,0.0,-0.0,147.00250000078353,-0.1644153544197653,0.12342212481692574,2.9573516005832485
29.18,-16.838709677419356,-1.741935483870968,0.0,-0.0,147.0190750236898,-0.16441535097629734,0.12342213187210307,2.9573516202742702
29.19,-16.838709677419356,-1.741935483870968,0.0,-0.0,147.03565004654268,-0.16441534773259026,0.12342213834935437,2.957351638065451
29.2,-16.838709677419356,-1.741935483870968,0.0,-0.0,147.05222506934783,-0.16441534468516128,0.12342214429133994,2.9573516541362403
29.21,-16.838709677419356,-1.741935483870968,0.0,-0.0,147.06880009211022,-0.1644153418290102,0.12342214973822299,2.957351668649663
29.22,-16.838709677419356,-1.741935483870968,0.0,-0.0,147.08537511483436,-0.16441533915799744,0.12342215472769871,2.9573516817536403
29.23,-16.838709677419356,-1.741935483870968,0.0,-0.0,147.10195013752426,-0.16441533666513042,0.1234221592950743,2.957351693582415
29.24,-16.838709677419356,-1.741935483870968,0.0,-0.0,147.1185251601835,-0.16441533434281896,0.12342216347334092,2.957351704257714
29.25,-16.838709677419356,-1.741935483870968,0.0,-0.0,147.1351001828154,-0.16441533218307924,0.12342216729326808,2.9573517138898975
29.26,-16.838709677419356,-1.741935483870968,0.0,-0.0,147.15167520542275,-0.16441533017768029,0.1234221707835215,2.9573517225791246
29.27,-16.838709677419356,-1.741935483870968,0.0,-0.0,147.16825022800822,-0.1644153283183285,0.12342217397071989,2.957351730415972
29.28,-16.838709677419356,-1.741935483870968,0.0,-0.0,147.18482525057408,-0.16441532659672164,0.12342217687959581,2.9573517374826883
29.29,-16.838709677419356,-1.741935483870968,0.0,-0.0,147.20140027312243,-0.16441532500469114,0.12342217953304571,2.9573517438535974
29.3,-16.838709677419356,-1.741935483870968,0.0,-0.0,147.21797529565512,-0.16441532353423272,0.12342218195227742,2.957351749596096
29.31,-16.838709677419356,-1.741935483870968,0.0,-0.0,147.23455031817383,-0.16441532217758237,0.12342218415688513,2.9573517547711266
29.32,-16.838709677419356,-1.741935483870968,0.0,-0.0,147.25112534068003,-0.1644153209272443,0.1234221861649675,2.957351759433883
29.33,-16.838709677419356,-1.741935483870968,0.0,-0.0,147.26770036317507,-0.16441531977603008,0.1234221879932115,2.9573517636342572
29.34,-16.838709677419356,-1.741935483870968,0.0,-0.0,147.28427538566012,-0.1644153187170727,0.12342218965699273,2.9573517674173884
29.35,-16.838709677419356,-1.741935483870968,0.0,-0.0,147.30085040813626,-0.16441531774383877,0.12342219117046652,2.9573517708241037
29.36,-16.838709677419356,-1.741935483870968,0.0,-0.0,147.31742543060443,-0.1644153168501421,0.12342219254664347,2.957351773891267
29.37,-16.838709677419356,-1.741935483870968,0.0,-0.0,147.3340004530655,-0.16441531603013493,0.12342219379748345,2.9573517766522306
29.38,-16.838709677419356,-1.741935483870968,0.0,-0.0,147.3505754755202,-0.16441531527830744,0.12342219493396714,2.9573517791371393
29.39,-16.838709677419356,-1.741935483870968,0.0,-0.0,147.36715049796925,-0.16441531458949532,0.12342219596615725,2.9573517813731502
29.4,-16.838709677419356,-1.741935483870968,0.0,-0.0,147.38372552041324,-0.16441531395884557,0.12342219690329051,2.957351783384876
29.41,-16.838709677419356,-1.741935483870968,0.0,-0.0,147.4003005428527,-0.1644153133818267,0.12342219775382038,2.9573517851944944
29.42,-16.838709677419356,-1.741935483870968,0.0,-0.0,147.41687556528814,-0.16441531285421052,0.12342219852548633,2.95735178682203
29.43,-16.838709677419356,-1.741935483870968,0.0,-0.0,147.43345058772,-0.1644153123720602,0.1234221992253646,2.9573517882855325
29.44,-16.838709677419356,-1.741935483870968,0.0,-0.0,147.45002561014863,-0.16441531193170755,0.12342219985993322,2.9573517896013475
29.45,-16.838709677419356,-1.741935483870968,0.0,-0.0,147.46660063257443,-0.16441531152975664,0.12342220043510002,2.9573517907841436
29.46,-16.838709677419356,-1.741935483870968,0.0,-0.0,147.48317565499767,-0.16441531116304775,0.12342220095627124,2.9573517918472363
29.47,-16.838709677419356,-1.741935483870968,0.0,-0.0,147.49975067741863,-0.16441531082866634,0.12342220142837049,2.9573517928025552
29.48,-16.838709677419356,-1.741935483870968,0.0,-0.0,147.51632569983758,-0.16441531052391278,0.12342220185589306,2.9573517936608837
29.49,-16.838709677419356,-1.741935483870968,0.0,-0.0,147.5329007222547,-0.1644153102462902,0.12342220224294156,2.9573517944319745
29.5,-16.838709677419356,-1.741935483870968,0.0,-0.0,147.54947574467025,-0.1644153099935055,0.12342220259324313,2.9573517951245347
29.51,-16.838709677419356,-1.741935483870968,0.0,-0.0,147.56605076708433,-0.16441530976343,0.1234222029102088,2.9573517957465216
29.52,-16.838709677419356,-1.741935483870968,0.0,-0.0,147.58262578949714,-0.1644153095541192,0.12342220319692845,2.957351796304999
29.53,-16.838709677419356,-1.741935483870968,0.0,-0.0,147.59920081190882,-0.16441530936377657,0.12342220345622193,2.9573517968063814
29.54,-16.838709677419356,-1.741935483870968,0.0,-0.0,147.6157758343195,-0.16441530919075475,0.12342220369065074,2.9573517972564205
29.55,-16.838709677419356,-1.741935483870968,0.0,-0.0,147.63235085672926,-0.16441530903353274,0.12342220390255157,2.9573517976603516
29.56,-16.838709677419356,-1.741935483870968,0.0,-0.0,147.64892587913823,-0.16441530889072675,0.12342220409403784,2.957351798022808
29.57,-16.838709677419356,-1.741935483870968,0.0,-0.0,22.001794757954734,-0.16441530876105537,0.12342220426704101,2.9573517983480437
29.58,-16.838709677419356,-1.741935483870968,0.0,-0.0,147.68207592395407,-0.16441530864336218,0.12342220442329901,2.957351798639771
29.59,-16.838709677419356,-1.741935483870968,0.0,-0.0,22.03494480276938,-0.1644153085365705,0.1234222045644068,2.957351798901451
29.6,-16.838709677419356,-1.741935483870968,0.0,-0.0,147.71522596876764,-0.16441530843970487,0.12342220469180257,2.957351799136131
29.61,-16.838709677419356,-1.741935483870968,0.0,-0.0,147.73180099117374,-0.16441530835187512,0.12342220480678914,2.9573517993465375
29.62,-16.838709677419356,-1.741935483870968,0.0,-0.0,147.74837601357945,-0.1644153082722577,0.1234222049105588,2.9573517995351954
29.63,-16.838709677419356,-1.741935483870968,0.0,-0.0,22.101244892393048,-0.16441530820010675,0.12342220500418569,2.957351799704329
29.64,-16.838709677419356,-1.741935483870968,0.0,-0.0,22.11781991479807,-0.1644153081347468,0.12342220508863835,2.9573517998559025
29.65,-16.838709677419356,-1.741935483870968,0.0,-0.0,147.79810108079454,-0.16441530807555282,0.1234222051648032,2.957351799991739
29.66,-16.838709677419356,-1.741935483870968,0.0,-0.0,22.150969959607288,-0.16441530802195814,0.1234222052334796,2.9573518001134587
29.67,-16.838709677419356,-1.741935483870968,0.0,-0.0,147.8312511256033,-0.16441530797345294,0.12342220529538553,2.9573518002224732
29.68,-16.838709677419356,-1.741935483870968,0.0,-0.0,147.84782614800739,-0.16441530792955716,0.12342220535118545,2.9573518003201484
29.69,-16.838709677419356,-1.741935483870968,0.0,-0.0,147.8644011704113,-0.16441530788984826,0.12342220540146745,2.9573518004076225
29.7,-16.838709677419356,-1.741935483870968,0.0,-0.0,147.88097619281504,-0.16441530785393255,0.12342220544677221,2.957351800485974
29.71,-16.838709677419356,-1.741935483870968,0.0,-0.0,147.89755121521864,-0.16441530782145986,0.12342220548758046,2.9573518005561183
29.72,-16.838709677419356,-1.741935483870968,0.0,-0.0,147.91412623762213,-0.16441530779210822,0.12342220552433128,2.957351800618902
29.73,-16.838709677419356,-1.741935483870968,0.0,-0.0,147.9307012600255,-0.16441530776558055,0.12342220555742525,2.9573518006751125
29.74,-16.838709677419356,-1.741935483870968,0.0,-0.0,147.9472762824288,-0.1644153077416146,0.12342220558721687,2.9573518007254043
29.75,-16.838709677419356,-1.741935483870968,0.0,-0.0,22.30014516124026,-0.16441530771996504,0.1234222056140343,2.9573518007704176
29.76,-16.838709677419356,-1.741935483870968,0.0,-0.0,147.9804263272351,-0.16441530770041224,0.12342220563817022,2.9573518008107014
29.77,-16.838709677419356,-1.741935483870968,0.0,-0.0,147.99700134963817,-0.16441530768276147,0.12342220565988485,2.95735180084672
29.78,-16.838709677419356,-1.741935483870968,0.0,-0.0,148.01357637204117,-0.16441530766682755,0.12342220567942133,2.957351800878944
29.79,-16.838709677419356,-1.741935483870968,0.0,-0.0,148.03015139444412,-0.16441530765244639,0.12342220569699505,2.9573518009077695
29.8,-16.838709677419356,-1.741935483870968,0.0,-0.0,148.046726416847,-0.16441530763946965,0.12342220571280063,2.957351800933552
29.81,-16.838709677419356,-1.741935483870968,0.0,-0.0,148.06330143924987,-0.1644153076277668,0.12342220572700938,2.957351800956581
29.82,-16.838709677419356,-1.741935483870968,0.0,-0.0,148.07987646165267,-0.16441530761720724,0.12342220573978804,2.9573518009771997
29.83,-16.838709677419356,-1.741935483870968,0.0,-0.0,148.09645148405545,-0.16441530760768908,0.12342220575127152,2.957351800995607
29.84,-16.838709677419356,-1.741935483870968,0.0,-0.0,148.1130265064582,-0.16441530759910705,0.1234222057615926,2.9573518010120603
29.85,-16.838709677419356,-1.741935483870968,0.0,-0.0,148.12960152886092,-0.16441530759137146,0.12342220577086718,2.9573518010267654
29.86,-16.838709677419356,-1.741935483870968,0.0,-0.0,148.14617655126364,-0.16441530758440415,0.12342220577919619,2.9573518010398785
29.87,-16.838709677419356,-1.741935483870968,0.0,-0.0,148.16275157366633,-0.16441530757812228,0.12342220578668242,2.95735180105162
29.88,-16.838709677419356,-1.741935483870968,0.0,-0.0,148.179326596069,-0.16441530757246303,0.1234222057934066,2.9573518010621114
29.89,-16.838709677419356,-1.741935483870968,0.0,-0.0,148.19590161847165,-0.16441530756736933,0.12342220579944144,2.957351801071455
29.9,-16.838709677419356,-1.741935483870968,0.0,-0.0,148.21247664087429,-0.16441530756277856,0.1234222058048641,2.957351801079826
29.91,-16.838709677419356,-1.741935483870968,0.0,-0.0,148.22905166327692,-0.16441530755864897,0.12342220580972843,2.957351801087275
29.92,-16.838709677419356,-1.741935483870968,0.0,-0.0,148.24562668567953,-0.16441530755492773,0.12342220581409882,2.9573518010939517
29.93,-16.838709677419356,-1.741935483870968,0.0,-0.0,148.26220170808213,-0.16441530755158196,0.12342220581801736,2.9573518010998856
29.94,-16.838709677419356,-1.741935483870968,0.0,-0.0,148.27877673048474,-0.1644153075485717,0.12342220582153321,2.957351801105181
29.95,-16.838709677419356,-1.741935483870968,0.0,-0.0,148.29535175288734,-0.16441530754586298,0.12342220582468802,2.9573518011099056
29.96,-16.838709677419356,-1.741935483870968,0.0,-0.0,148.31192677528992,-0.16441530754342248,0.12342220582752197,2.957351801114149
29.97,-16.838709677419356,-1.741935483870968,0.0,-0.0,148.3285017976925,-0.16441530754123113,0.12342220583006017,2.9573518011179085
29.98,-16.838709677419356,-1.741935483870968,0.0,-0.0,148.34507682009507,-0.1644153075392607,0.12342220583233635,2.9573518011212614
29.99,-16.838709677419356,-1.741935483870968,0.0,-0.0,22.69794569890592,-0.1644153075374888,0.12342220583437738,2.957351801124253
30.0,-16.838709677419356,-1.741935483870968,0.0,-0.0,148.37822686490023,-0.16441530753589673,0.1234222058362068,2.957351801126917
30.01,-16.838709677419356,-0.5806451612903203,0.0,-0.0,148.39507600433174,-0.161189601169629,0.20944287186203364,2.955622927579905
30.02,-16.838709677419356,-0.5806451612903203,0.0,-0.0,148.41214204395462,-0.15938274909442463,0.19810557234050036,2.95371257166228
30.03,-16.838709677419356,-0.5806451612903203,0.0,-0.0,148.42937946866016,-0.15861192662195212,0.1884904588033393,2.951725521434201
30.04,-16.838709677419356,-0.5806451612903203,0.0,-0.0,148.44675214014165,-0.1585829720041554,0.180323458798277,2.9497373528762063
30.05,-16.838709677419356,-0.5806451612903203,0.0,-0.0,22.80052525589391,-0.15907242043046343,0.17337478590480632,2.9478010616071515
30.06,-16.838709677419356,-0.5806451612903203,0.0,-0.0,148.48179453790758,-0.15991217901987076,0.167451955191027,2.9459524015177183
30.07,-16.838709677419356,-0.5806451612903203,0.0,-0.0,148.4994235733188,-0.16097698432081353,0.1623937923396453,2.9442141119494067
30.08,-16.838709677419356,-0.5806451612903203,0.0,-0.0,148.51710427562068,-0.16217440769329006,0.15806535539340688,2.942599233431607
30.09,-16.838709677419356,-0.5806451612903203,0.0,-0.0,148.53482539180223,-0.16343702786212866,0.15435365411652796,2.941113687140687
30.1,-16.838709677419356,-0.5806451612903203,0.0,-0.0,148.5525780304537,-0.16471636900257502,0.15116405129847216,2.9397582655756147
30.11,-16.838709677419356,-0.5806451612903203,0.0,-0.0,148.57035517304638,-0.16597823972308867,0.14841724174042964,2.9385301567463844
30.12,-16.838709677419356,-0.5806451612903203,0.0,-0.0,22.924445142288583,-0.16719916575456795,0.1460467190892702,2.9374241015640954
30.13,-16.838709677419356,-0.5806451612903203,0.0,-0.0,148.6059620119532,-0.16836366815150217,0.14399665441241932,2.9364332646486835
30.14,-16.838709677419356,-0.5806451612903203,0.0,-0.0,148.62378392629307,-0.1694621913619172,0.14222012222311614,2.9355498824972033
30.15,-16.838709677419356,-0.5806451612903203,0.0,-0.0,148.64161434170387,-0.170489529189068,0.14067761949663687,2.9347657396291873
30.16,-16.838709677419356,-0.5806451612903203,0.0,-0.0,148.65945115456893,-0.1714436315780139,0.13933583137975264,2.9340725125596236
30.17,-16.838709677419356,-0.5806451612903203,0.0,-0.0,148.67729272248934,-0.17232470245543796,0.1381666041488327,2.9334620128299607
30.18,-16.838709677419356,-0.5806451612903203,0.0,-0.0,148.69513776722283,-0.1731345199218024,0.13714609180873366,2.9329263534722334
30.19,-16.838709677419356,-0.5806451612903203,0.0,-0.0,148.71298529772747,-0.17387592624948,0.13625404775047195,2.932458057854548
30.2,-16.838709677419356,-0.5806451612903203,0.0,0.0,148.73083454917725,-0.17455244748576115,0.13547323723919186,2.9320501255799876
30.21,-16.838709677419356,-0.5806451612903203,0.0,0.0,148.7486849346627,-0.17516801188533448,0.13478895027799703,2.9316960667496805
30.22,-16.838709677419356,-0.5806451612903203,0.0,0.0,148.76653600696184,-0.1757267435953136,0.13418859765684282,2.931389913272023
30.23,-16.838709677419356,-0.5806451612903203,0.0,0.0,148.78438742830272,-0.17623281352002262,0.13366137580288534,2.9311262138459435
30.24,-16.838709677419356,-0.5806451612903203,0.0,0.0,148.80223894646485,-0.176690333506762,0.13319798844869318,2.9309000176490114
30.25,-16.838709677419356,-0.5806451612903203,0.0,0.0,148.82009037590683,-0.17710328322495084,0.13279041517267637,2.930706850521696
30.26,-16.838709677419356,-0.5806451612903203,0.0,0.0,148.8379415828772,-0.17747546159187966,0.1324317185852391,2.9305426864806488
30.27,-16.838709677419356,-0.5806451612903203,0.0,0.0,23.19208633008909,-0.1778104565051719,0.1321158833755161,2.9304039166556115
30.28,-16.838709677419356,-0.5806451612903203,0.0,0.0,148.8736429854438,-0.17811162810908887,0.13183768163512094,2.9302873171777444
30.29,-16.838709677419356,-0.5806451612903203,0.0,0.0,148.89149307885566,-0.17838210195106363,0.1315925598721131,2.930190017114063
30.3,-16.838709677419356,-0.5806451612903203,0.0,0.0,148.9093427324757,-0.17862476925440474,0.1313765439516799,2.93010946721322
30.31,-16.838709677419356,-0.5806451612903203,0.0,0.0,148.92719193827602,-0.17884229220243464,0.13118615887772406,2.9300434099795933
30.32,-16.838709677419356,-0.5806451612903203,0.0,0.0,148.94504069816134,-0.17903711264448252,0.13101836088561009,2.9299898514062312
30.33,-16.838709677419356,-0.5806451612903203,0.0,0.0,148.96288902126,-0.17921146303031454,0.13087047977145366,2.9299470345581113
30.34,-16.838709677419356,-0.5806451612903203,0.0,0.0,148.9807369218234,-0.17936737868355346,0.13074016975554187,2.9299134150966486
30.35,-16.838709677419356,-0.5806451612903203,0.0,0.0,148.9985844176046,-0.17950671075789604,0.13062536748099435,2.9298876387620876
30.36,-16.838709677419356,-0.5806451612903203,0.0,0.0,149.01643152861428,-0.17963113939806763,0.13052425599659373,2.92986852077924
30.37,-16.838709677419356,-0.5806451612903203,0.0,0.0,149.03427827617273,-0.17974218676333886,0.13043523377468852,2.9298550271163
30.38,-16.838709677419356,-0.5806451612903203,0.0,0.0,149.0521246821946,-0.17984122967463545,0.130356887979788,2.929846257502757
30.39,-16.838709677419356,-0.5806451612903203,0.0,0.0,149.0699707686553,-0.17992951172406402,0.1302879713380996,2.9298414300990534
30.4,-16.838709677419356,-0.5806451612903203,0.0,0.0,149.08781655719935,-0.18000815474425735,0.13022738206804924,2.929839867702535
30.41,-16.838709677419356,-0.5806451612903203,0.0,0.0,149.1056620688591,-0.1800781695784317,0.1301741464217963,2.9298409853718836
30.42,-16.838709677419356,-0.5806451612903203,0.0,0.0,149.123507323859,-0.1801404661240451,0.130127403461548,2.9298442793536483
30.43,-16.838709677419356,-0.5806451612903203,0.0,0.0,149.1413523414857,-0.18019586264628673,0.130086391754958,2.929849317197345
30.44,-16.838709677419356,-0.5806451612903203,0.0,0.0,149.15919714000853,-0.18024509437414116,0.13005043772384944,2.9298557289510727
30.45,-16.838709677419356,-0.5806451612903203,0.0,0.0,149.17704173663816,-0.1802888214032501,0.13001894542168396,2.9298631993356223
30.46,-16.838709677419356,-0.5806451612903203,0.0,0.0,149.1948861475143,-0.18032763593747148,0.12999138754928546,2.929871460801546
30.47,-16.838709677419356,-0.5806451612903203,0.0,0.0,149.21273038771443,-0.18036206890569417,0.12996729754676556,2.9298802873811085
30.48,-16.838709677419356,-0.5806451612903203,0.0,0.0,149.2305744712782,-0.18039259599317736,0.1299462626231344,2.9298894892534304
30.49,-16.838709677419356,-0.5806451612903203,0.0,0.0,149.24841841124268,-0.1804196431276197,0.1299279176049542,2.9298989079485027
30.5,-16.838709677419356,-0.5806451612903203,0.0,0.0,149.26626221968525,-0.18044359146015188,0.12991193950190344,2.9299084121217738
30.51,-16.838709677419356,-0.5806451612903203,0.0,0.0,149.28410590777105,-0.18046478188037995,0.12989804270126143,2.9299178938381023
30.52,-16.838709677419356,-0.5806451612903203,0.0,0.0,149.30194948580342,-0.18048351910335403,0.12988597471495916,2.9299272653084327
30.53,-16.838709677419356,-0.5806451612903203,0.0,0.0,149.31979296327543,-0.18050007536428314,0.12987551241310175,2.929936456029325
30.54,-16.838709677419356,-0.5806451612903203,0.0,0.0,149.3376363489213,-0.1805146937548452,0.12986645868636854,2.929945410279992
30.55,-16.838709677419356,-0.5806451612903203,0.0,0.0,149.3554796507672,-0.1805275912328903,0.1298586394868993,2.9299540849353702
30.56,-16.838709677419356,-0.5806451612903203,0.0,0.0,149.37332287618042,-0.18053896133488423,0.12985190120381146,2.92996244755948
30.57,-16.838709677419356,-0.5806451612903203,0.0,0.0,149.39116603191684,-0.18054897661844782,0.1298461083347276,2.9299704747460247
30.58,-16.838709677419356,-0.5806451612903203,0.0,0.0,149.40900912416603,-0.18055779086016077,0.12984114141942155,2.9299781506769556
30.59,-16.838709677419356,-0.5806451612903203,0.0,0.0,149.42685215859413,-0.18056554103169065,0.12983689520582914,2.9299854658733486
30.6,-16.838709677419356,-0.5806451612903203,0.0,0.0,149.44469514038428,-0.1805723490754989,0.12983327702205832,2.929992416114945
30.61,-16.838709677419356,-0.5806451612903203,0.0,0.0,149.46253807427453,-0.18057832349937764,0.12983020533129747,2.92999900150841
30.62,-16.838709677419356,-0.5806451612903203,0.0,0.0,149.48038096459342,-0.18058356080756433,0.1298276084489967,2.9300052256853353
30.63,-16.838709677419356,-0.5806451612903203,0.0,0.0,149.49822381529296,-0.18058814678435908,0.12982542340429787,2.9300110951146365
30.64,-16.838709677419356,-0.5806451612903203,0.0,0.0,149.51606662997952,-0.18059215764497694,0.1298235949294841,2.930016618514081
30.65,-16.838709677419356,-0.5806451612903203,0.0,0.0,149.5339094119424,-0.1805956610667272,0.12982207456331712,2.9300218063491172
30.66,-16.838709677419356,-0.5806451612903203,0.0,0.0,149.55175216418024,-0.18059871711257847,0.1298208198555399,2.9300266704074187
30.67,-16.838709677419356,-0.5806451612903203,0.0,0.0,149.56959488942547,-0.1806013790579546,0.1298197936612973,2.9300312234392214
30.68,-16.838709677419356,-0.5806451612903203,0.0,0.0,23.923731446575225,-0.1806036941305491,0.12981896351551153,2.930035478854923
30.69,-16.838709677419356,-0.5806451612903203,0.0,0.0,149.60528026867075,-0.18060570417199684,0.12981830107834152,2.9300394504723646
30.7,-16.838709677419356,-0.5806451612903203,0.0,0.0,149.62312292699926,-0.1806074462294236,0.12981778164380925,2.9300431523069324
30.71,-16.838709677419356,-0.5806451612903203,0.0,0.0,149.64096556702884,-0.18060895308407954,0.12981738370455792,2.930046598398534
30.72,-16.838709677419356,-0.5806451612903203,0.0,0.0,149.65880819046598,-0.1806102537235046,0.12981708856654178,2.9300498026705837
30.73,-16.838709677419356,-0.5806451612903203,0.0,0.0,149.67665079886217,-0.18061137376314473,0.129816880008007,2.9300527788160027
30.74,-16.838709677419356,-0.5806451612903203,0.0,0.0,149.6944933936275,-0.18061233582258085,0.12981674397791448,2.9300555402069244
30.75,-16.838709677419356,-0.5806451612903203,0.0,0.0,24.04862983245146,-0.18061315986120574,0.1298166683292879,2.930058099823965
30.76,-16.838709677419356,-0.5806451612903203,0.0,0.0,24.066472403681153,-0.1806138634775145,0.12981664258365672,2.930060470202643
30.77,-16.838709677419356,-0.5806451612903203,0.0,0.0,149.74802110837325,-0.1806144621758956,0.12981665772303003,2.930062663393878
30.78,-16.838709677419356,-0.5806451612903203,0.0,0.0,149.76586366030344,-0.1806149696042907,0.1298167060063617,2.9300646909367445
30.79,-16.838709677419356,-0.5806451612903203,0.0,0.0,149.78370620393392,-0.18061539776587998,0.12981678080765952,2.930066563840981
30.8,-16.838709677419356,-0.5806451612903203,0.0,0.0,149.8015487400544,-0.18061575720745626,0.12981687647337997,2.9300682925782318
30.81,-16.838709677419356,-0.5806451612903203,0.0,0.0,149.81939126938107,-0.18061605718706408,0.1298169881968207,2.9300698870798976
30.82,-16.838709677419356,-0.5806451612903203,0.0,0.0,149.8372337925634,-0.1806163058230701,0.1298171119076183,2.9300713567407106
30.83,-16.838709677419356,-0.5806451612903203,0.0,0.0,149.85507631019013,-0.1806165102266606,0.12981724417461432,2.930072710426897
30.84,-16.838709677419356,-0.5806451612903203,0.0,0.0,24.209212679203027,-0.18061667661955516,0.12981738212054666,2.9300739564879894
30.85,-16.838709677419356,-0.5806451612903203,0.0,0.0,149.89076133086067,-0.1806168104385395,0.12981752334719127,2.930075102771436
30.86,-16.838709677419356,-0.5806451612903203,0.0,0.0,149.90860383482573,-0.1806169164282445,0.1298176658697377,2.9300761566393376
30.87,-16.838709677419356,-0.5806451612903203,0.0,0.0,149.9264463350864,-0.18061699872342496,0.12981780805935367,2.9300771249869677
30.88,-16.838709677419356,-0.5806451612903203,0.0,0.0,149.9442888320017,-0.18061706092192864,0.12981794859292256,2.93007801426219
30.89,-16.838709677419356,-0.5806451612903203,0.0,0.0,149.96213132589645,-0.18061710614932736,0.12981808640916465,2.9300788304858125
30.9,-16.838709677419356,-0.5806451612903203,0.0,0.0,149.97997381706466,-0.18061713711616245,0.1298182206703437,2.9300795792722156
30.91,-16.838709677419356,-0.5806451612903203,0.0,0.0,149.9978163057723,-0.18061715616860896,0.1298183507289043,2.930080265850077
30.92,-16.838709677419356,-0.5806451612903203,0.0,0.0,150.0156587922599,-0.18061716533326466,0.12981847609847214,2.930080895083136
30.93,-16.838709677419356,-0.5806451612903203,0.0,0.0,150.03350127674497,-0.18061716635674285,0.12981859642866417,2.9300814714906034
30.94,-16.838709677419356,-0.5806451612903203,0.0,0.0,150.05134375942413,-0.1806171607406606,0.12981871148323226,2.9300819992670246
30.95,-16.838709677419356,-0.5806451612903203,0.0,0.0,150.06918624047506,-0.18061714977248888,0.12981882112118287,2.930082482301785
30.96,-16.838709677419356,-0.5806451612903203,0.0,0.0,150.08702872005836,-0.18061713455278383,0.1298189252804522,2.9300829241978277
30.97,-16.838709677419356,-0.5806451612903203,0.0,0.0,150.10487119831905,-0.18061711601915875,0.12981902396386785,2.930083328289836
30.98,-16.838709677419356,-0.5806451612903203,0.0,0.0,150.12271367538813,-0.18061709496741907,0.1298191172270589,2.9300836976614786
30.99,-16.838709677419356,-0.5806451612903203,0.0,0.0,150.14055615138386,-0.18061707207013233,0.12981920516811868,2.930084035162043
31.0,-16.838709677419356,-0.5806451612903203,0.0,0.0,150.15839862641306,-0.18061704789297361,0.1298192879187498,2.9300843434221124
31.01,-16.838709677419356,-0.5806451612903203,0.0,0.0,24.51253495698031,-0.1806170229090336,0.12981936563677082,2.9300846248687415
31.02,-16.838709677419356,-0.5806451612903203,0.0,0.0,150.19408357394778,-0.180616997511442,0.12981943849968974,2.9300848817393508
31.03,-16.838709677419356,-0.5806451612903203,0.0,0.0,150.2119260466187,-0.1806169720243469,0.1298195066993571,2.9300851160953876
31.04,-16.838709677419356,-0.5806451612903203,0.0,0.0,150.2297685186555,-0.18061694671259287,0.12981957043740705,2.9300853298347533
31.05,-16.838709677419356,-0.5806451612903203,0.0,0.0,150.24761099012198,-0.1806169217901339,0.12981962992149704,2.9300855247038036
31.06,-16.838709677419356,-0.5806451612903203,0.0,0.0,150.26545346107562,-0.18061689742741627,0.12981968536214733,2.930085702308364
31.07,-16.838709677419356,-0.5806451612903203,0.0,0.0,150.28329593156823,-0.18061687375778268,0.12981973697017551,2.930085864124273
31.08,-16.838709677419356,-0.5806451612903203,0.0,0.0,150.3011384016465,-0.18061685088307078,0.12981978495457852,2.930086011507098
31.09,-16.838709677419356,-0.5806451612903203,0.0,0.0,150.31898087135247,-0.1806168288784562,0.12981982952085042,2.930086145701348
31.1,-16.838709677419356,-0.5806451612903203,0.0,0.0,150.33682334072398,-0.18061680779669942,0.12981987086960262,2.930086267848799
31.11,-16.838709677419356,-0.5806451612903203,0.0,0.0,150.35466580979516,-0.1806167876717688,0.1298199091955427,2.9300863789966094
31.12,-16.838709677419356,-0.5806451612903203,0.0,0.0,24.70880213500495,-0.1806167685220017,0.12981994468667096,2.930086480104668
31.13,-16.838709677419356,-0.5806451612903203,0.0,0.0,150.39035074715616,-0.18061675035284397,0.12981997752367863,2.9300865720523492
31.14,-16.838709677419356,-0.5806451612903203,0.0,0.0,150.40819321549844,-0.1806167331591717,0.12982000787956444,2.9300866556450176
31.15,-16.838709677419356,-0.5806451612903203,0.0,0.0,150.42603568364586,-0.1806167169273145,0.12982003591936714,2.9300867316198564
31.16,-16.838709677419356,-0.5806451612903203,0.0,0.0,150.44387815161855,-0.18061670163677856,0.1298200618000332,2.9300868006513303
31.17,-16.838709677419356,-0.5806451612903203,0.0,0.0,150.46172061943454,-0.180616687261697,0.12982008567040765,2.9300868633563693
31.18,-16.838709677419356,-0.5806451612903203,0.0,0.0,150.47956308711008,-0.18061667377209534,0.12982010767127078,2.930086920298924
31.19,-16.838709677419356,-0.5806451612903203,0.0,0.0,150.49740555465976,-0.18061666113494534,0.12982012793546732,2.9300869719943363
31.2,-16.838709677419356,-0.5806451612903203,0.0,0.0,150.5152480220967,-0.18061664931504118,0.12982014658809743,2.930087018913411
31.21,-16.838709677419356,-0.5806451612903203,0.0,0.0,150.53309048943265,-0.1806166382757579,0.12982016374672573,2.9300870614860366
31.22,-16.838709677419356,-0.5806451612903203,0.0,0.0,150.5509329566782,-0.18061662797966926,0.129820179521637,2.930087100104603
31.23,-16.838709677419356,-0.5806451612903203,0.0,0.0,150.5687754238428,-0.18061661838905518,0.1298201940161205,2.9300871351271884
31.24,-16.838709677419356,-0.5806451612903203,0.0,0.0,150.586617890935,-0.1806166094663415,0.12982020732674432,2.93008716688032
31.25,-16.838709677419356,-0.5806451612903203,0.0,0.0,150.60446035796244,-0.1806166011744077,0.12982021954369444,2.930087195661855
31.26,-16.838709677419356,-0.5806451612903203,0.0,0.0,150.62230282493195,-0.18061659347689396,0.1298202307510516,2.9300872217432152
31.27,-16.838709677419356,-0.5806451612903203,0.0,0.0,150.64014529184968,-0.18061658633839928,0.1298202410271206,2.930087245371744
31.28,-16.838709677419356,-0.5806451612903203,0.0,0.0,150.65798775872116,-0.18061657972465683,0.12982025044473094,2.930087266772707
31.29,-16.838709677419356,-0.5806451612903203,0.0,0.0,25.012124081959563,-0.18061657360263528,0.12982025907156763,2.930087286151351
31.3,-16.838709677419356,-0.5806451612903203,0.0,0.0,150.69367269234453,-0.1806165679406706,0.12982026697042587,2.930087303694356
31.31,-16.838709677419356,-0.5806451612903203,0.0,0.0,150.7115151591048,-0.18061656270847415,0.12982027419955494,2.9300873195717694
31.32,-16.838709677419356,-0.5806451612903203,0.0,0.0,150.72935762583566,-0.18061655787721187,0.12982028081289448,2.930087333938176
31.33,-16.838709677419356,-0.5806451612903203,0.0,0.0,150.74720009254028,-0.18061655341949434,0.1298202868603709,2.9300873469342097
31.34,-16.838709677419356,-0.5806451612903203,0.0,0.0,150.7650425592215,-0.1806165493093781,0.12982029238815368,2.930087358687747
31.35,-16.838709677419356,-0.5806451612903203,0.0,0.0,150.7828850258819,-0.18061654552235407,0.1298202974388974,2.9300873693150016
31.36,-16.838709677419356,-0.5806451612903203,0.0,0.0,150.80072749252372,-0.18061654203530875,0.1298203020519923,2.930087378921634
31.37,-16.838709677419356,-0.5806451612903203,0.0,-0.0,25.154863815557228,-0.18061653882650575,0.12982030626376945,2.9300873876035802
31.38,-16.838709677419356,-0.5806451612903203,0.0,-0.0,150.83641242575948,-0.18061653587554138,0.12982031010771605,2.9300873954479254
31.39,-16.838709677419356,-0.5806451612903203,0.0,-0.0,150.8542548923569,-0.1806165331632772,0.12982031361469687,2.930087402533827
31.4,-16.838709677419356,-0.5806451612903203,0.0,-0.0,150.87209735894263,-0.18061653067180394,0.12982031681312595,2.93008740893312
31.41,-16.838709677419356,-0.5806451612903203,0.0,-0.0,150.88993982551798,-0.1806165283843968,0.12982031972913793,2.9300874147109304
31.42,-16.838709677419356,-0.5806451612903203,0.0,-0.0,25.244076148492404,-0.18061652628544378,0.12982032238677071,2.9300874199263816
31.43,-16.838709677419356,-0.5806451612903203,0.0,-0.0,150.9256247586421,-0.18061652436039433,0.12982032480811684,2.930087424633104
31.44,-16.838709677419356,-0.5806451612903203,0.0,-0.0,150.9434672251928,-0.1806165225957055,0.12982032701346818,2.9300874288797254
31.45,-16.838709677419356,-0.5806451612903203,0.0,-0.0,150.96130969173703,-0.180616520978792,0.12982032902144897,2.9300874327103004
31.46,-16.838709677419356,-0.5806451612903203,0.0,-0.0,150.97915215827553,-0.18061651949795943,0.12982033084915284,2.9300874361647953
31.47,-16.838709677419356,-0.5806451612903203,0.0,-0.0,150.99699462480896,-0.1806165181423709,0.12982033251224495,2.9300874392793466
31.48,-16.838709677419356,-0.5806451612903203,0.0,-0.0,151.0148370913379,-0.18061651690196823,0.12982033402509757,2.930087442086776
31.49,-16.838709677419356,-0.5806451612903203,0.0,-0.0,151.03267955786288,-0.18061651576744575,0.12982033540087184,2.93008744461676
31.5,-16.838709677419356,-0.5806451612903203,0.0,-0.0,151.05052202438432,-0.1806165147301937,0.12982033665162057,2.930087446896175
31.51,-16.838709677419356,-0.5806451612903203,0.0,-0.0,151.06836449090264,-0.1806165137822524,0.12982033778837737,2.9300874489493514
31.52,-16.838709677419356,-0.5806451612903203,0.0,-0.0,151.0862069574182,-0.18061651291627379,0.1298203388212344,2.9300874507982844
31.53,-16.838709677419356,-0.5806451612903203,0.0,-0.0,151.10404942393134,-0.18061651212547547,0.1298203397594217,2.9300874524628764
31.54,-16.838709677419356,-0.5806451612903203,0.0,-0.0,25.458185746850596,-0.18061651140359247,0.1298203406113872,2.9300874539611903
31.55,-16.838709677419356,-0.5806451612903203,0.0,-0.0,151.1397343569514,-0.18061651074486518,0.1298203413848375,2.930087455309475
31.56,-16.838709677419356,-0.5806451612903203,0.0,-0.0,151.15757682345884,-0.18061651014398583,0.12982034208681453,2.930087456522432
31.57,-16.838709677419356,-0.5806451612903203,0.0,-0.0,151.1754192899648,-0.18061650959605835,0.12982034272376003,2.9300874576134275
31.58,-16.838709677419356,-0.5806451612903203,0.0,-0.0,25.529555612877736,-0.180616509096593,0.1298203433015392,2.9300874585944374
31.59,-16.838709677419356,-0.5806451612903203,0.0,-0.0,151.211104222973,-0.18061650864145262,0.12982034382551416,2.930087459476355
31.6,-16.838709677419356,-0.5806451612903203,0.0,-0.0,25.56524054588379,-0.1806165082268365,0.12982034430057515,2.9300874602690112
31.61,-16.838709677419356,-0.5806451612903203,0.0,-0.0,151.24678915597718,-0.18061650784927008,0.12982034473116583,2.9300874609811838
31.62,-16.838709677419356,-0.5806451612903203,0.0,-0.0,151.26463162247808,-0.18061650750554104,0.12982034512136015,2.9300874616209476
31.63,-16.838709677419356,-0.5806451612903203,0.0,-0.0,151.2824740889783,-0.18061650719271594,0.12982034547485682,2.9300874621955066
31.64,-16.838709677419356,-0.5806451612903203,0.0,-0.0,151.3003165554779,-0.1806165069081045,0.12982034579502538,2.930087462711363
31.65,-16.838709677419356,-0.5806451612903203,0.0,-0.0,151.318159021977,-0.18061650664924178,0.12982034608493437,2.9300874631743814
31.66,-16.838709677419356,-0.5806451612903203,0.0,-0.0,151.3360014884757,-0.18061650641387006,0.12982034634737688,2.9300874635898526
31.67,-16.838709677419356,-0.5806451612903203,0.0,-0.0,151.35384395497397,-0.18061650619991254,0.12982034658490366,2.9300874639626038
31.68,-16.838709677419356,-0.5806451612903203,0.0,-0.0,25.707980277880175,-0.18061650600548118,0.1298203467998234,2.930087464296909
31.69,-16.838709677419356,-0.5806451612903203,0.0,-0.0,151.38952888796956,-0.1806165058288467,0.12982034699423844,2.930087464596637
31.7,-16.838709677419356,-0.5806451612903203,0.0,-0.0,151.40737135446696,-0.18061650566842058,0.1298203471700668,2.930087464865316
31.71,-16.838709677419356,-0.5806451612903203,0.0,-0.0,151.42521382096413,-0.1806165055227562,0.12982034732904618,2.9300874651060886
31.72,-16.838709677419356,-0.5806451612903203,0.0,-0.0,151.4430562874611,-0.1806165053905322,0.12982034747275623,2.930087465321789
31.73,-16.838709677419356,-0.5806451612903203,0.0,-0.0,151.46089875395793,-0.1806165052705455,0.12982034760262745,2.93008746551494
31.74,-16.838709677419356,-0.5806451612903203,0.0,-0.0,151.47874122045462,-0.18061650516168526,0.12982034771997214,2.9300874656878944
31.75,-16.838709677419356,-0.5806451612903203,0.0,-0.0,151.4965836869512,-0.18061650506295024,0.12982034782596857,2.930087465842691
31.76,-16.838709677419356,-0.5806451612903203,0.0,-0.0,151.51442615344766,-0.18061650497341764,0.1298203479216959,2.930087465981218
31.77,-16.838709677419356,-0.5806451612903203,0.0,-0.0,151.53226861994403,-0.18061650489225567,0.12982034800812398,2.9300874661051197
31.78,-16.838709677419356,-0.5806451612903203,0.0,-0.0,151.55011108644032,-0.1806165048186963,0.12982034808614157,2.9300874662159293
31.79,-16.838709677419356,-0.5806451612903203,0.0,-0.0,151.56795355293656,-0.18061650475204916,0.12982034815654592,2.93008746631497
31.8,-16.838709677419356,-0.5806451612903203,0.0,-0.0,151.58579601943273,-0.1806165046916759,0.12982034822006877,2.930087466403487
31.81,-16.838709677419356,-0.5806451612903203,0.0,-0.0,25.93993234233715,-0.18061650463700385,0.12982034827736505,2.930087466482546
31.82,-16.838709677419356,-0.5806451612903203,0.0,-0.0,151.621480952425,-0.18061650458750367,0.12982034832903583,2.9300874665531498
31.83,-16.838709677419356,-0.5806451612903203,0.0,-0.0,151.6393234189211,-0.18061650454269707,0.1298203483756229,2.930087466616188
31.84,-16.838709677419356,-0.5806451612903203,0.0,-0.0,25.993459741825426,-0.18061650450214817,0.12982034841761697,2.9300874666724517
31.85,-16.838709677419356,-0.5806451612903203,0.0,-0.0,151.6750083519132,-0.1806165044654624,0.1298203484554608,2.9300874667226444
31.86,-16.838709677419356,-0.5806451612903203,0.0,-0.0,26.029144674817466,-0.18061650443227872,0.12982034848955742,2.930087466767413
31.87,-16.838709677419356,-0.5806451612903203,0.0,-0.0,151.7106932849052,-0.1806165044022756,0.1298203485202653,2.9300874668072923
31.88,-16.838709677419356,-0.5806451612903203,0.0,-0.0,151.7285357514012,-0.1806165043751502,0.12982034854791885,2.930087466842831
31.89,-16.838709677419356,-0.5806451612903203,0.0,-0.0,151.74637821789722,-0.18061650435063248,0.1298203485728156,2.930087466874487
31.9,-16.838709677419356,-0.5806451612903203,0.0,-0.0,151.7642206843932,-0.18061650432847265,0.12982034859522934,2.9300874669027013
31.91,-16.838709677419356,-0.5806451612903203,0.0,-0.0,151.78206315088917,-0.18061650430845688,0.12982034861539488,2.930087466927787
31.92,-16.838709677419356,-0.5806451612903203,0.0,-0.0,151.79990561738515,-0.18061650429037845,0.12982034863353692,2.9300874669501034
31.93,-16.838709677419356,-0.5806451612903203,0.0,-0.0,151.81774808388113,-0.1806165042740535,0.1298203486498543,2.9300874669699475
31.94,-16.838709677419356,-0.5806451612903203,0.0,-0.0,151.8355905503771,-0.18061650425931575,0.1298203486645269,2.9300874669875854
31.95,-16.838709677419356,-0.5806451612903203,0.0,-0.0,151.85343301687308,-0.1806165042460135,0.12982034867771747,2.9300874670032546
31.96,-16.838709677419356,-0.5806451612903203,0.0,-0.0,151.87127548336906,-0.18061650423401066,0.12982034868957243,2.9300874670171684
31.97,-16.838709677419356,-0.5806451612903203,0.0,-0.0,151.88911794986507,-0.18061650422318642,0.12982034870022013,2.9300874670294883
31.98,-16.838709677419356,-0.5806451612903203,0.0,-0.0,151.90696041636107,-0.18061650421341957,0.12982034870978892,2.9300874670404418
31.99,-16.838709677419356,-0.5806451612903203,0.0,-0.0,151.92480288285708,-0.18061650420461284,0.12982034871838227,2.930087467050153
32.0,-16.838709677419356,-0.5806451612903203,0.0,-0.0,151.94264534935309,-0.1806165041966734,0.12982034872609766,2.9300874670587578
32.01,-16.838709677419356,0.5806451612903238,0.0,-0.0,151.96074886834222,-0.1775848391918995,0.21643868426085536,2.928186577766407
32.02,-16.838709677419356,0.5806451612903238,0.0,-0.0,151.9790620119894,-0.1758096881227551,0.205510581051397,2.9261366711234564
32.03,-16.838709677419356,0.5806451612903238,0.0,-0.0,151.99754319302124,-0.1749746154415437,0.19616258822268487,2.9240297141665503
32.04,-16.838709677419356,0.5806451612903238,0.0,-0.0,152.01615884843156,-0.17483142704052534,0.18815662928850643,2.9219331437116978
32.05,-16.838709677419356,0.5806451612903238,0.0,-0.0,152.03488193141106,-0.17518729794947863,0.1812906476854466,2.919895076584442
32.06,-16.838709677419356,0.5806451612903238,0.0,-0.0,152.05369067237885,-0.17589366804094264,0.17539340350433777,2.9179485902486997
32.07,-16.838709677419356,0.5806451612903238,0.0,-0.0,152.07256756794465,-0.1768369878500402,0.170319915056845,2.9161151880585545
32.08,-16.838709677419356,0.5806451612903238,0.0,-0.0,152.0914985593403,-0.17793118220994097,0.1659475134074049,2.9144075748020914
32.09,-16.838709677419356,0.5806451612903238,0.0,-0.0,152.1104723665456,-0.17911160676543636,0.16217245078693224,2.9128318612486925
32.1,-16.838709677419356,0.5806451612903238,0.0,-0.0,152.12947994946003,-0.18033025252679935,0.15890699705129033,2.911389300653277
32.11,-16.838709677419356,0.5806451612903238,0.0,-0.0,152.14851407231953,-0.1815519676492614,0.15607696125964335,2.9100776458187396
32.12,-16.838709677419356,0.5806451612903238,0.0,-0.0,152.16756895182112,-0.18275149502185295,0.15361958137579104,2.908892201045895
32.13,-16.838709677419356,0.5806451612903238,0.0,-0.0,152.18663997302798,-0.18391115739274877,0.15148173166530401,2.90782663042173
32.14,-16.838709677419356,0.5806451612903238,0.0,-0.0,152.20572346011613,-0.18501905308172906,0.149618403569343,2.906873572758403
32.15,-16.838709677419356,0.5806451612903238,0.0,-0.0,152.22481649147235,-0.18606765263388092,0.14799142137289203,2.906025104033734
32.16,-16.838709677419356,0.5806451612903238,0.0,-0.0,152.2439167506443,-0.18705270951974162,0.1465683588541992,2.9052730802654283
32.17,-16.838709677419356,0.5806451612903238,0.0,-0.0,152.26302240626072,-0.18797241644193963,0.14532162739744017,2.9046093872051557
32.18,-16.838709677419356,0.5806451612903238,0.0,-0.0,152.28213201534967,-0.18882675353578304,0.14422770986707337,2.904026117880202
32.19,-16.838709677419356,0.5806451612903238,0.0,-0.0,152.30124444554528,-0.1896169863895154,0.1432665179506656,2.9035156946582896
32.2,-16.838709677419356,0.5806451612903238,0.0,-0.0,152.32035881253395,-0.19034528095493863,0.14242085372412008,2.9030709489997446
32.21,-16.838709677419356,0.5806451612903238,0.0,-0.0,152.33947442978973,-0.19101440958338323,0.14167595890977794,2.9026851692426465
32.22,-16.838709677419356,0.5806451612903238,0.0,-0.0,152.35859076821316,-0.19162752802665373,0.1410191377064868,2.902352124516209
32.23,-16.838709677419356,0.5806451612903238,0.0,-0.0,152.37770742374744,-0.192188007626096,0.14043944119056342,2.902066071085677
32.24,-16.838709677419356,0.5806451612903238,0.0,-0.0,152.396824091416,-0.1926993103415735,0.13992740313813837,2.9018217460139244
32.25,-16.838709677419356,0.5806451612903238,0.0,-0.0,152.4159405445268,-0.19316489695608885,0.1394748187230325,2.9016143519025968
32.26,-16.838709677419356,0.5806451612903238,0.0,-0.0,152.43505661803135,-0.1935881608935961,0.13907455892321488,2.9014395355937044
32.27,-16.838709677419356,0.5806451612903238,0.0,-0.0,152.45417219522298,-0.19397238173492237,0.13872041464576926,2.9012933630196507
32.28,-16.838709677419356,0.5806451612903238,0.0,-0.0,152.4732871971175,-0.1943206938086024,0.13840696557833834,2.901172291847573
32.29,-16.838709677419356,0.5806451612903238,0.0,-0.0,152.49240157398762,-0.19463606624684182,0.13812946961674102,2.9010731431421086
32.3,-16.838709677419356,0.5806451612903238,0.0,-0.0,152.51151529862585,-0.19492129169225247,0.13788376942452,2.900993072942415
32.31,-16.838709677419356,0.5806451612903238,0.0,-0.0,152.53062836099315,-0.1951789814651761,0.13766621327016618,2.900929544396481
32.32,-16.838709677419356,0.5806451612903238,0.0,-0.0,152.5497407639787,-0.1954115654913795,0.1374735877786966,2.9008803009005977
32.33,-16.838709677419356,0.5806451612903238,0.0,-0.0,152.5688525200493,-0.19562129567419495,0.1373030606417415,2.9008433405434273
32.34,-16.838709677419356,0.5806451612903238,0.0,-0.0,152.58796364861084,-0.19581025169658783,0.13715213166751153,2.900816892041212
32.35,-16.838709677419356,0.5806451612903238,0.0,-0.0,152.60707417393903,-0.1959803484747331,0.13701859083062598,2.9007993922660975
32.36,-16.838709677419356,0.5806451612903238,0.0,-0.0,152.62618412356466,-0.19613334466944998,0.13690048221161757,2.900789465406876
32.37,-16.838709677419356,0.5806451612903238,0.0,-0.0,152.64529352702147,-0.19627085180626702,0.13679607290529197,2.9007859037555317
32.38,-16.838709677419356,0.5806451612903238,0.0,-0.0,152.66440241488274,-0.19639434366753306,0.13670382613308077,2.9007876500801575
32.39,-16.838709677419356,0.5806451612903238,0.0,-0.0,152.68351081802734,-0.1965051657075434,0.13662237792303836,2.900793781522616
32.4,-16.838709677419356,0.5806451612903238,0.0,-0.0,152.7026187670877,-0.19660454430974328,0.13655051682682465,2.9008034949438075
32.41,-16.838709677419356,0.5806451612903238,0.0,-0.0,152.72172629204158,-0.19669359575751066,0.1364871662302938,2.9008160936308798
32.42,-16.838709677419356,0.5806451612903238,0.0,-0.0,152.74083342191744,-0.19677333483059267,0.13643136888606314,2.900830975275043
32.43,-16.838709677419356,0.5806451612903238,0.0,-0.0,152.75994018458852,-0.19684468296997704,0.13638227335605071,2.9008476211285075
32.44,-16.838709677419356,0.5806451612903238,0.0,-0.0,152.77904660663663,-0.19690847597774042,0.13633912210078283,2.9008655862480586
32.45,-16.838709677419356,0.5806451612903238,0.0,-0.0,152.7981527132697,-0.19696547123575447,0.13630124099330534,2.9008844907372926
32.46,-16.838709677419356,0.5806451612903238,0.0,-0.0,152.817258528281,-0.1970163544405945,0.13626803006898505,2.9009040119011256
32.47,-16.838709677419356,0.5806451612903238,0.0,-0.0,152.83636407403978,-0.1970617458612427,0.13623895535094724,2.9009238772325747
32.48,-16.838709677419356,0.5806451612903238,0.0,-0.0,152.85546937150588,-0.1971022061333616,0.13621354161405322,2.9009438581548364
32.49,-16.838709677419356,0.5806451612903238,0.0,-0.0,152.8745744402619,-0.19713824160840332,0.13619136597021256,2.9009637644481976
32.5,-16.838709677419356,0.5806451612903238,0.0,-0.0,152.89367929855794,-0.19717030927906043,0.13617205217419373,2.900983439295866
32.51,-16.838709677419356,0.5806451612903238,0.0,-0.0,152.9127839633653,-0.19719882130455435,0.13615526556288374,2.9010027548872435
32.52,-16.838709677419356,0.5806451612903238,0.0,-0.0,27.26818230684423,-0.1972241491599247,0.13614070855295582,2.9010216085239127
32.53,-16.838709677419356,0.5806451612903238,0.0,-0.0,152.95099277436546,-0.19724662743413623,0.13612811663145533,2.901039919175937
32.54,-16.838709677419356,0.5806451612903238,0.0,-0.0,152.9700969486577,-0.19726655730123044,0.13611725478260442,2.901057624442683
32.55,-16.838709677419356,0.5806451612903238,0.0,-0.0,27.325494842198047,-0.1972842096883083,0.13610791430115746,2.901074677875436
32.56,-16.838709677419356,0.5806451612903238,0.0,-0.0,153.00830489727628,-0.19729982816326141,0.13609990994881085,2.9010910466230326
32.57,-16.838709677419356,0.5806451612903238,0.0,-0.0,153.02740869373196,-0.19731363156400894,0.1360930774155842,2.9011067093659912
32.58,-16.838709677419356,0.5806451612903238,0.0,-0.0,153.04651238493247,-0.1973258163899516,0.13608727105256238,2.9011216545073615
32.59,-16.838709677419356,0.5806451612903238,0.0,-0.0,153.0656159798726,-0.19733655897506885,0.1360823618464089,2.901135878591977
32.6,-16.838709677419356,0.5806451612903238,0.0,-0.0,153.08471948682183,-0.19734601746086722,0.13607823560948487,2.9011493849285546
32.61,-16.838709677419356,0.5806451612903238,0.0,-0.0,153.10382291337703,-0.19735433358617405,0.13607479136237835,2.901162182391512
32.62,-16.838709677419356,0.5806451612903238,0.0,-0.0,153.12292626651228,-0.19736163430951237,0.1360719398883248,2.901174284382128
32.63,-16.838709677419356,0.5806451612903238,0.0,-0.0,153.1420295526257,-0.1973680332787091,0.13606960244119728,2.9011857079302272
32.64,-16.838709677419356,0.5806451612903238,0.0,-0.0,153.16113277758348,-0.1973736321611841,0.13606770959085582,2.9011964729201303
32.65,-16.838709677419356,0.5806451612903238,0.0,-0.0,153.18023594676094,-0.19737852184735116,0.1360662001913682,2.9012066014260824
32.66,-16.838709677419356,0.5806451612903238,0.0,-0.0,153.199339065081,-0.19738278353859018,0.1360650204591566,2.901216117143805
32.67,-16.838709677419356,0.5806451612903238,0.0,-0.0,153.2184421370499,-0.1973864897302542,0.1360641231495571,2.901225044906562
32.68,-16.838709677419356,0.5806451612903238,0.0,-0.0,153.23754516679037,-0.19738970509932208,0.13606346682149165,2.9012334102753607
32.69,-16.838709677419356,0.5806451612903238,0.0,-0.0,153.25664815807266,-0.1973924873055375,0.1360630151809892,2.9012412391937272
32.7,-16.838709677419356,0.5806451612903238,0.0,-0.0,153.27575111434302,-0.1973948877140108,0.13606273649537062,2.901248557699214
32.71,-16.838709677419356,0.5806451612903238,0.0,-0.0,153.29485403875023,-0.1973969520466914,0.13606260307064036,2.901255391683935
32.72,-16.838709677419356,0.5806451612903238,0.0,-0.0,27.65025079057829,-0.19739872096934974,0.13606259078552943,2.901261766698038
32.73,-16.838709677419356,0.5806451612903238,0.0,-0.0,153.33305980322774,-0.1974002306202327,0.13606267867618696,2.901267707789976
32.74,-16.838709677419356,0.5806451612903238,0.0,-0.0,153.3521626483192,-0.19740151308588616,0.1360628485662684,2.901273239378945
32.75,-16.838709677419356,0.5806451612903238,0.0,-0.0,153.37126547162987,-0.19740259682923056,0.13606308473761333,2.9012783851547894
32.76,-16.838709677419356,0.5806451612903238,0.0,-0.0,153.39036827515267,-0.1974035070744824,0.13606337363723967,2.901283168001499
32.77,-16.838709677419356,0.5806451612903238,0.0,-0.0,153.40947106070422,-0.1974042661530775,0.13606370361683076,2.9012876099409275
32.78,-16.838709677419356,0.5806451612903238,0.0,-0.0,153.42857382993984,-0.1974048938143831,0.13606406470127488,2.901291732093714
32.79,-16.838709677419356,0.5806451612903238,0.0,-0.0,153.44767658436731,-0.1974054075046594,0.13606444838314605,2.901295554654603
32.8,-16.838709677419356,0.5806451612903238,0.0,-0.0,153.46677932535965,-0.19740582261735629,0.13606484744038386,2.901299096880027
32.81,-16.838709677419356,0.5806451612903238,0.0,-0.0,153.4858820541666,-0.19740615271755502,0.1360652557747072,2.901302377086015
32.82,-16.838709677419356,0.5806451612903238,0.0,-0.0,153.5049847719254,-0.19740640974315804,0.1360656682684819,2.9013054126543594
32.83,-16.838709677419356,0.5806451612903238,0.0,-0.0,153.52408747967044,-0.19740660418509481,0.13606608065810002,2.9013082200458213
32.84,-16.838709677419356,0.5806451612903238,0.0,-0.0,153.54319017834243,-0.19740674524866142,0.13606648942205105,2.9013108148188715
32.85,-16.838709677419356,0.5806451612903238,0.0,-0.0,153.56229286879645,-0.19740684099785533,0.13606689168211641,2.90131321165303
32.86,-16.838709677419356,0.5806451612903238,0.0,-0.0,153.58139555180952,-0.19740689848444837,0.13606728511622093,2.9013154243756203
32.87,-16.838709677419356,0.5806451612903238,0.0,-0.0,153.60049822808756,-0.19740692386334246,0.13606766788165517,2.901317465991103
32.88,-16.838709677419356,0.5806451612903238,0.0,-0.0,153.61960089827156,-0.19740692249554037,0.13606803854758012,2.90131934871263
32.89,-16.838709677419356,0.5806451612903238,0.0,-0.0,153.63870356294348,-0.1974068990401059,0.1360683960356728,2.901321083994532
32.9,-16.838709677419356,0.5806451612903238,0.0,-0.0,153.65780622263142,-0.19740685753610565,0.1360687395681354,2.90132268256608
32.91,-16.838709677419356,0.5806451612903238,0.0,-0.0,153.67690887781453,-0.19740680147569556,0.13606906862210602,2.901324154465248
32.92,-16.838709677419356,0.5806451612903238,0.0,-0.0,153.6960115289273,-0.1974067338691574,0.1360693828898525,2.9013255090728074
32.93,-16.838709677419356,0.5806451612903238,0.0,-0.0,153.71511417636373,-0.1974066573028126,0.13606968224400243,2.9013267551459103
32.94,-16.838709677419356,0.5806451612903238,0.0,-0.0,153.7342168204808,-0.19740657399046002,0.13606996670731822,2.9013279008514816
32.95,-16.838709677419356,0.5806451612903238,0.0,-0.0,153.75331946160208,-0.19740648581914844,0.13607023642636853,2.901328953798452
32.96,-16.838709677419356,0.5806451612903238,0.0,-0.0,153.77242210002046,-0.19740639438970975,0.13607049164879917,2.9013299210697028
32.97,-16.838709677419356,0.5806451612903238,0.0,-0.0,153.79152473600126,-0.19740630105279866,0.1360707327035984,2.901330809252422
32.98,-16.838709677419356,0.5806451612903238,0.0,-0.0,153.81062736978458,-0.19740620694074162,0.13607095998416688,2.9013316244678986
32.99,-16.838709677419356,0.5806451612903238,0.0,-0.0,153.82973000158762,-0.1974061129957585,0.13607117393374704,2.9013323723999345
33.0,-16.838709677419356,0.5806451612903238,0.0,-0.0,28.185126488015122,-0.19740601999492968,0.13607137503293856,2.9013330583219807
33.01,-16.838709677419356,0.5806451612903238,0.0,-0.0,153.86793526001992,-0.19740592857220252,0.13607156378910037,2.901333687123289
33.02,-16.838709677419356,0.5806451612903238,0.0,-0.0,153.88703788698737,-0.19740583923783062,0.13607174072734154,2.9013342633336867
33.03,-16.838709677419356,0.5806451612903238,0.0,-0.0,153.90614051265428,-0.19740575239548708,0.1360719063829299,2.901334791147152
33.04,-16.838709677419356,0.5806451612903238,0.0,-0.0,153.92524313715165,-0.19740566835732043,0.13607206129493424,2.901335274444192
33.05,-16.838709677419356,0.5806451612903238,0.0,-0.0,153.94434576059777,-0.19740558735717206,0.13607220600094586,2.9013357168130502
33.06,-16.838709677419356,0.5806451612903238,0.0,-0.0,153.9634483830994,-0.19740550956219471,0.13607234103270352,2.90133612156959
33.07,-16.838709677419356,0.5806451612903238,0.0,-0.0,153.98255100475285,-0.19740543508298103,0.13607246691257338,2.90133649177633
33.08,-16.838709677419356,0.5806451612903238,0.0,-0.0,154.00165362564493,-0.19740536398245911,0.13607258415067816,2.901336830260076
33.09,-16.838709677419356,0.5806451612903238,0.0,-0.0,28.357050102262228,-0.1974052962836379,0.13607269324264606,2.9013371396286125
33.1,-16.838709677419356,0.5806451612903238,0.0,-0.0,154.03985886545047,-0.19740523197633308,0.13607279466788738,2.9013374222864554
33.11,-16.838709677419356,0.5806451612903238,0.0,-0.0,154.05896148449804,-0.19740517102303512,0.13607288888828764,2.901337680449464
33.12,-16.838709677419356,0.5806451612903238,0.0,-0.0,154.07806410305386,-0.1974051133639585,0.13607297634731055,2.9013379161587376
33.13,-16.838709677419356,0.5806451612903238,0.0,-0.0,154.09716672116943,-0.19740505892145332,0.1360730574693643,2.9013381312932913
33.14,-16.838709677419356,0.5806451612903238,0.0,-0.0,154.11626933889104,-0.19740500760375235,0.13607313265949675,2.901338327582247
33.15,-16.838709677419356,0.5806451612903238,0.0,-0.0,154.13537195626037,-0.19740495930823032,0.13607320230326284,2.9013385066159203
33.16,-16.838709677419356,0.5806451612903238,0.0,-0.0,154.15447457331487,-0.19740491392415893,0.13607326676681777,2.9013386698563717
33.17,-16.838709677419356,0.5806451612903238,0.0,-0.0,154.17357719008817,-0.19740487133506157,0.13607332639714856,2.901338818647171
33.18,-16.838709677419356,0.5806451612903238,0.0,-0.0,154.19267980661044,-0.1974048314207204,0.13607338152241824,2.901338954222394
33.19,-16.838709677419356,0.5806451612903238,0.0,-0.0,154.21178242290884,-0.19740479405886635,0.13607343245241402,2.9013390777150216
33.2,-16.838709677419356,0.5806451612903238,0.0,-0.0,154.23088503900766,-0.1974047591265573,0.136073479479108,2.90133919016494
33.21,-16.838709677419356,0.5806451612903238,0.0,-0.0,154.2499876549287,-0.19740472650137608,0.13607352287722232,2.901339292526041
33.22,-16.838709677419356,0.5806451612903238,0.0,-0.0,154.26909027069152,-0.19740469606238165,0.13607356290487718,2.901339385673027
33.23,-16.838709677419356,0.5806451612903238,0.0,-0.0,28.624486742721864,-0.1974046676908796,0.13607359980427106,2.9013394704077298
33.24,-16.838709677419356,0.5806451612903238,0.0,-0.0,154.30729550181061,-0.1974046412710737,0.1360736338023462,2.9013395474647528
33.25,-16.838709677419356,0.5806451612903238,0.0,-0.0,28.662691973604886,-0.197404616690533,0.136073665111515,2.9013396175169834
33.26,-16.838709677419356,0.5806451612903238,0.0,-0.0,154.3455007324841,-0.1974045938405753,0.13607369393035854,2.9013396811805285
33.27,-16.838709677419356,0.5806451612903238,0.0,-0.0,154.36460334768432,-0.19740457261656674,0.13607372044430757,2.901339739019176
33.28,-16.838709677419356,0.5806451612903238,0.0,-0.0,154.38370596280726,-0.19740455291809345,0.1360737448263595,2.901339791548793
33.29,-16.838709677419356,0.5806451612903238,0.0,-0.0,28.7391024342701,-0.19740453464910068,0.1360737672377427,2.901339839241151
33.3,-16.838709677419356,0.5806451612903238,0.0,-0.0,154.42191119285602,-0.1974045177179613,0.13607378782857796,2.9013398825275423
33.31,-16.838709677419356,0.5806451612903238,0.0,-0.0,154.4410138077969,-0.19740450203748905,0.13607380673852257,2.901339921802122
33.32,-16.838709677419356,0.5806451612903238,0.0,-0.0,154.46011642269082,-0.19740448752491213,0.13607382409739324,2.901339957425002
33.33,-16.838709677419356,0.5806451612903238,0.0,-0.0,154.4792190375434,-0.19740447410182993,0.1360738400257492,2.9013399897249994
33.34,-16.838709677419356,0.5806451612903238,0.0,-0.0,154.49832165235964,-0.1974044616941002,0.13607385463549174,2.901340019002401
33.35,-16.838709677419356,0.5806451612903238,0.0,-0.0,28.853718123552248,-0.19740445023176667,0.1360738680303775,2.9013400455311587
33.36,-16.838709677419356,0.5806451612903238,0.0,-0.0,28.872820738308654,-0.1974044396489103,0.1360738803065649,2.90134006956125
33.37,-16.838709677419356,0.5806451612903238,0.0,-0.0,154.55562949663235,-0.19740442988351736,0.13607389155310504,2.901340091320666
33.38,-16.838709677419356,0.5806451612903238,0.0,-0.0,154.57473211134297,-0.19740442087733756,0.13607390185240778,2.9013401110172503
33.39,-16.838709677419356,0.5806451612903238,0.0,-0.0,154.593834726035,-0.19740441257573127,0.13607391128068916,2.90134012884042
33.4,-16.838709677419356,0.5806451612903238,0.0,-0.0,154.61293734071086,-0.19740440492749967,0.1360739199084016,2.9013401449627882
33.41,-16.838709677419356,0.5806451612903238,0.0,-0.0,154.6320399553727,-0.19740439788474307,0.13607392780061747,2.901340159541523
33.42,-16.838709677419356,0.5806451612903238,0.0,-0.0,154.65114257002244,-0.19740439140268462,0.13607393501741707,2.9013401727197534
33.43,-16.838709677419356,0.5806451612903238,0.0,-0.0,154.67024518466172,-0.19740438543951222,0.13607394161424172,2.9013401846277835
33.44,-16.838709677419356,0.5806451612903238,0.0,-0.0,154.689347799292,-0.19740437995623106,0.13607394764221395,2.901340195384149
33.45,-16.838709677419356,0.5806451612903238,0.0,-0.0,154.7084504139146,-0.19740437491651486,0.13607395314844475,2.901340205096607
33.46,-16.838709677419356,0.5806451612903238,0.0,-0.0,154.72755302853062,-0.19740437028652336,0.1360739581763553,2.901340213863269
33.47,-16.838709677419356,0.5806451612903238,0.0,-0.0,29.082949499549322,-0.19740436603478928,0.13607396276591735,2.9013402217732636
33.48,-16.838709677419356,0.5806451612903238,0.0,-0.0,29.102052114155065,-0.19740436213207957,0.13607396695390686,2.9013402289075048
33.49,-16.838709677419356,0.5806451612903238,0.0,-0.0,154.7848608723486,-0.19740435855122662,0.1360739707741743,2.9013402353396254
33.5,-16.838709677419356,0.5806451612903238,0.0,-0.0,154.80396348694708,-0.19740435526703148,0.13607397425783432,2.9013402411364293
33.51,-16.838709677419356,0.5806451612903238,0.0,-0.0,154.82306610154285,-0.19740435225612685,0.13607397743348373,2.9013402463585676
33.52,-16.838709677419356,0.5806451612903238,0.0,-0.0,154.8421687161364,-0.19740434949686425,0.13607398032739063,2.9013402510610673
33.53,-16.838709677419356,0.5806451612903238,0.0,-0.0,154.86127133072816,-0.19740434696919174,0.13607398296368203,2.901340255293886
33.54,-16.838709677419356,0.5806451612903238,0.0,-0.0,154.8803739453185,-0.19740434465455747,0.1360739853644999,2.9013402591023136
33.55,-16.838709677419356,0.5806451612903238,0.0,-0.0,154.89947655990773,-0.19740434253580386,0.13607398755016079,2.9013402625274196
33.56,-16.838709677419356,0.5806451612903238,0.0,-0.0,154.91857917449613,-0.19740434059707734,0.1360739895392933,2.9013402656064033
33.57,-16.838709677419356,0.5806451612903238,0.0,-0.0,154.93768178908394,-0.1974043388237292,0.13607399134898104,2.9013402683730036
33.58,-16.838709677419356,0.5806451612903238,0.0,-0.0,154.95678440367135,-0.19740433720224093,0.13607399299487513,2.9013402708577543
33.59,-16.838709677419356,0.5806451612903238,0.0,-0.0,154.9758870182585,-0.1974043357201345,0.13607399449131766,2.901340273088335
33.6,-16.838709677419356,0.5806451612903238,0.0,-0.0,154.99498963284557,-0.19740433436591598,0.13607399585142924,2.9013402750897197
33.61,-16.838709677419356,0.5806451612903238,0.0,0.0,155.01409224743267,-0.1974043331289792,0.13607399708723247,2.9013402768845893
33.62,-16.838709677419356,0.5806451612903238,0.0,0.0,155.03319486201988,-0.19740433199955754,0.13607399820972468,2.9013402784934343
33.63,-16.838709677419356,0.5806451612903238,0.0,0.0,155.05229747660727,-0.19740433096865795,0.1360739992289655,2.901340279934787
33.64,-16.838709677419356,0.5806451612903238,0.0,0.0,155.0714000911949,-0.19740433002801372,0.13607400015414353,2.9013402812253433
33.65,-16.838709677419356,0.5806451612903238,0.0,0.0,155.09050270578285,-0.19740432917001116,0.13607400099366665,2.9013402823802434
33.66,-16.838709677419356,0.5806451612903238,0.0,0.0,29.445899176779413,-0.1974043283876501,0.13607400175521714,2.901340283413165
33.67,-16.838709677419356,0.5806451612903238,0.0,0.0,155.1287079349598,-0.19740432767450145,0.13607400244580806,2.901340284336433
33.68,-16.838709677419356,0.5806451612903238,0.0,0.0,155.14781054954886,-0.1974043270246595,0.13607400307184195,2.901340285161169
33.69,-16.838709677419356,0.5806451612903238,0.0,0.0,155.16691316413832,-0.19740432643269634,0.13607400363916825,2.901340285897439
33.7,-16.838709677419356,0.5806451612903238,0.0,0.0,29.522309635136473,-0.19740432589363976,0.13607400415311457,2.9013402865542663
33.71,-16.838709677419356,0.5806451612903238,0.0,0.0,155.20511839331851,-0.1974043254029194,0.13607400461854915,2.901340287139834
33.72,-16.838709677419356,0.5806451612903238,0.0,0.0,155.22422100790922,-0.1974043249563422,0.13607400503991243,2.9013402876615286
33.73,-16.838709677419356,0.5806451612903238,0.0,0.0,155.24332362250036,-0.19740432455007895,0.1360740054212374,2.9013402881259167
33.74,-16.838709677419356,0.5806451612903238,0.0,0.0,155.2624262370919,-0.19740432418060294,0.1360740057662169,2.9013402885390183
33.75,-16.838709677419356,0.5806451612903238,0.0,0.0,155.28152885168382,-0.19740432384469697,0.136074006078202,2.901340288906174
33.76,-16.838709677419356,0.5806451612903238,0.0,0.0,155.30063146627612,-0.1974043235394054,0.13607400636025294,2.901340289232242
33.77,-16.838709677419356,0.5806451612903238,0.0,0.0,155.31973408086878,-0.19740432326203328,0.13607400661514626,2.9013402895215368
33.78,-16.838709677419356,0.5806451612903238,0.0,0.0,155.33883669546182,-0.19740432301010924,0.13607400684541351,2.901340289777963
33.79,-16.838709677419356,0.5806451612903238,0.0,0.0,155.3579393100552,-0.19740432278136932,0.13607400705336195,2.9013402900050567
33.8,-16.838709677419356,0.5806451612903238,0.0,0.0,155.37704192464892,-0.19740432257375207,0.136074007241081,2.90134029020594
33.81,-16.838709677419356,0.5806451612903238,0.0,0.0,155.39614453924295,-0.19740432238536432,0.1360740074104793,2.9013402903834686
33.82,-16.838709677419356,0.5806451612903238,0.0,0.0,155.41524715383727,-0.197404322214481,0.13607400756328716,2.90134029054018
33.83,-16.838709677419356,0.5806451612903238,0.0,0.0,155.43434976843187,-0.19740432205953073,0.13607400770107173,2.9013402906783203
33.84,-16.838709677419356,0.5806451612903238,0.0,0.0,155.45345238302676,-0.1974043219190751,0.13607400782526116,2.9013402907999293
33.85,-16.838709677419356,0.5806451612903238,0.0,0.0,155.47255499762187,-0.19740432179179201,0.13607400793716076,2.90134029090689
33.86,-16.838709677419356,0.5806451612903238,0.0,0.0,155.49165761221724,-0.19740432167649735,0.13607400803793293,2.9013402910007526
33.87,-16.838709677419356,0.5806451612903238,0.0,0.0,155.51076022681283,-0.19740432157208931,0.1360740081286548,2.9013402910830375
33.88,-16.838709677419356,0.5806451612903238,0.0,0.0,155.52986284140863,-0.19740432147757137,0.13607400821029494,2.901340291155053
33.89,-16.838709677419356,0.5806451612903238,0.0,0.0,155.54896545600462,-0.19740432139203978,0.13607400828372687,2.901340291217941
33.9,-16.838709677419356,0.5806451612903238,0.0,0.0,155.56806807060082,-0.1974043213146679,0.13607400834974606,2.9013402912727457
33.91,-16.838709677419356,0.5806451612903238,0.0,0.0,155.58717068519718,-0.19740432124469764,0.1360740084090786,2.9013402913204285
33.92,-16.838709677419356,0.5806451612903238,0.0,0.0,155.6062732997937,-0.19740432118144646,0.1360740084623733,2.9013402913617923
33.93,-16.838709677419356,0.5806451612903238,0.0,0.0,155.6253759143904,-0.19740432112428596,0.13607400851022625,2.9013402913976076
33.94,-16.838709677419356,0.5806451612903238,0.0,0.0,155.6444785289872,-0.1974043210726517,0.13607400855316867,2.9013402914285065
33.95,-16.838709677419356,0.5806451612903238,0.0,0.0,155.66358114358417,-0.19740432102602723,0.13607400859168486,2.9013402914550763
33.96,-16.838709677419356,0.5806451612903238,0.0,0.0,155.68268375818124,-0.19740432098393712,0.13607400862621813,2.901340291477869
33.97,-16.838709677419356,0.5806451612903238,0.0,0.0,30.038080229186725,-0.19740432094596327,0.1360740086571556,2.901340291497295
33.98,-16.838709677419356,0.5806451612903238,0.0,0.0,155.72088898737576,-0.19740432091170446,0.13607400868486866,2.901340291513845
33.99,-16.838709677419356,0.5806451612903238,0.0,0.0,155.73999160197317,-0.19740432088082027,0.1360740087096687,2.901340291527806
34.0,-16.838709677419356,0.5806451612903238,0.0,0.0,30.095388072978942,-0.1974043208529812,0.13607400873185696,2.90134029153956
34.01,-16.838709677419356,1.741935483870968,0.0,0.0,155.77844632247874,-0.19454022687095573,0.2232253809072203,2.8992356898577767
34.02,-16.838709677419356,1.741935483870968,0.0,0.0,155.79800134034954,-0.19279880818452022,0.21267033465223104,2.897016542010318
34.03,-16.838709677419356,1.741935483870968,0.0,0.0,155.81772106804118,-0.19191493733564502,0.20357279035799988,2.894763560914665
34.04,-16.838709677419356,1.741935483870968,0.0,0.0,155.8375742366616,-0.19167698609767925,0.1957242213116754,2.8925366770227363
34.05,-16.838709677419356,1.741935483870968,0.0,0.0,155.8575352941417,-0.19191737824001898,0.1889457642717963,2.890379185999053
34.06,-16.838709677419356,1.741935483870968,0.0,0.0,155.87758338972867,-0.19250436537799898,0.18308426785900586,2.8883212200564454
34.07,-16.838709677419356,1.741935483870968,0.0,0.0,155.8977015313475,-0.19333507295272545,0.1780087707522857,2.886382613284886
34.08,-16.838709677419356,1.741935483870968,0.0,0.0,155.91787588926195,-0.19432973528806996,0.17360740090311774,2.884575241012847
34.09,-16.838709677419356,1.741935483870968,0.0,0.0,155.93809522224095,-0.1954269815516776,0.1697846657283126,2.8829049119190167
34.1,-16.838709677419356,1.741935483870968,0.0,0.0,155.9583504056065,-0.19658001797298708,0.16645909588093097,2.881372885365455
34.11,-16.838709677419356,1.741935483870968,0.0,0.0,155.97863404363633,-0.1977535568505191,0.16356120434825047,2.8799770782327654
34.12,-16.838709677419356,1.741935483870968,0.0,0.0,155.99894015160748,-0.19892135820834644,0.16103172454575052,2.878713016912773
34.13,-16.838709677419356,1.741935483870968,0.0,0.0,156.01926389522146,-0.20006426882300765,0.15882009397598326,2.8775745818174454
34.14,-16.838709677419356,1.741935483870968,0.0,0.0,156.03960137724272,-0.2011686622011779,0.1568831531172404,2.8765545841745586
34.15,-16.838709677419356,1.741935483870968,0.0,0.0,156.0599494629415,-0.20222520026173973,0.15518403219965546,2.875645208152016
34.16,-16.838709677419356,1.741935483870968,0.0,0.0,156.08030563739933,-0.20322785232911866,0.15369120133110878,2.8748383455222255
34.17,-16.838709677419356,1.741935483870968,0.0,0.0,156.1006678889548,-0.20417311950028294,0.1523776620447201,2.87412584510822
34.18,-16.838709677419356,1.741935483870968,0.0,0.0,30.45732847048432,-0.2050594226924276,0.1512202607662045,2.873499695072713
34.19,-16.838709677419356,1.741935483870968,0.0,0.0,156.14140453978317,-0.20588662100167765,0.15019910695311076,2.8729521526315143
34.2,-16.838709677419356,1.741935483870968,0.0,0.0,156.1617766604325,-0.2066556337128147,0.14929708074314993,2.8724758329036146
34.21,-16.838709677419356,1.741935483870968,0.0,0.0,156.18215018624537,-0.20736814468340103,0.14849941686433596,2.8720637662587736
34.22,-16.838709677419356,1.741935483870968,0.0,0.0,156.20252450143298,-0.20802637213209385,0.14779335330445795,2.8717094316106904
34.23,-16.838709677419356,1.741935483870968,0.0,0.0,156.22289913015732,-0.20863289030055698,0.14716783481099502,2.871406771554385
34.24,-16.838709677419356,1.741935483870968,0.0,0.0,156.2432737088851,-0.20919049220311559,0.14661326269817018,2.871150193998827
34.25,-16.838709677419356,1.741935483870968,0.0,0.0,30.599941820363647,-0.20970208486841435,0.14612128368072627,2.8709345639420545
34.26,-16.838709677419356,1.741935483870968,0.0,0.0,156.28402169339495,-0.21017061022399286,0.14568461154414533,2.870755188236263
34.27,-16.838709677419356,1.741935483870968,0.0,0.0,156.3043947521941,-0.21059898616890038,0.14529687640819652,2.870607795549114
34.28,-16.838709677419356,1.741935483870968,0.0,0.0,156.324767040398,-0.21099006349144034,0.1449524971587852,2.8704885132216282
34.29,-16.838709677419356,1.741935483870968,0.0,0.0,156.34513849348886,-0.21134659517717558,0.14464657332391603,2.870393842319083
34.3,-16.838709677419356,1.741935483870968,0.0,0.0,30.701802931038678,-0.21167121536088596,0.14437479326732958,2.870320631854371
34.31,-16.838709677419356,1.741935483870968,0.0,0.0,156.38587876842553,-0.2119664257419145,0.1441333560802127,2.870266052913255
34.32,-16.838709677419356,1.741935483870968,0.0,0.0,156.4062475759023,-0.21223458773391668,0.1439189049794309,2.870227573215294
34.33,-16.838709677419356,1.741935483870968,0.0,0.0,156.42661551049713,-0.21247791898063184,0.14372847038066236,2.8702029324907166
34.34,-16.838709677419356,1.741935483870968,0.0,0.0,156.44698259484585,-0.21269849315675504,0.14355942111696093,2.8701901189359047
34.35,-16.838709677419356,1.741935483870968,0.0,0.0,156.46734885822997,-0.21289824220258646,0.14340942252570685,2.870187346918012
34.36,-16.838709677419356,1.741935483870968,0.0,0.0,156.4877143345525,-0.2130789603239036,0.14327640033786535,2.8701930360300603
34.37,-16.838709677419356,1.741935483870968,0.0,0.0,156.50807906074215,-0.21324230923433962,0.14315850947902783,2.8702057915443167
34.38,-16.838709677419356,1.741935483870968,0.0,0.0,156.52844307550345,-0.21338982423347463,0.14305410703796015,2.8702243862724797
34.39,-16.838709677419356,1.741935483870968,0.0,0.0,156.54880641834538,-0.21352292080598057,0.14296172877999822,2.870247743812405
34.4,-16.838709677419356,1.741935483870968,0.0,0.0,156.5691691288342,-0.21364290150041265,0.1428800686835918,2.8702749231398528
34.41,-16.838709677419356,1.741935483870968,0.0,0.0,156.5895312460263,-0.2137509629042258,0.14280796106223778,2.870305104489157
34.42,-16.838709677419356,1.741935483870968,0.0,0.0,30.94618666445313,-0.21384820257731052,0.14274436490391748,2.8703375764578025
34.43,-16.838709677419356,1.741935483870968,0.0,0.0,156.6302538517717,-0.21393562584265724,0.1426883501179855,2.8703717242630518
34.44,-16.838709677419356,1.741935483870968,0.0,0.0,156.65061441263006,-0.2140141523609218,0.14263908542793532,2.870407019077111
34.45,-16.838709677419356,1.741935483870968,0.0,0.0,156.67097452443997,-0.21408462243815274,0.14259582768838716,2.87044300836495
34.46,-16.838709677419356,1.741935483870968,0.0,0.0,156.69133421932997,-0.21414780303289094,0.14255791243850388,2.8704793071516597
34.47,-16.838709677419356,1.741935483870968,0.0,0.0,156.71169352769354,-0.21420439344259834,0.14252474553165415,2.870515590145986
34.48,-16.838709677419356,1.741935483870968,0.0,0.0,156.73205247817938,-0.21425503065922902,0.1424957957049736,2.8705515846518117
34.49,-16.838709677419356,1.741935483870968,0.0,0.0,156.75241109770815,-0.21430029439191967,0.14247058797173281,2.8705870642004565
34.5,-16.838709677419356,1.741935483870968,0.0,0.0,156.77276941150865,-0.21434071176028535,0.14244869773623312,2.8706218428421613
34.51,-16.838709677419356,1.741935483870968,0.0,0.0,156.79312744316863,-0.2143767616663106,0.1424297455446448,2.8706557700377555
34.52,-16.838709677419356,1.741935483870968,0.0,0.0,156.81348521469593,-0.2144088788557823,0.14241339239704906,2.8706887260960188
34.53,-16.838709677419356,1.741935483870968,0.0,0.0,31.170136602994766,-0.21443745768231248,0.14239933555589665,2.8707206181063136
34.54,-16.838709677419356,1.741935483870968,0.0,0.0,156.85420005789712,-0.21446285558854594,0.14238730479438486,2.8707513763188337
34.55,-16.838709677419356,1.741935483870968,0.0,0.0,156.87455716632041,-0.21448539631967045,0.1423770590357166,2.8707809509301727
34.56,-16.838709677419356,1.741935483870968,0.0,0.0,156.8949140882607,-0.21450537288497795,0.1423683833400928,2.870809309233879
34.57,-16.838709677419356,1.741935483870968,0.0,0.0,156.91527083890955,-0.2145230502831419,0.14236108620167928,2.8708364330996488
34.58,-16.838709677419356,1.741935483870968,0.0,0.0,156.93562743232008,-0.21453866800658172,0.14235499712238317,2.870862316748388
34.59,-16.838709677419356,1.741935483870968,0.0,0.0,156.95598388147903,-0.2145524423400409,0.14234996443304646,2.8708869647923847
34.6,-16.838709677419356,1.741935483870968,0.0,0.0,156.97634019837676,-0.2145645684679076,0.14234585333610492,2.870910390512948
34.61,-16.838709677419356,1.741935483870968,0.0,0.0,156.99669639407404,-0.21457522240404936,0.14234254414683953,2.8709326143511706
34.62,-16.838709677419356,1.741935483870968,0.0,0.0,157.01705247876606,-0.21458456275754711,0.14233993071262027,2.870953662588095
34.63,-16.838709677419356,1.741935483870968,0.0,0.0,157.03740846184309,-0.2145927323466461,0.14233791899213563,2.8709735661948037
34.64,-16.838709677419356,1.741935483870968,0.0,0.0,31.39405820835622,-0.21459985967285244,0.14233642577822522,2.870992359832898
34.65,-16.838709677419356,1.741935483870968,0.0,0.0,157.0781201570303,-0.21460606026609153,0.14233537754995015,2.8710100809893686
34.66,-16.838709677419356,1.741935483870968,0.0,0.0,157.09847588439754,-0.21461143791131043,0.14233470944087587,2.8710267692304074
34.67,-16.838709677419356,1.741935483870968,-0.0,-0.0,157.1188315407627,-0.21461608576613966,0.1423343643119573,2.8710424655606515
34.68,-16.838709677419356,1.741935483870968,-0.0,-0.0,157.13918713228927,-0.21462008737859373,0.14233429191858157,2.8710572118755096
34.69,-16.838709677419356,1.741935483870968,-0.0,-0.0,157.15954266463302,-0.21462351761303555,0.1423344481624864,2.8710710504961168
34.7,-16.838709677419356,1.741935483870968,-0.0,-0.0,157.1798981429811,-0.21462644349221405,0.14233479442002903,2.871084023776469
34.71,-16.838709677419356,1.741935483870968,-0.0,-0.0,31.536547428496696,-0.2146289249624247,0.14233529693930055,2.871096173774354
34.72,-16.838709677419356,1.741935483870968,-0.0,-0.0,157.2206089563115,-0.21463101558835995,0.14233592629927347,2.8711075419782848
34.73,-16.838709677419356,1.741935483870968,-0.0,-0.0,157.24096429963987,-0.2146327631837579,0.14233665692479033,2.8711181690831573
34.74,-16.838709677419356,1.741935483870968,-0.0,-0.0,157.2613196057252,-0.21463421038339137,0.14233746665189215,2.8711280948086184
34.75,-16.838709677419356,1.741935483870968,-0.0,-0.0,157.28167487790847,-0.21463539516157848,0.14233833633844248,2.8711373577543147
34.76,-16.838709677419356,1.741935483870968,-0.0,-0.0,157.30203011924493,-0.21463635130182857,0.14233924951564866,2.8711459952877196
34.77,-16.838709677419356,1.741935483870968,-0.0,-0.0,157.32238533252723,-0.2146371088221044,0.14234019207625567,2.871154043459272
34.78,-16.838709677419356,1.741935483870968,-0.0,-0.0,157.34274052030696,-0.21463769435956248,0.14234115199585481,2.8711615369415706
34.79,-16.838709677419356,1.741935483870968,-0.0,-0.0,157.3630956849143,-0.21463813151841338,0.14234211908398872,2.871168508989242
34.8,-16.838709677419356,1.741935483870968,-0.0,-0.0,157.38345082847636,-0.2146384411843245,0.14234308476196997,2.871174991415857
34.81,-16.838709677419356,1.741935483870968,-0.0,-0.0,157.403805952934,-0.21463864180831194,0.14234404186481484,2.8711810145858956
34.82,-16.838709677419356,1.741935483870968,-0.0,-0.0,157.4241610600574,-0.2146387496629798,0.14234498446478358,2.8711866074189647
34.83,-16.838709677419356,1.741935483870968,-0.0,-0.0,157.44451615146033,-0.21463877907359885,0.14234590771437913,2.8711917974045575
34.84,-16.838709677419356,1.741935483870968,-0.0,-0.0,157.46487122861336,-0.21463874262642024,0.14234680770674643,2.871196610625114
34.85,-16.838709677419356,1.741935483870968,-0.0,-0.0,157.4852262928559,-0.21463865135626703,0.14234768135176765,2.8712010717863397
34.86,-16.838709677419356,1.741935483870968,-0.0,-0.0,157.50558134540748,-0.2146385149154142,0.1423485262661439,2.8712052042528784
34.87,-16.838709677419356,1.741935483870968,-0.0,-0.0,157.52593638737787,-0.21463834172547047,0.1423493406760765,2.8712090300885555
34.88,-16.838709677419356,1.741935483870968,-0.0,-0.0,157.54629141977657,-0.21463813911387275,0.14235012333121286,2.8712125701000564
34.89,-16.838709677419356,1.741935483870968,-0.0,-0.0,157.56664644352148,-0.21463791343651417,0.1423508734286205,2.871215843882855
34.9,-16.838709677419356,1.741935483870968,-0.0,-0.0,157.58700145944678,-0.21463767018772817,0.14235159054582977,2.871218869869256
34.91,-16.838709677419356,1.741935483870968,-0.0,-0.0,157.60735646831023,-0.2146374140989593,0.14235227458186547,2.8712216653772127
34.92,-16.838709677419356,1.741935483870968,-0.0,-0.0,157.6277114707999,-0.21463714922715305,0.1423529257054654,2.871224246659734
34.93,-16.838709677419356,1.741935483870968,-0.0,-0.0,157.64806646754022,-0.2146368790338291,0.14235354430974909,2.871226628954662
34.94,-16.838709677419356,1.741935483870968,-0.0,-0.0,157.6684214590976,-0.21463660645587668,0.14235413097249847,2.8712288265336112
34.95,-16.838709677419356,1.741935483870968,-0.0,-0.0,157.68877644598567,-0.21463633396874293,0.14235468642158275,2.871230852750694
34.96,-16.838709677419356,1.741935483870968,-0.0,-0.0,157.7091314286698,-0.21463606364283994,0.1423552115048767,2.871232720090265
34.97,-16.838709677419356,1.741935483870968,-0.0,-0.0,157.72948640757159,-0.21463579719389325,0.14235570716412446,2.8712344402132017
34.98,-16.838709677419356,1.741935483870968,-0.0,-0.0,157.7498413830727,-0.21463553602769858,0.14235617441243795,2.8712360240024264
34.99,-16.838709677419356,1.741935483870968,-0.0,-0.0,157.77019635551844,-0.2146352812800112,0.14235661431485955,2.8712374816065442
35.0,-16.838709677419356,1.741935483870968,-0.0,-0.0,157.79055132522112,-0.21463503385195426,0.14235702797173175,2.8712388224821446
35.01,-16.838709677419356,1.741935483870968,-0.0,-0.0,157.81090629246305,-0.21463479444145284,0.14235741650450337,2.8712400554344315
35.02,-16.838709677419356,1.741935483870968,-0.0,-0.0,157.83126125749922,-0.2146345635710647,0.14235778104371685,2.871241188656339
35.03,-16.838709677419356,1.741935483870968,-0.0,-0.0,157.85161622055986,-0.21463434161263928,0.1423581227188577,2.871242229765753
35.04,-16.838709677419356,1.741935483870968,-0.0,-0.0,157.87197118185273,-0.21463412880909338,0.1423584426498777,2.871243185841118
35.05,-16.838709677419356,1.741935483870968,-0.0,-0.0,157.89232614156515,-0.21463392529359382,0.14235874194020023,2.87124406345548
35.06,-16.838709677419356,1.741935483870968,-0.0,-0.0,157.91268109986595,-0.21463373110647987,0.14235902167096157,2.8712448687086507
35.07,-16.838709677419356,1.741935483870968,-0.0,-0.0,157.9330360569072,-0.21463354621011854,0.14235928289637642,2.87124560725782
35.08,-16.838709677419356,1.741935483870968,-0.0,-0.0,157.95339101282576,-0.21463337050190656,0.14235952664009074,2.8712462843466864
35.09,-16.838709677419356,1.741935483870968,-0.0,-0.0,157.97374596774472,-0.2146332038257035,0.1423597538923049,2.8712469048326557
35.1,-16.838709677419356,1.741935483870968,-0.0,-0.0,157.9941009217747,-0.21463304598173516,0.14235996560769712,2.871247473212988
35.11,-16.838709677419356,1.741935483870968,-0.0,-0.0,158.01445587501507,-0.2146328967352764,0.14236016270389382,2.8712479936490483
35.12,-16.838709677419356,1.741935483870968,-0.0,-0.0,158.03481082755505,-0.21463275582415187,0.14236034606050327,2.871248469989353
35.13,-16.838709677419356,1.741935483870968,-0.0,-0.0,158.05516577947458,-0.21463262296520536,0.14236051651861645,2.8712489057913406
35.14,-16.838709677419356,1.741935483870968,-0.0,-0.0,158.0755207308453,-0.21463249785992078,0.14236067488063472,2.871249304341536
35.15,-16.838709677419356,1.741935483870968,-0.0,-0.0,158.0958756817314,-0.21463238019920272,0.14236082191046204,2.8712496686747264
35.16,-16.838709677419356,1.741935483870968,-0.0,-0.0,158.11623063219022,-0.2146322696674725,0.14236095833394544,2.8712500015918403
35.17,-16.838709677419356,1.741935483870968,-0.0,-0.0,32.47287943868135,-0.2146321659461441,0.14236108483953433,2.8712503056767016
35.18,-16.838709677419356,1.741935483870968,-0.0,-0.0,158.15694053202574,-0.21463206871654306,0.1423612020791327,2.8712505833117854
35.19,-16.838709677419356,1.741935483870968,-0.0,-0.0,158.17729548148904,-0.21463197766237707,0.14236131066906063,2.8712508366927634
35.2,-16.838709677419356,1.741935483870968,-0.0,-0.0,158.19765043069933,-0.2146318924717483,0.14236141119116993,2.8712510678423286
35.21,-16.838709677419356,1.741935483870968,-0.0,-0.0,158.218005379689,-0.21463181283884736,0.14236150419399815,2.8712512786228324
35.22,-16.838709677419356,1.741935483870968,-0.0,-0.0,158.2383603284868,-0.21463173846526473,0.14236159019404546,2.8712514707484154
35.23,-16.838709677419356,1.741935483870968,-0.0,-0.0,32.59500913352655,-0.2146316690611021,0.14236166967701855,2.8712516457958888
35.24,-16.838709677419356,1.741935483870968,-0.0,-0.0,158.2790702256061,-0.214631604345779,0.14236174309916647,2.871251805215228
35.25,-16.838709677419356,1.741935483870968,-0.0,-0.0,158.29942517397026,-0.21463154404865792,0.14236181088859987,2.871251950339194
35.26,-16.838709677419356,1.741935483870968,-0.0,-0.0,158.3197801222285,-0.21463148790949926,0.14236187344660364,2.8712520823922305
35.27,-16.838709677419356,1.741935483870968,-0.0,-0.0,158.34013507039649,-0.2146314356787582,0.14236193114894444,2.8712522024987712
35.28,-16.838709677419356,1.741935483870968,-0.0,-0.0,158.36049001848792,-0.21463138711772345,0.14236198434718592,2.871252311691104
35.29,-16.838709677419356,1.741935483870968,-0.0,-0.0,158.38084496651496,-0.21463134199861456,0.14236203336991424,2.871252410916296
35.3,-16.838709677419356,1.741935483870968,-0.0,-0.0,158.4011999144882,-0.21463130010449705,0.14236207852401514,2.8712525010431027
35.31,-16.838709677419356,1.741935483870968,-0.0,-0.0,158.4215548624169,-0.21463126122920206,0.142362120095844,2.8712525828679456
35.32,-16.838709677419356,1.741935483870968,-0.0,-0.0,158.44190981030928,-0.21463122517713873,0.14236215835239094,2.8712526571206625
35.33,-16.838709677419356,1.741935483870968,-0.0,-0.0,158.46226475817232,-0.21463119176303724,0.14236219354242716,2.871252724469947
35.34,-16.838709677419356,1.741935483870968,-0.0,-0.0,158.4826197060122,-0.2146311608117295,0.14236222589753075,2.871252785527945
35.35,-16.838709677419356,1.741935483870968,-0.0,-0.0,158.50297465383423,-0.21463113215779606,0.14236225563316426,2.8712528408550515
35.36,-16.838709677419356,1.741935483870968,-0.0,-0.0,158.523329601643,-0.21463110564526433,0.14236228294963446,2.871252890963939
35.37,-16.838709677419356,1.741935483870968,-0.0,-0.0,158.54368454944245,-0.21463108112723606,0.1423623080330568,2.8712529363235526
35.38,-16.838709677419356,1.741935483870968,-0.0,-0.0,158.5640394972359,-0.21463105846556463,0.14236233105621607,2.871252977362471
35.39,-16.838709677419356,1.741935483870968,-0.0,-0.0,158.58439444502628,-0.21463103753045187,0.14236235217945023,2.8712530144723916
35.4,-16.838709677419356,1.741935483870968,-0.0,-0.0,32.94104324922423,-0.214631018200087,0.14236237155144835,2.8712530480111047
35.41,-16.838709677419356,1.741935483870968,-0.0,-0.0,158.62510434060698,-0.21463100036027738,0.1423623893100123,2.8712530783052794
35.42,-16.838709677419356,1.741935483870968,-0.0,-0.0,158.64545928840104,-0.21463098390407964,0.14236240558277832,2.8712531056530306
35.43,-16.838709677419356,1.741935483870968,-0.0,-0.0,158.6658142361995,-0.2146309687314205,0.14236242048791523,2.871253130326387
35.44,-16.838709677419356,1.741935483870968,-0.0,-0.0,158.68616918400352,-0.21463095474876104,0.1423624341347439,2.8712531525733413
35.45,-16.838709677419356,1.741935483870968,-0.0,-0.0,158.70652413181398,-0.21463094186873066,0.14236244662436345,2.8712531726199777
35.46,-16.838709677419356,1.741935483870968,-0.0,-0.0,158.72687907963157,-0.21463093000978617,0.1423624580502196,2.8712531906723187
35.47,-16.838709677419356,1.741935483870968,-0.0,-0.0,158.74723402745684,-0.21463091909589815,0.14236246849862697,2.871253206917943
35.48,-16.838709677419356,1.741935483870968,-0.0,-0.0,158.76758897529018,-0.2146309090562215,0.1423624780492839,2.871253221527636
35.49,-16.838709677419356,1.741935483870968,-0.0,-0.0,158.78794392313188,-0.21463089982479389,0.14236248677574045,2.8712532346567974
35.5,-16.838709677419356,1.741935483870968,-0.0,-0.0,158.80829887098204,-0.21463089134023017,0.1423624947458517,2.871253246446846
35.51,-16.838709677419356,1.741935483870968,-0.0,-0.0,158.82865381884076,-0.21463088354547444,0.1423625020221587,2.8712532570262352
35.52,-16.838709677419356,1.741935483870968,-0.0,-0.0,158.84900876670804,-0.2146308763875031,0.14236250866230546,2.8712532665117614
35.53,-16.838709677419356,1.741935483870968,-0.0,-0.0,158.86936371458378,-0.21463086981707713,0.1423625147193923,2.871253275009528
35.54,-16.838709677419356,1.741935483870968,-0.0,-0.0,158.88971866246786,-0.21463086378850638,0.14236252024230475,2.8712532826158528
35.55,-16.838709677419356,1.741935483870968,-0.0,-0.0,158.91007361036012,-0.21463085825942496,0.14236252527602386,2.8712532894180964
35.56,-16.838709677419356,1.741935483870968,-0.0,-0.0,158.93042855826033,-0.21463085319054986,0.14236252986194184,2.871253295495589
35.57,-16.838709677419356,1.741935483870968,-0.0,-0.0,158.9507835061683,-0.21463084854550996,0.14236253403809948,2.871253300920152
35.58,-16.838709677419356,1.741935483870968,-0.0,-0.0,158.97113845408376,-0.2146308442906122,0.1423625378394788,2.8712533057569822
35.59,-16.838709677419356,1.741935483870968,-0.0,-0.0,158.99149340200643,-0.21463084039469882,0.14236254129819922,2.8712533100650264
35.6,-16.838709677419356,1.741935483870968,-0.0,-0.0,159.01184834993603,-0.21463083682894402,0.14236254444376525,2.871253313897705
35.61,-16.838709677419356,1.741935483870968,-0.0,-0.0,159.0322032978723,-0.21463083356670754,0.14236254730325534,2.8712533173033274
35.62,-16.838709677419356,1.741935483870968,-0.0,-0.0,159.05255824581488,-0.2146308305833735,0.14236254990151828,2.871253320325613
35.63,-16.838709677419356,1.741935483870968,-0.0,-0.0,159.07291319376355,-0.21463082785622545,0.14236255226133052,2.8712533230039923
35.64,-16.838709677419356,1.741935483870968,-0.0,-0.0,159.093268141718,-0.2146308253642779,0.14236255440359133,2.871253325374196
35.65,-16.838709677419356,1.741935483870968,-0.0,-0.0,159.1136230896779,-0.21463082308818282,0.14236255634744252,2.87125332746843
35.66,-16.838709677419356,1.741935483870968,-0.0,-0.0,159.133978037643,-0.214630821010108,0.1423625581104094,2.8712533293156985
35.67,-16.838709677419356,1.741935483870968,-0.0,-0.0,159.15433298561305,-0.21463081911361148,0.14236255970854658,2.871253330942206
35.68,-16.838709677419356,1.741935483870968,-0.0,-0.0,159.17468793358773,-0.21463081738353695,0.14236256115655796,2.8712533323716256
35.69,-16.838709677419356,1.741935483870968,0.0,-0.0,159.19504288156682,-0.21463081580595178,0.14236256246787213,2.8712533336251425
35.7,-16.838709677419356,1.741935483870968,0.0,-0.0,159.21539782955006,-0.21463081436801623,0.14236256365478803,2.871253334721927
35.71,-16.838709677419356,1.741935483870968,0.0,-0.0,159.2357527775372,-0.2146308130579213,0.14236256472854344,2.871253335679197
35.72,-16.838709677419356,1.741935483870968,0.0,-0.0,159.25610772552798,-0.21463081186481459,0.1423625656994025,2.8712533365123996
35.73,-16.838709677419356,1.741935483870968,0.0,-0.0,159.27646267352222,-0.21463081077871538,0.14236256657674415,2.8712533372354323
35.74,-16.838709677419356,1.741935483870968,0.0,-0.0,159.2968176215197,-0.21463080979045968,0.14236256736912709,2.8712533378607406
35.75,-16.838709677419356,1.741935483870968,0.0,-0.0,159.3171725695202,-0.21463080889162733,0.1423625680843655,2.8712533383995082
35.76,-16.838709677419356,1.741935483870968,0.0,-0.0,159.33752751752354,-0.21463080807448343,0.1423625687295936,2.871253338861787
35.77,-16.838709677419356,1.741935483870968,0.0,-0.0,159.35788246552954,-0.21463080733195028,0.14236256931129718,2.871253339256462
35.78,-16.838709677419356,1.741935483870968,0.0,-0.0,159.37823741353802,-0.21463080665751288,0.14236256983541137,2.8712533395916164
35.79,-16.838709677419356,1.741935483870968,0.0,-0.0,33.73488621795706,-0.21463080604521223,0.14236257030732932,2.871253339874394
35.8,-16.838709677419356,1.741935483870968,0.0,-0.0,159.41894730956176,-0.2146308054895929,0.1423625707319571,2.8712533401111338
35.81,-16.838709677419356,1.741935483870968,0.0,-0.0,159.4393022575767,-0.21463080498563314,0.1423625711137849,2.8712533403076366
35.82,-16.838709677419356,1.741935483870968,0.0,-0.0,159.45965720559357,-0.21463080452876793,0.14236257145686534,2.8712533404688734
35.83,-16.838709677419356,1.741935483870968,0.0,-0.0,159.48001215361217,-0.21463080411478686,0.14236257176491615,2.8712533405994547
35.84,-16.838709677419356,1.741935483870968,0.0,-0.0,159.50036710163238,-0.21463080373985965,0.14236257204129463,2.8712533407033467
35.85,-16.838709677419356,1.741935483870968,0.0,-0.0,159.5207220496541,-0.21463080340047647,0.14236257228906044,2.87125334078412
35.86,-16.838709677419356,1.741935483870968,0.0,-0.0,159.54107699767724,-0.2146308030934314,0.14236257251098713,2.871253340844911
35.87,-16.838709677419356,1.741935483870968,0.0,-0.0,159.56143194570168,-0.21463080281578684,0.14236257270960248,2.87125334088855
35.88,-16.838709677419356,1.741935483870968,0.0,-0.0,159.58178689372733,-0.21463080256486422,0.14236257288719564,2.8712533409175136
35.89,-16.838709677419356,1.741935483870968,0.0,-0.0,159.6021418417541,-0.21463080233822662,0.14236257304583352,2.87125334093393
35.9,-16.838709677419356,1.741935483870968,0.0,-0.0,159.6224967897819,-0.21463080213363206,0.14236257318740794,2.87125334093978
35.91,-16.838709677419356,1.741935483870968,0.0,-0.0,159.64285173781067,-0.21463080194905326,0.14236257331361477,2.8712533409366983
35.92,-16.838709677419356,1.741935483870968,0.0,-0.0,159.66320668584035,-0.21463080178263327,0.14236257342599887,2.8712533409261707
35.93,-16.838709677419356,1.741935483870968,0.0,-0.0,159.68356163387085,-0.21463080163267412,0.14236257352596302,2.871253340909523
35.94,-16.838709677419356,1.741935483870968,0.0,-0.0,159.70391658190212,-0.21463080149763858,0.14236257361476753,2.871253340887863
35.95,-16.838709677419356,1.741935483870968,0.0,-0.0,159.72427152993407,-0.21463080137611645,0.14236257369356084,2.8712533408622063
35.96,-16.838709677419356,1.741935483870968,0.0,-0.0,159.74462647796668,-0.21463080126683898,0.14236257376336744,2.8712533408333543
35.97,-16.838709677419356,1.741935483870968,0.0,-0.0,159.76498142599988,-0.2146308011686373,0.14236257382512538,2.8712533408020775
35.98,-16.838709677419356,1.741935483870968,0.0,-0.0,159.78533637403365,-0.21463080108045807,0.14236257387967285,2.871253340768987
35.99,-16.838709677419356,1.741935483870968,0.0,-0.0,159.80569132206793,-0.21463080100133403,0.14236257392777527,2.8712533407346625
36.0,-16.838709677419356,1.741935483870968,0.0,-0.0,34.16234012651096,-0.21463080093039522,0.1423625739701134,2.871253340699546
36.01,-16.838709677419356,2.9032258064516157,0.0,-0.0,34.18293414899201,-0.2119126444003916,0.2299992706668046,2.8689075347117092
36.02,-16.838709677419356,2.9032258064516157,0.0,-0.0,159.86743094659235,-0.2102049368017016,0.21979110769580767,2.8664840961163316
36.03,-16.838709677419356,2.9032258064516157,0.0,-0.0,159.88838299256744,-0.20928297825949738,0.21093271306924877,2.8640537524645824
36.04,-16.838709677419356,2.9032258064516157,0.0,-0.0,159.9094672293413,-0.20896466873557773,0.20324026018935537,2.8616694591982537
36.05,-16.838709677419356,2.9032258064516157,0.0,-0.0,159.93065950059992,-0.20910343614360638,0.1965546030023657,2.8593697577155943
36.06,-16.838709677419356,2.9032258064516157,0.0,-0.0,159.95193985410563,-0.2095820322761508,0.19073822269694363,2.857181629036028
36.07,-16.838709677419356,2.9032258064516157,0.0,-0.0,159.9732918340634,-0.21030722210017627,0.18567246987827213,2.8551228869465652
36.08,-16.838709677419356,2.9032258064516157,0.0,-0.0,159.99470188786026,-0.21120531490795402,0.18125510242060228,2.8532041632324816
36.09,-16.838709677419356,2.9032258064516157,0.0,-0.0,160.01615887010468,-0.2122184494224566,0.1773981039845407,2.8514305388771346
36.1,-16.838709677419356,2.9032258064516157,0.0,-0.0,160.0376536288993,-0.2133015326758827,0.174025761788135,2.8498028726262765
36.11,-16.838709677419356,2.9032258064516157,0.0,-0.0,160.05917866130005,-0.21441973369118905,0.1710729802423695,2.8483188739779255
36.12,-16.838709677419356,2.9032258064516157,0.0,-0.0,160.08072782679804,-0.21554644106209553,0.16848380717855083,2.8469739625350137
36.13,-16.838709677419356,2.9032258064516157,0.0,-0.0,160.10229610934803,-0.21666160445374083,0.16621015043579435,2.8457619503576046
36.14,-16.838709677419356,2.9032258064516157,0.0,-0.0,160.12387941994,-0.21775039156093579,0.16421066398406536,2.8446755788271605
36.15,-16.838709677419356,2.9032258064516157,0.0,-0.0,160.145474432979,-0.2188021029694207,0.16244978428668755,2.843706936786826
36.16,-16.838709677419356,2.9032258064516157,0.0,-0.0,160.1670784508196,-0.21980929712201736,0.16089689915701189,2.842847782450087
36.17,-16.838709677419356,2.9032258064516157,0.0,-0.0,34.5249831481272,-0.22076708602097872,0.15952563289871258,2.8420897878102496
36.18,-16.838709677419356,2.9032258064516157,0.0,-0.0,160.21030519724658,-0.22167256942178204,0.1583132330210737,2.8414247210320926
36.19,-16.838709677419356,2.9032258064516157,0.0,-0.0,160.23192475584287,-0.22252438120850648,0.1572400452765046,2.8408445795326682
36.2,-16.838709677419356,2.9032258064516157,0.0,-0.0,160.2535468397656,-0.22332232653776174,0.15628906516505592,2.8403416841207894
36.21,-16.838709677419356,2.9032258064516157,0.0,-0.0,34.61146440953507,-0.2240670923538679,0.1554455553758074,2.8399087426090426
36.22,-16.838709677419356,2.9032258064516157,0.0,-0.0,160.29679518910677,-0.22476001715641014,0.15469671987698785,2.8395388896946105
36.23,-16.838709677419356,2.9032258064516157,0.0,-0.0,160.31842019475582,-0.22540290857146195,0.15403142651522983,2.839225708571088
36.24,-16.838709677419356,2.9032258064516157,0.0,-0.0,160.340045142065,-0.22599789944826743,0.15343997103413765,2.838963238641552
36.25,-16.838709677419356,2.9032258064516157,0.0,-0.0,160.36166970421158,-0.22654733496537793,0.15291387637120135,2.8387459728151865
36.26,-16.838709677419356,2.9032258064516157,0.0,-0.0,160.38329363607326,-0.22705368466072606,0.1524457219399712,2.8385688471461212
36.27,-16.838709677419356,2.9032258064516157,0.0,-0.0,160.40491675826144,-0.22751947445983767,0.1520289983560692,2.838427224991546
36.28,-16.838709677419356,2.9032258064516157,0.0,-0.0,160.42653894405314,-0.22794723471732015,0.1516579837252785,2.8383168773946537
36.29,-16.838709677419356,2.9032258064516157,0.0,-0.0,160.4481601087096,-0.2283394610493712,0.15132763818735018,2.8382339610209506
36.3,-16.838709677419356,2.9032258064516157,0.0,-0.0,160.46978020075844,-0.228698585353452,0.1510335139073279,2.8381749946737838
36.31,-16.838709677419356,2.9032258064516157,0.0,-0.0,160.49139919489,-0.22902695491242442,0.1507716781352625,2.8381368351738776
36.32,-16.838709677419356,2.9032258064516157,0.0,-0.0,160.51301708618058,-0.2293268178869412,0.15053864732248345,2.8381166531943802
36.33,-16.838709677419356,2.9032258064516157,0.0,-0.0,160.5346338854049,-0.22960031382887558,0.15033133059634796,2.83811190949197
36.34,-16.838709677419356,2.9032258064516157,0.0,-0.0,160.55624961524222,-0.22984946811554874,0.15014698116159886,2.838120331853171
36.35,-16.838709677419356,2.9032258064516157,0.0,-0.0,160.57786430721544,-0.23007618942059316,0.14998315442215782,2.8381398929805943
36.36,-16.838709677419356,2.9032258064516157,0.0,-0.0,160.5994779992303,-0.23028226951225816,0.149837671807864,2.838168789470149
36.37,-16.838709677419356,2.9032258064516157,0.0,-0.0,160.6210907336058,-0.2304693848116952,0.1497085894513096,2.8382054219725066
36.38,-16.838709677419356,2.9032258064516157,0.0,-0.0,160.64270255550622,-0.23063909925838466,0.14959417099510686,2.838248376587865
36.39,-16.838709677419356,2.9032258064516157,0.0,-0.0,160.6643135117005,-0.2307928681224496,0.14949286392361127,2.838296407509935
36.4,-16.838709677419356,2.9032258064516157,0.0,-0.0,160.68592364958883,-0.23093204247867427,0.14940327890826055,2.838348420908732
36.41,-16.838709677419356,2.9032258064516157,0.0,-0.0,160.70753301644635,-0.23105787411731082,0.1493241717357925,2.838403460024062
36.42,-16.838709677419356,2.9032258064516157,0.0,-0.0,160.7291416588432,-0.23117152071560598,0.14925442745548967,2.8384606914274846
36.43,-16.838709677419356,2.9032258064516157,0.0,-0.0,160.75074962220702,-0.23127405113310417,0.14919304643784714,2.838519392401908
36.44,-16.838709677419356,2.9032258064516157,0.0,-0.0,160.77235695050092,-0.23136645072550488,0.14913913208393303,2.838578939380756
36.45,-16.838709677419356,2.9032258064516157,0.0,-0.0,160.79396368599362,-0.23144962659689572,0.14909187996439788,2.838638797386504
36.46,-16.838709677419356,2.9032258064516157,0.0,-0.0,160.815569869104,-0.23152441273066326,0.14905056819994078,2.8386985104052824
36.47,-16.838709677419356,2.9032258064516157,0.0,-0.0,160.83717553830434,-0.23159157495529703,0.1490145489230379,2.838757692635304
36.48,-16.838709677419356,2.9032258064516157,0.0,-0.0,160.85878073007035,-0.23165181571435944,0.1489832406838686,2.8388160205464543
36.49,-16.838709677419356,2.9032258064516157,0.0,-0.0,160.88038547886765,-0.23170577861979158,0.14895612168324623,2.8388732256913825
36.5,-16.838709677419356,2.9032258064516157,0.0,-0.0,160.90198981716654,-0.23175405277589278,0.14893272373175803,2.8389290882097042
36.51,-16.838709677419356,2.9032258064516157,0.0,-0.0,160.92359377547848,-0.2317971768674516,0.14891262684835116,2.838983430969929
36.52,-16.838709677419356,2.9032258064516157,0.0,-0.0,160.94519738240894,-0.2318356430103401,0.14889545442345098,2.839036114296691
36.53,-16.838709677419356,2.9032258064516157,0.0,-0.0,160.966800664722,-0.23186990036653699,0.1488808688817188,2.839087031233944
36.54,-16.838709677419356,2.9032258064516157,0.0,-0.0,160.98840364741346,-0.23190035852838653,0.14886856778803348,2.8391361032976214
36.55,-16.838709677419356,2.9032258064516157,0.0,-0.0,161.01000635378958,-0.2319273906789312,0.148858280347537,2.8391832766744023
36.56,-16.838709677419356,2.9032258064516157,0.0,-0.0,161.03160880554907,-0.23195133653652622,0.14884976425687968,2.839228518826815
36.57,-16.838709677419356,2.9032258064516157,0.0,-0.0,161.05321102286683,-0.23197250509313605,0.14884280286892215,2.839271815466881
36.58,-16.838709677419356,2.9032258064516157,0.0,-0.0,161.0748130244778,-0.23199117715617357,0.14883720263787892,2.8393131678642676
36.59,-16.838709677419356,2.9032258064516157,0.0,-0.0,161.09641482776,-0.23200760770421924,0.14883279081569323,2.8393525904570467
36.6,-16.838709677419356,2.9032258064516157,0.0,-0.0,161.11801644881572,-0.2320220280670322,0.148829413373884,2.839390108736
36.61,-16.838709677419356,2.9032258064516157,0.0,-0.0,161.1396179025509,-0.23203464794030104,0.14882693312795503,2.8394257573754187
36.62,-16.838709677419356,2.9032258064516157,0.0,-0.0,161.16121920275106,-0.23204565724523585,0.14882522804419707,2.8394595785866494
36.63,-16.838709677419356,2.9032258064516157,0.0,-0.0,161.18282036215479,-0.2320552278431438,0.14882418971061817,2.8394916206709517
36.64,-16.838709677419356,2.9032258064516157,0.0,-0.0,161.20442139252359,-0.2320635151144399,0.14882372195605098,2.839521936752306
36.65,-16.838709677419356,2.9032258064516157,0.0,-0.0,161.2260223047085,-0.2320706594114641,0.14882373960286566,2.8395505836707846
36.66,-16.838709677419356,2.9032258064516157,0.0,-0.0,161.24762310871319,-0.23207678739383875,0.14882416734045245,2.83957762102012
36.67,-16.838709677419356,2.9032258064516157,0.0,-0.0,161.2692238137537,-0.2320820132548096,0.148824938707801,2.8396031103137487
36.68,-16.838709677419356,2.9032258064516157,0.0,0.0,161.29082442831475,-0.23208643984643995,0.14882599517480444,2.839627114265775
36.69,-16.838709677419356,2.9032258064516157,0.0,0.0,161.31242496020246,-0.2320901597111802,0.14882728531284917,2.839649696174043
36.7,-16.838709677419356,2.9032258064516157,0.0,0.0,161.33402541659433,-0.23209325602687825,0.14882876404618806,2.8396709193937215
36.71,-16.838709677419356,2.9032258064516157,0.0,0.0,161.3556258040856,-0.2320958034717182,0.14883039197656167,2.839690846891806
36.72,-16.838709677419356,2.9032258064516157,0.0,0.0,161.37722612873296,-0.23209786901539364,0.1488321347740177,2.8397095408724438
36.73,-16.838709677419356,2.9032258064516157,0.0,0.0,161.39882639609516,-0.23209951264218542,0.14883396262778226,2.839727062465351
36.74,-16.838709677419356,2.9032258064516157,0.0,0.0,161.420426611271,-0.2321007880113508,0.1488358497514829,2.839743471469596
36.75,-16.838709677419356,2.9032258064516157,0.0,0.0,161.44202677893475,-0.23210174305985243,0.14883777393757613,2.839758826145865
36.76,-16.838709677419356,2.9032258064516157,0.0,0.0,161.46362690336892,-0.2321024205520179,0.1488397161563838,2.8397731830514834
36.77,-16.838709677419356,2.9032258064516157,0.0,0.0,161.48522698849504,-0.23210285858049895,0.14884166019547052,2.8397865969124725
36.78,-16.838709677419356,2.9032258064516157,0.0,0.0,161.50682703790199,-0.23210309102247884,0.1488435923355863,2.839799120528078
36.79,-16.838709677419356,2.9032258064516157,0.0,0.0,161.52842705487237,-0.23210314795486742,0.14884550105966077,2.8398108047031974
36.8,-16.838709677419356,2.9032258064516157,0.0,0.0,161.55002704240695,-0.23210305603186443,0.1488473767917462,2.8398216982051414
36.81,-16.838709677419356,2.9032258064516157,0.0,0.0,161.57162700324736,-0.2321028388281099,0.14884921166298348,2.839831847740922
36.82,-16.838709677419356,2.9032258064516157,0.0,0.0,161.59322693989697,-0.23210251715026264,0.14885099930207468,2.8398412979524847
36.83,-16.838709677419356,2.9032258064516157,0.0,0.0,161.6148268546404,-0.2321021093197757,0.1488527346478209,2.839850091426724
36.84,-16.838709677419356,2.9032258064516157,0.0,0.0,161.63642674956134,-0.23210163142925455,0.14885441378168063,2.8398582687184377
36.85,-16.838709677419356,2.9032258064516157,0.0,0.0,161.65802662655912,-0.23210109757478747,0.14885603377829226,2.8398658683834768
36.86,-16.838709677419356,2.9032258064516157,0.0,0.0,161.6796264873641,-0.23210052006626958,0.14885759257227582,2.8398729270206973
36.87,-16.838709677419356,2.9032258064516157,0.0,0.0,161.70122633355157,-0.23209990961763216,0.14885908883972565,2.8398794793211577
36.88,-16.838709677419356,2.9032258064516157,0.0,0.0,161.722826166555,-0.23209927551885845,0.14886052189283816,2.8398855581225404
36.89,-16.838709677419356,2.9032258064516157,0.0,0.0,161.7444259876778,-0.23209862579127294,0.14886189158648733,2.83989119446831
36.9,-16.838709677419356,2.9032258064516157,0.0,0.0,161.76602579810447,-0.23209796732769195,0.14886319823546368,2.839896417670016
36.91,-16.838709677419356,2.9032258064516157,0.0,0.0,161.78762559891072,-0.2320973060187892,0.14886444254130315,2.8399012553718452
36.92,-16.838709677419356,2.9032258064516157,0.0,0.0,161.80922539107286,-0.2320966468668697,0.14886562552778637,2.8399057336169555
36.93,-16.838709677419356,2.9032258064516157,0.0,0.0,161.83082517547626,-0.23209599408826875,0.14886674848414616,2.8399098769145215
36.94,-16.838709677419356,2.9032258064516157,0.0,0.0,161.85242495292343,-0.23209535120541647,0.1488678129151929,2.839913708306919
36.95,-16.838709677419356,2.9032258064516157,0.0,0.0,161.87402472414112,-0.23209472112945706,0.14886882049769534,2.839917249436939
36.96,-16.838709677419356,2.9032258064516157,0.0,0.0,161.89562448978705,-0.23209410623438909,0.14886977304227134,2.839920520614121
36.97,-16.838709677419356,2.9032258064516157,0.0,0.0,161.91722425045594,-0.23209350842347565,0.1488706724602492,2.8399235408801324
36.98,-16.838709677419356,2.9032258064516157,0.0,0.0,161.93882400668525,-0.23209292918869373,0.14887152073491838,2.8399263280726643
36.99,-16.838709677419356,2.9032258064516157,0.0,0.0,161.96042375896016,-0.2320923696637971,0.14887231989678185,2.83992889888815
37.0,-16.838709677419356,2.9032258064516157,0.0,0.0,161.98202350771834,-0.23209183067174033,0.1488730720022332,2.839931268942315
37.01,-16.838709677419356,2.9032258064516157,0.0,0.0,162.00362325335428,-0.23209131276690975,0.1488737791153718,2.8399334528289963
37.02,-16.838709677419356,2.9032258064516157,0.0,0.0,162.02522299622316,-0.23209081627268202,0.1488744432925856,2.8399354641770693
37.03,-16.838709677419356,2.9032258064516157,0.0,0.0,162.04682273664454,-0.23209034131482342,0.14887506656952942,2.839937315705022
37.04,-16.838709677419356,2.9032258064516157,0.0,0.0,162.06842247490556,-0.23208988785106932,0.14887565095028932,2.83993901927363
37.05,-16.838709677419356,2.9032258064516157,0.0,0.0,162.09002221126403,-0.2320894556973374,0.14887619839840194,2.8399405859362234
37.06,-16.838709677419356,2.9032258064516157,0.0,0.0,162.11162194595113,-0.23208904455084278,0.14887671082957354,2.839942025986976
37.07,-16.838709677419356,2.9032258064516157,0.0,0.0,162.13322167917394,-0.23208865401050116,0.14887719010582245,2.8399433490068353
37.08,-16.838709677419356,2.9032258064516157,0.0,0.0,162.15482141111772,-0.23208828359484324,0.14887763803091292,2.8399445639073844
37.09,-16.838709677419356,2.9032258064516157,0.0,0.0,162.176421141948,-0.23208793275773631,0.14887805634688311,2.839945678972501
37.1,-16.838709677419356,2.9032258064516157,0.0,0.0,162.19802087181245,-0.23208760090211644,0.14887844673154726,2.8399467018979982
37.11,-16.838709677419356,2.9032258064516157,0.0,0.0,162.21962060084266,-0.2320872873919695,0.14887881079680942,2.839947639829115
37.12,-16.838709677419356,2.9032258064516157,0.0,0.0,162.24122032915568,-0.23208699156271395,0.14887915008771269,2.839948499396155
37.13,-16.838709677419356,2.9032258064516157,0.0,0.0,162.26282005685547,-0.23208671273020665,0.1488794660820716,2.8399492867480283
37.14,-16.838709677419356,2.9032258064516157,0.0,0.0,162.28441978403418,-0.2320864501984632,0.14887976019065285,2.839950007584124
37.15,-16.838709677419356,2.9032258064516157,0.0,0.0,162.30601951077338,-0.23208620326630847,0.1488800337577586,2.839950667184162
37.16,-16.838709677419356,2.9032258064516157,0.0,0.0,162.32761923714506,-0.2320859712329908,0.1488802880622183,2.8399512704365932
37.17,-16.838709677419356,2.9032258064516157,0.0,0.0,162.34921896321268,-0.232085753402979,0.14888052431863297,2.8399518218650375
37.18,-16.838709677419356,2.9032258064516157,0.0,0.0,162.370818689032,-0.23208554908993606,0.14888074367891668,2.8399523256534316
37.19,-16.838709677419356,2.9032258064516157,0.0,0.0,162.3924184146519,-0.23208535762004723,0.14888094723400302,2.839952785669479
37.2,-16.838709677419356,2.9032258064516157,0.0,0.0,162.41401814011508,-0.23208517833474662,0.14888113601571007,2.839953205486662
37.21,-16.838709677419356,2.9032258064516157,0.0,0.0,162.43561786545877,-0.2320850105929062,0.14888131099873947,2.839953588404975
37.22,-16.838709677419356,2.9032258064516157,0.0,0.0,162.45721759071526,-0.23208485377256327,0.1488814731027639,2.839953937470366
37.23,-16.838709677419356,2.9032258064516157,0.0,0.0,162.4788173159125,-0.23208470727227604,0.14888162319454679,2.8399542554927737
37.24,-16.838709677419356,2.9032258064516157,0.0,0.0,162.50041704107448,-0.23208457051209352,0.14888176209013415,2.839954545063228
37.25,-16.838709677419356,2.9032258064516157,0.0,0.0,162.5220167662218,-0.23208444293425945,0.14888189055702739,2.839954808569621
37.26,-16.838709677419356,2.9032258064516157,0.0,0.0,162.54361649137198,-0.23208432400363077,0.14888200931637996,2.8399550482116087
37.27,-16.838709677419356,2.9032258064516157,0.0,0.0,162.56521621653974,-0.23208421320788042,0.14888211904517,2.83995526601447
37.28,-16.838709677419356,2.9032258064516157,0.0,0.0,162.58681594173748,-0.2320841100575357,0.14888222037831855,2.839955463841897
37.29,-16.838709677419356,2.9032258064516157,0.0,0.0,162.60841566697547,-0.23208401408581114,0.14888231391081397,2.839955643408173
37.3,-16.838709677419356,2.9032258064516157,0.0,0.0,162.63001539226212,-0.23208392484834528,0.14888240019974752,2.839955806289296
37.31,-16.838709677419356,2.9032258064516157,0.0,0.0,36.98790897401246,-0.23208384192280218,0.1488824797663223,2.8399559539334773
37.32,-16.838709677419356,2.9032258064516157,0.0,0.0,162.67321484300706,-0.23208376490840354,0.14888255309777276,2.839956087670761
37.33,-16.838709677419356,2.9032258064516157,0.0,0.0,162.69481456847478,-0.23208369342534496,0.14888262064926716,2.8399562087222243
37.34,-16.838709677419356,2.9032258064516157,0.0,0.0,162.7164142940104,-0.23208362711422104,0.14888268284567208,2.8399563182081264
37.35,-16.838709677419356,2.9032258064516157,0.0,0.0,162.73801401961603,-0.23208356563533217,0.14888274008331992,2.83995641715589
37.36,-16.838709677419356,2.9032258064516157,0.0,0.0,162.7596137452929,-0.232083508667992,0.14888279273167293,2.8399565065073173
37.37,-16.838709677419356,2.9032258064516157,0.0,0.0,162.78121347104167,-0.23208345590983526,0.1488828411348887,2.839956587125138
37.38,-16.838709677419356,2.9032258064516157,0.0,0.0,162.8028131968623,-0.23208340707604602,0.1488828856133806,2.8399566597994443
37.39,-16.838709677419356,2.9032258064516157,0.0,0.0,162.8244129227543,-0.2320833618986362,0.14888292646524826,2.8399567252533258
37.4,-16.838709677419356,2.9032258064516157,0.0,0.0,162.8460126487168,-0.2320833201257102,0.148882963967653,2.839956784148167
37.41,-16.838709677419356,2.9032258064516157,0.0,0.0,162.8676123747485,-0.23208328152069324,0.14888299837815866,2.839956837088747
37.42,-16.838709677419356,2.9032258064516157,0.0,0.0,162.88921210084786,-0.23208324586163265,0.1488830299359476,2.839956884627628
37.43,-16.838709677419356,2.9032258064516157,0.0,0.0,162.91081182701313,-0.2320832129404582,0.14888305886301978,2.8399569272694865
37.44,-16.838709677419356,2.9032258064516157,0.0,0.0,162.93241155324236,-0.2320831825622789,0.14888308536530925,2.83995696547501
37.45,-16.838709677419356,2.9032258064516157,0.0,0.0,162.95401127953346,-0.23208315454470574,0.14888310963372897,2.8399569996644387
37.46,-16.838709677419356,2.9032258064516157,0.0,0.0,162.97561100588425,-0.2320831287171714,0.14888313184518198,2.8399570302209742
37.47,-16.838709677419356,2.9032258064516157,0.0,0.0,162.99721073229242,-0.23208310492028472,0.14888315216350034,2.8399570574938457
37.48,-16.838709677419356,2.9032258064516157,0.0,0.0,163.01881045875567,-0.23208308300522607,0.14888317074031043,2.8399570818010242
37.49,-16.838709677419356,2.9032258064516157,0.0,0.0,163.04041018527167,-0.2320830628331243,0.14888318771588915,2.8399571034319715
37.5,-16.838709677419356,2.9032258064516157,0.0,0.0,163.0620099118381,-0.2320830442744901,0.14888320321993675,2.8399571226499867
37.51,-16.838709677419356,2.9032258064516157,0.0,0.0,163.08360963845257,-0.2320830272086547,0.14888321737232169,2.8399571396944734
37.52,-16.838709677419356,2.9032258064516157,0.0,0.0,163.10520936511284,-0.23208301152326527,0.1488832302837445,2.8399571547828337
37.53,-16.838709677419356,2.9032258064516157,0.0,0.0,163.12680909181663,-0.23208299711374836,0.14888324205641934,2.8399571681125426
37.54,-16.838709677419356,2.9032258064516157,0.0,0.0,163.1484088185617,-0.23208298388285353,0.14888325278465409,2.8399571798627266
37.55,-16.838709677419356,2.9032258064516157,0.0,0.0,163.17000854534592,-0.23208297174018844,0.14888326255542683,2.8399571901958027
37.56,-16.838709677419356,2.9032258064516157,0.0,0.0,163.1916082721672,-0.23208296060179023,0.14888327144891034,2.8399571992589085
37.57,-16.838709677419356,2.9032258064516157,0.0,0.0,163.2132079990235,-0.23208295038969773,0.14888327953898206,2.8399572071853196
37.58,-16.838709677419356,2.9032258064516157,0.0,0.0,163.23480772591284,-0.23208294103158522,0.14888328689366692,2.839957214095562
37.59,-16.838709677419356,2.9032258064516157,0.0,0.0,163.25640745283337,-0.2320829324603837,0.14888329357557728,2.8399572200985945
37.6,-16.838709677419356,2.9032258064516157,0.0,0.0,163.27800717978326,-0.2320829246139282,0.14888329964232117,2.8399572252928666
37.61,-16.838709677419356,2.9032258064516157,0.0,0.0,163.29960690676077,-0.23208291743463927,0.14888330514686665,2.8399572297672084
37.62,-16.838709677419356,2.9032258064516157,0.0,0.0,163.32120663376426,-0.23208291086921085,0.14888331013789502,2.8399572336017216
37.63,-16.838709677419356,2.9032258064516157,0.0,0.0,163.34280636079217,-0.23208290486831884,0.14888331466012705,2.839957236868573
37.64,-16.838709677419356,2.9032258064516157,0.0,0.0,163.36440608784298,-0.23208289938634197,0.14888331875462846,2.839957239632747
37.65,-16.838709677419356,2.9032258064516157,0.0,-0.0,163.38600581491525,-0.23208289438111107,0.1488833224590863,2.8399572419526815
37.66,-16.838709677419356,2.9032258064516157,0.0,-0.0,163.40760554200762,-0.23208288981367264,0.14888332580806485,2.8399572438808423
37.67,-16.838709677419356,2.9032258064516157,0.0,-0.0,163.4292052691188,-0.23208288564805812,0.14888332883325206,2.8399572454643085
37.68,-16.838709677419356,2.9032258064516157,0.0,-0.0,163.4508049962476,-0.2320828818510705,0.1488833315636846,2.839957246745274
37.69,-16.838709677419356,2.9032258064516157,0.0,-0.0,163.47240472339283,-0.2320828783920741,0.14888333402597131,2.8399572477615975
37.7,-16.838709677419356,2.9032258064516157,0.0,-0.0,163.49400445055343,-0.23208287524284565,0.14888333624444539,2.839957248546992
37.71,-16.838709677419356,2.9032258064516157,0.0,-0.0,163.51560417772836,-0.23208287237735403,0.14888333824139388,2.839957249131695
37.72,-16.838709677419356,2.9032258064516157,0.0,-0.0,163.53720390491665,-0.23208286977163617,0.1488833400371834,2.8399572495425898
37.73,-16.838709677419356,2.9032258064516157,0.0,-0.0,163.5588036321174,-0.23208286740362594,0.1488833416504325,2.839957249803636
37.74,-16.838709677419356,2.9032258064516157,0.0,-0.0,163.58040335932972,-0.23208286525302046,0.14888334309814866,2.8399572499361314
37.75,-16.838709677419356,2.9032258064516157,0.0,-0.0,163.60200308655286,-0.23208286330114647,0.14888334439585915,2.839957249958975
37.76,-16.838709677419356,2.9032258064516157,0.0,-0.0,163.62360281378605,-0.23208286153083746,0.14888334555773286,2.8399572498889047
37.77,-16.838709677419356,2.9032258064516157,0.0,-0.0,163.64520254102857,-0.23208285992631295,0.1488833465967001,2.839957249740773
37.78,-16.838709677419356,2.9032258064516157,0.0,-0.0,163.66680226827975,-0.2320828584730934,0.14888334752453247,2.8399572495276018
37.79,-16.838709677419356,2.9032258064516157,0.0,-0.0,163.68840199553898,-0.2320828571578799,0.14888334835196237,2.8399572492609013
37.8,-16.838709677419356,2.9032258064516157,0.0,-0.0,163.71000172280569,-0.23208285596847622,0.1488833490887551,2.839957248950749
37.81,-16.838709677419356,2.9032258064516157,0.0,-0.0,163.73160145007932,-0.23208285489369374,0.1488833497438009,2.8399572486059914
37.82,-16.838709677419356,2.9032258064516157,0.0,-0.0,163.75320117735936,-0.23208285392327288,0.1488833503251873,2.8399572482343793
37.83,-16.838709677419356,2.9032258064516157,0.0,-0.0,163.77480090464536,-0.23208285304783516,0.14888335084024484,2.8399572478425417
37.84,-16.838709677419356,2.9032258064516157,0.0,-0.0,38.132694488345116,-0.23208285225876413,0.14888335129565966,2.8399572474363857
37.85,-16.838709677419356,2.9032258064516157,0.0,-0.0,163.81800035923345,-0.2320828515482054,0.1488833516974688,2.839957247020838
37.86,-16.838709677419356,2.9032258064516157,0.0,-0.0,163.83960008653477,-0.2320828509089483,0.14888335205117342,2.839957246600271
37.87,-16.838709677419356,2.9032258064516157,0.0,-0.0,163.86119981384044,-0.23208285033441367,0.148883352361748,2.839957246178358
37.88,-16.838709677419356,2.9032258064516157,0.0,-0.0,163.88279954115012,-0.23208284981858807,0.14888335263369834,2.8399572457582187
37.89,-16.838709677419356,2.9032258064516157,0.0,-0.0,163.90439926846352,-0.2320828493559859,0.14888335287109677,2.839957245342447
37.9,-16.838709677419356,2.9032258064516157,0.0,-0.0,163.92599899578036,-0.2320828489415916,0.14888335307763467,2.839957244933256
37.91,-16.838709677419356,2.9032258064516157,0.0,-0.0,163.94759872310036,-0.23208284857082928,0.14888335325664792,2.8399572445324766
37.92,-16.838709677419356,2.9032258064516157,0.0,-0.0,163.96919845042328,-0.23208284823953762,0.14888335341113834,2.839957244141542
37.93,-16.838709677419356,2.9032258064516157,0.0,-0.0,163.99079817774887,-0.23208284794390988,0.14888335354382787,2.839957243761677
37.94,-16.838709677419356,2.9032258064516157,0.0,-0.0,164.01239790507697,-0.2320828476804997,0.14888335365715066,2.839957243393732
37.95,-16.838709677419356,2.9032258064516157,0.0,-0.0,164.03399763240733,-0.23208284744614627,0.14888335375332162,2.8399572430384743
37.96,-16.838709677419356,2.9032258064516157,0.0,-0.0,164.0555973597398,-0.2320828472379941,0.14888335383431495,2.839957242696362
37.97,-16.838709677419356,2.9032258064516157,0.0,-0.0,164.07719708707418,-0.2320828470534333,0.14888335390191865,2.839957242367771
37.98,-16.838709677419356,2.9032258064516157,0.0,-0.0,164.09879681441035,-0.23208284689011238,0.14888335395771857,2.839957242052815
37.99,-16.838709677419356,2.9032258064516157,0.0,-0.0,164.12039654174814,-0.2320828467458731,0.14888335400315988,2.839957241751629
38.0,-16.838709677419356,2.9032258064516157,0.0,-0.0,164.14199626908743,-0.23208284661877654,0.1488833540395189,2.839957241464127
38.01,-16.838709677419356,4.06451612903226,0.0,-0.0,164.16382548417147,-0.22949381387380807,0.23697188106502381,2.8373268110486034
38.02,-16.838709677419356,4.06451612903226,0.0,-0.0,38.522139197188345,-0.2278194393402082,0.2270933792098871,2.8346585278136405
38.03,-16.838709677419356,4.06451612903226,0.0,-0.0,164.20802323645404,-0.22686745000234065,0.21846820118827498,2.8320141424099137
38.04,-16.838709677419356,4.06451612903226,0.0,-0.0,164.23033186094622,-0.22647995295418655,0.21093353185096259,2.829440090964545
38.05,-16.838709677419356,4.06451612903226,0.0,-0.0,164.2527483761479,-0.22652804803748738,0.204347259772178,2.8269702491190953
38.06,-16.838709677419356,4.06451612903226,0.0,-0.0,38.6115475704459,-0.2269070706698384,0.1985855822447567,2.8246283042118123
38.07,-16.838709677419356,4.06451612903226,0.0,-0.0,164.29783197859143,-0.2275324775405454,0.19354081953216,2.8224297726762484
38.08,-16.838709677419356,4.06451612903226,0.0,-0.0,38.6567637945171,-0.22833634066139163,0.18911944161736144,2.820383697235104
38.09,-16.838709677419356,4.06451612903226,0.0,-0.0,164.34315659548636,-0.22926439191470593,0.1852403000388177,2.818494060928606
38.1,-16.838709677419356,4.06451612903226,0.0,-0.0,38.702176681683504,-0.2302735514564116,0.1818330523696559,2.816760954636819
38.11,-16.838709677419356,4.06451612903226,0.0,-0.0,164.3886410677039,-0.23132987303572428,0.1788367648198112,2.815181532757837
38.12,-16.838709677419356,4.06451612903226,0.0,-0.0,164.41142507112926,-0.23240684358267782,0.17619867787249116,2.813750788824326
38.13,-16.838709677419356,4.06451612903226,0.0,-0.0,164.4342296755539,-0.23348398085494138,0.1738731200438553,2.8124621795433926
38.14,-16.838709677419356,4.06451612903226,0.0,-0.0,164.45705063089326,-0.23454568006970788,0.1718205553960302,2.8113081223354293
38.15,-16.838709677419356,4.06451612903226,0.0,-0.0,38.81617830100486,-0.23558026745459193,0.17000675115531044,2.8102803881220217
38.16,-16.838709677419356,4.06451612903226,0.0,-0.0,164.50272825402422,-0.23657922511184282,0.16840205260578506,2.8093704079984523
38.17,-16.838709677419356,4.06451612903226,0.0,-0.0,164.52557971967448,-0.23753655732370804,0.16698075330278123,2.8085695095900776
38.18,-16.838709677419356,4.06451612903226,0.0,-0.0,164.54843693594648,-0.2384482733923421,0.16572054955738275,2.807869096367371
38.19,-16.838709677419356,4.06451612903226,0.0,-0.0,164.57129835663343,-0.23931196633895402,0.1646020690648437,2.8072607809864376
38.2,-16.838709677419356,4.06451612903226,0.0,-0.0,164.59416273277552,-0.24012647035285029,0.16360846446930993,2.806736481818274
38.21,-16.838709677419356,4.06451612903226,0.0,-0.0,164.61702906087137,-0.24089158286353207,0.1627250635590895,2.8062884902083596
38.22,-16.838709677419356,4.06451612903226,0.0,-0.0,164.63989653976222,-0.24160783959040244,0.16193906865639646,2.805909514639936
38.23,-16.838709677419356,4.06451612903226,0.0,-0.0,164.6627645347698,-0.2422763329815827,0.16123929859103442,2.8055927068293864
38.24,-16.838709677419356,4.06451612903226,0.0,-0.0,164.68563254789618,-0.242898566154091,0.16061596741969247,2.8053316738303353
38.25,-16.838709677419356,4.06451612903226,0.0,-0.0,164.70850019308455,-0.24347633585119466,0.1600604947654493,2.805120479437422
38.26,-16.838709677419356,4.06451612903226,0.0,-0.0,164.73136717570236,-0.24401163908998247,0.15956534330198174,2.804953637532988
38.27,-16.838709677419356,4.06451612903226,0.0,-0.0,39.09052713195245,-0.2445065991248363,0.15912387949375567,2.8048260994917524
38.28,-16.838709677419356,4.06451612903226,0.0,-0.0,164.77709833276643,-0.24496340713687692,0.15873025422752057,2.8047332373255287
38.29,-16.838709677419356,4.06451612903226,0.0,-0.0,164.799962236263,-0.24538427670453045,0.15837930043503062,2.80467082389891
38.3,-16.838709677419356,4.06451612903226,0.0,-0.0,164.8228249140712,-0.24577140864068325,0.1580664452157275,2.804635011262681
38.31,-16.838709677419356,4.06451612903226,0.0,-0.0,164.8456863254654,-0.24612696421812919,0.15778763432512471,2.804622307920417
38.32,-16.838709677419356,4.06451612903226,0.0,-0.0,164.86854645445325,-0.24645304516320632,0.1575392672052251,2.8046295556590346
38.33,-16.838709677419356,4.06451612903226,0.0,-0.0,164.89140530443575,-0.24675167909212803,0.15731814100154645,2.804653906423789
38.34,-16.838709677419356,4.06451612903226,0.0,-0.0,164.91426289383315,-0.24702480930613646,0.15712140224271737,2.804692799600066
38.35,-16.838709677419356,4.06451612903226,0.0,-0.0,164.93711925251162,-0.24727428806057472,0.1569465050565298,2.804743939966942
38.36,-16.838709677419356,4.06451612903226,0.0,-0.0,39.29626827528096,-0.2475018725856568,0.1567911749662862,2.8048052765138585
38.37,-16.838709677419356,4.06451612903226,0.0,-0.0,164.9828284374916,-0.2477092232709901,0.156653377455441,2.80487498224945
38.38,-16.838709677419356,4.06451612903226,0.0,-0.0,165.00568135720917,-0.2478979035354345,0.15653129061185617,2.8049514350860747
38.39,-16.838709677419356,4.06451612903226,0.0,-0.0,165.02853322959814,-0.24806938099418563,0.1564232812672383,2.805033199845664
38.4,-16.838709677419356,4.06451612903226,0.0,-0.0,165.0513841077382,-0.24822502960870096,0.156327884136014,2.8051190114047855
38.41,-16.838709677419356,4.06451612903226,0.0,-0.0,165.07423404524533,-0.24836613256585127,0.15624378353265606,2.8052077589737667
38.42,-16.838709677419356,4.06451612903226,0.0,-0.0,165.09708309551002,-0.24849388568193853,0.15616979731020547,2.805298471490063
38.43,-16.838709677419356,4.06451612903226,0.0,-0.0,165.1199313111065,-0.2486094011681459,0.15610486271601615,2.805390304092113
38.44,-16.838709677419356,4.06451612903226,0.0,-0.0,165.14277874334246,-0.24871371162691824,0.15604802390625921,2.8054825256324305
38.45,-16.838709677419356,4.06451612903226,0.0,-0.0,165.16562544192263,-0.24880777417598043,0.15599842089890043,2.805574507182238
38.46,-16.838709677419356,4.06451612903226,0.0,-0.0,165.1884714547054,-0.24889247461874398,0.15595527977722884,2.805665711476347
38.47,-16.838709677419356,4.06451612903226,0.0,-0.0,165.21131682753463,-0.24896863159798333,0.15591790398320898,2.805755683244176
38.48,-16.838709677419356,4.06451612903226,0.0,-0.0,39.57045546054001,-0.24903700068401102,0.15588566656329378,2.8058440403735223
38.49,-16.838709677419356,4.06451612903226,0.0,-0.0,165.25700582603642,-0.24909827836085974,0.15585800324846172,2.805930465851538
38.5,-16.838709677419356,4.06451612903226,0.0,-0.0,39.61614338899388,-0.24915310588311113,0.1558344062672377,2.8060147004309295
38.51,-16.838709677419356,4.06451612903226,0.0,-0.0,39.63898661733125,-0.2492020729841684,0.15581441880405927,2.806096535968463
38.52,-16.838709677419356,4.06451612903226,0.0,-0.0,165.3255355460316,-0.24924572142259893,0.155797630027615,2.806175809386898
38.53,-16.838709677419356,4.06451612903226,0.0,-0.0,165.3483779207849,-0.24928454835845937,0.15578367062357057,2.8062523972118023
38.54,-16.838709677419356,4.06451612903226,0.0,-0.0,39.7075137724193,-0.2493190095551885,0.15577220877497067,2.8063262106385527
38.55,-16.838709677419356,4.06451612903226,0.0,-0.0,165.39406156056688,-0.24934952240588082,0.1557629465407992,2.806397191086516
38.56,-16.838709677419356,4.06451612903226,0.0,-0.0,165.41690288141933,-0.2493764687851654,0.15575561658947407,2.8064653061999745
38.57,-16.838709677419356,4.06451612903226,0.0,-0.0,165.43974390373043,-0.2494001977296456,0.15574997924954126,2.806530546258619
38.58,-16.838709677419356,4.06451612903226,0.0,-0.0,165.46258465094556,-0.24942102795151966,0.15574581984418517,2.8065929209613762
38.59,-16.838709677419356,4.06451612903226,0.0,-0.0,165.4854251448822,-0.24943925019065705,0.15574294628053026,2.8066524565520288
38.6,-16.838709677419356,4.06451612903226,0.0,-0.0,165.50826540581872,-0.24945512941155523,0.15574118686771687,2.8067091932550494
38.61,-16.838709677419356,4.06451612903226,0.0,-0.0,165.53110545258176,-0.24946890685180434,0.15574038834099746,2.8067631829940414
38.62,-16.838709677419356,4.06451612903226,0.0,-0.0,39.89023915904004,-0.24948080192908972,0.155740414071581,2.8068144873668306
38.63,-16.838709677419356,4.06451612903226,0.0,-0.0,165.57678497214619,-0.2494910140140576,0.1557411424440452,2.806863175852463
38.64,-16.838709677419356,4.06451612903226,0.0,-0.0,165.5996244760995,-0.2494997240761312,0.15574246538536712,2.8069093242289216
38.65,-16.838709677419356,4.06451612903226,0.0,-0.0,165.6224638283403,-0.24950709620956957,0.15574428703106769,2.8069530131806317
38.66,-16.838709677419356,4.06451612903226,0.0,-0.0,165.64530304166487,-0.24951327904683596,0.15574652251556126,2.806994327077164
38.67,-16.838709677419356,4.06451612903226,0.0,-0.0,165.6681421278875,-0.24951840706610984,0.15574909687516258,2.8070333529062865
38.68,-16.838709677419356,4.06451612903226,0.0,-0.0,165.69098109790696,-0.24952260179959174,0.15575194405333964,2.8070701793458976
38.69,-16.838709677419356,4.06451612903226,0.0,-0.0,165.71381996176973,-0.24952597294912926,0.15575500599868725,2.807104895959891
38.7,-16.838709677419356,4.06451612903226,0.0,-0.0,40.07295258513789,-0.24952861941512294,0.15575823184730847,2.807137592505992
38.71,-16.838709677419356,4.06451612903226,0.0,-0.0,165.75949740730397,-0.24953063024472621,0.15576157718177258,2.8071683583428535
38.72,-16.838709677419356,4.06451612903226,0.0,-0.0,165.78233600532653,-0.24953208550480221,0.15576500335979038,2.807197281926224
38.73,-16.838709677419356,4.06451612903226,0.0,-0.0,165.80517452999717,-0.24953305708494988,0.155768476906258,2.807224450384177
38.74,-16.838709677419356,4.06451612903226,0.0,-0.0,165.82801298792842,-0.2495336094355527,0.15577196896297918,2.8072499491627414
38.75,-16.838709677419356,4.06451612903226,0.0,-0.0,165.8508513851891,-0.24953380024558536,0.1557754547908119,2.8072738617336337
38.76,-16.838709677419356,4.06451612903226,0.0,-0.0,165.873689727345,-0.2495336810645088,0.1557789133195978,2.8072962693573627
38.77,-16.838709677419356,4.06451612903226,0.0,-0.0,165.89652801949714,-0.2495332978725031,0.1557823267414587,2.80731725089452
38.78,-16.838709677419356,4.06451612903226,0.0,-0.0,165.91936626631704,-0.24953269160281266,0.15578568014364308,2.8073368826599956
38.79,-16.838709677419356,4.06451612903226,0.0,-0.0,165.94220447208,-0.24953189861990932,0.15578896117727603,2.807355238314358
38.8,-16.838709677419356,4.06451612903226,0.0,-0.0,165.96504264069577,-0.24953095115681645,0.15579215975880045,2.8073723887879183
38.81,-16.838709677419356,4.06451612903226,0.0,-0.0,165.9878807757373,-0.24952987771478297,0.1557952678011078,2.807388402233026
38.82,-16.838709677419356,4.06451612903226,0.0,-0.0,40.34701273687548,-0.2495287034282332,0.1557982789716763,2.8074033440009045
38.83,-16.838709677419356,4.06451612903226,0.0,-0.0,166.03355695786257,-0.24952745039775515,0.15580118847521157,2.80741727663944
38.84,-16.838709677419356,4.06451612903226,0.0,-0.0,40.3926888670461,-0.24952613799366397,0.15580399285855145,2.8074302599089576
38.85,-16.838709677419356,4.06451612903226,0.0,-0.0,166.07923304126595,-0.2495247831324776,0.15580668983579887,2.8074423508133948
38.86,-16.838709677419356,4.06451612903226,0.0,-0.0,166.10207105199817,-0.24952340052856892,0.15580927813173828,2.8074536036440745
38.87,-16.838709677419356,4.06451612903226,0.0,-0.0,166.12490904488212,-0.2495220029229488,0.15581175734189395,2.807464070034346
38.88,-16.838709677419356,4.06451612903226,0.0,-0.0,166.1477470217787,-0.24952060129112352,0.15581412780760956,2.8074737990228686
38.89,-16.838709677419356,4.06451612903226,0.0,-0.0,166.17058498437765,-0.24951920503172587,0.15581639050476292,2.807482837124098
38.9,-16.838709677419356,4.06451612903226,0.0,-0.0,166.1934229342118,-0.24951782213756712,0.15581854694477731,2.807491228404263
38.91,-16.838709677419356,4.06451612903226,0.0,-0.0,166.21626087267046,-0.24951645935056455,0.15582059908677454,2.8074990145617416
38.92,-16.838709677419356,4.06451612903226,0.0,-0.0,166.23909880101155,-0.24951512230194584,0.15582254925976474,2.807506235010541
38.93,-16.838709677419356,4.06451612903226,0.0,-0.0,40.598230576781184,-0.2495138156389607,0.15582440009391557,2.8075129269660617
38.94,-16.838709677419356,4.06451612903226,0.0,-0.0,166.2847746317827,-0.2495125431393206,0.15582615445995845,2.8075191255320138
38.95,-16.838709677419356,4.06451612903226,0.0,-0.0,166.30761253616888,-0.24951130781436026,0.1558278154159895,2.807524863788181
38.96,-16.838709677419356,4.06451612903226,0.0,-0.0,166.33045043436803,-0.24951011200202577,0.155829386160813,2.8075301728777435
38.97,-16.838709677419356,4.06451612903226,0.0,-0.0,166.35328832713353,-0.2495089574504641,0.15583086999328155,2.8075350820943794
38.98,-16.838709677419356,4.06451612903226,0.0,-0.0,166.3761262151428,-0.2495078453931403,0.15583227027693358,2.8075396189681685
38.99,-16.838709677419356,4.06451612903226,0.0,-0.0,166.39896409900427,-0.24950677661625797,0.1558335904093594,2.807543809349848
39.0,-16.838709677419356,4.06451612903226,0.0,-0.0,166.42180197926365,-0.2495057515190955,0.15583483379588858,2.8075476774936585
39.01,-16.838709677419356,4.06451612903226,0.0,-0.0,166.44463985640948,-0.249504770167992,0.15583600382704538,2.8075512461379764
39.02,-16.838709677419356,4.06451612903226,0.0,-0.0,40.80377158728685,-0.2495038323445682,0.1558371038593716,2.8075545365835746
39.03,-16.838709677419356,4.06451612903226,0.0,-0.0,166.49031560306082,-0.2495029375886617,0.15583813719929857,2.8075575687697
39.04,-16.838709677419356,4.06451612903226,0.0,-0.0,166.5131534733035,-0.24950208523652506,0.15583910708968085,2.807560361347543
39.05,-16.838709677419356,4.06451612903226,0.0,-0.0,166.53599134191538,-0.2495012744547216,0.15584001669869868,2.8075629317510926
39.06,-16.838709677419356,4.06451612903226,0.0,-0.0,166.55882920917034,-0.24950050427016013,0.1558408691108349,2.807565296265201
39.07,-16.838709677419356,4.06451612903226,0.0,-0.0,166.58166707531086,-0.2494997735966087,0.15584166731970378,2.8075674700909903
39.08,-16.838709677419356,4.06451612903226,0.0,-0.0,40.94079879695925,-0.24949908125802933,0.15584241422252093,2.807569467408636
39.09,-16.838709677419356,4.06451612903226,0.0,-0.0,166.62734280507917,-0.24949842600910532,0.15584311261594996,2.8075713014372052
39.1,-16.838709677419356,4.06451612903226,0.0,-0.0,166.65018066906077,-0.24949780655316567,0.15584376519322907,2.807572984492031
39.11,-16.838709677419356,4.06451612903226,0.0,-0.0,166.6730185326405,-0.24949722155787257,0.1558443745423091,2.807574528039053
39.12,-16.838709677419356,4.06451612903226,0.0,-0.0,166.69585639594445,-0.24949666966878237,0.1558449431449862,2.8075759427469196
39.13,-16.838709677419356,4.06451612903226,0.0,-0.0,166.71869425908199,-0.24949614952108234,0.15584547337680932,2.8075772385363837
39.14,-16.838709677419356,4.06451612903226,0.0,-0.0,166.7415321221476,-0.24949565974971621,0.1558459675076342,2.807578424626981
39.15,-16.838709677419356,4.06451612903226,0.0,-0.0,166.76436998522237,-0.24949519899797812,0.15584642770281176,2.8075795095816063
39.16,-16.838709677419356,4.06451612903226,0.0,-0.0,166.78720784837554,-0.2494947659248341,0.15584685602482795,2.8075805013485122
39.17,-16.838709677419356,4.06451612903226,0.0,-0.0,166.81004571166574,-0.249494359211069,0.1558472544353549,2.8075814073010736
39.18,-16.838709677419356,4.06451612903226,0.0,-0.0,166.83288357514215,-0.24949397756438252,0.15584762479765374,2.807582234275454
39.19,-16.838709677419356,4.06451612903226,0.0,-0.0,166.8557214388456,-0.24949361972358863,0.15584796887922808,2.8075829886060553
39.2,-16.838709677419356,4.06451612903226,0.0,-0.0,166.87855930280955,-0.24949328446201813,0.15584828835467845,2.807583676158865
39.21,-16.838709677419356,4.06451612903226,0.0,-0.0,166.90139716706094,-0.24949297059016073,0.15584858480877256,2.8075843023631606
39.22,-16.838709677419356,4.06451612903226,0.0,-0.0,166.92423503162092,-0.24949267695773925,0.15584885973957813,2.8075848722410206
39.23,-16.838709677419356,4.06451612903226,0.0,-0.0,166.94707289650566,-0.2494924024552081,0.1558491145617117,2.807585390435245
39.24,-16.838709677419356,4.06451612903226,0.0,-0.0,166.9699107617269,-0.24949214601478298,0.155849350609628,2.8075858612355398
39.25,-16.838709677419356,4.06451612903226,0.0,-0.0,166.9927486272926,-0.2494919066110486,0.15584956914094616,2.807586288603155
39.26,-16.838709677419356,4.06451612903226,0.0,-0.0,167.0155864932073,-0.24949168326121773,0.15584977133976285,2.80758667619395
39.27,-16.838709677419356,4.06451612903226,0.0,-0.0,167.03842435947277,-0.24949147502509939,0.1558499583199316,2.807587027379928
39.28,-16.838709677419356,4.06451612903226,0.0,-0.0,167.06126222608827,-0.2494912810047787,0.1558501311283274,2.8075873452695466
39.29,-16.838709677419356,4.06451612903226,0.0,-0.0,167.08410009305098,-0.24949110034408184,0.15585029074805418,2.8075876327267024
39.3,-16.838709677419356,4.06451612903226,0.0,-0.0,167.1069379603563,-0.24949093222788354,0.1558504381015562,2.8075878923883253
39.31,-16.838709677419356,4.06451612903226,0.0,-0.0,167.12977582799817,-0.2494907758812166,0.1558505740536975,2.8075881266810656
39.32,-16.838709677419356,4.06451612903226,0.0,-0.0,167.15261369596928,-0.24949063056829313,0.15585069941472007,2.8075883378366666
39.33,-16.838709677419356,4.06451612903226,0.0,-0.0,167.17545156426132,-0.24949049559140524,0.15585081494313002,2.8075885279064203
39.34,-16.838709677419356,4.06451612903226,0.0,-0.0,167.19828943286518,-0.24949037028974574,0.15585092134848938,2.807588698774652
39.35,-16.838709677419356,4.06451612903226,0.0,-0.0,167.22112730177113,-0.24949025403818736,0.15585101929408895,2.80758885217118
39.36,-16.838709677419356,4.06451612903226,0.0,-0.0,167.24396517096892,-0.2494901462459782,0.1558511093995596,2.8075889896831443
39.37,-16.838709677419356,4.06451612903226,0.0,-0.0,167.26680304044802,-0.249490046355475,0.15585119224331323,2.807589112765634
39.38,-16.838709677419356,4.06451612903226,0.0,-0.0,167.28964091019765,-0.24948995384076866,0.1558512683649712,2.8075892227520933
39.39,-16.838709677419356,4.06451612903226,0.0,-0.0,167.31247878020687,-0.2494898682063882,0.15585133826760428,2.8075893208635114
39.4,-16.838709677419356,4.06451612903226,0.0,-0.0,167.33531665046473,-0.24948978898595708,0.15585140241992235,2.8075894082172566
39.41,-16.838709677419356,4.06451612903226,0.0,-0.0,167.35815452096034,-0.24948971574089085,0.15585146125832927,2.807589485835091
39.42,-16.838709677419356,4.06451612903226,0.0,-0.0,167.38099239168287,-0.2494896480590718,0.15585151518892287,2.8075895546508587
39.43,-16.838709677419356,4.06451612903226,0.0,-0.0,167.40383026262163,-0.24948958555359302,0.1558515645893484,2.8075896155173417
39.44,-16.838709677419356,4.06451612903226,0.0,-0.0,167.42666813376619,-0.24948952786151635,0.15585160981057194,2.8075896692126965
39.45,-16.838709677419356,4.06451612903226,0.0,-0.0,167.44950600510631,-0.24948947464262905,0.15585165117859662,2.8075897164466124
39.46,-16.838709677419356,4.06451612903226,0.0,-0.0,167.472343876632,-0.2494894255782758,0.15585168899604457,2.807589757865767
39.47,-16.838709677419356,4.06451612903226,0.0,-0.0,167.49518174833364,-0.24948938037023494,0.15585172354364796,2.8075897940588472
39.48,-16.838709677419356,4.06451612903226,0.0,-0.0,41.85431347661008,-0.24948933873957047,0.15585175508172178,2.8075898255615495
39.49,-16.838709677419356,4.06451612903226,0.0,-0.0,167.54085749222747,-0.24948930042559625,0.15585178385147924,2.8075898528607826
39.5,-16.838709677419356,4.06451612903226,0.0,-0.0,167.56369536440192,-0.2494892651848486,0.155851810076308,2.807589876398746
39.51,-16.838709677419356,4.06451612903226,0.0,0.0,41.922827093125015,-0.24948923279008284,0.15585183396298657,2.8075898965767885
39.52,-16.838709677419356,4.06451612903226,0.0,0.0,41.9456649655722,-0.24948920302936473,0.1558518557027791,2.807589913758665
39.53,-16.838709677419356,4.06451612903226,0.0,0.0,167.6322089817358,-0.24948917570514073,0.15585187547252521,2.807589928273899
39.54,-16.838709677419356,4.06451612903226,0.0,0.0,167.65504685442497,-0.24948915063337762,0.15585189343563616,2.807589940420718
39.55,-16.838709677419356,4.06451612903226,0.0,0.0,167.6778847272244,-0.2494891276427711,0.1558519097430029,2.8075899504686
39.56,-16.838709677419356,4.06451612903226,0.0,0.0,167.70072260012745,-0.24948910657394552,0.15585192453389451,2.8075899586608872
39.57,-16.838709677419356,4.06451612903226,0.0,0.0,167.72356047312772,-0.24948908727871322,0.15585193793678015,2.8075899652170713
39.58,-16.838709677419356,4.06451612903226,0.0,0.0,167.7463983462192,-0.24948906961938255,0.155851950070088,2.8075899703348433
39.59,-16.838709677419356,4.06451612903226,0.0,0.0,167.7692362193961,-0.2494890534680716,0.15585196104294663,2.8075899741921395
39.6,-16.838709677419356,4.06451612903226,0.0,0.0,167.79207409265305,-0.24948903870611217,0.1558519709558241,2.807589976948723
39.61,-16.838709677419356,4.06451612903226,0.0,0.0,167.81491196598486,-0.24948902522341054,0.1558519799012021,2.8075899787480667
39.62,-16.838709677419356,4.06451612903226,0.0,0.0,167.83774983938667,-0.24948901291792192,0.15585198796412392,2.807589979718623
39.63,-16.838709677419356,4.06451612903226,0.0,0.0,167.8605877128539,-0.2494890016950999,0.15585199522276494,2.807589979975311
39.64,-16.838709677419356,4.06451612903226,0.0,0.0,167.88342558638223,-0.249488991467391,0.1558520017489478,2.8075899796207984
39.65,-16.838709677419356,4.06451612903226,0.0,0.0,167.90626345996753,-0.24948898215377735,0.155852007608606,2.807589978746569
39.66,-16.838709677419356,4.06451612903226,0.0,0.0,167.92910133360598,-0.24948897367932688,0.15585201286223277,2.8075899774340014
39.67,-16.838709677419356,4.06451612903226,0.0,0.0,167.95193920729398,-0.24948896597477233,0.15585201756529998,2.8075899757553624
39.68,-16.838709677419356,4.06451612903226,0.0,0.0,167.9747770810281,-0.249488958976118,0.155852021768643,2.8075899737746832
39.69,-16.838709677419356,4.06451612903226,0.0,0.0,167.99761495480513,-0.24948895262427717,0.1558520255188145,2.8075899715485364
39.7,-16.838709677419356,4.06451612903226,0.0,0.0,168.0204528286221,-0.2494889468647319,0.15585202885841104,2.807589969126738
39.71,-16.838709677419356,4.06451612903226,0.0,0.0,168.0432907024762,-0.24948894164719881,0.15585203182639262,2.8075899665530737
39.72,-16.838709677419356,4.06451612903226,0.0,0.0,168.0661285763648,-0.24948893692531815,0.1558520344583783,2.8075899638659636
39.73,-16.838709677419356,4.06451612903226,0.0,0.0,168.08896645028543,-0.2494889326564036,0.15585203678687892,2.8075899610988158
39.74,-16.838709677419356,4.06451612903226,0.0,0.0,168.11180432423575,-0.24948892880113727,0.15585203884158194,2.8075899582807597
39.75,-16.838709677419356,4.06451612903226,0.0,0.0,168.1346421982136,-0.24948892532335343,0.1558520406495506,2.8075899554369306
39.76,-16.838709677419356,4.06451612903226,0.0,0.0,168.15748007221703,-0.24948892218979668,0.15585204223544485,2.807589952588945
39.77,-16.838709677419356,4.06451612903226,0.0,0.0,168.1803179462441,-0.24948891936989037,0.15585204362173344,2.807589949755362
39.78,-16.838709677419356,4.06451612903226,0.0,0.0,168.20315582029306,-0.24948891683556673,0.15585204482884274,2.8075899469518517
39.79,-16.838709677419356,4.06451612903226,0.0,0.0,168.2259936943623,-0.2494889145610486,0.15585204587535556,2.8075899441916805
39.8,-16.838709677419356,4.06451612903226,0.0,0.0,168.24883156845027,-0.24948891252269512,0.15585204677814524,2.807589941485873
39.81,-16.838709677419356,4.06451612903226,0.0,0.0,168.27166944255558,-0.24948891069883983,0.1558520475525187,2.8075899388434666
39.82,-16.838709677419356,4.06451612903226,0.0,0.0,168.29450731667686,-0.2494889090696133,0.15585204821237197,2.807589936271883
39.83,-16.838709677419356,4.06451612903226,0.0,0.0,168.31734519081292,-0.2494889076168485,0.15585204877026843,2.807589933776875
39.84,-16.838709677419356,4.06451612903226,0.0,0.0,42.676476921370856,-0.24948890632389986,0.15585204923759938,2.8075899313630037
39.85,-16.838709677419356,4.06451612903226,0.0,0.0,168.36302093912482,-0.2494889051755631,0.15585204962464633,2.807589929033561
39.86,-16.838709677419356,4.06451612903226,0.0,0.0,168.38585881329865,-0.24948890415794045,0.1558520499406998,2.807589926790858
39.87,-16.838709677419356,4.06451612903226,0.0,0.0,168.40869668748314,-0.24948890325833406,0.15585205019414683,2.807589924636367
39.88,-16.838709677419356,4.06451612903226,0.0,0.0,168.43153456167744,-0.2494889024651683,0.1558520503925344,2.8075899225707364
39.89,-16.838709677419356,4.06451612903226,0.0,0.0,168.45437243588077,-0.24948890176788896,0.15585205054265178,2.807589920593954
39.9,-16.838709677419356,4.06451612903226,0.0,0.0,168.4772103100924,-0.24948890115687283,0.15585205065060936,2.8075899187055007
39.91,-16.838709677419356,4.06451612903226,0.0,0.0,168.50004818431165,-0.24948890062336404,0.15585205072188502,2.807589916904349
39.92,-16.838709677419356,4.06451612903226,0.0,0.0,42.85917991494619,-0.24948890015940361,0.1558520507613817,2.8075899151890407
39.93,-16.838709677419356,4.06451612903226,0.0,0.0,168.5457239327706,-0.24948889975774424,0.15585205077349956,2.807589913557868
39.94,-16.838709677419356,4.06451612903226,0.0,0.0,168.5685618070092,-0.24948889941181496,0.15585205076215936,2.807589912008789
39.95,-16.838709677419356,4.06451612903226,0.0,0.0,168.59139968125316,-0.24948889911565453,0.15585205073085523,2.8075899105395394
39.96,-16.838709677419356,4.06451612903226,0.0,0.0,168.61423755550211,-0.2494888988638606,0.15585205068269603,2.8075899091476795
39.97,-16.838709677419356,4.06451612903226,0.0,0.0,168.63707542975558,-0.24948889865152646,0.15585205062045648,2.8075899078307174
39.98,-16.838709677419356,4.06451612903226,0.0,0.0,168.6599133040132,-0.24948889847423272,0.15585205054657586,2.807589906585948
39.99,-16.838709677419356,4.06451612903226,0.0,0.0,43.01904503468287,-0.24948889832797194,0.1558520504632237,2.807589905410684
40.0,-16.838709677419356,4.06451612903226,0.0,0.0,168.70558905253947,-0.24948889820913678,0.1558520503723026,2.8075899043021355
40.01,-16.838709677419356,5.225806451612904,0.0,0.0,168.72864740862926,-0.24701555667932573,0.24437064492438637,2.8046222743960314
40.02,-16.838709677419356,5.225806451612904,0.0,0.0,168.75189058542827,-0.2453737654642958,0.234812301160933,2.8016599136600506
40.03,-16.838709677419356,5.225806451612904,0.0,0.0,168.77528836724625,-0.24439768521703975,0.22641931725937053,2.798756444480749
40.04,-16.838709677419356,5.225806451612904,0.0,0.0,168.79881519860874,-0.24394954396928514,0.21904705610975445,2.7959521955339004
40.05,-16.838709677419356,5.225806451612904,0.0,0.0,168.82244950146207,-0.24391547034410221,0.212568357387922,2.7932764871543596
40.06,-16.838709677419356,5.225806451612904,0.0,0.0,168.8461730848503,-0.2442017935955325,0.206871633721953,2.7907496240780576
40.07,-16.838709677419356,5.225806451612904,0.0,0.0,168.86997063675244,-0.24473181557178125,0.201859119803448,2.7883846116873987
40.08,-16.838709677419356,5.225806451612904,0.0,0.0,168.89382928811008,-0.24544303038086923,0.19744527799131323,2.786188618231832
40.09,-16.838709677419356,5.225806451612904,0.0,0.0,168.9177382397857,-0.2462847524583509,0.1935553566447028,2.78416420841018
40.1,-16.838709677419356,5.225806451612904,0.0,0.0,168.94168844406568,-0.24721610759094337,0.1901240936872522,2.78231037448771
40.11,-16.838709677419356,5.225806451612904,0.0,0.0,43.30196618964586,-0.24820434069691544,0.18709455612958237,2.780623390551223
40.12,-16.838709677419356,5.225806451612904,0.0,0.0,168.98968358866037,-0.24922339647152403,0.18441710555287255,2.7790975140771446
40.13,-16.838709677419356,5.225806451612904,0.0,0.0,169.01371694457427,-0.25025273287264294,0.1820484793897854,2.777725557045166
40.14,-16.838709677419356,5.225806451612904,0.0,0.0,169.0377680216495,-0.25127633191274845,0.1799509779732762,2.776499346624991
40.15,-16.838709677419356,5.225806451612904,0.0,0.0,169.06183318594378,-0.25228187678343383,0.17809174762882196,2.7754100931722987
40.16,-16.838709677419356,5.225806451612904,0.0,0.0,169.0859094295327,-0.2532600686585098,0.1764421504976687,2.774448681019539
40.17,-16.838709677419356,5.225806451612904,0.0,0.0,169.1099942695976,-0.25420406044908495,0.17497721226426383,2.773605895419485
40.18,-16.838709677419356,5.225806451612904,0.0,0.0,169.13408566320956,-0.25510898826068895,0.17367513949995939,2.7728725970470802
40.19,-16.838709677419356,5.225806451612904,0.0,0.0,169.15818193544402,-0.2559715843263948,0.17251689891060357,2.7722398537096336
40.2,-16.838709677419356,5.225806451612904,0.0,0.0,169.18228171880185,-0.2567898577869627,0.1714858513739686,2.771699037369392
40.21,-16.838709677419356,5.225806451612904,0.0,0.0,169.20638390220918,-0.2575628319007648,0.1705674342593359,2.77124189323715
40.22,-16.838709677419356,5.225806451612904,0.0,0.0,169.2304875881231,-0.2582903281379969,0.16974888612332467,2.770860586539898
40.23,-16.838709677419356,5.225806451612904,0.0,0.0,43.59088591289758,-0.25897278919040323,0.169019008462013,2.7705477315835854
40.24,-16.838709677419356,5.225806451612904,0.0,0.0,169.27869673448657,-0.25961113425208415,0.16836795975979613,2.7702964069021734
40.25,-16.838709677419356,5.225806451612904,0.0,0.0,169.30280117115333,-0.26020664103600444,0.167787077603898,2.770100159591055
40.26,-16.838709677419356,5.225806451612904,0.0,0.0,169.32690501613027,-0.26076084991875437,0.16726872512419522,2.7699530013427127
40.27,-16.838709677419356,5.225806451612904,0.0,0.0,169.35100800186947,-0.2612754863804776,0.1668061584693904,2.7698493982247787
40.28,-16.838709677419356,5.225806451612904,0.0,0.0,169.37510992876142,-0.2617523985533561,0.1663934124403339,2.769784255843722
40.29,-16.838709677419356,5.225806451612904,0.0,0.0,169.39921065271594,-0.2621935072307058,0.16602520177051694,2.7697529012121356
40.3,-16.838709677419356,5.225806451612904,0.0,0.0,169.4233100748056,-0.2626007661374601,0.1656968358735471,2.7697510623709904
40.31,-16.838709677419356,5.225806451612904,0.0,0.0,169.44740813264124,-0.2629761306365337,0.16540414516977942,2.769774846599751
40.32,-16.838709677419356,5.225806451612904,0.0,0.0,169.4715047932011,-0.2633215333565535,0.16514341736194,2.769820717869253
40.33,-16.838709677419356,5.225806451612904,0.0,0.0,169.4956000468794,-0.26363886548512183,0.16491134225547133,2.769885474047873
40.34,-16.838709677419356,5.225806451612904,0.0,0.0,169.51969390255664,-0.2639299626870111,0.16470496391626177,2.7699662242539675
40.35,-16.838709677419356,5.225806451612904,0.0,0.0,169.54378638352577,-0.2641965947856213,0.1645216391294867,2.7700603666525887
40.36,-16.838709677419356,5.225806451612904,0.0,0.0,169.56787752413433,-0.26444045849472264,0.16435900127139785,2.7701655669183234
40.37,-16.838709677419356,5.225806451612904,0.0,0.0,169.59196736702543,-0.264663172611179,0.16421492883354322,2.7702797375242807
40.38,-16.838709677419356,5.225806451612904,0.0,0.0,169.6160559608788,-0.26486627518202965,0.16408751794880516,2.7704010179683216
40.39,-16.838709677419356,5.225806451612904,0.0,0.0,169.6401433585692,-0.2650512222446033,0.1639750583629524,2.770527756008579
40.4,-16.838709677419356,5.225806451612904,0.0,0.0,169.6642296156725,-0.26521938780923526,0.1638760123761443,2.7706584899492395
40.41,-16.838709677419356,5.225806451612904,-0.0,-0.0,169.68831478926134,-0.26537206481288855,0.16378899634797828,2.7707919319937835
40.42,-16.838709677419356,5.225806451612904,-0.0,-0.0,169.7123989369413,-0.2655104668209738,0.1637127644184866,2.770926952663063
40.43,-16.838709677419356,5.225806451612904,-0.0,-0.0,169.73648211608656,-0.2656357302948873,0.16364619414807047,2.771062566262691
40.44,-16.838709677419356,5.225806451612904,-0.0,-0.0,169.7605643832408,-0.2657489172766192,0.16358827382199786,2.771197917371972
40.45,-16.838709677419356,5.225806451612904,-0.0,-0.0,169.78464579365456,-0.2658510183694933,0.16353809120172064,2.771332268319131
40.46,-16.838709677419356,5.225806451612904,-0.0,-0.0,44.14502025734321,-0.265942955917039,0.16349482353648598,2.7714649876026405
40.47,-16.838709677419356,5.225806451612904,-0.0,-0.0,169.83280625678756,-0.26602558730132997,0.163457728674906,2.771595539212932
40.48,-16.838709677419356,5.225806451612904,-0.0,-0.0,169.8568854108339,-0.26609970829753227,0.16342613713904242,2.771723472808501
40.49,-16.838709677419356,5.225806451612904,-0.0,-0.0,169.88096391049015,-0.2661660564347337,0.16339944504242937,2.7718484146973177
40.5,-16.838709677419356,5.225806451612904,-0.0,-0.0,169.90504180089562,-0.26622531432361174,0.16337710775003372,2.7719700595755468
40.51,-16.838709677419356,5.225806451612904,-0.0,-0.0,169.9291191248813,-0.2662781129204501,0.16335863419194818,2.772088162975245
40.52,-16.838709677419356,5.225806451612904,-0.0,-0.0,44.289489779378464,-0.266325034704171,0.1633435817545869,2.7722025343741787
40.53,-16.838709677419356,5.225806451612904,-0.0,-0.0,169.97727223340274,-0.2663666167490819,0.16333155168317143,2.7723130309216724
40.54,-16.838709677419356,5.225806451612904,-0.0,-0.0,170.00134809218204,-0.26640335368074775,0.1633221849381124,2.772419551736852
40.55,-16.838709677419356,5.225806451612904,-0.0,-0.0,170.0254235331339,-0.2664357005064488,0.1633151584551749,2.772522032736859
40.56,-16.838709677419356,5.225806451612904,-0.0,-0.0,170.0494985879782,-0.26646407531480465,0.1633101817657428,2.772620441955031
40.57,-16.838709677419356,5.225806451612904,-0.0,-0.0,170.0735732864083,-0.2664888618417267,0.16330699393892584,2.7727147753110355
40.58,-16.838709677419356,5.225806451612904,-0.0,-0.0,170.09764765617615,-0.2665104119019528,0.163305360811901,2.772805052796861
40.59,-16.838709677419356,5.225806451612904,-0.0,-0.0,170.12172172318077,-0.26652904768691843,0.1633050724790317,2.7728913150454026
40.6,-16.838709677419356,5.225806451612904,-0.0,-0.0,170.14579551155867,-0.2665450639311686,0.1633059410136175,2.7729736202494744
40.61,-16.838709677419356,5.225806451612904,-0.0,-0.0,170.16986904377478,-0.2665587299503456,0.163307798399285,2.7730520414020208
40.62,-16.838709677419356,5.225806451612904,-0.0,-0.0,170.19394234071274,-0.2665702915545918,0.16331049465057818,2.7731266638299275
40.63,-16.838709677419356,5.225806451612904,-0.0,-0.0,170.21801542176388,-0.2665799728417704,0.16331389610456298,2.7731975829956936
40.64,-16.838709677419356,5.225806451612904,-0.0,-0.0,170.2420883049141,-0.2665879778752458,0.16331788386727802,2.773264902543335
40.65,-16.838709677419356,5.225806451612904,-0.0,-0.0,170.26616100682818,-0.2665944922512826,0.1633223524005274,2.773328732566268
40.66,-16.838709677419356,5.225806451612904,-0.0,-0.0,170.29023354293128,-0.26659968456119354,0.1633272082361094,2.7733891880771133
40.67,-16.838709677419356,5.225806451612904,-0.0,-0.0,170.31430592748714,-0.26660370775355013,0.16333236880577123,2.773446387660171
40.68,-16.838709677419356,5.225806451612904,-0.0,-0.0,170.33837817367308,-0.2666067004015993,0.16333776137652334,2.773500452289824
40.69,-16.838709677419356,5.225806451612904,-0.0,-0.0,170.36245029365134,-0.26660878788115294,0.1633433220817982,2.773551504298464
40.7,-16.838709677419356,5.225806451612904,-0.0,-0.0,170.38652229863717,-0.26661008346403037,0.16334899503993255,2.7735996664793228
40.71,-16.838709677419356,5.225806451612904,-0.0,-0.0,170.41059419896325,-0.2666106893319289,0.16335473155234514,2.7736450613112624
40.72,-16.838709677419356,5.225806451612904,-0.0,-0.0,170.43466600414072,-0.26661069751564637,0.1633604893742892,2.7736878102924956
40.73,-16.838709677419356,5.225806451612904,-0.0,-0.0,170.4587377229168,-0.2666101907641576,0.16336623205196127,2.7737280333727212
40.74,-16.838709677419356,5.225806451612904,-0.0,-0.0,170.48280936332895,-0.2666092433480689,0.16337192832010966,2.7737658484729213
40.75,-16.838709677419356,5.225806451612904,-0.0,-0.0,170.50688093275616,-0.266607921801703,0.16337755155487954,2.773801371083402
40.76,-16.838709677419356,5.225806451612904,-0.0,-0.0,170.53095243796673,-0.266606285607772,0.16338307927720364,2.773834713932099
40.77,-16.838709677419356,5.225806451612904,-0.0,-0.0,170.55502388516334,-0.2666043878285884,0.16338849270225342,2.773865986714734
40.78,-16.838709677419356,5.225806451612904,-0.0,-0.0,170.57909528002517,-0.26660227568742223,0.16339377633101754,2.7738952958800933
40.79,-16.838709677419356,5.225806451612904,-0.0,-0.0,170.6031666277473,-0.2665999911034187,0.163398917580377,2.773922744464139
40.8,-16.838709677419356,5.225806451612904,-0.0,-0.0,170.62723793307757,-0.2665975711834272,0.16340390644826408,2.7739484319667125
40.81,-16.838709677419356,5.225806451612904,-0.0,-0.0,44.98760305675912,-0.26659504867368655,0.16340873521096705,2.7739724542662634
40.82,-16.838709677419356,5.225806451612904,-0.0,-0.0,170.67538043352116,-0.2665924523743908,0.16341339814965128,2.773994903567094
40.83,-16.838709677419356,5.225806451612904,-0.0,-0.0,170.69945163619147,-0.2665898075197457,0.16341789130363854,2.7740158683754554
40.84,-16.838709677419356,5.225806451612904,-0.0,-0.0,170.7235228116415,-0.2665871361260912,0.16342221224806402,2.77403543350046
40.85,-16.838709677419356,5.225806451612904,-0.0,-0.0,170.7475939628534,-0.26658445731048985,0.16342635989374693,2.7740536800762676
40.86,-16.838709677419356,5.225806451612904,-0.0,-0.0,170.7716650925358,-0.2665817875820058,0.16343033430730192,2.774070685602467
40.87,-16.838709677419356,5.225806451612904,-0.0,-0.0,170.79573620314616,-0.2665791411077447,0.16343413654970307,2.774086523999963
40.88,-16.838709677419356,5.225806451612904,-0.0,-0.0,170.81980729691114,-0.2665765299555787,0.16343776853165665,2.7741012656799935
40.89,-16.838709677419356,5.225806451612904,-0.0,-0.0,170.8438783758459,-0.26657396431543523,0.16344123288420198,2.7741149776236846
40.9,-16.838709677419356,5.225806451612904,-0.0,-0.0,170.86794944177166,-0.2665714527007539,0.16344453284323163,2.7741277234706767
40.91,-16.838709677419356,5.225806451612904,-0.0,-0.0,170.89202049633218,-0.2665690021317664,0.16344767214656986,2.7741395636145736
40.92,-16.838709677419356,5.225806451612904,-0.0,-0.0,170.91609154100877,-0.26656661830197104,0.1634506549425313,2.774150555304193
40.93,-16.838709677419356,5.225806451612904,-0.0,-0.0,170.9401625771343,-0.2665643057292386,0.16345348570880958,2.7741607527487946
40.94,-16.838709677419356,5.225806451612904,-0.0,-0.0,170.9642336059061,-0.2665620678927607,0.1634561691807604,2.774170207226348
40.95,-16.838709677419356,5.225806451612904,-0.0,-0.0,170.98830462839783,-0.26655990735699975,0.16345871028819914,2.7741789671938712
40.96,-16.838709677419356,5.225806451612904,-0.0,-0.0,171.01237564557047,-0.2665578258837724,0.163461114099833,2.7741870783985907
40.97,-16.838709677419356,5.225806451612904,-0.0,-0.0,171.0364466582823,-0.26655582453339544,0.16346338577465708,2.774194583989575
40.98,-16.838709677419356,5.225806451612904,-0.0,-0.0,171.0605176672983,-0.2665539037559137,0.16346553051953322,2.7742015246286003
40.99,-16.838709677419356,5.225806451612904,-0.0,-0.0,171.08458867329864,-0.26655206347313176,0.16346755355246295,2.7742079386004437
41.0,-16.838709677419356,5.225806451612904,-0.0,-0.0,171.10865967688645,-0.2665503031523879,0.16346946007083246,2.774213861921232
41.01,-16.838709677419356,5.225806451612904,-0.0,-0.0,171.13273067859515,-0.266548621872688,0.16347125522422457,2.7742193284450747
41.02,-16.838709677419356,5.225806451612904,-0.0,-0.0,171.156801678895,-0.26654701838390715,0.16347294409128849,2.7742243699684264
41.03,-16.838709677419356,5.225806451612904,-0.0,-0.0,171.18087267819905,-0.2665454911596896,0.1634745316602212,2.7742290163318133
41.04,-16.838709677419356,5.225806451612904,-0.0,-0.0,171.20494367686882,-0.26654403844461605,0.16347602281247753,2.774233295518703
41.05,-16.838709677419356,5.225806451612904,-0.0,-0.0,171.2290146752193,-0.2665426582961379,0.16347742230936768,2.7742372337514567
41.06,-16.838709677419356,5.225806451612904,-0.0,-0.0,171.25308567352363,-0.2665413486217749,0.16347873478121283,2.774240855584159
41.07,-16.838709677419356,5.225806451612904,-0.0,-0.0,171.27715667201727,-0.2665401072120175,0.16347996471876464,2.774244183992218
41.08,-16.838709677419356,5.225806451612904,-0.0,-0.0,171.3012276709019,-0.26653893176934584,0.16348111646661462,2.7742472404586116
41.09,-16.838709677419356,5.225806451612904,-0.0,-0.0,171.32529867034899,-0.2665378199337334,0.16348219421836202,2.774250045056788
41.1,-16.838709677419356,5.225806451612904,-0.0,-0.0,171.34936967050288,-0.2665367693049583,0.16348320201333882,2.7742526165302936
41.11,-16.838709677419356,5.225806451612904,-0.0,-0.0,171.37344067148388,-0.26653577746206913,0.16348414373466225,2.774254972368927
41.12,-16.838709677419356,5.225806451612904,-0.0,-0.0,171.39751167339074,-0.26653484198024313,0.16348502310848761,2.774257128881734
41.13,-16.838709677419356,5.225806451612904,-0.0,-0.0,171.42158267630322,-0.2665339604453676,0.16348584370422853,2.7742591012664457
41.14,-16.838709677419356,5.225806451612904,-0.0,-0.0,171.44565368028412,-0.26653313046647975,0.16348660893571143,2.774260903676047
41.15,-16.838709677419356,5.225806451612904,-0.0,-0.0,171.4697246853814,-0.2665323496864098,0.16348732206300354,2.774262549281767
41.16,-16.838709677419356,5.225806451612904,-0.0,-0.0,45.83008954803818,-0.2665316157907005,0.16348798619492727,2.774264050333304
41.17,-16.838709677419356,5.225806451612904,-0.0,-0.0,171.51786669905297,-0.26653092651506105,0.16348860429207956,2.7742654182158994
41.18,-16.838709677419356,5.225806451612904,-0.0,-0.0,171.54193770766392,-0.266530279651505,0.16348917917028088,2.77426666350445
41.19,-16.838709677419356,5.225806451612904,-0.0,-0.0,171.56600871746735,-0.26652967305329134,0.16348971350440206,2.7742677960148954
41.2,-16.838709677419356,5.225806451612904,-0.0,-0.0,171.59007972846032,-0.2665291046388367,0.16349020983246249,2.7742688248528062
41.21,-16.838709677419356,5.225806451612904,-0.0,-0.0,171.61415074063345,-0.26652857239472216,0.16349067055993632,2.7742697584592446
41.22,-16.838709677419356,5.225806451612904,-0.0,-0.0,171.63822175397178,-0.266528074377846,0.16349109796427092,2.774270604654356
41.23,-16.838709677419356,5.225806451612904,-0.0,-0.0,171.66229276845576,-0.2665276087169315,0.16349149419945547,2.7742713706781412
41.24,-16.838709677419356,5.225806451612904,-0.0,-0.0,171.68636378406188,-0.26652717361334277,0.1634918613007389,2.7742720632293234
41.25,-16.838709677419356,5.225806451612904,-0.0,-0.0,171.71043480076344,-0.26652676734142733,0.163492201189318,2.774272688501594
41.26,-16.838709677419356,5.225806451612904,-0.0,-0.0,171.7345058185311,-0.2665263882483542,0.16349251567706935,2.77427325221796
41.27,-16.838709677419356,5.225806451612904,-0.0,-0.0,171.7585768373334,-0.26652603475355785,0.16349280647125125,2.7742737596630023
41.28,-16.838709677419356,5.225806451612904,0.0,-0.0,171.78264785713733,-0.2665257053478536,0.1634930751791478,2.774274215713146
41.29,-16.838709677419356,5.225806451612904,0.0,-0.0,171.80671887790862,-0.26652539859225466,0.1634933233126527,2.774274624865116
41.3,-16.838709677419356,5.225806451612904,0.0,-0.0,171.83078989961217,-0.2665251131165429,0.16349355229277363,2.774274991262673
41.31,-16.838709677419356,5.225806451612904,0.0,-0.0,171.8548609222124,-0.2665248476176587,0.16349376345401861,2.774275318721577
41.32,-16.838709677419356,5.225806451612904,0.0,-0.0,171.87893194567343,-0.26652460085789165,0.16349395804870775,2.774275610753174
41.33,-16.838709677419356,5.225806451612904,0.0,-0.0,46.2392968263677,-0.26652437166299126,0.16349413725111583,2.7742758705862083
41.34,-16.838709677419356,5.225806451612904,0.0,-0.0,171.92707399503473,-0.26652415892012615,0.16349430216153626,2.7742761011874966
41.35,-16.838709677419356,5.225806451612904,0.0,-0.0,171.9511450208641,-0.26652396157581415,0.16349445381016764,2.774276305281016
41.36,-16.838709677419356,5.225806451612904,0.0,-0.0,171.97521604741277,-0.26652377863375576,0.16349459316090603,2.774276485365973
41.37,-16.838709677419356,5.225806451612904,0.0,-0.0,171.99928707464673,-0.2665236091526728,0.16349472111495894,2.774276643733463
41.38,-16.838709677419356,5.225806451612904,0.0,-0.0,172.02335810253265,-0.2665234522441,0.16349483851435015,2.77427678248219
41.39,-16.838709677419356,5.225806451612904,0.0,-0.0,172.0474291310381,-0.26652330707020266,0.163494946145254,2.774276903532972
41.4,-16.838709677419356,5.225806451612904,0.0,-0.0,172.07150016013154,-0.2665231728415971,0.16349504474119841,2.7742770086422994
41.41,-16.838709677419356,5.225806451612904,0.0,-0.0,172.09557118978242,-0.2665230488151644,0.1634951349861556,2.774277099415142
41.42,-16.838709677419356,5.225806451612904,0.0,-0.0,172.11964221996124,-0.26652293429196305,0.1634952175174284,2.774277177316473
41.43,-16.838709677419356,5.225806451612904,0.0,-0.0,172.14371325063948,-0.2665228286151011,0.16349529292848075,2.7742772436824565
41.44,-16.838709677419356,5.225806451612904,0.0,-0.0,172.16778428178975,-0.26652273116772873,0.16349536177155854,2.774277299730408
41.45,-16.838709677419356,5.225806451612904,0.0,-0.0,172.1918553133857,-0.2665226413710231,0.16349542456024302,2.7742773465684003
41.46,-16.838709677419356,5.225806451612904,0.0,-0.0,46.552220201810336,-0.26652255868227037,0.1634954817718332,2.7742773852039364
41.47,-16.838709677419356,5.225806451612904,0.0,-0.0,172.23999737781466,-0.2665224825929893,0.16349553384962595,2.774277416552101
41.48,-16.838709677419356,5.225806451612904,0.0,-0.0,172.26406841060034,-0.2665224126271146,0.16349558120507512,2.7742774414431204
41.49,-16.838709677419356,5.225806451612904,0.0,-0.0,172.28813944373707,-0.26652234833926136,0.16349562421982305,2.7742774606292797
41.5,-16.838709677419356,5.225806451612904,0.0,-0.0,172.31221047720382,-0.26652228931303323,0.1634956632476393,2.7742774747914414
41.51,-16.838709677419356,5.225806451612904,0.0,-0.0,172.33628151098054,-0.26652223515939233,0.1634956986162583,2.7742774845451006
41.52,-16.838709677419356,5.225806451612904,0.0,-0.0,172.36035254504822,-0.2665221855151483,0.1634957306290606,2.774277490445686
41.53,-16.838709677419356,5.225806451612904,0.0,-0.0,172.38442357938877,-0.26652214004143504,0.16349575956673468,2.7742774929938894
41.54,-16.838709677419356,5.225806451612904,0.0,-0.0,172.40849461398503,-0.26652209842230734,0.16349578568879025,2.7742774926402936
41.55,-16.838709677419356,5.225806451612904,0.0,-0.0,172.43256564882077,-0.26652206036339554,0.16349580923498802,2.774277489789664
41.56,-16.838709677419356,5.225806451612904,0.0,-0.0,172.45663668388065,-0.2665220255906007,0.16349583042670707,2.774277484805044
41.57,-16.838709677419356,5.225806451612904,0.0,-0.0,172.48070771915008,-0.26652199384885433,0.16349584946822682,2.774277478011507
41.58,-16.838709677419356,5.225806451612904,0.0,-0.0,172.50477875461536,-0.26652196490098934,0.16349586654788162,2.774277469699328
41.59,-16.838709677419356,5.225806451612904,0.0,-0.0,172.52884979026354,-0.2665219385265871,0.1634958818392261,2.774277460127374
41.6,-16.838709677419356,5.225806451612904,0.0,-0.0,172.55292082608239,-0.2665219145209474,0.16349589550206062,2.774277449525838
41.61,-16.838709677419356,5.225806451612904,0.0,-0.0,172.5769918620604,-0.26652189269408755,0.16349590768342115,2.7742774380989133
41.62,-16.838709677419356,5.225806451612904,0.0,-0.0,172.60106289818674,-0.26652187286979734,0.1634959185185002,2.774277426027219
41.63,-16.838709677419356,5.225806451612904,0.0,-0.0,172.62513393445124,-0.26652185488474633,0.16349592813150943,2.77427741347003
41.64,-16.838709677419356,5.225806451612904,0.0,-0.0,46.98549882725259,-0.2665218385876349,0.1634959366364907,2.7742774005673487
41.65,-16.838709677419356,5.225806451612904,0.0,-0.0,172.673276007357,-0.2665218238384113,0.16349594413805757,2.7742773874417077
41.66,-16.838709677419356,5.225806451612904,0.0,-0.0,172.69734704398087,-0.2665218105075102,0.1634959507321066,2.7742773741999316
41.67,-16.838709677419356,5.225806451612904,0.0,-0.0,172.721418080708,-0.26652179847514224,0.16349595650647936,2.774277360934736
41.68,-16.838709677419356,5.225806451612904,0.0,-0.0,172.74548911753098,-0.26652178763064893,0.1634959615415516,2.774277347726028
41.69,-16.838709677419356,5.225806451612904,0.0,-0.0,172.7695601544429,-0.2665217778718547,0.16349596591082644,2.7742773346423504
41.7,-16.838709677419356,5.225806451612904,0.0,-0.0,172.79363119143727,-0.26652176910449166,0.16349596968145053,2.774277321741986
41.71,-16.838709677419356,5.225806451612904,0.0,-0.0,172.81770222850804,-0.26652176124164395,0.16349597291471296,2.774277309074073
41.72,-16.838709677419356,5.225806451612904,0.0,-0.0,172.84177326564955,-0.2665217542032281,0.16349597566650348,2.774277296679588
41.73,-16.838709677419356,5.225806451612904,0.0,-0.0,172.86584430285652,-0.2665217479155091,0.16349597798773913,2.774277284592246
41.74,-16.838709677419356,5.225806451612904,0.0,-0.0,172.889915340124,-0.26652174231064474,0.1634959799247609,2.7742772728393144
41.75,-16.838709677419356,5.225806451612904,0.0,-0.0,172.9139863774474,-0.2665217373262678,0.16349598151969108,2.774277261442296
41.76,-16.838709677419356,5.225806451612904,0.0,-0.0,172.93805741482248,-0.26652173290507575,0.1634959828107888,2.7742772504176823
41.77,-16.838709677419356,5.225806451612904,0.0,-0.0,172.96212845224522,-0.2665217289944559,0.1634959838327662,2.7742772397775624
41.78,-16.838709677419356,5.225806451612904,0.0,-0.0,172.98619948971194,-0.26652172554615916,0.16349598461706144,2.7742772295300537
41.79,-16.838709677419356,5.225806451612904,0.0,-0.0,173.01027052721915,-0.26652172251594797,0.16349598519213476,2.7742772196799415
41.8,-16.838709677419356,5.225806451612904,0.0,-0.0,47.37063542117195,-0.26652171986331963,0.16349598558369405,2.774277210228983
41.81,-16.838709677419356,5.225806451612904,0.0,-0.0,47.39470645875081,-0.2665217175511996,0.16349598581495,2.774277201176442
41.82,-16.838709677419356,5.225806451612904,0.0,-0.0,173.08248363995298,-0.2665217155456969,0.16349598590681297,2.7742771925193446
41.83,-16.838709677419356,5.225806451612904,0.0,-0.0,173.10655467759244,-0.2665217138158489,0.16349598587809971,2.7742771842528624
41.84,-16.838709677419356,5.225806451612904,0.0,-0.0,173.13062571525856,-0.2665217123333994,0.16349598574570912,2.7742771763705587
41.85,-16.838709677419356,5.225806451612904,0.0,-0.0,173.15469675294912,-0.2665217110725764,0.1634959855248017,2.774277168864715
41.86,-16.838709677419356,5.225806451612904,0.0,-0.0,173.1787677906621,-0.2665217100099142,0.16349598522893521,2.774277161726443
41.87,-16.838709677419356,5.225806451612904,0.0,-0.0,173.2028388283956,-0.2665217091240468,0.16349598487022998,2.774277154946032
41.88,-16.838709677419356,5.225806451612904,0.0,-0.0,173.22690986614793,-0.26652170839556666,0.1634959844594725,2.7742771485129607
41.89,-16.838709677419356,5.225806451612904,0.0,-0.0,173.25098090391745,-0.2665217078068338,0.1634959840062693,2.7742771424162562
41.9,-16.838709677419356,5.225806451612904,0.0,-0.0,173.27505194170266,-0.26652170734185354,0.16349598351913402,2.774277136644492
41.91,-16.838709677419356,5.225806451612904,0.0,-0.0,173.29912297950222,-0.2665217069861472,0.1634959830055837,2.7742771311858854
41.92,-16.838709677419356,5.225806451612904,0.0,-0.0,173.32319401731485,-0.26652170672659703,0.16349598247226133,2.7742771260285766
41.93,-16.838709677419356,5.225806451612904,0.0,-0.0,173.34726505513942,-0.2665217065513641,0.16349598192498782,2.7742771211605235
41.94,-16.838709677419356,5.225806451612904,0.0,-0.0,173.37133609297484,-0.26652170644975337,0.16349598136886906,2.774277116569756
41.95,-16.838709677419356,5.225806451612904,0.0,-0.0,173.39540713082013,-0.2665217064121337,0.16349598080834826,2.774277112244332
41.96,-16.838709677419356,5.225806451612904,0.0,-0.0,173.4194781686744,-0.2665217064298466,0.16349598024727136,2.774277108172398
41.97,-16.838709677419356,5.225806451612904,0.0,-0.0,173.4435492065368,-0.26652170649510243,0.1634959796889665,2.774277104342354
41.98,-16.838709677419356,5.225806451612904,0.0,-0.0,173.46762024440656,-0.266521706600928,0.1634959791362745,2.774277100742757
41.99,-16.838709677419356,5.225806451612904,0.0,-0.0,173.491691282283,-0.2665217067410839,0.16349597859160825,2.774277097362412
42.0,-16.838709677419356,5.225806451612904,0.0,-0.0,47.85205617657373,-0.2665217069099899,0.1634959780570076,2.7742770941904618
42.01,-16.838709677419356,6.387096774193552,0.0,-0.0,173.54004520870865,-0.26415353287711474,0.25243245366392086,2.770907282940107
42.02,-16.838709677419356,6.387096774193552,0.0,-0.0,173.56450715679063,-0.2625436689040641,0.24319130958627788,2.7675897258959514
42.03,-16.838709677419356,6.387096774193552,0.0,-0.0,173.5891201436644,-0.26154814623394973,0.23503388147348586,2.7643706766198837
42.04,-16.838709677419356,6.387096774193552,0.0,-0.0,173.61386026561883,-0.26104613530366416,0.22783150651515466,2.7612847602664967
42.05,-16.838709677419356,6.387096774193552,0.0,-0.0,47.97500101991127,-0.2609366805179689,0.22147033995863386,2.758356890583453
42.06,-16.838709677419356,6.387096774193552,0.0,-0.0,173.6636435235951,-0.26113578674273885,0.21584982393338858,2.755603960740478
42.07,-16.838709677419356,6.387096774193552,0.0,-0.0,173.68865464409282,-0.26157385829673596,0.21088127179997607,2.7530363167972483
42.08,-16.838709677419356,6.387096774193552,0.0,-0.0,173.71372805974832,-0.2621934727807591,0.2064865707548148,2.7506590279476812
42.09,-16.838709677419356,6.387096774193552,0.0,-0.0,173.73885321766056,-0.2629474622792738,0.20259700049662227,2.7484729706797455
42.1,-16.838709677419356,6.387096774193552,0.0,-0.0,173.76402119784086,-0.26379727022289967,0.19915216310942158,2.7464757454060154
42.11,-16.838709677419356,6.387096774193552,0.0,-0.0,173.7892244728061,-0.2647115514123257,0.19609901795185775,2.744662444425534
42.12,-16.838709677419356,6.387096774193552,0.0,-0.0,173.81445670108337,-0.26566498396244964,0.1933910146924815,2.743026289596825
42.13,-16.838709677419356,6.387096774193552,0.0,-0.0,173.83971255010294,-0.266637264293095,0.1909873173788707,2.741559157092281
42.14,-16.838709677419356,6.387096774193552,0.0,0.0,173.86498754450372,-0.2676122591680341,0.18885211240270589,2.740252005255642
42.15,-16.838709677419356,6.387096774193552,0.0,0.0,173.89027793637058,-0.26857729179206213,0.18695399333499996,2.7390952200558223
42.16,-16.838709677419356,6.387096774193552,0.0,0.0,173.9155805943665,-0.26952254189651126,0.18526541580914307,2.738078891034841
42.17,-16.838709677419356,6.387096774193552,0.0,0.0,173.94089290911737,-0.2704405424568055,0.18376221589969632,2.7371930290706805
42.18,-16.838709677419356,6.387096774193552,0.0,0.0,173.96621271255557,-0.27132575813517246,0.18242318576680833,2.7364277357775006
42.19,-16.838709677419356,6.387096774193552,0.0,0.0,173.99153820923627,-0.2721742327115646,0.18122970069699423,2.7357733329783462
42.2,-16.838709677419356,6.387096774193552,0.0,0.0,174.01686791790848,-0.27298329466156135,0.18016539206059745,2.7352204594337906
42.21,-16.838709677419356,6.387096774193552,0.0,0.0,174.04220062186005,-0.27375131168116806,0.17921586111292342,2.734760140895469
42.22,-16.838709677419356,6.387096774193552,0.0,0.0,174.06753532675953,-0.2744774863682551,0.17836842898078203,2.7343838385809933
42.23,-16.838709677419356,6.387096774193552,0.0,0.0,174.09287122489803,-0.2751616864762436,0.1776119185886863,2.7340834803224787
42.24,-16.838709677419356,6.387096774193552,0.0,0.0,174.11820766488802,-0.27580430418212853,0.17693646468238777,2.733851477920402
42.25,-16.838709677419356,6.387096774193552,0.0,0.0,174.14354412601145,-0.27640613968308125,0.17633334849437854,2.7336807336195457
42.26,-16.838709677419356,6.387096774193552,0.0,0.0,174.168880196525,-0.2769683051742695,0.17579485396267924,2.733564638107943
42.27,-16.838709677419356,6.387096774193552,0.0,0.0,174.19421555533057,-0.2774921458855659,0.17531414275618834,2.733497062004021
42.28,-16.838709677419356,6.387096774193552,0.0,0.0,174.2195499565055,-0.2779791753824883,0.17488514567589974,2.73347234243489
42.29,-16.838709677419356,6.387096774193552,0.0,0.0,174.24488321626103,-0.27843102278192067,0.1745024682901899,2.7334852660074422
42.3,-16.838709677419356,6.387096774193552,0.0,0.0,174.27021520196112,-0.2788493899086415,0.17416130892399262,2.733531049223383
42.31,-16.838709677419356,6.387096774193552,0.0,0.0,174.29554582288796,-0.2792360167348631,0.17385738735703765,2.7336053171829757
42.32,-16.838709677419356,6.387096774193552,0.0,0.0,174.3208750224878,-0.2795926537112543,0.17358688279645645,2.733704081251929
42.33,-16.838709677419356,6.387096774193552,0.0,0.0,174.34620277187,-0.27992103982194627,0.17334637987564067,2.7338237162260444
42.34,-16.838709677419356,6.387096774193552,0.0,0.0,174.3715290643663,-0.28022288538448015,0.17313282159599064,2.7339609374135243
42.35,-16.838709677419356,6.387096774193552,0.0,0.0,174.39685391098695,-0.2804998587742622,0.17294346827291357,2.7341127779603465
42.36,-16.838709677419356,6.387096774193552,0.0,0.0,174.42217733663378,-0.28075357638608645,0.17277586167444714,2.734276566668814
42.37,-16.838709677419356,6.387096774193552,0.0,0.0,174.44749937695306,-0.2809855952575555,0.17262779365123387,2.734449906495458
42.38,-16.838709677419356,6.387096774193552,0.0,0.0,174.47282007572753,-0.2811974078731332,0.17249727865295972,2.7346306538649348
42.39,-16.838709677419356,6.387096774193552,0.0,0.0,174.4981394827226,-0.2813904387465722,0.17238252960987455,2.7348168988960135
42.4,-16.838709677419356,6.387096774193552,0.0,0.0,174.52345765191535,-0.2815660424461157,0.17228193672997566,2.735006946601305
42.41,-16.838709677419356,6.387096774193552,0.0,0.0,174.5487746400449,-0.2817255027822567,0.17219404882518397,2.7351992990983085
42.42,-16.838709677419356,6.387096774193552,0.0,0.0,174.5740905054327,-0.28187003292495616,0.17211755683333324,2.7353926388467076
42.43,-16.838709677419356,6.387096774193552,0.0,0.0,48.935699163437555,-0.2820007762563925,0.17205127924921315,2.735585812911076
42.44,-16.838709677419356,6.387096774193552,0.0,0.0,174.62471910365045,-0.28211880779822973,0.17199414921780676,2.735777818235795
42.45,-16.838709677419356,6.387096774193552,0.0,0.0,174.65003195337158,-0.28222513608014355,0.1719452030769733,2.7359677879085313
42.46,-16.838709677419356,6.387096774193552,0.0,0.0,174.67534391305395,-0.28232070533954046,0.17190357016621993,2.736154978381377
42.47,-16.838709677419356,6.387096774193552,0.0,0.0,49.036948894388836,-0.28240639796174394,0.17186846374349535,2.736338757613819
42.48,-16.838709677419356,6.387096774193552,0.0,0.0,174.72596538158285,-0.28248303708632316,0.17183917287346523,2.736518594097412
42.49,-16.838709677419356,6.387096774193552,0.0,0.0,174.75127499524243,-0.2825513893188296,0.17181505516929602,2.7366940467196654
42.5,-16.838709677419356,6.387096774193552,0.0,0.0,174.77658392815454,-0.28261216749857754,0.171795530285917,2.736864755423527
42.51,-16.838709677419356,6.387096774193552,0.0,0.0,174.80189222724198,-0.28266603348268426,0.17178007407631551,2.7370304326179045
42.52,-16.838709677419356,6.387096774193552,0.0,0.0,174.82719993711012,-0.2827136009145321,0.17176821333412345,2.7371908552947866
42.53,-16.838709677419356,6.387096774193552,0.0,0.0,174.85250710003504,-0.28275543795139857,0.17175952105584708,2.7373458578093994
42.54,-16.838709677419356,6.387096774193552,0.0,0.0,174.8778137559783,-0.28279206993160777,0.1717536121646131,2.7374953252802263
42.55,-16.838709677419356,6.387096774193552,0.0,0.0,174.90311994262265,-0.28282398196599634,0.17175013964487368,2.7376391875679125
42.56,-16.838709677419356,6.387096774193552,0.0,0.0,174.92842569542418,-0.28285162144247233,0.1717487910436732,2.737777413792352
42.57,-16.838709677419356,6.387096774193552,0.0,0.0,174.95373104767702,-0.28287540043535353,0.17174928529982292,2.7379100073503504
42.58,-16.838709677419356,6.387096774193552,0.0,0.0,174.97903603058754,-0.28289569801398007,0.17175136986680523,2.738037001396571
42.59,-16.838709677419356,6.387096774193552,0.0,0.0,175.00434067335505,-0.2829128624469677,0.17175481809957865,2.7381584547538043
42.6,-16.838709677419356,6.387096774193552,0.0,0.0,175.02964500325734,-0.28292721330044057,0.17175942687872225,2.7382744482189167
42.61,-16.838709677419356,6.387096774193552,0.0,0.0,175.05494904573885,-0.28293904342973786,0.17176501444866865,2.7383850812341595
42.62,-16.838709677419356,6.387096774193552,0.0,0.0,175.0802528245003,-0.28294862086541084,0.17177141844921373,2.7384904688941067
42.63,-16.838709677419356,6.387096774193552,0.0,0.0,175.10555636158844,-0.2829561905950362,0.17177849412199164,2.738590739261412
42.64,-16.838709677419356,6.387096774193552,0.0,0.0,175.13085967748512,-0.28296197624320873,0.17178611267546873,2.738686030965473
42.65,-16.838709677419356,6.387096774193552,0.0,0.0,175.15616279119487,-0.282966181652583,0.17179415979379653,2.7387764910599945
42.66,-16.838709677419356,6.387096774193552,0.0,0.0,175.18146572033038,-0.28296899236911677,0.1718025342765253,2.738862273117802
42.67,-16.838709677419356,6.387096774193552,0.0,0.0,175.2067684811955,-0.2829705770351887,0.1718111467972986,2.7389435355414506
42.68,-16.838709677419356,6.387096774193552,0.0,0.0,175.23207108886535,-0.2829710886942378,0.17181991877106312,2.739020440071069
42.69,-16.838709677419356,6.387096774193552,0.0,0.0,175.2573735572635,-0.28297066601089127,0.17182878132018564,2.7390931504711236
42.7,-16.838709677419356,6.387096774193552,0.0,0.0,175.28267589923573,-0.28296943441046163,0.17183767433093683,2.7391618313800383
42.71,-16.838709677419356,6.387096774193552,0.0,0.0,175.3079781266206,-0.2829675071418003,0.17184654559254026,2.739226647307354
42.72,-16.838709677419356,6.387096774193552,0.0,0.0,175.33328025031662,-0.28296498626748967,0.17185535001168378,2.7392877617641647
42.73,-16.838709677419356,6.387096774193552,0.0,0.0,175.35858228034593,-0.2829619635852083,0.17186404889613816,2.7393453365142464
42.74,-16.838709677419356,6.387096774193552,0.0,0.0,175.38388422591478,-0.2829585214840975,0.17187260930162668,2.7393995309338837
42.75,-16.838709677419356,6.387096774193552,0.0,0.0,175.40918609547057,-0.2829547337398517,0.1718810034366125,2.739450501469405
42.76,-16.838709677419356,6.387096774193552,0.0,0.0,175.43448789675583,-0.2829506662521424,0.17188920812013508,2.7394984011823174
42.77,-16.838709677419356,6.387096774193552,0.0,0.0,175.45978963685883,-0.2829463777277508,0.17189720428835153,2.7395433793734427
42.78,-16.838709677419356,6.387096774193552,0.0,0.0,175.48509132226147,-0.28294192031288623,0.17190497654557385,2.7395855812767698
42.79,-16.838709677419356,6.387096774193552,0.0,0.0,49.84668681529225,-0.2829373401777413,0.17191251275623315,2.739625147816259
42.8,-16.838709677419356,6.387096774193552,0.0,0.0,175.535694552127,-0.28293267805643496,0.17191980367425852,2.739662215417987
42.81,-16.838709677419356,6.387096774193552,0.0,0.0,49.89728996331922,-0.28292796974519274,0.17192684260679386,2.7396969158716002
42.82,-16.838709677419356,6.387096774193552,0.0,0.0,175.58629762771272,-0.282923246561549,0.17193362510936666,2.7397293762351786
42.83,-16.838709677419356,6.387096774193552,0.0,0.0,175.6115991186002,-0.2829185357671884,0.17194014870986746,2.7397597187782687
42.84,-16.838709677419356,6.387096774193552,0.0,0.0,175.63690058326426,-0.2829138609569104,0.17194641265890992,2.739788060958277
42.85,-16.838709677419356,6.387096774193552,0.0,0.0,175.6622020250487,-0.28290924241603443,0.17195241770437336,2.739814515426123
42.86,-16.838709677419356,6.387096774193552,0.0,0.0,175.6875034469781,-0.2829046974485092,0.1719581658880161,2.739839190056885
42.87,-16.838709677419356,6.387096774193552,0.0,0.0,175.7128048517837,-0.2829002406777683,0.17196366036232175,2.7398621880022294
42.88,-16.838709677419356,6.387096774193552,0.0,0.0,175.73810624192743,-0.282895884322272,0.17196890522584957,2.739883607761521
42.89,-16.838709677419356,6.387096774193552,0.0,0.0,175.76340761962436,-0.2828916384476696,0.17197390537541102,2.739903543268272
42.9,-16.838709677419356,6.387096774193552,0.0,0.0,175.7887089868634,-0.2828875111972087,0.17197866637368664,2.739922083989927
42.91,-16.838709677419356,6.387096774193552,0.0,0.0,175.81401034542654,-0.2828835090020432,0.17198319433091308,2.7399393150385603
42.92,-16.838709677419356,6.387096774193552,0.0,0.0,175.8393116969065,-0.2828796367729811,0.17198749579935313,2.739955317290246
42.93,-16.838709677419356,6.387096774193552,0.0,0.0,175.8646130427234,-0.2828758980750936,0.1719915776794112,2.7399701675113057
42.94,-16.838709677419356,6.387096774193552,0.0,0.0,175.88991438413981,-0.28287229528642355,0.17199544713641995,2.7399839384902998
42.95,-16.838709677419356,6.387096774193552,0.0,0.0,175.91521572227495,-0.2828688297421704,0.1719991115269877,2.739996699173517
42.96,-16.838709677419356,6.387096774193552,0.0,0.0,175.9405170581175,-0.2828655018653614,0.172002578334164,2.7400085148035416
42.97,-16.838709677419356,6.387096774193552,0.0,-0.0,175.96581839253767,-0.28286231128518424,0.1720058551104942,2.740019447059171
42.98,-16.838709677419356,6.387096774193552,0.0,-0.0,175.99111972629817,-0.282859256943939,0.17200894942826522,2.740029554195998
42.99,-16.838709677419356,6.387096774193552,0.0,-0.0,176.01642106006432,-0.2828563371935098,0.17201186883626818,2.7400388911869173
43.0,-16.838709677419356,6.387096774193552,0.0,-0.0,176.04172239441337,-0.2828535498822857,0.17201462082239233,2.740047509861499
43.01,-16.838709677419356,6.387096774193552,0.0,-0.0,176.06702372984313,-0.28285089243328976,0.17201721278150078,2.740055459043781
43.02,-16.838709677419356,6.387096774193552,0.0,-0.0,176.0923250667797,-0.28284836191421747,0.1720196519881108,2.7400627846882415
43.03,-16.838709677419356,6.387096774193552,0.0,-0.0,176.11762640558473,-0.2828459551001816,0.17202194557327483,2.7400695300128017
43.04,-16.838709677419356,6.387096774193552,0.0,-0.0,176.142927746562,-0.2828436685296789,0.1720241005053446,2.7400757356292273
43.05,-16.838709677419356,6.387096774193552,0.0,-0.0,176.1682290899635,-0.28284149855446206,0.1720261235741189,2.740081439670038
43.06,-16.838709677419356,6.387096774193552,0.0,-0.0,176.19353043599477,-0.2828394413837847,0.1720280213780806,2.7400866779121276
43.07,-16.838709677419356,6.387096774193552,0.0,-0.0,176.2188317848202,-0.2828374931235922,0.17202980031431542,2.740091483896463
43.08,-16.838709677419356,6.387096774193552,0.0,-0.0,176.2441331365673,-0.2828356498110425,0.17203146657088697,2.7400958890441918
43.09,-16.838709677419356,6.387096774193552,0.0,-0.0,176.2694344913312,-0.2828339074448858,0.17203302612128313,2.7400999227684144
43.1,-16.838709677419356,6.387096774193552,0.0,-0.0,176.29473584917815,-0.28283226201197054,0.17203448472081145,2.7401036125823146
43.11,-16.838709677419356,6.387096774193552,0.0,-0.0,176.32003721014917,-0.28283070951034484,0.1720358479046018,2.7401069842029426
43.12,-16.838709677419356,6.387096774193552,0.0,-0.0,176.34533857426305,-0.2828292459692392,0.17203712098705665,2.7401100616509213
43.13,-16.838709677419356,6.387096774193552,0.0,-0.0,176.3706399415193,-0.282827867466229,0.17203830906256595,2.740112867346106
43.14,-16.838709677419356,6.387096774193552,0.0,-0.0,176.39594131190063,-0.28282657014186974,0.17203941700730546,2.7401154221991733
43.15,-16.838709677419356,6.387096774193552,0.0,-0.0,176.4212426853753,-0.28282535021205724,0.17204044948196734,2.7401177456991794
43.16,-16.838709677419356,6.387096774193552,0.0,-0.0,176.44654406189912,-0.2828242039783455,0.17204141093528547,2.7401198559971767
43.17,-16.838709677419356,6.387096774193552,0.0,-0.0,176.47184544141749,-0.2828231278364668,0.17204230560820877,2.7401217699857994
43.18,-16.838709677419356,6.387096774193552,0.0,-0.0,50.833440680275196,-0.2828221182831725,0.17204313753867667,2.7401235033753224
43.19,-16.838709677419356,6.387096774193552,0.0,-0.0,176.52244820917664,-0.28282117192166467,0.17204391056681878,2.7401250707657954
43.2,-16.838709677419356,6.387096774193552,0.0,-0.0,176.5477495972699,-0.28282028546573,0.17204462834053152,2.7401264857156233
43.21,-16.838709677419356,6.387096774193552,0.0,-0.0,50.909344844473445,-0.28281945574271994,0.17204529432136317,2.7401277608067423
43.22,-16.838709677419356,6.387096774193552,0.0,-0.0,176.59835238147724,-0.2828186796955412,0.17204591179060558,2.7401289077063344
43.23,-16.838709677419356,6.387096774193552,0.0,-0.0,176.62365377741816,-0.2828179543837701,0.17204648385553656,2.740129937225228
43.24,-16.838709677419356,6.387096774193552,0.0,-0.0,176.648955175798,-0.2828172769839563,0.17204701345581158,2.740130859373402
43.25,-16.838709677419356,6.387096774193552,0.0,-0.0,176.6742565765257,-0.28281664478932056,0.17204750336984226,2.7401316834120584
43.26,-16.838709677419356,6.387096774193552,0.0,-0.0,176.69955797950965,-0.2828160552088088,0.17204795622125663,2.7401324179031805
43.27,-16.838709677419356,6.387096774193552,0.0,-0.0,176.7248593846583,-0.2828155057656818,0.17204837448530175,2.7401330707560874
43.28,-16.838709677419356,6.387096774193552,0.0,-0.0,176.75016079188052,-0.282814994095665,0.17204876049520879,2.740133649271417
43.29,-16.838709677419356,6.387096774193552,0.0,-0.0,176.7754622010862,-0.2828145179447614,0.172049116448457,2.7401341601824205
43.3,-16.838709677419356,6.387096774193552,0.0,-0.0,176.80076361218653,-0.28281407516672874,0.17204944441296732,2.7401346096940347
43.31,-16.838709677419356,6.387096774193552,0.0,-0.0,176.8260650250942,-0.28281366372034156,0.17204974633314724,2.7401350035194567
43.32,-16.838709677419356,6.387096774193552,0.0,-0.0,176.85136643972385,-0.28281328166643904,0.17205002403580716,2.7401353469145837
43.33,-16.838709677419356,6.387096774193552,0.0,-0.0,176.8766678559921,-0.2828129271648214,0.17205027923592048,2.7401356447103176
43.34,-16.838709677419356,6.387096774193552,0.0,-0.0,176.90196927381794,-0.2828125984710277,0.17205051354222234,2.740135901342877
43.35,-16.838709677419356,6.387096774193552,0.0,-0.0,176.9272706931226,-0.282812293933004,0.1720507284626558,2.7401361208823385
43.36,-16.838709677419356,6.387096774193552,0.0,-0.0,176.9525721138299,-0.2828120119877582,0.1720509254095991,2.740136307059118
43.37,-16.838709677419356,6.387096774193552,0.0,-0.0,176.9778735358661,-0.2828117511579449,0.17205110570494875,2.740136463288987
43.38,-16.838709677419356,6.387096774193552,0.0,-0.0,177.00317495916025,-0.2828115100484636,0.17205127058499403,2.740136592696339
43.39,-16.838709677419356,6.387096774193552,0.0,-0.0,177.02847638364392,-0.28281128734304706,0.17205142120512346,2.740136698136044
43.4,-16.838709677419356,6.387096774193552,0.0,-0.0,177.0537778092514,-0.2828110818008922,0.17205155864433114,2.740136782213791
43.41,-16.838709677419356,6.387096774193552,0.0,-0.0,177.07907923591964,-0.28281089225334455,0.17205168390952064,2.7401368473049814
43.42,-16.838709677419356,6.387096774193552,0.0,-0.0,177.10438066358824,-0.28281071760058674,0.17205179793967856,2.740136895572663
43.43,-16.838709677419356,6.387096774193552,0.0,-0.0,177.12968209219946,-0.28281055680846356,0.17205190160978662,2.740136928983805
43.44,-16.838709677419356,6.387096774193552,0.0,-0.0,177.1549835216981,-0.2828104089053167,0.17205199573462282,2.7401369493248415
43.45,-16.838709677419356,6.387096774193552,0.0,-0.0,51.51657880843984,-0.2828102729789306,0.1720520810723527,2.7401369582159436
43.46,-16.838709677419356,6.387096774193552,0.0,-0.0,177.20558638314967,-0.28281014817356054,0.17205215832795095,2.7401369571243195
43.47,-16.838709677419356,6.387096774193552,0.0,-0.0,177.23088781500468,-0.2828100336870547,0.1720522281564566,2.740136947376566
43.48,-16.838709677419356,6.387096774193552,0.0,-0.0,177.25618924755128,-0.2828099287680623,0.17205229116606663,2.740136930170163
43.49,-16.838709677419356,6.387096774193552,0.0,-0.0,177.28149068074637,-0.2828098327133275,0.17205234792108692,2.740136906584221
43.5,-16.838709677419356,6.387096774193552,0.0,-0.0,177.30679211454915,-0.28280974486512367,0.17205239894468694,2.740136877589193
43.51,-16.838709677419356,6.387096774193552,0.0,-0.0,177.3320935489209,-0.2828096646087275,0.17205244472156545,2.7401368440562286
43.52,-16.838709677419356,6.387096774193552,0.0,-0.0,177.357394983825,-0.2828095913700448,0.17205248570042098,2.740136806765511
43.53,-16.838709677419356,6.387096774193552,0.0,-0.0,177.3826964192268,-0.2828095246133078,0.17205252229631612,2.740136766414157
43.54,-16.838709677419356,6.387096774193552,0.0,-0.0,177.40799785509356,-0.28280946383887984,0.1720525548928979,2.7401367236234444
43.55,-16.838709677419356,6.387096774193552,0.0,-0.0,177.43329929139443,-0.2828094085811508,0.17205258384450145,2.740136678945537
43.56,-16.838709677419356,6.387096774193552,0.0,-0.0,177.45860072810027,-0.2828093584065219,0.1720526094781371,2.740136632869727
43.57,-16.838709677419356,6.387096774193552,0.0,-0.0,177.48390216518362,-0.2828093129115221,0.17205263209532545,2.740136585827971
43.58,-16.838709677419356,6.387096774193552,0.0,-0.0,177.50920360261867,-0.28280927172095915,0.17205265197387948,2.7401365382003138
43.59,-16.838709677419356,6.387096774193552,0.0,-0.0,177.53450504038108,-0.2828092344861979,0.1720526693695439,2.7401364903196748
43.6,-16.838709677419356,6.387096774193552,0.0,-0.0,177.55980647844802,-0.2828092008835299,0.1720526845175291,2.7401364424762136
43.61,-16.838709677419356,6.387096774193552,0.0,-0.0,177.58510791679805,-0.28280917061258815,0.1720526976339895,2.7401363949215667
43.62,-16.838709677419356,6.387096774193552,0.0,-0.0,177.610409355411,-0.2828091433948823,0.17205270891737362,2.740136347872522
43.63,-16.838709677419356,6.387096774193552,0.0,-0.0,177.63571079426805,-0.2828091189724071,0.17205271854969262,2.7401363015144087
43.64,-16.838709677419356,6.387096774193552,0.0,-0.0,177.66101223335144,-0.2828090971062831,0.17205272669775123,2.740136256004459
43.65,-16.838709677419356,6.387096774193552,0.0,-0.0,177.68631367264464,-0.2828090775755512,0.17205273351422123,2.740136211474418
43.66,-16.838709677419356,6.387096774193552,0.0,-0.0,52.04790896854043,-0.28280906017595164,0.1720527391387281,2.740136168033422
43.67,-16.838709677419356,6.387096774193552,0.0,-0.0,177.7369165517995,-0.2828090447188225,0.17205274369881407,2.74013612577032
43.68,-16.838709677419356,6.387096774193552,0.0,-0.0,177.76221799163312,-0.2828090310300455,0.172052747310858,2.7401360847559064
43.69,-16.838709677419356,6.387096774193552,0.0,-0.0,177.78751943162038,-0.2828090189490662,0.17205275008091403,2.7401360450448538
43.7,-16.838709677419356,6.387096774193552,0.0,-0.0,52.14911472815776,-0.2828090083279413,0.17205275210553078,2.7401360066776754
43.71,-16.838709677419356,6.387096774193552,0.0,-0.0,52.17441616841776,-0.2828089990304814,0.172052753472471,2.7401359696822656
43.72,-16.838709677419356,6.387096774193552,0.0,-0.0,177.8634237523901,-0.28280899093140777,0.17205275426142408,2.740135934075541
43.73,-16.838709677419356,6.387096774193552,0.0,-0.0,52.22501904929009,-0.28280898391559983,0.1720527545446256,2.7401358998646717
43.74,-16.838709677419356,6.387096774193552,0.0,-0.0,177.91402663347577,-0.28280897787735615,0.1720527543874692,2.7401358670484206
43.75,-16.838709677419356,6.387096774193552,0.0,-0.0,177.9393280741637,-0.2828089727197176,0.17205275384905933,2.740135835618239
43.76,-16.838709677419356,6.387096774193552,0.0,-0.0,177.964629514938,-0.2828089683538342,0.1720527529827215,2.74013580555926
43.77,-16.838709677419356,6.387096774193552,0.0,-0.0,177.98993095579152,-0.28280896469836225,0.17205275183648822,2.7401357768512518
43.78,-16.838709677419356,6.387096774193552,0.0,-0.0,178.0152323967177,-0.2828089616789118,0.17205275045353718,2.7401357494694096
43.79,-16.838709677419356,6.387096774193552,0.0,-0.0,178.0405338377104,-0.2828089592275256,0.17205274887260186,2.7401357233850976
43.8,-16.838709677419356,6.387096774193552,0.0,-0.0,178.06583527876398,-0.28280895728219146,0.1720527471283525,2.740135698566507
43.81,-16.838709677419356,6.387096774193552,0.0,-0.0,178.09113671987322,-0.2828089557863884,0.17205274525174763,2.74013567497925
43.82,-16.838709677419356,6.387096774193552,0.0,-0.0,178.11643816103327,-0.2828089546886634,0.1720527432703599,2.740135652586886
43.83,-16.838709677419356,6.387096774193552,0.0,-0.0,178.14173960223965,-0.28280895394223116,0.1720527412086808,2.7401356313514187
43.84,-16.838709677419356,6.387096774193552,0.0,-0.0,178.16704104348824,-0.28280895350462076,0.17205273908838353,2.740135611233627
43.85,-16.838709677419356,6.387096774193552,0.0,-0.0,178.19234248477525,-0.28280895333732414,0.17205273692858852,2.7401355921934853
43.86,-16.838709677419356,6.387096774193552,0.0,-0.0,178.21764392609714,-0.2828089534054641,0.17205273474611332,2.7401355741905777
43.87,-16.838709677419356,6.387096774193552,0.0,-0.0,52.579239223858956,-0.28280895367753534,0.17205273255565157,2.7401355571841477
43.88,-16.838709677419356,6.387096774193552,0.0,-0.0,178.2682468088329,-0.28280895412509466,0.1720527303700084,2.740135541133568
43.89,-16.838709677419356,6.387096774193552,0.0,-0.0,52.629842106649356,-0.2828089547225261,0.17205272820026474,2.7401355259984315
43.9,-16.838709677419356,6.387096774193552,0.0,-0.0,178.31884969167268,-0.28280895544679496,0.17205272605595318,2.740135511738791
43.91,-16.838709677419356,6.387096774193552,0.0,-0.0,178.34415113312542,-0.2828089562772438,0.1720527239452,2.740135498315233
43.92,-16.838709677419356,6.387096774193552,0.0,-0.0,178.36945257459718,-0.2828089571953645,0.17205272187489018,2.7401354856891618
43.93,-16.838709677419356,6.387096774193552,0.0,-0.0,178.394754016086,-0.282808958184638,0.17205271985077075,2.7401354738227477
43.94,-16.838709677419356,6.387096774193552,0.0,-0.0,178.42005545759014,-0.28280895923034266,0.1720527178775872,2.740135462679136
43.95,-16.838709677419356,6.387096774193552,0.0,-0.0,178.44535689910796,-0.2828089603194126,0.17205271595917343,2.740135452222403
43.96,-16.838709677419356,6.387096774193552,0.0,-0.0,178.47065834063798,-0.28280896144026246,0.17205271409857825,2.740135442417794
43.97,-16.838709677419356,6.387096774193552,0.0,-0.0,178.49595978217886,-0.28280896258268395,0.1720527122981223,2.7401354332315657
43.98,-16.838709677419356,6.387096774193552,0.0,-0.0,178.52126122372937,-0.28280896373769626,0.17205271055950366,2.740135424631165
43.99,-16.838709677419356,6.387096774193552,0.0,-0.0,178.54656266528838,-0.2828089648974368,0.1720527088838676,2.7401354165852236
44.0,-16.838709677419356,6.387096774193552,0.0,-0.0,52.90815796326316,-0.2828089660550672,0.17205270727186028,2.7401354090634933
44.01,-16.838709677419356,7.548387096774196,0.0,-0.0,178.59736897936523,-0.28053781605076455,0.2614023936941991,2.7362805257882177
44.02,-16.838709677419356,7.548387096774196,0.0,-0.0,178.62304711808596,-0.2789595072069717,0.2524807701882074,2.732529379274421
44.03,-16.838709677419356,7.548387096774196,0.0,-0.0,178.64887254950028,-0.27794840871213156,0.2445659314519577,2.7289215906265563
44.04,-16.838709677419356,7.548387096774196,0.0,-0.0,53.01111680052605,-0.2773981251878752,0.2375434448626637,2.72548651844685
44.05,-16.838709677419356,7.548387096774196,0.0,-0.0,178.7008791338828,-0.2772189088784829,0.23131147523250267,2.7222448825239667
44.06,-16.838709677419356,7.548387096774196,0.0,-0.0,178.7270246883773,-0.27733534065017706,0.22577954085434193,2.71921021218378
44.07,-16.838709677419356,7.548387096774196,0.0,-0.0,178.7532455439198,-0.2776842782699225,0.22086735972567456,2.71639012303836
44.08,-16.838709677419356,7.548387096774196,0.0,-0.0,178.77952967985442,-0.27821305870289703,0.21650378752979438,2.713787430354193
44.09,-16.838709677419356,7.548387096774196,0.0,-0.0,178.8058668366765,-0.27887793475094247,0.21262584570214854,2.7114011101700863
44.1,-16.838709677419356,7.548387096774196,0.0,-0.0,178.83224827107142,-0.27964272343701446,0.20917783610163515,2.709227121036985
44.11,-16.838709677419356,7.548387096774196,0.0,-0.0,178.858666543401,-0.28047764286481236,0.20611053783352629,2.707259100090355
44.12,-16.838709677419356,7.548387096774196,0.0,-0.0,178.88511533362566,-0.2813583149791927,0.2033804812764009,2.705488947318773
44.13,-16.838709677419356,7.548387096774196,0.0,-0.0,178.9115892820843,-0.2822649131334307,0.20094929414470608,2.703907311530989
44.14,-16.838709677419356,7.548387096774196,0.0,-0.0,178.93808385195672,-0.28318143524201944,0.19878311435916807,2.7025039908032467
44.15,-16.838709677419356,7.548387096774196,0.0,-0.0,178.96459521060393,-0.2840950853112396,0.19685206453817294,2.701268259231805
44.16,-16.838709677419356,7.548387096774196,0.0,-0.0,178.99112012731516,-0.2849957481377694,0.19512978303331657,2.7001891307295773
44.17,-16.838709677419356,7.548387096774196,0.0,-0.0,179.01765588529238,-0.2858755438583287,0.19359300659338924,2.6992555694657456
44.18,-16.838709677419356,7.548387096774196,0.0,-0.0,179.04420020597152,-0.28672845077240616,0.19222119994314085,2.6984566554173077
44.19,-16.838709677419356,7.548387096774196,0.0,-0.0,179.07075118401852,-0.28754998642597673,0.1909962277974675,2.697781712419805
44.2,-16.838709677419356,7.548387096774196,0.0,-0.0,179.09730723155064,-0.28833693833355545,0.18990206509099666,2.6972204050993835
44.21,-16.838709677419356,7.548387096774196,0.0,-0.0,53.460160886728794,-0.28908713693613297,0.18892454147989668,2.6967628101533845
44.22,-16.838709677419356,7.548387096774196,0.0,-0.0,179.15042949076533,-0.289799264455592,0.18805111646033734,2.696399466629987
44.23,-16.838709677419356,7.548387096774196,0.0,-0.0,179.17699371696838,-0.2904726942272884,0.1872706817393791,2.6961214091369485
44.24,-16.838709677419356,7.548387096774196,0.0,-0.0,179.20355897670765,-0.2911073558869357,0.1865733877833995,2.695920187281998
44.25,-16.838709677419356,7.548387096774196,0.0,-0.0,179.23012467587677,-0.29170362247076365,0.18595049175150202,2.6957878741066885
44.26,-16.838709677419356,7.548387096774196,0.0,-0.0,179.25669033666068,-0.2922622160734101,0.18539422429246138,2.695717065812461
44.27,-16.838709677419356,7.548387096774196,0.0,-0.0,179.2832555789333,-0.2927841292090636,0.18489767294054016,2.695700874683391
44.28,-16.838709677419356,7.548387096774196,0.0,-0.0,179.30982010441738,-0.2932705594491989,0.18445468008609706,2.695732916777802
44.29,-16.838709677419356,7.548387096774196,0.0,-0.0,179.33638368321073,-0.2937228552753197,0.18405975371972688,2.6958072956807575
44.3,-16.838709677419356,7.548387096774196,0.0,-0.0,179.36294614233813,-0.2941424713962535,0.18370798935319244,2.6959185833744277
44.31,-16.838709677419356,7.548387096774196,0.0,-0.0,179.3895073560365,-0.29453093204449066,0.1833950017066271,2.696061799086772
44.32,-16.838709677419356,7.548387096774196,0.0,-0.0,179.41606723752096,-0.29488980099120754,0.18311686492013352,2.6962323868169094
44.33,-16.838709677419356,7.548387096774196,0.0,-0.0,179.442625732017,-0.2952206572116445,0.18287006019884244,2.69642619209737
44.34,-16.838709677419356,7.548387096774196,0.0,-0.0,179.46918281087244,-0.2955250752949736,0.18265142993612438,2.696639438443348
44.35,-16.838709677419356,7.548387096774196,0.0,-0.0,179.49573846659126,-0.2958046098315732,0.18245813747948036,2.696868703843525
44.36,-16.838709677419356,7.548387096774196,0.0,-0.0,179.52229270865286,-0.2960607831278568,0.18228763181036145,2.6971108975718394
44.37,-16.838709677419356,7.548387096774196,0.0,-0.0,179.54884556000053,-0.29629507569888336,0.18213761650277083,2.6973632375345704
44.38,-16.838709677419356,7.548387096774196,0.0,-0.0,179.57539705409937,-0.29650891907341337,0.18200602240827446,2.6976232283165804
44.39,-16.838709677419356,7.548387096774196,0.0,-0.0,179.60194723247835,-0.29670369051824474,0.18189098358711364,2.6978886400463264
44.4,-16.838709677419356,7.548387096774196,0.0,-0.0,179.62849614268384,-0.29688070934952115,0.1817908160684688,2.698157488165236
44.41,-16.838709677419356,7.548387096774196,0.0,-0.0,179.65504383658222,-0.29704123455053777,0.18170399907801354,2.698428014158324
44.42,-16.838709677419356,7.548387096774196,0.0,-0.0,179.68159036895833,-0.29718646345945876,0.1816291584189194,2.698698667280122
44.43,-16.838709677419356,7.548387096774196,0.0,-0.0,179.70813579636442,-0.2973175313276746,0.18156505173411763,2.6989680872910706
44.44,-16.838709677419356,7.548387096774196,0.0,-0.0,179.73468017618086,-0.2974355115810625,0.1815105554138991,2.6992350882052145
44.45,-16.838709677419356,7.548387096774196,0.0,-0.0,179.76122356585552,-0.2975414166432655,0.1814646529442311,2.6994986430379204
44.46,-16.838709677419356,7.548387096774196,0.0,-0.0,179.78776602229362,-0.29763619920275763,0.18142642451839752,2.6997578695335833
44.47,-16.838709677419356,7.548387096774196,0.0,-0.0,54.15060145778255,-0.29772075382480345,0.18139503775799815,2.700012016845836
44.48,-16.838709677419356,7.548387096774196,0.0,-0.0,179.8408483575729,-0.2977959188256174,0.1813697394097487,2.7002604531380783
44.49,-16.838709677419356,7.548387096774196,0.0,-0.0,179.8673883436724,-0.29786247833998725,0.18134984790196967,2.7005026540676114
44.5,-16.838709677419356,7.548387096774196,0.0,-0.0,179.8939276105484,-0.29792116452523887,0.18133474665988697,2.7007381921144553
44.51,-16.838709677419356,7.548387096774196,0.0,-0.0,54.256760063424075,-0.29797265985431975,0.18132387809197342,2.7009667267142587
44.52,-16.838709677419356,7.548387096774196,0.0,-0.0,179.94700417972606,-0.2980175994591834,0.18131673817084548,2.70118799515368
44.53,-16.838709677419356,7.548387096774196,0.0,-0.0,179.9735415731062,-0.2980565734927616,0.18131287154196163,2.701401804186067
44.54,-16.838709677419356,7.548387096774196,0.0,-0.0,180.000078429332,-0.29809012948370417,0.1813118671019029,2.701608022326072
44.55,-16.838709677419356,7.548387096774196,0.0,-0.0,180.0266147883289,-0.2981187746631393,0.181313353995264,2.701806572782218
44.56,-16.838709677419356,7.548387096774196,0.0,-0.0,180.0531506877949,-0.2981429782469882,0.18131699798545792,2.7019974269871008
44.57,-16.838709677419356,7.548387096774196,0.0,-0.0,180.07968616324126,-0.2981631736608805,0.1813224981602436,2.7021805986864575
44.58,-16.838709677419356,7.548387096774196,0.0,-0.0,180.10622124804712,-0.2981797606976946,0.18132958393752702,2.702356138549764
44.59,-16.838709677419356,7.548387096774196,0.0,-0.0,180.1327559735245,-0.2981931076003035,0.1813380123410247,2.702524129266152
44.6,-16.838709677419356,7.548387096774196,0.0,0.0,180.1592903689913,-0.2982035530641265,0.181347565519001,2.7026846810914678
44.61,-16.838709677419356,7.548387096774196,0.0,0.0,180.18582446184993,-0.29821140815588754,0.18135804848231957,2.7028379278135497
44.62,-16.838709677419356,7.548387096774196,0.0,0.0,180.2123582776698,-0.29821695814635674,0.18136928704077865,2.7029840231047637
44.63,-16.838709677419356,7.548387096774196,0.0,0.0,180.23889184027206,-0.29822046425607596,0.18138112591901662,2.7031231372323417
44.64,-16.838709677419356,7.548387096774196,0.0,0.0,180.2654251718153,-0.29822216531398693,0.18139342703535483,2.703255454099006
44.65,-16.838709677419356,7.548387096774196,0.0,0.0,180.29195829288153,-0.2982222793297544,0.18140606792863867,2.7033811685874043
44.66,-16.838709677419356,7.548387096774196,0.0,0.0,180.3184912225609,-0.29822100498105053,0.18141894031986638,2.703500484184535
44.67,-16.838709677419356,7.548387096774196,0.0,0.0,180.34502397853544,-0.2982185230178065,0.1814319487965217,2.7036136108623467
44.68,-16.838709677419356,7.548387096774196,0.0,0.0,180.37155657716045,-0.29821499758555303,0.18144500960900772,2.703720763193931
44.69,-16.838709677419356,7.548387096774196,0.0,0.0,180.3980890335438,-0.29821057747050084,0.1814580495694168,2.703822158684747
44.7,-16.838709677419356,7.548387096774196,0.0,0.0,180.42462136162231,-0.2982053972690699,0.18147100504396751,2.7039180163006886
44.71,-16.838709677419356,7.548387096774196,0.0,0.0,180.45115357423543,-0.2981995784849172,0.18148382103108707,2.704008555174959
44.72,-16.838709677419356,7.548387096774196,0.0,0.0,180.47768568319577,-0.2981932305563344,0.18149645031814388,2.7040939934787693
44.73,-16.838709677419356,7.548387096774196,0.0,0.0,180.50421769935656,-0.29818645181729786,0.181508852710129,2.704174547439819
44.74,-16.838709677419356,7.548387096774196,0.0,0.0,54.867043489084146,-0.298179330395157,0.18152099432448826,2.7042504304955735
44.75,-16.838709677419356,7.548387096774196,0.0,0.0,180.5572814922778,-0.298171945048159,0.18153284694661714,2.704321852568125
44.76,-16.838709677419356,7.548387096774196,0.0,0.0,180.5838132865102,-0.2981643659458133,0.18154438744115126,2.7043890194493225
44.77,-16.838709677419356,7.548387096774196,0.0,0.0,180.61034502299967,-0.29815665539524483,0.18155559721440884,2.704452132284559
44.78,-16.838709677419356,7.548387096774196,0.0,0.0,180.63687670870314,-0.2981488685163243,0.18156646172401986,2.7045113871463387
44.79,-16.838709677419356,7.548387096774196,0.0,0.0,54.999702206365036,-0.2981410538686202,0.18157697003176682,2.7045669746873604
44.8,-16.838709677419356,7.548387096774196,0.0,0.0,180.68993995252183,-0.29813325403286206,0.18158711439625752,2.704619079865363
44.81,-16.838709677419356,7.548387096774196,0.0,0.0,180.71647152162774,-0.2981255061495889,0.1815968899022189,2.7046678817320324
44.82,-16.838709677419356,7.548387096774196,0.0,0.0,180.74300306201272,-0.29811784241768846,0.18160629412335888,2.704713553278233
44.83,-16.838709677419356,7.548387096774196,0.0,0.0,180.76953457796156,-0.29811029055512495,0.18161532681624387,2.704756261330193
44.84,-16.838709677419356,7.548387096774196,0.0,0.0,180.79606607334117,-0.29810287422439075,0.18162398964252935,2.704796166489746
44.85,-16.838709677419356,7.548387096774196,0.0,0.0,180.82259755163372,-0.29809561342486335,0.1816322859173124,2.7048334231137576
44.86,-16.838709677419356,7.548387096774196,0.0,0.0,180.84912901596763,-0.29808852485420667,0.18164022038148808,2.7048681793279683
44.87,-16.838709677419356,7.548387096774196,0.0,0.0,180.87566046914642,-0.2980816222409244,0.18164779899607902,2.7049005770703958
44.88,-16.838709677419356,7.548387096774196,0.0,0.0,180.90219191367555,-0.29807491664994235,0.1816550287567903,2.704930752160723
44.89,-16.838709677419356,7.548387096774196,0.0,0.0,180.92872335178745,-0.29806841676311246,0.1816619175270504,2.7049588343916438
44.9,-16.838709677419356,7.548387096774196,0.0,0.0,180.9552547854648,-0.2980621291363317,0.18166847388803753,2.704984947639182
44.91,-16.838709677419356,7.548387096774196,0.0,0.0,55.31808007287031,-0.2980560584349301,0.18167470700424215,2.7050092099889147
44.92,-16.838709677419356,7.548387096774196,0.0,0.0,181.0083176463254,-0.2980502076488907,0.1816806265032314,2.705031733875345
44.93,-16.838709677419356,7.548387096774196,0.0,0.0,181.03484907641143,-0.29804457828933106,0.18168624236841413,2.705052626232154
44.94,-16.838709677419356,7.548387096774196,0.0,0.0,181.06138050790418,-0.2980391705676211,0.18169156484367888,2.7050719886511922
44.95,-16.838709677419356,7.548387096774196,0.0,0.0,181.08791194183098,-0.29803398355843824,0.18169660434884283,2.70508991754815
44.96,-16.838709677419356,7.548387096774196,0.0,0.0,181.11444337907716,-0.2980290153479339,0.18170137140498793,2.7051065043334286
44.97,-16.838709677419356,7.548387096774196,0.0,0.0,181.1409748203995,-0.29802426316817576,0.18170587656875897,2.7051218355864677
44.98,-16.838709677419356,7.548387096774196,0.0,0.0,181.16750626643872,-0.2980197235188953,0.18171013037483696,2.705135993232344
44.99,-16.838709677419356,7.548387096774196,0.0,0.0,181.19403771773094,-0.2980153922775246,0.18171414328584018,2.7051490547195303
45.0,-16.838709677419356,7.548387096774196,0.0,0.0,55.55686303112639,-0.29801126479847984,0.18171792564892214,2.7051610931975114
45.01,-16.838709677419356,7.548387096774196,0.0,0.0,181.24710063775788,-0.2980073360025277,0.1817214876584563,2.7051721776935445
45.02,-16.838709677419356,7.548387096774196,0.0,0.0,181.2736321071323,-0.298003600457021,0.1817248393242369,2.705182373287884
45.03,-16.838709677419356,7.548387096774196,0.0,0.0,181.30016358305605,-0.2980000524477797,0.18172799044462745,2.7051917412865905
45.04,-16.838709677419356,7.548387096774196,0.0,0.0,181.32669506568382,-0.2979966860433083,0.18173095058416727,2.7052003393914084
45.05,-16.838709677419356,7.548387096774196,0.0,0.0,55.6895204115255,-0.2979934951519947,0.1817337290551786,2.7052082218661933
45.06,-16.838709677419356,7.548387096774196,0.0,0.0,181.37975805141087,-0.29799047357284403,0.1817363349030111,2.7052154396998085
45.07,-16.838709677419356,7.548387096774196,0.0,0.0,181.40628955457814,-0.2979876150404186,0.18173877689442353,2.705222040764412
45.08,-16.838709677419356,7.548387096774196,0.0,0.0,181.43282106459625,-0.29798491326434795,0.1817410635089048,2.7052280699698192
45.09,-16.838709677419356,7.548387096774196,0.0,0.0,181.45935258141103,-0.2979823619640234,0.18174320293248253,2.7052335694128757
45.1,-16.838709677419356,7.548387096774196,0.0,0.0,181.48588410494102,-0.29797995489882734,0.1817452030538157,2.7052385785222355
45.11,-16.838709677419356,7.548387096774196,0.0,0.0,181.5124156350815,-0.29797768589437057,0.18174707146224317,2.7052431341980263
45.12,-16.838709677419356,7.548387096774196,0.0,0.0,181.5389471717079,-0.2979755488650455,0.1817488154476128,2.7052472709467494
45.13,-16.838709677419356,7.548387096774196,0.0,0.0,181.5654787146788,-0.2979735378333017,0.1817504420016186,2.70525102101102
45.14,-16.838709677419356,7.548387096774196,0.0,0.0,181.59201026383894,-0.297971646945953,0.18175195782044834,2.7052544144941675
45.15,-16.838709677419356,7.548387096774196,0.0,0.0,181.6185418190217,-0.29796987048777757,0.18175336930860259,2.7052574794799567
45.16,-16.838709677419356,7.548387096774196,0.0,0.0,181.6450733800513,-0.2979682028927315,0.18175468258366562,2.705260242147132
45.17,-16.838709677419356,7.548387096774196,0.0,0.0,181.67160494674496,-0.297966638752972,0.18175590348193504,2.7052627268791767
45.18,-16.838709677419356,7.548387096774196,0.0,0.0,181.6981365189146,-0.29796517282594537,0.18175703756475442,2.7052649563692195
45.19,-16.838709677419356,7.548387096774196,0.0,0.0,181.72466809636848,-0.2979638000397993,0.1817580901253681,2.70526695171981
45.2,-16.838709677419356,7.548387096774196,0.0,0.0,181.75119967891266,-0.297962515497185,0.18175906619632692,2.705268732538517
45.21,-16.838709677419356,7.548387096774196,0.0,0.0,181.7777312663522,-0.297961314477748,0.1817599705572182,2.705270317028636
45.22,-16.838709677419356,7.548387096774196,0.0,0.0,181.80426285849228,-0.2979601924394122,0.18176080774268966,2.705271722075496
45.23,-16.838709677419356,7.548387096774196,0.0,0.0,181.83079445513917,-0.2979591450185908,0.18176158205070686,2.705272963328583
45.24,-16.838709677419356,7.548387096774196,0.0,0.0,181.85732605610107,-0.29795816802950226,0.1817622975509195,2.705274055279267
45.25,-16.838709677419356,7.548387096774196,0.0,0.0,181.88385766118878,-0.29795725746264434,0.18176295809315896,2.705275011334786
45.26,-16.838709677419356,7.548387096774196,0.0,0.0,181.91038927021637,-0.2979564094826219,0.18176356731591348,2.705275843887994
45.27,-16.838709677419356,7.548387096774196,0.0,0.0,181.9369208830017,-0.2979556204253466,0.18176412865482117,2.705276564383569
45.28,-16.838709677419356,7.548387096774196,0.0,0.0,56.29974635577508,-0.29795488679472326,0.18176464535111747,2.7052771833806677
45.29,-16.838709677419356,7.548387096774196,0.0,0.0,181.98998411913828,-0.29795420525895455,0.18176512045994558,2.7052777106118264
45.3,-16.838709677419356,7.548387096774196,0.0,0.0,182.01651574214762,-0.29795357264645395,0.18176555685858242,2.70527815503877
45.31,-16.838709677419356,7.548387096774196,0.0,0.0,182.04304736823136,-0.29795298594147535,0.18176595725451694,2.7052785249050304
45.32,-16.838709677419356,7.548387096774196,0.0,0.0,182.06957899723133,-0.2979524422795361,0.18176632419333305,2.705278827785355
45.33,-16.838709677419356,7.548387096774196,0.0,0.0,182.09611062899472,-0.2979519389426284,0.18176666006644132,2.7052790706324275
45.34,-16.838709677419356,7.548387096774196,0.0,0.0,182.12264226337422,-0.29795147335434313,0.18176696711856272,2.705279259820541
45.35,-16.838709677419356,7.548387096774196,0.0,0.0,182.14917390022802,-0.29795104307485865,0.1817672474550452,2.7052794011869086
45.36,-16.838709677419356,7.548387096774196,0.0,0.0,182.17570553941988,-0.2979506457959067,0.1817675030489253,2.7052795000702696
45.37,-16.838709677419356,7.548387096774196,0.0,0.0,182.20223718081903,-0.29795027933569673,0.1817677357477776,2.705279561347222
45.38,-16.838709677419356,7.548387096774196,0.0,0.0,182.22876882430015,-0.2979499416338667,0.18176794728030998,2.705279589466171
45.39,-16.838709677419356,7.548387096774196,-0.0,-0.0,182.25530046974342,-0.2979496307464664,0.1817681392627168,2.705279588479101
45.4,-16.838709677419356,7.548387096774196,-0.0,-0.0,182.28183211703427,-0.2979493448409456,0.18176831320484038,2.705279562071621
45.41,-16.838709677419356,7.548387096774196,-0.0,-0.0,182.30836376606337,-0.29794908219128224,0.18176847051601913,2.7052795135906247
45.42,-16.838709677419356,7.548387096774196,-0.0,-0.0,182.3348954167265,-0.2979488411731577,0.18176861251073845,2.7052794460703855
45.43,-16.838709677419356,7.548387096774196,-0.0,-0.0,182.36142706892448,-0.29794862025922586,0.18176874041404595,2.705279362256947
45.44,-16.838709677419356,7.548387096774196,-0.0,-0.0,182.38795872256293,-0.297948418014516,0.18176885536671145,2.705279264630751
45.45,-16.838709677419356,7.548387096774196,-0.0,-0.0,182.41449037755217,-0.29794823309193563,0.18176895843017266,2.705279155427836
45.46,-16.838709677419356,7.548387096774196,-0.0,-0.0,182.44102203380714,-0.2979480642279251,0.18176905059123294,2.7052790366594506
45.47,-16.838709677419356,7.548387096774196,-0.0,-0.0,182.4675536912472,-0.297947910238209,0.18176913276656742,2.7052789101304997
45.48,-16.838709677419356,7.548387096774196,-0.0,-0.0,182.49408534979588,-0.297947770013713,0.1817692058069933,2.7052787774565648
45.49,-16.838709677419356,7.548387096774196,-0.0,-0.0,182.5206170093809,-0.2979476425166203,0.18176927050152286,2.7052786400796927
45.5,-16.838709677419356,7.548387096774196,-0.0,-0.0,182.54714866993393,-0.2979475267765559,0.1817693275812321,2.70527849928316
45.51,-16.838709677419356,7.548387096774196,-0.0,-0.0,182.5736803313904,-0.2979474218869247,0.18176937772291824,2.7052783562050937
45.52,-16.838709677419356,7.548387096774196,-0.0,-0.0,182.60021199368936,-0.29794732700138304,0.18176942155257925,2.7052782118511773
45.53,-16.838709677419356,7.548387096774196,-0.0,-0.0,182.62674365677339,-0.29794724133047357,0.18176945964868774,2.7052780671062777
45.54,-16.838709677419356,7.548387096774196,-0.0,-0.0,182.65327532058836,-0.2979471641383795,0.18176949254530894,2.7052779227453434
45.55,-16.838709677419356,7.548387096774196,-0.0,-0.0,57.01610084149163,-0.29794709473983394,0.18176952073503566,2.705277779443397
45.56,-16.838709677419356,7.548387096774196,-0.0,-0.0,182.70633865021045,-0.2979470324971576,0.18176954467176837,2.7052776377848167
45.57,-16.838709677419356,7.548387096774196,-0.0,-0.0,57.069164172332925,-0.29794697681744964,0.18176956477332035,2.7052774982717933
45.58,-16.838709677419356,7.548387096774196,-0.0,-0.0,182.75940198218368,-0.2979469271498767,0.18176958142390715,2.705277361332334
45.59,-16.838709677419356,7.548387096774196,-0.0,-0.0,182.7859336489479,-0.29794688298313887,0.18176959497644263,2.7052772273273358
45.6,-16.838709677419356,7.548387096774196,-0.0,-0.0,57.14875917258839,-0.29794684384300885,0.18176960575475565,2.7052770965574293
45.61,-16.838709677419356,7.548387096774196,-0.0,-0.0,182.83899698384556,-0.2979468092900368,0.18176961405562636,2.7052769692689798
45.62,-16.838709677419356,7.548387096774196,-0.0,-0.0,182.8655286519116,-0.2979467789173489,0.18176962015072728,2.7052768456597667
45.63,-16.838709677419356,7.548387096774196,-0.0,-0.0,182.8920603203478,-0.2979467523485779,0.18176962428842391,2.7052767258840587
45.64,-16.838709677419356,7.548387096774196,-0.0,-0.0,182.9185919891257,-0.2979467292358713,0.18176962669549934,2.70527661005748
45.65,-16.838709677419356,7.548387096774196,-0.0,-0.0,182.94512365821868,-0.2979467092580437,0.18176962757873055,2.70527649826122
45.66,-16.838709677419356,7.548387096774196,-0.0,-0.0,182.97165532760195,-0.29794669211881963,0.18176962712637812,2.705276390545952
45.67,-16.838709677419356,7.548387096774196,-0.0,-0.0,182.9981869972524,-0.2979466775451507,0.18176962550960118,2.705276286935554
45.68,-16.838709677419356,7.548387096774196,-0.0,-0.0,183.02471866714845,-0.2979466652856617,0.1817696228837461,2.7052761874302713
45.69,-16.838709677419356,7.548387096774196,-0.0,-0.0,183.0512503372701,-0.29794665510916807,0.1817696193895726,2.7052760920097363
45.7,-16.838709677419356,7.548387096774196,-0.0,-0.0,183.0777820075987,-0.2979466468032783,0.18176961515439172,2.705276000635677
45.71,-16.838709677419356,7.548387096774196,-0.0,-0.0,183.10431367811694,-0.29794664017307415,0.18176961029313954,2.7052759132544346
45.72,-16.838709677419356,7.548387096774196,-0.0,-0.0,183.13084534880872,-0.29794663503989405,0.18176960490934857,2.7052758297990773
45.73,-16.838709677419356,7.548387096774196,-0.0,-0.0,183.15737701965912,-0.2979466312401635,0.18176959909607987,2.7052757501914666
45.74,-16.838709677419356,7.548387096774196,-0.0,-0.0,183.18390869065433,-0.29794662862431176,0.18176959293677675,2.7052756743440427
45.75,-16.838709677419356,7.548387096774196,-0.0,-0.0,183.21044036178154,-0.2979466270557407,0.18176958650607256,2.705275602161514
45.76,-16.838709677419356,7.548387096774196,-0.0,-0.0,183.2369720330289,-0.29794662640988623,0.18176957987051334,2.705275533542208
45.77,-16.838709677419356,7.548387096774196,-0.0,-0.0,183.26350370438547,-0.29794662657329885,0.181769573089269,2.705275468379524
45.78,-16.838709677419356,7.548387096774196,-0.0,-0.0,183.29003537584114,-0.2979466274428315,0.18176956621474477,2.7052754065629356
45.79,-16.838709677419356,7.548387096774196,-0.0,-0.0,183.31656704738657,-0.2979466289248287,0.1817695592931997,2.7052753479792018
45.8,-16.838709677419356,7.548387096774196,-0.0,-0.0,183.34309871901317,-0.2979466309344194,0.18176955236526665,2.705275292513122
45.81,-16.838709677419356,7.548387096774196,-0.0,-0.0,183.369630390713,-0.29794663339481153,0.1817695454664821,2.7052752400484965
45.82,-16.838709677419356,7.548387096774196,-0.0,-0.0,183.3961620624788,-0.29794663623666584,0.18176953862774053,2.705275190468761
45.83,-16.838709677419356,7.548387096774196,-0.0,-0.0,183.42269373430383,-0.2979466393975061,0.1817695318757218,2.7052751436575884
45.84,-16.838709677419356,7.548387096774196,-0.0,-0.0,183.449225406182,-0.297946642821151,0.18176952523330392,2.7052750994995245
45.85,-16.838709677419356,7.548387096774196,-0.0,-0.0,183.47575707810765,-0.2979466464572087,0.18176951871992097,2.705275057880408
45.86,-16.838709677419356,7.548387096774196,-0.0,-0.0,183.50228875007562,-0.29794665026059075,0.18176951235190614,2.7052750186878063
45.87,-16.838709677419356,7.548387096774196,-0.0,-0.0,183.5288204220812,-0.29794665419107647,0.18176950614279325,2.705274981811312
45.88,-16.838709677419356,7.548387096774196,-0.0,-0.0,183.55535209412005,-0.29794665821289135,0.18176950010361237,2.7052749471428927
45.89,-16.838709677419356,7.548387096774196,-0.0,-0.0,183.58188376618827,-0.29794666229433053,0.18176949424314237,2.70527491457708
45.9,-16.838709677419356,7.548387096774196,-0.0,-0.0,183.60841543828226,-0.297946666407396,0.1817694885681601,2.7052748840112306
45.91,-16.838709677419356,7.548387096774196,-0.0,-0.0,183.63494711039877,-0.2979466705274709,0.1817694830836566,2.7052748553456594
45.92,-16.838709677419356,7.548387096774196,-0.0,-0.0,183.66147878253483,-0.2979466746330197,0.18176947779303337,2.7052748284837382
45.93,-16.838709677419356,7.548387096774196,-0.0,-0.0,183.68801045468774,-0.2979466787052978,0.18176947269829502,2.7052748033320504
45.94,-16.838709677419356,7.548387096774196,-0.0,-0.0,183.71454212685512,-0.29794668272810965,0.18176946780019876,2.705274779800343
45.95,-16.838709677419356,7.548387096774196,-0.0,-0.0,183.74107379903475,-0.29794668668753777,0.1817694630984386,2.7052747578017726
45.96,-16.838709677419356,7.548387096774196,-0.0,-0.0,183.76760547122464,-0.2979466905717527,0.18176945859175292,2.7052747372527235
45.97,-16.838709677419356,7.548387096774196,-0.0,-0.0,183.79413714342303,-0.2979466943708009,0.1817694542780578,2.7052747180728707
45.98,-16.838709677419356,7.548387096774196,-0.0,-0.0,183.82066881562832,-0.2979466980764083,0.1817694501545727,2.7052747001852193
45.99,-16.838709677419356,7.548387096774196,-0.0,-0.0,183.84720048783907,-0.2979467016818136,0.1817694462179164,2.7052746835160497
46.0,-16.838709677419356,7.548387096774196,-0.0,-0.0,58.21002601646227,-0.29794670518161803,0.18176944246419396,2.7052746679948196
46.01,-16.838709677419356,8.70967741935484,-0.0,-0.0,183.90045893142565,-0.2957663594481823,0.27153323091381476,2.7008248326023905
46.02,-16.838709677419356,8.70967741935484,-0.0,-0.0,183.92735307175235,-0.29421960746453557,0.26293742422108846,2.6965355552559416
46.03,-16.838709677419356,8.70967741935484,-0.0,-0.0,183.95439053894077,-0.2931963742132273,0.25527504965252684,2.692440608968283
46.04,-16.838709677419356,8.70967741935484,-0.0,-0.0,183.9815505184099,-0.2926026881256698,0.2484444915281343,2.6885646079687975
46.05,-16.838709677419356,8.70967741935484,-0.0,-0.0,184.00881501462175,-0.29235860999990315,0.24235485504570753,2.6849243941965057
46.06,-16.838709677419356,8.70967741935484,-0.0,-0.0,184.03616849017635,-0.2923963698430019,0.23692494703135925,2.6815302886984753
46.07,-16.838709677419356,8.70967741935484,-0.0,-0.0,184.0635975478854,-0.2926587090188719,0.23208232929762418,2.678387207988304
46.08,-16.838709677419356,8.70967741935484,-0.0,-0.0,184.09109065139825,-0.29309741753574103,0.22776244506911703,2.6754956492079165
46.09,-16.838709677419356,8.70967741935484,-0.0,-0.0,184.11863788021952,-0.2936720520736138,0.2239078168415961,2.672852550678696
46.1,-16.838709677419356,8.70967741935484,-0.0,-0.0,184.1462307152736,-0.2943488183501297,0.22046731285745846,2.670452036314666
46.11,-16.838709677419356,8.70967741935484,-0.0,-0.0,184.1738618515089,-0.29509960088860177,0.21739547873625664,2.6682860535383166
46.12,-16.838709677419356,8.70967741935484,-0.0,-0.0,184.20152503436978,-0.2959011236442961,0.2146519304694643,2.6663449149196845
46.13,-16.838709677419356,8.70967741935484,-0.0,-0.0,184.22921491728647,-0.2967342258900745,0.21220080484247006,2.664617753865184
46.14,-16.838709677419356,8.70967741935484,-0.0,-0.0,184.2569269376358,-0.29758323900365324,0.21001026331021333,2.663092904431317
46.15,-16.838709677419356,8.70967741935484,-0.0,-0.0,58.620951065313584,-0.29843545116638004,0.20805204538476585,2.661758214827138
46.16,-16.838709677419356,8.70967741935484,-0.0,-0.0,184.31240242704797,-0.29928064836763824,0.20630106767213996,2.6606013034887357
46.17,-16.838709677419356,8.70967741935484,0.0,-0.0,184.3401597892465,-0.300110721443126,0.20473506480934311,2.659609765828275
46.18,-16.838709677419356,8.70967741935484,0.0,-0.0,184.36792692351497,-0.3009193301205766,0.20333426869447324,2.6587713389392853
46.19,-16.838709677419356,8.70967741935484,0.0,-0.0,184.39570182775148,-0.30170161618435754,0.20208112256685662,2.6580740307191064
46.2,-16.838709677419356,8.70967741935484,0.0,-0.0,184.42348281702397,-0.3024539588941155,0.2009600266763416,2.6575062190796137
46.21,-16.838709677419356,8.70967741935484,0.0,-0.0,184.45126847801907,-0.3031737667033092,0.19995711247640235,2.6570567261787006
46.22,-16.838709677419356,8.70967741935484,0.0,-0.0,184.47905762971672,-0.30385930012687257,0.1990600424801301,2.6567148719287186
46.23,-16.838709677419356,8.70967741935484,0.0,-0.0,184.50684928946995,-0.3045095213116118,0.19825783312702527,2.656470510428924
46.24,-16.838709677419356,8.70967741935484,0.0,-0.0,184.5346426437734,-0.30512396647737083,0.1975406982179,2.6563140524285496
46.25,-16.838709677419356,8.70967741935484,0.0,-0.0,184.5624370230947,-0.30570263793096997,0.19689991068152402,2.6562364764530653
46.26,-16.838709677419356,8.70967741935484,0.0,-0.0,184.5902318802239,-0.30624591281769975,0.19632768063684225,2.656229330813559
46.27,-16.838709677419356,8.70967741935484,0.0,-0.0,184.6180267716662,-0.3067544661752142,0.1958170479063267,2.656284728363228
46.28,-16.838709677419356,8.70967741935484,0.0,-0.0,184.64582134166565,-0.3072292061998767,0.19536178731752785,2.6563953355598406
46.29,-16.838709677419356,8.70967741935484,0.0,-0.0,184.67361530850147,-0.30767121993296365,0.19495632529999418,2.6565543571333636
46.3,-16.838709677419356,8.70967741935484,0.0,-0.0,184.70140845274588,-0.308081727830261,0.19459566644235848,2.656755517435793
46.31,-16.838709677419356,8.70967741935484,0.0,-0.0,184.72920060721395,-0.3084620458984191,0.19427532881990017,2.656993039364698
46.32,-16.838709677419356,8.70967741935484,0.0,-0.0,184.756991648372,-0.3088135542707011,0.19399128703543767,2.657261621592607
46.33,-16.838709677419356,8.70967741935484,0.0,-0.0,184.7847814890022,-0.30913767125679126,0.19373992203723922,2.6575564147030923
46.34,-16.838709677419356,8.70967741935484,0.0,-0.0,184.81257007194867,-0.3094358320407591,0.19351797688633987,2.657872996721546
46.35,-16.838709677419356,8.70967741935484,0.0,-0.0,184.84035736479387,-0.30970947132050464,0.19332251774367137,2.6582073484362074
46.36,-16.838709677419356,8.70967741935484,0.0,-0.0,59.20443721174282,-0.3099600092844783,0.19315089943482922,2.658555828826035
46.37,-16.838709677419356,8.70967741935484,0.0,-0.0,184.89592804774455,-0.31018884040914707,0.19300073502833914,2.6589151508469726
46.38,-16.838709677419356,8.70967741935484,0.0,-0.0,184.9237114593273,-0.31039732463586844,0.19286986893248648,2.659282357773386
46.39,-16.838709677419356,8.70967741935484,0.0,-0.0,184.9514936177738,-0.3105867805501541,0.19275635307714956,2.6596548002466904
46.4,-16.838709677419356,8.70967741935484,0.0,-0.0,184.9792745588537,-0.3107584802416048,0.19265842580100911,2.660030114144442
46.41,-16.838709677419356,8.70967741935484,0.0,-0.0,185.00705432447748,-0.3109136455699024,0.1925744931122817,2.6604061993529036
46.42,-16.838709677419356,8.70967741935484,0.0,-0.0,185.03483296107564,-0.31105344560278003,0.19250311203289394,2.6607811994998416
46.43,-16.838709677419356,8.70967741935484,0.0,-0.0,185.06261051824865,-0.31117899502650537,0.19244297577274527,2.661153482683281
46.44,-16.838709677419356,8.70967741935484,0.0,-0.0,185.0903870476482,-0.3112913533591213,0.1923929005127949,2.6615216232143646
46.45,-16.838709677419356,8.70967741935484,0.0,-0.0,185.1181626020551,-0.3113915248220196,0.19235181360387732,2.661884384378827
46.46,-16.838709677419356,8.70967741935484,0.0,-0.0,185.1459372346248,-0.3114804587472704,0.192318743012578,2.66224070220958
46.47,-16.838709677419356,8.70967741935484,0.0,-0.0,185.17371099827497,-0.3115590504166392,0.1922928078670143,2.6625896702545377
46.48,-16.838709677419356,8.70967741935484,0.0,-0.0,185.20148394519356,-0.31162814224424795,0.19227320997392772,2.662930525316117
46.49,-16.838709677419356,8.70967741935484,0.0,-0.0,185.2292561264487,-0.31168852522843515,0.19225922619477354,2.6632626341335
46.5,-16.838709677419356,8.70967741935484,0.0,-0.0,185.2570275916845,-0.3117409406100542,0.1922502015826303,2.663585480974575
46.51,-16.838709677419356,8.70967741935484,0.0,-0.0,185.28479838888921,-0.31178608168441335,0.19224554319406173,2.6638986561014435
46.52,-16.838709677419356,8.70967741935484,0.0,-0.0,59.64886242063181,-0.31182459572259336,0.19224471450076708,2.664201845071303
46.53,-16.838709677419356,8.70967741935484,0.0,-0.0,185.34033816189984,-0.3118570859652532,0.19224723033509417,2.664494818832682
46.54,-16.838709677419356,8.70967741935484,0.0,-0.0,185.36810722410303,-0.31188411365810165,0.19225265231173183,2.664777424577351
46.55,-16.838709677419356,8.70967741935484,0.0,-0.0,185.39587579094635,-0.3119062001037278,0.19226058467475005,2.665049577306751
46.56,-16.838709677419356,8.70967741935484,0.0,-0.0,185.42364390045543,-0.3119238287088302,0.19227067052546332,2.6653112520733417
46.57,-16.838709677419356,8.70967741935484,0.0,-0.0,185.4514115885756,-0.311937447009901,0.19228258839177315,2.6655624768567914
46.58,-16.838709677419356,8.70967741935484,0.0,-0.0,185.47917888919798,-0.31194746866362455,0.19229604910436127,2.665803326036415
46.59,-16.838709677419356,8.70967741935484,0.0,-0.0,59.843239690608634,-0.3119542753910469,0.1923107929491481,2.666033914422314
46.6,-16.838709677419356,8.70967741935484,0.0,-0.0,185.53471245349985,-0.3119582188669532,0.1923265870689368,2.666254391808835
46.61,-16.838709677419356,8.70967741935484,0.0,-0.0,185.56247877511447,-0.3119596225479335,0.19234322309019602,2.666464938015072
46.62,-16.838709677419356,8.70967741935484,0.0,-0.0,185.59024482523157,-0.3119587834342259,0.19236051495370443,2.6666657583791955
46.63,-16.838709677419356,8.70967741935484,0.0,-0.0,185.61801062828093,-0.31195597376190265,0.19237829693006314,2.6668570796744833
46.64,-16.838709677419356,8.70967741935484,0.0,-0.0,59.982070063419506,-0.31195144262316177,0.19239642180313976,2.667039146416505
46.65,-16.838709677419356,8.70967741935484,0.0,-0.0,185.6735415825684,-0.31194541751344906,0.19241475920633122,2.6672122175326796
46.66,-16.838709677419356,8.70967741935484,0.0,-0.0,185.70130677457468,-0.3119381058049844,0.192433194098096,2.6673765633668194
46.67,-16.838709677419356,8.70967741935484,0.0,-0.0,185.72907180120788,-0.3119296961469462,0.19245162536459182,2.667532462992868
46.68,-16.838709677419356,8.70967741935484,0.0,-0.0,185.7568366792797,-0.31192035979312926,0.192469964538467,2.667680201813444
46.69,-16.838709677419356,8.70967741935484,0.0,-0.0,185.78460142431274,-0.31191025185831234,0.1924881346239824,2.6678200694206016
46.7,-16.838709677419356,8.70967741935484,0.0,-0.0,185.8123660506157,-0.3118995125049837,0.19250606901951484,2.667952357697178
46.71,-16.838709677419356,8.70967741935484,0.0,-0.0,185.8401305713565,-0.3118882680623323,0.19252371052938977,2.6680773591387665
46.72,-16.838709677419356,8.70967741935484,0.0,-0.0,185.86789499863283,-0.31187663207962424,0.19254101045772765,2.668195365377632
46.73,-16.838709677419356,8.70967741935484,0.0,-0.0,185.89565934354027,-0.31186470631625607,0.19255792777765812,2.668306665891165
46.74,-16.838709677419356,8.70967741935484,0.0,-0.0,185.92342361623736,-0.31185258167090435,0.19257442836983374,2.6684115468785707
46.75,-16.838709677419356,8.70967741935484,0.0,-0.0,185.9511878260081,-0.31184033905229525,0.1925904843246824,2.668510290290477
46.76,-16.838709677419356,8.70967741935484,0.0,-0.0,185.97895198132142,-0.31182805019406246,0.19260607330341317,2.6686031729979156
46.77,-16.838709677419356,8.70967741935484,0.0,-0.0,186.00671608988768,-0.3118157784162974,0.19262117795309464,2.6686904660873383
46.78,-16.838709677419356,8.70967741935484,0.0,-0.0,186.03448015871237,-0.31180357933635783,0.1926357853715499,2.668772434269551
46.79,-16.838709677419356,8.70967741935484,0.0,-0.0,186.06224419414693,-0.311791501531409,0.1926498866182158,2.6688493353917946
46.8,-16.838709677419356,8.70967741935484,0.0,-0.0,186.0900082019367,-0.31177958715522713,0.19266347626734004,2.6689214200424307
46.81,-16.838709677419356,8.70967741935484,0.0,-0.0,186.11777218726627,-0.31176787251168037,0.19267655200023492,2.668988931238918
46.82,-16.838709677419356,8.70967741935484,0.0,-0.0,186.14553615480196,-0.31175638858727694,0.19268911423352364,2.6690521041902637
46.83,-16.838709677419356,8.70967741935484,0.0,-0.0,186.17330010873195,-0.3117451615450575,0.1927011657805996,2.669111166126139
46.84,-16.838709677419356,8.70967741935484,0.0,-0.0,186.20106405280387,-0.31173421318211103,0.19271271154365033,2.6691663361849747
46.85,-16.838709677419356,8.70967741935484,0.0,-0.0,186.22882799035992,-0.3117235613527791,0.1927237582339303,2.669217825354867
46.86,-16.838709677419356,8.70967741935484,0.0,-0.0,60.5928857807782,-0.31171322035973237,0.19273431411794828,2.6692658364603634
46.87,-16.838709677419356,8.70967741935484,0.0,-0.0,186.28435585746203,-0.31170320131475093,0.19274438878766031,2.669310564190484
46.88,-16.838709677419356,8.70967741935484,0.0,-0.0,186.31211979195146,-0.31169351247126054,0.1927539929526112,2.669352195161794
46.89,-16.838709677419356,8.70967741935484,0.0,-0.0,186.33988372986732,-0.3116841595303099,0.1927631382523871,2.6693909080127076
46.9,-16.838709677419356,8.70967741935484,0.0,-0.0,186.36764767297745,-0.3116751459217557,0.19277183708770051,2.6694268735244506
46.91,-16.838709677419356,8.70967741935484,0.0,-0.0,186.39541162281165,-0.3116664730623333,0.19278010246855892,2.669460254764581
46.92,-16.838709677419356,8.70967741935484,0.0,-0.0,186.42317558068316,-0.31165814059208974,0.19278794787819264,2.6694912072501067
46.93,-16.838709677419356,8.70967741935484,0.0,0.0,186.4509395477086,-0.3116501465907018,0.19279538715139144,2.6695198791266956
46.94,-16.838709677419356,8.70967741935484,0.0,0.0,186.47870352482647,-0.3116424877750905,0.19280243436603584,2.6695464113610554
46.95,-16.838709677419356,8.70967741935484,0.0,0.0,186.50646751281423,-0.3116351596795781,0.19280910374677274,2.6695709379443673
46.96,-16.838709677419356,8.70967741935484,0.0,0.0,186.53423151230407,-0.3116281568199144,0.19281540957972432,2.6695935861039493
46.97,-16.838709677419356,8.70967741935484,0.0,0.0,186.56199552379755,-0.31162147284227926,0.19282136613733614,2.669614476521508
46.98,-16.838709677419356,8.70967741935484,0.0,0.0,186.58975954767897,-0.3116151006584076,0.192826987612437,2.6696337235558683
46.99,-16.838709677419356,8.70967741935484,0.0,0.0,186.61752358422774,-0.31160903256782935,0.19283228806073338,2.6696514354688263
47.0,-16.838709677419356,8.70967741935484,0.0,0.0,60.981581490038074,-0.3116032603682577,0.19283728135092648,2.6696677146523156
47.01,-16.838709677419356,8.70967741935484,0.0,0.0,186.67305169598802,-0.3115977754549708,0.19284198112181172,2.6696826578560238
47.02,-16.838709677419356,8.70967741935484,0.0,0.0,186.70081577133172,-0.311592568910088,0.1928464007456765,2.669696356414066
47.03,-16.838709677419356,8.70967741935484,0.0,0.0,186.7285798596255,-0.3115876315825399,0.19285055329739442,2.669708896469719
47.04,-16.838709677419356,8.70967741935484,0.0,0.0,186.75634396077726,-0.3115829541594397,0.19285445152870873,2.6697203591976684
47.05,-16.838709677419356,8.70967741935484,0.0,0.0,186.78410807464536,-0.311578527229603,0.19285810784714874,2.669730821022676
47.06,-16.838709677419356,8.70967741935484,0.0,0.0,186.81187220104545,-0.3115743413398451,0.19286153429913522,2.669740353834225
47.07,-16.838709677419356,8.70967741935484,0.0,0.0,61.175930196164636,-0.3115703870446489,0.19286474255685793,2.669749025196693
47.08,-16.838709677419356,8.70967741935484,0.0,0.0,186.86740049052577,-0.3115666549498133,0.1928677439084865,2.669756898554296
47.09,-16.838709677419356,8.70967741935484,0.0,0.0,186.89516465307497,-0.3115631357505382,0.19287054925142244,2.6697640334309476
47.1,-16.838709677419356,8.70967741935484,0.0,0.0,186.92292882710353,-0.3115598202645158,0.19287316908817542,2.6697704856241384
47.11,-16.838709677419356,8.70967741935484,0.0,0.0,61.28698686870154,-0.31155669946041,0.19287561352463412,2.6697763073931218
47.12,-16.838709677419356,8.70967741935484,0.0,0.0,186.97845720831194,-0.31155376448219396,0.19287789227040153,2.669781547640887
47.13,-16.838709677419356,8.70967741935484,0.0,0.0,187.00622141481645,-0.3115510066696938,0.19288001464097926,2.669786252090059
47.14,-16.838709677419356,8.70967741935484,0.0,0.0,187.03398563145583,-0.31154841757573815,0.19288198956152947,2.6697904634523733
47.15,-16.838709677419356,8.70967741935484,0.0,0.0,187.06174985787385,-0.3115459889802237,0.19288382557202965,2.669794221591867
47.16,-16.838709677419356,8.70967741935484,0.0,0.0,187.0895140937113,-0.3115437129013936,0.19288553083362814,2.6697975636818
47.17,-16.838709677419356,8.70967741935484,0.0,0.0,187.11727833860806,-0.3115415816046312,0.1928871131360167,2.6698005243552445
47.18,-16.838709677419356,8.70967741935484,0.0,0.0,187.1450425922049,-0.31153958760903255,0.19288857990564834,2.6698031358493317
47.19,-16.838709677419356,8.70967741935484,0.0,0.0,187.1728068541451,-0.3115377236919725,0.1928899382146898,2.6698054281434236
47.2,-16.838709677419356,8.70967741935484,0.0,0.0,61.53686498048409,-0.3115359828919009,0.1928911947905605,2.6698074290912004
47.21,-16.838709677419356,8.70967741935484,0.0,0.0,187.22833540164922,-0.31153435850956757,0.19289235602594035,2.6698091645467557
47.22,-16.838709677419356,8.70967741935484,0.0,0.0,187.25609968652358,-0.31153284410787263,0.19289342798913545,2.6698106584847867
47.23,-16.838709677419356,8.70967741935484,0.0,0.0,187.28386397836417,-0.31153143351048174,0.19289441643473493,2.6698119331152004
47.24,-16.838709677419356,8.70967741935484,0.0,0.0,187.31162827684386,-0.3115301207993775,0.19289532681445754,2.6698130089921555
47.25,-16.838709677419356,8.70967741935484,0.0,0.0,187.33939258164392,-0.3115289003115196,0.19289616428808487,2.669813905117518
47.26,-16.838709677419356,8.70967741935484,0.0,0.0,187.3671568924544,-0.3115277666346614,0.1928969337344888,2.669814639039383
47.27,-16.838709677419356,8.70967741935484,0.0,0.0,187.39492120897452,-0.3115267146025098,0.19289763976263297,2.6698152269454107
47.28,-16.838709677419356,8.70967741935484,0.0,0.0,61.75897938732128,-0.3115257392893265,0.19289828672249754,2.669815683751145
47.29,-16.838709677419356,8.70967741935484,0.0,0.0,187.45044985798833,-0.31152483600402325,0.1928988787159276,2.669816023183812
47.3,-16.838709677419356,8.70967741935484,0.0,0.0,187.4782141899288,-0.3115240002838744,0.19289941960733104,2.6698162578615188
47.31,-16.838709677419356,8.70967741935484,0.0,0.0,187.50597852647272,-0.31152322788792475,0.19289991303418763,2.669816399367991
47.32,-16.838709677419356,8.70967741935484,0.0,0.0,187.53374286736837,-0.3115225147901173,0.19290036241738973,2.66981645832337
47.33,-16.838709677419356,8.70967741935484,0.0,0.0,187.56150721237398,-0.311521857172276,0.19290077097131597,2.6698164444507353
47.34,-16.838709677419356,8.70967741935484,0.0,0.0,187.5892715612577,-0.31152125141694764,0.192901141713669,2.6698163666388517
47.35,-16.838709677419356,8.70967741935484,0.0,0.0,187.61703591379745,-0.3115206941001356,0.1929014774750777,2.669816233001452
47.36,-16.838709677419356,8.70967741935484,0.0,0.0,187.6448002697808,-0.31152018198404274,0.19290178090837762,2.669816050932706
47.37,-16.838709677419356,8.70967741935484,0.0,0.0,187.67256462900482,-0.311519712009789,0.19290205449763342,2.66981582715955
47.38,-16.838709677419356,8.70967741935484,0.0,0.0,187.70032899127588,-0.31151928129017037,0.19290230056685853,2.6698155677907818
47.39,-16.838709677419356,8.70967741935484,0.0,0.0,187.72809335640943,-0.311518887102491,0.19290252128843077,2.6698152783630973
47.4,-16.838709677419356,8.70967741935484,0.0,0.0,187.75585772422974,-0.3115185268814744,0.19290271869121733,2.669814963884339
47.41,-16.838709677419356,8.70967741935484,0.0,0.0,187.78362209456972,-0.31151819821231674,0.1929028946683633,2.6698146288738105
47.42,-16.838709677419356,8.70967741935484,0.0,0.0,187.81138646727064,-0.31151789882384096,0.19290305098481164,2.669814277400229
47.43,-16.838709677419356,8.70967741935484,0.0,0.0,187.83915084218182,-0.31151762658181625,0.1929031892845019,2.6698139131171055
47.44,-16.838709677419356,8.70967741935484,0.0,0.0,187.86691521916043,-0.31151737948244596,0.1929033110972631,2.669813539295774
47.45,-16.838709677419356,8.70967741935484,0.0,0.0,187.8946795980712,-0.31151715564602744,0.19290341784541198,2.6698131588562153
47.46,-16.838709677419356,8.70967741935484,0.0,0.0,187.9224439787861,-0.31151695331076956,0.19290351085008162,2.6698127743959805
47.47,-16.838709677419356,8.70967741935484,0.0,0.0,187.9502083611841,-0.3115167708268487,0.1929035913372209,2.6698123882168305
47.48,-16.838709677419356,8.70967741935484,0.0,0.0,187.97797274515094,-0.3115166066506172,0.19290366044334784,2.6698120023497856
47.49,-16.838709677419356,8.70967741935484,0.0,0.0,62.34203098698699,-0.3115164593390234,0.19290371922102523,2.6698116185783713
47.5,-16.838709677419356,8.70967741935484,0.0,0.0,188.03350151736578,-0.3115163275442423,0.19290376864405312,2.6698112384601274
47.51,-16.838709677419356,8.70967741935484,0.0,0.0,188.06126590541632,-0.3115162100084985,0.19290380961241693,2.6698108633466537
47.52,-16.838709677419356,8.70967741935484,0.0,0.0,188.08903029464022,-0.31151610555909515,0.19290384295697915,2.6698104944021672
47.53,-16.838709677419356,8.70967741935484,0.0,0.0,188.1167946849527,-0.31151601310363164,0.19290386944394167,2.6698101326207766
47.54,-16.838709677419356,8.70967741935484,0.0,0.0,188.14455907627416,-0.311515931625451,0.19290388977904271,2.6698097788422683
47.55,-16.838709677419356,8.70967741935484,0.0,0.0,188.1723234685298,-0.31151586017923694,0.19290390461157547,2.669809433767006
47.56,-16.838709677419356,8.70967741935484,0.0,0.0,188.2000878616496,-0.311515797886865,0.19290391453812905,2.669809097969307
47.57,-16.838709677419356,8.70967741935484,0.0,0.0,188.22785225556783,-0.3115157439333731,0.1929039201061915,2.669808771910221
47.58,-16.838709677419356,8.70967741935484,0.0,0.0,188.255616650223,-0.3115156975631752,0.1929039218174945,2.6698084559489526
47.59,-16.838709677419356,8.70967741935484,0.0,0.0,188.2833810455576,-0.3115156580764331,0.19290392013118884,2.6698081503535125
47.6,-16.838709677419356,8.70967741935484,0.0,0.0,188.31114544151785,-0.3115156248256006,0.19290391546684127,2.6698078553105318
47.61,-16.838709677419356,8.70967741935484,0.0,0.0,188.33890983805358,-0.3115155972121564,0.19290390820723813,2.669807570934164
47.62,-16.838709677419356,8.70967741935484,0.0,0.0,188.36667423511793,-0.3115155746834639,0.19290389870105917,2.6698072972745006
47.63,-16.838709677419356,8.70967741935484,0.0,0.0,188.39443863266723,-0.311515556729852,0.19290388726533347,2.669807034324887
47.64,-16.838709677419356,8.70967741935484,0.0,0.0,188.42220303066085,-0.3115155428817986,0.1929038741877933,2.6698067820289406
47.65,-16.838709677419356,8.70967741935484,0.0,0.0,62.78626128546926,-0.3115155327072854,0.19290385972906277,2.6698065402868223
47.66,-16.838709677419356,8.70967741935484,0.0,0.0,188.47773182783243,-0.3115155258092812,0.19290384412472394,2.6698063089610558
47.67,-16.838709677419356,8.70967741935484,0.0,0.0,188.50549622694254,-0.3115155218234098,0.19290382758720592,2.66980608788152
47.68,-16.838709677419356,8.70967741935484,0.0,-0.0,188.53326062636103,-0.3115155204156803,0.1929038103076215,2.6698058768504302
47.69,-16.838709677419356,8.70967741935484,0.0,-0.0,188.5610250260598,-0.31151552128039817,0.19290379245742906,2.6698056756465096
47.7,-16.838709677419356,8.70967741935484,0.0,-0.0,188.58878942601288,-0.3115155241381775,0.19290377419001037,2.66980548402891
47.71,-16.838709677419356,8.70967741935484,0.0,-0.0,188.61655382619617,-0.31151552873406985,0.19290375564213624,2.6698053017407286
47.72,-16.838709677419356,8.70967741935484,0.0,-0.0,188.64431822658747,-0.3115155348358183,0.19290373693532314,2.669805128512086
47.73,-16.838709677419356,8.70967741935484,0.0,-0.0,188.67208262716625,-0.3115155422321816,0.1929037181771316,2.6698049640631427
47.74,-16.838709677419356,8.70967741935484,0.0,-0.0,188.69984702791362,-0.311515550731418,0.19290369946231434,2.6698048081063885
47.75,-16.838709677419356,8.70967741935484,0.0,-0.0,188.72761142881214,-0.3115155601597881,0.19290368087396192,2.6698046603492047
47.76,-16.838709677419356,8.70967741935484,0.0,-0.0,188.75537582984578,-0.3115155703602297,0.1929036624844882,2.6698045204956284
47.77,-16.838709677419356,8.70967741935484,0.0,-0.0,188.78314023099983,-0.31151558119106504,0.19290364435659368,2.669804388248237
47.78,-16.838709677419356,8.70967741935484,0.0,-0.0,188.81090463226082,-0.31151559252479744,0.19290362654415616,2.6698042633097887
47.79,-16.838709677419356,8.70967741935484,0.0,-0.0,188.83866903361633,-0.31151560424700264,0.1929036090930374,2.669804145384557
47.8,-16.838709677419356,8.70967741935484,0.0,-0.0,188.86643343505506,-0.31151561625529167,0.19290359204183116,2.6698040341794913
47.81,-16.838709677419356,8.70967741935484,0.0,-0.0,63.23049169297493,-0.3115156284583236,0.19290357542257341,2.6698039294053646
47.82,-16.838709677419356,8.70967741935484,0.0,-0.0,188.9219622381417,-0.3115156407749078,0.19290355926137726,2.669803830777613
47.83,-16.838709677419356,8.70967741935484,0.0,-0.0,188.9497266397716,-0.31151565313315244,0.19290354357903106,2.6698037380171407
47.84,-16.838709677419356,8.70967741935484,0.0,-0.0,63.3137848978568,-0.31151566546967646,0.19290352839154656,2.669803650850986
47.85,-16.838709677419356,8.70967741935484,0.0,-0.0,189.00525544316542,-0.31151567772888544,0.19290351371065517,2.6698035690128163
47.86,-16.838709677419356,8.70967741935484,0.0,-0.0,189.03301984491588,-0.3115156898622822,0.19290349954427777,2.66980349224343
47.87,-16.838709677419356,8.70967741935484,0.0,-0.0,189.06078424669408,-0.3115157018278316,0.19290348589695494,2.669803420291155
47.88,-16.838709677419356,8.70967741935484,0.0,-0.0,189.08854864849482,-0.31151571358939734,0.19290347277021302,2.669803352911976
47.89,-16.838709677419356,8.70967741935484,0.0,-0.0,189.11631305031338,-0.3115157251161702,0.1929034601629498,2.669803289869945
47.9,-16.838709677419356,8.70967741935484,0.0,-0.0,189.14407745214555,-0.3115157363821912,0.19290344807173487,2.669803230937162
47.91,-16.838709677419356,8.70967741935484,0.0,-0.0,189.1718418539876,-0.3115157473658752,0.19290343649111952,2.6698031758939575
47.92,-16.838709677419356,8.70967741935484,0.0,-0.0,189.1996062558361,-0.3115157580495769,0.19290342541391303,2.6698031245289604
47.93,-16.838709677419356,8.70967741935484,0.0,-0.0,189.22737065768814,-0.31151576841921846,0.19290341483140627,2.6698030766389627
47.94,-16.838709677419356,8.70967741935484,0.0,-0.0,189.25513505954106,-0.31151577846389733,0.19290340473362155,2.669803032029046
47.95,-16.838709677419356,8.70967741935484,0.0,-0.0,189.28289946139253,-0.3115157881755706,0.19290339510949894,2.6698029905124003
47.96,-16.838709677419356,8.70967741935484,0.0,-0.0,189.3106638632405,-0.3115157975487406,0.19290338594708167,2.669802951910247
47.97,-16.838709677419356,8.70967741935484,0.0,-0.0,189.33842826508325,-0.3115158065801815,0.19290337723367568,2.6698029160516574
47.98,-16.838709677419356,8.70967741935484,0.0,-0.0,189.3661926669192,-0.3115158152686548,0.19290336895602112,2.6698028827735727
47.99,-16.838709677419356,8.70967741935484,0.0,-0.0,189.39395706874708,-0.3115158236147093,0.19290336110038908,2.669802851920381
48.0,-16.838709677419356,8.70967741935484,0.0,-0.0,63.758015326974025,-0.31151583162042695,0.1929033536527398,2.6698028233439937
48.01,-16.838709677419356,9.870967741935488,0.0,-0.0,189.44967264126697,-0.30942159465269414,0.28308584795059233,2.6646054212857164
48.02,-16.838709677419356,9.870967741935488,0.0,-0.0,189.47778512930856,-0.3079067955128134,0.2748248162634884,2.6596319228752114
48.03,-16.838709677419356,9.870967741935488,0.0,-0.0,189.5060367298121,-0.3068746844904917,0.2674267120916751,2.6549111775342786
48.04,-16.838709677419356,9.870967741935488,0.0,-0.0,189.53440809541695,-0.3062420749750674,0.26080155646759784,2.650463739872721
48.05,-16.838709677419356,9.870967741935488,0.0,-0.0,189.5628823895596,-0.3059376717158817,0.2548684903367868,2.646303059861583
48.06,-16.838709677419356,9.870967741935488,0.0,-0.0,189.59144497853538,-0.30590056154398493,0.24955493362062608,2.642436571298969
48.07,-16.838709677419356,9.870967741935488,0.0,-0.0,189.62008315871986,-0.3060788635714067,0.2447958043462215,2.638866675788214
48.08,-16.838709677419356,9.870967741935488,0.0,-0.0,189.64878591546503,-0.30642853096790956,0.24053279737145639,2.6355916226607086
48.09,-16.838709677419356,9.870967741935488,0.0,-0.0,189.67754371039206,-0.3069122935932309,0.23671372092528253,2.6326062878147396
48.1,-16.838709677419356,9.870967741935488,0.0,-0.0,64.04264215045157,-0.30749872938309175,0.23329188844933868,2.6299028563723024
48.11,-16.838709677419356,9.870967741935488,0.0,-0.0,189.73519254111062,-0.3081614519797693,0.23022556283710505,2.6274714154226255
48.12,-16.838709677419356,9.870967741935488,0.0,-0.0,189.76407030571116,-0.308878402322333,0.2274774499814598,2.6253004639959494
48.13,-16.838709677419356,9.870967741935488,0.0,-0.0,189.79297629442559,-0.30963123252679914,0.22501423847600677,2.623377347864105
48.14,-16.838709677419356,9.870967741935488,0.0,-0.0,189.82190595504525,-0.31040477122324095,0.22280618232120175,2.6216886268754207
48.15,-16.838709677419356,9.870967741935488,0.0,-0.0,189.85085537918883,-0.3111865604593791,0.220826723535952,2.6202203823792614
48.16,-16.838709677419356,9.870967741935488,0.0,-0.0,189.87982121714577,-0.3119664552513486,0.21905215165403513,2.6189584719516947
48.17,-16.838709677419356,9.870967741935488,0.0,-0.0,189.90880060348405,-0.31273627781313884,0.21746129718398632,2.617888738158992
48.18,-16.838709677419356,9.870967741935488,0.0,-0.0,189.93779109212224,-0.31348951939635894,0.21603525622678144,2.6169971775449796
48.19,-16.838709677419356,9.870967741935488,0.0,-0.0,189.96679059971328,-0.3142210835053867,0.21475714357415165,2.6162700754404553
48.2,-16.838709677419356,9.870967741935488,0.0,-0.0,189.99579735631949,-0.3149270650120355,0.2136118717492177,2.6156941116001726
48.21,-16.838709677419356,9.870967741935488,0.0,-0.0,190.02480986247662,-0.3156045603770108,0.21258595359782317,2.615256441098032
48.22,-16.838709677419356,9.870967741935488,0.0,-0.0,190.0538268518514,-0.31625150479497677,0.21166732619063777,2.614944754367177
48.23,-16.838709677419356,9.870967741935488,0.0,-0.0,190.08284725879076,-0.31686653261977993,0.21084519395081103,2.6147473197715145
48.24,-16.838709677419356,9.870967741935488,0.0,-0.0,190.11187019014585,-0.31744885790239685,0.21010988907648576,2.6146530116382856
48.25,-16.838709677419356,9.870967741935488,0.0,-0.0,190.1408949008278,-0.3179981722915688,0.2094527474804906,2.6146513262748647
48.26,-16.838709677419356,9.870967741935488,0.0,-0.0,190.16992077261932,-0.31851455791260075,0.208865998618182,2.614732388129993
48.27,-16.838709677419356,9.870967741935488,0.0,-0.0,190.19894729582427,-0.3189984131583887,0.20834266771798493,2.614886947943633
48.28,-16.838709677419356,9.870967741935488,0.0,-0.0,190.22797405338906,-0.31945038960441186,0.2078764890656335,2.6151063744519085
48.29,-16.838709677419356,9.870967741935488,0.0,-0.0,190.25700070717576,-0.3198713385005991,0.20746182912216304,2.615382640974683
48.3,-16.838709677419356,9.870967741935488,0.0,-0.0,64.62232084251502,-0.3202622655025671,0.20709361837618057,2.6157083080054915
48.31,-16.838709677419356,9.870967741935488,0.0,-0.0,190.31505267593624,-0.3206242924862359,0.20676729094305957,2.616076502746678
48.32,-16.838709677419356,9.870967741935488,0.0,-0.0,190.34407761043497,-0.3209586254472785,0.2064787310268965,2.6164808963798736
48.33,-16.838709677419356,9.870967741935488,0.0,-0.0,190.3731016638016,-0.3212665276230977,0.2062242254556852,2.6169156797317434
48.34,-16.838709677419356,9.870967741935488,0.0,-0.0,190.40212474413852,-0.3215492970929106,0.20600042158641974,2.617375537884104
48.35,-16.838709677419356,9.870967741935488,0.0,-0.0,190.4311467878502,-0.3218082482135338,0.20580428995496858,2.6178556241824955
48.36,-16.838709677419356,9.870967741935488,0.0,-0.0,190.46016775484102,-0.322044696336544,0.20563309111623063,2.618351534017432
48.37,-16.838709677419356,9.870967741935488,0.0,-0.0,190.48918762440513,-0.32225994532878643,0.20548434618345102,2.6188592786833773
48.38,-16.838709677419356,9.870967741935488,0.0,-0.0,190.51820639171504,-0.3224552774840035,0.20535581063249486,2.619375259562818
48.39,-16.838709677419356,9.870967741935488,0.0,-0.0,190.5472240648279,-0.3226319454702433,0.205245450987665,2.6198962428335117
48.4,-16.838709677419356,9.870967741935488,0.0,-0.0,190.5762406621388,-0.3227911660068774,0.20515142405088427,2.620419334855206
48.41,-16.838709677419356,9.870967741935488,0.0,-0.0,190.60525621021986,-0.3229341150075429,0.20507205837620668,2.6209419583565703
48.42,-16.838709677419356,9.870967741935488,0.0,-0.0,190.63427074199225,-0.3230619239619599,0.20500583772730896,2.6214618295137027
48.43,-16.838709677419356,9.870967741935488,0.0,-0.0,190.66328429518447,-0.3231756773612917,0.20495138628707732,2.6219769359861775
48.44,-16.838709677419356,9.870967741935488,0.0,-0.0,65.02859076744556,-0.3232764109990578,0.20490745541627498,2.6224855159558165
48.45,-16.838709677419356,9.870967741935488,0.0,-0.0,190.72130863322064,-0.3233651110033149,0.20487291178274403,2.622986038195288
48.46,-16.838709677419356,9.870967741935488,0.0,-0.0,190.75031950693213,-0.3234427134761386,0.20484672670430415,2.623477183179772
48.47,-16.838709677419356,9.870967741935488,0.0,-0.0,190.77932957815153,-0.3235101046342215,0.20482796656738722,2.623957825241886
48.48,-16.838709677419356,9.870967741935488,0.0,-0.0,190.80833889302838,-0.32356812135946034,0.20481578420030067,2.6244270157613387
48.49,-16.838709677419356,9.870967741935488,0.0,-0.0,190.8373474973835,-0.32361755208180276,0.2048094110944576,2.624883967371199
48.5,-16.838709677419356,9.870967741935488,0.0,-0.0,190.8663554363074,-0.32365913792774204,0.20480815037999578,2.6253280391578673
48.51,-16.838709677419356,9.870967741935488,0.0,-0.0,190.89536275384117,-0.32369357407786037,0.204811370473298,2.6257587228254677
48.52,-16.838709677419356,9.870967741935488,0.0,-0.0,65.26066334913537,-0.323721511285207,0.2048184993238794,2.6261756297920207
48.53,-16.838709677419356,9.870967741935488,0.0,-0.0,190.9533756942186,-0.32374355751364425,0.20482901919673702,2.6265784791816715
48.54,-16.838709677419356,9.870967741935488,0.0,-0.0,190.98238139793975,-0.3237602796615586,0.20484246193386613,2.626967086675464
48.55,-16.838709677419356,9.870967741935488,0.0,-0.0,191.01138664178643,-0.32377220534186124,0.20485840464521143,2.6273413541812065
48.56,-16.838709677419356,9.870967741935488,0.0,-0.0,191.04039146186264,-0.3237798246938537,0.20487646578515706,2.627701260282474
48.57,-16.838709677419356,9.870967741935488,0.0,-0.0,191.06939589244539,-0.3237835922065244,0.2048963015758013,2.6280468514269053
48.58,-16.838709677419356,9.870967741935488,0.0,-0.0,191.09839996597373,-0.32378392853646987,0.20491760274256954,2.6283782338130144
48.59,-16.838709677419356,9.870967741935488,0.0,-0.0,191.1274037130572,-0.3237812223064309,0.20494009153180615,2.6286955659366016
48.6,-16.838709677419356,9.870967741935488,0.0,-0.0,191.1564071625001,-0.32377583187319003,0.2049635189832253,2.628999051757266
48.61,-16.838709677419356,9.870967741935488,0.0,-0.0,191.18541034133852,-0.32376808705564386,0.20498766243322786,2.6292889344474477
48.62,-16.838709677419356,9.870967741935488,0.0,-0.0,191.21441327488725,-0.3237582908158436,0.20501232322763618,2.6295654906869554
48.63,-16.838709677419356,9.870967741935488,0.0,-0.0,191.2434159867946,-0.3237467208873608,0.20503732462474633,2.629829025467469
48.64,-16.838709677419356,9.870967741935488,0.0,-0.0,191.27241849910283,-0.323733631346683,0.20506250987165542,2.630079867373159
48.65,-16.838709677419356,9.870967741935488,0.0,-0.0,191.30142083231294,-0.32371925412461455,0.20508774043850997,2.6303183643042103
48.66,-16.838709677419356,9.870967741935488,0.0,-0.0,191.33042300545227,-0.3237038004555548,0.2051128943969729,2.630544879612201
48.67,-16.838709677419356,9.870967741935488,0.0,-0.0,191.35942503614373,-0.32368746226335166,0.2051378649306157,2.6307597886179237
48.68,-16.838709677419356,9.870967741935488,0.0,-0.0,191.38842694067586,-0.3236704134832329,0.20516255896604774,2.630963475482896
48.69,-16.838709677419356,9.870967741935488,0.0,-0.0,191.41742873407293,-0.3236528113198105,0.20518689591478145,2.6311563304081167
48.7,-16.838709677419356,9.870967741935488,0.0,-0.0,191.44643043016433,-0.3236347974416409,0.2052108065167806,2.631338747135017
48.71,-16.838709677419356,9.870967741935488,0.0,-0.0,191.47543204165288,-0.32361649911331636,0.2052342317773984,2.6315111207243627
48.72,-16.838709677419356,9.870967741935488,0.0,-0.0,191.5044335801816,-0.3235980302662598,0.20525712199029655,2.6316738455912536
48.73,-16.838709677419356,9.870967741935488,0.0,-0.0,191.53343505639856,-0.32357949250976326,0.20527943583950004,2.6318273137749415
48.74,-16.838709677419356,9.870967741935488,0.0,-0.0,191.56243648001964,-0.3235609760839524,0.2053011395744072,2.63197191342398
48.75,-16.838709677419356,9.870967741935488,0.0,-0.0,191.59143785988908,-0.3235425607565814,0.20532220625205144,2.6321080274780813
48.76,-16.838709677419356,9.870967741935488,0.0,-0.0,191.62043920403744,-0.32352431666557413,0.2053426150414941,2.632236032530046
48.77,-16.838709677419356,9.870967741935488,0.0,-0.0,191.64944051973714,-0.32350630510947,0.20536235058550778,2.632356297851148
48.78,-16.838709677419356,9.870967741935488,0.0,-0.0,191.6784418135555,-0.3234885792878457,0.20538140241523606,2.6324691845655304
48.79,-16.838709677419356,9.870967741935488,0.0,-0.0,191.70744309140517,-0.32347118499388605,0.20539976441379826,2.6325750449597005
48.8,-16.838709677419356,9.870967741935488,0.0,-0.0,191.7364443585918,-0.3234541612612656,0.2054174343251447,2.632674221914379
48.81,-16.838709677419356,9.870967741935488,0.0,-0.0,191.76544561985952,-0.3234375409675563,0.20543441330470036,2.6327670484464605
48.82,-16.838709677419356,9.870967741935488,0.0,-0.0,191.79444687943365,-0.3234213513962181,0.2054507055087187,2.632853847350719
48.83,-16.838709677419356,9.870967741935488,0.0,-0.0,191.82344814106102,-0.3234056147593547,0.20546631771936597,2.6329349309306154
48.84,-16.838709677419356,9.870967741935488,0.0,-0.0,191.852449408048,-0.323390348683277,0.20548125900285696,2.633010600809015
48.85,-16.838709677419356,9.870967741935488,0.0,-0.0,191.88145068329618,-0.323375566658888,0.20549554039813545,2.633081147810202
48.86,-16.838709677419356,9.870967741935488,0.0,-0.0,191.91045196933584,-0.3233612784588171,0.20550917463382334,2.6331468519055345
48.87,-16.838709677419356,9.870967741935488,0.0,-0.0,191.93945326835734,-0.3233474905232985,0.20552217587117627,2.6332079822147114
48.88,-16.838709677419356,9.870967741935488,0.0,-0.0,191.96845458224033,-0.3233342063164688,0.2055345594712097,2.633264797057143
48.89,-16.838709677419356,9.870967741935488,0.0,-0.0,191.99745591258122,-0.3233214266550257,0.20554634178395648,2.6333175440460015
48.9,-16.838709677419356,9.870967741935488,0.0,-0.0,192.02645726071864,-0.32330915001077654,0.20555753995829895,2.6333664602205853
48.91,-16.838709677419356,9.870967741935488,0.0,-0.0,66.3917524841655,-0.32329737278881154,0.20556817177065467,2.6334117722110664
48.92,-16.838709677419356,9.870967741935488,0.0,-0.0,192.0844600145896,-0.3232860895827956,0.20557825547108555,2.633453696431413
48.93,-16.838709677419356,9.870967741935488,0.0,-0.0,192.11346142191704,-0.3232752934088807,0.20558780964541867,2.6334924392960875
48.94,-16.838709677419356,9.870967741935488,0.0,-0.0,192.1424628502683,-0.32326497591963155,0.2055968530921095,2.6335281974568554
48.95,-16.838709677419356,9.870967741935488,0.0,-0.0,192.17146430001722,-0.32325512759930475,0.2056054047126472,2.633561158056202
48.96,-16.838709677419356,9.870967741935488,0.0,-0.0,192.20046577139908,-0.32324573794178635,0.20561348341435504,2.6335914989940052
48.97,-16.838709677419356,9.870967741935488,0.0,-0.0,192.22946726452548,-0.32323679561233654,0.2056211080246082,2.63361938920507
48.98,-16.838709677419356,9.870967741935488,0.0,-0.0,192.2584687793982,-0.3232282885943203,0.2056282972154686,2.633644988944688
48.99,-16.838709677419356,9.870967741935488,0.0,-0.0,192.28747031592192,-0.3232202043219874,0.20563506943785814,2.633668450080097
49.0,-16.838709677419356,9.870967741935488,0.0,-0.0,66.65276573032412,-0.3232125298003361,0.20564144286442354,2.633689916385642
49.01,-16.838709677419356,9.870967741935488,0.0,-0.0,192.34547345312447,-0.32320525171297443,0.20564743534037,2.633709523840211
49.02,-16.838709677419356,9.870967741935488,0.0,-0.0,192.37447505322737,-0.32319835651894313,0.20565306434148678,2.6337274009248524
49.03,-16.838709677419356,9.870967741935488,0.0,-0.0,192.40347667384813,-0.32319183053928535,0.2056583469387686,2.633743668919664
49.04,-16.838709677419356,9.870967741935488,0.0,-0.0,192.43247831456256,-0.32318566003421423,0.2056632997689649,2.6337584421982774
49.05,-16.838709677419356,9.870967741935488,0.0,-0.0,192.46147997490604,-0.32317983127157235,0.20566793901054536,2.6337718285192797
49.06,-16.838709677419356,9.870967741935488,0.0,-0.0,66.82677551078865,-0.32317433058734335,0.20567228036449448,2.6337839293131524
49.07,-16.838709677419356,9.870967741935488,0.0,-0.0,192.5194833524599,-0.32316914443880806,0.2056763390395172,2.6337948399644056
49.08,-16.838709677419356,9.870967741935488,0.0,-0.0,192.54848506859693,-0.3231642594509867,0.20568012974118188,2.633804650088003
49.09,-16.838709677419356,9.870967741935488,0.0,-0.0,192.5774868022269,-0.32315966245697103,0.2056836666645453,2.633813443799207
49.1,-16.838709677419356,9.870967741935488,0.0,-0.0,192.60648855277267,-0.32315534053258044,0.20568696348999527,2.6338212999771566
49.11,-16.838709677419356,9.870967741935488,0.0,-0.0,192.63549031964874,-0.32315128102598334,0.20569003338180525,2.6338282925206533
49.12,-16.838709677419356,9.870967741935488,0.0,-0.0,192.66449210226466,-0.32314747158258306,0.2056928889892482,2.6338344905970636
49.13,-16.838709677419356,9.870967741935488,0.0,0.0,67.02978775643666,-0.3231439001657481,0.20569554244982258,2.6338399588829673
49.14,-16.838709677419356,9.870967741935488,0.0,0.0,192.722495712349,-0.32314055507365635,0.2056980053944537,2.6338447577973265
49.15,-16.838709677419356,9.870967741935488,0.0,0.0,192.75149753863926,-0.3231374249527301,0.20570028895431203,2.6338489437262513
49.16,-16.838709677419356,9.870967741935488,0.0,0.0,192.7804993783178,-0.3231344988079279,0.20570240376909932,2.6338525692398362
49.17,-16.838709677419356,9.870967741935488,0.0,0.0,192.80950123081104,-0.3231317660102222,0.2057043599965911,2.633855683300976
49.18,-16.838709677419356,9.870967741935488,0.0,0.0,192.8385030955548,-0.3231292163016233,0.20570616732316926,2.633858331465622
49.19,-16.838709677419356,9.870967741935488,0.0,0.0,192.8675049719958,-0.32312683979788326,0.20570783497532086,2.6338605560755686
49.2,-16.838709677419356,9.870967741935488,0.0,0.0,192.89650685959276,-0.323124626989292,0.20570937173177795,2.6338623964426042
49.21,-16.838709677419356,9.870967741935488,0.0,0.0,192.92550875781754,-0.3231225687396482,0.2057107859363092,2.633863889025234
49.22,-16.838709677419356,9.870967741935488,0.0,0.0,192.95451066615587,-0.32312065628370146,0.2057120855109471,2.6338650675974256
49.23,-16.838709677419356,9.870967741935488,0.0,0.0,192.98351258410807,-0.32311888122323396,0.20571327796956596,2.6338659634097445
49.24,-16.838709677419356,9.870967741935488,0.0,0.0,193.01251451118964,-0.32311723552195803,0.2057143704317017,2.6338666053429995
49.25,-16.838709677419356,9.870967741935488,0.0,0.0,193.04151644693155,-0.32311571149936436,0.20571536963655968,2.633867020054813
49.26,-16.838709677419356,9.870967741935488,0.0,0.0,67.40681224728894,-0.32311430182373124,0.20571628195705205,2.6338672321187833
49.27,-16.838709677419356,9.870967741935488,0.0,0.0,193.0995203425998,-0.3231129995043458,0.20571711341388832,2.6338672641571086
49.28,-16.838709677419356,9.870967741935488,0.0,0.0,67.4648161580761,-0.3231117978831417,0.20571786968956296,2.633867136966215
49.29,-16.838709677419356,9.870967741935488,0.0,0.0,193.15752426767986,-0.3231106906258028,0.20571855614225132,2.633866869636089
49.3,-16.838709677419356,9.870967741935488,0.0,0.0,193.18652624024693,-0.3231096717124362,0.2057191778195573,2.6338664796634803
49.31,-16.838709677419356,9.870967741935488,0.0,0.0,193.21552821899607,-0.3231087354279669,0.2057197394720075,2.6338659830587363
49.32,-16.838709677419356,9.870967741935488,0.0,0.0,193.24453020356998,-0.3231078763522346,0.20572024556636015,2.633865394447247
49.33,-16.838709677419356,9.870967741935488,0.0,0.0,193.2735321936269,-0.323107089349967,0.20572070029858902,2.6338647271649496
49.34,-16.838709677419356,9.870967741935488,0.0,0.0,67.63882804524852,-0.3231063695606151,0.20572110760660367,2.633863993348724
49.35,-16.838709677419356,9.870967741935488,0.0,0.0,193.3315361888984,-0.3231057123881582,0.2057214711826234,2.63386320402149
49.36,-16.838709677419356,9.870967741935488,0.0,0.0,193.36053819350437,-0.323105113490902,0.20572179448522543,2.6338623691724816
49.37,-16.838709677419356,9.870967741935488,0.0,0.0,193.38954020237523,-0.3231045687713163,0.20572208075104503,2.63386149783286
49.38,-16.838709677419356,9.870967741935488,0.0,0.0,193.41854221524198,-0.32310407436599786,0.205722333006074,2.633860598146558
49.39,-16.838709677419356,9.870967741935488,0.0,0.0,193.44754423184898,-0.323103626635701,0.20572255407663842,2.633859677437239
49.4,-16.838709677419356,9.870967741935488,0.0,0.0,193.4765462519536,-0.32310322215557963,0.2057227465999414,2.6338587422707302
49.41,-16.838709677419356,9.870967741935488,0.0,0.0,193.50554827532582,-0.3231028577055566,0.20572291303427126,2.6338577985139375
49.42,-16.838709677419356,9.870967741935488,0.0,0.0,193.53455030174771,-0.3231025302609265,0.20572305566879712,2.6338568513898233
49.43,-16.838709677419356,9.870967741935488,0.0,0.0,193.56355233101308,-0.32310223698316776,0.2057231766329891,2.63385590552893
49.44,-16.838709677419356,9.870967741935488,0.0,0.0,193.59255436292696,-0.3231019752109856,0.20572327790566647,2.633854965017617
49.45,-16.838709677419356,9.870967741935488,0.0,0.0,193.6215563973052,-0.3231017424516178,0.20572336132364832,2.6338540334429847
49.46,-16.838709677419356,9.870967741935488,0.0,0.0,193.65055843397408,-0.3231015363723895,0.20572342859004644,2.6338531139348933
49.47,-16.838709677419356,9.870967741935488,0.0,0.0,68.0158543291781,-0.32310135479251945,0.20572348128220597,2.633852209205243
49.48,-16.838709677419356,9.870967741935488,0.0,0.0,193.70856251353817,-0.3231011956752259,0.20572352085925683,2.633851321584347
49.49,-16.838709677419356,9.870967741935488,0.0,0.0,193.737564556134,-0.32310105712009274,0.20572354866933318,2.633850453054897
49.5,-16.838709677419356,9.870967741935488,0.0,0.0,193.76656660042087,-0.3231009373557028,0.20572356595645713,2.633849605283602
49.51,-16.838709677419356,9.870967741935488,0.0,0.0,193.79556864627065,-0.3231008347325779,0.20572357386706353,2.6338487796503602
49.52,-16.838709677419356,9.870967741935488,0.0,0.0,193.82457069356312,-0.32310074771636654,0.20572357345622905,2.6338479772755323
49.53,-16.838709677419356,9.870967741935488,0.0,0.0,193.85357274218558,-0.32310067488132677,0.2057235656935692,2.633847199045073
49.54,-16.838709677419356,9.870967741935488,0.0,0.0,193.8825747920325,-0.32310061490407227,0.20572355146883836,2.6338464456338366
49.55,-16.838709677419356,9.870967741935488,0.0,0.0,193.91157684300515,-0.32310056655758923,0.20572353159723655,2.6338457175271195
49.56,-16.838709677419356,9.870967741935488,0.0,0.0,193.9405788950112,-0.3231005287055182,0.20572350682443297,2.6338450150405497
49.57,-16.838709677419356,9.870967741935488,0.0,0.0,193.9695809479645,-0.3231005002967007,0.20572347783130873,2.6338443383383625
49.58,-16.838709677419356,9.870967741935488,0.0,0.0,68.33487685819287,-0.3231004803599775,0.20572344523844188,2.6338436874502515
49.59,-16.838709677419356,9.870967741935488,0.0,0.0,194.0275850563966,-0.32310046799921155,0.20572340961036106,2.633843062287026
49.6,-16.838709677419356,9.870967741935488,0.0,0.0,194.05658711173072,-0.32310046238859824,0.2057233714595118,2.633842462654642
49.61,-16.838709677419356,9.870967741935488,0.0,0.0,194.0855891677221,-0.32310046276816107,0.20572333125004205,2.6338418882674293
49.62,-16.838709677419356,9.870967741935488,0.0,0.0,68.45088508071876,-0.3231004684395107,0.205723289401325,2.6338413387599013
49.63,-16.838709677419356,9.870967741935488,0.0,0.0,194.14359328143993,-0.32310047876179393,0.20572324629130523,2.633840813697795
49.64,-16.838709677419356,9.870967741935488,0.0,0.0,194.17259533905857,-0.3231004931478798,0.20572320225961405,2.633840312587926
49.65,-16.838709677419356,9.870967741935488,0.0,0.0,194.2015973971184,-0.3231005110607399,0.20572315761050486,2.6338398348872474
49.66,-16.838709677419356,9.870967741935488,0.0,0.0,194.23059945557503,-0.32310053201001954,0.20572311261561227,2.633839380011122
49.67,-16.838709677419356,9.870967741935488,0.0,0.0,194.25960151438744,-0.323100555548804,0.20572306751652691,2.6338389473407653
49.68,-16.838709677419356,9.870967741935488,0.0,0.0,194.28860357351778,-0.32310058127056607,0.20572302252721097,2.6338385362299945
49.69,-16.838709677419356,9.870967741935488,0.0,0.0,68.6538994893395,-0.3231006088063013,0.20572297783623972,2.633838146011204
49.7,-16.838709677419356,9.870967741935488,0.0,0.0,194.34660769259568,-0.3231006378217869,0.20572293360893878,2.633837776001065
49.71,-16.838709677419356,9.870967741935488,0.0,0.0,194.3756097524817,-0.32310066801506077,0.20572288998931976,2.633837425505193
49.72,-16.838709677419356,9.870967741935488,0.0,0.0,194.40461181256222,-0.3231006991140073,0.205722847101927,2.6338370938226423
49.73,-16.838709677419356,9.870967741935488,0.0,0.0,194.43361387281254,-0.3231007308741092,0.20572280505354046,2.6338367802497675
49.74,-16.838709677419356,9.870967741935488,0.0,0.0,194.46261593321,-0.3231007630763201,0.20572276393477484,2.6338364840837794
49.75,-16.838709677419356,9.870967741935488,0.0,0.0,194.49161799373394,-0.32310079552509796,0.20572272382153878,2.6338362046256667
49.76,-16.838709677419356,9.870967741935488,0.0,0.0,194.5206200543655,-0.32310082804653595,0.20572268477641598,2.633835941182974
49.77,-16.838709677419356,9.870967741935488,0.0,0.0,194.54962211508763,-0.3231008604866379,0.20572264684992214,2.6338356930720312
49.78,-16.838709677419356,9.870967741935488,0.0,0.0,194.57862417588476,-0.32310089270966835,0.20572261008170412,2.6338354596201654
49.79,-16.838709677419356,9.870967741935488,0.0,0.0,68.94392009315109,-0.3231009245966585,0.20572257450160636,2.6338352401672736
49.8,-16.838709677419356,9.870967741935488,0.0,0.0,194.6366282976491,-0.32310095604397704,0.20572254013068825,2.6338350340673973
49.81,-16.838709677419356,9.870967741935488,0.0,0.0,194.6656303585922,-0.3231009869620183,0.20572250698214178,2.6338348406898993
49.82,-16.838709677419356,9.870967741935488,0.0,0.0,194.69463241956186,-0.3231010172739637,0.20572247506215868,2.6338346594205833
49.83,-16.838709677419356,9.870967741935488,0.0,0.0,194.72363448054884,-0.32310104691463803,0.2057224443707144,2.6338344896625165
49.84,-16.838709677419356,9.870967741935488,0.0,0.0,194.75263654154497,-0.3231010758294586,0.20572241490228216,2.633834330836619
49.85,-16.838709677419356,9.870967741935488,0.0,0.0,194.78163860254293,-0.32310110397342684,0.20572238664651576,2.633834182382323
49.86,-16.838709677419356,9.870967741935488,-0.0,-0.0,194.81064066353628,-0.323101131310245,0.20572235958882867,2.6338340437577137
49.87,-16.838709677419356,9.870967741935488,-0.0,-0.0,194.83964272451936,-0.32310115781144044,0.20572233371097748,2.633833914439977
49.88,-16.838709677419356,9.870967741935488,-0.0,-0.0,194.8686447854872,-0.32310118345558503,0.20572230899156652,2.6338337939255
49.89,-16.838709677419356,9.870967741935488,-0.0,-0.0,194.8976468464354,-0.32310120822758637,0.20572228540649706,2.6338336817297896
49.9,-16.838709677419356,9.870967741935488,-0.0,-0.0,194.92664890736032,-0.32310123211801756,0.20572226292938833,2.633833577387413
49.91,-16.838709677419356,9.870967741935488,-0.0,-0.0,194.9556509682587,-0.32310125512247967,0.20572224153198448,2.6338334804520334
49.92,-16.838709677419356,9.870967741935488,-0.0,-0.0,194.98465302912788,-0.32310127724105864,0.20572222118447336,2.633833390496004
49.93,-16.838709677419356,9.870967741935488,-0.0,-0.0,195.01365508996557,-0.3231012984777919,0.20572220185581713,2.6338333071102165
49.94,-16.838709677419356,9.870967741935488,-0.0,-0.0,195.0426571507699,-0.3231013188401979,0.20572218351402205,2.633833229903699
49.95,-16.838709677419356,9.870967741935488,-0.0,-0.0,195.0716592115394,-0.32310133833882904,0.20572216612640482,2.633833158503339
49.96,-16.838709677419356,9.870967741935488,-0.0,-0.0,195.1006612722729,-0.3231013569868799,0.20572214965980806,2.633833092553401
49.97,-16.838709677419356,9.870967741935488,-0.0,-0.0,195.12966333296953,-0.3231013747998184,0.20572213408080842,2.6338330317151235
49.98,-16.838709677419356,9.870967741935488,-0.0,-0.0,195.1586653936287,-0.3231013917950478,0.2057221193558998,2.6338329756662904
49.99,-16.838709677419356,9.870967741935488,-0.0,-0.0,195.18766745425003,-0.323101407991607,0.20572210545165148,2.633832924100727
50.0,-16.838709677419356,9.870967741935488,-0.0,-0.0,195.2166695148334,-0.3231014234098979,0.20572209233484418,2.6338328767277783
50.01,-16.838709677419356,11.032258064516132,-0.0,-0.0,195.24584996329892,-0.3210897746051278,0.2963298870935406,2.6276634203936906
50.02,-16.838709677419356,11.032258064516132,-0.0,-0.0,195.27518549434626,-0.31960769263893085,0.2884139646023285,2.6217894452355317
50.03,-16.838709677419356,11.032258064516132,-0.0,-0.0,195.30465565913715,-0.31856993176154713,0.2812929206196956,2.6162360894903354
50.04,-16.838709677419356,11.032258064516132,-0.0,-0.0,195.3342425356509,-0.31790273015969595,0.27488739181686317,2.6110208316285677
50.05,-16.838709677419356,11.032258064516132,-0.0,-0.0,195.3639304338223,-0.3175424502774822,0.26912575924500104,2.6061545111285236
50.06,-16.838709677419356,11.032258064516132,-0.0,-0.0,195.3937056325144,-0.3174343471753134,0.2639434507923395,2.60164227706586
50.07,-16.838709677419356,11.032258064516132,-0.0,-0.0,195.42355614542348,-0.31753146198745585,0.25928229443229034,2.5974844594101527
50.08,-16.838709677419356,11.032258064516132,-0.0,-0.0,195.4534715131352,-0.31779363428852236,0.25508992108954065,2.5936773606311925
50.09,-16.838709677419356,11.032258064516132,-0.0,-0.0,69.81973647512547,-0.3181866252726335,0.25131921516929856,2.5902139675396945
50.1,-16.838709677419356,11.032258064516132,-0.0,-0.0,195.51346152442093,-0.3186813426891999,0.24792781037289213,2.587084585191747
50.11,-16.838709677419356,11.032258064516132,-0.0,-0.0,195.54352132726444,-0.31925315817212185,0.24487762822005377,2.584277396168849
50.12,-16.838709677419356,11.032258064516132,-0.0,-0.0,195.57361603146174,-0.3198813077281186,0.24213445662614397,2.581778949625601
50.13,-16.838709677419356,11.032258064516132,-0.0,-0.0,195.60374043585554,-0.3205483665575457,0.23966756588687665,2.5795745852114944
50.14,-16.838709677419356,11.032258064516132,-0.0,-0.0,195.63389003468862,-0.32123978995392743,0.23744935947193258,2.57764879737554
50.15,-16.838709677419356,11.032258064516132,-0.0,-0.0,195.66406093021533,-0.3219435126870982,0.23545505710364667,2.575985545708805
50.16,-16.838709677419356,11.032258064516132,-0.0,-0.0,195.69424975581035,-0.3226495999651817,0.23366240768689917,2.5745685169226546
50.17,-16.838709677419356,11.032258064516132,-0.0,-0.0,195.72445360837136,-0.32334994375542747,0.23205142975692017,2.5733813438599977
50.18,-16.838709677419356,11.032258064516132,-0.0,-0.0,195.75466998894214,-0.3240379989014186,0.23060417721852267,2.572407786628648
50.19,-16.838709677419356,11.032258064516132,-0.0,-0.0,195.7848967505982,-0.3247085540895598,0.2293045282627041,2.571631880577777
50.2,-16.838709677419356,11.032258064516132,-0.0,-0.0,195.8151320527428,-0.3253575332848888,0.22813799546228886,2.571038055433515
50.21,-16.838709677419356,11.032258064516132,-0.0,-0.0,195.84537432105586,-0.32598182377187235,0.22709155516665103,2.570611229495548
50.22,-16.838709677419356,11.032258064516132,-0.0,-0.0,195.87562221242342,-0.32657912740043726,0.22615349443511223,2.5703368823882227
50.23,-16.838709677419356,11.032258064516132,-0.0,-0.0,70.2421684406599,-0.32714783205288134,0.22531327386826527,2.5702011094700814
50.24,-16.838709677419356,11.032258064516132,-0.0,-0.0,195.93613046763738,-0.3276869007168517,0.2245614048147777,2.570190660640471
50.25,-16.838709677419356,11.032258064516132,-0.0,-0.0,195.96638904392924,-0.3281957758766114,0.22388933954730728,2.5702929659472344
50.26,-16.838709677419356,11.032258064516132,-0.0,-0.0,195.99664962426542,-0.32867429722330477,0.223289373113865,2.5704961500964147
50.27,-16.838709677419356,11.032258064516132,-0.0,-0.0,70.36320548813396,-0.32912263093894634,0.2227545556791335,2.5707890376911853
50.28,-16.838709677419356,11.032258064516132,-0.0,-0.0,196.05717458577527,-0.3295412090313914,0.22227861427387308,2.5711611507872636
50.29,-16.838709677419356,11.032258064516132,-0.0,-0.0,196.08743808871833,-0.3299306773930517,0.22185588296805048,2.571602700135799
50.3,-16.838709677419356,11.032258064516132,-0.0,-0.0,70.45399567031981,-0.3302918514266706,0.2214812405754285,2.572104571298518
50.31,-16.838709677419356,11.032258064516132,-0.0,-0.0,196.14796549551872,-0.33062567823086697,0.22115005508293684,2.5726583066539983
50.32,-16.838709677419356,11.032258064516132,-0.0,-0.0,196.17822891961382,-0.33093320446842567,0.22085813407767874,2.5732560841702923
50.33,-16.838709677419356,11.032258064516132,-0.0,-0.0,196.20849191646263,-0.3312155491539366,0.22060168051780138,2.5738906936940706
50.34,-16.838709677419356,11.032258064516132,-0.0,-0.0,196.2387543538348,-0.33147388069660666,0.2203772532606374,2.5745555113963006
50.35,-16.838709677419356,11.032258064516132,-0.0,-0.0,196.26901613121544,-0.3317093976203893,0.2201817318230328,2.5752444729198327
50.36,-16.838709677419356,11.032258064516132,-0.0,-0.0,196.299277174802,-0.33192331245879814,0.2200122849047058,2.5759520456917557
50.37,-16.838709677419356,11.032258064516132,-0.0,-0.0,196.32953743318592,-0.3321168383874369,0.21986634225602553,2.5766732007904745
50.38,-16.838709677419356,11.032258064516132,-0.0,-0.0,196.3597968736311,-0.33229117821421017,0.2197415695174747,2.5774033846959368
50.39,-16.838709677419356,11.032258064516132,-0.0,-0.0,196.39005547887226,-0.3324475153970161,0.21963584569912653,2.5781384911959693
50.4,-16.838709677419356,11.032258064516132,-0.0,-0.0,196.4203132443657,-0.3325870068019092,0.21954724300552297,2.5788748336749636
50.41,-16.838709677419356,11.032258064516132,-0.0,-0.0,196.45057017593356,-0.332710776952438,0.2194740087444237,2.579609117969743
50.42,-16.838709677419356,11.032258064516132,-0.0,-0.0,196.48082628774986,-0.33281991355364404,0.21941454908751568,2.5803384159418905
50.43,-16.838709677419356,11.032258064516132,-0.0,-0.0,196.51108160062327,-0.3329154641027867,0.2193674144775516,2.5810601398848205
50.44,-16.838709677419356,11.032258064516132,-0.0,-0.0,196.54133614053723,-0.3329984334237357,0.21933128649987865,2.581772017856999
50.45,-16.838709677419356,11.032258064516132,-0.0,-0.0,196.57158993741294,-0.3330697819836146,0.2193049660572275,2.5824720700099077
50.46,-16.838709677419356,11.032258064516132,-0.0,-0.0,70.93813688047362,-0.3331304248691671,0.21928736270513438,2.5831585859592017
50.47,-16.838709677419356,11.032258064516132,-0.0,-0.0,196.6320954353256,-0.3331812313166964,0.21927748502186295,2.583830103231069
50.48,-16.838709677419356,11.032258064516132,-0.0,-0.0,196.66234720730753,-0.3332230247038497,0.21927443190111817,2.584485386800323
50.49,-16.838709677419356,11.032258064516132,-0.0,-0.0,196.69259837679792,-0.3332565829238099,0.219277384668898,2.585123409726057
50.5,-16.838709677419356,11.032258064516132,-0.0,-0.0,196.72284898075335,-0.3332826390735253,0.2192855999369906,2.5857433348786354
50.51,-16.838709677419356,11.032258064516132,-0.0,-0.0,71.08939291229689,-0.33330188239687963,0.2192984031158539,2.58634449774481
50.52,-16.838709677419356,11.032258064516132,-0.0,-0.0,196.7833486383434,-0.33331495943207656,0.21931518251834414,2.586926390289537
50.53,-16.838709677419356,11.032258064516132,-0.0,-0.0,196.81359776341594,-0.33332247531959824,0.21933538399368258,2.587488645848219
50.54,-16.838709677419356,11.032258064516132,-0.0,-0.0,196.84384646535386,-0.33332499523344294,0.21935850603783402,2.5880310250175977
50.55,-16.838709677419356,11.032258064516132,-0.0,-0.0,196.87409477719336,-0.33332304590365136,0.21938409533268732,2.5885534025111494
50.56,-16.838709677419356,11.032258064516132,0.0,-0.0,196.90434273063948,-0.3333171172030074,0.21941174267165198,2.5890557549409996
50.57,-16.838709677419356,11.032258064516132,0.0,-0.0,196.93459035598107,-0.3333076637748347,0.21944107923407596,2.5895381494870517
50.58,-16.838709677419356,11.032258064516132,0.0,-0.0,196.96483768203473,-0.3332951066823848,0.21947177317505873,2.590000733412884
50.59,-16.838709677419356,11.032258064516132,0.0,-0.0,196.99508473611303,-0.33327983506347136,0.21950352650085603,2.590443724386795
50.6,-16.838709677419356,11.032258064516132,0.0,-0.0,197.02533154401286,-0.33326220777666093,0.2195360722033357,2.590867401566496
50.61,-16.838709677419356,11.032258064516132,0.0,-0.0,197.0555781300203,-0.3332425550277045,0.21956917162977718,2.5912720974058825
50.62,-16.838709677419356,11.032258064516132,0.0,-0.0,197.08582451692916,-0.3332211799668947,0.21960261206682652,2.5916581901429487
50.63,-16.838709677419356,11.032258064516132,0.0,-0.0,197.1160707260701,-0.3331983602497728,0.21963620451967114,2.5920260969288536
50.64,-16.838709677419356,11.032258064516132,0.0,-0.0,197.14631677734872,-0.3331743495552173,0.21966978166933904,2.5923762675582647
50.65,-16.838709677419356,11.032258064516132,0.0,-0.0,197.1765626892903,-0.33314937905609243,0.21970319599294386,2.592709178763694
50.66,-16.838709677419356,11.032258064516132,0.0,-0.0,197.2068084790896,-0.33312365883890327,0.2197363180330505,2.59302532903647
50.67,-16.838709677419356,11.032258064516132,0.0,-0.0,197.23705416266446,-0.33309737926979976,0.21976903480378074,2.5933252339390513
50.68,-16.838709677419356,11.032258064516132,0.0,-0.0,197.267299754712,-0.333070712305066,0.21980124832248737,2.5936094218750227
50.69,-16.838709677419356,11.032258064516132,0.0,-0.0,197.2975452687666,-0.3330438127450315,0.21983287425680387,2.593878430283807
50.7,-16.838709677419356,11.032258064516132,0.0,-0.0,197.32779071725838,-0.33301681943077144,0.21986384067797415,2.5941328022300723
50.71,-16.838709677419356,11.032258064516132,0.0,-0.0,71.69432996798042,-0.33298985638368284,0.2198940869119954,2.5943730833574565
50.72,-16.838709677419356,11.032258064516132,0.0,-0.0,197.38828146210582,-0.3329630338882019,0.21992356248109224,2.5945998191798867
50.73,-16.838709677419356,11.032258064516132,0.0,-0.0,197.418526778328,-0.33293644951848744,0.21995222612850496,2.594813552683485
50.74,-16.838709677419356,11.032258064516132,0.0,-0.0,197.44877206883424,-0.332910189110035,0.21998004492031276,2.595014822214802
50.75,-16.838709677419356,11.032258064516132,0.0,-0.0,197.47901734140214,-0.33288432767751597,0.2200069934184571,2.595204159631803
50.76,-16.838709677419356,11.032258064516132,0.0,-0.0,197.50926260304422,-0.3328589302802447,0.22003305291969055,2.5953820886961223
50.77,-16.838709677419356,11.032258064516132,0.0,-0.0,71.87580171646763,-0.33283405283692535,0.2200582107555047,2.5955491236856085
50.78,-16.838709677419356,11.032258064516132,0.0,-0.0,197.56975311808196,-0.33280974289131593,0.22008245964861262,2.595705768208624
50.79,-16.838709677419356,11.032258064516132,0.0,-0.0,197.59999838212912,-0.33278604033066306,0.22010579712177525,2.595852514201677
50.8,-16.838709677419356,11.032258064516132,0.0,-0.0,197.63024365664555,-0.33276297805870936,0.22012822495519502,2.5959898410941573
50.81,-16.838709677419356,11.032258064516132,0.0,-0.0,71.99678280195474,-0.33274058262519635,0.22014974868890058,2.59611821512432
50.82,-16.838709677419356,11.032258064516132,0.0,-0.0,197.69073425225815,-0.3327188748137362,0.2201703771668787,2.5962380887924144
50.83,-16.838709677419356,11.032258064516132,0.0,-0.0,197.7209795797565,-0.33269787018998964,0.2201901221198841,2.596349900437306
50.84,-16.838709677419356,11.032258064516132,0.0,-0.0,197.75122493060326,-0.3326775796120143,0.22020899778414527,2.596454073924484
50.85,-16.838709677419356,11.032258064516132,0.0,-0.0,197.78147030698034,-0.3326580097046703,0.22022702055333254,2.596551018433901
50.86,-16.838709677419356,11.032258064516132,0.0,-0.0,197.81171571072207,-0.33263916329996124,0.22024420866131833,2.5966411283367306
50.87,-16.838709677419356,11.032258064516132,0.0,-0.0,197.84196114334534,-0.33262103984501845,0.22026058189356434,2.596724783152149
50.88,-16.838709677419356,11.032258064516132,0.0,-0.0,197.8722066060781,-0.3326036357796127,0.22027616132489658,2.596802347574027
50.89,-16.838709677419356,11.032258064516132,0.0,-0.0,197.90245209988575,-0.3325869448847809,0.22029096908182721,2.5968741715603496
50.9,-16.838709677419356,11.032258064516132,0.0,-0.0,197.93269762549593,-0.332570958604296,0.22030502812751784,2.5969405904771254
50.91,-16.838709677419356,11.032258064516132,0.0,-0.0,197.9629431834217,-0.33255566634057865,0.2203183620676742,2.5970019252898324
50.92,-16.838709677419356,11.032258064516132,0.0,-0.0,197.99318877398287,-0.3325410557265147,0.22033099497585362,2.5970584827966694
50.93,-16.838709677419356,11.032258064516132,0.0,-0.0,198.02343439732607,-0.33252711287473824,0.22034295123662095,2.5971105558971406
50.94,-16.838709677419356,11.032258064516132,0.0,-0.0,198.0536800534432,-0.3325138226057649,0.22035425540519626,2.5971584238909173
50.95,-16.838709677419356,11.032258064516132,0.0,-0.0,198.0839257421886,-0.33250116865631196,0.22036493208231933,2.5972023528023436
50.96,-16.838709677419356,11.032258064516132,0.0,-0.0,198.11417146329484,-0.33248913386911627,0.22037500580311087,2.5972425957260743
50.97,-16.838709677419356,11.032258064516132,0.0,-0.0,198.14441721638732,-0.3324777003654835,0.22038450093880435,2.5972793931898797
50.98,-16.838709677419356,11.032258064516132,0.0,-0.0,198.17466300099784,-0.3324668497017518,0.22039344161028795,2.5973129735309453
50.99,-16.838709677419356,11.032258064516132,0.0,-0.0,198.20490881657682,-0.33245656301073057,0.22040185161253323,2.597343553282914
51.0,-16.838709677419356,11.032258064516132,0.0,-0.0,72.571448518913,-0.33244682112924506,0.22040975434892907,2.5973713375701446
51.01,-16.838709677419356,11.032258064516132,0.0,-0.0,198.26540053810245,-0.3324376047127311,0.22041717277472417,2.5973965205070493
51.02,-16.838709677419356,11.032258064516132,0.0,-0.0,198.2956464426408,-0.33242889433785017,0.22042412934876787,2.5974192856000182
51.03,-16.838709677419356,11.032258064516132,0.0,-0.0,198.3258923753491,-0.3324206705940109,0.22043064599282025,2.5974398061498873
51.04,-16.838709677419356,11.032258064516132,0.0,-0.0,198.35613833542314,-0.3324129141646275,0.2204367440577628,2.5974582456532755
51.05,-16.838709677419356,11.032258064516132,0.0,-0.0,198.38638432203228,-0.3324056058989513,0.22044244429603144,2.5974747582007636
51.06,-16.838709677419356,11.032258064516132,0.0,-0.0,198.41663033432593,-0.3323987268751476,0.2204477668397553,2.597489488871153
51.07,-16.838709677419356,11.032258064516132,0.0,-0.0,72.78317022784756,-0.3323922584553871,0.22045273118399378,2.597502574120007
51.08,-16.838709677419356,11.032258064516132,0.0,-0.0,198.47712243249873,-0.3323861823335863,0.2204573561745784,2.597514142161548
51.09,-16.838709677419356,11.032258064516132,0.0,-0.0,198.50736851662634,-0.3323804805763746,0.22046166000013967,2.5975243133433783
51.1,-16.838709677419356,11.032258064516132,0.0,-0.0,198.53761462294423,-0.3323751356579465,0.22046566018779945,2.5975332005125087
51.11,-16.838709677419356,11.032258064516132,0.0,-0.0,198.5678607505782,-0.3323701304892439,0.22046937360222307,2.597540909372861
51.12,-16.838709677419356,11.032258064516132,0.0,-0.0,198.59810689866106,-0.33236544844204086,0.22047281644759364,2.5975475388331
51.13,-16.838709677419356,11.032258064516132,0.0,-0.0,198.62835306633548,-0.33236107336836684,0.2204760042722007,2.597553181344628
51.14,-16.838709677419356,11.032258064516132,0.0,-0.0,198.65859925275657,-0.332356989615715,0.22047895197532386,2.5975579232293526
51.15,-16.838709677419356,11.032258064516132,0.0,-0.0,198.68884545709412,-0.33235318203844066,0.22048167381611816,2.597561844996903
51.16,-16.838709677419356,11.032258064516132,0.0,-0.0,198.71909167853437,-0.3323496360057099,0.22048418342426368,2.5975650216513406
51.17,-16.838709677419356,11.032258064516132,0.0,-0.0,198.74933791628175,-0.3323463374063884,0.22048649381208896,2.5975675229868136
51.18,-16.838709677419356,11.032258064516132,0.0,-0.0,198.77958416956014,-0.3323432726511433,0.22048861738800596,2.5975694138726104
51.19,-16.838709677419356,11.032258064516132,0.0,-0.0,198.80983043761404,-0.33234042867210034,0.22049056597100736,2.5975707545271822
51.2,-16.838709677419356,11.032258064516132,0.0,-0.0,198.8400767197095,-0.3323377929203115,0.22049235080606688,2.597571600781395
51.21,-16.838709677419356,11.032258064516132,0.0,-0.0,198.87032301513472,-0.3323353533612772,0.22049398258028452,2.5975720043311683
51.22,-16.838709677419356,11.032258064516132,0.0,-0.0,198.90056932320076,-0.3323330984688011,0.22049547143958825,2.5975720129792865
51.23,-16.838709677419356,11.032258064516132,0.0,-0.0,198.9308156432418,-0.33233101721733815,0.22049682700590145,2.5975716708669534
51.24,-16.838709677419356,11.032258064516132,0.0,-0.0,198.96106197461543,-0.3323290990730725,0.22049805839462389,2.597571018695001
51.25,-16.838709677419356,11.032258064516132,0.0,-0.0,198.99130831670277,-0.33232733398389636,0.22049917423231824,2.597570093934992
51.26,-16.838709677419356,11.032258064516132,0.0,0.0,73.35784852531677,-0.3323257123684533,0.220500182674512,2.597568931030516
51.27,-16.838709677419356,11.032258064516132,0.0,0.0,199.05180103066067,-0.3323242251043781,0.22050109142353613,2.597567561589015
51.28,-16.838709677419356,11.032258064516132,0.0,0.0,199.08204740141062,-0.3323228635159303,0.2205019077462762,2.597566014563975
51.29,-16.838709677419356,11.032258064516132,0.0,0.0,199.11229378063268,-0.33232161936107585,0.22050263849181972,2.5975643164282656
51.3,-16.838709677419356,11.032258064516132,0.0,0.0,199.14254016782382,-0.33232048481816134,0.220503290108923,2.5975624913387017
51.31,-16.838709677419356,11.032258064516132,0.0,0.0,199.17278656250326,-0.33231945247230166,0.22050386866321536,2.597560561291926
51.32,-16.838709677419356,11.032258064516132,0.0,0.0,199.20303296421207,-0.33231851530154666,0.2205043798541233,2.597558546272123
51.33,-16.838709677419356,11.032258064516132,0.0,0.0,199.23327937251264,-0.3323176666629044,0.22050482903148216,2.5975564643909177
51.34,-16.838709677419356,11.032258064516132,0.0,0.0,199.26352578698823,-0.3323169002783348,0.22050522121175908,2.5975543320194046
51.35,-16.838709677419356,11.032258064516132,0.0,0.0,199.29377220724226,-0.33231621022071467,0.2205055610939216,2.5975521639131394
51.36,-16.838709677419356,11.032258064516132,0.0,0.0,73.66031248930622,-0.3323155908999329,0.2205058530748324,2.5975499733295586
51.37,-16.838709677419356,11.032258064516132,0.0,0.0,199.35426506359755,-0.332315037049028,0.22050610126428638,2.5975477721392797
51.38,-16.838709677419356,11.032258064516132,0.0,0.0,199.38451149900183,-0.33231454371056324,0.22050630949952632,2.597545570930302
51.39,-16.838709677419356,11.032258064516132,0.0,0.0,73.7510517951977,-0.33231410622316404,0.22050648135934026,2.5975433791063773
51.4,-16.838709677419356,11.032258064516132,0.0,0.0,199.44500438265615,-0.3323137202083015,0.22050662017768197,2.5975412049793767
51.41,-16.838709677419356,11.032258064516132,0.0,0.0,199.47525083031448,-0.33231338155737355,0.22050672905678947,2.5975390558557807
51.42,-16.838709677419356,11.032258064516132,0.0,0.0,199.50549728149286,-0.332313086419046,0.2205068108798559,2.5975369381180333
51.43,-16.838709677419356,11.032258064516132,0.0,0.0,199.5357437359351,-0.33231283118692345,0.2205068683232091,2.5975348573006567
51.44,-16.838709677419356,11.032258064516132,0.0,0.0,199.5659901933997,-0.33231261248754995,0.22050690386801752,2.597532818161499
51.45,-16.838709677419356,11.032258064516132,0.0,0.0,199.59623665365925,-0.33231242716877807,0.22050691981149684,2.5975308247481386
51.46,-16.838709677419356,11.032258064516132,0.0,0.0,199.6264831164999,-0.3323122722884646,0.22050691827768176,2.5975288804601506
51.47,-16.838709677419356,11.032258064516132,0.0,0.0,199.65672958172067,-0.3323121451035347,0.22050690122773098,2.597526988107171
51.48,-16.838709677419356,11.032258064516132,0.0,0.0,199.68697604913288,-0.3323120430594608,0.2205068704697336,2.597525149962624
51.49,-16.838709677419356,11.032258064516132,0.0,0.0,199.71722251855965,-0.3323119637800571,0.22050682766813035,2.5975233678142104
51.5,-16.838709677419356,11.032258064516132,0.0,0.0,199.74746898983523,-0.33231190505768393,0.22050677435266364,2.597521643010566
51.51,-16.838709677419356,11.032258064516132,0.0,0.0,199.7777154628045,-0.33231186484383457,0.22050671192689641,2.59751997650452
51.52,-16.838709677419356,11.032258064516132,0.0,0.0,199.80796193732255,-0.33231184124008095,0.22050664167633172,2.5975183688933297
51.53,-16.838709677419356,11.032258064516132,0.0,0.0,199.83820841325397,-0.332311832489387,0.22050656477613328,2.5975168204559727
51.54,-16.838709677419356,11.032258064516132,0.0,0.0,199.8684548904725,-0.33231183696780464,0.22050648229843828,2.5975153311874895
51.55,-16.838709677419356,11.032258064516132,0.0,0.0,199.89870136886051,-0.33231185317652856,0.22050639521929483,2.597513900830723
51.56,-16.838709677419356,11.032258064516132,0.0,0.0,199.92894784830852,-0.33231187973428233,0.22050630442525676,2.597512528905774
51.57,-16.838709677419356,11.032258064516132,0.0,0.0,199.9591943287148,-0.33231191537009863,0.22050621071957888,2.5975112147367367
51.58,-16.838709677419356,11.032258064516132,0.0,0.0,199.98944080998484,-0.33231195891637855,0.22050611482813243,2.5975099574767673
51.59,-16.838709677419356,11.032258064516132,0.0,0.0,200.01968729203108,-0.3323120093023475,0.2205060174049288,2.5975087561305643
51.6,-16.838709677419356,11.032258064516132,0.0,0.0,200.0499337747724,-0.3323120655477736,0.22050591903738725,2.5975076095754273
51.61,-16.838709677419356,11.032258064516132,0.0,0.0,200.0801802581338,-0.332312126757041,0.22050582025125842,2.5975065165801814
51.62,-16.838709677419356,11.032258064516132,0.0,0.0,200.11042674204603,-0.33231219211350993,0.2205057215152788,2.5975054758225826
51.63,-16.838709677419356,11.032258064516132,0.0,0.0,200.14067322644522,-0.33231226087415866,0.22050562324555445,2.597504485905247
51.64,-16.838709677419356,11.032258064516132,0.0,0.0,200.17091971127255,-0.3323123323645407,0.22050552580965477,2.5975035453698774
51.65,-16.838709677419356,11.032258064516132,0.0,0.0,200.20116619647396,-0.3323124059739839,0.2205054295304807,2.5975026527103946
51.66,-16.838709677419356,11.032258064516132,0.0,0.0,200.23141268199984,-0.33231248115106693,0.22050533468987976,2.5975018063847064
51.67,-16.838709677419356,11.032258064516132,0.0,0.0,200.26165916780477,-0.3323125573993555,0.22050524153202633,2.5975010048252467
51.68,-16.838709677419356,11.032258064516132,0.0,0.0,200.29190565384718,-0.3323126342733582,0.22050515026660555,2.5975002464486465
51.69,-16.838709677419356,11.032258064516132,0.0,0.0,200.32215214008914,-0.3323127113747386,0.22050506107176793,2.5974995296641947
51.7,-16.838709677419356,11.032258064516132,0.0,0.0,200.35239862649615,-0.33231278834875133,0.2205049740968874,2.5974988528813836
51.71,-16.838709677419356,11.032258064516132,0.0,0.0,200.3826451130368,-0.3323128648808602,0.220504889465161,2.5974982145168526
51.72,-16.838709677419356,11.032258064516132,0.0,0.0,200.41289159968267,-0.3323129406936085,0.22050480727598776,2.5974976130001486
51.73,-16.838709677419356,11.032258064516132,0.0,0.0,200.44313808640806,-0.33231301554364046,0.22050472760722184,2.597497046779133
51.74,-16.838709677419356,11.032258064516132,0.0,0.0,200.4733845731898,-0.33231308921893077,0.22050465051724522,2.5974965143245203
51.75,-16.838709677419356,11.032258064516132,0.0,0.0,200.50363106000708,-0.33231316153618473,0.22050457604689755,2.597496014133866
51.76,-16.838709677419356,11.032258064516132,0.0,0.0,200.53387754684124,-0.33231323233841215,0.2205045042212581,2.5974955447349375
51.77,-16.838709677419356,11.032258064516132,0.0,0.0,200.56412403367565,-0.33231330149265315,0.22050443505130624,2.5974951046886554
51.78,-16.838709677419356,11.032258064516132,0.0,0.0,74.93066437690385,-0.33231336888785945,0.22050436853544853,2.597494692591517
51.79,-16.838709677419356,11.032258064516132,0.0,0.0,200.62461700728792,-0.3323134344329095,0.22050430466093973,2.5974943070776737
51.8,-16.838709677419356,11.032258064516132,0.0,0.0,200.65486349404122,-0.3323134980547826,0.22050424340517316,2.5974939468204545
51.81,-16.838709677419356,11.032258064516132,0.0,0.0,200.68510998074544,-0.3323135596968372,0.22050418473688693,2.5974936105337125
51.82,-16.838709677419356,11.032258064516132,0.0,0.0,200.7153564673919,-0.3323136193172276,0.22050412861726,2.5974932969727353
51.83,-16.838709677419356,11.032258064516132,0.0,0.0,200.7456029539731,-0.33231367688741353,0.22050407500093705,2.5974930049350466
51.84,-16.838709677419356,11.032258064516132,0.0,0.0,200.77584944048272,-0.3323137323908154,0.22050402383693246,2.597492733260634
51.85,-16.838709677419356,11.032258064516132,0.0,0.0,200.80609592691536,-0.33231378582152415,0.22050397506949948,2.5974924808323516
51.86,-16.838709677419356,11.032258064516132,0.0,0.0,200.83634241326664,-0.3323138371831553,0.22050392863888058,2.597492246575712
51.87,-16.838709677419356,11.032258064516132,0.0,0.0,200.86658889953296,-0.3323138864877504,0.22050388448202707,2.5974920294588464
51.88,-16.838709677419356,11.032258064516132,0.0,0.0,75.23312924211982,-0.3323139337547969,0.22050384253322353,2.5974918284920356
51.89,-16.838709677419356,11.032258064516132,0.0,0.0,200.92708187180023,-0.33231397901029247,0.2205038027246875,2.5974916427273897
51.9,-16.838709677419356,11.032258064516132,0.0,0.0,200.95732835779754,-0.3323140222859353,0.22050376498705881,2.5974914712579618
51.91,-16.838709677419356,11.032258064516132,0.0,0.0,200.9875748437025,-0.33231406361832105,0.22050372924990336,2.5974913132173048
51.92,-16.838709677419356,11.032258064516132,0.0,0.0,201.0178213295147,-0.33231410304826214,0.22050369544211101,2.5974911677784376
51.93,-16.838709677419356,11.032258064516132,0.0,0.0,201.04806781523413,-0.3323141406201262,0.22050366349229034,2.5974910341531054
51.94,-16.838709677419356,11.032258064516132,0.0,0.0,201.0783143008612,-0.3323141763812565,0.22050363332909684,2.59749091159074
51.95,-16.838709677419356,11.032258064516132,0.0,-0.0,201.10856078639662,-0.3323142103814336,0.22050360488153564,2.5974907993774803
51.96,-16.838709677419356,11.032258064516132,0.0,-0.0,201.13880727184147,-0.33231424267239373,0.2205035780792236,2.5974906968350924
51.97,-16.838709677419356,11.032258064516132,0.0,-0.0,201.16905375719708,-0.3323142733073876,0.2205035528526209,2.5974906033198835
51.98,-16.838709677419356,11.032258064516132,0.0,-0.0,201.199300242465,-0.3323143023407813,0.22050352913323779,2.5974905182216186
51.99,-16.838709677419356,11.032258064516132,0.0,-0.0,201.22954672764698,-0.33231432982769804,0.22050350685380982,2.597490440962389
52.0,-16.838709677419356,11.032258064516132,0.0,-0.0,75.59608706915324,-0.33231435582371116,0.2205034859484355,2.5974903709953536
52.01,-16.838709677419356,12.193548387096776,0.0,-0.0,75.62650348898666,-0.33038264575900933,0.3115436026590688,2.589993759444579
52.02,-16.838709677419356,12.193548387096776,0.0,-0.0,201.32077470934468,-0.32893435736773013,0.3039832809182488,2.5828747714123725
52.03,-16.838709677419356,12.193548387096776,0.0,-0.0,201.3514696751995,-0.32789423404204965,0.29715212547817105,2.5761566228207307
52.04,-16.838709677419356,12.193548387096776,0.0,-0.0,201.38227799250998,-0.32719678919035866,0.29098047211723743,2.5698552802126327
52.05,-16.838709677419356,12.193548387096776,0.0,-0.0,201.41318510280303,-0.3267851926463208,0.28540521391860796,2.5639803230540488
52.06,-16.838709677419356,12.193548387096776,0.0,-0.0,201.4441782019966,-0.32661025875729655,0.2803692204342706,2.5585357622118425
52.07,-16.838709677419356,12.193548387096776,0.0,-0.0,201.47524603956035,-0.3266295334687661,0.2758208004916215,2.5535208074701
52.08,-16.838709677419356,12.193548387096776,0.0,-0.0,201.50637873935898,-0.3268064755329747,0.2717132069916217,2.5489305791989167
52.09,-16.838709677419356,12.193548387096776,0.0,-0.0,201.5375676400694,-0.327109725659708,0.26800418161119965,2.544756761371454
52.1,-16.838709677419356,12.193548387096776,0.0,-0.0,201.56880515321234,-0.32751245674862406,0.26465553711191303,2.5409881949579805
52.11,-16.838709677419356,12.193548387096776,0.0,-0.0,201.60008463699663,-0.3279917981100955,0.2616327748844324,2.537611412257718
52.12,-16.838709677419356,12.193548387096776,0.0,-0.0,201.6314002843283,-0.3285283266541732,0.2589047353688456,2.534611113949531
52.13,-16.838709677419356,12.193548387096776,0.0,-0.0,201.66274702348628,-0.3291056183010195,0.2564432790485536,2.531970591555941
52.14,-16.838709677419356,12.193548387096776,0.0,-0.0,201.69412043010772,-0.32970985326397373,0.25422299579944485,2.5296720986507157
52.15,-16.838709677419356,12.193548387096776,0.0,-0.0,201.7255166492583,-0.3303294693230516,0.25222094047331345,2.527697174534578
52.16,-16.838709677419356,12.193548387096776,0.0,-0.0,76.093226182893,-0.3309548577029251,0.2504163926981391,2.526026924300181
52.17,-16.838709677419356,12.193548387096776,0.0,-0.0,201.78836454685882,-0.33157809666886084,0.2487906389835941,2.5246422592450815
52.18,-16.838709677419356,12.193548387096776,0.0,-0.0,201.81981078112545,-0.3321927184386968,0.2473267753263234,2.523524101512229
52.19,-16.838709677419356,12.193548387096776,0.0,-0.0,201.85126883815911,-0.33279350546787434,0.24600952861489556,2.5226535566739066
52.2,-16.838709677419356,12.193548387096776,0.0,-0.0,201.88273682301875,-0.3333763125915923,0.2448250952381783,2.522012057754965
52.21,-16.838709677419356,12.193548387096776,0.0,-0.0,201.91421309996625,-0.33393791189997124,0.24376099540320617,2.521581483940877
52.22,-16.838709677419356,12.193548387096776,0.0,-0.0,201.94569625988333,-0.33447585757858933,0.24280594176841686,2.521344256947862
52.23,-16.838709677419356,12.193548387096776,0.0,-0.0,76.3134789479906,-0.3349883682678165,0.24194972109585167,2.5212834177663925
52.24,-16.838709677419356,12.193548387096776,0.0,-0.0,76.34497241297112,-0.3354742247826308,0.2411830877202531,2.5213826862267927
52.25,-16.838709677419356,12.193548387096776,0.0,-0.0,202.04017576681542,-0.335932681291373,0.24049766772442793,2.521626505590373
52.26,-16.838709677419356,12.193548387096776,0.0,-0.0,202.0716759653178,-0.33636338828034873,0.2398858727977644,2.5220000741391044
52.27,-16.838709677419356,12.193548387096776,0.0,-0.0,202.1031785089094,-0.33676632583354915,0.23934082283835212,2.5224893655258724
52.28,-16.838709677419356,12.193548387096776,0.0,-0.0,202.134682853265,-0.33714174593561785,0.23885627643848217,2.5230811394557837
52.29,-16.838709677419356,12.193548387096776,0.0,-0.0,202.16618853972028,-0.3374901226639684,0.238426568468181,2.5237629440964184
52.3,-16.838709677419356,12.193548387096776,0.0,-0.0,202.19769518373027,-0.3378121092750821,0.2380465540415585,2.5245231114584756
52.31,-16.838709677419356,12.193548387096776,0.0,-0.0,202.22920246476647,-0.3381085013121756,0.2377115582164926,2.5253507468504397
52.32,-16.838709677419356,12.193548387096776,0.0,-0.0,202.26071011748124,-0.3383802049690656,0.2374173308390024,2.5262357133852107
52.33,-16.838709677419356,12.193548387096776,0.0,-0.0,76.62851178039583,-0.3386282100394076,0.23716000600013376,2.5271686124058257
52.34,-16.838709677419356,12.193548387096776,0.0,-0.0,202.32372570712013,-0.3388535668634196,0.23693606562509295,2.528140760597235
52.35,-16.838709677419356,12.193548387096776,0.0,-0.0,202.35523332455912,-0.3390573667568555,0.2367423067621247,2.5291441644622177
52.36,-16.838709677419356,12.193548387096776,0.0,-0.0,76.72303452012036,-0.33924072547091466,0.236575812182106,2.530171492757838
52.37,-16.838709677419356,12.193548387096776,0.0,-0.0,202.41824763726152,-0.33940476928753793,0.23643392393976248,2.5312160474182175
52.38,-16.838709677419356,12.193548387096776,0.0,-0.0,202.44975417929675,-0.3395506234038117,0.236314219583311,2.5322717334219664
52.39,-16.838709677419356,12.193548387096776,0.0,-0.0,202.48126024195827,-0.3396794023020018,0.2362144907322804,2.5333330280056994
52.4,-16.838709677419356,12.193548387096776,0.0,-0.0,202.51276579253104,-0.3397922018396098,0.23613272377269479,2.5343949495703404
52.41,-16.838709677419356,12.193548387096776,0.0,-0.0,202.5442708109312,-0.33989009282685134,0.23606708244555286,2.5354530265793804
52.42,-16.838709677419356,12.193548387096776,0.0,-0.0,202.5757752875369,-0.33997411588794724,0.23601589212855578,2.5365032667048566
52.43,-16.838709677419356,12.193548387096776,0.0,-0.0,202.6072792213201,-0.3400452774280982,0.23597762563257574,2.537542126437281
52.44,-16.838709677419356,12.193548387096776,0.0,-0.0,202.6387826182412,-0.34010454655027766,0.23595089035374084,2.5385664813408706
52.45,-16.838709677419356,12.193548387096776,0.0,-0.0,202.67028548987318,-0.3401528527856039,0.23593441663927883,2.539573597103269
52.46,-16.838709677419356,12.193548387096776,0.0,-0.0,202.70178785222572,-0.3401910845181866,0.23592704724079971,2.540561101501083
52.47,-16.838709677419356,12.193548387096776,0.0,-0.0,202.73328972474354,-0.34022008800043757,0.23592772774248405,2.54152695737699
52.48,-16.838709677419356,12.193548387096776,0.0,-0.0,77.10108498586453,-0.3402406668680844,0.23593549786397683,2.542469436701712
52.49,-16.838709677419356,12.193548387096776,0.0,-0.0,202.79629209025987,-0.34025358207570355,0.23594948354879386,2.543387095774647
52.5,-16.838709677419356,12.193548387096776,0.0,-0.0,202.82779263231234,-0.3402595521838181,0.2359688897588088,2.5442787515993506
52.51,-16.838709677419356,12.193548387096776,0.0,-0.0,202.85929278152818,-0.3402592539375744,0.23599299390406403,2.5451434594547613
52.52,-16.838709677419356,12.193548387096776,0.0,-0.0,202.89079256415843,-0.34025332308481326,0.23602113984494277,2.5459804916705875
52.53,-16.838709677419356,12.193548387096776,0.0,-0.0,202.9222920064443,-0.3402423553883296,0.23605273241053726,2.5467893176033547
52.54,-16.838709677419356,12.193548387096776,0.0,-0.0,202.95379113433452,-0.3402269077931497,0.23608723238316287,2.547569584800295
52.55,-16.838709677419356,12.193548387096776,0.0,-0.0,202.985289973257,-0.340207499714944,0.23612415190441582,2.548321101330662
52.56,-16.838709677419356,12.193548387096776,0.0,-0.0,203.01678854793752,-0.3401846144204299,0.2361630502629043,2.5490438192567346
52.57,-16.838709677419356,12.193548387096776,0.0,-0.0,203.04828688225797,-0.3401587004746418,0.23620353002811711,2.549737819212208
52.58,-16.838709677419356,12.193548387096776,0.0,-0.0,203.0797849991489,-0.3401301732336355,0.23624523349856763,2.550403296050415
52.59,-16.838709677419356,12.193548387096776,0.0,-0.0,203.11128292051066,-0.3400994163642357,0.23628783943581344,2.55104054552263
52.6,-16.838709677419356,12.193548387096776,0.0,-0.0,203.14278066715897,-0.3400667833753048,0.2363310600588091,2.551649951943201
52.61,-16.838709677419356,12.193548387096776,0.0,-0.0,203.174278258791,-0.34003259914735184,0.23637463827575145,2.5522319767972785
52.62,-16.838709677419356,12.193548387096776,0.0,-0.0,203.20577571396822,-0.33999716144942305,0.23641834513291482,2.5527871482458715
52.63,-16.838709677419356,12.193548387096776,0.0,-0.0,203.23727305011388,-0.3399607424341511,0.23646197746193987,2.5533160514814544
52.64,-16.838709677419356,12.193548387096776,0.0,-0.0,203.26877028352163,-0.3399235901032833,0.2365053557090575,2.553819319889149
52.65,-16.838709677419356,12.193548387096776,0.0,-0.0,203.300267429374,-0.3398859297376202,0.2365483219311535,2.5542976269667577
52.66,-16.838709677419356,12.193548387096776,0.0,-0.0,203.33176450176825,-0.33984796528630934,0.236590737945225,2.5547516789597107
52.67,-16.838709677419356,12.193548387096776,0.0,-0.0,203.3632615137483,-0.33980988071168716,0.2366324836189011,2.5551822081661593
52.68,-16.838709677419356,12.193548387096776,0.0,-0.0,203.39475847734147,-0.3397718412866453,0.2366734552909615,2.555589966869941
52.69,-16.838709677419356,12.193548387096776,0.0,-0.0,203.42625540359836,-0.33973399484234656,0.2367135643117665,2.5559757218600363
52.7,-16.838709677419356,12.193548387096776,0.0,-0.0,203.4577523026357,-0.33969647296481975,0.23675273569439415,2.5563402494963703
52.71,-16.838709677419356,12.193548387096776,0.0,-0.0,203.4892491836805,-0.3396593921394775,0.23679090686816584,2.556684331284198
52.72,-16.838709677419356,12.193548387096776,0.0,-0.0,203.52074605511535,-0.339622854843185,0.23682802652688717,2.5570087499201577
52.73,-16.838709677419356,12.193548387096776,0.0,-0.0,203.55224292452417,-0.3395869505838842,0.23686405356482176,2.5573142857751963
52.74,-16.838709677419356,12.193548387096776,0.0,-0.0,203.5837397987377,-0.33955175688811945,0.2368989560940281,2.5576017137816476
52.75,-16.838709677419356,12.193548387096776,0.0,-0.0,203.61523668387875,-0.3395173402371856,0.23693271053712772,2.5578718006925913
52.76,-16.838709677419356,12.193548387096776,0.0,-0.0,203.64673358540648,-0.3394837569527773,0.23696530079014289,2.5581253026843864
52.77,-16.838709677419356,12.193548387096776,0.0,-0.0,203.6782305081596,-0.33945105403329245,0.23699671745039663,2.558362963274223
52.78,-16.838709677419356,12.193548387096776,0.0,-0.0,203.70972745639847,-0.33941926994210503,0.23702695710485444,2.5585855115262803
52.79,-16.838709677419356,12.193548387096776,0.0,-0.0,203.74122443384564,-0.33938843534919294,0.23705602167470075,2.55879366052233
52.8,-16.838709677419356,12.193548387096776,0.0,-0.0,203.7727214437249,-0.3393585738276854,0.23708391781217408,2.558988106073364
52.81,-16.838709677419356,12.193548387096776,0.0,-0.0,203.80421848879865,-0.3393297025069524,0.23711065634600326,2.559169525650636
52.82,-16.838709677419356,12.193548387096776,0.0,-0.0,203.8357155714037,-0.33930183268385417,0.23713625177209052,2.5593385775164195
52.83,-16.838709677419356,12.193548387096776,0.0,-0.0,203.86721269348527,-0.33927497039392485,0.2371607217862276,2.5594959000351203
52.84,-16.838709677419356,12.193548387096776,0.0,-0.0,203.8987098566292,-0.3392491169441394,0.23718408685597125,2.559642111147993
52.85,-16.838709677419356,12.193548387096776,0.0,-0.0,203.93020706209265,-0.3392242694090506,0.237206369828888,2.559777807994732
52.86,-16.838709677419356,12.193548387096776,0.0,-0.0,203.96170431083286,-0.33920042109199455,0.23722759557464101,2.559903566667225
52.87,-16.838709677419356,12.193548387096776,0.0,-0.0,203.99320160353435,-0.33917756195305326,0.23724779065854762,2.560019942081721
52.88,-16.838709677419356,12.193548387096776,0.0,-0.0,204.02469894063455,-0.339155679005515,0.23726698304432636,2.5601274679560397
52.89,-16.838709677419356,12.193548387096776,0.0,-0.0,204.0561963223477,-0.3391347566823919,0.23728520182403767,2.5602266568809013
52.9,-16.838709677419356,12.193548387096776,0.0,-0.0,204.0876937486872,-0.3391147771746954,0.2373024769731844,2.5603180004735826
52.91,-16.838709677419356,12.193548387096776,0.0,-0.0,204.1191912194867,-0.3390957207429821,0.23731883912920504,2.5604019696044773
52.92,-16.838709677419356,12.193548387096776,0.0,-0.0,204.1506887344195,-0.3390775660037064,0.23733431939163852,2.560479014687206
52.93,-16.838709677419356,12.193548387096776,0.0,-0.0,204.18218629301668,-0.3390602901918549,0.2373489491423615,2.560549566023842
52.94,-16.838709677419356,12.193548387096776,0.0,-0.0,204.21368389468395,-0.33904386940128073,0.2373627598844109,2.560614034197612
52.95,-16.838709677419356,12.193548387096776,0.0,-0.0,204.2451815387173,-0.3390282788041199,0.2373757830979708,2.560672810505859
52.96,-16.838709677419356,12.193548387096776,0.0,-0.0,204.2766792243173,-0.3390134928505515,0.2373880501122656,2.560726267427396
52.97,-16.838709677419356,12.193548387096776,0.0,-0.0,204.30817695060244,-0.33899948545024805,0.23739959199205174,2.5607747591175607
52.98,-16.838709677419356,12.193548387096776,0.0,-0.0,204.3396747166214,-0.3389862301366191,0.23741043943764994,2.560818621926676
52.99,-16.838709677419356,12.193548387096776,0.0,-0.0,204.37117252136414,-0.3389737002150772,0.23742062269737274,2.560858174936345
53.0,-16.838709677419356,12.193548387096776,0.0,-0.0,204.4026703637723,-0.33896186889638136,0.2374301714913749,2.560893720509633
53.01,-16.838709677419356,12.193548387096776,0.0,-0.0,204.43416824274854,-0.3389507094161013,0.23743911494599057,2.560925544851272
53.02,-16.838709677419356,12.193548387096776,0.0,-0.0,204.46566615716512,-0.3389401951411992,0.23744748153766815,2.560953918574258
53.03,-16.838709677419356,12.193548387096776,0.0,-0.0,204.49716410587158,-0.33893029966466015,0.23745529904569507,2.5609790972698523
53.04,-16.838709677419356,12.193548387096776,0.0,-0.0,204.52866208770195,-0.3389209968890867,0.23746259451291063,2.5610013220778396
53.05,-16.838709677419356,12.193548387096776,0.0,-0.0,204.56016010148096,-0.33891226110002726,0.2374693942137741,2.56102082025535
53.06,-16.838709677419356,12.193548387096776,0.0,-0.0,204.59165814602986,-0.33890406702991993,0.23747572362902436,2.5610378057410665
53.07,-16.838709677419356,12.193548387096776,0.0,-0.0,204.6231562201715,-0.3388963899133304,0.23748160742639124,2.5610524797136907
53.08,-16.838709677419356,12.193548387096776,0.0,-0.0,204.6546543227349,-0.33888920553421276,0.23748706944674358,2.561065031142596
53.09,-16.838709677419356,12.193548387096776,0.0,-0.0,204.68615245255936,-0.33888249026586315,0.23749213269514446,2.561075637329227
53.1,-16.838709677419356,12.193548387096776,0.0,-0.0,204.717650608498,-0.33887622110416427,0.23749681933632805,2.5610844644381254
53.11,-16.838709677419356,12.193548387096776,0.0,-0.0,204.74914878942099,-0.33887037569472644,0.2375011506941216,2.5610916680163314
53.12,-16.838709677419356,12.193548387096776,0.0,-0.0,204.78064699421824,-0.3388649323544368,0.23750514725441474,2.5610973935005443
53.13,-16.838709677419356,12.193548387096776,0.0,-0.0,204.81214522180179,-0.3388598700879688,0.23750882867124157,2.5611017767108724
53.14,-16.838709677419356,12.193548387096776,0.0,-0.0,204.84364347110784,-0.33885516859970277,0.23751221377563314,2.5611049443307987
53.15,-16.838709677419356,12.193548387096776,0.0,-0.0,204.8751417410985,-0.33885080830148473,0.23751532058692293,2.5611070143730554
53.16,-16.838709677419356,12.193548387096776,0.0,-0.0,79.24293388717146,-0.3388467703166784,0.23751816632615297,2.561108096630588
53.17,-16.838709677419356,12.193548387096776,0.0,-0.0,204.9381383391198,-0.33884303648086145,0.23752076743132877,2.561108293112685
53.18,-16.838709677419356,12.193548387096776,0.0,-0.0,204.96963666521566,-0.3388395893395315,0.2375231395742513,2.561107698465992
53.19,-16.838709677419356,12.193548387096776,0.0,-0.0,205.00113500812822,-0.3388364121431613,0.23752529767867925,2.5611064003802193
53.2,-16.838709677419356,12.193548387096776,0.0,-0.0,205.03263336696557,-0.3388334888398912,0.2375272559396191,2.5611044799787273
53.21,-16.838709677419356,12.193548387096776,0.0,-0.0,205.06413174086677,-0.33883080406615695,0.23752902784352947,2.561102012193834
53.22,-16.838709677419356,12.193548387096776,0.0,-0.0,205.09563012900205,-0.338828343135517,0.23753062618924992,2.561099066126959
53.23,-16.838709677419356,12.193548387096776,0.0,-0.0,205.1271285305728,-0.3388260920258952,0.2375320631095199,2.561095705393966
53.24,-16.838709677419356,12.193548387096776,0.0,-0.0,205.1586269448115,-0.3388240373654823,0.23753335009290744,2.5610919884556878
53.25,-16.838709677419356,12.193548387096776,0.0,-0.0,205.19012537098143,-0.3388221664175055,0.23753449800601012,2.5610879689338115
53.26,-16.838709677419356,12.193548387096776,0.0,-0.0,205.22162380837653,-0.3388204670640189,0.23753551711584242,2.5610836959127257
53.27,-16.838709677419356,12.193548387096776,0.0,-0.0,205.25312225632078,-0.33881892778890865,0.23753641711226448,2.561079214227356
53.28,-16.838709677419356,12.193548387096776,0.0,0.0,205.28462071416783,-0.33881753766027733,0.23753720713035564,2.561074564737252
53.29,-16.838709677419356,12.193548387096776,0.0,0.0,205.31611918130045,-0.3388162863123163,0.2375378957726736,2.561069784587583
53.3,-16.838709677419356,12.193548387096776,0.0,0.0,205.3476176571299,-0.33881516392681577,0.23753849113129455,2.561064907457146
53.31,-16.838709677419356,12.193548387096776,0.0,0.0,79.71540999750349,-0.33881416121442753,0.23753900080957568,2.5610599637938245
53.32,-16.838709677419356,12.193548387096776,0.0,0.0,205.4106146326626,-0.33881326939577194,0.23753943194358584,2.561054981037961
53.33,-16.838709677419356,12.193548387096776,0.0,0.0,205.4421131313246,-0.33881248018249566,0.23753979122314062,2.5610499838339202
53.34,-16.838709677419356,12.193548387096776,0.0,0.0,205.47361163659937,-0.33881178575836257,0.23754008491240108,2.561044994230263
53.35,-16.838709677419356,12.193548387096776,0.0,0.0,205.50511014802993,-0.33881117876042643,0.23754031887002225,2.561040031869193
53.36,-16.838709677419356,12.193548387096776,0.0,0.0,205.53660866518328,-0.33881065226040086,0.23754049856876736,2.5610351141651573
53.37,-16.838709677419356,12.193548387096776,0.0,0.0,205.56810718764964,-0.33881019974623294,0.23754062911461749,2.561030256473571
53.38,-16.838709677419356,12.193548387096776,0.0,0.0,205.5996057150416,-0.33880981510396735,0.23754071526531828,2.5610254722496664
53.39,-16.838709677419356,12.193548387096776,0.0,0.0,79.96739810340159,-0.338809492599933,0.2375407614483559,2.5610207731980092
53.4,-16.838709677419356,12.193548387096776,0.0,0.0,205.66260278315966,-0.33880922686327875,0.2375407717783653,2.561016169413193
53.41,-16.838709677419356,12.193548387096776,0.0,0.0,205.69410132321542,-0.33880901286892007,0.23754075007393072,2.561011669511798
53.42,-16.838709677419356,12.193548387096776,0.0,0.0,205.72559986685448,-0.3388088459208862,0.2375406998738112,2.5610072807563893
53.43,-16.838709677419356,12.193548387096776,0.0,0.0,205.75709841378904,-0.3388087216361342,0.23754062445254576,2.561003009171479
53.44,-16.838709677419356,12.193548387096776,0.0,0.0,205.78859696374874,-0.3388086359287965,0.23754052683548865,2.5609988596523405
53.45,-16.838709677419356,12.193548387096776,0.0,0.0,205.82009551648,-0.33880858499493716,0.23754040981321856,2.5609948360664294
53.46,-16.838709677419356,12.193548387096776,0.0,0.0,205.85159407174515,-0.3388085652977728,0.23754027595538119,2.5609909413483067
53.47,-16.838709677419356,12.193548387096776,0.0,0.0,80.21938648573007,-0.3388085735533961,0.2375401276239414,2.560987177588102
53.48,-16.838709677419356,12.193548387096776,0.0,0.0,205.91459118900198,-0.3388086067170044,0.23753996698585922,2.560983546113886
53.49,-16.838709677419356,12.193548387096776,0.0,0.0,205.94608975059154,-0.338808661969626,0.23753979602520103,2.5609800475683056
53.5,-16.838709677419356,12.193548387096776,0.0,0.0,205.9775883139094,-0.3388087367053574,0.23753961655469635,2.560976681979758
53.51,-16.838709677419356,12.193548387096776,0.0,0.0,206.0090868787869,-0.3388088285190938,0.2375394302267555,2.5609734488284537
53.52,-16.838709677419356,12.193548387096776,0.0,0.0,206.04058544506714,-0.3388089351947625,0.23753923854395764,2.560970347107588
53.53,-16.838709677419356,12.193548387096776,0.0,0.0,206.07208401260442,-0.3388090546940521,0.2375390428690204,2.5609673753798865
53.54,-16.838709677419356,12.193548387096776,0.0,0.0,206.10358258126354,-0.3388091851456134,0.2375388444342792,2.5609645318299337
53.55,-16.838709677419356,12.193548387096776,0.0,0.0,206.13508115091926,-0.3388093248347601,0.2375386443506674,2.5609618143122566
53.56,-16.838709677419356,12.193548387096776,0.0,0.0,206.16657972145578,-0.33880947219361834,0.237538443616237,2.560959220395712
53.57,-16.838709677419356,12.193548387096776,0.0,0.0,206.19807829276613,-0.3388096257917428,0.23753824312422256,2.560956747404214
53.58,-16.838709677419356,12.193548387096776,0.0,0.0,206.2295768647517,-0.33880978432717823,0.23753804367066778,2.5609543924541063
53.59,-16.838709677419356,12.193548387096776,0.0,0.0,206.26107543732172,-0.33880994661796326,0.23753784596162175,2.560952152488278
53.6,-16.838709677419356,12.193548387096776,0.0,0.0,206.29257401039283,-0.3388101115940456,0.23753765061994314,2.5609500243074512
53.61,-16.838709677419356,12.193548387096776,0.0,0.0,206.32407258388855,-0.3388102782896212,0.2375374581916987,2.560948004598547
53.62,-16.838709677419356,12.193548387096776,0.0,0.0,206.35557115773895,-0.3388104458358643,0.23753726915219575,2.560946089960542
53.63,-16.838709677419356,12.193548387096776,0.0,0.0,206.38706973188016,-0.33881061345404273,0.2375370839116555,2.5609442769279025
53.64,-16.838709677419356,12.193548387096776,0.0,0.0,206.41856830625397,-0.33881078044900503,0.23753690282054263,2.5609425619917596
53.65,-16.838709677419356,12.193548387096776,0.0,0.0,206.45006688080753,-0.3388109462030364,0.23753672617455468,2.5609409416188744
53.66,-16.838709677419356,12.193548387096776,0.0,0.0,206.4815654554929,-0.33881111017004306,0.2375365542193172,2.5609394122688403
53.67,-16.838709677419356,12.193548387096776,0.0,0.0,206.51306403026678,-0.3388112718700791,0.23753638715476588,2.5609379704093405
53.68,-16.838709677419356,12.193548387096776,0.0,0.0,206.5445626050902,-0.3388114308841972,0.23753622513924122,2.5609366125296886
53.69,-16.838709677419356,12.193548387096776,0.0,0.0,206.57606117992813,-0.3388115868495807,0.23753606829333307,2.560935335153047
53.7,-16.838709677419356,12.193548387096776,0.0,0.0,206.60755975474933,-0.33881173945500387,0.237535916703436,2.560934134846861
53.71,-16.838709677419356,12.193548387096776,0.0,0.0,206.6390583295259,-0.3388118884365321,0.23753577042509433,2.560933008232343
53.72,-16.838709677419356,12.193548387096776,0.0,0.0,206.67055690423322,-0.3388120335735314,0.23753562948607787,2.560931951992332
53.73,-16.838709677419356,12.193548387096776,0.0,0.0,206.70205547884953,-0.33881217468488956,0.23753549388927864,2.5609309628784582
53.74,-16.838709677419356,12.193548387096776,0.0,0.0,206.73355405335582,-0.33881231162551595,0.23753536361536498,2.5609300377169077
53.75,-16.838709677419356,12.193548387096776,0.0,0.0,206.7650526277356,-0.3388124442830531,0.23753523862525672,2.560929173413442
53.76,-16.838709677419356,12.193548387096776,0.0,0.0,206.79655120197464,-0.33881257257480213,0.23753511886242296,2.5609283669576115
53.77,-16.838709677419356,12.193548387096776,0.0,0.0,206.82804977606082,-0.338812696444883,0.2375350042549781,2.5609276154259235
53.78,-16.838709677419356,12.193548387096776,0.0,0.0,206.85954834998398,-0.3388128158615642,0.23753489471763922,2.560926915984557
53.79,-16.838709677419356,12.193548387096776,0.0,0.0,206.8910469237357,-0.338812930814796,0.23753479015351797,2.5609262658913043
53.8,-16.838709677419356,12.193548387096776,0.0,0.0,206.9225454973092,-0.3388130413139163,0.23753469045576536,2.5609256624969374
53.81,-16.838709677419356,12.193548387096776,0.0,0.0,206.9540440706991,-0.33881314738552026,0.2375345955090865,2.5609251032460882
53.82,-16.838709677419356,12.193548387096776,0.0,0.0,206.9855426439014,-0.338813249071495,0.23753450519112218,2.5609245856776055
53.83,-16.838709677419356,12.193548387096776,0.0,0.0,207.0170412169133,-0.3388133464272083,0.23753441937370323,2.5609241074244204
53.84,-16.838709677419356,12.193548387096776,0.0,0.0,207.04853978973307,-0.33881343951981413,0.2375343379240169,2.5609236662132684
53.85,-16.838709677419356,12.193548387096776,0.0,0.0,207.08003836235997,-0.3388135284267213,0.23753426070563854,2.5609232598637766
53.86,-16.838709677419356,12.193548387096776,0.0,0.0,207.11153693479412,-0.3388136132341628,0.2375341875794893,2.5609228862874915
53.87,-16.838709677419356,12.193548387096776,0.0,0.0,207.1430355070364,-0.338813694035895,0.2375341184046872,2.5609225434864964
53.88,-16.838709677419356,12.193548387096776,0.0,0.0,207.17453407908837,-0.33881377093200693,0.23753405303931796,2.5609222295518292
53.89,-16.838709677419356,12.193548387096776,0.0,0.0,207.2060326509523,-0.3388138440278228,0.2375339913411303,2.5609219426617638
53.9,-16.838709677419356,12.193548387096776,0.0,0.0,207.23753122263088,-0.33881391343290357,0.2375339331681594,2.560921681079918
53.91,-16.838709677419356,12.193548387096776,0.0,0.0,81.60532365053558,-0.33881397926014634,0.23753387837927387,2.5609214431531346
53.92,-16.838709677419356,12.193548387096776,0.0,0.0,207.3005283654452,-0.33881404162496387,0.23753382683466207,2.560921227309275
53.93,-16.838709677419356,12.193548387096776,0.0,0.0,207.33202693658845,-0.3388141006445313,0.23753377839627188,2.560921032055025
53.94,-16.838709677419356,12.193548387096776,0.0,0.0,207.36352550756135,-0.33881415643713053,0.23753373292817448,2.5609208559733956
53.95,-16.838709677419356,12.193548387096776,-0.0,-0.0,207.39502407836835,-0.33881420912152693,0.2375336902969094,2.5609206977214845
53.96,-16.838709677419356,12.193548387096776,-0.0,-0.0,81.76281650542242,-0.3388142588164482,0.2375336503717509,2.5609205560278414
53.97,-16.838709677419356,12.193548387096776,-0.0,-0.0,81.79431507591181,-0.33881430564008674,0.23753361302496212,2.5609204296901233
53.98,-16.838709677419356,12.193548387096776,-0.0,-0.0,207.4895197898415,-0.33881434970968627,0.23753357813198406,2.560920317572446
53.99,-16.838709677419356,12.193548387096776,-0.0,-0.0,207.52101836003308,-0.33881439114115497,0.23753354557161255,2.5609202186029716
54.0,-16.838709677419356,12.193548387096776,-0.0,-0.0,81.88881078649166,-0.33881443004873146,0.23753351522613664,2.5609201317714283
54.01,-16.838709677419356,13.35483870967742,-0.0,-0.0,207.58417691507856,-0.33696062058785436,0.32901203064094386,2.551477399877246
54.02,-16.838709677419356,13.35483870967742,-0.0,-0.0,207.61597895229312,-0.33554744020143623,0.3218168465323922,2.5425072279939673
54.03,-16.838709677419356,13.35483870967742,-0.0,-0.0,207.6479058806655,-0.33450833929020685,0.31528754328040165,2.5340339402285434
54.04,-16.838709677419356,13.35483870967742,-0.0,-0.0,207.67994250309036,-0.3337851178757294,0.3093633051133732,2.5260748142823166
54.05,-16.838709677419356,13.35483870967742,-0.0,-0.0,207.71207537251308,-0.3333270074802299,0.3039888474386889,2.5186407714461003
54.06,-16.838709677419356,13.35483870967742,-0.0,-0.0,207.7442925998341,-0.33308983432551154,0.2991139319564253,2.511737052796077
54.07,-16.838709677419356,13.35483870967742,-0.0,-0.0,207.7765836816947,-0.33303526151372176,0.29469291966960776,2.5053638726267784
54.08,-16.838709677419356,13.35483870967742,-0.0,-0.0,207.80893934631075,-0.33313010634668583,0.2906843598547747,2.499517041944613
54.09,-16.838709677419356,13.35483870967742,-0.0,-0.0,207.8413514156354,-0.33334572802020346,0.28705061284258715,2.4941885566586026
54.1,-16.838709677419356,13.35483870967742,-0.0,-0.0,207.87381268225437,-0.3336574804398724,0.2837575043856424,2.489367146824066
54.11,-16.838709677419356,13.35483870967742,-0.0,-0.0,207.90631679954487,-0.3340442247255875,0.28077400940506647,2.485038784833499
54.12,-16.838709677419356,13.35483870967742,-0.0,-0.0,207.938858183752,-0.3344878960100517,0.2780719629733964,2.4811871517608215
54.13,-16.838709677419356,13.35483870967742,-0.0,-0.0,207.9714319267574,-0.3349731193220564,0.27562579648550445,2.4777940621294214
54.14,-16.838709677419356,13.35483870967742,-0.0,-0.0,208.0040337184279,-0.33548686962484586,0.27341229707755454,2.4748398481960177
54.15,-16.838709677419356,13.35483870967742,-0.0,-0.0,208.0366597775377,-0.3360181714143573,0.2714103884674549,2.472303705441217
54.16,-16.838709677419356,13.35483870967742,-0.0,-0.0,208.069306790356,-0.3365578336434556,0.2696009315037263,2.4701640013602053
54.17,-16.838709677419356,13.35483870967742,-0.0,-0.0,208.1019718560822,-0.33709821610617996,0.2679665428206258,2.468398549889247
54.18,-16.838709677419356,13.35483870967742,-0.0,-0.0,208.13465243839332,-0.3376330237773322,0.26649143010394205,2.4669848539141963
54.19,-16.838709677419356,13.35483870967742,-0.0,-0.0,208.16734632244305,-0.3381571259480114,0.2651612425741111,2.4659003183233414
54.2,-16.838709677419356,13.35483870967742,-0.0,-0.0,208.20005157672065,-0.33866639732218706,0.2639629353903641,2.4651224360090325
54.21,-16.838709677419356,13.35483870967742,-0.0,-0.0,208.2327665192392,-0.3391575785396459,0.26288464677214707,2.4646289491201396
54.22,-16.838709677419356,13.35483870967742,-0.0,-0.0,208.26548968757825,-0.3396281538657573,0.26191558672189763,2.4643979877361657
54.23,-16.838709677419356,13.35483870967742,-0.0,-0.0,208.29821981235682,-0.34007624403861314,0.2610459363164702,2.4644081879873077
54.24,-16.838709677419356,13.35483870967742,-0.0,-0.0,208.3309557937567,-0.3405005124897158,0.26026675661355436,2.464638791497217
54.25,-16.838709677419356,13.35483870967742,-0.0,-0.0,208.36369668075807,-0.34090008335726507,0.25956990629395227,2.46506972787912
54.26,-16.838709677419356,13.35483870967742,-0.0,-0.0,208.39644165278466,-0.34127446989234245,0.2589479672311892,2.4656816818813487
54.27,-16.838709677419356,13.35483870967742,-0.0,-0.0,208.42919000348877,-0.34162351202017893,0.258394177246108,2.4664561466516717
54.28,-16.838709677419356,13.35483870967742,-0.0,-0.0,208.46194112643607,-0.34194732196247024,0.2579023693664647,2.467375464477672
54.29,-16.838709677419356,13.35483870967742,-0.0,-0.0,208.49469450247585,-0.3422462369544341,0.25746691696977186,2.468422856258512
54.3,-16.838709677419356,13.35483870967742,-0.0,-0.0,208.52744968860605,-0.3425207782034607,0.25708268424203273,2.469582440872836
54.31,-16.838709677419356,13.35483870967742,-0.0,-0.0,208.5602063081632,-0.3427716153363416,0.2567449814356081,2.4708392455265447
54.32,-16.838709677419356,13.35483870967742,-0.0,-0.0,208.59296404218645,-0.34299953567067165,0.25644952445629887,2.472179208089932
54.33,-16.838709677419356,13.35483870967742,-0.0,-0.0,208.62572262182107,-0.3432054177241519,0.25619239835320495,2.4735891723679324
54.34,-16.838709677419356,13.35483870967742,-0.0,-0.0,208.65848182164228,-0.3433902084447289,0.25597002432476157,2.4750568771834565
54.35,-16.838709677419356,13.35483870967742,-0.0,-0.0,208.69124145379308,-0.3435549037053607,0.2557791298912252,2.476570940096828
54.36,-16.838709677419356,13.35483870967742,-0.0,-0.0,208.72400136284188,-0.34370053166110215,0.2556167219174652,2.4781208365273537
54.37,-16.838709677419356,13.35483870967742,-0.0,-0.0,208.75676142127622,-0.3438281386136175,0.255480062200784,2.479696874990034
54.38,-16.838709677419356,13.35483870967742,-0.0,-0.0,208.78952152555837,-0.3439387770701401,0.25536664536656295,2.4812901691077527
54.39,-16.838709677419356,13.35483870967742,-0.0,-0.0,83.15857544908505,-0.3440334957208597,0.25527417884009873,2.482892607008024
54.4,-16.838709677419356,13.35483870967742,-0.0,-0.0,208.85504155713483,-0.3441133310912676,0.25520056468629426,2.484496818663963
54.41,-16.838709677419356,13.35483870967742,-0.0,-0.0,208.88780136832543,-0.3441793006548943,0.25514388312980263,2.486096141688527
54.42,-16.838709677419356,13.35483870967742,-0.0,-0.0,208.9205609882451,-0.34423239721710286,0.2551023775874549,2.4876845860451726
54.43,-16.838709677419356,13.35483870967742,-0.0,-0.0,208.95332038950698,-0.34427358440317635,0.25507444106188404,2.489256798089734
54.44,-16.838709677419356,13.35483870967742,-0.0,-0.0,208.98607955361706,-0.3443037931036699,0.255058603760863,2.4908080243141204
54.45,-16.838709677419356,13.35483870967742,-0.0,-0.0,209.0188384694812,-0.3443239187474991,0.2550535218208656,2.492334075119096
54.46,-16.838709677419356,13.35483870967742,-0.0,-0.0,209.0515971321152,-0.3443348192886786,0.2550579670259615,2.493831288902325
54.47,-16.838709677419356,13.35483870967742,-0.0,-0.0,209.08435554153277,-0.3443373138063581,0.25507081742441307,2.4952964967080313
54.48,-16.838709677419356,13.35483870967742,-0.0,-0.0,209.11711370178938,-0.34433218162975265,0.2550910487556107,2.4967269876494638
54.49,-16.838709677419356,13.35483870967742,-0.0,-0.0,209.14987162016257,-0.34432016191037795,0.2551177266089696,2.4981204752796335
54.5,-16.838709677419356,13.35483870967742,-0.0,-0.0,209.18262930645164,-0.3443019535733476,0.25514999924466186,2.4994750650554844
54.51,-16.838709677419356,13.35483870967742,-0.0,-0.0,209.21538677238127,-0.3442782155878661,0.2551870910133456,2.500789223011518
54.52,-16.838709677419356,13.35483870967742,-0.0,-0.0,209.248144031096,-0.34424956750448943,0.25522829631853816,2.5020617457321097
54.53,-16.838709677419356,13.35483870967742,-0.0,-0.0,209.2809010967338,-0.34421659021319395,0.2552729740711954,2.5032917316890537
54.54,-16.838709677419356,13.35483870967742,-0.0,-0.0,209.31365798406816,-0.3441798268821128,0.25532054259124826,2.504478553989461
54.55,-16.838709677419356,13.35483870967742,-0.0,-0.0,209.34641470820972,-0.34413978404193957,0.25537047491548015,2.50562183456019
54.56,-16.838709677419356,13.35483870967742,-0.0,-0.0,209.37917128435947,-0.3440969327854757,0.25542229447535614,2.5067214197795766
54.57,-16.838709677419356,13.35483870967742,-0.0,-0.0,209.41192772760647,-0.34405171005586,0.25547557111205454,2.5077773575522575
54.58,-16.838709677419356,13.35483870967742,-0.0,-0.0,209.44468405276382,-0.3440045200005042,0.25552991739933617,2.508789875811797
54.59,-16.838709677419356,13.35483870967742,0.0,-0.0,209.4774402742377,-0.3439557353709468,0.25558498524777284,2.509759362424844
54.6,-16.838709677419356,13.35483870967742,0.0,-0.0,209.51019640592446,-0.34390569895155165,0.25564046276655117,2.510686346462934
54.61,-16.838709677419356,13.35483870967742,0.0,-0.0,209.5429524611319,-0.3438547250024566,0.2556960713613713,2.511571480800659
54.62,-16.838709677419356,13.35483870967742,0.0,-0.0,209.57570845252104,-0.3438031007043314,0.255751563049068,2.512415525993671
54.63,-16.838709677419356,13.35483870967742,0.0,-0.0,209.6084643920651,-0.34375108759435546,0.25580671797149257,2.5132193353863683
54.64,-16.838709677419356,13.35483870967742,0.0,-0.0,209.64122029102313,-0.3436989229845828,0.2558613420927699,2.513983841394954
54.65,-16.838709677419356,13.35483870967742,0.0,-0.0,209.673976159926,-0.34364682135526126,0.25591526506562723,2.514710042910609
54.66,-16.838709677419356,13.35483870967742,0.0,-0.0,209.7067320085723,-0.3435949757169918,0.2559683382537645,2.5153989937656944
54.67,-16.838709677419356,13.35483870967742,0.0,-0.0,209.7394878460327,-0.34354355893677124,0.2560204328984197,2.516051792205258
54.68,-16.838709677419356,13.35483870967742,0.0,-0.0,209.7722436806613,-0.3434927250238986,0.25607143841838986,2.5166695713069056
54.69,-16.838709677419356,13.35483870967742,0.0,-0.0,209.80499952011226,-0.3434426103726562,0.25612126083365205,2.517253490291822
54.7,-16.838709677419356,13.35483870967742,0.0,-0.0,209.83775537136097,-0.34339333495938607,0.2561698213036263,2.517804726671445
54.71,-16.838709677419356,13.35483870967742,0.0,-0.0,209.8705112407285,-0.3433450034922523,0.25621705477186585,2.5183244691754036
54.72,-16.838709677419356,13.35483870967742,0.0,-0.0,209.90326713390857,-0.3432977065125489,0.25626290870964175,2.518813911408085
54.73,-16.838709677419356,13.35483870967742,0.0,-0.0,209.93602305599663,-0.34325152144692606,0.2563073419514841,2.5192742461826687
54.74,-16.838709677419356,13.35483870967742,0.0,-0.0,84.30507286792815,-0.343206513610268,0.256350323616345,2.519706660484374
54.75,-16.838709677419356,13.35483870967742,0.0,-0.0,210.0015350044682,-0.3431627371593817,0.2563918321084858,2.5201123310158446
54.76,-16.838709677419356,13.35483870967742,0.0,-0.0,210.03429103832536,-0.34312023599792396,0.2564318541926762,2.5204924202804384
54.77,-16.838709677419356,13.35483870967742,0.0,-0.0,210.06704711610033,-0.343079044633275,0.2564703841386682,2.5208480731609626
54.78,-16.838709677419356,13.35483870967742,0.0,-0.0,210.09980324035806,-0.3430391889862303,0.25650742293033324,2.5211804139544927
54.79,-16.838709677419356,13.35483870967742,0.0,-0.0,210.1325594132499,-0.34300068715464227,0.25654297753510424,2.5214905438250335
54.8,-16.838709677419356,13.35483870967742,0.0,-0.0,210.1653156365432,-0.34296355013221413,0.25657706022972815,2.5217795386389117
54.81,-16.838709677419356,13.35483870967742,0.0,-0.0,210.19807191165,-0.34292778248381395,0.2566096879785772,2.5220484471494147
54.82,-16.838709677419356,13.35483870967742,0.0,-0.0,210.2308282396549,-0.34289338297872773,0.2566408818610517,2.5222982894997745
54.83,-16.838709677419356,13.35483870967742,0.0,-0.0,210.2635846213415,-0.3428603451833607,0.2566706665448105,2.522530056015292
54.84,-16.838709677419356,13.35483870967742,0.0,-0.0,210.29634105721803,-0.34282865801497664,0.2566990698017654,2.5227447062571
54.85,-16.838709677419356,13.35483870967742,0.0,-0.0,210.3290975475417,-0.342798306258016,0.25672612206402656,2.5229431683128265
54.86,-16.838709677419356,13.35483870967742,0.0,-0.0,210.3618540923416,-0.3427692710446164,0.256751856017126,2.523126338300519
54.87,-16.838709677419356,13.35483870967742,0.0,-0.0,210.3946106914407,-0.342741530300982,0.2567763062279801,2.523295080063592
54.88,-16.838709677419356,13.35483870967742,0.0,-0.0,210.4273673444765,-0.3427150591611474,0.256799508805306,2.5234502250374145
54.89,-16.838709677419356,13.35483870967742,0.0,-0.0,210.4601240509203,-0.34268983034977873,0.25682150109024204,2.523592572268284
54.9,-16.838709677419356,13.35483870967742,0.0,-0.0,210.49288081009564,-0.3426658145355579,0.25684232137512986,2.523722888567939
54.91,-16.838709677419356,13.35483870967742,0.0,-0.0,210.52563762119516,-0.34264298065669774,0.2568620086485034,2.5238419087876314
54.92,-16.838709677419356,13.35483870967742,0.0,-0.0,84.89468833970494,-0.34262129622009274,0.2568806023644665,2.523950336197327
54.93,-16.838709677419356,13.35483870967742,0.0,-0.0,210.59115139537795,-0.34260072757557847,0.25689814223473606,2.5240488429565744
54.94,-16.838709677419356,13.35483870967742,0.0,-0.0,210.62390835633053,-0.34258124016672054,0.25691466804173735,2.5241380706648844
54.95,-16.838709677419356,13.35483870967742,0.0,-0.0,210.65666536497253,-0.3425627987595232,0.25693021947123496,2.524218630980346
54.96,-16.838709677419356,13.35483870967742,0.0,-0.0,85.02571627646861,-0.3425453676503696,0.2569448359630826,2.52429110629652
54.97,-16.838709677419356,13.35483870967742,0.0,-0.0,210.72217952029965,-0.34252891085451975,0.25695855657872113,2.5243560504678135
54.98,-16.838709677419356,13.35483870967742,0.0,-0.0,210.75493666435534,-0.34251339227635613,0.2569714198841998,2.5244139895754234
54.99,-16.838709677419356,13.35483870967742,0.0,-0.0,85.12398770726898,-0.34249877586259503,0.2569834638475105,2.5244654227257937
55.0,-16.838709677419356,13.35483870967742,0.0,-0.0,210.82045107842583,-0.3424850257395857,0.2569947257491316,2.524510822874759
55.01,-16.838709677419356,13.35483870967742,0.0,-0.0,210.8532083456452,-0.34247210633577985,0.25700524210474074,2.524550637671146
55.02,-16.838709677419356,13.35483870967742,0.0,-0.0,210.88596565110473,-0.34245998249041243,0.25701504859910385,2.524585290314041
55.03,-16.838709677419356,13.35483870967742,0.0,-0.0,210.91872299338783,-0.3424486195493648,0.25702418003024463,2.524615180418877
55.04,-16.838709677419356,13.35483870967742,0.0,-0.0,210.9514803710813,-0.3424379834491702,0.25703267026299803,2.5246406848874123
55.05,-16.838709677419356,13.35483870967742,0.0,-0.0,210.9842377827802,-0.34242804079001954,0.25704055219117894,2.5246621587779634
55.06,-16.838709677419356,13.35483870967742,0.0,-0.0,211.01699522709256,-0.3424187588986247,0.2570478577075902,2.5246799361720473
55.07,-16.838709677419356,13.35483870967742,0.0,-0.0,211.04975270264327,-0.34241010588174703,0.2570546176811561,2.5246943310341203
55.08,-16.838709677419356,13.35483870967742,0.0,-0.0,211.08251020807765,-0.3424020506710961,0.25706086194056443,2.5247056380621355
55.09,-16.838709677419356,13.35483870967742,0.0,-0.0,211.11526774206465,-0.3423945630603811,0.25706661926373187,2.524714133525557
55.1,-16.838709677419356,13.35483870967742,0.0,-0.0,211.14802530329942,-0.34238761373509496,0.25707191737260715,2.5247200760898156
55.11,-16.838709677419356,13.35483870967742,0.0,-0.0,211.1807828905058,-0.342381174295745,0.25707678293268454,2.524723707624166
55.12,-16.838709677419356,13.35483870967742,0.0,-0.0,211.2135405024382,-0.3423752172750396,0.25708124155682344,2.5247252539925054
55.13,-16.838709677419356,13.35483870967742,0.0,-0.0,211.24629813788331,-0.3423697161496537,0.2570853178128307,2.5247249258248123
55.14,-16.838709677419356,13.35483870967742,0.0,-0.0,211.27905579566144,-0.3423646453470268,0.25708903523444737,2.524722919268957
55.15,-16.838709677419356,13.35483870967742,0.0,-0.0,211.31181347462766,-0.3423599802477355,0.2570924163352829,2.5247194167211933
55.16,-16.838709677419356,13.35483870967742,0.0,-0.0,211.34457117367265,-0.34235569718383907,0.2570954826253864,2.5247145875353225
55.17,-16.838709677419356,13.35483870967742,0.0,-0.0,211.37732889172332,-0.3423517734336594,0.2570982546300702,2.5247085887093954
55.18,-16.838709677419356,13.35483870967742,0.0,-0.0,211.4100866277433,-0.3423481872133647,0.25710075191069826,2.5247015655498286
55.19,-16.838709677419356,13.35483870967742,0.0,-0.0,85.77913823714141,-0.34234491766571606,0.2571029930871588,2.5246936523127723
55.2,-16.838709677419356,13.35483870967742,0.0,-0.0,211.4756021497303,-0.34234194484633584,0.25710499586172986,2.5246849728222096
55.21,-16.838709677419356,13.35483870967742,0.0,-0.0,211.50835993380923,-0.3423392497077966,0.25710677704411544,2.524675641064988
55.22,-16.838709677419356,13.35483870967742,0.0,-0.0,211.54111773208112,-0.3423368140818106,0.2571083525774347,2.5246657617629134
55.23,-16.838709677419356,13.35483870967742,0.0,0.0,211.5738755436935,-0.3423346206597999,0.2571097375649497,2.5246554309218547
55.24,-16.838709677419356,13.35483870967742,0.0,0.0,211.60663336782991,-0.3423326529720916,0.2571109462973493,2.524644736358115
55.25,-16.838709677419356,13.35483870967742,0.0,0.0,211.63939120370927,-0.3423308953659461,0.2571119922804389,2.524633758202553
55.26,-16.838709677419356,13.35483870967742,0.0,0.0,211.67214905058535,-0.34232933298265866,0.2571128882630507,2.5246225693823665
55.27,-16.838709677419356,13.35483870967742,0.0,0.0,211.70490690774602,-0.3423279517338711,0.2571136462650876,2.524611236081591
55.28,-16.838709677419356,13.35483870967742,0.0,0.0,211.73766477451258,-0.34232673827732985,0.2571142776055211,2.524599818179951
55.29,-16.838709677419356,13.35483870967742,0.0,0.0,211.77042265023886,-0.34232567999218344,0.2571147929302896,2.5245883696713474
55.3,-16.838709677419356,13.35483870967742,0.0,0.0,211.80318053431048,-0.3423247649540193,0.25711520223994566,2.524576939061735
55.31,-16.838709677419356,13.35483870967742,0.0,0.0,211.83593842614397,-0.34232398190971325,0.257115514917018,2.524565569747656
55.32,-16.838709677419356,13.35483870967742,0.0,0.0,86.20499018159398,-0.34232332025224865,0.2571157397529753,2.5245543003754527
55.33,-16.838709677419356,13.35483870967742,0.0,0.0,211.9014542309112,-0.3423227699956073,0.2571158849747215,2.5245431651817505
55.34,-16.838709677419356,13.35483870967742,0.0,0.0,211.934212142824,-0.34232232174978394,0.2571159582706086,2.524532194316346
55.35,-16.838709677419356,13.35483870967742,0.0,0.0,86.30326391686305,-0.3423219666960644,0.25711596681585813,2.5245214141473262
55.36,-16.838709677419356,13.35483870967742,0.0,0.0,211.99972798336032,-0.34232169656259326,0.2571159172973977,2.524510847549685
55.37,-16.838709677419356,13.35483870967742,0.0,0.0,212.03248591112265,-0.3423215036003284,0.2571158159380432,2.524500514177577
55.38,-16.838709677419356,13.35483870967742,0.0,0.0,86.40153769975626,-0.3423213805594152,0.2571156685200202,2.5244904307211353
55.39,-16.838709677419356,13.35483870967742,0.0,0.0,212.09800177966582,-0.34232132066604315,0.25711548040778387,2.524480611148253
55.4,-16.838709677419356,13.35483870967742,0.0,0.0,212.13075971972796,-0.3423213175998243,0.25711525657013,2.5244710669320254
55.41,-16.838709677419356,13.35483870967742,0.0,0.0,212.16351766320753,-0.3423213654717181,0.2571150016015854,2.5244618072645197
55.42,-16.838709677419356,13.35483870967742,0.0,0.0,212.1962756097981,-0.34232145880255893,0.2571147197430439,2.5244528392571306
55.43,-16.838709677419356,13.35483870967742,0.0,0.0,212.2290335592128,-0.3423215925021732,0.2571144149016805,2.5244441681285905
55.44,-16.838709677419356,13.35483870967742,0.0,0.0,212.26179151118336,-0.342321761849137,0.2571140906701139,2.524435797380837
55.45,-16.838709677419356,13.35483870967742,0.0,0.0,212.29454946545926,-0.34232196247117375,0.25711375034482387,2.524427728963369
55.46,-16.838709677419356,13.35483870967742,0.0,0.0,212.32730742180686,-0.34232219032620437,0.2571133969438365,2.5244199634267654
55.47,-16.838709677419356,13.35483870967742,0.0,0.0,212.36006538000865,-0.34232244168406245,0.2571130332236704,2.524412500065682
55.48,-16.838709677419356,13.35483870967742,0.0,0.0,212.3928233398623,-0.3423227131088671,0.257112661695569,2.5244053370521042
55.49,-16.838709677419356,13.35483870967742,0.0,0.0,212.42558130118,-0.3423230014420693,0.2571122846410103,2.5243984715590733
55.5,-16.838709677419356,13.35483870967742,0.0,0.0,212.45833926378762,-0.34232330378616016,0.25711190412651974,2.5243918998755386
55.51,-16.838709677419356,13.35483870967742,0.0,0.0,212.49109722752408,-0.34232361748902806,0.2571115220178054,2.5243856175129245
55.52,-16.838709677419356,13.35483870967742,0.0,0.0,212.52385519224046,-0.34232394012897704,0.25711113999321455,2.5243796193035744
55.53,-16.838709677419356,13.35483870967742,0.0,0.0,212.55661315779952,-0.3423242695003992,0.25711075955652407,2.5243738994915503
55.54,-16.838709677419356,13.35483870967742,0.0,0.0,212.58937112407486,-0.3423246036000509,0.25711038204912606,2.5243684518167133
55.55,-16.838709677419356,13.35483870967742,0.0,0.0,212.62212909095044,-0.34232494061398766,0.2571100086615532,2.524363269591586
55.56,-16.838709677419356,13.35483870967742,0.0,0.0,212.65488705831984,-0.34232527890507414,0.2571096404444414,2.5243583457723826
55.57,-16.838709677419356,13.35483870967742,0.0,0.0,212.6876450260858,-0.3423256170011191,0.25710927831887886,2.524353673023704
55.58,-16.838709677419356,13.35483870967742,0.0,0.0,212.72040299415949,-0.34232595358356543,0.25710892308621747,2.5243492437779604
55.59,-16.838709677419356,13.35483870967742,0.0,0.0,212.75316096246016,-0.3423262874767683,0.2571085754373207,2.52434505028931
55.6,-16.838709677419356,13.35483870967742,0.0,0.0,212.78591893091456,-0.34232661763780614,0.2571082359612994,2.5243410846828285
55.61,-16.838709677419356,13.35483870967742,0.0,0.0,212.8186768994564,-0.3423269431468212,0.2571079051537528,2.5243373389992056
55.62,-16.838709677419356,13.35483870967742,0.0,0.0,212.8514348680259,-0.3423272631978955,0.2571075834244987,2.524333805234804
55.63,-16.838709677419356,13.35483870967742,0.0,0.0,212.88419283656947,-0.3423275770904044,0.25710727110486387,2.524330475378036
55.64,-16.838709677419356,13.35483870967742,0.0,0.0,212.9169508050391,-0.34232788422085614,0.2571069684545222,2.524327341441911
55.65,-16.838709677419356,13.35483870967742,0.0,0.0,212.9497087733921,-0.34232818407519683,0.25710667566790324,2.5243243954930636
55.66,-16.838709677419356,13.35483870967742,0.0,0.0,212.98246674159068,-0.3423284762215648,0.2571063928801902,2.524321629677512
55.67,-16.838709677419356,13.35483870967742,0.0,0.0,213.01522470960157,-0.3423287603034544,0.2571061201729473,2.524319036243662
55.68,-16.838709677419356,13.35483870967742,0.0,0.0,213.04798267739568,-0.34232903603331377,0.2571058575793541,2.5243166075622123
55.69,-16.838709677419356,13.35483870967742,0.0,0.0,213.0807406449478,-0.3423293031865182,0.25710560508910074,2.524314336143725
55.7,-16.838709677419356,13.35483870967742,0.0,0.0,87.44979246864466,-0.3423295615957336,0.25710536265293793,2.5243122146536514
55.71,-16.838709677419356,13.35483870967742,0.0,0.0,213.14625657924304,-0.34232981114561145,0.25710513018693126,2.5243102359255154
55.72,-16.838709677419356,13.35483870967742,0.0,0.0,87.51530840236074,-0.3423300517678709,0.2571049075763745,2.5243083929715553
55.73,-16.838709677419356,13.35483870967742,0.0,0.0,213.21177251235213,-0.34233028343666816,0.2571046946794505,2.5243066789919895
55.74,-16.838709677419356,13.35483870967742,0.0,0.0,213.244530478432,-0.34233050616429694,0.257104491330603,2.524305087382366
55.75,-16.838709677419356,13.35483870967742,0.0,0.0,213.2772884441844,-0.3423307199971748,0.25710429734366225,2.524303611739492
55.76,-16.838709677419356,13.35483870967742,0.0,0.0,213.31004640960367,-0.34233092501212603,0.25710411251471377,2.5243022458657713
55.77,-16.838709677419356,13.35483870967742,0.0,0.0,87.67909823109443,-0.34233112131291166,0.2571039366247545,2.524300983772487
55.78,-16.838709677419356,13.35483870967742,0.0,0.0,87.7118561958381,-0.3423313090270217,0.25710376944212854,2.524299819681841
55.79,-16.838709677419356,13.35483870967742,0.0,0.0,213.40832030383424,-0.3423314883027153,0.2571036107247483,2.524298748027806
55.8,-16.838709677419356,13.35483870967742,0.0,0.0,213.44107826790037,-0.3423316593062671,0.25710346022214736,2.5242977634563166
55.81,-16.838709677419356,13.35483870967742,0.0,0.0,213.47383623163037,-0.342331822219444,0.2571033176773345,2.524296860824366
55.82,-16.838709677419356,13.35483870967742,0.0,0.0,213.50659419502756,-0.342331977237176,0.25710318282849154,2.524296035198491
55.83,-16.838709677419356,13.35483870967742,0.0,0.0,213.5393521580962,-0.3423321245654154,0.2571030554105126,2.5242952818525572
55.84,-16.838709677419356,13.35483870967742,0.0,0.0,213.57211012084142,-0.3423322644191815,0.25710293515639093,2.524294596264901
55.85,-16.838709677419356,13.35483870967742,0.0,0.0,213.60486808326908,-0.34233239702076057,0.2571028217984809,2.5242939741150914
55.86,-16.838709677419356,13.35483870967742,0.0,0.0,213.6376260453857,-0.34233252259807734,0.2571027150696159,2.524293411280048
55.87,-16.838709677419356,13.35483870967742,0.0,-0.0,213.67038400719838,-0.3423326413832093,0.2571026147041182,2.524292903829876
55.88,-16.838709677419356,13.35483870967742,0.0,-0.0,213.70314196871465,-0.34233275361102544,0.25710252043870363,2.5242924480234863
55.89,-16.838709677419356,13.35483870967742,0.0,-0.0,213.73589992994243,-0.3423328595179771,0.2571024320132669,2.524292040303681
55.9,-16.838709677419356,13.35483870967742,0.0,-0.0,213.76865789089,-0.3423329593409947,0.2571023491715838,2.5242916772921733
55.91,-16.838709677419356,13.35483870967742,0.0,-0.0,213.80141585156588,-0.3423330533164961,0.2571022716619271,2.5242913557844506
55.92,-16.838709677419356,13.35483870967742,0.0,-0.0,213.83417381197873,-0.3423331416795081,0.2571021992375907,2.524291072744347
55.93,-16.838709677419356,13.35483870967742,0.0,-0.0,213.8669317721374,-0.3423332246628781,0.25710213165734774,2.524290825298614
55.94,-16.838709677419356,13.35483870967742,0.0,-0.0,213.89968973205083,-0.3423333024965789,0.2571020686858373,2.5242906107313923
55.95,-16.838709677419356,13.35483870967742,0.0,-0.0,213.93244769172796,-0.34233337540709563,0.25710201009388767,2.5242904264786246
55.96,-16.838709677419356,13.35483870967742,0.0,-0.0,213.9652056511778,-0.342333443616897,0.25710195565877514,2.524290270122372
55.97,-16.838709677419356,13.35483870967742,0.0,-0.0,213.99796361040927,-0.3423335073439584,0.25710190516444886,2.5242901393853825
55.98,-16.838709677419356,13.35483870967742,0.0,-0.0,214.03072156943125,-0.3423335668013776,0.257101858401682,2.524290032125346
55.99,-16.838709677419356,13.35483870967742,0.0,-0.0,214.06347952825254,-0.3423336221970359,0.25710181516819364,2.524289946329392
56.0,-16.838709677419356,13.35483870967742,0.0,-0.0,214.09623748688182,-0.3423336737333089,0.2571017752687351,2.5242898801087073
56.01,-16.838709677419356,14.516129032258064,0.0,-0.0,214.12914830197678,-0.34055612041386296,0.34902267838022194,2.511659240526672
56.02,-16.838709677419356,14.516129032258064,0.0,-0.0,214.1621944146359,-0.3391795177121433,0.3422002486929582,2.499604397642934
56.03,-16.838709677419356,14.516129032258064,0.0,-0.0,214.1953601934787,-0.33814492071603675,0.33598307495798396,2.4881568185146987
56.04,-16.838709677419356,14.516129032258064,0.0,-0.0,214.22863173243874,-0.33740055271708114,0.33031837985224255,2.4773410532714752
56.05,-16.838709677419356,14.516129032258064,0.0,-0.0,88.59829052480598,-0.3369010432051611,0.3251580312308656,2.467175188276418
56.06,-16.838709677419356,14.516129032258064,0.0,-0.0,214.29544401700295,-0.3366067313521226,0.3204581367189402,2.4576713204836564
56.07,-16.838709677419356,14.516129032258064,0.0,-0.0,214.32896402507444,-0.3364830330122688,0.3161786714030732,2.44883604238575
56.08,-16.838709677419356,14.516129032258064,0.0,-0.0,214.36254803809075,-0.3364998682042717,0.3122831365565597,2.440670928151258
56.09,-16.838709677419356,14.516129032258064,0.0,-0.0,214.39618838134018,-0.3366311453756534,0.30873824725719257,2.4331730130277807
56.1,-16.838709677419356,14.516129032258064,0.0,-0.0,214.4298782534258,-0.3368542983878211,0.30551364677067394,2.4263352596649064
56.11,-16.838709677419356,14.516129032258064,0.0,-0.0,214.46361163091575,-0.3371498720171262,0.302581645641123,2.4201470065665487
56.12,-16.838709677419356,14.516129032258064,0.0,-0.0,214.49738318303184,-0.3375011517836013,0.2999169835298082,2.414594395312606
56.13,-16.838709677419356,14.516129032258064,0.0,-0.0,214.53118819536755,-0.337893834044799,0.2974966119590602,2.4096607744409897
56.14,-16.838709677419356,14.516129032258064,0.0,-0.0,214.56502250171766,-0.33831573249042446,0.2952994962402965,2.4053270789193184
56.15,-16.838709677419356,14.516129032258064,0.0,-0.0,214.5988824231887,-0.3387565174159728,0.2933064349870732,2.4015721849534932
56.16,-16.838709677419356,14.516129032258064,0.0,-0.0,214.6327647138388,-0.339207484419515,0.29149989573237356,2.398373240487274
56.17,-16.838709677419356,14.516129032258064,0.0,-0.0,214.6666665121693,-0.33966134944004134,0.2898638652820471,2.3957059721644143
56.18,-16.838709677419356,14.516129032258064,0.0,-0.0,214.70058529785706,-0.3401120673277376,0.2883837135423588,2.393544969780171
56.19,-16.838709677419356,14.516129032258064,0.0,-0.0,214.73451885317868,-0.34055467139932616,0.2870460696586533,2.3918639493708445
56.2,-16.838709677419356,14.516129032258064,0.0,-0.0,214.76846522863204,-0.34098513168022104,0.2858387093944562,2.3906359961130286
56.21,-16.838709677419356,14.516129032258064,0.0,-0.0,214.80242271231216,-0.3414002297674015,0.2847504527659721,2.389833788153348
56.22,-16.838709677419356,14.516129032258064,0.0,-0.0,214.8363898026432,-0.34179744846110793,0.2837710710264363,2.3894298023930625
56.23,-16.838709677419356,14.516129032258064,0.0,-0.0,214.87036518410972,-0.3421748745094544,0.282891202168456,2.3893965031307562
56.24,-16.838709677419356,14.516129032258064,0.0,-0.0,214.90434770566713,-0.34253111298806815,0.2821022741808955,2.3897065143401295
56.25,-16.838709677419356,14.516129032258064,0.0,-0.0,214.93833636154486,-0.3428652119978852,0.2813964353600842,2.3903327762384063
56.26,-16.838709677419356,14.516129032258064,0.0,-0.0,214.9723302741852,-0.3431765965089466,0.2807664910339316,2.391248686699379
56.27,-16.838709677419356,14.516129032258064,0.0,-0.0,215.0063286790883,-0.34346501030794774,0.28020584611183796,2.392428227984284
56.28,-16.838709677419356,14.516129032258064,0.0,-0.0,215.0403309113573,-0.3437304651233881,0.27970845292363467,2.3938460792103626
56.29,-16.838709677419356,14.516129032258064,0.0,-0.0,89.410630250168,-0.343973196105801,0.27926876385729515,2.3954777149491657
56.3,-16.838709677419356,14.516129032258064,0.0,-0.0,215.10834462614034,-0.34419362293277467,0.2788816883482199,2.3972994903453535
56.31,-16.838709677419356,14.516129032258064,0.0,-0.0,215.14235517603876,-0.34439231589070674,0.2785425538124229,2.3992887131636564
56.32,-16.838709677419356,14.516129032258064,0.0,-0.0,215.1763676703793,-0.34456996635801507,0.2782470701526747,2.401423703211087
56.33,-16.838709677419356,14.516129032258064,0.0,-0.0,215.21038178811642,-0.34472736117950387,0.277991297500092,2.4036838396276323
56.34,-16.838709677419356,14.516129032258064,0.0,-0.0,215.24439725373003,-0.344865360478948,0.2777716168846964,2.4060495965975757
56.35,-16.838709677419356,14.516129032258064,0.0,-0.0,215.27841383147728,-0.34498487850806736,0.2775847035567012,2.4085025680918717
56.36,-16.838709677419356,14.516129032258064,0.0,-0.0,215.31243132031668,-0.3450868671752447,0.2774275027063091,2.4110254823112762
56.37,-16.838709677419356,14.516129032258064,0.0,-0.0,215.34644954942982,-0.345172301937545,0.2772972073534763,2.4136022065521057
56.38,-16.838709677419356,14.516129032258064,0.0,-0.0,215.38046837427424,-0.34524216977517286,0.2771912382007897,2.4162177432617753
56.39,-16.838709677419356,14.516129032258064,0.0,-0.0,215.41448767310737,-0.34529745899905917,0.2771072252623924,2.418858218086489
56.4,-16.838709677419356,14.516129032258064,0.0,-0.0,215.4485073439288,-0.3453391506703698,0.2770429910998228,2.421510860735209
56.41,-16.838709677419356,14.516129032258064,0.0,-0.0,215.4825273017935,-0.3453682114355392,0.27699653551204684,2.424163979495534
56.42,-16.838709677419356,14.516129032258064,0.0,-0.0,215.51654747645364,-0.3453855876025429,0.2769660215417946,2.426806930234871
56.43,-16.838709677419356,14.516129032258064,0.0,-0.0,215.55056781029145,-0.3453922003037413,0.2769497626738011,2.4294300807065303
56.44,-16.838709677419356,14.516129032258064,0.0,-0.0,215.58458825650973,-0.34538894160804423,0.27694621111274986,2.4320247709557385
56.45,-16.838709677419356,14.516129032258064,0.0,-0.0,215.61860877755012,-0.34537667146065987,0.27695394703976517,2.434583270586059
56.46,-16.838709677419356,14.516129032258064,0.0,-0.0,215.65262934371265,-0.34535621534241345,0.2769716687563176,2.4370987336051466
56.47,-16.838709677419356,14.516129032258064,0.0,-0.0,215.68664993195296,-0.3453283625529331,0.2769981836333928,2.4395651515190666
56.48,-16.838709677419356,14.516129032258064,0.0,-0.0,215.72067052483618,-0.3452938650328474,0.2770323997919435,2.441977305291699
56.49,-16.838709677419356,14.516129032258064,0.0,-0.0,215.7546911096291,-0.34525343664990316,0.27707331844795435,2.444330716728196
56.5,-16.838709677419356,14.516129032258064,0.0,-0.0,215.78871167751365,-0.3452077528824584,0.2771200268621218,2.4466215997844576
56.51,-16.838709677419356,14.516129032258064,0.0,-0.0,215.8227322229075,-0.34515745084162996,0.277171691840009,2.4488468122439584
56.52,-16.838709677419356,14.516129032258064,0.0,-0.0,215.85675274287834,-0.3451031295800857,0.2772275537340111,2.451003808147772
56.53,-16.838709677419356,14.516129032258064,0.0,-0.0,215.89077323664077,-0.34504535064172526,0.27728692090314866,2.4530905913052243
56.54,-16.838709677419356,14.516129032258064,0.0,-0.0,215.924793705125,-0.34498463881180785,0.27734916459115777,2.455105670161561
56.55,-16.838709677419356,14.516129032258064,0.0,-0.0,215.958814150609,-0.34492148303203796,0.27741371418713134,2.4570480142471944
56.56,-16.838709677419356,14.516129032258064,0.0,-0.0,215.9928345764054,-0.3448563374493856,0.27748005283651234,2.4589170123878126
56.57,-16.838709677419356,14.516129032258064,0.0,-0.0,216.02685498659687,-0.3447896225712934,0.27754771337333894,2.460712432811802
56.58,-16.838709677419356,14.516129032258064,0.0,-0.0,216.060875385813,-0.344721726503348,0.2776162745474673,2.4624343852535153
56.59,-16.838709677419356,14.516129032258064,0.0,-0.0,216.09489577904364,-0.3446530062485751,0.2776853575229776,2.4640832851162844
56.6,-16.838709677419356,14.516129032258064,0.0,-0.0,216.12891617148378,-0.34458378905020015,0.27775462262627715,2.4656598197300093
56.61,-16.838709677419356,14.516129032258064,0.0,-0.0,216.1629365684056,-0.3445143737621743,0.2778237663243909,2.4671649167114538
56.62,-16.838709677419356,14.516129032258064,0.0,-0.0,216.1969569750541,-0.3444450322339221,0.27789251841574447,2.4685997144131253
56.63,-16.838709677419356,14.516129032258064,0.0,-0.0,216.2309773965629,-0.34437601069764834,0.2779606394174031,2.4699655344285225
56.64,-16.838709677419356,14.516129032258064,0.0,-0.0,216.26499783788742,-0.3443075311482857,0.27802791813415106,2.4712638561053932
56.65,-16.838709677419356,14.516129032258064,0.0,-0.0,216.29901830375283,-0.34423979270765726,0.2780941693960932,2.4724962930060794
56.66,-16.838709677419356,14.516129032258064,0.0,-0.0,216.33303879861472,-0.3441729729657461,0.2781592319526788,2.473664571244825
56.67,-16.838709677419356,14.516129032258064,0.0,-0.0,216.36705932663028,-0.3441072292931786,0.2782229665120419,2.4747705096235624
56.68,-16.838709677419356,14.516129032258064,0.0,-0.0,216.40107989163874,-0.3440427001200781,0.27828525391551073,2.4758160014822916
56.69,-16.838709677419356,14.516129032258064,0.0,-0.0,216.4351004971492,-0.34397950617730433,0.2783459934380188,2.476802998177445
56.7,-16.838709677419356,14.516129032258064,0.0,-0.0,216.46912114633477,-0.34391775169699934,0.27840510120585016,2.4777334940980746
56.71,-16.838709677419356,14.516129032258064,0.0,-0.0,216.50314184203205,-0.34385752556999627,0.27846250872388534,2.4786095131300483
56.72,-16.838709677419356,14.516129032258064,0.0,-0.0,216.53716258674467,-0.34379890245830613,0.2785181615050991,2.479433096478156
56.73,-16.838709677419356,14.516129032258064,0.0,-0.0,216.57118338265047,-0.34374194386144286,0.2785720177956319,2.4802062917573875
56.74,-16.838709677419356,14.516129032258064,0.0,-0.0,216.60520423161125,-0.3436866991357934,0.2786240473892594,2.4809311432668433
56.75,-16.838709677419356,14.516129032258064,0.0,-0.0,90.9755189915931,-0.3436332064666965,0.2786742305255072,2.4816096833615524
56.76,-16.838709677419356,14.516129032258064,0.0,-0.0,216.67324609463842,-0.3435814937931765,0.27872255686613534,2.4822439248418253
56.77,-16.838709677419356,14.516129032258064,0.0,-0.0,216.70726711096378,-0.34353157968569614,0.27876902454496977,2.4828358542808395
56.78,-16.838709677419356,14.516129032258064,0.0,-0.0,216.74128818489257,-0.34348347417738023,0.27881363928657255,2.4833874262180196
56.79,-16.838709677419356,14.516129032258064,0.0,-0.0,216.7753093169125,-0.343437179549565,0.278856413589356,2.483900558145965
56.8,-16.838709677419356,14.516129032258064,0.0,-0.0,216.8093305072839,-0.3433926910725824,0.27889736596916737,2.4843771262249534
56.81,-16.838709677419356,14.516129032258064,0.0,-0.0,216.84335175605594,-0.34334999770288,0.2789365202595788,2.484818961662145
56.82,-16.838709677419356,14.516129032258064,0.0,-0.0,216.8773730630831,-0.3433090827377212,0.2789739049653337,2.4852278476959446
56.83,-16.838709677419356,14.516129032258064,0.0,-0.0,91.2476882844494,-0.3432699244287647,0.2790095526656611,2.4856055171306806
56.84,-16.838709677419356,14.516129032258064,0.0,-0.0,216.94541585044254,-0.3432324965559401,0.27904349946433404,2.485953650369597
56.85,-16.838709677419356,14.516129032258064,0.0,-0.0,216.97943732965214,-0.34319676896308837,0.2790757844835312,2.48627387389781
56.86,-16.838709677419356,14.516129032258064,0.0,-0.0,217.0134588649012,-0.34316270805681626,0.27910644939879314,2.486567759171467
56.87,-16.838709677419356,14.516129032258064,0.0,-0.0,217.0474804553016,-0.34313027727015366,0.2791355380124192,2.486836821870447
56.88,-16.838709677419356,14.516129032258064,0.0,-0.0,217.08150209985925,-0.34309943749251026,0.2791630958628899,2.487082521477063
56.89,-16.838709677419356,14.516129032258064,0.0,-0.0,91.45181765389484,-0.34307014746748155,0.279189169868002,2.4873062611452137
56.9,-16.838709677419356,14.516129032258064,0.0,-0.0,217.1495455470144,-0.34304236416004175,0.2792138079995298,2.4875093878273815
56.91,-16.838709677419356,14.516129032258064,0.0,-0.0,217.18356734720362,-0.34301604309465583,0.27923705898733364,2.487693192629141
56.92,-16.838709677419356,14.516129032258064,0.0,-0.0,217.21758919675528,-0.342991138665772,0.27925897205101746,2.4878589113645266
56.93,-16.838709677419356,14.516129032258064,0.0,-0.0,217.25161109432077,-0.34296760442219654,0.2792795966572499,2.488007725286283
56.94,-16.838709677419356,14.516129032258064,0.0,-0.0,217.28563303851087,-0.34294539332677454,0.27929898230103345,2.488140761968294
56.95,-16.838709677419356,14.516129032258064,0.0,-0.0,217.31965502790436,-0.3429244579927766,0.2793171783092786,2.4882590963191684
56.96,-16.838709677419356,14.516129032258064,0.0,-0.0,217.35367706105592,-0.3429047508983518,0.2793342336651252,2.488363751707734
56.97,-16.838709677419356,14.516129032258064,0.0,-0.0,217.3876991365034,-0.3428862245803619,0.2793501968515566,2.4884557011831516
56.98,-16.838709677419356,14.516129032258064,0.0,-0.0,217.42172125277446,-0.3428688318088673,0.279365115712913,2.4885358687737456
56.99,-16.838709677419356,14.516129032258064,0.0,-0.0,217.4557434083928,-0.34285252574349867,0.27937903733300584,2.4886051308502486
57.0,-16.838709677419356,14.516129032258064,0.0,-0.0,217.48976560188368,-0.3428372600728833,0.2793920079285893,2.4886643175404686
57.01,-16.838709677419356,14.516129032258064,0.0,-0.0,217.52378783177895,-0.3428229891382595,0.27940407275704615,2.4887142141838985
57.02,-16.838709677419356,14.516129032258064,0.0,-0.0,217.55781009662167,-0.34280966804236335,0.2794152760371734,2.4887555628155416
57.03,-16.838709677419356,14.516129032258064,0.0,-0.0,91.9281262513785,-0.342797252744627,0.27942566088203935,2.488789063669513
57.04,-16.838709677419356,14.516129032258064,0.0,-0.0,217.62585472540192,-0.34278570014365783,0.2794352692429586,2.488815376694367
57.05,-16.838709677419356,14.516129032258064,0.0,-0.0,217.6598770865164,-0.3427749681479677,0.2794441418636371,2.4888351230719374
57.06,-16.838709677419356,14.516129032258064,0.0,-0.0,217.69389947693833,-0.34276501573581375,0.27945231824366124,2.488848886733693
57.07,-16.838709677419356,14.516129032258064,0.0,-0.0,217.72792189532007,-0.3427558030050153,0.2794598366105132,2.4888572158683604
57.08,-16.838709677419356,14.516129032258064,0.0,-0.0,217.76194434034375,-0.3427472912135532,0.27946673389934074,2.4888606244154334
57.09,-16.838709677419356,14.516129032258064,0.0,-0.0,92.13226066713153,-0.34273944281170343,0.2794730457397928,2.488859593540232
57.1,-16.838709677419356,14.516129032258064,0.0,-0.0,217.82998930520563,-0.3427322214664079,0.27947880644926115,2.4888545730867087
57.11,-16.838709677419356,14.516129032258064,0.0,0.0,217.8640118225726,-0.34272559207860476,0.27948404903186563,2.488845983003682
57.12,-16.838709677419356,14.516129032258064,0.0,0.0,217.89803436164144,-0.34271952079409407,0.27948880518266295,2.4888342147426616
57.13,-16.838709677419356,14.516129032258064,0.0,0.0,217.9320569212659,-0.3427139750085808,0.27949310529649396,2.488819632623919
57.14,-16.838709677419356,14.516129032258064,0.0,0.0,217.96607950033686,-0.3427089233674425,0.2794969784809781,2.48880257516888
57.15,-16.838709677419356,14.516129032258064,0.0,0.0,218.00010209778264,-0.342704335760746,0.27950045257319145,2.4887833563972124
57.16,-16.838709677419356,14.516129032258064,0.0,0.0,218.03412471256937,-0.3427001833140022,0.2795035541595876,2.488762267087056
57.17,-16.838709677419356,14.516129032258064,0.0,0.0,218.06814734370096,-0.34269643837513053,0.2795063085987578,2.4887395759972386
57.18,-16.838709677419356,14.516129032258064,0.0,0.0,218.10216999021918,-0.34269307449805053,0.2795087400466507,2.4887155310506173
57.19,-16.838709677419356,14.516129032258064,0.0,0.0,218.13619265120334,-0.34269006642329614,0.2795108714839266,2.4886903604781723
57.2,-16.838709677419356,14.516129032258064,0.0,0.0,218.17021532577013,-0.34268739005604454,0.2795127247450876,2.488664273922868
57.21,-16.838709677419356,14.516129032258064,0.0,0.0,218.20423801307305,-0.3426850224418665,0.2795143205491425,2.488637463503958
57.22,-16.838709677419356,14.516129032258064,0.0,0.0,218.23826071230204,-0.34268294174055725,0.2795156785314822,2.488610104840746
57.23,-16.838709677419356,14.516129032258064,0.0,0.0,218.2722834226828,-0.34268112719830834,0.2795168172767589,2.4885823580367306
57.24,-16.838709677419356,14.516129032258064,0.0,0.0,218.30630614347615,-0.3426795591185112,0.27951775435252124,2.488554368623932
57.25,-16.838709677419356,14.516129032258064,0.0,0.0,218.34032887397737,-0.34267821883143146,0.2795185063434029,2.488526268467993
57.26,-16.838709677419356,14.516129032258064,0.0,0.0,218.37435161351533,-0.34267708866298574,0.2795190888856829,2.4884981766345686
57.27,-16.838709677419356,14.516129032258064,0.0,0.0,218.40837436145168,-0.34267615190282874,0.27951951670203945,2.488470200217549
57.28,-16.838709677419356,14.516129032258064,0.0,0.0,218.44239711718006,-0.342675392771951,0.2795198036363393,2.488442435129698
57.29,-16.838709677419356,14.516129032258064,0.0,0.0,218.47641988012512,-0.34267479638993326,0.27951996268834944,2.488414966856943
57.3,-16.838709677419356,14.516129032258064,0.0,0.0,218.5104426497416,-0.3426743487420554,0.27952000604820315,2.488387871176378
57.31,-16.838709677419356,14.516129032258064,0.0,0.0,218.5444654255134,-0.3426740366463681,0.2795199451305539,2.4883612148395975
57.32,-16.838709677419356,14.516129032258064,0.0,0.0,218.57848820695267,-0.34267384772087706,0.27951979060828314,2.4883350562217026
57.33,-16.838709677419356,14.516129032258064,0.0,0.0,218.61251099359873,-0.34267377035093505,0.27951955244570426,2.4883094459374866
57.34,-16.838709677419356,14.516129032258064,0.0,0.0,218.64653378501723,-0.3426737936569699,0.2795192399311588,2.488284427425177
57.35,-16.838709677419356,14.516129032258064,0.0,0.0,218.68055658079902,-0.3426739074626144,0.2795188617089648,2.4882600374993435
57.36,-16.838709677419356,14.516129032258064,0.0,0.0,218.71457938055931,-0.3426741022633395,0.2795184258106338,2.4882363068734223
57.37,-16.838709677419356,14.516129032258064,0.0,0.0,218.74860218393667,-0.34267436919564753,0.2795179396853317,2.4882132606533713
57.38,-16.838709677419356,14.516129032258064,0.0,0.0,218.78262499059198,-0.3426747000068877,0.279517410229532,2.4881909188033005
57.39,-16.838709677419356,14.516129032258064,0.0,0.0,218.81664780020762,-0.34267508702576177,0.27951684381581865,2.4881692965839117
57.4,-16.838709677419356,14.516129032258064,0.0,0.0,218.8506706124864,-0.342675523133541,0.27951624632083494,2.488148404965243
57.41,-16.838709677419356,14.516129032258064,0.0,0.0,218.88469342715075,-0.34267600173605794,0.2795156231523299,2.488128251014237
57.42,-16.838709677419356,14.516129032258064,0.0,0.0,218.9187162439418,-0.34267651673647936,0.27951497927531277,2.4881088382586336
57.43,-16.838709677419356,14.516129032258064,0.0,0.0,218.95273906261838,-0.3426770625089024,0.2795143192372884,2.4880901670278606
57.44,-16.838709677419356,14.516129032258064,0.0,0.0,218.9867618829564,-0.3426776338727937,0.27951364719256533,2.48807223477191
57.45,-16.838709677419356,14.516129032258064,0.0,0.0,219.0207847047477,-0.34267822606826326,0.27951296692566174,2.488055036359639
57.46,-16.838709677419356,14.516129032258064,0.0,0.0,219.05480752779957,-0.34267883473222094,0.2795122818737672,2.4880385643566494
57.47,-16.838709677419356,14.516129032258064,0.0,0.0,219.08883035193364,-0.3426794558753805,0.2795115951483117,2.488022809284545
57.48,-16.838709677419356,14.516129032258064,0.0,0.0,219.12285317698533,-0.3426800858601422,0.2795109095556164,2.488007759861825
57.49,-16.838709677419356,14.516129032258064,0.0,0.0,219.15687600280302,-0.3426807213793359,0.27951022761665667,2.4879934032277005
57.5,-16.838709677419356,14.516129032258064,0.0,0.0,93.52719268565565,-0.3426813594358282,0.27950955158593604,2.487979725149422
57.51,-16.838709677419356,14.516129032258064,0.0,0.0,219.2249216561905,-0.34268199732297067,0.27950888346951497,2.4879667102144407
57.52,-16.838709677419356,14.516129032258064,0.0,0.0,219.2589444835156,-0.34268263260591736,0.27950822504215345,2.4879543420072197
57.53,-16.838709677419356,14.516129032258064,0.0,0.0,219.29296731111594,-0.3426832631037344,0.27950757786367075,2.487942603272985
57.54,-16.838709677419356,14.516129032258064,0.0,0.0,219.32699013889453,-0.34268388687235385,0.2795069432944597,2.487931476067712
57.55,-16.838709677419356,14.516129032258064,0.0,0.0,219.36101296676333,-0.3426845021883136,0.2795063225102328,2.487920941896029
57.56,-16.838709677419356,14.516129032258064,0.0,0.0,219.39503579464284,-0.3426851075332846,0.2795057165159883,2.4879109818372487
57.57,-16.838709677419356,14.516129032258064,0.0,0.0,219.42905862246147,-0.3426857015793503,0.2795051261592514,2.4879015766606885
57.58,-16.838709677419356,14.516129032258064,0.0,0.0,219.46308145015504,-0.34268628317504013,0.2795045521425791,2.487892706930375
57.59,-16.838709677419356,14.516129032258064,0.0,0.0,219.49710427766627,-0.3426868513320753,0.2795039950353807,2.487884353100246
57.6,-16.838709677419356,14.516129032258064,0.0,0.0,219.53112710494432,-0.34268740521282703,0.2795034552850576,2.4878764956000596
57.61,-16.838709677419356,14.516129032258064,0.0,0.0,219.56514993194435,-0.34268794411843495,0.27950293322750674,2.487869114913047
57.62,-16.838709677419356,14.516129032258064,0.0,0.0,219.59917275862708,-0.34268846747760073,0.27950242909699297,2.4878621916453745
57.63,-16.838709677419356,14.516129032258064,0.0,0.0,219.63319558495837,-0.342688974836,0.27950194303542764,2.4878557065883196
57.64,-16.838709677419356,14.516129032258064,0.0,0.0,219.66721841090887,-0.3426894658463149,0.2795014751010708,2.487849640773434
57.65,-16.838709677419356,14.516129032258064,0.0,0.0,219.70124123645363,-0.34268994025884836,0.27950102527668497,2.4878439755213235
57.66,-16.838709677419356,14.516129032258064,0.0,0.0,219.73526406157174,-0.3426903979127063,0.2795005934771625,2.487838692484408
57.67,-16.838709677419356,14.516129032258064,0.0,0.0,219.76928688624608,-0.34269083872752115,0.27950017955664785,2.4878337736841307
57.68,-16.838709677419356,14.516129032258064,0.0,0.0,219.80330971046286,-0.34269126269568884,0.27949978331518865,2.4878292015431427
57.69,-16.838709677419356,14.516129032258064,0.0,0.0,219.8373325342115,-0.3426916698751228,0.27949940450490884,2.4878249589123946
57.7,-16.838709677419356,14.516129032258064,0.0,0.0,219.87135535748428,-0.3426920603824555,0.27949904283577387,2.487821029094336
57.71,-16.838709677419356,14.516129032258064,0.0,0.0,94.24167203668435,-0.3426924343867157,0.27949869798092,2.4878173958617094
57.72,-16.838709677419356,14.516129032258064,0.0,0.0,219.93940100258402,-0.3426927921034233,0.279498369581608,2.487814043472929
57.73,-16.838709677419356,14.516129032258064,-0.0,-0.0,219.97342382440758,-0.34269313378912014,0.279498057251776,2.487810956683575
57.74,-16.838709677419356,14.516129032258064,-0.0,-0.0,220.007446645748,-0.3426934597362572,0.2794977605822806,2.4878081207555462
57.75,-16.838709677419356,14.516129032258064,-0.0,-0.0,220.0414694666083,-0.34269377026848535,0.27949747914476664,2.487805521462719
57.76,-16.838709677419356,14.516129032258064,-0.0,-0.0,220.07549228699307,-0.34269406573627936,0.2794972124952462,2.4878031450944795
57.77,-16.838709677419356,14.516129032258064,-0.0,-0.0,220.10951510690822,-0.34269434651291086,0.2794969601773647,2.487800978456648
57.78,-16.838709677419356,14.516129032258064,-0.0,-0.0,220.1435379263609,-0.34269461299072423,0.2794967217253973,2.487799008870542
57.79,-16.838709677419356,14.516129032258064,-0.0,-0.0,94.5138546017676,-0.34269486557772577,0.2794964966669722,2.4877972241699604
57.8,-16.838709677419356,14.516129032258064,-0.0,-0.0,220.21158356391257,-0.34269510469443354,0.2794962845255642,2.4877956126968312
57.81,-16.838709677419356,14.516129032258064,-0.0,-0.0,220.24560638203064,-0.342695330771029,0.2794960848227205,2.487794163294727
57.82,-16.838709677419356,14.516129032258064,-0.0,-0.0,220.2796291997241,-0.34269554424471305,0.27949589708011624,2.4877928653019263
57.83,-16.838709677419356,14.516129032258064,-0.0,-0.0,220.31365201700413,-0.34269574555734095,0.279495720821362,2.4877917085424994
57.84,-16.838709677419356,14.516129032258064,-0.0,-0.0,220.34767483388237,-0.34269593515324526,0.2794955555736527,2.48779068331699
57.85,-16.838709677419356,14.516129032258064,-0.0,-0.0,220.38169765037085,-0.34269611347728945,0.27949540086921654,2.487789780391785
57.86,-16.838709677419356,14.516129032258064,-0.0,-0.0,220.4157204664819,-0.3426962809730971,0.27949525624661664,2.487788990988113
57.87,-16.838709677419356,14.516129032258064,-0.0,-0.0,220.449743282228,-0.34269643808147565,0.27949512125188647,2.4877883067701294
57.88,-16.838709677419356,14.516129032258064,-0.0,-0.0,220.4837660976219,-0.34269658523900626,0.2794949954395214,2.487787719832539
57.89,-16.838709677419356,14.516129032258064,-0.0,-0.0,220.5177889126763,-0.34269672287678365,0.27949487837335296,2.4877872226879965
57.9,-16.838709677419356,14.516129032258064,-0.0,-0.0,220.55181172740407,-0.34269685141931405,0.27949476962728204,2.4877868082538965
57.91,-16.838709677419356,14.516129032258064,-0.0,-0.0,220.58583454181792,-0.3426969712835366,0.27949466878591533,2.4877864698391963
57.92,-16.838709677419356,14.516129032258064,-0.0,-0.0,220.61985735593055,-0.3426970828779885,0.2794945754450806,2.4877862011307315
57.93,-16.838709677419356,14.516129032258064,-0.0,-0.0,220.65388016975453,-0.34269718660206827,0.2794944892122643,2.4877859961797975
57.94,-16.838709677419356,14.516129032258064,-0.0,-0.0,220.6879029833023,-0.3426972828454222,0.2794944097069455,2.48778584938838
57.95,-16.838709677419356,14.516129032258064,-0.0,-0.0,220.72192579658613,-0.3426973719874178,0.2794943365608633,2.487785755495659
57.96,-16.838709677419356,14.516129032258064,-0.0,-0.0,220.75594860961803,-0.3426974543967185,0.2794942694182012,2.4877857095644065
57.97,-16.838709677419356,14.516129032258064,-0.0,-0.0,220.78997142240982,-0.342697530430941,0.2794942079357061,2.487785706967501
57.98,-16.838709677419356,14.516129032258064,-0.0,-0.0,220.82399423497301,-0.3426976004363802,0.27949415178275583,2.487785743374794
57.99,-16.838709677419356,14.516129032258064,-0.0,-0.0,220.85801704731887,-0.3426976647478206,0.2794941006413565,2.487785814739848
58.0,-16.838709677419356,14.516129032258064,-0.0,-0.0,220.89203985945838,-0.3426977236883997,0.2794940542061035,2.4877859172871286
58.01,-16.838709677419356,15.677419354838712,-0.0,-0.0,220.9262069762732,-0.3409949993723318,0.3718583668116411,2.4688260988068325
58.02,-16.838709677419356,15.677419354838712,-0.0,-0.0,220.9605025294294,-0.33965651510087036,0.3654136087949661,2.450485031660714
58.03,-16.838709677419356,15.677419354838712,-0.0,-0.0,220.9949123350107,-0.3386299705878679,0.3595164563461756,2.432814990489549
58.04,-16.838709677419356,15.677419354838712,-0.0,-0.0,221.02942372129388,-0.3378692490520099,0.35412138734860554,2.4158623222871856
58.05,-16.838709677419356,15.677419354838712,-0.0,-0.0,221.06402537314307,-0.33733378037502093,0.34918676272535776,2.3996674778448335
58.06,-16.838709677419356,15.677419354838712,-0.0,-0.0,221.09870719163527,-0.33698795738230114,0.34467448715149096,2.384265108836059
58.07,-16.838709677419356,15.677419354838712,-0.0,-0.0,221.133460167589,-0.33680060361989517,0.3405496987451673,2.3696842193670116
58.08,-16.838709677419356,15.677419354838712,-0.0,-0.0,221.16827626774202,-0.3367444902286869,0.3367804856598484,2.355948360323036
58.09,-16.838709677419356,15.677419354838712,-0.0,-0.0,221.20314833240585,-0.33679589902404516,0.3333376275086899,2.3430758551126405
58.1,-16.838709677419356,15.677419354838712,-0.0,-0.0,221.23806998351034,-0.33693422861124445,0.3301943596169834,2.3310800462706154
58.11,-16.838709677419356,15.677419354838712,-0.0,-0.0,95.60932939844528,-0.33714164025008064,0.3273261581970772,2.3199695536671605
58.12,-16.838709677419356,15.677419354838712,-0.0,-0.0,221.30803995392347,-0.33740274018330774,0.3247105446571765,2.3097485366127715
58.13,-16.838709677419356,15.677419354838712,-0.0,-0.0,221.34307872360256,-0.33770429522827117,0.3223269073807393,2.3004169538131762
58.14,-16.838709677419356,15.677419354838712,-0.0,-0.0,221.37814785441358,-0.3380349785726442,0.3201563394397908,2.291970816795382
58.15,-16.838709677419356,15.677419354838712,-0.0,-0.0,221.41324379519642,-0.3383851428927247,0.31818149082911895,2.284402434005352
58.16,-16.838709677419356,15.677419354838712,-0.0,-0.0,221.4483633924427,-0.3387466181106087,0.3163864339262903,2.277700644204684
58.17,-16.838709677419356,15.677419354838712,-0.0,-0.0,221.48350384744032,-0.3391125313133265,0.3147565409931914,2.2718510390207833
58.18,-16.838709677419356,15.677419354838712,-0.0,-0.0,221.5186626779017,-0.33947714656409156,0.31327837263789604,2.266836175511017
58.19,-16.838709677419356,15.677419354838712,-0.0,-0.0,221.55383768361742,-0.3398357225377677,0.3119395762506114,2.2626357803676265
58.2,-16.838709677419356,15.677419354838712,-0.0,-0.0,221.58902691572206,-0.3401843861052696,0.3107287935148124,2.2592269479235014
58.21,-16.838709677419356,15.677419354838712,-0.0,-0.0,221.62422864920083,-0.3405200201728382,0.3096355761744607,2.256584334420541
58.22,-16.838709677419356,15.677419354838712,-0.0,-0.0,221.65944135830313,-0.34084016425038444,0.3086503093112052,2.254680351093158
58.23,-16.838709677419356,15.677419354838712,-0.0,-0.0,221.6946636945627,-0.34114292637806987,0.3077641414519796,2.253485358514682
58.24,-16.838709677419356,15.677419354838712,-0.0,-0.0,221.72989446715496,-0.34142690518189234,0.3069689208880826,2.2529678643810933
58.25,-16.838709677419356,15.677419354838712,-0.0,-0.0,221.76513262534905,-0.3416911209577098,0.3062571376421481,2.253094726491572
58.26,-16.838709677419356,15.677419354838712,-0.0,-0.0,221.80037724283736,-0.3419349547995203,0.30562187056983814,2.2538313621591066
58.27,-16.838709677419356,15.677419354838712,-0.0,-0.0,221.83562750374725,-0.3421580948926901,0.30505673912906106,2.2551419646800848
58.28,-16.838709677419356,15.677419354838712,-0.0,-0.0,221.8708826901595,-0.3423604891870142,0.3045558593914963,2.2569897268450356
58.29,-16.838709677419356,15.677419354838712,-0.0,-0.0,221.90614217097638,-0.3425423037490085,0.30411380390942,2.259337070815107
58.3,-16.838709677419356,15.677419354838712,-0.0,-0.0,221.94140539199796,-0.3427038861683407,0.30372556508579196,2.262145883059521
58.31,-16.838709677419356,15.677419354838712,-0.0,-0.0,221.97667186708003,-0.3428457334608601,0.30338652172739744,2.2653777524756404
58.32,-16.838709677419356,15.677419354838712,-0.0,-0.0,222.01194117025992,-0.34296846397095226,0.3030924084899187,2.2689942093260846
58.33,-16.838709677419356,15.677419354838712,0.0,-0.0,222.04721292874805,-0.3430727928296493,0.3028392879503503,2.272956962250218
58.34,-16.838709677419356,15.677419354838712,0.0,-0.0,222.08248681669397,-0.34315951057289507,0.30262352506635715,2.2772281303546733
58.35,-16.838709677419356,15.677419354838712,0.0,-0.0,222.1177625496443,-0.34322946456698245,0.30244176380427645,2.281770467272947
58.36,-16.838709677419356,15.677419354838712,0.0,-0.0,222.1530398796195,-0.3432835429262877,0.3022909057375409,2.2865475741047967
58.37,-16.838709677419356,15.677419354838712,0.0,-0.0,222.188318590743,-0.34332266064226147,0.30216809043570025,2.291524098301979
58.38,-16.838709677419356,15.677419354838712,0.0,-0.0,222.22359849536358,-0.3433477476728646,0.30207067748086924,2.296665915840495
58.39,-16.838709677419356,15.677419354838712,0.0,-0.0,222.25887943061818,-0.3433597387685565,0.3019962299636676,2.301940294395714
58.4,-16.838709677419356,15.677419354838712,0.0,-0.0,222.2941612553872,-0.34335956483493435,0.3019424993245514,2.3073160356919025
58.41,-16.838709677419356,15.677419354838712,0.0,-0.0,222.3294438475999,-0.343348145653543,0.30190741141900923,2.312763595705779
58.42,-16.838709677419356,15.677419354838712,0.0,-0.0,222.36472710185177,-0.34332638380147507,0.30188905369654395,2.318255181939188
58.43,-16.838709677419356,15.677419354838712,0.0,-0.0,222.40001092729963,-0.3432951596274463,0.30188566339374656,2.323764827512814
58.44,-16.838709677419356,15.677419354838712,0.0,-0.0,222.43529524580381,-0.3432553271572618,0.30189561665119014,2.3292684423474905
58.45,-16.838709677419356,15.677419354838712,0.0,-0.0,222.4705799902902,-0.3432077108152185,0.30191741847243825,2.334743842172809
58.46,-16.838709677419356,15.677419354838712,0.0,-0.0,222.5058651033075,-0.3431531028601642,0.30194969345120026,2.340170756517846
58.47,-16.838709677419356,15.677419354838712,0.0,-0.0,222.54115053575828,-0.34309226144583294,0.3019911771997048,2.3455308171857285
58.48,-16.838709677419356,15.677419354838712,0.0,-0.0,222.57643624578333,-0.34302590922482845,0.30204070841772723,2.35080752898585
58.49,-16.838709677419356,15.677419354838712,0.0,-0.0,222.61172219778317,-0.34295473242438024,0.30209722154743157,2.3559862246916574
58.5,-16.838709677419356,15.677419354838712,0.0,-0.0,222.64700836155984,-0.34287938032979737,0.30215973996445156,2.361054006313426
58.51,-16.838709677419356,15.677419354838712,0.0,-0.0,222.68229471156616,-0.34280046511860607,0.30222736966026376,2.365999674823514
58.52,-16.838709677419356,15.677419354838712,0.0,-0.0,222.7175812262492,-0.3427185619946007,0.30229929337523975,2.3708136504617374
58.53,-16.838709677419356,15.677419354838712,0.0,-0.0,222.75286788747755,-0.34263420957673474,0.3023747651455275,2.37548788568044
58.54,-16.838709677419356,15.677419354838712,0.0,-0.0,222.78815468004237,-0.34254791050280353,0.30245310523041935,2.3800157726813693
58.55,-16.838709677419356,15.677419354838712,0.0,-0.0,222.8234415912232,-0.34246013221243277,0.30253369538998176,2.384392047353345
58.56,-16.838709677419356,15.677419354838712,0.0,-0.0,222.85872861041128,-0.34237130787798,0.3026159744855126,2.388612691252666
58.57,-16.838709677419356,15.677419354838712,0.0,-0.0,222.89401572878302,-0.34228183745558494,0.3026994343779619,2.3926748330882313
58.58,-16.838709677419356,15.677419354838712,0.0,-0.0,222.9293029390178,-0.342192088831925,0.30278361610171456,2.396576650984321
58.59,-16.838709677419356,15.677419354838712,0.0,-0.0,222.96459023505446,-0.3421023990451537,0.3028681062931968,2.4003172766061933
58.6,-16.838709677419356,15.677419354838712,0.0,-0.0,222.9998776118819,-0.342013075561159,0.3029525338556278,2.40389670205079
58.61,-16.838709677419356,15.677419354838712,0.0,-0.0,223.0351650653593,-0.3419243975886477,0.3030365668428938,2.407315690231188
58.62,-16.838709677419356,15.677419354838712,0.0,-0.0,223.0704525920622,-0.34183661741867355,0.30311990954703316,2.410575689323037
58.63,-16.838709677419356,15.677419354838712,0.0,-0.0,223.10574018915148,-0.3417499617761557,0.3032022997751529,2.4136787516944733
58.64,-16.838709677419356,15.677419354838712,0.0,-0.0,223.1410278542618,-0.3416646331725979,0.30328350630284384,2.4166274576117734
58.65,-16.838709677419356,15.677419354838712,0.0,-0.0,223.17631558540734,-0.3415808112507879,0.3033633264922089,2.4194248438973363
58.66,-16.838709677419356,15.677419354838712,0.0,-0.0,223.21160338090212,-0.34149865411356406,0.3034415840636491,2.4220743376200353
58.67,-16.838709677419356,15.677419354838712,0.0,-0.0,223.24689123929355,-0.3414182996300035,0.30351812701139247,2.424579694813783
58.68,-16.838709677419356,15.677419354838712,0.0,-0.0,223.28217915930665,-0.34133986671340333,0.30359282565359536,2.4269449441531443
58.69,-16.838709677419356,15.677419354838712,0.0,-0.0,223.31746713979817,-0.3412634565664565,0.3036655708085092,2.429174335458051
58.7,-16.838709677419356,15.677419354838712,0.0,-0.0,223.35275517971868,-0.34118915388980686,0.30373627208890386,2.4312722928580612
58.71,-16.838709677419356,15.677419354838712,0.0,-0.0,223.38804327808177,-0.34111702805097455,0.30380485630749465,2.433243372412557
58.72,-16.838709677419356,15.677419354838712,0.0,-0.0,223.42333143393924,-0.3410471342112884,0.3038712659866416,2.4350922239600643
58.73,-16.838709677419356,15.677419354838712,0.0,-0.0,223.45861964636146,-0.34097951440903884,0.3039354579660962,2.4368235569546584
58.74,-16.838709677419356,15.677419354838712,0.0,-0.0,223.49390791442187,-0.34091419859760674,0.30399740210297543,2.438442110037581
58.75,-16.838709677419356,15.677419354838712,0.0,-0.0,223.52919623718532,-0.3408512056377577,0.3040570800585396,2.43995262408892
58.76,-16.838709677419356,15.677419354838712,0.0,-0.0,223.56448461369936,-0.34079054424368804,0.30411448416671805,2.441359818505335
58.77,-16.838709677419356,15.677419354838712,0.0,-0.0,223.59977304298812,-0.3407322138827511,0.30416961637964146,2.442668370454057
58.78,-16.838709677419356,15.677419354838712,0.0,-0.0,223.6350615240483,-0.3406762056290984,0.3042224872857284,2.443882896860541
58.79,-16.838709677419356,15.677419354838712,0.0,-0.0,223.67035005584688,-0.34062250297170293,0.30427311519616373,2.4450079388971053
58.8,-16.838709677419356,15.677419354838712,0.0,-0.0,223.70563863732028,-0.34057108257747015,0.30432152529582734,2.4460479487500235
58.81,-16.838709677419356,15.677419354838712,0.0,-0.0,223.74092726737467,-0.3405219150103109,0.3043677488549785,2.4470072784550254
58.82,-16.838709677419356,15.677419354838712,0.0,-0.0,223.77621594488716,-0.3404749654072019,0.30441182249821064,2.4478901706038534
58.83,-16.838709677419356,15.677419354838712,0.0,-0.0,223.81150466870764,-0.3404301941123997,0.30445378752736185,2.4487007507365535
58.84,-16.838709677419356,15.677419354838712,0.0,-0.0,223.84679343766135,-0.3403875572710626,0.3044936892952752,2.449443021248013
58.85,-16.838709677419356,15.677419354838712,0.0,-0.0,223.8820822505516,-0.34034700738361545,0.3045315766274479,2.4501208566494914
58.86,-16.838709677419356,15.677419354838712,0.0,-0.0,223.917371106163,-0.3403084938222687,0.3045675012887741,2.4507380000381693
58.87,-16.838709677419356,15.677419354838712,0.0,-0.0,98.28895385967289,-0.3402719633111313,0.30460151749272235,2.4512980606399455
58.88,-16.838709677419356,15.677419354838712,0.0,-0.0,223.98794894061342,-0.3402373603714053,0.30463368145043024,2.4518045123017225
58.89,-16.838709677419356,15.677419354838712,0.0,-0.0,224.0232379169578,-0.3402046277331481,0.3046640509573293,2.452260692820685
58.9,-16.838709677419356,15.677419354838712,0.0,-0.0,224.05852693104083,-0.34017370671512626,0.3046926850150158,2.4526698040072894
58.91,-16.838709677419356,15.677419354838712,0.0,-0.0,224.09381598160354,-0.34014453757424246,0.30471964348622826,2.453034912389465
58.92,-16.838709677419356,15.677419354838712,0.0,-0.0,224.12910506738828,-0.3401170598260488,0.3047449867808547,2.4533589504727438
58.93,-16.838709677419356,15.677419354838712,0.0,0.0,224.16439418714162,-0.34009121253780816,0.3047687755710482,2.4536447184808208
58.94,-16.838709677419356,15.677419354838712,0.0,0.0,224.1996833396174,-0.34006693459556514,0.3047910705335677,2.4538948865069448
58.95,-16.838709677419356,15.677419354838712,0.0,0.0,224.2349725235794,-0.3400441649466406,0.30481193211760926,2.4541119970150294
58.96,-16.838709677419356,15.677419354838712,0.0,0.0,224.2702617378039,-0.3400228428189469,0.3048314203364386,2.454298467634545
58.97,-16.838709677419356,15.677419354838712,0.0,0.0,224.30555098108215,-0.340002907918471,0.30484959458123995,2.4544565941995216
58.98,-16.838709677419356,15.677419354838712,0.0,0.0,224.3408402522224,-0.3399843006062446,0.3048665134556696,2.454588553987363
58.99,-16.838709677419356,15.677419354838712,0.0,0.0,224.376129550052,-0.33996696205606636,0.30488223462968556,2.454696409117784
59.0,-16.838709677419356,15.677419354838712,0.0,0.0,224.41141887341928,-0.3399508343942055,0.3048968147112927,2.4547821100767453
59.01,-16.838709677419356,15.677419354838712,0.0,0.0,98.78300207760324,-0.33993586082227,0.3049103091349128,2.454847499334036
59.02,-16.838709677419356,15.677419354838712,0.0,0.0,224.48199759227367,-0.3399219857243758,0.30492277206516016,2.4548943150267992
59.03,-16.838709677419356,15.677419354838712,0.0,0.0,224.51728698557542,-0.33990915475970507,0.30493425631486337,2.4549241946846188
59.04,-16.838709677419356,15.677419354838712,0.0,0.0,224.55257640004643,-0.33989731494149344,0.304944813276252,2.454938678974864
59.05,-16.838709677419356,15.677419354838712,0.0,0.0,224.5878658346602,-0.3398864147034504,0.30495449286425624,2.4549392154489973
59.06,-16.838709677419356,15.677419354838712,0.0,0.0,224.62315528841822,-0.339876403954553,0.3049633434709571,2.454927162273718
59.07,-16.838709677419356,15.677419354838712,0.0,0.0,224.6584447603507,-0.3398672341231246,0.30497141193025823,2.454903791932369
59.08,-16.838709677419356,15.677419354838712,0.0,0.0,224.693734249517,-0.33985885819105266,0.30497874349191645,2.4548702948842807
59.09,-16.838709677419356,15.677419354838712,0.0,0.0,224.7290237550061,-0.33985123071896206,0.30498538180410506,2.4548277831711314
59.1,-16.838709677419356,15.677419354838712,0.0,0.0,224.7643132759367,-0.3398443078631104,0.3049913689037558,2.4547772939615444
59.11,-16.838709677419356,15.677419354838712,0.0,0.0,224.79960281145753,-0.339838047384744,0.30499674521393416,2.4547197930254274
59.12,-16.838709677419356,15.677419354838712,0.0,0.0,224.83489236074732,-0.3398324086525897,0.3050015495475902,2.454656178132144
59.13,-16.838709677419356,15.677419354838712,0.0,0.0,224.87018192301474,-0.3398273526391402,0.3050058191170426,2.454587282366646
59.14,-16.838709677419356,15.677419354838712,0.0,0.0,224.90547149749827,-0.3398228419113356,0.3050095895485949,2.4545138773591995
59.15,-16.838709677419356,15.677419354838712,0.0,0.0,224.940761083466,-0.33981884061621814,0.30501289490173455,2.4544366764249395
59.16,-16.838709677419356,15.677419354838712,0.0,0.0,224.97605068021528,-0.3398153144620908,0.3050157676923959,2.454356337610678
59.17,-16.838709677419356,15.677419354838712,0.0,0.0,225.01134028707247,-0.3398122306956868,0.3050182389198013,2.4542734666465753
59.18,-16.838709677419356,15.677419354838712,0.0,0.0,225.04662990339241,-0.33980955807581226,0.30502033809642914,2.454188619801227
59.19,-16.838709677419356,15.677419354838712,0.0,0.0,225.08191952855805,-0.33980726684390583,0.30502209328069596,2.454102306639228
59.2,-16.838709677419356,15.677419354838712,0.0,0.0,225.1172091619798,-0.3398053286919116,0.3050235311119627,2.454014992680785
59.21,-16.838709677419356,15.677419354838712,0.0,0.0,225.15249880309506,-0.3398037167278558,0.3050246768475018,2.453927101962984
59.22,-16.838709677419356,15.677419354838712,0.0,0.0,225.18778845136768,-0.33980240543946616,0.3050255544011051,2.4538390195035036
59.23,-16.838709677419356,15.677419354838712,0.0,0.0,225.22307810628718,-0.3398013706561549,0.30502618638302104,2.453751093667214
59.24,-16.838709677419356,15.677419354838712,0.0,0.0,225.2583677673682,-0.3398005895096843,0.305026594140936,2.453663638436313
59.25,-16.838709677419356,15.677419354838712,0.0,0.0,225.29365743414982,-0.3398000403937558,0.3050267978017587,2.4535769355859274
59.26,-16.838709677419356,15.677419354838712,0.0,0.0,225.3289471061948,-0.33979970292281125,0.3050268163139527,2.453491236765722
59.27,-16.838709677419356,15.677419354838712,0.0,0.0,225.36423678308887,-0.3397995578902451,0.3050266674902218,2.453406765489987
59.28,-16.838709677419356,15.677419354838712,0.0,0.0,225.3995264644401,-0.33979958722626447,0.30502636805033734,2.4533237190373027
59.29,-16.838709677419356,15.677419354838712,0.0,0.0,225.4348161498781,-0.3397997739555705,0.3050259336639436,2.453242270262144
59.3,-16.838709677419356,15.677419354838712,0.0,0.0,225.47010583905322,-0.3398001021550423,0.30502537899317717,2.45316256932042
59.31,-16.838709677419356,15.677419354838712,0.0,0.0,225.50539553163597,-0.3398005569115845,0.305024717734953,2.453084745310827
59.32,-16.838709677419356,15.677419354838712,0.0,0.0,225.54068522731615,-0.33980112428027187,0.3050239626627995,2.4530089078346724
59.33,-16.838709677419356,15.677419354838712,0.0,0.0,225.57597492580211,-0.3398017912429234,0.30502312566811995,2.4529351484761754
59.34,-16.838709677419356,15.677419354838712,0.0,0.0,225.61126462682014,-0.3398025456672189,0.30502221780078087,2.4528635422055878
59.35,-16.838709677419356,15.677419354838712,0.0,0.0,225.64655433011364,-0.33980337626645407,0.3050212493089475,2.4527941487078686
59.36,-16.838709677419356,15.677419354838712,0.0,0.0,225.68184403544242,-0.33980427256002543,0.3050202296780793,2.452727013638977
59.37,-16.838709677419356,15.677419354838712,0.0,0.0,100.05342759899028,-0.3398052248347234,0.3050191676690224,2.4526621698123274
59.38,-16.838709677419356,15.677419354838712,0.0,0.0,225.7524234513229,-0.33980622410689554,0.305018071355148,2.4525996383180173
59.39,-16.838709677419356,15.677419354838712,0.0,0.0,225.78771316147004,-0.33980726208554124,0.30501694815847813,2.4525394295769947
59.4,-16.838709677419356,15.677419354838712,0.0,0.0,225.82300287284198,-0.33980833113638265,0.30501580488477553,2.4524815443329318
59.41,-16.838709677419356,15.677419354838712,0.0,0.0,225.8582925852703,-0.33980942424695026,0.3050146477575537,2.4524259745840413
59.42,-16.838709677419356,15.677419354838712,0.0,0.0,225.89358229859897,-0.33981053499272273,0.3050134824509845,2.452372704457135
59.43,-16.838709677419356,15.677419354838712,0.0,0.0,225.9288720126837,-0.33981165750433817,0.30501231412169316,2.4523217110265554
59.44,-16.838709677419356,15.677419354838712,0.0,0.0,225.9641617273914,-0.3398127864358951,0.3050111474394235,2.452272965080169
59.45,-16.838709677419356,15.677419354838712,0.0,0.0,225.99945144259948,-0.33981391693436525,0.305009986616565,2.4522264318346942
59.46,-16.838709677419356,15.677419354838712,0.0,0.0,226.03474115819543,-0.3398150446101147,0.3050088354365459,2.452182071602703
59.47,-16.838709677419356,15.677419354838712,0.0,0.0,226.07003087407614,-0.3398161655085403,0.3050076972810951,2.4521398404136034
59.48,-16.838709677419356,15.677419354838712,0.0,0.0,226.10532059014747,-0.3398172760828242,0.30500657515637064,2.45209969059037
59.49,-16.838709677419356,15.677419354838712,0.0,0.0,226.14061030632362,-0.3398183731677895,0.30500547171798265,2.4520615712848484
59.5,-16.838709677419356,15.677419354838712,0.0,0.0,100.51219387893508,-0.33981945395486357,0.30500438929490037,2.4520254289727026
59.51,-16.838709677419356,15.677419354838712,0.0,0.0,226.21118973868653,-0.3398205159681147,0.3050033299122925,2.4519912079113118
59.52,-16.838709677419356,15.677419354838712,0.0,-0.0,226.24647945473944,-0.3398215570413743,0.30500229531328027,2.451958850561008
59.53,-16.838709677419356,15.677419354838712,0.0,-0.0,226.28176917062865,-0.33982257529639903,0.3050012869796628,2.4519282979730903
59.54,-16.838709677419356,15.677419354838712,0.0,-0.0,226.31705888630336,-0.33982356912207123,0.3050003061516131,2.4518994901453857
59.55,-16.838709677419356,15.677419354838712,0.0,-0.0,226.35234860171855,-0.339824537154612,0.30499935384637533,2.4518723663474233
59.56,-16.838709677419356,15.677419354838712,0.0,-0.0,226.38763831683448,-0.33982547825877396,0.30499843087599765,2.451846865417303
59.57,-16.838709677419356,15.677419354838712,0.0,-0.0,226.42292803161644,-0.3398263915100044,0.30499753786411254,2.451822926031237
59.58,-16.838709677419356,15.677419354838712,0.0,-0.0,226.45821774603428,-0.33982727617753783,0.30499667526181184,2.451800486948036
59.59,-16.838709677419356,15.677419354838712,0.0,-0.0,226.49350746006218,-0.3398281317083993,0.30499584336262653,2.4517794872295684
59.6,-16.838709677419356,15.677419354838712,0.0,-0.0,226.5287971736782,-0.3398289577122875,0.30499504231665586,2.4517598664389992
59.61,-16.838709677419356,15.677419354838712,0.0,-0.0,226.5640868868642,-0.3398297539473141,0.30499427214386254,2.4517415648178607
59.62,-16.838709677419356,15.677419354838712,0.0,-0.0,226.59937659960525,-0.33983052030655525,0.30499353274657937,2.4517245234439318
59.63,-16.838709677419356,15.677419354838712,0.0,-0.0,226.63466631188965,-0.3398312568054134,0.30499282392123717,2.4517086843702875
59.64,-16.838709677419356,15.677419354838712,0.0,-0.0,226.6699560237085,-0.33983196356972534,0.3049921453693696,2.451693990747866
59.65,-16.838709677419356,15.677419354838712,0.0,-0.0,226.7052457350555,-0.3398326408246193,0.3049914967078984,2.4516803869317436
59.66,-16.838709677419356,15.677419354838712,0.0,-0.0,226.74053544592678,-0.3398332888840705,0.30499087747874887,2.4516678185728997
59.67,-16.838709677419356,15.677419354838712,0.0,-0.0,226.77582515632054,-0.3398339081411359,0.3049902871578152,2.451656232696209
59.68,-16.838709677419356,15.677419354838712,0.0,-0.0,226.81111486623703,-0.339834499058838,0.3049897251633036,2.4516455777657944
59.69,-16.838709677419356,15.677419354838712,0.0,-0.0,226.84640457567824,-0.3398350621616606,0.3049891908634952,2.4516358037389394
59.7,-16.838709677419356,15.677419354838712,0.0,-0.0,226.8816942846477,-0.3398355980276462,0.30498868358393216,2.4516268621088875
59.71,-16.838709677419356,15.677419354838712,0.0,-0.0,226.91698399315044,-0.3398361072810523,0.30498820261407933,2.4516187059379666
59.72,-16.838709677419356,15.677419354838712,0.0,-0.0,226.95227370119272,-0.3398365905855396,0.30498774721347566,2.45161128988181
59.73,-16.838709677419356,15.677419354838712,0.0,-0.0,226.98756340878194,-0.33983704863788056,0.30498731661739953,2.451604570204998
59.74,-16.838709677419356,15.677419354838712,0.0,-0.0,227.02285311592644,-0.3398374821621435,0.3049869100420819,2.4515985047894255
59.75,-16.838709677419356,15.677419354838712,0.0,-0.0,227.05814282263546,-0.3398378919043423,0.3049865266894829,2.4515930531356616
59.76,-16.838709677419356,15.677419354838712,0.0,-0.0,227.09343252891898,-0.3398382786275178,0.30498616575166393,2.451588176358266
59.77,-16.838709677419356,15.677419354838712,0.0,-0.0,227.1287222347876,-0.33983864310723266,0.304985826414772,2.4515838371754506
59.78,-16.838709677419356,15.677419354838712,0.0,-0.0,227.16401194025246,-0.3398389861274531,0.3049855078626622,2.4515799998937413
59.79,-16.838709677419356,15.677419354838712,0.0,-0.0,227.19930164532514,-0.3398393084767988,0.304985209280177,2.4515766303882387
59.8,-16.838709677419356,15.677419354838712,0.0,-0.0,227.23459135001755,-0.3398396109451378,0.3049849298561076,2.4515736960788366
59.81,-16.838709677419356,15.677419354838712,0.0,-0.0,227.26988105434188,-0.339839894320503,0.3049846687858522,2.451571165903095
59.82,-16.838709677419356,15.677419354838712,0.0,-0.0,227.30517075831054,-0.33984015938632006,0.3049844252737912,2.4515690102858128
59.83,-16.838709677419356,15.677419354838712,0.0,-0.0,227.34046046193606,-0.33984040691891293,0.3049841985354038,2.4515672011062892
59.84,-16.838709677419356,15.677419354838712,0.0,-0.0,227.37575016523107,-0.33984063768528117,0.30498398779913405,2.451565711663046
59.85,-16.838709677419356,15.677419354838712,0.0,-0.0,227.41103986820818,-0.33984085244112716,0.3049837923080303,2.451564516636795
59.86,-16.838709677419356,15.677419354838712,0.0,-0.0,227.44632957087998,-0.3398410519291155,0.30498361132116925,2.45156359205171
59.87,-16.838709677419356,15.677419354838712,0.0,-0.0,227.481619273259,-0.33984123687735,0.30498344411488487,2.45156291523545
59.88,-16.838709677419356,15.677419354838712,0.0,-0.0,227.5169089753577,-0.3398414079980516,0.30498328998381163,2.451562464778198
59.89,-16.838709677419356,15.677419354838712,0.0,-0.0,227.55219867718827,-0.33984156598642357,0.30498314824176087,2.4515622204909002
59.9,-16.838709677419356,15.677419354838712,0.0,-0.0,227.58748837876286,-0.3398417115196928,0.3049830182224369,2.4515621633628815
59.91,-16.838709677419356,15.677419354838712,0.0,-0.0,227.6227780800933,-0.3398418452563061,0.30498289928001343,2.4515622755193616
59.92,-16.838709677419356,15.677419354838712,0.0,-0.0,227.65806778119125,-0.33984196783528176,0.3049827907895739,2.451562540178518
59.93,-16.838709677419356,15.677419354838712,0.0,-0.0,227.6933574820681,-0.3398420798756876,0.30498269214743323,2.4515629416088753
59.94,-16.838709677419356,15.677419354838712,0.0,-0.0,227.728647182735,-0.3398421819762527,0.3049826027713487,2.4515634650867386
59.95,-16.838709677419356,15.677419354838712,0.0,-0.0,227.76393688320275,-0.33984227471508843,0.3049825221006275,2.451564096853936
59.96,-16.838709677419356,15.677419354838712,0.0,-0.0,227.79922658348187,-0.3398423586495116,0.3049824495961493,2.451564824076217
59.97,-16.838709677419356,15.677419354838712,0.0,-0.0,102.17081013999092,-0.33984243431597294,0.30498238474029504,2.451565634801794
59.98,-16.838709677419356,15.677419354838712,0.0,-0.0,227.86980598351488,-0.33984250223005175,0.30498232703681794,2.451566517921288
59.99,-16.838709677419356,15.677419354838712,0.0,-0.0,227.9050956832882,-0.33984256288655357,0.3049822760106278,2.451567463127486
60.0,-16.838709677419356,15.677419354838712,0.0,-0.0,102.27667923932017,-0.339842616759656,0.30498223120753143,2.4515684608767265
60.01,-16.838709677419356,16.83870967741936,0.0,-0.0,227.97581089944077,-0.3382133750154912,0.3977874201063154,2.4132928557504947
60.02,-16.838709677419356,16.83870967741936,0.0,-0.0,228.01135793842755,-0.33691454113268526,0.39172199304320277,2.3745482085013285
60.03,-16.838709677419356,16.83870967741936,0.0,-0.0,228.0470136752449,-0.3358996151688787,0.38614983047431073,2.3353812164946555
60.04,-16.838709677419356,16.83870967741936,0.0,-0.0,228.08276660813482,-0.33512745934062615,0.381031904304463,2.295840655920515
60.05,-16.838709677419356,16.83870967741936,0.0,-0.0,228.11860642524897,-0.3345617617722194,0.37633241788508776,2.255976789913362
60.06,-16.838709677419356,16.83870967741936,0.0,-0.0,228.15452388451163,-0.3341705436738682,0.3720185217824379,2.21584076428689
60.07,-16.838709677419356,16.83870967741936,0.0,-0.0,228.1905107051918,-0.33392570863236326,0.36806005492340277,2.175484002884191
60.08,-16.838709677419356,16.83870967741936,0.0,-0.0,102.56285332654306,-0.33380263211698646,0.3644293091140618,2.134957614894849
60.09,-16.838709677419356,16.83870967741936,0.0,-0.0,228.2626635376738,-0.333779788925364,0.36110081498206736,2.0943118262756997
60.1,-16.838709677419356,16.83870967741936,0.0,-0.0,228.29881696231433,-0.3338384160737493,0.35805114748504807,2.053595446636627
60.11,-16.838709677419356,16.83870967741936,0.0,-0.0,228.3350144233539,-0.3339622085367173,0.35525874923907286,2.012855381668655
60.12,-16.838709677419356,16.83870967741936,0.0,-0.0,228.37125116067236,-0.33413704523196697,0.35270377004345654,1.972136199477286
60.13,-16.838709677419356,16.83870967741936,0.0,-0.0,228.40752291699198,-0.3343507427017194,0.3503679211040118,1.9314797571695232
60.14,-16.838709677419356,16.83870967741936,0.0,-0.0,228.44382588597134,-0.33459283404354156,0.3482343425811265,1.8909248918438317
60.15,-16.838709677419356,16.83870967741936,0.0,-0.0,228.48015666555534,-0.33485437077449354,0.34628748320891,1.850507177897639
60.16,-16.838709677419356,16.83870967741936,0.0,-0.0,228.51651221605812,-0.33512774546134594,0.3445129908449551,1.8102587504179273
60.17,-16.838709677419356,16.83870967741936,0.0,-0.0,228.55288982250616,-0.3354065331071814,0.34289761291596377,1.7702081924691053
60.18,-16.838709677419356,16.83870967741936,0.0,-0.0,228.58928706081488,-0.33568534944427353,0.34142910582215125,1.7303804824238442
60.19,-16.838709677419356,16.83870967741936,0.0,-0.0,228.62570176741357,-0.3359597244400918,0.3400961524528856,1.690796996148814
60.2,-16.838709677419356,16.83870967741936,0.0,-0.0,228.6621320119722,-0.3362259894742772,0.3388882870476295,1.651475557885393
60.21,-16.838709677419356,16.83870967741936,0.0,-0.0,228.69857607291735,-0.336481176787377,0.33779582671039465,1.6124305330559123
60.22,-16.838709677419356,16.83870967741936,0.0,-0.0,228.73503241545671,-0.3367229299358101,0.3368098089529512,1.5736729559514318
60.23,-16.838709677419356,16.83870967741936,0.0,-0.0,228.7714996718587,-0.3369494241112403,0.33592193470266896,1.5352106852847316
60.24,-16.838709677419356,16.83870967741936,0.0,-0.0,228.80797662375988,-0.33715929529627475,0.33512451626544126,1.4970485808630192
60.25,-16.838709677419356,16.83870967741936,0.0,-0.0,228.84446218629552,-0.3373515773321851,0.3344104297834225,1.459188695103283
60.26,-16.838709677419356,16.83870967741936,0.0,-0.0,228.88095539386867,-0.33752564606869795,0.3337730717716154,1.4216304737157186
60.27,-16.838709677419356,16.83870967741936,0.0,-0.0,228.91745538739286,-0.3376811698512605,0.3332063193572885,1.3843709605717054
60.28,-16.838709677419356,16.83870967741936,0.0,-0.0,228.95396140285843,-0.33781806567819794,0.3327044938821786,1.3474050025047595
60.29,-16.838709677419356,16.83870967741936,0.0,-0.0,228.9904727610892,-0.3379364604294919,0.33226232755982177,1.3107254505266084
60.3,-16.838709677419356,16.83870967741936,0.0,-0.0,229.0269888585683,-0.3380366566311397,0.3318749329095976,1.274323354651023
60.31,-16.838709677419356,16.83870967741936,0.0,-0.0,229.0635091592248,-0.33811910227488484,0.3315377747154,1.2381881501779919
60.32,-16.838709677419356,16.83870967741936,0.0,-0.0,229.10003318708337,-0.33818436426309684,0.331246644280653,1.2023078338909694
60.33,-16.838709677419356,16.83870967741936,0.0,-0.0,229.1365605196891,-0.33823310509333426,0.3309976357728537,1.1666691291495594
60.34,-16.838709677419356,16.83870967741936,0.0,-0.0,229.17309078222817,-0.3382660624371603,0.3307871244702485,1.1312576393159322
60.35,-16.838709677419356,16.83870967741936,0.0,-0.0,229.20962364227321,-0.3382840313035882,0.3306117467407854,1.0960579893383626
60.36,-16.838709677419356,16.83870967741936,0.0,-0.0,229.24615880508946,-0.33828784850954263,0.33046838159937364,1.0610539556318175
60.37,-16.838709677419356,16.83870967741936,0.0,-0.0,229.2826960094436,-0.33827837920837367,0.33035413370385314,1.0262285846494903
60.38,-16.838709677419356,16.83870967741936,0.0,-0.0,229.3192350238637,-0.33825650525306883,0.33026631766307446,0.9915643007377312
60.39,-16.838709677419356,16.83870967741936,0.0,-0.0,229.35577564330328,-0.3382231151937396,0.3302024435422999,0.9570430040173079
60.4,-16.838709677419356,16.83870967741936,0.0,-0.0,229.39231768616767,-0.3381790957294879,0.3301602034617921,0.9226461591429055
60.41,-16.838709677419356,16.83870967741936,0.0,-0.0,229.4288609916648,-0.33812532445314014,0.33013745919416215,0.888354875868712
60.42,-16.838709677419356,16.83870967741936,0.0,-0.0,229.46540541744625,-0.33806266374382754,0.33013223067479425,0.8541499823947639
60.43,-16.838709677419356,16.83870967741936,0.0,-0.0,229.50195083750813,-0.33799195567716844,0.330142685347647,0.8200120924951162
60.44,-16.838709677419356,16.83870967741936,0.0,-0.0,229.53849714032435,-0.33791401783609043,0.3301671282759153,0.7859216674368039
60.45,-16.838709677419356,16.83870967741936,0.0,-0.0,229.57504422718745,-0.33782963991723713,0.33020399295359293,0.7518590736940279
60.46,-16.838709677419356,16.83870967741936,0.0,-0.0,229.6115920107349,-0.33773958103863344,0.3302518327598909,0.7178046374474427
60.47,-16.838709677419356,16.83870967741936,0.0,-0.0,229.64814041364096,-0.33764456766391016,0.33030931300383704,0.683738696836045
60.48,-16.838709677419356,16.83870967741936,0.0,-0.0,229.68468936745606,-0.3375452920670752,0.3303752035112488,0.6496416529010732
60.49,-16.838709677419356,16.83870967741936,0.0,-0.0,229.72123881157808,-0.3374424112696248,0.33044837171068564,0.6154940201289667
60.5,-16.838709677419356,16.83870967741936,0.0,-0.0,229.75778869234057,-0.33733654638883737,0.330527776178964,0.5812764774633007
60.51,-16.838709677419356,16.83870967741936,0.0,-0.0,229.79433896220561,-0.3372282823424462,0.3306124606104519,0.5469699206136649
60.52,-16.838709677419356,16.83870967741936,0.0,-0.0,229.83088957904945,-0.3371181678606092,0.33070154817761455,0.5125555164438222
60.53,-16.838709677419356,16.83870967741936,0.0,-0.0,229.86744050553062,-0.3370067157612813,0.33079423625325477,0.4780147601682396
60.54,-16.838709677419356,16.83870967741936,0.0,-0.0,229.90399170853155,-0.33689440344974986,0.33088979146756303,0.44332953602561176
60.55,-16.838709677419356,16.83870967741936,0.0,-0.0,229.94054315866506,-0.336781673607333,0.33098754507551087,0.4084821820290189
60.56,-16.838709677419356,16.83870967741936,0.0,-0.0,229.97709482983873,-0.33666893503802897,0.3310868886123144,0.3734555593097809
60.57,-16.838709677419356,16.83870967741936,0.0,-0.0,230.01364669887028,-0.3365565636453731,0.33118726981666624,0.33823312647767756
60.58,-16.838709677419356,16.83870967741936,0.0,-0.0,230.05019874514844,-0.336444903514848,0.331288188803218,0.3027990193077716
60.59,-16.838709677419356,16.83870967741936,0.0,-0.0,230.0867509503337,-0.3363342680800223,0.3313891944674099,0.26713813593453606
60.6,-16.838709677419356,16.83870967741936,0.0,-0.0,230.12330329809467,-0.3362249413531182,0.3314898811071896,0.23123622758135937
60.61,-16.838709677419356,16.83870967741936,0.0,-0.0,230.1598557738756,-0.3361171792030069,0.33158988524748634,0.19507999468084877
60.62,-16.838709677419356,16.83870967741936,0.0,-0.0,230.19640836469168,-0.33601121066569695,0.33168888265446905,0.15865718804278692
60.63,-16.838709677419356,16.83870967741936,0.0,-0.0,230.23296105894863,-0.33590723927424904,0.3317865855277067,0.121956714504628
60.64,-16.838709677419356,16.83870967741936,0.0,-0.0,230.26951384628393,-0.33580544439672466,0.3318827398592852,0.08496874625387207
60.65,-16.838709677419356,16.83870967741936,0.0,-0.0,104.64236057383499,-0.3357059825722988,0.33197712294982207,0.04768483274600963
60.66,-16.838709677419356,16.83870967741936,0.0,-0.0,230.34261966407462,-0.3356089888370206,0.3320695410720904,0.010098013856393277
60.67,-16.838709677419356,16.83870967741936,0.0,-0.0,230.37917267878532,-0.3355145780319335,0.33215982727366633,-0.02779706738860562
60.68,-16.838709677419356,16.83870967741936,0.0,-0.0,230.41572575488064,-0.3354228460873643,0.33224783931065405,-0.06600405445406113
60.69,-16.838709677419356,16.83870967741936,0.0,0.0,230.45227888636234,-0.3353338712781664,0.3323334577051169,-0.10452477155601178
60.7,-16.838709677419356,16.83870967741936,0.0,0.0,230.48883206783773,-0.33524771544559684,0.33241658391935114,-0.14335912504940065
60.71,-16.838709677419356,16.83870967741936,0.0,0.0,230.52538529445408,-0.3351644251822721,0.3324971386406159,-0.1825050146905033
60.72,-16.838709677419356,16.83870967741936,0.0,0.0,230.56193856184066,-0.335084032977363,0.33257506017035166,-0.22195825770090707
60.73,-16.838709677419356,16.83870967741936,0.0,0.0,230.59849186605751,-0.33500655831980475,0.33265030291230024,-0.2617125286714894
60.74,-16.838709677419356,16.83870967741936,0.0,0.0,230.63504520355028,-0.3349320087578418,0.3327228359542922,-0.3017593183695084
60.75,-16.838709677419356,16.83870967741936,0.0,0.0,105.00789242751836,-0.33486038091372317,0.33279264173877565,-0.342087914430869
60.76,-16.838709677419356,16.83870967741936,0.0,0.0,230.70815196583783,-0.33479166145278927,0.33285971481745236,-0.3826854067226694
60.77,-16.838709677419356,16.83870967741936,0.0,0.0,230.74470538511312,-0.3347258280065595,0.3329240606856503,-0.42353671983619207
60.78,-16.838709677419356,16.83870967741936,0.0,0.0,230.7812588265658,-0.33466285004976704,0.3329856946922938,-0.46462467471062563
60.79,-16.838709677419356,16.83870967741936,0.0,0.0,230.81781228805127,-0.3346026897315655,0.33304464102155884,-0.5059300808064764
60.8,-16.838709677419356,16.83870967741936,0.0,0.0,230.85436576762834,-0.33454530266138005,0.33310093174250044,-0.5474318595394381
60.81,-16.838709677419356,16.83870967741936,0.0,0.0,230.89091926353925,-0.3344906386500843,0.3331546059231254,-0.5891071988868266
60.82,-16.838709677419356,16.83870967741936,0.0,0.0,230.92747277419207,-0.3344386424073651,0.33320570880555045,-0.6309317382052044
60.83,-16.838709677419356,16.83870967741936,0.0,0.0,230.96402629814486,-0.3343892541962854,0.33325429103905835,-0.6728797813910479
60.84,-16.838709677419356,16.83870967741936,0.0,0.0,231.00057983409138,-0.3343424104461843,0.333300407967998,-0.7149245356158097
60.85,-16.838709677419356,16.83870967741936,0.0,0.0,231.03713338084845,-0.33429804432515087,0.33334411897162486,-0.757038372017159
60.86,-16.838709677419356,16.83870967741936,0.0,0.0,231.0736869373443,-0.33425608627339276,0.3333854868531032,-0.7991931039732604
60.87,-16.838709677419356,16.83870967741936,0.0,0.0,231.11024050260832,-0.33421646449888653,0.3334245772750164,-0.8413602779715721
60.88,-16.838709677419356,16.83870967741936,0.0,0.0,231.14679407576176,-0.33417910543674023,0.33346145823884665,-0.883511471638619
60.89,-16.838709677419356,16.83870967741936,0.0,0.0,231.1833476560092,-0.33414393417373534,0.33349619960599663,-0.9256185932536082
60.9,-16.838709677419356,16.83870967741936,0.0,0.0,231.21990124263093,-0.3341108748395363,0.33352887265802766,-0.9676541770382707
60.91,-16.838709677419356,16.83870967741936,0.0,0.0,231.25645483497604,-0.3340798509660632,0.3335595496938928,-1.0095916687014737
60.92,-16.838709677419356,16.83870967741936,0.0,0.0,231.29300843245616,-0.33405078581652714,0.33358830366203174,-1.0514056961078446
60.93,-16.838709677419356,16.83870967741936,0.0,0.0,231.32956203453972,-0.3340236026856176,0.3336152078252981,-1.0930723205145492
60.94,-16.838709677419356,16.83870967741936,0.0,0.0,231.36611564074673,-0.33399822517231703,0.33364033545675853,-1.1345692645432945
60.95,-16.838709677419356,16.83870967741936,0.0,0.0,231.40266925064412,-0.3339745774267948,0.33366375956450756,-1.1758761138886864
60.96,-16.838709677419356,16.83870967741936,0.0,0.0,231.43922286384145,-0.3339525843728075,0.3336855526437088,-1.2169744906621296
60.97,-16.838709677419356,16.83870967741936,0.0,0.0,231.47577647998688,-0.33393217190699964,0.33370578645415905,-1.2578481971909155
60.98,-16.838709677419356,16.83870967741936,0.0,0.0,231.5123300987637,-0.3339132670764693,0.3337245318217461,-1.2984833299886576
60.99,-16.838709677419356,16.83870967741936,0.0,0.0,231.54888371988707,-0.33389579823591076,0.33374185846224,-1.338868364451922
61.0,-16.838709677419356,16.83870967741936,0.0,0.0,105.92173119950928,-0.3338796951856282,0.33375783482593957,-1.3789942115856535
61.01,-16.838709677419356,16.83870967741936,0.0,0.0,231.62199096817557,-0.3338648892916456,0.33377252796175005,-1.418854248696556
61.02,-16.838709677419356,16.83870967741936,0.0,0.0,231.6585445949047,-0.33385131358911946,0.33378600339934783,-1.4584443265031979
61.03,-16.838709677419356,16.83870967741936,0.0,0.0,231.69509822310363,-0.3338389028701929,0.333798325048144,-1.4977627554901471
61.04,-16.838709677419356,16.83870967741936,0.0,0.0,231.731651852607,-0.33382759375740334,0.3338095551118241,0.0
61.05,-16.838709677419356,16.83870967741936,0.0,0.0,231.76820548326697,-0.33381732476369264,0.3338197540173031,0.0
61.06,-16.838709677419356,16.83870967741936,0.0,0.0,231.80475911495142,-0.33380803634003753,0.3338289803569918,-1.614107394967856
61.07,-16.838709677419356,16.83870967741936,0.0,0.0,231.8413127475425,-0.3337996709116591,0.3338372908433269,-1.6523701510311357
61.08,-16.838709677419356,16.83870967741936,0.0,0.0,231.8778663809352,-0.3337921729037334,0.33384474027457256,-1.6903881713394249
61.09,-16.838709677419356,16.83870967741936,0.0,0.0,231.91442001503594,-0.33378548875747494,0.33385138151095806,-1.7281734712966181
61.1,-16.838709677419356,16.83870967741936,0.0,0.0,231.95097364976164,-0.33377956693742106,0.3338572654602592,-1.7657401115509208
61.11,-16.838709677419356,16.83870967741936,0.0,0.0,231.9875272850384,-0.333774357930704,0.3338624410719899,-1.8031041280909812
61.12,-16.838709677419356,16.83870967741936,0.0,0.0,232.0240809208007,-0.3337698142390513,0.3338669553394107,-1.8402834667545453
61.13,-16.838709677419356,16.83870967741936,0.0,0.0,232.0606345569905,-0.3337658903642178,0.333870853308611,-1.8772979237959881
61.14,-16.838709677419356,16.83870967741936,0.0,0.0,232.09718819355638,-0.33376254278750506,0.333874178093966,-1.9141690938556877
61.15,-16.838709677419356,16.83870967741936,0.0,0.0,232.13374183045292,-0.3337597299439936,0.33387697089931034,-1.9509203263760828
61.16,-16.838709677419356,16.83870967741936,0.0,0.0,232.17029546764002,-0.33375741219207056,0.3338792710442118,-1.9875766912173352
61.17,-16.838709677419356,16.83870967741936,0.0,0.0,232.20684910508228,-0.3337555517787931,0.3338811159947688,-2.0241649539412427
61.18,-16.838709677419356,16.83870967741936,0.0,0.0,232.24340274274851,-0.3337541128016115,0.33388254139839124,-2.0607135609475518
61.19,-16.838709677419356,16.83870967741936,0.0,0.0,232.2799563806113,-0.33375306116691283,0.33388358112206395,-2.0972526343639974
61.2,-16.838709677419356,16.83870967741936,0.0,0.0,232.31651001864654,-0.33375236454584467,0.3338842672936193,-2.1338139762920134
61.21,-16.838709677419356,16.83870967741936,0.0,0.0,232.35306365683303,-0.33375199232782227,0.3338846303455889,-2.1704310816967913
61.22,-16.838709677419356,16.83870967741936,0.0,0.0,232.3896172951522,-0.3337519155721069,0.33388469906122453,-2.207139158878407
61.23,-16.838709677419356,16.83870967741936,0.0,0.0,232.42617093358774,-0.3337521069578122,0.33388450062231945,-2.243975156066706
61.24,-16.838709677419356,16.83870967741936,0.0,0.0,232.4627245721254,-0.3337525407326598,0.3338840606584781,-2.28097779222269
61.25,-16.838709677419356,16.83870967741936,0.0,0.0,232.49927821075272,-0.33375319266079306,0.3338834032975204,-2.318187589589882
61.26,-16.838709677419356,16.83870967741936,-0.0,-0.0,232.5358318494588,-0.33375403996992503,0.33388255121672583,-2.3556469048954374
61.27,-16.838709677419356,16.83870967741936,-0.0,-0.0,106.90867934464237,-0.33375506129806976,0.3338815256946479,-2.3933999553367595
61.28,-16.838709677419356,16.83870967741936,-0.0,-0.0,232.60893912707022,-0.33375623664009546,0.33388034666325517,-2.4314928345728046
61.29,-16.838709677419356,16.83870967741936,-0.0,-0.0,232.64549276595997,-0.3337575472943082,0.33387903276017283,-2.469973512857384
61.3,-16.838709677419356,16.83870967741936,-0.0,-0.0,232.682046404897,-0.33375897580925495,0.33387760138082356,-2.5088918141740657
61.31,-16.838709677419356,16.83870967741936,-0.0,-0.0,232.71860004387577,-0.3337605059309239,0.3338760687302851,-2.548299361748009
61.32,-16.838709677419356,16.83870967741936,-0.0,-0.0,232.75515368289143,-0.3337621225504941,0.3338744498746955,-2.5882494816093455
61.33,-16.838709677419356,16.83870967741936,-0.0,-0.0,232.79170732193978,-0.333763811652773,0.33387275879206024,-2.6287970519760027
61.34,-16.838709677419356,16.83870967741936,-0.0,-0.0,232.82826096101712,-0.33376556026544857,0.33387100842233064,-2.6699982841421197
61.35,-16.838709677419356,16.83870967741936,-0.0,-0.0,232.86481460012024,-0.3337673564092629,0.3338692107166328,-2.7119104183703153
61.36,-16.838709677419356,16.83870967741936,-0.0,-0.0,232.9013682392463,-0.33376918904920116,0.3338673766855469,-2.7545913161146944
61.37,-16.838709677419356,16.83870967741936,-0.0,-0.0,232.93792187839284,-0.3337710480467846,0.3338655164463469,-2.79809892793217
61.38,-16.838709677419356,16.83870967741936,-0.0,-0.0,107.31076937396602,-0.333772924113533,0.3338636392691219,-2.842490614949807
61.39,-16.838709677419356,16.83870967741936,-0.0,-0.0,233.01102915673903,-0.33377480876566046,0.33386175362171544,-2.8878223011406483
61.4,-16.838709677419356,16.83870967741936,-0.0,-0.0,233.04758279593509,-0.33377669428005396,0.33385986721342276,0.0
61.41,-16.838709677419356,16.83870967741936,-0.0,-0.0,233.08413643514442,-0.33377857365157504,0.3338579870374079,0.0
61.42,-16.838709677419356,16.83870967741936,-0.0,-0.0,233.1206900743657,-0.3337804405517202,0.33385611941179505,0.0
61.43,-16.838709677419356,16.83870967741936,-0.0,-0.0,233.15724371359784,-0.3337822892886573,0.33385427001941337,0.0
61.44,-16.838709677419356,16.83870967741936,-0.0,-0.0,233.19379735283974,-0.333784114768666,0.3338524439461703,0.0
61.45,-16.838709677419356,16.83870967741936,-0.0,-0.0,233.2303509920905,-0.33378591245898126,0.3338506457180408,0.0
61.46,-16.838709677419356,16.83870967741936,-0.0,-0.0,233.26690463134935,-0.33378767835205236,0.3338488793366665,0.0
61.47,-16.838709677419356,16.83870967741936,-0.0,-0.0,233.30345827061552,-0.333789408931213,0.33384714831356144,0.0
61.48,-16.838709677419356,16.83870967741936,-0.0,-0.0,233.34001190988835,-0.333791101137757,0.3338454557029291,0.0
61.49,-16.838709677419356,16.83870967741936,-0.0,-0.0,107.71285940557556,-0.33379275233940775,0.33384380413310044,0.0
61.5,-16.838709677419356,16.83870967741936,-0.0,-0.0,233.4131191884517,-0.3337943603001694,0.3338421958366038,0.0
61.51,-16.838709677419356,16.83870967741936,-0.0,-0.0,107.78596668414951,-0.33379592315153794,0.33384063267888564,0.0
61.52,-16.838709677419356,16.83870967741936,-0.0,-0.0,233.48622646703532,-0.33379743936505224,0.3338391161857013,0.0
61.53,-16.838709677419356,16.83870967741936,-0.0,-0.0,233.52278010633364,-0.33379890772616183,0.33383764756919687,2.6467348906012234
61.54,-16.838709677419356,16.83870967741936,-0.0,-0.0,233.55933374563583,-0.3338003273093806,0.3338362277527136,2.586314760867396
61.55,-16.838709677419356,16.83870967741936,-0.0,-0.0,233.59588738494153,-0.33380169745470045,0.33383485739433794,2.5255581413821635
61.56,-16.838709677419356,16.83870967741936,-0.0,-0.0,233.63244102425045,-0.3338030177452349,0.33383353690922934,2.464657297323029
61.57,-16.838709677419356,16.83870967741936,-0.0,-0.0,233.6689946635623,-0.3338042879860528,0.3338322664907567,2.4038147973007984
61.58,-16.838709677419356,16.83870967741936,-0.0,-0.0,233.70554830287682,-0.3338055081841784,0.33383104613048076,2.3432383935316285
61.59,-16.838709677419356,16.83870967741936,-0.0,-0.0,233.74210194219378,-0.3338066785297149,0.3338298756370097,2.2831355840380523
61.6,-16.838709677419356,16.83870967741936,-0.0,-0.0,233.77865558151296,-0.33380779937805705,0.33382875465377104,2.22370820807498
61.61,-16.838709677419356,16.83870967741936,-0.0,-0.0,233.81520922083416,-0.3338088712331617,0.3338276826757305,0.0
61.62,-16.838709677419356,16.83870967741936,-0.0,-0.0,233.8517628601572,-0.33380989473182865,0.33382665906509623,0.0
61.63,-16.838709677419356,16.83870967741936,-0.0,-0.0,233.88831649948196,-0.33381087062896686,0.33382568306604665,0.0
61.64,-16.838709677419356,16.83870967741936,-0.0,-0.0,233.92487013880822,-0.33381179978379905,0.33382475381851706,0.0
61.65,-16.838709677419356,16.83870967741936,-0.0,-0.0,233.96142377813587,-0.3338126831469723,0.33382387037108185,0.0
61.66,-16.838709677419356,16.83870967741936,-0.0,-0.0,233.9979774174648,-0.3338135217485345,0.3338230316929729,0.0
61.67,-16.838709677419356,16.83870967741936,-0.0,-0.0,108.37082491320317,-0.3338143166867442,0.33382223668526456,0.0
61.68,-16.838709677419356,16.83870967741936,-0.0,-0.0,234.07108469612598,-0.33381506911767245,0.3338214841912681,0.0
61.69,-16.838709677419356,16.83870967741936,-0.0,-0.0,234.10763833545803,-0.33381578024556346,0.3338207730061673,0.0
61.7,-16.838709677419356,16.83870967741936,-0.0,-0.0,234.14419197479094,-0.3338164513139179,0.3338201018859317,0.0
61.71,-16.838709677419356,16.83870967741936,-0.0,-0.0,234.18074561412462,-0.3338170835972647,0.33381946955554254,0.0
61.72,-16.838709677419356,16.83870967741936,-0.0,-0.0,234.217299253459,-0.33381767839358645,0.33381887471656424,0.0
61.73,-16.838709677419356,16.83870967741936,-0.0,-0.0,234.25385289279404,-0.33381823701736457,0.3338183160540966,0.0
61.74,-16.838709677419356,16.83870967741936,-0.0,-0.0,234.29040653212965,-0.33381876079321615,0.3338177922431371,0.0
61.75,-16.838709677419356,16.83870967741936,-0.0,-0.0,234.3269601714658,-0.33381925105008325,0.33381730195438886,0.0
61.76,-16.838709677419356,16.83870967741936,-0.0,-0.0,234.3635138108024,-0.33381970911595227,0.33381684385953947,0.0
61.77,-16.838709677419356,16.83870967741936,-0.0,-0.0,234.40006745013946,-0.33382013631306684,0.3338164166360469,0.0
61.78,-16.838709677419356,16.83870967741936,-0.0,-0.0,234.43662108947692,-0.33382053395360933,0.3338160189714552,0.0
61.79,-16.838709677419356,16.83870967741936,-0.0,-0.0,234.4731747288147,-0.3338209033358237,0.3338156495672704,0.0
61.8,-16.838709677419356,16.83870967741936,-0.0,-0.0,234.50972836815285,-0.33382124574054917,0.3338153071424268,0.0
61.81,-16.838709677419356,16.83870967741936,-0.0,-0.0,234.5462820074913,-0.3338215624281431,0.33381499043636054,0.0
61.82,-16.838709677419356,16.83870967741936,-0.0,-0.0,234.58283564683003,-0.3338218546357645,0.3338146982117265,0.0
61.83,-16.838709677419356,16.83870967741936,0.0,-0.0,234.61938928616902,-0.33382212357499785,0.33381442925677196,0.0
61.84,-16.838709677419356,16.83870967741936,0.0,-0.0,234.65594292550824,-0.3338223704297907,0.33381418238739835,0.0
61.85,-16.838709677419356,16.83870967741936,0.0,-0.0,234.6924965648477,-0.33382259635468725,0.33381395644892553,0.0
61.86,-16.838709677419356,16.83870967741936,0.0,-0.0,234.72905020418733,-0.33382280247333296,0.33381375031758687,0.0
61.87,-16.838709677419356,16.83870967741936,0.0,-0.0,234.76560384352717,-0.3338229898772329,0.33381356290177067,0.0
61.88,-16.838709677419356,16.83870967741936,0.0,-0.0,234.80215748286722,-0.3338231596247443,0.33381339314302383,0.0
61.89,-16.838709677419356,16.83870967741936,0.0,-0.0,234.83871112220743,-0.33382331274028343,0.33381324001684654,0.0
61.9,-16.838709677419356,16.83870967741936,0.0,-0.0,234.8752647615478,-0.33382345021373294,0.33381310253328245,0.0
61.91,-16.838709677419356,16.83870967741936,0.0,-0.0,234.91181840088836,-0.33382357300002985,0.3338129797373297,0.0
61.92,-16.838709677419356,16.83870967741936,0.0,-0.0,234.94837204022906,-0.3338236820189209,0.3338128707091865,0.0
61.93,-16.838709677419356,16.83870967741936,0.0,-0.0,234.9849256795699,-0.33382377815486963,0.33381277456434133,0.0
61.94,-16.838709677419356,16.83870967741936,0.0,-0.0,235.02147931891088,-0.33382386225710237,0.3338126904535266,0.0
61.95,-16.838709677419356,16.83870967741936,0.0,-0.0,235.058032958252,-0.3338239351397776,0.3338126175625491,0.0
61.96,-16.838709677419356,16.83870967741936,0.0,-0.0,235.09458659759326,-0.3338239975822703,0.33381255511200414,0.0
61.97,-16.838709677419356,16.83870967741936,0.0,-0.0,235.13114023693464,-0.33382405032955664,0.33381250235689164,0.0
61.98,-16.838709677419356,16.83870967741936,0.0,-0.0,235.16769387627616,-0.33382409409268754,0.3338124585861393,0.0
61.99,-16.838709677419356,16.83870967741936,0.0,-0.0,235.2042475156178,-0.3338241295493467,0.33381242312204784,0.0
62.0,-16.838709677419356,16.83870967741936,0.0,-0.0,109.57709501136785,-0.33382415734447335,0.3338123953196652,0.0
62.01,-16.838709677419356,18.0,0.0,-0.0,235.2774822510514,-0.3322670336642679,0.4270520915572036,-0.032986550241408945
62.02,-16.838709677419356,18.0,0.0,-0.0,235.3142779632637,-0.33100930289516994,0.42136408542611803,-0.053616790234326556
62.03,-16.838709677419356,18.0,0.0,-0.0,235.35117673247598,-0.3300095181305345,0.4161186159919077,-0.07279602570627983
62.04,-16.838709677419356,18.0,0.0,-0.0,235.38816815543532,-0.3292309065287573,0.41128241052241865,-0.09144153725334836
62.05,-16.838709677419356,18.0,0.0,-0.0,235.42524287225174,-0.32864086219798083,0.4068248471148814,-0.10974329742922599
62.06,-16.838709677419356,18.0,0.0,-0.0,235.4623924641177,-0.32821055102324626,0.4027177302871012,-0.127767624003447
62.07,-16.838709677419356,18.0,0.0,-0.0,235.49960935066537,-0.3279149347193564,0.3989352888791893,-0.14552356271219374
62.08,-16.838709677419356,18.0,0.0,-0.0,235.53688671470042,-0.32773170060535284,0.3954535872574998,-0.16302936689315017
62.09,-16.838709677419356,18.0,0.0,-0.0,235.57421842705628,-0.32764125370485186,0.39225052591610177,-0.1802956207834314
62.1,-16.838709677419356,18.0,0.0,-0.0,235.611598976542,-0.3276265187323184,0.3893057308194354,-0.19732537928741634
62.11,-16.838709677419356,18.0,0.0,-0.0,235.64902340813182,-0.32767262042157275,0.38660037362303856,-0.21411920954126837
62.12,-16.838709677419356,18.0,0.0,-0.0,110.02278112397212,-0.32776663464665456,0.3841170321611813,-0.23067650867318584
62.13,-16.838709677419356,18.0,0.0,-0.0,235.72398655154666,-0.3278973710834765,0.38183956794434604,-0.24699605259634166
62.14,-16.838709677419356,18.0,0.0,-0.0,235.76151766302704,-0.3280551776981653,0.3797530149789632,-0.26307634809218955
62.15,-16.838709677419356,18.0,0.0,-0.0,235.79907737102667,-0.32823176469936644,0.3778434789094358,-0.27891588186516897
62.16,-16.838709677419356,18.0,0.0,-0.0,235.83666277456973,-0.3284200468741776,0.3760980468027999,-0.2945132762616312
62.17,-16.838709677419356,18.0,0.0,-0.0,235.8742712701985,-0.32861400408307695,0.374504709200977,-0.30986732283563545
62.18,-16.838709677419356,18.0,0.0,-0.0,235.91190052251554,-0.3288085605371862,0.3730522974377217,-0.32497683945154426
62.19,-16.838709677419356,18.0,0.0,-0.0,235.94954843711827,-0.32899948376996213,0.37173043969158104,-0.3398402977668498
62.2,-16.838709677419356,18.0,0.0,-0.0,235.987213135287,-0.3291833026866109,0.3705295366749155,-0.35445523111024185
62.21,-16.838709677419356,18.0,0.0,-0.0,236.02489293000014,-0.329357239222706,0.3694407495483625,-0.3688175936690953
62.22,-16.838709677419356,18.0,0.0,-0.0,236.0625863034128,-0.32951914049883024,0.3684559790809625,-0.3829214641522963
62.23,-16.838709677419356,18.0,0.0,-0.0,236.10029188670197,-0.32966739449242577,0.36756780656946053,-0.3967595587704609
62.24,-16.838709677419356,18.0,0.0,-0.0,236.13800844349825,-0.3298008239757073,0.36676938255611713,-0.41032462299259514
62.25,-16.838709677419356,18.0,0.0,-0.0,236.1757348572631,-0.3299185823305715,0.36605429190552474,-0.4236109585055075
62.26,-16.838709677419356,18.0,0.0,-0.0,236.21347012126228,-0.3300200946212828,0.36541645541603684,-0.4366148969022187
62.27,-16.838709677419356,18.0,0.0,-0.0,110.58750718526846,-0.33010506315060506,0.3648501048053985,-0.4493337542279905
62.28,-16.838709677419356,18.0,0.0,-0.0,236.28896366296772,-0.33017349588913714,0.36434980557942387,-0.4617642700533795
62.29,-16.838709677419356,18.0,0.0,-0.0,236.32672038569095,-0.33022568343909176,0.3639104679201417,-0.47390217810550717
62.3,-16.838709677419356,18.0,0.0,-0.0,236.3644828300815,-0.3302621010799287,0.36352731724027043,-0.4857433740596584
62.31,-16.838709677419356,18.0,0.0,-0.0,236.4022503944754,-0.33028329549000723,0.36319585062627,-0.497285442614381
62.32,-16.838709677419356,18.0,0.0,-0.0,236.44002253820622,-0.33028982382720584,0.36291181447151266,-0.5085282235173645
62.33,-16.838709677419356,18.0,0.0,-0.0,236.47779877731836,-0.33028225162246705,0.36267120656873897,-0.5194733396941761
62.34,-16.838709677419356,18.0,0.0,-0.0,236.51557867977024,-0.33026117501008767,0.36247028479270305,-0.5301233699372252
62.35,-16.838709677419356,18.0,0.0,-0.0,236.55336186031494,-0.3302272386313605,0.3623055687466519,-0.5404811926228155
62.36,-16.838709677419356,18.0,0.0,-0.0,236.5911479754333,-0.33018114042566915,0.36217383178824325,-0.5505496356205276
62.37,-16.838709677419356,18.0,0.0,-0.0,236.628936718599,-0.33012362597413114,0.36207208657188916,-0.5603313596435021
62.38,-16.838709677419356,18.0,0.0,-0.0,236.66672781600846,-0.3300554774970501,0.3619975678755889,-0.5698288679725766
62.39,-16.838709677419356,18.0,0.0,0.0,236.70452102280393,-0.329977501334872,0.3619477152461632,-0.5790445664108786
62.4,-16.838709677419356,18.0,0.0,0.0,236.74231611976188,-0.32989051600656194,0.3619201567287458,-0.5879808327126286
62.41,-16.838709677419356,18.0,0.0,0.0,236.78011291039766,-0.3297953417286241,0.36191269412999705,-0.5966400780590618
62.42,-16.838709677419356,18.0,0.0,0.0,236.8179112184327,-0.3296927916181662,0.36192328984591393,-0.6050247953761498
62.43,-16.838709677419356,18.0,0.0,0.0,236.8557108855742,-0.3295836645016117,0.36195005511040956,-0.6131375946750934
62.44,-16.838709677419356,18.0,0.0,0.0,236.8935117695639,-0.3294687391403641,0.36199123947109046,-0.620981227480512
62.45,-16.838709677419356,18.0,0.0,0.0,236.9313137424586,-0.32934876966419213,0.36204522130409456,-0.6285586027283284
62.46,-16.838709677419356,18.0,0.0,0.0,236.96911668911144,-0.3292244820189365,0.3621104992050672,-0.6358727962385416
62.47,-16.838709677419356,18.0,0.0,0.0,237.00692050582765,-0.32909657126211167,0.3621856841222324,-0.6429270554374361
62.48,-16.838709677419356,18.0,0.0,0.0,237.04472509917247,-0.32896569956747457,0.36226949212372506,-0.6497248005902534
62.49,-16.838709677419356,18.0,0.0,0.0,237.08253038491256,-0.32883249482370336,0.3623607377130298,-0.6562696234678991
62.5,-16.838709677419356,18.0,0.0,0.0,237.1203362870748,-0.3286975497322169,0.36245832762356334,-0.6625652841126117
62.51,-16.838709677419356,18.0,0.0,0.0,237.15814273710822,-0.32856142132516264,0.36256125503673586,-0.668615706177161
62.52,-16.838709677419356,18.0,0.0,0.0,237.19594967313745,-0.3284246308373173,0.36266859417812447,-0.6744249711768471
62.53,-16.838709677419356,18.0,0.0,0.0,237.2337570392968,-0.32828766387586295,0.362779495254274,-0.6799973118963373
62.54,-16.838709677419356,18.0,0.0,0.0,237.27156478513587,-0.3281509708402117,0.36289317969877866,-0.6853371051260807
62.55,-16.838709677419356,18.0,0.0,0.0,111.6456667214969,-0.32801496755074955,0.3630089357011015,-0.6904488638565516
62.56,-16.838709677419356,18.0,0.0,0.0,111.68347509440682,-0.3278800360509362,0.36312611399536787,-0.695337229025754
62.57,-16.838709677419356,18.0,0.0,0.0,237.38498986669399,-0.32774652555183414,0.36324412388943217,-0.7000069608938122
62.58,-16.838709677419356,18.0,0.0,0.0,237.4227987176078,-0.3276147534921072,0.36336242951696485,-0.7044629301032074
62.59,-16.838709677419356,18.0,0.0,0.0,237.46060776043618,-0.32748500668992797,0.36348054629733495,-0.7087101084731283
62.6,-16.838709677419356,18.0,0.0,0.0,237.49841696783272,-0.3273575425661508,0.3635980375897785,-0.7127535595710937
62.61,-16.838709677419356,18.0,0.0,0.0,237.53622631513366,-0.32723259042072184,0.36371451152972845,-0.7165984290997751
62.62,-16.838709677419356,18.0,0.0,0.0,237.57403578011062,-0.3271103527465409,0.36382961803639335,-0.7202499351354362
62.63,-16.838709677419356,18.0,0.0,0.0,237.6118453427482,-0.32699100656700497,0.3639430459817128,-0.723713358253124
62.64,-16.838709677419356,18.0,0.0,0.0,111.98594884145174,-0.3268747047852485,0.36405452051168163,-0.7269940315731119
62.65,-16.838709677419356,18.0,0.0,0.0,237.68746469082464,-0.3267615775346784,0.3641638005118162,-0.7300973307634189
62.66,-16.838709677419356,18.0,0.0,0.0,237.72527444558793,-0.3266517335218151,0.3642706762092056,-0.7330286640335228
62.67,-16.838709677419356,18.0,0.0,0.0,237.76308423634913,-0.3265452613537332,0.36437496690415916,-0.7357934621542165
62.68,-16.838709677419356,18.0,0.0,0.0,237.80089405150952,-0.32644223084351154,0.3644765188249899,-0.7383971685393955
62.69,-16.838709677419356,18.0,0.0,0.0,237.83870388073393,-0.32634269428812046,0.3645752030999241,-0.7408452294255472
62.7,-16.838709677419356,18.0,0.0,0.0,237.8765137148401,-0.32624668771407794,0.3646709138405253,-0.7431430841846418
62.71,-16.838709677419356,18.0,0.0,0.0,237.91432354569767,-0.326154232087027,0.3647635663313731,-0.7452961558055016
62.72,-16.838709677419356,18.0,0.0,0.0,237.95213336613634,-0.3260653344820854,0.3648530953210609,-0.7473098415787596
62.73,-16.838709677419356,18.0,0.0,0.0,112.32623702627012,-0.32597998921248306,0.36493945340986733,-0.7491895040193477
62.74,-16.838709677419356,18.0,0.0,0.0,238.02775295137903,-0.3258981789145736,0.3650226095296738,-0.7509404620586385
62.75,-16.838709677419356,18.0,0.0,0.0,238.06556270592174,-0.3258198755877788,0.36510254751199867,-0.752567982538709
62.76,-16.838709677419356,18.0,0.0,0.0,238.10337242938806,-0.3257450415885388,0.3651792647401373,-0.7540772720368057
62.77,-16.838709677419356,18.0,0.0,0.0,238.14118211828125,-0.32567363057766663,0.3652527708816602,-0.7554734690486862
62.78,-16.838709677419356,18.0,0.0,0.0,238.1789917696553,-0.3256055884208975,0.3653230866976498,-0.7567616365555176
62.79,-16.838709677419356,18.0,0.0,0.0,238.21680138106487,-0.32554085404271893,0.36539024292522004,-0.7579467549970494
62.8,-16.838709677419356,18.0,0.0,0.0,238.25461095051904,-0.32547936023381374,0.3654542792300133,-0.7590337156714938
62.81,-16.838709677419356,18.0,0.0,0.0,238.292420476439,-0.3254210344126949,0.36551524322549955,-0.7600273145792988
62.82,-16.838709677419356,18.0,0.0,0.0,238.33022995761868,-0.3253657993423076,0.3655731895560055,-0.7609322467249569
62.83,-16.838709677419356,18.0,0.0,0.0,238.36803939318872,-0.3253135738025177,0.36562817904055334,-0.761753100888776
62.84,-16.838709677419356,18.0,0.0,0.0,238.405848782583,-0.3252642732195783,0.36568027787465773,-0.762494354876587
62.85,-16.838709677419356,18.0,0.0,0.0,238.44365812550785,-0.3252178102537553,0.36572955688734665,-0.7631603712528842
62.86,-16.838709677419356,18.0,0.0,0.0,238.48146742191364,-0.32517409534640107,0.3657760908507779,-0.7637553935600249
62.87,-16.838709677419356,18.0,0.0,0.0,238.5192766719684,-0.32513303722784537,0.3658199578398844,-0.7642835430224293
62.88,-16.838709677419356,18.0,0.0,0.0,238.55708587603377,-0.3250945433875101,0.36586123863960696,-0.7647488157331518
62.89,-16.838709677419356,18.0,0.0,0.0,238.59489503464238,-0.3250585205077354,0.3659000161973145,-0.7651550803160538
62.9,-16.838709677419356,18.0,0.0,0.0,238.63270414847747,-0.3250248748627875,0.3659363751181339,-0.7655060760555937
62.91,-16.838709677419356,18.0,0.0,0.0,238.67051321835373,-0.32499351268459065,0.3659704012009508,-0.765805411482681
62.92,-16.838709677419356,18.0,0.0,0.0,238.7083222451999,-0.3249643404966771,0.36600218101295523,-0.7660565634041119
62.93,-16.838709677419356,18.0,0.0,0.0,238.7461312300426,-0.324937265417903,0.3660318015006485,-0.766262876359714
62.94,-16.838709677419356,18.0,0.0,0.0,238.78394017399168,-0.32491219543741945,0.3660593496353233,-0.7664275624908716
62.95,-16.838709677419356,18.0,0.0,-0.0,238.82174907822656,-0.32488903966241045,0.3660849120910834,-0.766553701801635
62.96,-16.838709677419356,18.0,0.0,-0.0,238.85955794398387,-0.3248677085400635,0.36610857495355353,-0.766644242792631
62.97,-16.838709677419356,18.0,0.0,-0.0,238.89736677254615,-0.3248481140552175,0.36613042345748603,-0.7667020034470794
62.98,-16.838709677419356,18.0,0.0,-0.0,238.93517556523148,-0.32483016990510705,0.3661505417515418,-0.7667296725467942
62.99,-16.838709677419356,18.0,0.0,-0.0,238.97298432338405,-0.32481379165257707,0.3661690126885939,-0.7667298112958917
63.0,-16.838709677419356,18.0,0.0,-0.0,113.34708690477402,-0.3247988968591069,0.366185917639962,-0.7667048552293492
63.01,-16.838709677419356,18.0,0.0,-0.0,239.04860174154817,-0.3247854051989516,0.36620133633204155,-0.7666571163827788
63.02,-16.838709677419356,18.0,0.0,-0.0,239.08641040430604,-0.3247732385556332,0.36621534670388667,-0.7665887857009708
63.03,-16.838709677419356,18.0,0.0,-0.0,239.12421903801066,-0.3247623211020254,0.3662280247843068,-0.7665019356609645
63.04,-16.838709677419356,18.0,0.0,-0.0,239.16202764402445,-0.3247525793651711,0.3662394445871673,-0.7663985230874599
63.05,-16.838709677419356,18.0,0.0,-0.0,239.19983622369585,-0.32474394227696135,0.3662496780235911,-0.7662803921379095
63.06,-16.838709677419356,18.0,0.0,-0.0,239.23764477835502,-0.32473634121174655,0.36625879482984214,-0.7661492774351668
63.07,-16.838709677419356,18.0,0.0,-0.0,239.27545330930988,-0.3247297100119084,0.36626686250971785,-0.7660068073264303
63.08,-16.838709677419356,18.0,0.0,-0.0,239.3132618178428,-0.324723985002366,0.3662739462903377,-0.7658545072478758
63.09,-16.838709677419356,18.0,0.0,-0.0,239.35107030520751,-0.32471910499495804,0.36628010909026054,-0.765693803175139
63.1,-16.838709677419356,18.0,0.0,-0.0,239.38887877262673,-0.3247150112835675,0.36628541149893956,-0.7655260251412445
63.11,-16.838709677419356,18.0,0.0,-0.0,239.4266872212899,-0.3247116476308556,0.36628991176653725,-0.765352410803431
63.12,-16.838709677419356,18.0,0.0,-0.0,239.46449565235156,-0.3247089602473827,0.36629366580320966,-0.7651741090426166
63.13,-16.838709677419356,18.0,0.0,-0.0,239.50230406692972,-0.32470689776387585,0.3662967271869937,-0.7649921835793787
63.14,-16.838709677419356,18.0,0.0,-0.0,113.8764063225131,-0.3247054111973573,0.36629914717948875,-0.7648076165917688
63.15,-16.838709677419356,18.0,0.0,-0.0,239.5779208509188,-0.32470445391179537,0.36630097474856926,-0.7646213123213966
63.16,-16.838709677419356,18.0,0.0,-0.0,239.61572922237448,-0.3247039815739132,0.36630225659740434,-0.7644341006550885
63.17,-16.838709677419356,18.0,0.0,-0.0,113.98983143784358,-0.32470395210474523,0.3663030371991107,-0.764246740670623
63.18,-16.838709677419356,18.0,0.0,-0.0,239.69134592902478,-0.3247043256275022,0.366303358836382,-0.7640599241356798
63.19,-16.838709677419356,18.0,0.0,-0.0,114.06544812243521,-0.324705064412232,0.36630326164554394,-0.7638742789517736
63.2,-16.838709677419356,18.0,0.0,-0.0,239.76696259328605,-0.32470613281781,0.36630278366441127,-0.7636903725327415
63.21,-16.838709677419356,18.0,0.0,-0.0,239.80477091160736,-0.32470749723164793,0.366301960883487,-0.7635087151124269
63.22,-16.838709677419356,18.0,0.0,-0.0,239.84257922175718,-0.32470912600759494,0.3663008272999675,-0.7633297629730315
63.23,-16.838709677419356,18.0,0.0,-0.0,239.88038752446363,-0.3247109894023703,0.36629941497413476,-0.7631539215900267
63.24,-16.838709677419356,18.0,0.0,-0.0,239.91819582041722,-0.3247130595109162,0.36629775408769527,-0.7629815486876104
63.25,-16.838709677419356,18.0,0.0,-0.0,239.95600411027172,-0.32471531020097655,0.3662958730036896,-0.7628129572015204
63.26,-16.838709677419356,18.0,0.0,-0.0,239.99381239464486,-0.32471771704722574,0.36629379832759534,-0.7626484181450235
63.27,-16.838709677419356,18.0,0.0,-0.0,240.03162067411932,-0.3247202572652026,0.36629155496931265,-0.7624881633762435
63.28,-16.838709677419356,18.0,0.0,-0.0,240.06942894924367,-0.3247229096453157,0.3662891662057104,-0.7623323882643391
63.29,-16.838709677419356,18.0,0.0,-0.0,240.1072372205334,-0.3247256544871453,0.3662866537434657,-0.7621812542533477
63.3,-16.838709677419356,18.0,0.0,-0.0,240.14504548847185,-0.32472847353424994,0.3662840377819294,-0.7620348913227261
63.31,-16.838709677419356,18.0,0.0,-0.0,240.1828537535115,-0.3247313499096609,0.3662813370758029,-0.7618934003446725
63.32,-16.838709677419356,18.0,0.0,-0.0,240.2206620160748,-0.3247342680522467,0.36627856899739375,-0.7617568553376323
63.33,-16.838709677419356,18.0,0.0,-0.0,114.59476413296392,-0.3247372136540718,0.366275749598288,-0.7616253056175815
63.34,-16.838709677419356,18.0,0.0,-0.0,240.2962785353199,-0.32474017359892415,0.36627289367022775,-0.7614987778465789
63.35,-16.838709677419356,18.0,0.0,-0.0,240.33408679270738,-0.3247431359020665,0.36627001480510635,-0.7613772779820455
63.36,-16.838709677419356,18.0,0.0,-0.0,240.37189504903216,-0.32474608965138896,0.36626712545386453,-0.7612607931256253
63.37,-16.838709677419356,18.0,0.0,-0.0,240.40970330458418,-0.3247490249499836,0.36626423698424215,-0.7611492932759544
63.38,-16.838709677419356,18.0,0.0,-0.0,240.44751155963021,-0.32475193286025994,0.3662613597372364,-0.7610427329858579
63.39,-16.838709677419356,18.0,0.0,-0.0,240.48531981441496,-0.32475480534964074,0.3662585030821943,-0.7609410529269544
63.4,-16.838709677419356,18.0,0.0,-0.0,240.52312806916214,-0.324757635237902,0.36625567547045956,-0.7608441813638495
63.41,-16.838709677419356,18.0,0.0,-0.0,240.56093632407556,-0.3247604161461901,0.3662528844875126,-0.7607520355407125
63.42,-16.838709677419356,18.0,0.0,-0.0,240.59874457934018,-0.3247631424477546,0.3662501369035407,-0.7606645229827229
63.43,-16.838709677419356,18.0,0.0,-0.0,240.6365528351231,-0.32476580922041487,0.36624743872240595,-0.7605815427152716
63.44,-16.838709677419356,18.0,0.0,-0.0,240.67436109157453,-0.32476841220077324,0.3662447952289756,-0.760502986403937
63.45,-16.838709677419356,18.0,0.0,-0.0,240.71216934882884,-0.32477094774018567,0.36624221103478916,-0.7604287394180784
63.46,-16.838709677419356,18.0,0.0,-0.0,240.74997760700543,-0.3247734127624893,0.36623969012204216,-0.7603586818207249
63.47,-16.838709677419356,18.0,0.0,-0.0,240.78778586620967,-0.3247758047234781,0.36623723588589185,-0.7602926892882793
63.48,-16.838709677419356,18.0,0.0,-0.0,240.82559412653376,-0.32477812157211283,0.36623485117506616,-0.7602306339625913
63.49,-16.838709677419356,18.0,0.0,-0.0,240.86340238805758,-0.32478036171345637,0.36623253833079716,-0.7601723852385464
63.5,-16.838709677419356,18.0,0.0,-0.0,240.9012106508495,-0.32478252397330376,0.3662302992240747,-0.760117810490031
63.51,-16.838709677419356,18.0,0.0,-0.0,240.93901891496716,-0.3247846075644836,0.36622813529125087,-0.7600667757374207
63.52,-16.838709677419356,18.0,0.0,-0.0,240.97682718045832,-0.3247866120548051,0.3662260475680039,-0.7600191462590955
63.53,-16.838709677419356,18.0,0.0,-0.0,241.01463544736143,-0.3247885373366144,0.3662240367216889,-0.7599747871500907
63.54,-16.838709677419356,18.0,0.0,-0.0,241.05244371570643,-0.32479038359792534,0.3662221030821089,-0.7599335638305675
63.55,-16.838709677419356,18.0,0.0,-0.0,241.09025198551535,-0.3247921512950853,0.3662202466707307,-0.7598953425068026
63.56,-16.838709677419356,18.0,0.0,-0.0,241.128060256803,-0.3247938411269369,0.36621846722838547,-0.7598599905873938
63.57,-16.838709677419356,18.0,0.0,-0.0,241.1658685295775,-0.32479545401043963,0.3662167642414824,-0.7598273770570142
63.58,-16.838709677419356,18.0,0.0,-0.0,241.2036768038409,-0.32479699105769644,0.3662151369667863,-0.7597973728105698
63.59,-16.838709677419356,18.0,0.0,-0.0,241.2414850795897,-0.32479845355434867,0.36621358445478736,-0.7597698509498593
63.6,-16.838709677419356,18.0,0.0,-0.0,115.6155872132237,-0.3247998429392951,0.36621210557171247,-0.7597446870451973
63.61,-16.838709677419356,18.0,0.0,-0.0,241.31710163550483,-0.3248011607856842,0.36621069902021874,-0.7597217593641933
63.62,-16.838709677419356,18.0,0.0,-0.0,241.3549099156409,-0.32480240878313404,0.36620936335881416,-0.7597009490699851
63.63,-16.838709677419356,18.0,0.0,-0.0,241.3927181972027,-0.3248035887211378,0.36620809702004564,-0.7596821403906875
63.64,-16.838709677419356,18.0,0.0,-0.0,241.43052648016615,-0.3248047024736018,0.3662068983275093,-0.7596652207624744
63.65,-16.838709677419356,18.0,0.0,-0.0,241.46833476450428,-0.32480575198447426,0.3662057655117148,-0.7596500809478034
63.66,-16.838709677419356,18.0,0.0,-0.0,241.50614305018757,-0.3248067392544156,0.3662046967248611,-0.7596366151308259
63.67,-16.838709677419356,18.0,0.0,-0.0,241.54395133718435,-0.32480766632846647,0.36620369005456066,-0.7596247209917019
63.68,-16.838709677419356,18.0,0.0,-0.0,241.58175962546102,-0.3248085352846666,0.3662027435365627,-0.7596142997613818
63.69,-16.838709677419356,18.0,0.0,-0.0,241.6195679149824,-0.32480934822357765,0.36620185516651604,-0.7596052562586125
63.7,-16.838709677419356,18.0,0.0,-0.0,241.65737620571207,-0.3248101072586749,0.3662010229108168,-0.7595974989103976
63.71,-16.838709677419356,18.0,0.0,-0.0,241.69518449761244,-0.3248108145075521,0.3662002447165833,-0.7595909397575412
63.72,-16.838709677419356,18.0,0.0,-0.0,241.73299279064517,-0.32481147208390815,0.36619951852080423,-0.7595854944466154
63.73,-16.838709677419356,18.0,0.0,-0.0,241.77080108477122,-0.3248120820902691,0.36619884225869614,-0.7595810822094509
63.74,-16.838709677419356,18.0,0.0,-0.0,241.80860937995115,-0.32481264661140474,0.36619821387131624,-0.7595776258316108
63.75,-16.838709677419356,18.0,0.0,-0.0,241.8464176761453,-0.3248131677084014,0.36619763131246974,-0.7595750516107765
63.76,-16.838709677419356,18.0,0.0,-0.0,241.88422597331393,-0.3248136474133625,0.36619709255494226,-0.7595732893060252
63.77,-16.838709677419356,18.0,0.0,-0.0,241.92203427141735,-0.324814087724679,0.3661965955961102,-0.7595722720793963
63.78,-16.838709677419356,18.0,0.0,-0.0,241.95984257041604,-0.32481449060285983,0.36619613846294885,-0.759571936430201
63.79,-16.838709677419356,18.0,0.0,-0.0,241.9976508702709,-0.3248148579668628,0.3661957192164924,-0.7595722221234064
63.8,-16.838709677419356,18.0,0.0,-0.0,242.03545917094317,-0.32481519169091744,0.3661953359557577,-0.7595730721124276
63.81,-16.838709677419356,18.0,0.0,-0.0,242.07326747239472,-0.3248154936017882,0.3661949868211847,-0.7595744324575533
63.82,-16.838709677419356,18.0,0.0,-0.0,116.44736963099635,-0.32481576547645563,0.36619466999761885,-0.7595762522405114
63.83,-16.838709677419356,18.0,0.0,-0.0,242.1488840774862,-0.32481600904020014,0.3661943837168484,-0.7595784834753545
63.84,-16.838709677419356,18.0,0.0,-0.0,242.18669238105323,-0.3248162259650107,0.3661941262597781,-0.7595810810179667
63.85,-16.838709677419356,18.0,0.0,-0.0,242.2245006852539,-0.32481641786837323,0.3661938959581874,-0.7595840024719698
63.86,-16.838709677419356,18.0,0.0,-0.0,116.5986028464622,-0.3248165863123331,0.3661936911961785,-0.7595872080943448
63.87,-16.838709677419356,18.0,0.0,-0.0,242.30011729541977,-0.3248167328028595,0.36619351041128434,-0.7595906606992585
63.88,-16.838709677419356,18.0,0.0,-0.0,242.33792560131914,-0.32481685878945177,0.36619335209530623,-0.7595943255621237
63.89,-16.838709677419356,18.0,0.0,-0.0,242.3757339077206,-0.3248169656650046,0.3661932147948561,-0.7595981703225849
63.9,-16.838709677419356,18.0,0.0,-0.0,242.4135422145937,-0.3248170547658804,0.36619309711166603,-0.7596021648882114
63.91,-16.838709677419356,18.0,0.0,-0.0,242.45135052190906,-0.32481712737217694,0.36619299770266855,-0.7596062813386215
63.92,-16.838709677419356,18.0,0.0,-0.0,242.48915882963843,-0.32481718470817644,0.3661929152798715,-0.7596104938304521
63.93,-16.838709677419356,18.0,0.0,-0.0,242.5269671377545,-0.3248172279429611,0.3661928486100392,-0.7596147785031584
63.94,-16.838709677419356,18.0,0.0,-0.0,242.5647754462311,-0.3248172581911599,0.3661927965142131,-0.7596191133865634
63.95,-16.838709677419356,18.0,0.0,-0.0,242.60258375504307,-0.3248172765138393,0.36619275786707384,-0.7596234783095217
63.96,-16.838709677419356,18.0,0.0,-0.0,242.64039206416635,-0.3248172839194947,0.3661927315961704,-0.7596278548106538
63.97,-16.838709677419356,18.0,0.0,-0.0,242.6782003735779,-0.3248172813651491,0.36619271668102615,-0.759632226050749
63.98,-16.838709677419356,18.0,0.0,-0.0,242.71600868325575,-0.32481726975753866,0.36619271215213733,-0.7596365767272933
63.99,-16.838709677419356,18.0,0.0,-0.0,242.7538169931789,-0.3248172499543682,0.3661927170898802,-0.7596408929911911
64.0,-16.838709677419356,18.0,0.0,-0.0,242.79162530332738,-0.3248172227656365,0.366192730623335,-0.7596451623656981
64.01,0.0,0.0,0.0,-0.0,242.82655018748946,1.0304511929376472,-1.0859967872845917,-0.7836220495970484
